time,open,high,low,close
1771196400,25296.75,25341.75,25273,25282.25
1771196700,25283,25287,25261.5,25277.5
1771197000,25277.75,25307,25276.5,25307
1771197300,25305.5,25332.75,25302,25328
1771197600,25329.25,25332,25311,25326.5
1771197900,25327,25337,25322,25325
1771198200,25325.75,25337.75,25310.5,25313
1771198500,25315,25327,25303.5,25308.5
1771198800,25310.5,25329,25310.5,25324
1771199100,25326.5,25327,25311.5,25315.75
1771199400,25319.75,25327,25300.25,25315.75
1771199700,25315.75,25345.75,25305.5,25343.25
1771200000,25338.75,25350,25317.75,25323.75
1771200300,25321.5,25353.75,25317.5,25346.5
1771200600,25346.25,25354.75,25340.5,25347.25
1771200900,25349,25354,25342.75,25343.5
1771201200,25343.25,25346.75,25335.75,25336.75
1771201500,25336,25351,25332.75,25347.25
1771201800,25345.75,25352.25,25343.5,25348.25
1771202100,25346.75,25356.25,25341.5,25350.25
1771202400,25349,25353,25339,25340
1771202700,25339.25,25350.25,25337.5,25343.75
1771203000,25345,25355,25341.25,25350
1771203300,25352,25354.25,25334.25,25341.25
1771203600,25342,25344.25,25329.25,25339
1771203900,25339.25,25354,25339,25345.25
1771204200,25344.5,25350.5,25338.75,25340.25
1771204500,25339.5,25346.25,25338.75,25344.25
1771204800,25343.75,25345,25339.25,25343.75
1771205100,25343.5,25350,25340,25342.25
1771205400,25342.25,25346.5,25340,25345
1771205700,25344,25344,25338.75,25339.25
1771206000,25339,25350,25334.75,25344.75
1771206300,25343.5,25360.5,25338.75,25354.75
1771206600,25356,25366.5,25349,25364.75
1771206900,25365.25,25375.75,25363,25368
1771207200,25367.5,25379.25,25362.25,25379.25
1771207500,25378,25379.5,25355.5,25356.5
1771207800,25355.5,25355.5,25345.25,25354.25
1771208100,25353.25,25360.75,25351.25,25354.25
1771208400,25353.25,25360.5,25348.75,25358.25
1771208700,25360,25360.5,25348.25,25351.25
1771209000,25352,25357.5,25347,25348.75
1771209300,25350,25354.25,25345.5,25349.25
1771209600,25348.75,25353.75,25345,25350.25
1771209900,25349,25351.5,25345.5,25347
1771210200,25346.25,25346.25,25335,25337.25
1771210500,25336.75,25341.25,25334.5,25339
1771210800,25339.75,25342.5,25330.5,25335.5
1771211100,25334.25,25342.25,25332.75,25337.5
1771211400,25338.75,25341,25335.75,25337
1771211700,25337.25,25339.5,25333,25334.75
1771212000,25334,25343.5,25332.25,25339
1771212300,25339.75,25340.25,25322,25324.5
1771212600,25324,25327.5,25316,25322
1771212900,25322.25,25325.5,25318,25323.25
1771213200,25320.25,25321.75,25315.25,25321.75
1771213500,25322.25,25323.25,25319,25321.5
1771213800,25320.75,25330.75,25319.5,25326.5
1771214100,25326.25,25332.25,25326.25,25330.5
1771214400,25331.25,25345.75,25329.5,25343
1771214700,25343.25,25345.25,25331,25331.75
1771215000,25332.25,25337.5,25330.5,25335.5
1771215300,25336,25336.5,25330.25,25335
1771215600,25334.75,25335,25327,25332.75
1771215900,25332.5,25346.75,25331.5,25343.75
1771216200,25344,25347,25340.5,25341
1771216500,25340.5,25342,25335.75,25336.5
1771216800,25336,25339.5,25329.75,25333.25
1771217100,25331.75,25333,25328.25,25330.25
1771217400,25329.75,25341,25329.75,25338.5
1771217700,25338.75,25339.25,25332.5,25332.5
1771218000,25332.25,25333.5,25326,25327.5
1771218300,25326,25330.5,25320.75,25329.75
1771218600,25328.5,25333.25,25325,25332.25
1771218900,25333.75,25335,25324,25330
1771219200,25328.5,25333,25328.25,25330.75
1771219500,25331.5,25334.25,25330.25,25333.75
1771219800,25333,25334.5,25325.25,25325.25
1771220100,25326,25328.75,25316.25,25317
1771220400,25318,25319.75,25301.25,25305.25
1771220700,25304.25,25309.25,25301.25,25304.25
1771221000,25304.5,25314,25304.5,25311.5
1771221300,25312.25,25320,25310.25,25318
1771221600,25318,25321.25,25312.75,25320.25
1771221900,25320.25,25326,25315.5,25316.75
1771222200,25316.5,25320,25313.5,25318.25
1771222500,25319,25319.25,25311.75,25312.25
1771222800,25312.75,25313.5,25300.75,25310.5
1771223100,25310,25321,25306.75,25318.5
1771223400,25316.75,25322.25,25308,25309
1771223700,25306.5,25316.5,25306.5,25315.5
1771224000,25315.5,25328.25,25313.75,25326.5
1771224300,25327,25334.25,25323.75,25332
1771224600,25332,25332.5,25327,25330.75
1771224900,25330,25334,25328.5,25330.75
1771225200,25329.25,25351.25,25328.5,25351.25
1771225500,25351,25359.25,25347.5,25357.25
1771225800,25358.25,25366,25356.25,25364.75
1771226100,25366,25369.5,25356,25356
1771226400,25357.25,25362,25350,25358.75
1771226700,25359.25,25371,25359.25,25360.25
1771227000,25360.5,25367.75,25354.25,25365
1771227300,25366.5,25381,25366.5,25371.25
1771227600,25372.5,25375,25368.5,25374.75
1771227900,25375,25376.75,25367,25372.5
1771228200,25371,25372.25,25368.5,25369.25
1771228500,25370.5,25370.5,25362.75,25368.5
1771228800,25369.25,25374,25348,25364.25
1771229100,25363,25390.25,25359.75,25390.25
1771229400,25390,25391.25,25368,25374.5
1771229700,25374,25392.25,25371.5,25390.75
1771230000,25389.75,25404.5,25382,25388.75
1771230300,25388.75,25391,25375.25,25381
1771230600,25380.75,25387,25369,25374.25
1771230900,25373.5,25376.75,25359.75,25370.25
1771231200,25372.5,25389.75,25369,25388.75
1771231500,25387.75,25411,25385.75,25396.25
1771231800,25396.5,25404.25,25387.75,25401.5
1771232100,25400.5,25406,25397.75,25401.75
1771232400,25402.75,25410.75,25395,25408.5
1771232700,25408,25410.25,25403.5,25405.5
1771233000,25405.75,25408.25,25400,25406.25
1771233300,25407,25409.25,25399.75,25409.25
1771233600,25409,25409,25401.5,25406
1771233900,25407.25,25429.25,25406.25,25417.75
1771234200,25416,25422.5,25414.75,25421.75
1771234500,25421.75,25426,25418,25420.5
1771234800,25420,25421.5,25415,25416.25
1771235100,25416.75,25424,25413.5,25422
1771235400,25421.25,25423.5,25419,25420
1771235700,25419.5,25422.25,25415,25418.25
1771236000,25416.75,25418.5,25401.75,25402.5
1771236300,25402.5,25407.5,25397,25397
1771236600,25398.25,25401.75,25388.5,25397.75
1771236900,25397,25397.75,25386,25394.25
1771237200,25394,25401,25392,25396.5
1771237500,25395,25396,25391.5,25392.5
1771237800,25393.75,25393.75,25378,25391.75
1771238100,25390.5,25395.75,25384.75,25387.25
1771238400,25387.25,25405,25385,25402
1771238700,25403,25406.75,25390,25394.75
1771239000,25395.5,25398.75,25385.75,25389.25
1771239300,25389.75,25392.5,25375.25,25385.25
1771239600,25385.5,25386.25,25368,25371.25
1771239900,25369.75,25374.5,25358,25358.25
1771240200,25357.5,25367,25349.5,25366.5
1771240500,25365.5,25372.5,25361,25370
1771240800,25369.25,25372,25359.25,25370.25
1771241100,25369,25380,25369,25376
1771241400,25376,25378,25362.25,25362.25
1771241700,25361,25377.5,25358,25377.5
1771242000,25378.5,25379.75,25372,25374.5
1771242300,25374.25,25374.5,25367,25371.25
1771242600,25371.5,25381.75,25370.5,25379
1771242900,25378.75,25378.75,25368,25370.25
1771243200,25370.25,25371,25356,25359.75
1771243500,25359,25368.75,25356.5,25367
1771243800,25367.25,25367.5,25359,25365.5
1771244100,25365.25,25365.5,25354.75,25365.5
1771244400,25365.25,25370.75,25360.5,25370.5
1771244700,25371.5,25387.5,25368.5,25384.75
1771245000,25384.5,25384.5,25365,25374
1771245300,25372.75,25381.25,25363,25379.75
1771245600,25378.75,25378.75,25360,25362
1771245900,25362,25372.75,25359.25,25371
1771246200,25372,25377.5,25369,25369.25
1771246500,25368,25377.75,25368,25376.5
1771246800,25376.75,25378.5,25364.5,25370
1771247100,25369.25,25371.25,25360.75,25364.5
1771247400,25363.5,25375,25363.5,25366.25
1771247700,25366,25371.5,25363,25369.5
1771248000,25369.5,25373.75,25363.75,25365
1771248300,25363.25,25373,25363.25,25371.5
1771248600,25370,25382.75,25369.75,25380.25
1771248900,25380.25,25380.5,25368.5,25371.5
1771249200,25370.75,25373,25359.75,25366.75
1771249500,25367.75,25371.5,25354.75,25359.25
1771249800,25359,25361,25353.25,25355.5
1771250100,25355.25,25361.25,25351.25,25351.25
1771250400,25351.25,25351.25,25333,25334
1771250700,25333.75,25339.5,25323.75,25325
1771251000,25324.75,25324.75,25290.25,25291
1771251300,25291,25299,25274.75,25287.5
1771251600,25286.75,25291.75,25269.25,25281.5
1771251900,25283.5,25288.25,25261.75,25271
1771252200,25269.75,25283.5,25253,25264.5
1771252500,25263.75,25276.5,25237,25238
1771252800,25239.5,25252.5,25218.5,25230.25
1771253100,25230.5,25238,25199.75,25234.25
1771253400,25236,25266,25235.75,25261
1771253700,25261.25,25289.75,25260.25,25275
1771254000,25275,25298.5,25274,25294
1771254300,25294.75,25304.5,25281.75,25290.25
1771254600,25291.25,25291.75,25262.75,25264.75
1771254900,25264.75,25279,25246.75,25251.75
1771255200,25252.25,25259.25,25227.5,25236.5
1771255500,25236.25,25236.75,25216.75,25216.75
1771255800,25216,25230,25191,25202
1771256100,25201.5,25209.25,25189.75,25205.75
1771256400,25206.5,25218.75,25189.75,25193
1771256700,25193.25,25225,25185.5,25222
1771257000,25223.25,25238.5,25218.75,25221.5
1771257300,25222,25223,25195,25199.25
1771257600,25199.25,25211.5,25190.75,25207
1771257900,25207.75,25243.5,25205,25240.5
1771258200,25239.75,25259.25,25239.25,25258.5
1771258500,25259,25260.5,25210.75,25215.25
1771258800,25214.25,25224.25,25207,25210
1771259100,25210.5,25237.5,25204,25234.5
1771259400,25234.5,25248.75,25220.75,25223.75
1771259700,25222.25,25223.25,25177.75,25180.25
1771260000,25180,25211.25,25178.25,25208.5
1771260300,25210.5,25235.5,25204.5,25231.5
1771260600,25233,25240.75,25226.5,25229.5
1771260900,25229.25,25236.25,25222,25235.75
1771261200,25235,25247.25,25230.25,25242.75
1771261500,25243,25248.5,25220.5,25227
1771261800,25227,25237.75,25225,25232.5
1771262100,25232,25234,25224.25,25230.5
1771262400,25229,25239,25226.25,25231
1771262700,25231.5,25253,25227,25250.25
1771263000,25251,25272.5,25250.75,25261.5
1771263300,25262.75,25267.25,25253.25,25263.75
1771263600,25264.75,25265.75,25257.5,25264.25
1771263900,25265.75,25270.25,25252.75,25265.5
1771264200,25266.5,25277.75,25254,25257
1771264500,25259.25,25262,25241.75,25254.25
1771282800,25253.25,25279.25,25246,25254.25
1771283100,25254.75,25279.25,25254.25,25271
1771283400,25273.5,25288.5,25273.5,25282
1771283700,25282,25288.75,25274.5,25281.25
1771284000,25283,25286.25,25274.5,25278.25
1771284300,25278.5,25286,25274.75,25284.75
1771284600,25284.5,25312,25284.5,25308.5
1771284900,25310,25324,25310,25319.25
1771285200,25319.25,25322.5,25315.25,25317.75
1771285500,25319,25335,25309.25,25334.5
1771285800,25334.25,25349.5,25327,25334
1771286100,25333.5,25333.5,25316.5,25324.75
1771286400,25325.75,25335,25312.75,25329.75
1771286700,25327.75,25327.75,25291,25317
1771287000,25315.25,25324,25308,25313.25
1771287300,25313.25,25338.75,25304,25312.5
1771287600,25312.5,25341.75,25306.25,25330.75
1771287900,25330,25338,25324.25,25333.25
1771288200,25331.75,25337,25323.75,25330
1771288500,25329.25,25331.25,25320.25,25329.75
1771288800,25327.5,25330.5,25298.75,25312.5
1771289100,25313.5,25315.5,25302.5,25307.5
1771289400,25310,25314.25,25292.75,25298
1771289700,25297,25303.5,25281.25,25295.25
1771290000,25297.5,25315,25295,25300.75
1771290300,25302,25322.75,25301.75,25318
1771290600,25319.5,25331.25,25319.5,25326.25
1771290900,25326.5,25329.75,25316.25,25323
1771291200,25323.75,25328.75,25313.5,25314.75
1771291500,25314,25315.5,25284.25,25289.25
1771291800,25289.75,25298.5,25279.5,25289.5
1771292100,25289.5,25304,25286.75,25288.25
1771292400,25288,25293.25,25270.75,25281.25
1771292700,25282.75,25287,25259.25,25265
1771293000,25264.75,25268,25188.25,25196.75
1771293300,25196,25202,25158,25176
1771293600,25173.5,25187.25,25137.25,25147
1771293900,25147.5,25159,25124.5,25156.75
1771294200,25154.25,25179.75,25154,25175.5
1771294500,25175.75,25181,25158.75,25167.75
1771294800,25167,25193,25161.75,25189
1771295100,25188.75,25191.5,25176.75,25182
1771295400,25182.5,25188.5,25168.25,25171.5
1771295700,25172.25,25179.75,25164.25,25172.75
1771296000,25173.25,25191.25,25169.5,25182
1771296300,25181.5,25182.5,25158.75,25164
1771296600,25164.5,25181.5,25160.75,25172.75
1771296900,25174.5,25186.25,25168.25,25169
1771297200,25169,25172.5,25130,25131.75
1771297500,25133,25143,25108,25132
1771297800,25130.5,25138.5,25101.75,25123
1771298100,25124,25136.75,25117,25130.75
1771298400,25131.75,25149.5,25128,25132
1771298700,25132.25,25134.5,25123,25130
1771299000,25129,25129.5,25102,25103.5
1771299300,25103,25115.25,25088.5,25094
1771299600,25094.75,25116,25080.25,25113.25
1771299900,25114.75,25117.25,25095.25,25097
1771300200,25097.75,25115.5,25091.25,25113.75
1771300500,25113.25,25120,25108.75,25116.25
1771300800,25118,25129,25114,25119.5
1771301100,25121.25,25127.75,25113.75,25126
1771301400,25126.25,25137,25124.5,25127.25
1771301700,25126,25127.5,25116,25125.25
1771302000,25126,25133.25,25120.75,25124.75
1771302300,25125.75,25134.75,25121.75,25131.25
1771302600,25131.25,25132,25100,25107.75
1771302900,25108.5,25118.75,25108.5,25113.5
1771303200,25115,25119.5,25109.75,25115.75
1771303500,25117,25127.5,25115.75,25121
1771303800,25121.25,25126.75,25116.5,25122
1771304100,25122,25131.75,25121.25,25130.5
1771304400,25130.75,25133,25116.5,25120.5
1771304700,25119.5,25120,25112,25119.5
1771305000,25118.5,25124,25106.25,25107.75
1771305300,25107.75,25111.25,25090.5,25091.75
1771305600,25093.25,25111.25,25074.5,25098
1771305900,25098,25109,25093.75,25105.5
1771306200,25107.25,25109.5,25080,25083
1771306500,25082.75,25092.5,25065.25,25087
1771306800,25088,25108.75,25082,25105.25
1771307100,25107,25118.25,25102.75,25116.5
1771307400,25117.5,25118,25086.75,25088.25
1771307700,25087,25102,25082,25089.75
1771308000,25089.75,25108,25089.75,25104.25
1771308300,25103.75,25129,25101.75,25127
1771308600,25127.5,25140.75,25123.5,25127
1771308900,25128.25,25132.75,25121,25127.25
1771309200,25128.5,25128.5,25116.5,25118.75
1771309500,25117.75,25122,25114.5,25117.25
1771309800,25117.25,25120.75,25109,25111.75
1771310100,25113.75,25126.5,25113.25,25123
1771310400,25124.75,25146,25124.75,25136.25
1771310700,25136.5,25148,25126.75,25131
1771311000,25130.75,25141.5,25127.25,25138.5
1771311300,25138.75,25143.75,25133,25134.25
1771311600,25135,25137.25,25114.25,25118.5
1771311900,25118,25118.75,25103.5,25109.75
1771312200,25109,25119,25106.75,25107.5
1771312500,25107,25119.5,25102.75,25112.75
1771312800,25112.75,25121.25,25106.75,25119.5
1771313100,25120,25123.25,25091.5,25098.5
1771313400,25101.75,25110.75,25091,25097.75
1771313700,25098.25,25137.25,25097.25,25137
1771314000,25136.5,25142,25129.75,25135
1771314300,25135,25154.5,25129.25,25136
1771314600,25137.75,25165.75,25137.75,25163
1771314900,25162.5,25170.75,25159.25,25167
1771315200,25166.75,25227,25158.5,25210.25
1771315500,25209.5,25215.25,25196.75,25214.25
1771315800,25213,25233.75,25204.5,25212.25
1771316100,25212,25213,25188.5,25193.25
1771316400,25192.5,25210.25,25183.5,25192.75
1771316700,25191.5,25197,25181.25,25193.5
1771317000,25193.25,25197,25167.75,25169.75
1771317300,25171.25,25178.5,25157.75,25157.75
1771317600,25158,25161,25143.5,25149.25
1771317900,25149.5,25160.75,25143.25,25155.75
1771318200,25157.5,25159.75,25135,25145
1771318500,25144.75,25155,25130.75,25146.5
1771318800,25148.25,25187,25148.25,25183.75
1771319100,25185.5,25186,25161.5,25168
1771319400,25167,25169,25143.75,25152.5
1771319700,25148.75,25171,25144,25170
1771320000,25170.75,25175.5,25154.5,25169.75
1771320300,25172.75,25180,25168.5,25178
1771320600,25180,25193,25174.25,25180.5
1771320900,25181.75,25200.75,25181.5,25192.25
1771321200,25191.25,25193,25184,25189.5
1771321500,25191.25,25196,25179,25190
1771321800,25189.75,25197,25184.75,25194.5
1771322100,25197.25,25202.5,25189.5,25193.75
1771322400,25194.5,25204.5,25191.5,25193.5
1771322700,25193.75,25197.5,25181.75,25185.5
1771323000,25182.5,25182.5,25165.25,25168.5
1771323300,25170.25,25173,25154,25168.75
1771323600,25169.75,25175.75,25163.25,25168.5
1771323900,25168.75,25171,25163.5,25168.5
1771324200,25168,25168,25139,25150.75
1771324500,25150,25150.25,25133,25135.5
1771324800,25133,25137.5,25109.25,25115.25
1771325100,25114.25,25131.5,25109.25,25118.25
1771325400,25117.5,25117.5,25097,25116.25
1771325700,25116,25121.25,25107,25114.5
1771326000,25113.75,25130,25112.75,25122
1771326300,25121.5,25123,25096.25,25100.5
1771326600,25100.25,25115.25,25093,25106.75
1771326900,25106.75,25109,25094.5,25095.25
1771327200,25094.75,25108,25083.5,25090.75
1771327500,25091.5,25126.25,25079.25,25125.75
1771327800,25125.75,25136.75,25117.5,25119
1771328100,25118.25,25131,25107.25,25128.75
1771328400,25129.25,25135.75,25114.5,25119
1771328700,25119,25127.25,25113.75,25126
1771329000,25124.25,25137.25,25120.5,25130
1771329300,25131.25,25145,25124.75,25130.75
1771329600,25129.75,25139.5,25116.25,25128.25
1771329900,25127,25172.75,25124.75,25169.75
1771330200,25171.25,25173.75,25150.75,25158
1771330500,25159.75,25166.75,25146.5,25147.5
1771330800,25147.25,25148.25,25126,25133
1771331100,25132.25,25149.75,25123.5,25126
1771331400,25127.25,25128,25105,25121.75
1771331700,25122.75,25127,25109.5,25110
1771332000,25108.75,25118,25103.75,25114
1771332300,25114.5,25117.25,25086,25095.25
1771332600,25093,25106.75,25084.75,25103
1771332900,25102,25111.75,25090.5,25091.5
1771333200,25091.25,25097.75,25073,25073.5
1771333500,25072.5,25074.75,25052.25,25058
1771333800,25058.25,25062.25,25025,25055.75
1771334100,25056,25070,25042,25061.75
1771334400,25060.5,25121.5,25058.25,25119.75
1771334700,25118.75,25129.5,25103.75,25112
1771335000,25114.75,25117.5,25084,25090
1771335300,25089,25104.75,25085.75,25098.5
1771335600,25098,25112.5,25097,25107.5
1771335900,25109,25117.25,25085.5,25085.5
1771336200,25086.5,25212.25,25085,25171.5
1771336500,25172,25174,25118,25119
1771336800,25120,25160,25118.5,25154.75
1771337100,25154.75,25172.75,25150.5,25162.75
1771337400,25163.25,25178.25,25149,25157.5
1771337700,25158.25,25167,25150.5,25161.75
1771338000,25161.5,25176.5,25149.75,25153.5
1771338300,25153.5,25165.75,25140,25165.25
1771338600,25166.25,25270.75,25112.75,25265.25
1771338900,25264.75,25322.75,25249.5,25305
1771339200,25303.75,25317,25192.75,25207.75
1771339500,25208.25,25218.5,25128,25169.5
1771339800,25168,25184.25,25031.5,25038.5
1771340100,25038.75,25056.25,24982,24992.75
1771340400,24990.75,25073.25,24969.25,25062
1771340700,25061,25078.5,25014,25017.25
1771341000,25020.25,25050.5,24983,25005.75
1771341300,25006.25,25148,25002.5,25140.25
1771341600,25141.5,25147,25038.75,25051
1771341900,25051,25069.75,25014.25,25034.5
1771342200,25033,25050.25,24956.25,24971
1771342500,24972,25015.25,24962.25,24964.25
1771342800,24965.75,25020,24963,25018.25
1771343100,25019,25094,25010.75,25077.5
1771343400,25076.25,25106.75,25045.75,25082.5
1771343700,25081,25110.75,25062.25,25107.25
1771344000,25106.25,25173,25100.25,25158.75
1771344300,25159,25239.75,25153.75,25234.25
1771344600,25233.75,25294,25232,25280.75
1771344900,25280.25,25298.75,25253.25,25287.25
1771345200,25287.5,25303.75,25264,25292.5
1771345500,25293,25297,25229.25,25234.75
1771345800,25233.5,25241.75,25200.25,25233.25
1771346100,25233.75,25287,25223.25,25267
1771346400,25267.75,25279,25239.25,25242.25
1771346700,25241.75,25263,25228.75,25235.75
1771347000,25236.5,25269.5,25234.25,25267
1771347300,25268.5,25295,25243.5,25266.25
1771347600,25266,25271.5,25221.25,25249.75
1771347900,25249.5,25270,25234.25,25234.25
1771348200,25235,25246.5,25192.5,25209.75
1771348500,25208.5,25231,25195,25217.25
1771348800,25219.25,25226,25175.5,25208.5
1771349100,25208.5,25263,25203.5,25262
1771349400,25262.75,25266.25,25193.75,25228
1771349700,25227.5,25246,25215,25225.5
1771350000,25226.75,25227,25153.5,25156.5
1771350300,25155.5,25189,25133.25,25172
1771350600,25171.75,25192.25,25115.75,25129
1771350900,25128.25,25213,25121.5,25204.5
1771351200,25205,25211,25172,25189
1771351500,25189.75,25194.75,25161.5,25175.5
1771351800,25177,25203.75,25156.25,25180.25
1771352100,25180.25,25194.75,25158.75,25179.75
1771352400,25179.25,25292.25,25172.5,25272.5
1771352700,25273.25,25285,25242.5,25275.25
1771353000,25275.25,25309,25257.5,25297.75
1771353300,25297,25326.75,25270,25326.25
1771353600,25325.5,25361.75,25322.75,25333
1771353900,25332.75,25346,25319.75,25337.25
1771354200,25337.25,25366,25328.5,25363.5
1771354500,25365,25381.75,25341.25,25352
1771354800,25352.5,25370.5,25342.5,25362.25
1771355100,25362.25,25370.5,25345.25,25354.5
1771355400,25354.75,25360.25,25333.5,25358.75
1771355700,25358.25,25367.75,25344,25352.5
1771356000,25352.75,25374.25,25343.5,25369
1771356300,25369.25,25370.75,25339,25343.25
1771356600,25343.5,25376.75,25335.75,25376.75
1771356900,25377,25393.5,25365.25,25377.75
1771357200,25378.25,25396.75,25372.75,25380
1771357500,25379.5,25382.5,25360.25,25364.75
1771357800,25365.25,25366.25,25327.5,25343.5
1771358100,25340.5,25347.5,25314.75,25322
1771358400,25322,25348.75,25317.5,25331
1771358700,25330.5,25335.5,25310.25,25315.5
1771359000,25315.75,25322,25302,25318.75
1771359300,25319,25325.25,25294.75,25295.75
1771359600,25295.5,25311.5,25276.25,25281.75
1771359900,25282.25,25296,25272.75,25280.5
1771360200,25280,25282,25249.5,25263.25
1771360500,25263.75,25274.5,25242.75,25249.25
1771360800,25249.75,25302.75,25248,25289.25
1771361100,25289.25,25293,25264.75,25270.75
1771361400,25271.75,25293.75,25248.25,25263.25
1771361700,25263.25,25289.25,25246.5,25283.75
1771362000,25283.75,25296.25,25272.5,25287.25
1771362300,25287,25302.25,25274.5,25279.75
1771362600,25279.75,25288.25,25277,25284.5
1771362900,25284.75,25325.5,25284.75,25301.75
1771363200,25301,25310.75,25293.5,25295.5
1771363500,25294.75,25303.5,25292,25296
1771363800,25294,25295.75,25267,25269.5
1771364100,25268.75,25277.75,25262.25,25273.25
1771364400,25274,25278.75,25265.25,25273.75
1771364700,25273.5,25279.5,25269.5,25276.75
1771365000,25276.25,25277,25264.75,25266
1771365300,25266.75,25282,25265.25,25275.25
1771369200,25280.75,25290.25,25249.75,25265
1771369500,25263.25,25275.75,25239.25,25248
1771369800,25247.25,25254,25235,25244
1771370100,25244.5,25266.5,25230.5,25260.75
1771370400,25259.25,25268.75,25254.5,25260
1771370700,25259.5,25265.25,25247.75,25250.5
1771371000,25251.5,25262.5,25228,25233.5
1771371300,25232,25236.25,25220.75,25229
1771371600,25229.25,25243.25,25228.25,25232.5
1771371900,25231.5,25232.5,25207.75,25216.25
1771372200,25216,25233.75,25216,25226.75
1771372500,25225.25,25237,25212.75,25218
1771372800,25218.25,25240.5,25215.5,25234
1771373100,25234.5,25245,25227.5,25243.5
1771373400,25242.5,25257,25237.5,25253
1771373700,25255.5,25261.75,25240,25246.25
1771374000,25245.5,25253.25,25229.75,25231.25
1771374300,25231.25,25245.75,25218.25,25245.75
1771374600,25246.75,25253.75,25236.25,25252.5
1771374900,25253.25,25259.75,25248.75,25255
1771375200,25257.25,25259.75,25241.75,25242.75
1771375500,25243.25,25245.5,25227.75,25236
1771375800,25235.25,25236.25,25221,25227.25
1771376100,25227.25,25237.5,25223,25234
1771376400,25231.75,25239,25223,25224.5
1771376700,25223.5,25233.75,25216.5,25225.5
1771377000,25222.75,25229.75,25217.75,25225.5
1771377300,25224.5,25237,25224.25,25235.5
1771377600,25236.75,25249,25231.5,25231.5
1771377900,25232,25235,25220.5,25225.25
1771378200,25228,25231.5,25218.25,25225
1771378500,25225.25,25232,25216.5,25231.75
1771378800,25231.75,25239,25228.5,25237
1771379100,25237.25,25238.75,25228.5,25231.75
1771379400,25231.75,25237,25225,25227.5
1771379700,25226.5,25253.25,25223.75,25251.5
1771380000,25252.75,25259,25249.75,25256.5
1771380300,25257.25,25265.5,25251.25,25264.75
1771380600,25265.25,25269,25255.75,25263.25
1771380900,25263.5,25268.25,25253.5,25254.25
1771381200,25254.25,25257,25248.5,25248.5
1771381500,25249,25259,25243,25256.25
1771381800,25256.25,25268.75,25256.25,25264
1771382100,25265.25,25274.75,25264.5,25272.75
1771382400,25272.5,25276.75,25271.5,25271.5
1771382700,25271.5,25277.75,25270.75,25273
1771383000,25272,25272.5,25263,25267.75
1771383300,25266,25268.5,25261,25265
1771383600,25265.75,25274.75,25265,25273.5
1771383900,25274.75,25277,25262.25,25262.25
1771384200,25263,25263,25250.5,25254
1771384500,25254.5,25254.5,25243.5,25250.25
1771384800,25250.5,25254.75,25244.75,25249.5
1771385100,25251.25,25257,25245.75,25254.5
1771385400,25254.75,25270.5,25253,25269.25
1771385700,25269.75,25276.5,25267.5,25271.5
1771386000,25270,25275.5,25269.5,25272.5
1771386300,25272.75,25284.75,25272.25,25283
1771386600,25282.75,25295.75,25282.75,25295
1771386900,25294.5,25305.75,25292,25301.25
1771387200,25301,25303.5,25290.25,25299
1771387500,25298.75,25320,25297.25,25318.75
1771387800,25318.5,25321,25306.75,25309.75
1771388100,25310.5,25315,25303.75,25311
1771388400,25310.5,25318,25310,25314.25
1771388700,25315,25325.25,25314.25,25320.5
1771389000,25319.75,25337.25,25318,25335
1771389300,25334.25,25340.25,25330.5,25338.5
1771389600,25339,25347,25335.25,25343.75
1771389900,25344.5,25345.75,25334.25,25342
1771390200,25342.75,25344,25335.5,25335.5
1771390500,25336,25344.75,25335,25343.25
1771390800,25342,25345,25335.75,25340
1771391100,25339.75,25340,25330.25,25339.5
1771391400,25339.25,25341,25332.25,25340.75
1771391700,25340,25347,25336.25,25343.5
1771392000,25343.25,25344.5,25339.25,25343.25
1771392300,25342.5,25343.25,25336.5,25337.75
1771392600,25338,25343,25334,25338.75
1771392900,25339,25354,25337.75,25349.75
1771393200,25349.75,25351.75,25336.25,25337.25
1771393500,25337,25340.25,25333.25,25335.75
1771393800,25336,25339.25,25330.25,25331
1771394100,25331.5,25336.25,25327,25332.5
1771394400,25333,25335,25325.75,25330.25
1771394700,25329.75,25336,25327.25,25327.75
1771395000,25328.25,25333.5,25316,25324.75
1771395300,25323.25,25336,25322.5,25327
1771395600,25327.75,25337.75,25327.75,25330.75
1771395900,25330.25,25336.25,25323.25,25331.75
1771396200,25331.75,25334.25,25319.5,25325.75
1771396500,25325.75,25348.25,25323.25,25338.25
1771396800,25338.25,25347,25334.5,25346.5
1771397100,25345.75,25348.5,25336.25,25340.75
1771397400,25342,25353.75,25342,25347.5
1771397700,25348.75,25350.25,25330.5,25330.5
1771398000,25330,25335.75,25326.5,25330.75
1771398300,25333,25335.25,25318,25323.5
1771398600,25322.25,25326.75,25313.5,25319
1771398900,25318,25323,25315.5,25320
1771399200,25320.5,25321.5,25309.75,25309.75
1771399500,25310.25,25330,25309,25329.25
1771399800,25329.25,25337,25326.75,25333.5
1771400100,25334.75,25343.75,25331.75,25341.5
1771400400,25341.25,25346.75,25333.75,25346.75
1771400700,25346.75,25349,25335.25,25336.75
1771401000,25336.5,25343.5,25333,25340
1771401300,25339.5,25342.5,25337,25341.75
1771401600,25340.5,25374,25340.5,25370
1771401900,25372,25380,25363.25,25379.75
1771402200,25379.75,25387,25362,25372.5
1771402500,25372.25,25420,25371,25403.5
1771402800,25402.75,25420.5,25393,25416.75
1771403100,25415.5,25422.25,25397,25402.5
1771403400,25403.5,25413.25,25397,25409
1771403700,25407.75,25423,25405.5,25412.25
1771404000,25412.25,25422,25401.25,25403
1771404300,25404.25,25416.75,25398.75,25400
1771404600,25400,25403.5,25397,25400.5
1771404900,25401.5,25416.25,25400.75,25410.5
1771405200,25410.25,25422.75,25408,25414.75
1771405500,25415.25,25421,25406.75,25418.5
1771405800,25419.5,25433.75,25414.75,25421.75
1771406100,25421.5,25431,25413,25417.5
1771406400,25417,25423.5,25410,25422.5
1771406700,25423,25432.25,25416.25,25426.75
1771407000,25427,25440,25424,25440
1771407300,25438.75,25448.5,25436.25,25446
1771407600,25446,25448,25440.75,25443.25
1771407900,25444,25445,25428.75,25430
1771408200,25430.5,25437,25424.75,25427.5
1771408500,25426,25429.5,25412.5,25416
1771408800,25417,25442,25415,25441.25
1771409100,25442.5,25443.25,25428,25436.25
1771409400,25436.25,25445,25431.5,25438.75
1771409700,25438,25444.75,25432.25,25435
1771410000,25436.25,25439.5,25434,25434.5
1771410300,25435.25,25444.25,25431.5,25440
1771410600,25440.75,25443,25433,25438.5
1771410900,25437.25,25447.5,25434.25,25440.25
1771411200,25440.5,25440.5,25424,25432.5
1771411500,25432.75,25438.75,25430.25,25435
1771411800,25436.25,25436.25,25421.75,25431.5
1771412100,25431.75,25432.25,25420.75,25428.75
1771412400,25428.75,25435,25418.5,25423.5
1771412700,25423,25426,25413.25,25416.25
1771413000,25416.5,25417,25403.5,25410.5
1771413300,25409.5,25416,25409,25414.5
1771413600,25415.75,25433.75,25415.75,25429.5
1771413900,25429,25430,25411.25,25414.5
1771414200,25414.5,25423.5,25396.75,25400.25
1771414500,25400.25,25406.25,25397,25400.25
1771414800,25402,25404.75,25397,25401.75
1771415100,25401.5,25411,25401.5,25408.5
1771415400,25408.25,25412.75,25397.5,25403
1771415700,25404.25,25404.5,25397,25402
1771416000,25401.5,25443.5,25401.25,25437.75
1771416300,25437.75,25463.25,25433.5,25444
1771416600,25443,25467,25441.5,25465
1771416900,25464.75,25469.5,25451,25455.75
1771417200,25455.25,25460.5,25437.5,25440.75
1771417500,25439.5,25441,25406.5,25407.75
1771417800,25409,25410.75,25351,25357
1771418100,25357,25383.25,25354,25381.5
1771418400,25382.25,25396.75,25376,25391.5
1771418700,25391.25,25398,25373,25385.25
1771419000,25384.25,25396.75,25383.25,25386
1771419300,25385,25403.75,25379.75,25396.5
1771419600,25397.5,25406.75,25380.25,25381
1771419900,25380.5,25398,25374.75,25390.25
1771420200,25392.25,25406.5,25392.25,25396.5
1771420500,25396.25,25403.75,25380.5,25383.75
1771420800,25384.75,25395.5,25374,25388.5
1771421100,25387.75,25408.25,25386.75,25402.25
1771421400,25403,25428.75,25387.75,25393
1771421700,25393.5,25402,25379,25379.75
1771422000,25380,25380.75,25341.5,25354.75
1771422300,25356,25361,25331.25,25333.75
1771422600,25332.75,25348.25,25329.25,25331.5
1771422900,25332.25,25341.25,25324.25,25335
1771423200,25335.75,25344.5,25315.5,25341
1771423500,25340.5,25348.75,25337,25344.5
1771423800,25344.75,25349,25331.25,25339.25
1771424100,25339.25,25355.25,25330.25,25344
1771424400,25344.5,25348.75,25337.5,25339.5
1771424700,25340.25,25342,25316,25316
1771425000,25316.5,25340.75,25259,25274.75
1771425300,25276,25345,25262.75,25310.75
1771425600,25311,25375.75,25294.5,25357.5
1771425900,25357.75,25386.75,25299,25309.25
1771426200,25309.5,25401.5,25306.5,25393.5
1771426500,25394,25465.5,25390.5,25447.75
1771426800,25448,25526.5,25444.5,25523.5
1771427100,25523.75,25556.5,25509,25528.25
1771427400,25527.25,25553.25,25504,25549
1771427700,25550,25581,25539.75,25560.25
1771428000,25559.5,25577.5,25547.25,25555.75
1771428300,25556,25577,25543.5,25565
1771428600,25564.25,25566.5,25528.5,25530
1771428900,25529.75,25568,25528.5,25565
1771429200,25564.5,25588.25,25556,25571.75
1771429500,25571.75,25594.5,25561,25579
1771429800,25579.75,25592,25559.25,25591.5
1771430100,25590.25,25606.75,25586.5,25593.75
1771430400,25593.5,25608.25,25589.5,25606.5
1771430700,25606.75,25622.75,25589,25594
1771431000,25593.75,25607.75,25593,25605.25
1771431300,25605.75,25616.75,25590.5,25594
1771431600,25593.5,25605,25584.25,25604.75
1771431900,25604.25,25611,25593,25600.5
1771432200,25601,25624.25,25593.5,25610.5
1771432500,25610.75,25620.75,25605.25,25616.75
1771432800,25617,25620.75,25605.5,25611.25
1771433100,25611.5,25617.75,25594.75,25595.5
1771433400,25595.75,25602.5,25573,25580.75
1771433700,25579.75,25588.75,25564.5,25568.5
1771434000,25568.25,25603,25565.75,25602
1771434300,25602,25635.25,25601.5,25613.75
1771434600,25613.75,25617.75,25580.25,25590.25
1771434900,25590,25620.25,25586.75,25616.5
1771435200,25616,25621.25,25610.5,25612.25
1771435500,25612.25,25612.25,25593.25,25597
1771435800,25596.5,25609.25,25582.25,25586.25
1771436100,25586.25,25597.75,25582.75,25594.25
1771436400,25594.25,25594.5,25576.75,25586.25
1771436700,25586,25600.75,25582.5,25594.5
1771437000,25594.75,25617.75,25594.75,25616
1771437300,25615.25,25621.25,25599.25,25605.25
1771437600,25604.75,25634.25,25603.25,25617
1771437900,25616.5,25619,25596.25,25599.75
1771438200,25599.5,25605.75,25586.5,25590.5
1771438500,25590.5,25599.75,25587,25588.5
1771438800,25588.75,25592.25,25575.75,25578.25
1771439100,25578,25585.25,25558,25570
1771439400,25570.25,25579.75,25553.75,25565.75
1771439700,25566.25,25583.75,25562.5,25569
1771440000,25568.5,25571,25516.5,25536.5
1771440300,25536.25,25555.5,25530.5,25536.75
1771440600,25536.75,25540.25,25488.75,25529.25
1771440900,25528.75,25542.5,25522.25,25534.5
1771441200,25532.75,25543.75,25512.75,25537.25
1771441500,25538,25541,25519,25519.5
1771441800,25520.5,25536.75,25512.25,25515.75
1771442100,25515.5,25521.25,25501,25506.5
1771442400,25506.75,25530.5,25503,25518.25
1771442700,25518.75,25526.5,25492.25,25498.75
1771443000,25499.5,25507.25,25462,25471.5
1771443300,25471.75,25473.75,25420.25,25436
1771443600,25436.25,25454,25422.25,25432.5
1771443900,25433,25458.5,25427,25434
1771444200,25433.5,25436,25409,25413.25
1771444500,25413,25417.25,25369,25390
1771444800,25391,25427.75,25386.25,25409.5
1771445100,25409,25415.75,25392.5,25396
1771445400,25396.5,25400.25,25372,25384
1771445700,25383.75,25396.25,25363,25384.25
1771446000,25384.25,25395.25,25368.5,25395.25
1771446300,25394,25399,25380.75,25382.5
1771446600,25382.5,25424,25377.75,25419.25
1771446900,25419,25443.25,25413.75,25440
1771447200,25440.25,25458.75,25430,25449
1771447500,25449.5,25484.75,25443,25474.75
1771447800,25475,25505,25465,25495.5
1771448100,25495.25,25502.5,25454,25464.5
1771448400,25464.5,25474,25452,25454.25
1771448700,25454,25454.5,25439,25442.75
1771449000,25442.5,25454,25441.75,25451.25
1771449300,25450.75,25451.25,25435.75,25440
1771449600,25439.75,25445.5,25437.25,25441
1771449900,25441.5,25447,25437.25,25445.75
1771450200,25445.25,25449.5,25444,25448.5
1771450500,25448.5,25454.25,25446.75,25452
1771450800,25452,25454.75,25449,25451.25
1771451100,25451,25457.75,25447.5,25447.75
1771451400,25447.25,25448,25433.5,25434.5
1771451700,25434.25,25448.5,25433.75,25443.5
1771455600,25450.5,25483.75,25449.25,25478.75
1771455900,25478.75,25492.75,25477.5,25492.5
1771456200,25491.75,25502,25489.5,25498.25
1771456500,25498.75,25500.75,25480,25480.5
1771456800,25481,25486,25475.5,25477
1771457100,25477.25,25489.5,25473.5,25487.75
1771457400,25489,25496,25482.25,25482.5
1771457700,25484.25,25486.75,25474.75,25479.5
1771458000,25481.25,25481.5,25475.25,25479.5
1771458300,25478,25493,25473.75,25481.75
1771458600,25480.75,25484.5,25474,25483.25
1771458900,25483.5,25485,25469.25,25471.5
1771459200,25471.5,25481,25461.75,25472
1771459500,25471.75,25478,25464.25,25465
1771459800,25465,25470,25450.5,25460.25
1771460100,25461.25,25465.5,25454,25455.5
1771460400,25454.5,25458.5,25434.25,25438.75
1771460700,25438.25,25442,25423.25,25432
1771461000,25434.5,25456.5,25428,25455.5
1771461300,25456.75,25458.25,25446.75,25448.5
1771461600,25449.25,25454.75,25440.5,25440.5
1771461900,25441.75,25453.5,25437.75,25446
1771462200,25446.25,25452,25443.75,25448.75
1771462500,25447,25455.5,25446,25455
1771462800,25453.75,25487.25,25446.75,25484.75
1771463100,25484,25491,25483.25,25489.5
1771463400,25488.75,25501.5,25487.5,25499
1771463700,25496.5,25501.25,25489.75,25489.75
1771464000,25490,25490.5,25470.5,25471.75
1771464300,25471.75,25477.75,25466,25468.5
1771464600,25469,25478.25,25468.5,25475.75
1771464900,25477.5,25478,25444.75,25452
1771465200,25452.25,25463.5,25451.25,25460.25
1771465500,25459.5,25461.25,25451.5,25459.5
1771465800,25458.5,25467,25446.25,25467
1771466100,25467.5,25480.5,25464.75,25479.5
1771466400,25479.75,25485.5,25463.75,25467.5
1771466700,25467.75,25477.25,25460.5,25474.5
1771467000,25475.5,25485,25475,25479
1771467300,25481,25484.5,25476.5,25481.25
1771467600,25481.5,25489.25,25480.75,25482.25
1771467900,25482,25492.25,25477.5,25489.5
1771468200,25490.25,25492.25,25485.5,25489
1771468500,25489.75,25489.75,25477,25483
1771468800,25484.25,25491.75,25483.25,25488.25
1771469100,25488.75,25495.25,25486.5,25492
1771469400,25490,25490.5,25478.5,25480.5
1771469700,25480,25488,25477,25485.75
1771470000,25487,25492.25,25482.5,25492
1771470300,25492.5,25497,25488.25,25489.25
1771470600,25488.75,25496.75,25488.5,25491.25
1771470900,25492,25497,25486,25491.25
1771471200,25492.25,25496.5,25489.5,25496
1771471500,25496,25503.75,25495.5,25502.5
1771471800,25501.5,25506.5,25493.5,25496.75
1771472100,25496.5,25496.5,25482.75,25483
1771472400,25484,25485.5,25477.5,25485.25
1771472700,25485,25485,25475.5,25478.5
1771473000,25478,25481.5,25473,25480
1771473300,25480,25495,25479.5,25491
1771473600,25492.5,25499.75,25491,25495.25
1771473900,25496,25498.25,25489.25,25492.25
1771474200,25493,25496.75,25491,25495.75
1771474500,25494.5,25498.75,25491.25,25497
1771474800,25497,25501.25,25485,25485
1771475100,25485.5,25487.25,25480,25480.5
1771475400,25481,25484.75,25480.25,25482.25
1771475700,25482.5,25490.25,25478.75,25486.5
1771476000,25485.75,25486.75,25476,25480
1771476300,25479.5,25482.25,25467.5,25470.75
1771476600,25472.25,25472.5,25460.5,25469
1771476900,25469.5,25471.25,25461.5,25463
1771477200,25464,25470.5,25461,25466.75
1771477500,25466.75,25466.75,25447.75,25453.75
1771477800,25454,25464.5,25451.25,25463.5
1771478100,25463.5,25475,25462.5,25473
1771478400,25473,25474.5,25461.75,25470.25
1771478700,25470,25482.5,25465,25480.5
1771479000,25480.25,25491.25,25480,25489.5
1771479300,25489.5,25495.25,25488,25489
1771479600,25489.25,25493,25487.5,25490.25
1771479900,25489.5,25512.5,25489.25,25500.75
1771480200,25500.5,25506,25499.5,25501.75
1771480500,25501.25,25505.5,25499.5,25503.5
1771480800,25503,25508.25,25501.25,25506.75
1771481100,25506.5,25511,25495.25,25501.25
1771481400,25501.5,25508.5,25499,25502.25
1771481700,25501.5,25506.75,25496.5,25504
1771482000,25502.75,25504.75,25499.75,25500.75
1771482300,25501,25505.75,25500.75,25505.75
1771482600,25505.25,25523.5,25505.25,25514
1771482900,25514,25517.5,25505,25509
1771483200,25509.25,25520.5,25509,25510.5
1771483500,25510.75,25511.5,25504,25509
1771483800,25510.25,25519,25508.25,25517.5
1771484100,25517.25,25530.5,25514.25,25525.5
1771484400,25526.5,25536,25519,25520.5
1771484700,25519.5,25524.25,25515,25523.75
1771485000,25524.75,25534,25523.5,25533
1771485300,25531.75,25534,25526,25530
1771485600,25529,25544.75,25528.75,25544.5
1771485900,25544.75,25552,25542.5,25548.25
1771486200,25548.25,25550.25,25541.75,25547
1771486500,25547.5,25554.25,25544.75,25545.75
1771486800,25546,25546.25,25530.5,25538
1771487100,25537.75,25544.75,25536,25541.75
1771487400,25541.75,25543.25,25533,25534.75
1771487700,25536.25,25538,25525.25,25527.75
1771488000,25526.75,25532.5,25518.75,25529
1771488300,25529,25544,25524,25544
1771488600,25544,25549.5,25527.5,25539
1771488900,25537.5,25552,25537,25549.5
1771489200,25549.75,25561,25546.75,25550.75
1771489500,25550.75,25555.75,25539,25546.25
1771489800,25547,25556,25531.25,25533.25
1771490100,25532.75,25536,25524,25526.75
1771490400,25526,25528.75,25512,25517.25
1771490700,25516.5,25517.25,25489.25,25495
1771491000,25494,25495.25,25454,25477
1771491300,25476,25478.75,25453,25461.25
1771491600,25462,25480,25450.25,25451
1771491900,25452.75,25474.25,25448.5,25472.5
1771492200,25473,25478.75,25467,25475
1771492500,25473.5,25474,25449,25455
1771492800,25455.25,25479.25,25455.25,25474.25
1771493100,25473.5,25474.25,25435.75,25440.75
1771493400,25441.5,25455.5,25432,25445.75
1771493700,25446,25446.5,25409.75,25415.25
1771494000,25415.75,25425.25,25399.25,25405.25
1771494300,25406.25,25408.5,25357.5,25363.5
1771494600,25365.5,25400.75,25364,25398.75
1771494900,25399.5,25408,25393.25,25401.25
1771495200,25399.5,25409.75,25365.75,25373
1771495500,25372.75,25386.25,25364,25374.25
1771495800,25374.25,25375.5,25343,25345.5
1771496100,25345,25375.75,25343.5,25372.25
1771496400,25371.25,25371.25,25338.25,25351.5
1771496700,25351.25,25364.75,25345.25,25347.25
1771497000,25346.75,25362.5,25332,25361.5
1771497300,25361.5,25366.25,25332.25,25350.5
1771497600,25348.5,25372,25348.25,25366.5
1771497900,25366.5,25377.25,25357,25364.75
1771498200,25366,25367.75,25345.75,25353
1771498500,25352,25362.5,25345,25361.25
1771498800,25362,25365,25343.25,25356
1771499100,25355.25,25372,25348.75,25371
1771499400,25369.75,25385,25369.25,25377.5
1771499700,25378.25,25381.5,25364.75,25368.25
1771500000,25368.75,25382.75,25368.75,25382.75
1771500300,25382.75,25389.75,25379,25381.25
1771500600,25381.5,25392.75,25379.75,25385.5
1771500900,25383.5,25384.5,25368,25374.25
1771501200,25373.25,25385.25,25373,25376
1771501500,25374.5,25382.5,25368,25375
1771501800,25371.75,25380,25350.75,25378
1771502100,25378.75,25388,25369,25385.5
1771502400,25384.75,25387.5,25322,25347
1771502700,25346.75,25369.5,25346,25367.75
1771503000,25368.25,25375.25,25361.75,25367.25
1771503300,25367.25,25374,25355,25365.5
1771503600,25368.25,25382.25,25364.5,25382
1771503900,25381.5,25404,25381.5,25387.75
1771504200,25386.5,25387.5,25376.25,25386.25
1771504500,25386,25391.5,25372.25,25389.5
1771504800,25390.5,25402.5,25387,25398
1771505100,25397.5,25402,25390.75,25396.25
1771505400,25395.75,25396.5,25379.5,25382.75
1771505700,25380.75,25382.5,25374,25375
1771506000,25376,25385,25361.25,25367.25
1771506300,25365.75,25371,25351.75,25356.5
1771506600,25357.25,25365.75,25350.5,25357
1771506900,25357.75,25362.25,25337,25349
1771507200,25348,25353,25322.5,25323.25
1771507500,25323.25,25340.25,25317.5,25338.75
1771507800,25339,25355,25305,25348.75
1771508100,25348.5,25388,25346.75,25371.75
1771508400,25370.75,25377.75,25356.5,25356.5
1771508700,25356,25370.75,25343,25364
1771509000,25363,25387.75,25359,25381.5
1771509300,25382.25,25384.25,25358.25,25360.5
1771509600,25362,25373,25340.5,25343
1771509900,25343.5,25350.25,25335,25339.75
1771510200,25339.25,25361,25335.5,25355.25
1771510500,25355.75,25377.5,25349.5,25374.75
1771510800,25374.5,25381,25371,25374.75
1771511100,25375.5,25379,25337,25340.75
1771511400,25340.75,25390.5,25321,25340.75
1771511700,25341.25,25345,25270,25322
1771512000,25321,25364.5,25280.75,25353
1771512300,25354,25359.5,25284,25331.75
1771512600,25331.5,25394.75,25331,25368
1771512900,25368.5,25427,25366.75,25388.5
1771513200,25387,25463.5,25355.25,25431.75
1771513500,25432,25438.25,25394,25400.75
1771513800,25401.25,25421.75,25369.75,25384.25
1771514100,25384.5,25437.75,25381.25,25408.25
1771514400,25408.25,25428.5,25364.25,25422.75
1771514700,25422.75,25423,25363,25365.5
1771515000,25365.5,25448,25356,25445.25
1771515300,25445.75,25451.5,25412,25427.25
1771515600,25427.5,25443.25,25416.25,25427.25
1771515900,25428,25439.5,25411.5,25426.75
1771516200,25427.5,25427.75,25369.25,25381.25
1771516500,25380.25,25435,25379,25431.25
1771516800,25432,25440.75,25394.25,25399.5
1771517100,25400,25406.25,25359.25,25402.25
1771517400,25402.5,25421,25380,25413.75
1771517700,25414.75,25458.5,25409,25450
1771518000,25450.75,25466.5,25444.5,25452
1771518300,25453,25458,25379.5,25379.75
1771518600,25381.25,25428,25380,25424.25
1771518900,25424.25,25425,25386.5,25399.25
1771519200,25400.25,25404.5,25346.75,25349.75
1771519500,25349,25371.25,25325,25337.25
1771519800,25337.5,25380,25308.25,25375.75
1771520100,25376.5,25379.25,25344,25350.75
1771520400,25351.25,25357.75,25320.5,25330
1771520700,25330,25360,25317,25337.25
1771521000,25336.75,25358.25,25330.25,25352.5
1771521300,25353,25382,25333,25378.5
1771521600,25378.5,25411.75,25368.25,25395.75
1771521900,25394.75,25399.75,25356.5,25367
1771522200,25366,25378,25353.75,25359.75
1771522500,25359.5,25373,25342.75,25356.25
1771522800,25355.75,25373,25345.5,25347
1771523100,25348.75,25350.5,25289.5,25303.75
1771523400,25304.5,25330.75,25277.5,25299.5
1771523700,25297.75,25316.75,25271.75,25287
1771524000,25286.5,25300.75,25274,25279.25
1771524300,25278.75,25313,25278.75,25309.75
1771524600,25308.25,25346.25,25297.25,25338.5
1771524900,25338.25,25340,25277,25279.75
1771525200,25279.25,25292.75,25256,25285.25
1771525500,25284.75,25311.5,25272.5,25295.75
1771525800,25294.5,25310.75,25275.75,25284
1771526100,25283.5,25297.25,25273,25294.5
1771526400,25293.75,25299,25277,25292.75
1771526700,25290.75,25331.5,25290,25323
1771527000,25324.5,25330.25,25306.25,25321
1771527300,25321,25356,25314.5,25349
1771527600,25347.75,25351.25,25327.5,25336
1771527900,25335.25,25353.5,25332.75,25347.5
1771528200,25348,25349.5,25320.75,25330.75
1771528500,25331.25,25348.25,25329,25344.75
1771528800,25344.5,25356.25,25334.75,25352.25
1771529100,25351.75,25355.5,25301.75,25316
1771529400,25315.75,25332.5,25311.75,25324
1771529700,25322.5,25324.75,25266.5,25267.25
1771530000,25267.5,25294,25263,25280.5
1771530300,25280.25,25291.75,25258.5,25273.5
1771530600,25274.5,25296,25268,25283.5
1771530900,25283.25,25299.75,25281.25,25289
1771531200,25288.25,25327.75,25288,25318.25
1771531500,25317.75,25318.5,25295.25,25299.5
1771531800,25301.25,25314,25296.5,25302.25
1771532100,25302.5,25311.5,25284.5,25310.25
1771532400,25310.75,25316.5,25292,25296.25
1771532700,25295.5,25300.25,25287.75,25295.5
1771533000,25294,25324.25,25290,25314.5
1771533300,25314,25320,25305.25,25309.25
1771533600,25309,25320.5,25299.5,25314.75
1771533900,25315.5,25345,25311.75,25339.75
1771534200,25339.25,25348.25,25324.25,25344
1771534500,25343.25,25373,25339.5,25370.5
1771534800,25370.5,25378.5,25360.75,25371.75
1771535100,25372,25376.5,25366.75,25367
1771535400,25366.75,25372,25358.25,25359.75
1771535700,25359,25365,25356.75,25359
1771536000,25358,25377,25338.75,25355.25
1771536300,25355.5,25365.5,25353.5,25355.5
1771536600,25355.75,25355.75,25341.5,25344.25
1771536900,25344.75,25349.5,25343.25,25346
1771537200,25345.75,25350,25336,25336.75
1771537500,25336.25,25342.5,25335.75,25342.5
1771537800,25342.25,25346.5,25337,25339.75
1771538100,25339.75,25348,25339.75,25343
1771542000,25344.75,25353,25333,25348.5
1771542300,25349.25,25360,25346,25356.25
1771542600,25357.25,25358.25,25339.5,25351.5
1771542900,25352.25,25369,25352.25,25361.75
1771543200,25362.5,25366,25359.75,25363
1771543500,25361.75,25374.25,25361.75,25366.5
1771543800,25367.25,25383.75,25366,25383
1771544100,25382,25396.25,25380.25,25386
1771544400,25385.5,25388,25379.25,25379.25
1771544700,25379.25,25392.25,25378,25387
1771545000,25385.75,25388.5,25372.25,25377.75
1771545300,25377.75,25387,25376,25384.25
1771545600,25385.25,25393,25365.5,25388.75
1771545900,25389.25,25394.5,25380,25384.25
1771546200,25383.5,25401,25380.75,25396.75
1771546500,25394.5,25399.75,25375.75,25379.25
1771546800,25377,25386,25366,25372.25
1771547100,25374,25403.5,25374,25397
1771547400,25396.5,25419.5,25396.5,25413.5
1771547700,25413.5,25413.5,25396.25,25404
1771548000,25403.25,25407,25400,25404.75
1771548300,25404.5,25415.25,25404.5,25409.5
1771548600,25409,25413.75,25408,25411.25
1771548900,25411.25,25414,25405,25408
1771549200,25408.5,25417,25404.75,25412.25
1771549500,25411.25,25424.25,25410.5,25413.5
1771549800,25412.75,25443,25411.75,25440
1771550100,25438,25438.5,25413.75,25421.25
1771550400,25423.75,25433.5,25422,25429.75
1771550700,25430.5,25432,25418.5,25428.75
1771551000,25424,25432.75,25420.5,25426
1771551300,25424.75,25427.5,25417,25417.75
1771551600,25418.75,25419.75,25405.25,25407.5
1771551900,25407,25410.5,25400,25401
1771552200,25401,25421.5,25399,25417.5
1771552500,25414.75,25426,25411.5,25413.75
1771552800,25415.25,25440.5,25414.25,25438.75
1771553100,25439.5,25441,25421.5,25424
1771553400,25423.75,25424.25,25398.75,25400.75
1771553700,25401.25,25408.75,25391.75,25399.25
1771554000,25400.25,25402.25,25393.5,25399.25
1771554300,25397.5,25398.75,25391.25,25395.5
1771554600,25396.75,25409,25396.5,25403
1771554900,25403.75,25414.5,25400.75,25407.5
1771555200,25407.5,25411.25,25395.5,25396.75
1771555500,25396.75,25400,25385,25397
1771555800,25397.5,25406.75,25395.5,25402
1771556100,25401.25,25409.25,25401.25,25404
1771556400,25404.75,25415.75,25402,25408.5
1771556700,25407.5,25410.75,25401.25,25406.25
1771557000,25406.25,25413.25,25406.25,25411.5
1771557300,25412.75,25414.75,25408.75,25413
1771557600,25414,25417.25,25412.75,25416.75
1771557900,25417,25418,25407,25409
1771558200,25409.5,25413,25406,25410.75
1771558500,25411.25,25411.75,25403.75,25406
1771558800,25405.25,25405.25,25396,25397.5
1771559100,25397.5,25408.25,25396.25,25408.25
1771559400,25407.25,25409.75,25401.5,25402.5
1771559700,25403.5,25403.5,25395.25,25398
1771560000,25396.25,25401.75,25392.5,25398
1771560300,25399,25419.5,25399,25415.75
1771560600,25414.75,25419.25,25411.75,25419
1771560900,25419.5,25420.75,25404,25405.25
1771561200,25404.25,25407.25,25400.25,25405.5
1771561500,25404.5,25410.5,25404,25410.5
1771561800,25410,25410,25405,25407
1771562100,25406.25,25406.75,25400.5,25401
1771562400,25402,25410.25,25400.25,25409
1771562700,25409.75,25416,25406,25407.75
1771563000,25407.75,25409,25404,25406
1771563300,25406.75,25409,25403.75,25407.75
1771563600,25410,25422.75,25408,25419.25
1771563900,25419,25423.25,25414.25,25421
1771564200,25420.25,25422.75,25413.25,25414.5
1771564500,25414.75,25416.5,25411.75,25415
1771564800,25416,25432,25416,25429.5
1771565100,25430.25,25433,25429.5,25432.25
1771565400,25433,25450,25432,25448.5
1771565700,25449.75,25453.25,25440.25,25440.75
1771566000,25441.5,25443.75,25434.5,25443.5
1771566300,25443.25,25446.25,25439.5,25445.75
1771566600,25445.25,25450.5,25445,25447
1771566900,25448,25455.5,25446.5,25450
1771567200,25451,25454.5,25447,25450.5
1771567500,25450.25,25455,25447,25453.5
1771567800,25454.5,25460.75,25452,25460.25
1771568100,25460,25463,25457.25,25457.25
1771568400,25457.25,25457.25,25450.75,25455
1771568700,25454.5,25457.25,25451.75,25452.25
1771569000,25451.5,25452.25,25442.25,25443
1771569300,25443.25,25452,25440.25,25444.25
1771569600,25444.5,25445.75,25442,25444
1771569900,25443.75,25447,25439.5,25442
1771570200,25440.5,25447.5,25437.75,25447.5
1771570500,25446.5,25451.25,25444.25,25450
1771570800,25449.75,25456,25445,25449.25
1771571100,25448.75,25461.5,25448.25,25457.5
1771571400,25458.5,25459,25448.75,25455
1771571700,25455.5,25457,25451.25,25454
1771572000,25453,25459.5,25446,25459
1771572300,25458.25,25458.5,25446.75,25448.75
1771572600,25447.25,25452.75,25440.75,25451.5
1771572900,25452.25,25452.5,25439.5,25441.75
1771573200,25442.75,25447,25430.5,25444.5
1771573500,25444.75,25445.5,25428.5,25430
1771573800,25428.75,25434.5,25417.25,25418.5
1771574100,25419,25428.5,25414.5,25428.5
1771574400,25428.25,25441,25424.75,25433.25
1771574700,25436,25442.25,25413,25413.75
1771575000,25415,25426.5,25413,25418.25
1771575300,25418.25,25425.25,25415.75,25425.25
1771575600,25424.25,25426.25,25403.75,25419.25
1771575900,25419.75,25438,25419,25436.25
1771576200,25436.5,25438.5,25407.75,25407.75
1771576500,25408.25,25426,25405,25424.25
1771576800,25424,25430,25418.75,25428.5
1771577100,25429.5,25440.5,25424,25440.5
1771577400,25440,25449,25438,25447.25
1771577700,25446,25449.5,25440.75,25443.75
1771578000,25443.5,25455,25439.5,25452
1771578300,25452.75,25469,25449.75,25460.25
1771578600,25460.5,25468,25452.5,25466.25
1771578900,25468,25490.5,25466.25,25485.25
1771579200,25485.75,25491.75,25480,25486.5
1771579500,25487.25,25489,25477.75,25483.25
1771579800,25482,25489,25472.25,25478.5
1771580100,25479.25,25480,25460.75,25462.25
1771580400,25462.5,25467.5,25457.5,25465
1771580700,25466.5,25467,25447,25450
1771581000,25448.75,25453.5,25442.5,25451
1771581300,25450.5,25451.75,25438.75,25444.25
1771581600,25442.75,25447,25430.5,25438.5
1771581900,25439,25452,25436.25,25448.75
1771582200,25449.5,25450.5,25441,25447.5
1771582500,25447.75,25453.75,25443,25449
1771582800,25448,25449,25426.75,25432
1771583100,25432.25,25437.75,25427.5,25434.25
1771583400,25434.5,25437.75,25424.25,25427
1771583700,25427.5,25444.25,25425.75,25438
1771584000,25437.5,25438.5,25424.5,25431.75
1771584300,25432.5,25443.25,25429.5,25440.25
1771584600,25440,25441.25,25427,25428.25
1771584900,25429.75,25433.5,25407.75,25409
1771585200,25409.5,25409.5,25347.75,25357.75
1771585500,25359,25378.5,25357.75,25377
1771585800,25375.5,25385.5,25374.25,25375.75
1771586100,25373.5,25388.25,25370.25,25370.25
1771586400,25369.5,25378.25,25363,25376.5
1771586700,25377.25,25392.75,25376,25386.25
1771587000,25385,25392,25378.25,25388.5
1771587300,25389.25,25395,25372.25,25372.25
1771587600,25373,25378,25357,25368
1771587900,25369.5,25370.25,25343.75,25345.5
1771588200,25345.25,25354.5,25337.25,25342
1771588500,25341.75,25344.75,25318.25,25337.5
1771588800,25336,25342.75,25312,25337
1771589100,25338.25,25343.25,25329.5,25337.75
1771589400,25336,25349.5,25334,25346
1771589700,25347.25,25356.5,25317.5,25318.25
1771590000,25319.25,25327,25306.25,25323.75
1771590300,25323,25330,25313.5,25314.75
1771590600,25314.5,25320.5,25298,25308.75
1771590900,25309.5,25327,25304.25,25310.75
1771591200,25311.25,25319.75,25302.5,25311
1771591500,25309.75,25317.75,25299,25313.25
1771591800,25312.5,25335,25310.5,25320
1771592100,25319.5,25338.25,25315.5,25336
1771592400,25335,25340.75,25326.75,25337
1771592700,25335.5,25336.75,25323,25335
1771593000,25334.5,25335.75,25324,25330.75
1771593300,25332,25361.5,25331.25,25359.5
1771593600,25359.5,25362.25,25337,25337.75
1771593900,25338,25371,25332.75,25364.5
1771594200,25363,25370,25265,25284.25
1771594500,25283,25301.75,25266.5,25273.75
1771594800,25274.25,25275,25231.75,25251.75
1771595100,25252.25,25265.25,25229.5,25239.25
1771595400,25238.75,25266.25,25238.25,25254.75
1771595700,25254.5,25280,25250.75,25276.25
1771596000,25276.75,25291,25267.25,25276.25
1771596300,25276.25,25282.5,25262.25,25263
1771596600,25263,25265.5,25235,25244.75
1771596900,25244,25245.75,25215,25220.25
1771597200,25220,25228.75,25203.75,25220.5
1771597500,25221.75,25241.5,25208.75,25222.5
1771597800,25222.25,25326.5,25185.5,25312.25
1771598100,25310.75,25399.5,25300.75,25355.75
1771598400,25355.75,25455.5,25351.25,25433
1771598700,25433,25464.5,25399,25403.5
1771599000,25403.25,25411,25359,25382.5
1771599300,25385.75,25413.75,25361,25404.5
1771599600,25407.5,25590,25392.5,25481.5
1771599900,25481.75,25489.5,25365.25,25488.25
1771600200,25488.5,25534,25430.5,25435
1771600500,25435,25506.5,25367.75,25473
1771600800,25473.5,25539.5,25467,25512
1771601100,25514.5,25544.75,25461.75,25481
1771601400,25481.5,25503.5,25415,25447
1771601700,25447.75,25523.5,25430.75,25514.75
1771602000,25514.75,25574.75,25458.75,25567.5
1771602300,25568,25604.75,25533,25582.5
1771602600,25582.75,25630,25562.5,25620.5
1771602900,25620.5,25634,25603.75,25625.75
1771603200,25625.25,25646.5,25608,25630.5
1771603500,25629,25632,25606.25,25612.5
1771603800,25612.5,25626.5,25577.25,25582.75
1771604100,25585,25592.75,25526.75,25550.25
1771604400,25550.25,25550.25,25503,25518
1771604700,25517.25,25525,25482.5,25484.5
1771605000,25484.5,25553,25474.25,25547
1771605300,25547.5,25581.75,25521.25,25580
1771605600,25580.75,25616.5,25566.25,25599.75
1771605900,25599.5,25634.5,25596,25631.5
1771606200,25631.75,25637.5,25605.75,25629.25
1771606500,25629.5,25633.5,25597,25605
1771606800,25605.5,25616.25,25572.25,25574.25
1771607100,25575.25,25580,25536.75,25541
1771607400,25540.75,25541.25,25487.75,25489.25
1771607700,25489.75,25489.75,25426.25,25433.75
1771608000,25432.25,25447.75,25390.75,25393.5
1771608300,25393.5,25434.5,25386.25,25433.25
1771608600,25433.75,25479.75,25426,25461
1771608900,25461.5,25474.5,25419,25470.25
1771609200,25470,25478,25436.75,25470
1771609500,25469.75,25518.5,25448,25509.75
1771609800,25510.25,25547.5,25490.5,25534
1771610100,25533.5,25550.75,25473.5,25541.25
1771610400,25541.25,25552.5,25507.25,25513
1771610700,25513.25,25550,25510,25530.75
1771611000,25531.25,25531.75,25498.75,25510.25
1771611300,25510.25,25511,25472,25486.25
1771611600,25486.75,25505.25,25436.25,25490.25
1771611900,25491.25,25495.5,25451.25,25471.75
1771612200,25473.25,25573.25,25435,25534.5
1771612500,25534.75,25563,25472.75,25530.75
1771612800,25531.5,25583.25,25529,25578
1771613100,25577.5,25629.25,25575.75,25591.5
1771613400,25590.75,25615.75,25554,25608.5
1771613700,25608.75,25619.75,25592.75,25604.75
1771614000,25605.5,25625.75,25601.5,25610
1771614300,25610.25,25611.25,25580.75,25588.5
1771614600,25588.75,25596.75,25566.25,25569.75
1771614900,25569.75,25576,25557.5,25567.5
1771615200,25567.5,25592.5,25559.25,25578.75
1771615500,25578.25,25581.25,25544.25,25559.75
1771615800,25561,25584.5,25559.75,25569.5
1771616100,25570,25573.25,25549.75,25556.75
1771616400,25557.5,25566,25541.25,25545.5
1771616700,25546.25,25552.75,25535.25,25546
1771617000,25545.5,25570.75,25540,25545.75
1771617300,25545.5,25554.75,25525,25530
1771617600,25530,25559,25523,25551.75
1771617900,25551.5,25584.25,25550.5,25573.25
1771618200,25573.25,25580.75,25564.25,25574.5
1771618500,25573.75,25576.5,25549,25552.5
1771618800,25553,25554.25,25532.25,25536.25
1771619100,25536.25,25541,25521.25,25527.25
1771619400,25528.25,25546.25,25525,25533.25
1771619700,25533.5,25552.75,25530,25550.25
1771620000,25549.5,25567.5,25549,25566.5
1771620300,25566.5,25571.75,25551.25,25551.75
1771620600,25551.25,25570.5,25542,25561
1771620900,25560.5,25586.25,25552,25581.75
1771621200,25581.75,25594.25,25571.25,25591.5
1771621500,25591,25595,25582.5,25587.25
1771621800,25587,25589.25,25578.5,25585.5
1771622100,25585.5,25585.5,25573.5,25577.75
1771622400,25577.5,25581.25,25573.5,25576.5
1771622700,25576.25,25577.75,25574.25,25575.5
1771623000,25574.75,25580.25,25573.5,25578.75
1771623300,25578.5,25582.5,25577.75,25581.5
1771623600,25582,25586.25,25580.25,25581
1771623900,25581.5,25585,25579.75,25582
1771624200,25582.25,25586.25,25577.75,25586
1771624500,25585,25588,25576.25,25584.5
1771801200,25540.75,25566.75,25524,25554.5
1771801500,25554,25558.75,25537,25540.25
1771801800,25538,25562.25,25537,25558.75
1771802100,25556.75,25564.75,25541,25542.75
1771802400,25541.5,25544.75,25510.5,25515
1771802700,25515.75,25516.75,25475.25,25487
1771803000,25486.5,25497,25468,25481.5
1771803300,25481.5,25490.5,25463.5,25470.75
1771803600,25470.25,25473.75,25443.5,25447.5
1771803900,25448.5,25485.5,25443.75,25478.25
1771804200,25479,25487,25459.5,25463.75
1771804500,25463,25490,25457.75,25478
1771804800,25477,25478,25439.75,25442.25
1771805100,25442.25,25457.5,25434.5,25438.75
1771805400,25439.75,25448.75,25436,25440.5
1771805700,25441.5,25457.5,25433,25434.25
1771806000,25433.75,25434.5,25409,25415.5
1771806300,25415,25418.25,25391,25414.75
1771806600,25413.75,25414.75,25387,25400.25
1771806900,25400,25407.5,25384,25392.75
1771807200,25392.75,25409,25386,25390.75
1771807500,25390.25,25407,25380.5,25387
1771807800,25387.75,25396.5,25382.25,25390.25
1771808100,25388.5,25394.75,25355.5,25359.75
1771808400,25360.75,25380,25346.25,25376.75
1771808700,25375.75,25383,25367.5,25379.75
1771809000,25379,25381.5,25361.25,25371
1771809300,25370.5,25380.25,25361.75,25376.75
1771809600,25377,25389.75,25370.5,25375
1771809900,25371.75,25380,25359.5,25365.75
1771810200,25365.75,25373.75,25349.25,25366.25
1771810500,25366.5,25376,25357.25,25370.5
1771810800,25370,25381,25365,25380.25
1771811100,25379.75,25388.75,25353.25,25369
1771811400,25369,25375.5,25339.5,25355.25
1771811700,25354.5,25368.75,25347.75,25351.25
1771812000,25351.25,25364.25,25337.75,25348.25
1771812300,25348,25358.75,25341.25,25350.75
1771812600,25348.5,25348.5,25322,25325
1771812900,25325,25336.25,25315,25329.5
1771813200,25329.5,25342.25,25329,25335.25
1771813500,25336,25347,25335.75,25339
1771813800,25338.75,25352,25335.5,25347.5
1771814100,25346.25,25348.75,25337.25,25342.25
1771814400,25340.75,25349,25336.25,25346.5
1771814700,25346,25349.5,25338.5,25342.25
1771815000,25343.5,25347.25,25340,25342.5
1771815300,25341.75,25347,25338.75,25346
1771815600,25346.5,25369.25,25346.5,25356
1771815900,25356.25,25370.5,25355,25360.75
1771816200,25359.5,25361.25,25351,25356
1771816500,25355.75,25357,25338.75,25343.5
1771816800,25342.5,25352.75,25330,25331.25
1771817100,25330.5,25340.75,25322.25,25340.5
1771817400,25340.5,25345,25323,25330.25
1771817700,25329.75,25334,25320.25,25324.25
1771818000,25325,25346.5,25325,25345.75
1771818300,25345.5,25348.25,25339.5,25342.5
1771818600,25340.75,25345.75,25337.25,25342
1771818900,25343,25351,25339.75,25348.75
1771819200,25349.5,25350.5,25336,25337.75
1771819500,25338,25353.5,25335,25351.5
1771819800,25349.5,25360,25348.5,25350.5
1771820100,25349,25349.25,25337.5,25345.25
1771820400,25346.25,25346.25,25331.75,25335
1771820700,25334.25,25339.25,25328.25,25337.5
1771821000,25338.25,25346.5,25331,25332.75
1771821300,25332.75,25334,25329.75,25332
1771821600,25332,25335,25318,25331
1771821900,25332,25333.5,25326.5,25333.25
1771822200,25333.25,25340.75,25330.25,25331.5
1771822500,25333.5,25341.25,25331,25341.25
1771822800,25340.5,25342,25334,25336.5
1771823100,25336.75,25338,25326.5,25329.5
1771823400,25328.75,25332,25323.25,25327
1771823700,25326.25,25326.25,25314.75,25315.25
1771824000,25316.25,25329.75,25314.25,25324.5
1771824300,25325,25335.25,25322.25,25334.75
1771824600,25334,25342.25,25329.75,25338
1771824900,25338.5,25350.25,25333,25344.5
1771825200,25344.5,25350.25,25340,25342.25
1771825500,25342.25,25346,25331.75,25336
1771825800,25335.75,25347.75,25331.75,25346.75
1771826100,25347.5,25351.25,25343.5,25345.25
1771826400,25345.5,25348.75,25339.25,25348.5
1771826700,25347.25,25349.75,25344.5,25345
1771827000,25344.5,25361.75,25343,25361.25
1771827300,25360,25361.5,25350.75,25357.5
1771827600,25358.25,25359.5,25352,25355.5
1771827900,25353.75,25359.5,25352.5,25354.25
1771828200,25352.5,25365,25348,25365
1771828500,25365.25,25371.25,25360,25364.5
1771828800,25364.75,25371.5,25361.5,25364.5
1771829100,25365,25370,25360,25366.75
1771829400,25367.5,25374.25,25364,25373.25
1771829700,25373,25376.5,25365.25,25374
1771830000,25375.5,25404.5,25370.25,25396.5
1771830300,25396.5,25404,25392.5,25400.75
1771830600,25401.25,25420.75,25399.5,25416.75
1771830900,25417.25,25421.75,25407.5,25412
1771831200,25410.25,25412.75,25402,25409.25
1771831500,25408.25,25411,25401,25410.75
1771831800,25408.5,25413,25398.75,25407
1771832100,25406.25,25414.5,25400.5,25412.25
1771832400,25413.25,25418,25409.5,25415
1771832700,25414,25419,25412,25417
1771833000,25416.5,25417,25408.25,25410
1771833300,25408.5,25412.5,25404.5,25405
1771833600,25405.75,25420.5,25393.25,25396.5
1771833900,25395.25,25403.25,25384.5,25391
1771834200,25391.5,25419,25389.25,25411.25
1771834500,25413,25413.25,25400.75,25404.5
1771834800,25403.5,25414.25,25397,25403.5
1771835100,25401.25,25408.5,25394,25406
1771835400,25407.25,25412.75,25397.75,25400.75
1771835700,25401.75,25407,25393.25,25404.75
1771836000,25402.25,25406.5,25385.25,25390.25
1771836300,25391.75,25428.25,25390.75,25425.5
1771836600,25426.5,25439,25423,25436.75
1771836900,25437,25441.5,25431,25436.75
1771837200,25438,25470.25,25437.75,25469
1771837500,25468.5,25481.5,25465.75,25481.5
1771837800,25481.25,25505.5,25480.5,25501.5
1771838100,25502.25,25503.25,25482.75,25489
1771838400,25490.25,25494.25,25480,25488.25
1771838700,25489.5,25503,25487,25501.25
1771839000,25501.5,25507,25482,25485.75
1771839300,25486.5,25507.25,25482.75,25501
1771839600,25501.75,25511,25500,25503.25
1771839900,25504,25507.5,25495,25495
1771840200,25495.5,25500.75,25488.75,25492
1771840500,25493.75,25496.75,25487,25490.5
1771840800,25492.5,25499.25,25487,25488
1771841100,25489,25499.75,25488,25497
1771841400,25497.75,25509.75,25495.5,25498.25
1771841700,25498.5,25499,25487.75,25491.25
1771842000,25490,25490.25,25482,25487.75
1771842300,25486.75,25489.25,25452,25477
1771842600,25476.5,25483.75,25466,25477.75
1771842900,25478.75,25483.25,25469.25,25480.75
1771843200,25482.25,25492.75,25482.25,25484.25
1771843500,25484.25,25484.75,25474,25476
1771843800,25476.25,25484.25,25474.5,25477
1771844100,25476,25478.5,25469.75,25476.5
1771844400,25477.75,25483,25471,25473.5
1771844700,25472.5,25473.75,25466.5,25471
1771845000,25469.5,25487,25468.75,25484
1771845300,25484.75,25494.25,25484,25489.75
1771845600,25489.25,25489.25,25472.75,25474
1771845900,25473,25477.5,25471.75,25474.75
1771846200,25474.75,25477,25463.25,25466.25
1771846500,25466,25468,25455,25460.75
1771846800,25460.5,25461.25,25452.75,25455.25
1771847100,25455.25,25458,25430.5,25434
1771847400,25433.75,25434,25423.25,25424.75
1771847700,25425,25438.5,25414.25,25436.5
1771848000,25435.25,25449,25417,25439.5
1771848300,25438.5,25450.5,25435.5,25437.5
1771848600,25439.25,25439.25,25426,25427.5
1771848900,25427.5,25428.5,25410.5,25418.5
1771849200,25418,25423,25413.25,25416.5
1771849500,25418.25,25418.5,25408.25,25417.25
1771849800,25417.25,25419,25390.75,25404.25
1771850100,25403.5,25421.75,25400,25418.25
1771850400,25417.25,25431,25408.5,25429
1771850700,25427.5,25433.75,25407.5,25407.5
1771851000,25408.75,25417,25404.75,25414.75
1771851300,25414.5,25414.5,25400,25411.75
1771851600,25410.75,25424.75,25394.25,25420
1771851900,25418.5,25445,25414,25436.5
1771852200,25437.5,25439.25,25422.75,25424
1771852500,25423.25,25440,25419.5,25422.75
1771852800,25423,25442.5,25423,25430.25
1771853100,25431,25443.25,25427.5,25433.75
1771853400,25434.25,25449,25422.25,25423.75
1771853700,25423.5,25445,25417,25442.75
1771854000,25443,25457.5,25441.75,25457.25
1771854300,25456.75,25461.5,25445.25,25449.5
1771854600,25449.75,25458,25439.25,25452.5
1771854900,25452,25452,25433.5,25441.75
1771855200,25442,25453.25,25438.5,25444.75
1771855500,25445.25,25456,25443.5,25443.5
1771855800,25443.75,25468.25,25440.5,25467.5
1771856100,25468,25469.5,25449,25450.75
1771856400,25450.75,25462.25,25444.75,25459.5
1771856700,25460,25489.5,25456,25488.25
1771857000,25488,25547,25477.5,25512
1771857300,25511,25537,25472,25503.25
1771857600,25503.75,25504,25386,25388.75
1771857900,25388,25430.25,25364.75,25399
1771858200,25398.25,25472.25,25394.75,25430.25
1771858500,25429.75,25450.75,25407.75,25420.25
1771858800,25419.75,25459.25,25370.5,25373.5
1771859100,25373.5,25399.25,25347.5,25363.75
1771859400,25364,25408.75,25363.75,25380.75
1771859700,25381.5,25407.75,25364.5,25406
1771860000,25406.5,25437,25385.5,25405
1771860300,25405.75,25411.25,25372.5,25378.5
1771860600,25378,25407.5,25357.25,25357.75
1771860900,25358,25379.5,25338.25,25351
1771861200,25351,25361.75,25323.25,25335.75
1771861500,25336,25359,25319.75,25331.5
1771861800,25332,25346.25,25279.25,25282.5
1771862100,25282,25287.75,25245.75,25250.25
1771862400,25250.25,25264,25194.25,25215.75
1771862700,25215.75,25219,25178.75,25190.5
1771863000,25191.5,25214.5,25175,25190
1771863300,25190,25231,25175,25228.25
1771863600,25226.5,25248.25,25217.75,25230.75
1771863900,25230.5,25288.75,25229.75,25285
1771864200,25284.75,25296.25,25263.75,25272
1771864500,25272.5,25289,25255.75,25266.5
1771864800,25265.75,25289,25262.25,25271.25
1771865100,25272,25277,25240.5,25257
1771865400,25256.25,25276.5,25246,25256
1771865700,25255,25263,25234.5,25241.75
1771866000,25242,25266.5,25235.75,25251
1771866300,25250.5,25270.75,25242,25248.75
1771866600,25248.5,25258.75,25232.25,25240.25
1771866900,25239.75,25265.75,25239,25245.5
1771867200,25246,25268.5,25241.75,25256
1771867500,25256,25267.25,25247.25,25250
1771867800,25249.5,25252.75,25226.25,25229.75
1771868100,25229.25,25230.25,25187,25188.5
1771868400,25188.25,25234.25,25184.5,25208
1771868700,25208.5,25226,25200.75,25208.5
1771869000,25208.5,25255.75,25207,25247
1771869300,25247.5,25262.5,25239,25251.75
1771869600,25251.5,25270.25,25246,25262.75
1771869900,25262.75,25285,25259,25281
1771870200,25281.5,25295.5,25268,25291
1771870500,25291.5,25306,25287,25292.75
1771870800,25293.5,25327.25,25288.25,25323.75
1771871100,25323.25,25326.25,25308.5,25317.5
1771871400,25317.5,25318.25,25299.5,25311.5
1771871700,25312.25,25326.75,25307,25309
1771872000,25309.75,25315,25283.75,25292
1771872300,25292.75,25308.75,25283,25298.75
1771872600,25299.5,25302,25261.25,25262.5
1771872900,25262,25267.5,25227,25234.5
1771873200,25234.75,25252.25,25228.75,25237.75
1771873500,25236.75,25262,25235.5,25250.25
1771873800,25250.25,25261.25,25240,25250.25
1771874100,25248.75,25260.25,25234,25240
1771874400,25240.5,25247.25,25234.25,25241.5
1771874700,25241.5,25248.75,25215.75,25221.75
1771875000,25221.25,25237.25,25218.5,25221.5
1771875300,25221.25,25225,25210.5,25216.25
1771875600,25217.25,25217.5,25190.75,25205.25
1771875900,25205,25219.75,25199,25215.75
1771876200,25215.5,25220.75,25200,25203.5
1771876500,25203.75,25223,25191.75,25199
1771876800,25199,25212.75,25194,25206.75
1771877100,25207,25212,25191,25197.75
1771877400,25197.25,25200.75,25185.75,25192.5
1771877700,25192,25214.75,25191.75,25202.75
1771878000,25202,25207.75,25191.5,25207.25
1771878300,25207.25,25221.75,25203,25213.5
1771878600,25214,25258.5,25211.5,25253.75
1771878900,25253.5,25253.75,25226.5,25234.25
1771879200,25234.25,25241.75,25218,25237.75
1771879500,25237.5,25251.75,25225.25,25249.75
1771879800,25249.75,25267,25221.75,25224.25
1771880100,25225,25279.75,25217.75,25275
1771880400,25275.5,25288.5,25265,25285.25
1771880700,25285,25289.75,25277.75,25286
1771881000,25286,25293.75,25282.75,25288.5
1771881300,25288.75,25288.75,25277,25280.25
1771881600,25280.5,25290.5,25279.75,25286
1771881900,25286.25,25287.75,25283.5,25286.5
1771882200,25286.25,25298.25,25285.5,25292.25
1771882500,25292.5,25293,25285.25,25285.25
1771882800,25286,25291.5,25285.25,25291.5
1771883100,25291.75,25292,25284,25288
1771883400,25288,25295.25,25286,25294.75
1771883700,25294.75,25303.5,25289,25293.25
1771887600,25295,25310.5,25283.25,25291
1771887900,25288.75,25320.5,25274,25311.25
1771888200,25314.75,25322,25301.5,25302.75
1771888500,25305.75,25311,25291.25,25297.5
1771888800,25298,25305,25292,25301.5
1771889100,25301.5,25313.75,25295.5,25313.75
1771889400,25312.75,25333.75,25309.5,25326
1771889700,25325.25,25330,25320.25,25323.5
1771890000,25325.5,25328,25311.5,25319.75
1771890300,25318,25325,25307,25309
1771890600,25308.5,25319,25299.25,25313.5
1771890900,25312,25313.75,25291.75,25295
1771891200,25296,25318.25,25289.25,25309.5
1771891500,25309.25,25316,25289,25291.25
1771891800,25293.25,25310.5,25293.25,25307
1771892100,25306.5,25325.5,25305.25,25321
1771892400,25320.5,25325,25289.5,25296.75
1771892700,25296.5,25298.5,25280.5,25288.25
1771893000,25287.75,25296.25,25283.75,25287
1771893300,25285,25304.5,25285,25304
1771893600,25304.5,25314,25304.5,25312
1771893900,25312,25325.5,25307,25324.25
1771894200,25325,25330.5,25316.75,25319
1771894500,25318.25,25326.5,25308.5,25323
1771894800,25322.5,25325.25,25302.25,25312.75
1771895100,25312.5,25318.75,25303,25315.25
1771895400,25313,25318.75,25308,25311.5
1771895700,25312.5,25318.5,25302,25313
1771896000,25312.75,25336,25311.5,25325.5
1771896300,25324.5,25333.5,25318,25328
1771896600,25327.5,25328.5,25305.75,25328.25
1771896900,25328.5,25332.25,25320.75,25327
1771897200,25325.25,25342.5,25315.5,25334.75
1771897500,25335.25,25336.25,25320,25331.75
1771897800,25334.75,25335,25323.25,25324.5
1771898100,25322.25,25333.25,25319.25,25329
1771898400,25329,25338,25325.75,25326.75
1771898700,25326.25,25335.25,25323.75,25333.5
1771899000,25333.75,25347.25,25333.75,25343.25
1771899300,25343.25,25351,25339.5,25351
1771899600,25350.5,25371,25349.25,25369.75
1771899900,25370.5,25375,25367.25,25369.5
1771900200,25370,25383.25,25366.25,25380.5
1771900500,25378.5,25386,25375.5,25382
1771900800,25381.5,25382,25368.25,25371.25
1771901100,25370.25,25380.25,25365.25,25375
1771901400,25374.25,25377.5,25369,25375.25
1771901700,25374.75,25381,25373.75,25376.75
1771902000,25376.75,25382.75,25373.75,25380
1771902300,25380,25381.5,25375.75,25379.25
1771902600,25380.5,25381.75,25373.75,25380.5
1771902900,25379.5,25387,25377,25384.75
1771903200,25384.75,25391.25,25383.5,25387.5
1771903500,25388,25388,25382,25385.25
1771903800,25385.25,25385.75,25380,25381
1771904100,25381.25,25384.25,25376.75,25383.75
1771904400,25383.5,25387.5,25380,25381.25
1771904700,25380.75,25383,25375.75,25380.5
1771905000,25380.5,25384.5,25376.5,25381.25
1771905300,25380.25,25382.75,25378.25,25380.25
1771905600,25381,25383,25377.25,25382
1771905900,25381.75,25387.75,25378.25,25386.5
1771906200,25386.25,25387.25,25380.25,25381.75
1771906500,25381.25,25384,25372.75,25384
1771906800,25384,25388.25,25383,25386.5
1771907100,25385.75,25389,25383.25,25384.25
1771907400,25385,25391,25379,25379.5
1771907700,25379.25,25380.25,25374.25,25376.75
1771908000,25377,25384,25376.25,25378.25
1771908300,25379.25,25385.25,25377.25,25383
1771908600,25383.75,25387.25,25382.5,25384.5
1771908900,25384.5,25387,25382.25,25383
1771909200,25383,25394,25376.25,25393.75
1771909500,25394,25395.25,25388,25391.25
1771909800,25392,25393.5,25389,25389
1771910100,25389.75,25390.5,25364.25,25364.75
1771910400,25364,25369.25,25361.5,25368.75
1771910700,25368.75,25373,25362.25,25370.5
1771911000,25368.5,25368.5,25355.25,25358.5
1771911300,25358.25,25362.25,25350.5,25359.75
1771911600,25359.75,25365.25,25353.75,25362.75
1771911900,25361,25362.25,25339.5,25342
1771912200,25340,25349.25,25332.75,25346.25
1771912500,25346,25348,25341.75,25348
1771912800,25347.5,25349,25341.75,25345.75
1771913100,25345.25,25360.25,25345.25,25360.25
1771913400,25358.25,25359.5,25342,25344
1771913700,25343,25357,25339.25,25354
1771914000,25352.75,25352.75,25334.5,25337
1771914300,25337.25,25341,25329.75,25339.75
1771914600,25339.75,25345.25,25331,25342
1771914900,25342.75,25345.25,25331.25,25345.25
1771915200,25345.5,25350,25341.75,25346.5
1771915500,25346.25,25351,25341,25350
1771915800,25349.5,25349.5,25339.25,25340.75
1771916100,25340.25,25349.75,25337.25,25344.75
1771916400,25344.5,25361.5,25342.25,25350.5
1771916700,25350.5,25367.75,25350,25364.5
1771917000,25364.5,25365.5,25359,25364.75
1771917300,25365.25,25365.5,25355.75,25358.75
1771917600,25359.75,25361.5,25353,25358
1771917900,25357,25369,25354.75,25366.75
1771918200,25368,25375.5,25365.25,25365.25
1771918500,25365.25,25365.25,25355,25356
1771918800,25356,25359,25338.75,25342.25
1771919100,25342.5,25346,25338.5,25344.25
1771919400,25344,25353,25344,25346.75
1771919700,25347.75,25350,25337.5,25340.25
1771920000,25341,25341,25299.5,25310
1771920300,25309.75,25320.5,25295,25310
1771920600,25310.5,25317.5,25290.5,25300.25
1771920900,25299,25316.5,25280.5,25296.75
1771921200,25296,25324.5,25287.25,25318.75
1771921500,25322.25,25324.5,25301.75,25314.25
1771921800,25316,25328.25,25301,25302.25
1771922100,25300.75,25305.75,25286,25303.25
1771922400,25304,25304,25283,25294.5
1771922700,25293,25295.5,25268.5,25269.75
1771923000,25270.75,25280.5,25268,25277.75
1771923300,25279,25304.75,25278.75,25298.75
1771923600,25298.25,25322.5,25295.25,25310.25
1771923900,25310,25325.75,25304.25,25322.75
1771924200,25322,25345.5,25318.25,25344.5
1771924500,25344.25,25350,25334.25,25335
1771924800,25336.25,25340.25,25328,25332.75
1771925100,25333,25340,25327.75,25332.25
1771925400,25332,25332.75,25313.5,25313.5
1771925700,25313.25,25328,25301.25,25327
1771926000,25328,25337,25326.75,25335.5
1771926300,25337,25346.25,25329.25,25344
1771926600,25345,25350.75,25341,25345.75
1771926900,25345.75,25355,25344.75,25353.5
1771927200,25354,25371.5,25352,25371.25
1771927500,25371,25372.5,25351.5,25354.75
1771927800,25355.75,25357.25,25349.25,25349.5
1771928100,25349.75,25355.5,25341.5,25353.25
1771928400,25352.75,25354.25,25345.5,25347.75
1771928700,25347,25352,25342,25347
1771929000,25348.5,25350,25337.75,25341.25
1771929300,25341,25354,25339.25,25339.5
1771929600,25339,25351.5,25333.5,25350.75
1771929900,25350.5,25350.75,25333,25336.5
1771930200,25337.5,25348.5,25332.75,25346.75
1771930500,25348,25350.5,25343.5,25349
1771930800,25349.5,25360.25,25341,25353.5
1771931100,25353.75,25355.5,25337.75,25337.75
1771931400,25337,25344.5,25329.75,25331.5
1771931700,25332.5,25339.75,25327.75,25332.75
1771932000,25332.75,25334.25,25321.25,25325.25
1771932300,25324.5,25331.75,25323,25329.25
1771932600,25329,25335.25,25324,25324
1771932900,25323.75,25329,25315.75,25318.75
1771933200,25318,25329,25316,25326
1771933500,25326,25337.25,25323,25323.5
1771933800,25323.25,25329.5,25319,25323.5
1771934100,25325,25341,25322.75,25340
1771934400,25339.5,25384.75,25335.5,25377.25
1771934700,25378,25409.25,25376.25,25381.75
1771935000,25380.5,25391,25368.25,25379.25
1771935300,25378.75,25380.5,25354.75,25358.25
1771935600,25357,25361.25,25341,25350.75
1771935900,25350.5,25361.25,25345.75,25347.75
1771936200,25347,25354.25,25336.5,25338.25
1771936500,25337.5,25344.25,25325,25327.25
1771936800,25327.25,25328,25307,25326.5
1771937100,25325,25326,25302.25,25307.5
1771937400,25308,25331,25304,25328.25
1771937700,25327.5,25330,25317.75,25323.25
1771938000,25323.75,25347.5,25321.25,25340
1771938300,25339.75,25348.25,25326.25,25342.5
1771938600,25342.25,25346.25,25327.75,25334
1771938900,25333,25355,25330.5,25348.75
1771939200,25349,25354.25,25335.5,25353.5
1771939500,25354.5,25365.5,25352,25364
1771939800,25364.5,25377.25,25356,25364.5
1771940100,25365.25,25367,25347.5,25350.25
1771940400,25349.75,25383.75,25345.25,25378.75
1771940700,25379.5,25396.25,25377,25384.25
1771941000,25384.25,25390.5,25377,25386.5
1771941300,25386.75,25399,25383.25,25384.25
1771941600,25383.75,25385.75,25367.75,25370.25
1771941900,25370.5,25375.75,25363.25,25367
1771942200,25366.25,25371.5,25351.75,25359.75
1771942500,25360,25361.5,25341,25343.25
1771942800,25343,25348.25,25333.25,25336
1771943100,25336.75,25341.5,25304.25,25311.75
1771943400,25312,25333,25215.75,25246
1771943700,25246,25322.5,25201.5,25310
1771944000,25310.75,25420,25307.75,25417.75
1771944300,25418.25,25471.25,25411.75,25450.5
1771944600,25450.5,25456.25,25408.5,25421.25
1771944900,25420.5,25421.25,25368.25,25384.25
1771945200,25385.5,25387,25326.5,25348.25
1771945500,25347.5,25413.5,25344.75,25407
1771945800,25407.5,25430.75,25360.25,25372.75
1771946100,25373,25412,25360.75,25401
1771946400,25400.25,25460,25395,25455.75
1771946700,25456.75,25521.5,25441.75,25518.75
1771947000,25518.25,25531,25505,25516.75
1771947300,25516.75,25519.25,25493.75,25507.75
1771947600,25507.5,25538,25501.75,25524.25
1771947900,25524.5,25526.5,25503,25517.5
1771948200,25516.25,25516.75,25487.25,25491.75
1771948500,25492.5,25502.5,25474.5,25483.5
1771948800,25483.5,25532.75,25481.25,25526.75
1771949100,25525.75,25539.5,25509.75,25520.5
1771949400,25519.75,25554.25,25507.5,25540.75
1771949700,25540.25,25547.75,25520.5,25526.25
1771950000,25526.25,25529.75,25501.25,25517.5
1771950300,25516.75,25528.5,25513.5,25521.25
1771950600,25522.25,25523.25,25476.25,25479.5
1771950900,25480,25505.25,25477.25,25498.75
1771951200,25498.75,25514.75,25484.75,25496.25
1771951500,25495.75,25524.75,25493.5,25515
1771951800,25515.25,25541,25506.25,25535.5
1771952100,25535,25547.75,25528.5,25535.75
1771952400,25535.75,25547.75,25528.25,25537.5
1771952700,25538.25,25559.25,25538,25557.75
1771953000,25557.75,25583.25,25555.75,25562.25
1771953300,25562.5,25575.5,25550.25,25557.5
1771953600,25556,25572.5,25554,25569.5
1771953900,25569.25,25581.25,25563.75,25567.75
1771954200,25567.25,25577,25558,25568.25
1771954500,25568.5,25572,25560,25563.5
1771954800,25563.5,25565.25,25545,25549
1771955100,25548.25,25567.75,25539,25565
1771955400,25565,25571,25554.75,25555.25
1771955700,25555.25,25559.25,25548.75,25553
1771956000,25553,25585.75,25550.25,25579
1771956300,25578.75,25579,25557.75,25559.5
1771956600,25559.25,25563,25545.75,25550
1771956900,25550,25552,25539.5,25541.75
1771957200,25541.5,25549.5,25531.5,25534
1771957500,25533.5,25537.25,25522.5,25526.25
1771957800,25526.75,25539.75,25518.5,25536.25
1771958100,25536.25,25558,25528.25,25549.5
1771958400,25549.75,25556.75,25540.25,25545.75
1771958700,25546,25551.25,25529.5,25535.25
1771959000,25536.25,25549,25534,25546.25
1771959300,25546,25550.75,25536.5,25537
1771959600,25537,25544.25,25530.75,25539.75
1771959900,25539.5,25543.75,25527.25,25531
1771960200,25531.25,25532.5,25515.5,25522
1771960500,25522,25522.5,25495.5,25510
1771960800,25509.75,25515.25,25503.5,25508.25
1771961100,25507.75,25522.25,25502.5,25509.75
1771961400,25510,25520.75,25507.25,25511.25
1771961700,25511.5,25522,25509.75,25521.5
1771962000,25521.25,25537.5,25518.5,25525.75
1771962300,25526.5,25532.25,25520.5,25527.75
1771962600,25527.5,25567.25,25522,25523.75
1771962900,25524,25538.75,25521.75,25528.5
1771963200,25528.75,25535.75,25520,25524.75
1771963500,25525.5,25530,25511,25514
1771963800,25513.75,25518.25,25507.5,25511.5
1771964100,25511,25523.5,25502.75,25522.25
1771964400,25522.5,25531.75,25514.25,25517
1771964700,25517.5,25525.25,25504.75,25505.75
1771965000,25505.75,25529.25,25501.75,25524
1771965300,25523.75,25527.5,25511.25,25513.25
1771965600,25513,25539,25511.25,25537.25
1771965900,25537.5,25551,25534.75,25543.25
1771966200,25544,25579,25542,25560
1771966500,25560.5,25561.25,25529,25537
1771966800,25537,25544.75,25527.75,25528.5
1771967100,25529.25,25530.5,25510.25,25516
1771967400,25516.75,25528.75,25516.25,25526.5
1771967700,25526.5,25528,25521.25,25524.75
1771968000,25524.5,25534.75,25524.25,25533
1771968300,25532.5,25533,25529,25530.75
1771968600,25530.75,25535.75,25528,25528.5
1771968900,25527.5,25532.75,25525.75,25528.25
1771969200,25527.75,25528.25,25525.5,25525.5
1771969500,25525,25529.5,25522.5,25527
1771969800,25527,25527.5,25519.5,25524.25
1771970100,25524,25529.25,25522.5,25523.25
1771974000,25523.25,25528,25503.75,25505
1771974300,25505.25,25511.5,25499,25509.75
1771974600,25510.25,25537.25,25508.75,25527
1771974900,25526,25535.5,25518,25521
1771975200,25521,25525.25,25516.25,25524.75
1771975500,25524.25,25531.75,25523.5,25530.5
1771975800,25529,25540.5,25524.25,25537.5
1771976100,25536.5,25542.25,25530.5,25540
1771976400,25540.75,25545,25537.5,25540
1771976700,25537,25541.75,25535.25,25538.75
1771977000,25537.75,25541,25534.5,25538.75
1771977300,25537.75,25558,25537.75,25550.5
1771977600,25551.5,25552.25,25536.75,25541
1771977900,25540,25550.25,25538.25,25547.5
1771978200,25547.5,25549.5,25535.25,25536
1771978500,25535.75,25544,25534,25542.75
1771978800,25543.75,25551.25,25542.25,25547.75
1771979100,25548,25548,25528.25,25535.5
1771979400,25536,25540.25,25525.5,25537
1771979700,25536.5,25554.25,25533,25549.75
1771980000,25550.25,25570,25549.75,25568
1771980300,25568.25,25576.5,25554.5,25574
1771980600,25573.25,25582,25572.5,25577.5
1771980900,25576.25,25578.5,25569,25578
1771981200,25578.25,25595.5,25568.5,25585
1771981500,25585.25,25590.25,25575,25579
1771981800,25578.25,25602,25577,25596.75
1771982100,25597,25615.25,25589.75,25604.25
1771982400,25605,25606.5,25579,25581
1771982700,25581.75,25591.75,25578.5,25587.5
1771983000,25586.5,25597,25580,25591.5
1771983300,25592,25605.5,25592,25601.5
1771983600,25601,25610,25597.25,25600
1771983900,25601,25619.75,25599.25,25613.5
1771984200,25613.75,25620.25,25612.5,25616.5
1771984500,25616.5,25618,25608.5,25610.5
1771984800,25610,25617.5,25598.25,25601.75
1771985100,25601,25609.5,25599.5,25603.25
1771985400,25604.25,25610.75,25601.75,25609
1771985700,25609.75,25609.75,25589.25,25600.75
1771986000,25602,25612.25,25597.5,25603.5
1771986300,25603.5,25610,25599.5,25608
1771986600,25609,25619.75,25609,25611.75
1771986900,25611.25,25621.5,25608.75,25610.5
1771987200,25610.5,25612.5,25599.75,25603
1771987500,25603,25610.5,25601.75,25609.5
1771987800,25608.5,25616.5,25599,25610
1771988100,25609.75,25616,25605,25614.5
1771988400,25613.75,25616.5,25603.25,25605.75
1771988700,25604.5,25606,25583.75,25591.25
1771989000,25590,25596,25584.75,25587
1771989300,25586,25589.5,25568.75,25577.5
1771989600,25577,25580,25561.75,25570
1771989900,25569.5,25581.25,25566,25576.5
1771990200,25577,25583.5,25501,25548.5
1771990500,25549.75,25559,25540.25,25551.5
1771990800,25550.75,25574.75,25550.75,25565
1771991100,25564.25,25575.75,25554.5,25570
1771991400,25569.25,25580.75,25567.25,25580.75
1771991700,25579.75,25588.25,25572,25573.75
1771992000,25573.75,25574.75,25554.25,25562
1771992300,25561,25563.75,25555.75,25557.75
1771992600,25556.75,25557,25542,25549
1771992900,25548.25,25551.75,25541.5,25544.5
1771993200,25545,25553.25,25543.75,25547.75
1771993500,25547.75,25561,25546.25,25561
1771993800,25560.5,25569,25560,25564.25
1771994100,25565,25570,25561,25565.75
1771994400,25565.75,25565.75,25561.5,25562.75
1771994700,25564,25566,25559,25564
1771995000,25565.5,25568,25561.75,25562.5
1771995300,25561.75,25562.5,25553.5,25557.25
1771995600,25558.75,25560.75,25553.25,25557.75
1771995900,25558.75,25572,25556,25571
1771996200,25572,25574.5,25558.5,25561.5
1771996500,25561.25,25562.5,25553,25554
1771996800,25554.25,25554.75,25542,25545.75
1771997100,25546,25553,25543.75,25548.25
1771997400,25549,25553.75,25541,25543.75
1771997700,25544.25,25553,25537.75,25552.25
1771998000,25552.25,25552.5,25543.5,25548.25
1771998300,25548.5,25564.25,25547.25,25563.75
1771998600,25563.75,25564,25556.25,25556.25
1771998900,25554.75,25554.75,25544,25547.75
1771999200,25548.5,25551,25539,25542.25
1771999500,25542,25550.25,25541.25,25546.75
1771999800,25546,25553,25542.25,25552.5
1772000100,25550.75,25554.75,25547.5,25554.5
1772000400,25555.25,25565.75,25550.75,25556.25
1772000700,25558,25565.75,25547.75,25548
1772001000,25547,25557.75,25543.5,25555.75
1772001300,25556.75,25565.75,25554.75,25561.25
1772001600,25560.75,25561.25,25550.75,25551.75
1772001900,25551.5,25552.25,25544.5,25550.5
1772002200,25547.25,25553.5,25545.25,25549.5
1772002500,25549,25550.5,25545.25,25548.75
1772002800,25550,25558.25,25542,25552
1772003100,25551,25555,25544.75,25555
1772003400,25556.5,25560.5,25547.25,25548.25
1772003700,25549.25,25555.25,25542.25,25545
1772004000,25547.25,25553.5,25545.25,25548
1772004300,25546.75,25550.5,25543.25,25548.75
1772004600,25547.25,25549.75,25533.5,25536.5
1772004900,25535.5,25537.25,25524.5,25535.75
1772005200,25536,25541.5,25532.25,25534.5
1772005500,25534,25542,25533.25,25540
1772005800,25540.75,25549.25,25539.75,25548.25
1772006100,25548.25,25549,25541.5,25543
1772006400,25543.5,25578.25,25543.5,25578.25
1772006700,25577.75,25584.5,25560.25,25567.75
1772007000,25564.75,25568.25,25556.5,25563.75
1772007300,25563.75,25575.5,25555.75,25574.75
1772007600,25574.75,25589,25574.5,25585.25
1772007900,25585.75,25597,25579.75,25582
1772008200,25582.75,25584.75,25568.75,25571.75
1772008500,25570.5,25585.75,25569.5,25576.75
1772008800,25578.5,25587.25,25577,25583.25
1772009100,25583.25,25590.25,25576,25590.25
1772009400,25588.25,25590.75,25571,25576.5
1772009700,25576.5,25583.5,25574.25,25581.5
1772010000,25579.5,25582.75,25569,25571.25
1772010300,25570.5,25589,25562.25,25587.5
1772010600,25587.25,25594.25,25581,25588
1772010900,25586.5,25587.75,25576.5,25580.75
1772011200,25581.5,25589.75,25579,25579.5
1772011500,25580.5,25586.5,25571.25,25575.5
1772011800,25577,25580.25,25571,25578
1772012100,25577.75,25584.75,25572.5,25583.75
1772012400,25582,25590,25580.75,25589
1772012700,25589.25,25594.75,25579.25,25582.75
1772013000,25582.75,25588,25581.25,25587.5
1772013300,25586.5,25592.5,25586.5,25589.5
1772013600,25589.75,25593,25580,25580.5
1772013900,25580.75,25583,25573.25,25580.5
1772014200,25581,25584.25,25574,25578
1772014500,25579.25,25581.25,25572.75,25575.75
1772014800,25575.25,25585.5,25572.5,25580.25
1772015100,25580.75,25589.5,25578.75,25583.25
1772015400,25584.25,25588.75,25580,25583.25
1772015700,25582.75,25599.75,25582.5,25596
1772016000,25596.25,25601.75,25594.25,25594.75
1772016300,25594.5,25595.25,25588,25592.25
1772016600,25591.75,25591.75,25577.5,25578.75
1772016900,25579,25581.5,25574.25,25580.25
1772017200,25581.25,25584.75,25576.75,25578.25
1772017500,25578.75,25584.5,25575.5,25581.25
1772017800,25581.25,25588.25,25581,25586.75
1772018100,25586.5,25589.25,25581,25581.75
1772018400,25583,25592,25578.25,25587.25
1772018700,25586.75,25591,25586.75,25588
1772019000,25588.5,25607,25588.5,25603.75
1772019300,25603.25,25613.5,25599.25,25613.5
1772019600,25613.75,25617.25,25610.25,25615.75
1772019900,25616.5,25627.25,25614.75,25620.75
1772020200,25620.75,25628,25619.25,25627.75
1772020500,25627.75,25635.5,25626.75,25631.75
1772020800,25631.5,25638.5,25621.5,25627.5
1772021100,25625.25,25632.5,25622.25,25629.25
1772021400,25629,25632,25612,25619
1772021700,25618.75,25639.5,25617,25634.75
1772022000,25635.25,25656,25635,25648
1772022300,25649.5,25657,25639.25,25640.25
1772022600,25639.75,25648.5,25630,25645.75
1772022900,25645.75,25650,25639,25641.75
1772023200,25642,25642.5,25633.75,25637.5
1772023500,25637.75,25649.25,25636.75,25643
1772023800,25643,25653.75,25642.75,25650.25
1772024100,25651,25652.75,25639,25645.5
1772024400,25646.25,25654,25640.75,25646.5
1772024700,25646.75,25653.75,25645.25,25647
1772025000,25647.25,25660,25646.25,25656.25
1772025300,25654.75,25655.75,25645.5,25647.5
1772025600,25647.75,25647.75,25638.5,25647.25
1772025900,25647,25654,25645.25,25650
1772026200,25650.75,25650.75,25630.75,25639.25
1772026500,25638.75,25645.75,25636,25642.5
1772026800,25641.5,25651.25,25640,25641.75
1772027100,25641,25653.5,25639.75,25649.25
1772027400,25649.25,25653.75,25644.5,25652.5
1772027700,25652.25,25672.75,25651.75,25657.25
1772028000,25657.75,25671.75,25654.25,25657.75
1772028300,25657.75,25678.25,25652,25673.25
1772028600,25674.25,25684.5,25662.5,25663.25
1772028900,25663.25,25663.25,25636.75,25646.75
1772029200,25647,25660.25,25641.75,25658.75
1772029500,25659.25,25671.25,25651,25667.5
1772029800,25667.25,25751,25663.75,25730
1772030100,25729.25,25761.5,25724.25,25752.75
1772030400,25752.25,25786,25740.75,25778.25
1772030700,25779.25,25839,25778,25826
1772031000,25826.5,25855.5,25822.5,25842
1772031300,25842.25,25860.25,25810,25850.25
1772031600,25850,25868.75,25840.75,25841.5
1772031900,25841.75,25851,25816.25,25825
1772032200,25825,25832.25,25810.25,25816
1772032500,25815,25821.5,25792.25,25804.75
1772032800,25804,25822.75,25789.75,25815.5
1772033100,25815.75,25847.75,25811.5,25841.25
1772033400,25841,25848.5,25801.25,25804.5
1772033700,25804,25811.5,25791.5,25803.25
1772034000,25802.75,25822.75,25800,25805
1772034300,25805,25821.5,25804,25808.5
1772034600,25809.25,25812,25783.25,25790.5
1772034900,25790,25805.5,25771.5,25802.25
1772035200,25802.25,25817.75,25791,25799
1772035500,25798.5,25812.75,25790.5,25811
1772035800,25811.25,25812.25,25794.75,25806.25
1772036100,25805.75,25808,25789.75,25797.5
1772036400,25797.5,25810.25,25790.75,25802
1772036700,25801.75,25811.75,25797.5,25807.75
1772037000,25807.5,25822.25,25805.25,25806.75
1772037300,25806.25,25821.25,25800.25,25820.5
1772037600,25820.25,25834.5,25818,25827.75
1772037900,25828,25839,25824.5,25830.5
1772038200,25830.5,25840.25,25825.75,25831.25
1772038500,25831.25,25831.75,25820.75,25823.5
1772038800,25823.75,25839.5,25821,25835.5
1772039100,25835.75,25842.5,25817.5,25834.5
1772039400,25833.75,25848,25830.25,25846
1772039700,25846.25,25846.75,25838.5,25842.5
1772040000,25842.25,25846,25837.25,25842.75
1772040300,25843.25,25846.5,25826.5,25828.25
1772040600,25828,25835.75,25822,25828.25
1772040900,25828.25,25843.5,25828.25,25837.75
1772041200,25837.75,25847.75,25835.5,25840.75
1772041500,25841,25852,25837.5,25844.75
1772041800,25844.5,25858.5,25843.75,25854.5
1772042100,25854.75,25862,25849.75,25859.25
1772042400,25859.75,25865,25852,25853.75
1772042700,25854.25,25855.25,25848.25,25853.75
1772043000,25853.25,25862.25,25851.5,25851.75
1772043300,25851.5,25853,25843.5,25847.25
1772043600,25847.25,25850.25,25844.5,25845.25
1772043900,25844.75,25850,25844.25,25846.25
1772044200,25846.5,25849,25841.25,25845.75
1772044500,25845.75,25849.25,25842,25848.25
1772044800,25848.25,25861,25847.75,25857.75
1772045100,25858,25861.5,25854.75,25860.25
1772045400,25859.75,25863,25856.25,25861.25
1772045700,25861.25,25861.5,25855.75,25857.5
1772046000,25857.25,25879.75,25856.5,25870.75
1772046300,25870.5,25881,25867.25,25877
1772046600,25876.5,25878.25,25869.25,25872.75
1772046900,25873,25885,25871,25883.25
1772047200,25883.25,25883.5,25873.25,25877.25
1772047500,25877,25883.5,25874.25,25878
1772047800,25878.25,25885.5,25877.25,25881.5
1772048100,25880.75,25884.25,25878,25879.75
1772048400,25880,25883.5,25872.75,25873.25
1772048700,25873,25882,25871.25,25879.25
1772049000,25879.75,25882.5,25874.75,25880.5
1772049300,25880.5,25882,25875,25875.75
1772049600,25875.5,25879.75,25871.75,25875.25
1772049900,25875.5,25883.5,25872.5,25881.75
1772050200,25882,25882,25874.5,25877.75
1772050500,25877.75,25881,25874.25,25879.25
1772050800,25879.75,25879.75,25866.5,25870
1772051100,25870.25,25881,25869,25873.75
1772051400,25873.75,25873.75,25859,25863.75
1772051700,25863.75,25885,25861.25,25880.75
1772052000,25880.5,25891,25877.25,25881
1772052300,25881,25894.5,25878.5,25888
1772052600,25887.75,25903.5,25876,25894
1772052900,25894.5,25894.5,25879.25,25891.5
1772053200,25890.75,25898.25,25878.25,25891
1772053500,25891.25,25914,25891.25,25908
1772053800,25907.5,25907.75,25894.75,25898.75
1772054100,25898,25907,25886,25888.75
1772054400,25889.75,25902.25,25877,25894
1772054700,25893.5,25930.75,25883.25,25902.5
1772055000,25902.5,25991.75,25889,25984.5
1772055300,25981.5,26001.75,25959.5,25990.75
1772055600,25989.25,25992,25959.75,25966
1772055900,25967,25970.25,25943.25,25960
1772056200,25959,25974,25946.5,25969
1772056500,25969.5,25978.5,25961,25968.75
1772060400,25895.25,25925.25,25873,25888.75
1772060700,25889.25,25916.25,25872.5,25912.5
1772061000,25912.75,25912.75,25884,25887.5
1772061300,25887,25899.75,25879.25,25883
1772061600,25883.25,25885,25874.25,25875.25
1772061900,25875,25892,25868.25,25890.5
1772062200,25890.5,25894.5,25853.25,25859.5
1772062500,25859,25862,25828.75,25832.5
1772062800,25832.5,25833.25,25781.75,25816.25
1772063100,25815.25,25840.25,25808.5,25824.5
1772063400,25825.25,25831.25,25809,25816.25
1772063700,25815.75,25834,25814.75,25824.25
1772064000,25822.75,25845,25811.5,25828.5
1772064300,25827.75,25832.25,25817.25,25823
1772064600,25823.75,25843.25,25823,25838.5
1772064900,25838.75,25843.75,25828.25,25834.5
1772065200,25835.75,25839.5,25825.25,25832.25
1772065500,25832,25847,25826,25844
1772065800,25844.75,25848.5,25830,25838.75
1772066100,25837.75,25842.75,25819.5,25824.5
1772066400,25825.25,25827.75,25809,25816.25
1772066700,25816.75,25827.25,25816,25824.75
1772067000,25825,25831,25818,25829.25
1772067300,25829.5,25831.25,25815,25822.75
1772067600,25823.25,25827,25814.5,25819.75
1772067900,25820,25821,25795.75,25797.75
1772068200,25796.75,25820.5,25795.75,25818.5
1772068500,25819.25,25820.5,25806.75,25817.75
1772068800,25817.75,25821.75,25797,25799.5
1772069100,25801,25808.5,25780.75,25781.25
1772069400,25780.75,25795.75,25771.75,25794.75
1772069700,25792.5,25807,25792.5,25805.25
1772070000,25806,25820,25806,25814.5
1772070300,25815,25822.25,25811.75,25817.25
1772070600,25816,25818.5,25812.25,25818.25
1772070900,25818,25826.75,25812.75,25823.25
1772071200,25822.5,25826.25,25810.5,25816.25
1772071500,25815.5,25816.25,25798.75,25811.25
1772071800,25811.75,25813.5,25798,25800.5
1772072100,25801.75,25817.5,25801.75,25813.5
1772072400,25814,25819,25808.5,25812
1772072700,25811.75,25812.25,25805,25807.25
1772073000,25807,25810.5,25801,25801.5
1772073300,25801,25809,25799.5,25804
1772073600,25803,25806,25795.75,25801.5
1772073900,25801.75,25810.5,25801.75,25808.5
1772074200,25808.25,25816.5,25807.75,25810
1772074500,25811.25,25815.5,25809.25,25815
1772074800,25813.75,25819.25,25809.5,25812
1772075100,25810.25,25811.75,25802,25802
1772075400,25803.75,25810.25,25801.75,25808.25
1772075700,25808.5,25816.5,25807.25,25808.25
1772076000,25809,25815,25807.25,25813.75
1772076300,25813,25818.25,25811.5,25813
1772076600,25812.25,25821.5,25810.75,25819.5
1772076900,25819.5,25824.25,25816.5,25818
1772077200,25817.75,25830.5,25817.75,25820
1772077500,25819.25,25825.25,25817.75,25820.25
1772077800,25819.75,25820.75,25813.25,25813.5
1772078100,25813.25,25815.75,25805.5,25808.75
1772078400,25807.5,25815.75,25802.75,25807
1772078700,25807.75,25817.5,25805,25817.5
1772079000,25816,25817.25,25806.75,25808
1772079300,25807.75,25809.5,25802.25,25808.25
1772079600,25808.25,25811.25,25805.25,25807
1772079900,25806.75,25808.5,25802.75,25805.75
1772080200,25806.5,25808.5,25800.25,25801.25
1772080500,25802,25812.75,25801.5,25810.25
1772080800,25809.75,25809.75,25805.5,25807.25
1772081100,25806.75,25808.25,25803.75,25807.25
1772081400,25808.25,25813.25,25807.25,25810.25
1772081700,25809.75,25809.75,25806.25,25807.25
1772082000,25806.5,25808.75,25791,25799
1772082300,25798.75,25800.75,25790.25,25797
1772082600,25797.5,25800.75,25791.75,25792.25
1772082900,25792,25807,25790.5,25807
1772083200,25806.25,25810.75,25803.5,25807.25
1772083500,25807.5,25808.75,25800.5,25802.75
1772083800,25802.5,25805,25798.75,25802.75
1772084100,25802,25806.5,25799.25,25803
1772084400,25802.5,25807,25801.5,25804.5
1772084700,25806,25816.5,25805.5,25813.75
1772085000,25812.75,25813.25,25802.5,25805.75
1772085300,25806.75,25816.75,25806.75,25815
1772085600,25815,25828.25,25814,25814.25
1772085900,25815.25,25833.25,25815,25831.75
1772086200,25831.25,25840,25829.25,25840
1772086500,25840,25840.5,25825.5,25830.75
1772086800,25830.25,25837,25827.5,25831.75
1772087100,25832.25,25833.75,25823.75,25827
1772087400,25826,25842.5,25823.75,25837.25
1772087700,25837,25845,25833,25842
1772088000,25842.5,25847.5,25837.25,25841.75
1772088300,25842.5,25852,25840.25,25843
1772088600,25842.75,25848,25829.25,25831.75
1772088900,25831.5,25836.5,25829.25,25834.5
1772089200,25834.25,25847.75,25833.25,25846.5
1772089500,25845.75,25853.25,25841,25853.25
1772089800,25852.25,25858,25846.5,25854.5
1772090100,25853.75,25856.25,25848.25,25854
1772090400,25853.75,25862.75,25838.75,25839.25
1772090700,25839,25850.25,25835.75,25848.25
1772091000,25848,25855.5,25846.75,25850.5
1772091300,25850.75,25853.5,25846.25,25850.5
1772091600,25849.5,25868.5,25849.25,25867.5
1772091900,25867,25871.75,25855,25859.75
1772092200,25858.75,25863.5,25852.5,25861.75
1772092500,25861,25864.5,25854,25854.25
1772092800,25855,25867.5,25851,25860.5
1772093100,25860.25,25868,25854.25,25857
1772093400,25856.25,25874.25,25854.75,25872
1772093700,25872.5,25888.5,25871.5,25888
1772094000,25887.25,25899.25,25873,25876.75
1772094300,25877.25,25885,25870,25879
1772094600,25879.75,25882,25858.5,25866.25
1772094900,25866.75,25873.25,25857,25866.25
1772095200,25864.5,25867,25857.75,25862.75
1772095500,25860.5,25864.5,25850.25,25853.5
1772095800,25854.5,25863.25,25853.5,25855.25
1772096100,25855.5,25867,25855.25,25857
1772096400,25856.75,25867.5,25854.5,25857.5
1772096700,25858.5,25864.5,25853,25862.25
1772097000,25862,25879,25860.75,25879
1772097300,25879.75,25884.25,25871.5,25873.25
1772097600,25873.25,25882.75,25871,25871.5
1772097900,25871.25,25887.25,25871,25886.75
1772098200,25886.25,25894.5,25882.25,25886
1772098500,25887.5,25899.75,25887.5,25898.25
1772098800,25899,25905.5,25895.5,25900.5
1772099100,25901,25908.5,25899,25906.25
1772099400,25905.5,25906,25887.25,25888.75
1772099700,25888.25,25891.75,25884.25,25885.5
1772100000,25886.25,25890.5,25882.25,25887.75
1772100300,25887.5,25889.25,25880.75,25886.5
1772100600,25885.75,25895.25,25885.5,25890
1772100900,25890.5,25892.5,25879.75,25884
1772101200,25883.25,25886.5,25871.25,25872.25
1772101500,25872.75,25877.5,25869.25,25870.5
1772101800,25870.5,25880.25,25868.25,25873.25
1772102100,25874.75,25875,25860.25,25868.75
1772102400,25868,25877.5,25867,25875
1772102700,25876.25,25876.25,25868.5,25869.25
1772103000,25870.25,25870.25,25860.25,25861.75
1772103300,25861,25864.75,25854.5,25863.5
1772103600,25864.5,25867.75,25852.25,25863.75
1772103900,25863.5,25870.25,25860.5,25862
1772104200,25862.25,25868,25856.25,25863.5
1772104500,25861.25,25861.75,25857,25859.75
1772104800,25858.75,25868,25858,25866.5
1772105100,25867.75,25876.5,25867.5,25872
1772105400,25869.75,25877,25867,25871.5
1772105700,25872.75,25876.75,25868.25,25873.25
1772106000,25873.25,25874.25,25863.25,25863.75
1772106300,25864.5,25869.5,25857.75,25868.5
1772106600,25869.5,25873,25861.25,25868.5
1772106900,25869,25876.5,25866.75,25869
1772107200,25868.75,25884.5,25867.25,25879.5
1772107500,25881,25885.5,25875,25883.75
1772107800,25884.25,25886,25870.5,25872
1772108100,25871.25,25887.75,25870.25,25876.5
1772108400,25877,25891.25,25875,25890.75
1772108700,25890.75,25896,25883.25,25893.75
1772109000,25893.75,25895.75,25885,25891.75
1772109300,25891.25,25891.25,25876.25,25883.25
1772109600,25884.25,25897.75,25882.5,25894.25
1772109900,25893.25,25893.75,25882.75,25886.5
1772110200,25885.75,25889.75,25880.5,25884.5
1772110500,25883.75,25890,25877,25881
1772110800,25879.75,25887,25868.25,25870.5
1772111100,25870,25880.5,25868.5,25877.75
1772111400,25877.25,25886,25871.75,25884.5
1772111700,25884.25,25898.75,25880,25891.75
1772112000,25891.75,25899,25889.5,25892.75
1772112300,25893,25906.25,25891,25905.25
1772112600,25905.25,25909.75,25898.5,25907
1772112900,25906.5,25908,25894.25,25904
1772113200,25904,25907.25,25893,25894.25
1772113500,25894.5,25922.25,25892.5,25918
1772113800,25917.75,25917.75,25901,25904.75
1772114100,25904.5,25907.25,25887.5,25890.75
1772114400,25890,25905.75,25889,25896.25
1772114700,25896,25897.25,25879.5,25881.25
1772115000,25880.75,25886.75,25874,25885.25
1772115300,25884.75,25891.75,25873.5,25889.25
1772115600,25889.25,25890.5,25867.25,25877
1772115900,25877.5,25877.75,25848,25848.25
1772116200,25849,25849,25763,25778.75
1772116500,25779.25,25802.75,25731.5,25782.25
1772116800,25783.25,25800.5,25739,25773.5
1772117100,25772.25,25773,25716.25,25737.25
1772117400,25736.75,25761.25,25695.5,25723.25
1772117700,25722.75,25748.5,25688.25,25700
1772118000,25700.5,25717.75,25641.25,25680.25
1772118300,25680.5,25685,25648.5,25652.75
1772118600,25652.75,25681,25571,25573.25
1772118900,25574,25574.25,25453.75,25462
1772119200,25459.75,25488.25,25407,25423.75
1772119500,25424,25477.5,25392,25439.25
1772119800,25440,25443.5,25368.75,25378.25
1772120100,25379.5,25483,25378,25482.25
1772120400,25481.75,25507.75,25466.25,25496.5
1772120700,25496.5,25533.25,25486.25,25522
1772121000,25520.5,25533.75,25491.25,25516.5
1772121300,25516.25,25531,25487.5,25505.75
1772121600,25506.5,25534,25492.5,25531.25
1772121900,25530.5,25548,25504.25,25530.5
1772122200,25531.25,25558,25527,25554
1772122500,25554.5,25576.75,25538.25,25541.75
1772122800,25541.75,25567,25534.75,25555.75
1772123100,25557.5,25592.5,25556.75,25565.75
1772123400,25565.75,25577,25553,25571.5
1772123700,25572,25575.25,25513.75,25524.75
1772124000,25524.5,25543.25,25504,25508.5
1772124300,25508.75,25529.25,25482,25527
1772124600,25527,25536.5,25484,25484.5
1772124900,25486.25,25490.25,25461.25,25470.5
1772125200,25470.75,25505.5,25467,25502.5
1772125500,25502.5,25516.25,25494,25496
1772125800,25496,25510.25,25473.5,25473.5
1772126100,25474,25484.5,25460,25472.5
1772126400,25473,25477.5,25461.75,25472.25
1772126700,25472.25,25481.25,25466,25475
1772127000,25473.75,25515,25471.75,25499.5
1772127300,25499.5,25499.75,25451.5,25462.25
1772127600,25462.5,25470.5,25449.25,25451.5
1772127900,25451.25,25456.25,25422.75,25428.75
1772128200,25428.25,25460.5,25419,25458.25
1772128500,25457.75,25457.75,25433.25,25441.75
1772128800,25442.25,25446,25415,25422.25
1772129100,25424,25433.5,25395.75,25412.5
1772129400,25412,25429.5,25408,25415.25
1772129700,25415,25438,25397.5,25436
1772130000,25435.75,25439.75,25414,25439.25
1772130300,25437.75,25442.75,25423.5,25426.75
1772130600,25425.75,25488,25415.25,25481.75
1772130900,25482.25,25513.75,25465.5,25504.5
1772131200,25505.75,25521,25496.5,25506.5
1772131500,25506.75,25537.75,25489.25,25506.75
1772131800,25506.75,25508,25484.25,25499.25
1772132100,25498.75,25518.75,25493.5,25508.5
1772132400,25509,25538.75,25495.25,25533.5
1772132700,25534,25565.75,25530.75,25562.25
1772133000,25563,25579,25555,25566.5
1772133300,25566.75,25589,25565.5,25570
1772133600,25570.5,25593.25,25565.5,25585.75
1772133900,25585,25585.75,25547.25,25555.25
1772134200,25555.75,25585.25,25546.5,25579.5
1772134500,25579.75,25582,25564.75,25569.75
1772134800,25570.5,25575.5,25562.5,25570.5
1772135100,25571.25,25600.75,25570.5,25592.75
1772135400,25592.5,25598,25577.25,25597.5
1772135700,25598,25606,25568.25,25570
1772136000,25569.75,25595,25560.75,25590.75
1772136300,25591.25,25601.75,25555.25,25556.5
1772136600,25556.75,25560.25,25543.75,25544.25
1772136900,25544,25560.5,25533.75,25554.5
1772137200,25554.75,25558,25531,25540.5
1772137500,25541.25,25552.75,25533.25,25536.75
1772137800,25535.75,25576.5,25534.5,25576
1772138100,25576.5,25579.75,25563,25577
1772138400,25576.5,25579,25558.25,25572.25
1772138700,25572.25,25576.25,25553.25,25564.75
1772139000,25564,25574.25,25547.25,25572
1772139300,25571.5,25593.75,25563.5,25590.25
1772139600,25589.75,25597,25575,25589.5
1772139900,25589,25595.5,25565,25570.5
1772140200,25570.25,25578,25567.25,25577
1772140500,25577,25581.25,25573,25575.75
1772140800,25575,25582.5,25569.75,25574
1772141100,25573.5,25576.5,25569.25,25575
1772141400,25575.25,25579,25569.5,25570.75
1772141700,25570.5,25571.75,25555,25563.25
1772142000,25564,25566.75,25554.5,25557.5
1772142300,25556.5,25557.25,25545.25,25549.5
1772142600,25549.75,25559,25545.25,25546.5
1772142900,25546.75,25551.25,25531.75,25535
1772146800,25531.25,25537,25482,25487
1772147100,25487.75,25495,25462,25489.25
1772147400,25489.5,25529.5,25482.5,25524.25
1772147700,25525.5,25542,25517,25536.25
1772148000,25536.5,25545,25531,25531.25
1772148300,25532,25532.5,25517.75,25529
1772148600,25530.25,25530.5,25510.5,25516.5
1772148900,25516.5,25516.5,25494.5,25513
1772149200,25511.5,25513.25,25491.75,25497.25
1772149500,25498.25,25507.5,25485,25485.5
1772149800,25486,25504,25482,25502.75
1772150100,25503.25,25511,25493.75,25502.25
1772150400,25502,25506.5,25488.25,25492.75
1772150700,25492.75,25518.5,25489.75,25513
1772151000,25514.5,25528.25,25509.75,25518.75
1772151300,25517.5,25530.5,25515,25528
1772151600,25527.25,25533.5,25513.5,25518.5
1772151900,25519,25519,25501,25506
1772152200,25505.5,25510.25,25488.5,25497.25
1772152500,25496.25,25505.5,25476.75,25479.25
1772152800,25480,25486,25465,25467.25
1772153100,25467,25494.25,25461.75,25493.75
1772153400,25494,25503.25,25489.25,25492.75
1772153700,25492.75,25496,25487,25493
1772154000,25493,25505.75,25493,25503.5
1772154300,25504,25508,25485,25486
1772154600,25486.75,25513,25482.75,25510.5
1772154900,25510.75,25525.25,25506.75,25510
1772155200,25508.75,25514.5,25493.75,25499
1772155500,25499.75,25514.5,25493.75,25496
1772155800,25494.25,25504.25,25479.75,25504.25
1772156100,25504.25,25513.5,25496.75,25502.5
1772156400,25502.75,25502.75,25482,25483.25
1772156700,25483,25494.5,25478,25481.5
1772157000,25484.5,25502.25,25482.5,25498.5
1772157300,25497.75,25510.5,25493.5,25498.75
1772157600,25501.5,25513.25,25501.5,25510.25
1772157900,25509.5,25524.25,25505.75,25509.75
1772158200,25509.25,25509.75,25492.25,25506
1772158500,25505.5,25520.25,25504.75,25517.5
1772158800,25518,25521.25,25509.25,25516
1772159100,25515.75,25526,25515.75,25523.25
1772159400,25522,25523.5,25512.25,25512.5
1772159700,25512.5,25514.25,25500.5,25511.25
1772160000,25511.5,25515,25505,25513.75
1772160300,25514.25,25524.25,25509.75,25524.25
1772160600,25523.75,25530.5,25518.5,25528.25
1772160900,25529,25540.25,25524.75,25538.75
1772161200,25539,25543,25536,25541
1772161500,25541.25,25541.5,25536.25,25538.25
1772161800,25537,25538.5,25531,25533.75
1772162100,25534.25,25539.25,25526,25531
1772162400,25531.25,25531.25,25520.75,25526.75
1772162700,25525.75,25526.75,25518.25,25522
1772163000,25522,25530.5,25521.75,25524.5
1772163300,25525.25,25526,25508.75,25518.25
1772163600,25518,25525.25,25517.75,25524.75
1772163900,25524.25,25534,25518.75,25529
1772164200,25528,25535.5,25525,25530.5
1772164500,25532,25541.25,25531.75,25531.75
1772164800,25533.5,25543.25,25532,25540.5
1772165100,25541,25543.25,25533.25,25537.25
1772165400,25539.25,25541.5,25530,25531.25
1772165700,25531.75,25531.75,25519,25522
1772166000,25520.25,25536.5,25519.25,25534.75
1772166300,25534.75,25537,25533.5,25534.5
1772166600,25534.25,25535,25528.5,25532.25
1772166900,25531,25541.5,25524.25,25536.5
1772167200,25536.5,25541.5,25534.75,25539.5
1772167500,25539.25,25539.25,25533,25536
1772167800,25536.75,25539,25529.75,25531.25
1772168100,25530.5,25532.75,25527.5,25530.75
1772168400,25531.75,25544.75,25531,25544.75
1772168700,25543.75,25551.5,25542.5,25544.25
1772169000,25544,25554.25,25540,25553.75
1772169300,25552.75,25559.75,25552,25559
1772169600,25559.25,25564,25554.75,25556
1772169900,25556.5,25564.25,25556.25,25562.5
1772170200,25562.25,25566.5,25561,25565.25
1772170500,25565.5,25566,25555.75,25562
1772170800,25562,25562.25,25555,25561.5
1772171100,25562.75,25568,25558.75,25562.75
1772171400,25562.5,25564.25,25551,25556
1772171700,25557.5,25558.75,25542.5,25546.5
1772172000,25547,25551.75,25541,25547.25
1772172300,25544.75,25553.25,25542.75,25548.25
1772172600,25548.75,25548.75,25517.25,25521.5
1772172900,25522,25525.25,25507.25,25511.75
1772173200,25512.25,25515,25498.75,25504.5
1772173500,25504,25515,25498.75,25513
1772173800,25511.25,25535.5,25510,25531.75
1772174100,25532.5,25543.75,25531.25,25535
1772174400,25536.75,25542.25,25533.5,25538.25
1772174700,25539.5,25544.25,25535.75,25542.5
1772175000,25542.75,25542.75,25532.25,25533.75
1772175300,25533.25,25541.25,25529,25539
1772175600,25540,25558.25,25539.75,25549.5
1772175900,25550.5,25561.75,25547,25557
1772176200,25557,25560.75,25551,25554.75
1772176500,25553,25566.75,25552.5,25565.75
1772176800,25565,25573.25,25562,25571.5
1772177100,25572,25580.25,25572,25578
1772177400,25577.5,25579.25,25570.75,25576
1772177700,25576.5,25582,25572,25574.5
1772178000,25573.75,25579,25568.25,25578
1772178300,25578.5,25586,25577.75,25581.5
1772178600,25582,25586,25574.5,25576.75
1772178900,25578,25583.5,25570.75,25581.5
1772179200,25579.5,25596.75,25574,25582.5
1772179500,25583.25,25593.25,25565.75,25575.25
1772179800,25575.25,25579.75,25552.75,25555
1772180100,25554.5,25574.75,25545.25,25572.5
1772180400,25574,25578.25,25560.5,25561
1772180700,25559.75,25572.75,25554.5,25563
1772181000,25564.25,25583.5,25556,25556
1772181300,25556.25,25567,25553.25,25567
1772181600,25566.75,25569,25561.25,25564
1772181900,25563.25,25570,25559.5,25564.75
1772182200,25566.5,25574.5,25563.5,25568
1772182500,25567,25577.75,25565.25,25574.25
1772182800,25574.75,25580.5,25557.5,25567.25
1772183100,25569.5,25587.5,25569.5,25575
1772183400,25574,25595.75,25573,25588
1772183700,25587.75,25603.25,25587.75,25599.5
1772184000,25598,25605.75,25575,25579.5
1772184300,25580,25588.25,25574.5,25585.5
1772184600,25585,25585.5,25570.75,25571
1772184900,25572,25575.5,25546,25557.75
1772185200,25558.25,25560.75,25537,25538
1772185500,25538,25547,25531.5,25542
1772185800,25541.75,25554.5,25535.25,25537.75
1772186100,25537.75,25547.25,25536.25,25536.25
1772186400,25537,25539.75,25495,25499
1772186700,25500,25518,25497.75,25513
1772187000,25512,25515.75,25473.75,25494.75
1772187300,25494.5,25519.25,25494.25,25513.25
1772187600,25514,25524.25,25510,25522
1772187900,25522,25528.75,25516.75,25524.75
1772188200,25524.5,25552,25524,25544.75
1772188500,25545.75,25545.75,25527.25,25528.75
1772188800,25527.75,25544.25,25527.5,25542.75
1772189100,25542.75,25542.75,25517.25,25519
1772189400,25519,25526,25505,25508
1772189700,25507.25,25511,25491.75,25508.25
1772190000,25507.25,25519.75,25502,25509.25
1772190300,25508.75,25514.75,25499.75,25502.75
1772190600,25503.75,25508.5,25493.25,25501.25
1772190900,25501.25,25504,25494,25502.25
1772191200,25503,25506.5,25493.75,25502.25
1772191500,25503.25,25514.75,25494.5,25498
1772191800,25498,25509.5,25490.25,25501.5
1772192100,25502,25503,25466.5,25470.25
1772192400,25469.5,25474.75,25435.75,25445.25
1772192700,25446.25,25465,25445.25,25454
1772193000,25455.25,25465.75,25443.5,25444.75
1772193300,25444.5,25463.75,25438.25,25461
1772193600,25459.75,25464.5,25428.25,25444.5
1772193900,25445.25,25464,25431,25449.25
1772194200,25447.5,25486.5,25442.5,25483.75
1772194500,25484.5,25490.25,25478.5,25485.25
1772194800,25484.5,25501,25484.25,25497.75
1772195100,25497.25,25497.25,25479.25,25480.75
1772195400,25481.25,25492.5,25476.5,25482.5
1772195700,25482.5,25483.75,25450,25461.75
1772196000,25462.25,25464.25,25432.75,25435
1772196300,25434.25,25445,25418.25,25422.25
1772196600,25421.5,25441.25,25419.25,25428.5
1772196900,25428.75,25430.75,25405,25428.75
1772197200,25426.5,25445,25422.5,25444.5
1772197500,25443.5,25449.75,25421.25,25423.75
1772197800,25425.25,25445.25,25412.25,25417.5
1772198100,25418.75,25428,25397.5,25408.5
1772198400,25407.25,25431,25401,25402.75
1772198700,25402.5,25405,25381,25387.25
1772199000,25388.25,25390.25,25322,25343.25
1772199300,25344.75,25352.5,25312.75,25332.25
1772199600,25330.75,25352,25300.75,25346.75
1772199900,25347,25369.75,25339.25,25365.5
1772200200,25366.5,25375,25346.5,25352.75
1772200500,25353.5,25386.25,25345.75,25377.5
1772200800,25378,25385,25348.75,25353.5
1772201100,25354.25,25357.25,25338.5,25352
1772201400,25350.25,25367.25,25343.25,25351.75
1772201700,25351,25351.75,25324.25,25328
1772202000,25328.25,25345.75,25325.5,25330.75
1772202300,25330.5,25342,25303,25321.25
1772202600,25322.25,25411.25,25312,25387.5
1772202900,25388.25,25416,25347.5,25407.75
1772203200,25407.25,25410.5,25289,25351.25
1772203500,25352.25,25445.5,25323.25,25433.75
1772203800,25433.75,25442.5,25377.75,25390.75
1772204100,25389.5,25407,25357,25387
1772204400,25386.5,25460.5,25373.5,25428.75
1772204700,25430.25,25487.25,25425.25,25461.5
1772205000,25463,25500.5,25457,25460.25
1772205300,25461.25,25478,25428.25,25455
1772205600,25454.25,25504.5,25447,25488.25
1772205900,25487.5,25490.5,25452,25478.25
1772206200,25478,25484.25,25435,25461.75
1772206500,25461.5,25502,25459.75,25480
1772206800,25480.75,25514.25,25462.5,25505.5
1772207100,25506.25,25524.25,25483.25,25489
1772207400,25489.75,25493.25,25432.25,25449.75
1772207700,25449.75,25494.25,25429.5,25489.75
1772208000,25490.5,25528.5,25483.25,25509.75
1772208300,25509.5,25513.25,25450.25,25457.75
1772208600,25458,25500.75,25457.5,25495.75
1772208900,25495.75,25520.75,25485,25497.25
1772209200,25496.25,25498,25461.5,25492
1772209500,25490.75,25504.5,25469.75,25475
1772209800,25476,25516.75,25473.25,25512.5
1772210100,25513.75,25516.25,25479.25,25483
1772210400,25482.25,25482.25,25439.5,25443
1772210700,25443,25462.25,25438.5,25443.5
1772211000,25443.75,25495.5,25443.25,25494
1772211300,25493.5,25512.75,25472,25475.75
1772211600,25476.25,25519.25,25474.5,25507.5
1772211900,25507.5,25543.75,25500.75,25535
1772212200,25535.25,25536,25463.5,25467.75
1772212500,25468.25,25469.75,25443.5,25449.25
1772212800,25448.5,25453,25407.25,25445.75
1772213100,25445.25,25474.25,25441.25,25459.75
1772213400,25459.5,25497,25437,25489.75
1772213700,25489.5,25501,25465.75,25466.5
1772214000,25467.25,25472.5,25432.25,25440.75
1772214300,25441.75,25442,25421,25433
1772214600,25433.5,25454.75,25422.25,25443.25
1772214900,25443.25,25460.75,25443,25452.5
1772215200,25452,25462.25,25429.25,25436.5
1772215500,25435.75,25450.25,25423,25428.75
1772215800,25428.25,25440.5,25418.25,25421.25
1772216100,25419.5,25427,25401,25405.5
1772216400,25404.75,25414.25,25387.5,25400
1772216700,25400,25425,25381.75,25418
1772217000,25418,25424.5,25401.25,25409.25
1772217300,25409.5,25421.5,25395,25414
1772217600,25413,25438.25,25413,25419
1772217900,25419.25,25431,25408.75,25412.25
1772218200,25412.25,25423,25398.75,25407.75
1772218500,25407,25418,25393,25409.75
1772218800,25409.5,25454,25407.25,25451
1772219100,25451,25470,25411.75,25418.5
1772219400,25418,25429.25,25404.25,25416.25
1772219700,25417.25,25428.75,25408.75,25416
1772220000,25416.75,25424.5,25405.75,25412.25
1772220300,25411.75,25429,25405,25413.75
1772220600,25413.25,25414.5,25396.75,25407.75
1772220900,25407,25426.5,25406.5,25418.5
1772221200,25416.25,25420.5,25380,25393.5
1772221500,25393.75,25406,25387,25391.75
1772221800,25391.5,25403,25388.5,25394
1772222100,25393.75,25411.25,25392.25,25402.25
1772222400,25401.25,25424.5,25400.5,25407.25
1772222700,25407.25,25431,25405,25422
1772223000,25422,25475.75,25420.25,25475.75
1772223300,25475.5,25492.25,25471.75,25487.75
1772223600,25487.75,25511.5,25473.25,25500.5
1772223900,25499.75,25509,25483.25,25485.75
1772224200,25485.5,25492.75,25464.25,25467.25
1772224500,25467.25,25468,25428.75,25432
1772224800,25432.5,25465.5,25430.25,25442.5
1772225100,25442.25,25464,25436.75,25463
1772225400,25461.25,25492.75,25449.25,25489.5
1772225700,25490.25,25529.75,25473.5,25505.25
1772226000,25505.25,25505.75,25479.75,25489
1772226300,25489.25,25492.75,25469,25474.5
1772226600,25474,25486.5,25469.5,25483.5
1772226900,25483.75,25487.25,25469,25472.5
1772227200,25472.75,25473.5,25446.25,25455.75
1772227500,25455.25,25473.25,25451,25467.5
1772227800,25468.25,25485.25,25466.25,25477.5
1772228100,25477,25483.25,25467.75,25467.75
1772228400,25467.75,25476,25467.5,25469.5
1772228700,25470.25,25470.75,25449.75,25455.75
1772229000,25454.75,25459,25449.25,25452.25
1772229300,25452,25471.75,25450.25,25459.75
1772406000,25189.5,25271.25,25142.5,25250
1772406300,25251.75,25301.5,25238.25,25294.25
1772406600,25292.5,25322,25274.75,25284
1772406900,25282.5,25308.25,25264.5,25279.25
1772407200,25277.75,25307,25272,25276.5
1772407500,25280.75,25290.75,25258,25272.25
1772407800,25271.75,25276,25239.5,25245.25
1772408100,25247.25,25259.75,25221.5,25254.75
1772408400,25254.75,25283.25,25250,25278.25
1772408700,25278.25,25286.25,25254.75,25271.25
1772409000,25269,25272.75,25238.5,25240.25
1772409300,25242.25,25250.75,25232.25,25249
1772409600,25246.25,25269.75,25230,25243.25
1772409900,25244,25272,25234.5,25261.75
1772410200,25262.5,25285.5,25257,25265.5
1772410500,25263.25,25265.75,25219.75,25238.5
1772410800,25240.25,25254.5,25225.5,25247.75
1772411100,25249,25254.5,25222,25240
1772411400,25239,25246,25221,25234.75
1772411700,25235.5,25243,25225,25239
1772412000,25241.25,25263.5,25240,25260.5
1772412300,25264.25,25284.75,25263.5,25273.5
1772412600,25274.25,25291,25274.25,25287.75
1772412900,25288.25,25303.25,25283,25293
1772413200,25292.5,25306.75,25279.5,25299.5
1772413500,25298.75,25370.5,25298.25,25358
1772413800,25359.5,25400.25,25359.5,25380.75
1772414100,25383.25,25390.75,25368.25,25383.75
1772414400,25384.25,25385.75,25360.25,25364
1772414700,25363.5,25383,25354.75,25376.5
1772415000,25377.5,25408.25,25369.25,25394
1772415300,25394,25404.5,25381.25,25395.25
1772415600,25395.25,25400.75,25372.25,25376
1772415900,25377.75,25380.25,25360,25365.25
1772416200,25365.25,25379.75,25363.5,25369.25
1772416500,25369.25,25375.25,25361.25,25368.75
1772416800,25371,25380.75,25361.75,25374.25
1772417100,25374.25,25380.75,25341,25343
1772417400,25341.25,25352,25330,25345.5
1772417700,25345.75,25352.5,25337,25339.5
1772418000,25337.25,25345.25,25321,25325.25
1772418300,25324,25330.75,25314.75,25316.5
1772418600,25318,25344,25311,25338.75
1772418900,25339.5,25349.25,25335.25,25347
1772419200,25347.75,25354.25,25339.5,25345
1772419500,25344.75,25349.25,25328.75,25328.75
1772419800,25328.5,25328.75,25303.5,25314.25
1772420100,25313.75,25333,25310.75,25328
1772420400,25328.25,25335,25310.75,25315
1772420700,25315,25327.5,25309.75,25319.75
1772421000,25320.25,25330.25,25320.25,25326
1772421300,25324.25,25337.5,25314,25337
1772421600,25337.25,25342.5,25312.75,25331.5
1772421900,25329.75,25335.25,25320,25326.75
1772422200,25330,25330,25302.5,25304
1772422500,25303.25,25316.75,25292.25,25311
1772422800,25312.25,25316.25,25295.25,25302.25
1772423100,25306,25309.5,25295.25,25308.5
1772423400,25310,25321,25302.5,25303.75
1772423700,25303,25304,25294,25298.5
1772424000,25299.75,25305.25,25294.75,25300
1772424300,25300.75,25305.25,25298.5,25301.75
1772424600,25300.5,25304.25,25285.25,25303.75
1772424900,25303.25,25316.5,25272,25275
1772425200,25277,25290.5,25247.75,25282.25
1772425500,25284.5,25308.25,25279,25306.5
1772425800,25307,25314.5,25300.25,25307.25
1772426100,25305.5,25316.75,25303.75,25313.75
1772426400,25314.75,25324.75,25300,25300
1772426700,25299.5,25303.25,25288,25290.75
1772427000,25289,25290.5,25273,25280.5
1772427300,25280,25280.5,25264.5,25267
1772427600,25266,25276.5,25252.5,25255.25
1772427900,25254.5,25259,25237.25,25245
1772428200,25244.25,25259.75,25243.5,25250.25
1772428500,25248.75,25264.5,25248.5,25255.5
1772428800,25257,25258.5,25225,25229.75
1772429100,25227.5,25244.5,25227,25236
1772429400,25238.75,25245.25,25234,25243.75
1772429700,25243.5,25256.25,25232.5,25237.75
1772430000,25237.5,25248.25,25234.25,25241.75
1772430300,25240.5,25245.25,25231.75,25234
1772430600,25235.25,25235.5,25217,25223
1772430900,25221,25223.5,25179,25184.25
1772431200,25182.75,25202.25,25181.5,25200
1772431500,25200.5,25210,25190.5,25203.25
1772431800,25203.5,25208.5,25191,25198
1772432100,25199.5,25205.75,25163.5,25165
1772432400,25163.75,25173,25140.5,25151.25
1772432700,25152,25180.5,25150,25175.25
1772433000,25176.75,25186.25,25165.25,25177.25
1772433300,25179,25179,25136.75,25139
1772433600,25138.5,25150,25123.75,25127.75
1772433900,25128,25129.25,25082,25088.5
1772434200,25089.25,25091,25035,25085.5
1772434500,25084,25101.5,25079.5,25097.75
1772434800,25095,25109.5,25080.5,25095.25
1772435100,25094.5,25105,25040,25049
1772435400,25049.5,25081,25040,25048
1772435700,25048.25,25085.75,25043.5,25051.75
1772436000,25051.25,25095.25,25040.5,25081.5
1772436300,25081.25,25094.5,25069.5,25074.25
1772436600,25073.25,25090.5,25057.5,25062.75
1772436900,25063.5,25077.25,25054,25074.5
1772437200,25075.5,25089,25061.75,25084
1772437500,25084.25,25084.25,25061.5,25065.25
1772437800,25066,25075,25049,25053.5
1772438100,25052.75,25069,25038,25047.5
1772438400,25049,25063,25014,25030.25
1772438700,25032.75,25046.25,25010,25018
1772439000,25017.25,25044,24990,25037.75
1772439300,25036.5,25044.25,24985,25010.5
1772439600,25011,25025,24984,24998
1772439900,24995.75,25021.75,24984.25,24996.75
1772440200,24994.75,25033.75,24992.25,25019.25
1772440500,25017.75,25055.25,25016.5,25054.25
1772440800,25054.25,25076.25,25052.75,25061.25
1772441100,25061.5,25088,25051,25077
1772441400,25076.75,25098,25076.75,25079
1772441700,25079.75,25085.75,25065.5,25070.5
1772442000,25069.25,25102.5,25059,25077.25
1772442300,25078.75,25125,25077.75,25125
1772442600,25124.5,25140.5,25119.75,25124.25
1772442900,25124.75,25155.5,25124.75,25139
1772443200,25140,25157,25128.25,25135.75
1772443500,25136,25159.5,25132.75,25144.5
1772443800,25145.75,25161.25,25137.25,25146
1772444100,25145.5,25155.5,25132.75,25133.25
1772444400,25133.75,25147.25,25119,25142.75
1772444700,25143.25,25144.75,25123.75,25133.5
1772445000,25132,25139.75,25117.25,25129
1772445300,25128.5,25145.5,25126.75,25136
1772445600,25135.5,25179.25,25132.5,25172.25
1772445900,25172.25,25191.25,25160,25171.25
1772446200,25174,25174.75,25145.5,25153.5
1772446500,25154,25163,25139.5,25156.5
1772446800,25158,25180,25153.75,25156.5
1772447100,25156,25164,25145,25163.75
1772447400,25164.25,25182,25163.5,25177
1772447700,25176.25,25191.5,25175,25190.25
1772448000,25188.5,25188.5,25161,25187.75
1772448300,25187.5,25190.75,25167.75,25171
1772448600,25168.5,25180.75,25162,25168.75
1772448900,25171,25171,25147.75,25164.75
1772449200,25164.75,25174,25161,25173.75
1772449500,25174,25175.75,25143.75,25145
1772449800,25145.75,25163,25145,25152.25
1772450100,25153,25168.75,25142,25165.5
1772450400,25166,25176.5,25153.75,25162.75
1772450700,25166.75,25178,25161.75,25162.75
1772451000,25162.75,25196,25162.75,25185.75
1772451300,25186.5,25196,25174,25175
1772451600,25175,25191.75,25169.25,25188.75
1772451900,25188,25236,25183.5,25229.25
1772452200,25230.25,25234.75,25194,25195.75
1772452500,25196.25,25198.75,25177,25195
1772452800,25192.75,25212.5,25183.75,25189.25
1772453100,25189.5,25193.5,25157.25,25164.75
1772453400,25163.25,25170,25143.75,25168
1772453700,25166.75,25166.75,25140,25140.75
1772454000,25140.75,25156.5,25137.75,25151
1772454300,25150.25,25163.5,25140.25,25141
1772454600,25141,25162.5,25139.75,25158.5
1772454900,25158.25,25162.5,25135,25143
1772455200,25142.75,25157,25141.75,25147
1772455500,25147.5,25171,25147.5,25161.5
1772455800,25162.25,25163,25128.5,25129.75
1772456100,25128.5,25145.75,25116.75,25136
1772456400,25137,25159.75,25128.5,25141.25
1772456700,25140.5,25165.5,25138.75,25149.75
1772457000,25151,25170.25,25150.75,25155.5
1772457300,25156.5,25185.75,25152.25,25172.75
1772457600,25174,25229,25169,25222.75
1772457900,25223.25,25246.25,25201.75,25207.75
1772458200,25208.75,25217.25,25183.5,25202
1772458500,25203.25,25206.5,25173.25,25186.75
1772458800,25187.5,25193.75,25162,25163.5
1772459100,25163.75,25182,25163.75,25170.5
1772459400,25170.5,25178.75,25149.75,25160.25
1772459700,25160.5,25161.25,25099.75,25127.75
1772460000,25128.5,25139,25114.75,25124.25
1772460300,25123.25,25159,25123,25147.25
1772460600,25146.25,25151,25132,25140
1772460900,25138.75,25143.5,25125,25133
1772461200,25134.25,25146.5,25125,25146
1772461500,25145.5,25156.25,25115,25151.75
1772461800,25151.5,25356.75,25112,25339.75
1772462100,25341,25392,25302.5,25311.75
1772462400,25312.5,25362,25307,25345.25
1772462700,25343,25404.5,25322,25399.25
1772463000,25399.25,25405.5,25316.5,25349.75
1772463300,25349,25376,25326.75,25369
1772463600,25369,25414.25,25309,25395.5
1772463900,25396.25,25430.75,25378.5,25408.25
1772464200,25409.75,25454.75,25407.5,25437.5
1772464500,25438.5,25453,25403.25,25420
1772464800,25420,25432,25373.75,25420
1772465100,25421,25435.5,25364,25388.75
1772465400,25388,25407.25,25349.75,25375.25
1772465700,25375.25,25426.25,25349,25425
1772466000,25425.5,25447.75,25401.5,25446
1772466300,25445.75,25465.5,25417.5,25432.25
1772466600,25432.5,25454.75,25389.5,25396.75
1772466900,25396,25439.25,25384.5,25431.5
1772467200,25430.75,25440.25,25399.5,25439
1772467500,25438.5,25485.5,25427.25,25484.75
1772467800,25484.75,25498.25,25468.25,25479.25
1772468100,25479.5,25482.75,25434.5,25438.75
1772468400,25437.25,25442.25,25422.5,25431
1772468700,25430,25433,25359,25374.5
1772469000,25373.5,25417.25,25368,25411
1772469300,25411.5,25474.5,25394.75,25473.75
1772469600,25473,25526.25,25471.5,25520.5
1772469900,25521,25546.75,25514,25522.75
1772470200,25523.75,25534.25,25501.75,25522.25
1772470500,25523.25,25551.25,25513.75,25540.5
1772470800,25540.75,25542.25,25515.75,25538
1772471100,25537.75,25547.5,25521.25,25536.75
1772471400,25536.5,25543,25514.5,25537.5
1772471700,25537.75,25575,25536.5,25569.25
1772472000,25568.75,25583.5,25558.5,25575.25
1772472300,25575.5,25576,25547.75,25552
1772472600,25551,25563.25,25535.75,25536.25
1772472900,25537,25562,25534,25540.5
1772473200,25541.25,25563,25533.25,25553
1772473500,25553.5,25566.5,25543.5,25556.5
1772473800,25557,25582.75,25547.25,25570
1772474100,25571,25578.25,25549.75,25572.75
1772474400,25573,25580.75,25563,25574
1772474700,25574.75,25581.75,25553.25,25553.25
1772475000,25553.25,25559.25,25543.5,25556.5
1772475300,25555.5,25557.75,25541.25,25542.75
1772475600,25543.5,25544.5,25523.75,25532.25
1772475900,25530.75,25552.75,25520.5,25543
1772476200,25543.25,25546.5,25524.25,25531.75
1772476500,25531.5,25531.5,25507.5,25516.5
1772476800,25516.5,25532.5,25506.75,25528.75
1772477100,25528,25528.75,25484.25,25506.5
1772477400,25506.75,25514.25,25489.75,25499.75
1772477700,25499.25,25501,25475.5,25479.5
1772478000,25479,25507.75,25473.25,25505
1772478300,25504.5,25538,25495.25,25535.25
1772478600,25536,25562.25,25534,25556
1772478900,25556.5,25594.75,25556,25580.5
1772479200,25580.5,25596,25570.5,25571.5
1772479500,25571.25,25592,25565,25586.25
1772479800,25586.75,25599.5,25575.5,25593.5
1772480100,25593.25,25605.25,25589,25590.5
1772480400,25590,25600,25578.75,25583.75
1772480700,25584,25608,25583.25,25601.5
1772481000,25601.25,25604.25,25591.25,25599
1772481300,25599,25600.75,25585.75,25589.75
1772481600,25589.5,25595.25,25572.5,25586.75
1772481900,25587,25597.5,25496,25507.75
1772482200,25508,25509,25466,25474.75
1772482500,25474.25,25527.75,25453.75,25507.75
1772482800,25508.5,25519.5,25481,25488.75
1772483100,25488,25505,25469,25473.25
1772483400,25474.5,25517,25469,25512
1772483700,25512.25,25522.75,25487.75,25509.25
1772484000,25509.25,25520,25481.5,25515.75
1772484300,25515,25537,25503.5,25518.75
1772484600,25519.25,25552.25,25515.5,25547.75
1772484900,25548.75,25569.75,25526,25530.25
1772485200,25529.25,25535.75,25511.25,25523
1772485500,25524.75,25526.5,25483.5,25488.5
1772485800,25489,25508.25,25486,25504.25
1772486100,25505,25507.5,25491.25,25495.75
1772486400,25495,25507.75,25491.5,25500.25
1772486700,25500.75,25505.25,25497,25504.5
1772487000,25503.25,25510.25,25499.5,25507.75
1772487300,25507,25514.75,25504.75,25512.25
1772487600,25512.25,25514.5,25508.75,25512.25
1772487900,25512.25,25513,25485.5,25504.75
1772488200,25505,25513.5,25501.5,25503
1772488500,25503.75,25513.25,25500.25,25502.75
1772492400,25509.75,25518,25472,25502.25
1772492700,25501.5,25506.75,25477.5,25489
1772493000,25489.5,25490.75,25473.5,25479
1772493300,25480.25,25484.25,25471.75,25479
1772493600,25479.5,25479.5,25454,25463.75
1772493900,25463.25,25476,25455,25467.75
1772494200,25470,25478.5,25460,25460
1772494500,25461.75,25463,25451.25,25455.5
1772494800,25456,25462.75,25453.5,25454.5
1772495100,25454.25,25469.75,25454,25463.25
1772495400,25463.75,25478,25461.5,25476
1772495700,25475.75,25485.75,25466,25478
1772496000,25479.5,25489.25,25458.25,25478.5
1772496300,25478.25,25488.25,25463,25467.75
1772496600,25470,25478.25,25446.5,25454.5
1772496900,25455,25464.25,25440.25,25443.5
1772497200,25443.5,25451,25437,25448
1772497500,25449.75,25454.25,25434,25446.5
1772497800,25449,25452.75,25440.25,25447.5
1772498100,25450.25,25451.75,25437.75,25446
1772498400,25446.75,25455.25,25441.75,25453.5
1772498700,25454.25,25459,25448.75,25453
1772499000,25454.5,25456.25,25442,25446.5
1772499300,25447,25447,25432,25438.5
1772499600,25438.75,25442.75,25411,25434.5
1772499900,25436.75,25445.5,25428.25,25443.5
1772500200,25443,25463.5,25442.75,25449.75
1772500500,25451.25,25464,25445.5,25453.25
1772500800,25452.5,25466.5,25439.75,25462.75
1772501100,25465.5,25467,25428.25,25430.5
1772501400,25430.25,25441,25418.25,25424
1772501700,25426.25,25428.5,25400,25405.5
1772502000,25406.5,25425.75,25403,25416.75
1772502300,25417.5,25421,25407,25414.5
1772502600,25413.5,25413.5,25397,25400
1772502900,25399.5,25403.75,25376,25379.75
1772503200,25381,25385.25,25345,25355.75
1772503500,25355.75,25365.25,25342,25357.5
1772503800,25354,25365.5,25348.25,25360.5
1772504100,25364,25366,25321,25329.5
1772504400,25329.75,25341.5,25313.5,25329
1772504700,25330.5,25347.75,25319,25344.5
1772505000,25344.25,25359.5,25338,25350.25
1772505300,25348.5,25362.75,25343,25355.5
1772505600,25356.25,25386.25,25356.25,25369
1772505900,25367.75,25384.75,25359.5,25381
1772506200,25381.75,25382.5,25363.25,25367.25
1772506500,25368.75,25370,25357.75,25368.25
1772506800,25369.75,25390.25,25365.5,25367.5
1772507100,25367.75,25371,25351.25,25354.75
1772507400,25351.5,25359.25,25340.25,25358.75
1772507700,25359.75,25367.5,25343.75,25350
1772508000,25349.25,25350,25335.5,25336.25
1772508300,25337,25343,25323,25330.25
1772508600,25330.25,25340.5,25311.25,25332.25
1772508900,25335.25,25377,25333.5,25377
1772509200,25375.75,25380.25,25358.5,25370.25
1772509500,25372,25387,25356.75,25364
1772509800,25365.75,25367.75,25346,25355.75
1772510100,25355.25,25364.25,25347.25,25353
1772510400,25353.5,25371,25338.25,25339
1772510700,25339.25,25346.5,25332.5,25336
1772511000,25335.25,25351,25329.5,25342.25
1772511300,25342.75,25347,25321.75,25345.5
1772511600,25344.5,25353.25,25334.5,25346
1772511900,25345.25,25347,25307.75,25322.25
1772512200,25323,25337.5,25314.5,25317.75
1772512500,25319.5,25323,25307,25311.75
1772512800,25310.75,25328,25308.5,25325.25
1772513100,25326.5,25332,25295.75,25310.5
1772513400,25308.5,25319.5,25302.25,25308
1772513700,25309.5,25319.25,25302,25317.25
1772514000,25318.25,25329.5,25309.75,25310.75
1772514300,25309.75,25336,25305.75,25331.5
1772514600,25335,25336,25303.75,25315.75
1772514900,25317.25,25329.25,25312.5,25322.75
1772515200,25323.25,25325,25306,25319.25
1772515500,25320.5,25327.25,25310.75,25320.25
1772515800,25318.5,25318.5,25302.75,25309.5
1772516100,25310.5,25314,25280,25286
1772516400,25285,25299.75,25278.75,25283
1772516700,25283.25,25291.5,25271.5,25277.25
1772517000,25276.75,25281.5,25256,25272
1772517300,25272.5,25275.5,25251,25272.5
1772517600,25272.25,25296.25,25272.25,25275.25
1772517900,25275.25,25279,25250,25271.5
1772518200,25271,25279.75,25264,25270.5
1772518500,25270.25,25270.75,25243,25252.5
1772518800,25251,25277,25248.25,25272.75
1772519100,25273,25304.75,25266.5,25304.25
1772519400,25302.25,25307,25287,25287
1772519700,25290.25,25293.75,25275.25,25287.25
1772520000,25289,25292,25264.75,25265.5
1772520300,25264.75,25266,25244,25248.75
1772520600,25248,25263.75,25247.25,25262
1772520900,25263.75,25272.25,25257.5,25261
1772521200,25260.25,25266.75,25241,25266.5
1772521500,25264.75,25274.5,25228,25242
1772521800,25243,25252.75,25234,25245.25
1772522100,25245.25,25265,25235.5,25258.25
1772522400,25257.5,25260.75,25214.25,25231.5
1772522700,25231.25,25240,25199.75,25210.75
1772523000,25210.75,25220.5,25195.25,25198.25
1772523300,25196.75,25202.25,25183.5,25193.75
1772523600,25193.75,25215.5,25191.25,25208
1772523900,25207.5,25220.5,25189.75,25190.75
1772524200,25191,25200.5,25184.25,25197
1772524500,25197.25,25199.5,25175.5,25183
1772524800,25181.75,25198.75,25155,25185
1772525100,25186,25199.25,25165.75,25197
1772525400,25197.75,25201.5,25141,25145
1772525700,25145,25161.5,25134,25160
1772526000,25159,25169,25134.5,25134.5
1772526300,25135,25142.75,25104.75,25105.75
1772526600,25105,25119.75,25088,25114.75
1772526900,25114,25128.5,25056,25073.5
1772527200,25073.25,25075.25,25013.75,25046
1772527500,25045.75,25055,25024.75,25040.5
1772527800,25041,25054.25,25017.5,25024.75
1772528100,25022.75,25042,25012,25023.5
1772528400,25023.25,25061.25,25022.25,25050
1772528700,25048.75,25088.75,25034.5,25080.75
1772529000,25080.25,25084.75,25043,25067
1772529300,25065.5,25067,25029,25042
1772529600,25041.25,25062.25,25027,25058.75
1772529900,25059.25,25068,25016,25027.25
1772530200,25027,25042.5,25007.25,25009.25
1772530500,25010.75,25050.25,25002,25039.75
1772530800,25043,25048.5,25003.5,25007.25
1772531100,25007.25,25010,24977.75,24991
1772531400,24992.25,24999.25,24962,24976.25
1772531700,24976.75,24997,24951,24960.75
1772532000,24961,24991,24944.5,24979.5
1772532300,24981.25,24988.75,24932.5,24938.5
1772532600,24939,24966,24929,24958.5
1772532900,24954.5,24983,24944.75,24957.5
1772533200,24957.5,24987,24957.5,24968.75
1772533500,24965.5,24976.5,24940.75,24943.75
1772533800,24943.5,24958,24901.75,24910.75
1772534100,24911.75,24923.75,24900,24909.5
1772534400,24909.75,24977.25,24909.75,24976
1772534700,24975.25,24990,24958.25,24963.5
1772535000,24963,24985,24954.5,24962.5
1772535300,24959.5,24968,24907.25,24959.75
1772535600,24957.25,24985.25,24934.5,24976.25
1772535900,24975.25,24975.75,24931.5,24951.5
1772536200,24950.75,24959,24930,24935.5
1772536500,24935.25,24953.5,24901.25,24913
1772536800,24914.25,24972.5,24877,24971.25
1772537100,24970.75,24993.75,24954.75,24962
1772537400,24964.75,24988.75,24962.5,24973.25
1772537700,24974.5,25015.25,24967,24993.75
1772538000,24993.75,25008.75,24981,25005
1772538300,25004.75,25021.25,24988.25,24992.75
1772538600,24994.75,25016.75,24984,25015.25
1772538900,25014.25,25016.5,24978,24995.5
1772539200,24994,25024,24985.5,25021.75
1772539500,25021.5,25059.5,25013.5,25055.75
1772539800,25055.25,25083,25044,25062.25
1772540100,25063.25,25074,25042.5,25067
1772540400,25066.25,25108.25,25052.75,25080
1772540700,25080.25,25098,25073,25078.5
1772541000,25077.5,25085.75,25056.75,25085.25
1772541300,25086.25,25098.5,25067.25,25080.25
1772541600,25078.75,25092.75,25062.75,25088.25
1772541900,25089,25113.75,25084.5,25104.5
1772542200,25103.75,25112,25064.25,25085.5
1772542500,25084.25,25106,25083,25090.5
1772542800,25091,25097,25061,25072.5
1772543100,25072,25076.75,25048.75,25049.5
1772543400,25050.25,25065.5,25035.5,25056.5
1772543700,25057.5,25078.25,25046.75,25061.75
1772544000,25060.75,25082.5,25043.25,25056.75
1772544300,25057,25057.25,25022,25036.75
1772544600,25037.25,25039.75,24981.25,25012
1772544900,25010,25020.25,24984.5,25005
1772545200,25006.75,25028.5,24990,25002.5
1772545500,25003,25007.25,24973,24982.75
1772545800,24983.25,25008,24954.75,24985.75
1772546100,24985,25006,24980.5,25003
1772546400,25004,25007.25,24973,24989.5
1772546700,24988.75,25014,24984.5,25004.25
1772547000,25004.25,25004.25,24963,24985.75
1772547300,24985.25,25018,24978.25,25003
1772547600,25003,25050.5,24998.25,25022.25
1772547900,25023.5,25044,25014.75,25042
1772548200,25042,25134,25022.25,25035.5
1772548500,25036,25168.25,25009.5,25100.75
1772548800,25099.75,25117.5,25021.5,25040
1772549100,25039,25121.25,24997.5,25009.25
1772549400,25009,25076.75,24996.25,25050
1772549700,25051,25058,24987.25,24996.25
1772550000,24996,25069.5,24970.25,24992
1772550300,24991.25,25048.5,24966.75,25010.5
1772550600,25010.5,25057.75,24986.75,25008.25
1772550900,25008,25025.5,24934.5,24941.75
1772551200,24941.25,24949.5,24891,24904.75
1772551500,24904.25,24909.25,24859,24865.5
1772551800,24865.75,24947,24863.25,24912.25
1772552100,24913.5,24966.75,24900,24945.5
1772552400,24944,24979.75,24909.25,24922.25
1772552700,24922.5,24967,24899.75,24927.5
1772553000,24926.25,24947,24880,24888
1772553300,24888,24960,24884,24953.75
1772553600,24954.25,25031.5,24943.5,25026.25
1772553900,25027.5,25093.25,25026.25,25071.75
1772554200,25073,25099,25051.5,25079
1772554500,25080,25127,25079.25,25091.5
1772554800,25092.25,25139.75,25077,25135
1772555100,25135.75,25149.5,25119,25125.75
1772555400,25125,25132,25070.25,25115.25
1772555700,25116,25153,25107.5,25132
1772556000,25130.75,25160.75,25091.25,25154.5
1772556300,25154.25,25231.75,25151.75,25197.25
1772556600,25197.5,25207,25172.5,25201.5
1772556900,25202,25218,25168,25179
1772557200,25178,25198.5,25149.25,25181.25
1772557500,25181,25197.25,25137.75,25145
1772557800,25144.75,25166.25,25127.5,25163.5
1772558100,25163,25187.5,25138.75,25181
1772558400,25181,25204.5,25147,25204
1772558700,25205,25219.25,25181.5,25211.75
1772559000,25212.25,25214.5,25116.75,25126.25
1772559300,25126.5,25156,25109.5,25134.5
1772559600,25135.5,25203.75,25133.5,25199.75
1772559900,25199,25206,25172,25195.5
1772560200,25195,25197,25135,25142
1772560500,25142.5,25162.75,25131.5,25148.5
1772560800,25148,25209.5,25147.75,25190.75
1772561100,25192.5,25209,25175.25,25208
1772561400,25207.25,25211,25158.5,25186
1772561700,25187,25216.25,25181.5,25211
1772562000,25210.75,25271.25,25209.75,25266.5
1772562300,25267,25279.25,25248.5,25253.75
1772562600,25253.25,25297.25,25249,25289.5
1772562900,25290,25316.5,25274.25,25313.5
1772563200,25313.75,25339.5,25298.75,25309.5
1772563500,25310,25319.25,25278,25314.75
1772563800,25317,25331.5,25300.75,25309.25
1772564100,25309,25319,25287.5,25307.25
1772564400,25306.5,25320.5,25290.75,25310.25
1772564700,25311,25315.75,25253,25255.75
1772565000,25256.5,25280.25,25237.25,25273.5
1772565300,25275.5,25301.75,25269.75,25283
1772565600,25284.25,25309.75,25282.5,25286
1772565900,25284.25,25291.5,25259,25266.25
1772566200,25266.5,25276.25,25222.75,25232.75
1772566500,25231.75,25323,25216.5,25292.5
1772566800,25292.25,25329.75,25283,25326.75
1772567100,25327.75,25357,25323,25332.5
1772567400,25332,25346,25273,25298
1772567700,25299,25305.25,25274,25294.25
1772568000,25294.25,25328.75,25280.75,25300
1772568300,25299.25,25320,25284.5,25315.75
1772568600,25315.25,25324.75,25280.5,25281.5
1772568900,25280.75,25295.25,25251.75,25262
1772569200,25264,25287.75,25258.75,25274.25
1772569500,25274.25,25297.25,25248.5,25289.75
1772569800,25289.25,25304.25,25280,25280.5
1772570100,25282,25314.75,25265.25,25276.25
1772570400,25277.25,25288.5,25262.75,25275
1772570700,25274.5,25287,25251.25,25271
1772571000,25270.5,25279.75,25225,25259.25
1772571300,25259.5,25271.75,25247.25,25264.25
1772571600,25264.25,25265.25,25239,25249.5
1772571900,25248.5,25256,25234,25240.5
1772572200,25240.5,25246.5,25235.25,25244.5
1772572500,25243.75,25253.75,25239.25,25248
1772572800,25248.75,25253,25243.25,25245
1772573100,25245.25,25245.5,25224,25230.5
1772573400,25230.5,25232.25,25198.5,25207.5
1772573700,25207.5,25221.25,25206.25,25219.5
1772574000,25220.25,25238.25,25219.5,25228
1772574300,25227,25227.25,25218,25222.5
1772574600,25222.25,25234.25,25220.5,25220.5
1772574900,25220.5,25227.25,25214.75,25216.75
1772578800,25217.75,25222,25184.75,25195
1772579100,25194.5,25233.75,25176.75,25228.25
1772579400,25228.5,25272,25223.25,25253.25
1772579700,25254.75,25266.5,25239,25252.25
1772580000,25250.25,25261,25236,25239.75
1772580300,25239.5,25247,25209.25,25213.75
1772580600,25215.5,25221.25,25207.5,25217.5
1772580900,25216.75,25229.25,25213.5,25220
1772581200,25218,25240,25218,25227.25
1772581500,25226.75,25247,25223,25238
1772581800,25242.25,25249,25224.75,25224.75
1772582100,25225.75,25230.75,25205,25210
1772582400,25209,25222,25188,25194
1772582700,25193.25,25229.25,25183,25229.25
1772583000,25226,25251.5,25206.75,25244
1772583300,25244.5,25303,25239.25,25298.75
1772583600,25298,25310.5,25277.5,25280
1772583900,25281.75,25290.5,25273.25,25273.75
1772584200,25275.25,25277.5,25227,25228.5
1772584500,25227,25233.25,25203,25212.5
1772584800,25213.5,25222,25195.75,25207
1772585100,25206.25,25252.25,25206.25,25243.25
1772585400,25245.25,25266.75,25244.25,25261.5
1772585700,25262.5,25273,25240.25,25254.5
1772586000,25256,25279.25,25243.5,25269.75
1772586300,25270.5,25271,25217.25,25226.5
1772586600,25225.25,25231.25,25198,25212
1772586900,25211.75,25226.5,25200.75,25206.25
1772587200,25207.75,25208.25,25144.5,25160.75
1772587500,25156,25179.5,25146.5,25160
1772587800,25158.75,25172,25137.75,25153.75
1772588100,25155.75,25209.75,25154,25194.5
1772588400,25194.75,25228.5,25189.5,25216
1772588700,25217.25,25220.75,25160,25169
1772589000,25168.75,25195,25152.5,25173.5
1772589300,25174.25,25193.75,25173,25183
1772589600,25183.5,25210.25,25143.5,25159.25
1772589900,25156,25167.25,25140.75,25149.75
1772590200,25150,25186.25,25141.25,25151
1772590500,25149.25,25170,25130.75,25170
1772590800,25170.75,25174.5,25151,25155.25
1772591100,25153.5,25153.5,25126,25129.5
1772591400,25128.75,25136.5,25104.75,25106
1772591700,25106.75,25121,25095,25115.25
1772592000,25115.75,25132,25105,25131.25
1772592300,25131.5,25156.25,25131.25,25152.75
1772592600,25154.25,25173.75,25136.5,25140.25
1772592900,25139,25158.75,25130.25,25144
1772593200,25144,25145,25093,25099.75
1772593500,25101,25131,25095,25129.5
1772593800,25129.25,25136,25096.5,25100.25
1772594100,25100.75,25103.5,25080.5,25102
1772594400,25102.75,25110.5,25062.5,25080.75
1772594700,25078,25086,25067,25076.5
1772595000,25075.25,25080,25033,25033
1772595300,25035,25079.5,25032,25064.5
1772595600,25065.5,25079,25045.5,25072.25
1772595900,25073.25,25096.75,25057.5,25081.5
1772596200,25082,25091.25,25063.75,25064
1772596500,25064,25107.75,25063.25,25106.25
1772596800,25107.25,25123,25101,25112
1772597100,25113.5,25151.75,25113.25,25139
1772597400,25140,25151.25,25120.75,25130
1772597700,25128.75,25144.25,25099.25,25102.25
1772598000,25104.75,25120,25093,25100
1772598300,25100.75,25112.75,25098,25100.25
1772598600,25098.75,25106.75,25083,25105
1772598900,25105.75,25112.5,25079.75,25092.75
1772599200,25089.5,25109.25,25073,25105.25
1772599500,25106,25112,25092,25107.5
1772599800,25108.25,25109.5,25082,25087.5
1772600100,25083.5,25114.5,25083.25,25095.25
1772600400,25097.75,25120,25072.25,25075
1772600700,25075,25093.25,25069.75,25086.5
1772601000,25088,25095,25069,25072
1772601300,25072.25,25100.75,25068,25089
1772601600,25085.5,25096,25050.5,25053.75
1772601900,25054.75,25066.5,25039.5,25064.5
1772602200,25064,25075.75,25053.25,25055.25
1772602500,25057.25,25090,25048,25081.5
1772602800,25081,25124.75,25080.75,25104.5
1772603100,25104.75,25113.75,25081.5,25084.5
1772603400,25083.5,25095.75,25080,25089.75
1772603700,25093.5,25098,25077,25081.25
1772604000,25080.5,25080.5,25045,25051.25
1772604300,25051.25,25065.5,25042.75,25044.5
1772604600,25046.25,25046.75,25018.5,25024.5
1772604900,25024.25,25029.5,25008,25010.75
1772605200,25011,25045.5,25006,25035
1772605500,25036,25056.25,25030,25054.25
1772605800,25054,25090.25,25048,25086
1772606100,25086.5,25097,25076,25082.75
1772606400,25084.75,25087.75,25074,25079.75
1772606700,25079.25,25082.5,25057,25061.5
1772607000,25059,25080.75,25054,25065.5
1772607300,25066,25081.5,25062.25,25079.25
1772607600,25077.25,25092,25067.75,25075.75
1772607900,25075.5,25083,25058.5,25074
1772608200,25072.75,25073,25044.5,25050
1772608500,25047.75,25072.25,25042.5,25058.25
1772608800,25058,25113.25,25058,25109.25
1772609100,25110.25,25122.25,25103,25108
1772609400,25109.5,25140,25104.5,25134
1772609700,25132.75,25146,25127.25,25139
1772610000,25138.75,25172.5,25138.75,25163.25
1772610300,25162.75,25170,25149,25158
1772610600,25158.25,25184.75,25155.5,25170.25
1772610900,25171.75,25181.25,25158,25164
1772611200,25164,25182.5,25148,25156
1772611500,25155.75,25182.75,25145.25,25166.75
1772611800,25165.5,25180.5,25142.75,25176
1772612100,25176.75,25195.25,25149,25175.75
1772612400,25175.5,25175.75,25121,25142.25
1772612700,25140.75,25146.5,25118.5,25136.75
1772613000,25136.75,25164.25,25129.25,25157.25
1772613300,25156.25,25162,25130.75,25132.5
1772613600,25133.25,25175.5,25126.75,25171
1772613900,25174,25181.25,25150.5,25179
1772614200,25181.75,25185,25151.75,25169.5
1772614500,25167,25172.5,25139.25,25151
1772614800,25155.25,25179.75,25134,25160.75
1772615100,25161.75,25166,25128,25160.25
1772615400,25159.75,25215,25156,25200.25
1772615700,25199.5,25227.75,25192.5,25207
1772616000,25206.25,25223,25198.5,25216.75
1772616300,25218.25,25218.25,25202.75,25213.75
1772616600,25214.25,25224.5,25201.75,25220.75
1772616900,25220.75,25241.75,25210.5,25215.25
1772617200,25215.5,25252.5,25210,25241
1772617500,25240.5,25271.25,25233.25,25266.75
1772617800,25266.5,25278.25,25254,25260.5
1772618100,25261,25267.5,25243.25,25261.75
1772618400,25261.25,25269,25252.75,25257
1772618700,25256.75,25344.25,25241.25,25329.25
1772619000,25329.5,25367,25318.75,25357.25
1772619300,25358.25,25373.25,25330.75,25343.25
1772619600,25342,25367.5,25332,25347
1772619900,25347.25,25347.5,25302.25,25312.25
1772620200,25313,25340.75,25312.25,25336.25
1772620500,25337.25,25352.25,25321,25330.75
1772620800,25329.5,25348.25,25318.5,25339.75
1772621100,25340.25,25353.25,25325.75,25346.75
1772621400,25345,25361.5,25319.25,25338.5
1772621700,25337.5,25352.5,25329.25,25349.5
1772622000,25349.75,25382,25346.5,25363.5
1772622300,25362.5,25374.5,25346.5,25354.25
1772622600,25355.25,25376.25,25347.75,25366
1772622900,25367,25402,25362.75,25396
1772623200,25397,25401.5,25378.25,25385.25
1772623500,25384.25,25393.75,25367.5,25371
1772623800,25371.5,25379.5,25337.75,25349.5
1772624100,25350.5,25354.75,25330.25,25346
1772624400,25345.5,25352.25,25323.25,25324.5
1772624700,25322,25343.25,25313.5,25320.75
1772625000,25322.75,25336.5,25310.25,25326.25
1772625300,25324.75,25332.5,25308.25,25312.5
1772625600,25313.25,25351.25,25313.25,25328.5
1772625900,25328.5,25350.5,25311.25,25316.5
1772626200,25316.25,25335.5,25312.75,25335
1772626500,25336.5,25336.5,25280.75,25292.25
1772626800,25291.5,25295.5,25264.25,25274.25
1772627100,25273.25,25277.75,25235,25238.25
1772627400,25239.25,25258.75,25227.5,25252.25
1772627700,25250.25,25286.25,25237.5,25286.25
1772628000,25286.75,25301.25,25271.25,25290.75
1772628300,25289.25,25289.75,25271,25277.5
1772628600,25276.25,25282.75,25265.25,25270.75
1772628900,25271.25,25310.25,25267,25307.75
1772629200,25307.5,25348.75,25302.5,25346.25
1772629500,25345.75,25395.75,25340,25392
1772629800,25393.5,25437.25,25391.25,25425
1772630100,25425,25433.75,25380.5,25393.25
1772630400,25391,25394.75,25370.25,25376.25
1772630700,25375.75,25398,25374.5,25389
1772631000,25389.75,25406,25367.25,25393
1772631300,25393.75,25403,25370.5,25397.75
1772631600,25397.25,25432,25384.25,25411.25
1772631900,25409.75,25424.75,25406,25419
1772632200,25419.25,25423.5,25393.75,25398.75
1772632500,25397,25425.25,25382.5,25396.25
1772632800,25396.5,25401.25,25381,25394.75
1772633100,25396.25,25411.5,25373,25382.25
1772633400,25381,25404.25,25375.5,25404
1772633700,25403,25410.75,25387.75,25408.75
1772634000,25407.75,25418.5,25387.25,25387.5
1772634300,25387,25387,25353.5,25360
1772634600,25360.5,25475.5,25344.25,25471.5
1772634900,25471.5,25477.25,25376.25,25392
1772635200,25393.75,25395,25347.75,25360.25
1772635500,25356.25,25442.5,25333,25403.5
1772635800,25403,25451,25372.5,25439
1772636100,25439.75,25449,25402,25426.25
1772636400,25429.75,25490.25,25398.5,25437.5
1772636700,25437.75,25508.25,25429.5,25501.75
1772637000,25502,25516.75,25464.5,25485.25
1772637300,25485,25542.75,25480.75,25539.75
1772637600,25540.5,25600.75,25529.25,25598
1772637900,25597.75,25653.25,25581.75,25646
1772638200,25646.25,25655.5,25619.5,25620.75
1772638500,25620.75,25636.5,25585.25,25589.25
1772638800,25590,25603,25567.75,25568.5
1772639100,25569.25,25574.75,25543.75,25567.5
1772639400,25567.75,25594,25551,25588
1772639700,25587.25,25639.5,25586.25,25634.5
1772640000,25634.25,25665.25,25633.75,25646
1772640300,25646.5,25650,25612,25617
1772640600,25618.25,25621.5,25566,25577.25
1772640900,25578,25601,25559.25,25572.75
1772641200,25573.25,25597,25558,25573.75
1772641500,25573,25628.25,25566.5,25612.75
1772641800,25612.75,25642.25,25604.25,25630
1772642100,25629.25,25646.75,25605,25621.5
1772642400,25622.75,25675.5,25616,25666.75
1772642700,25667,25677,25654.75,25671.25
1772643000,25671.5,25677.5,25646.25,25666.5
1772643300,25667.5,25676.25,25647.25,25652.5
1772643600,25653.25,25675.25,25639.25,25674.25
1772643900,25674.5,25681.25,25661.25,25668.5
1772644200,25668.75,25677.5,25662.5,25663.5
1772644500,25663.25,25668,25654,25662
1772644800,25661.75,25671.25,25640,25659.5
1772645100,25659.25,25673,25638,25639.75
1772645400,25640.25,25653.5,25612,25646.5
1772645700,25647.25,25674.75,25639.5,25671.75
1772646000,25672.5,25680.5,25653.25,25660.5
1772646300,25659.5,25678,25659.25,25668
1772646600,25668,25688.5,25657.25,25681
1772646900,25681.5,25684.25,25660,25675.75
1772647200,25677,25690,25670,25674
1772647500,25673,25689,25664.25,25679.5
1772647800,25680.5,25684.5,25665.5,25670.25
1772648100,25669.5,25673.75,25658.75,25659
1772648400,25659.25,25668,25647.5,25655
1772648700,25654.5,25681.75,25651,25678.75
1772649000,25679,25710.75,25677.5,25692
1772649300,25692.25,25710.5,25690.25,25700.75
1772649600,25700.75,25720.75,25699.75,25707.25
1772649900,25708,25714.75,25689,25712.25
1772650200,25712.25,25721.25,25707,25708.25
1772650500,25708,25709.25,25685.75,25699.75
1772650800,25699.5,25718.25,25693.25,25715.75
1772651100,25715.75,25718,25704.25,25711.25
1772651400,25711.25,25724.75,25709.25,25716.75
1772651700,25716.5,25723.25,25710.5,25715
1772652000,25714.75,25717,25701,25712.5
1772652300,25712.5,25714.25,25696.25,25701.5
1772652600,25701.75,25708.75,25690.5,25694.25
1772652900,25694,25711.5,25692.25,25711
1772653200,25711.75,25714,25694.5,25698.25
1772653500,25698.25,25705,25687.25,25703.75
1772653800,25703.5,25708.75,25700,25702.5
1772654100,25702.25,25704.75,25692.5,25696
1772654400,25695.75,25702,25687,25698.5
1772654700,25698.5,25702.25,25668.75,25675.25
1772655000,25675.5,25675.5,25654.25,25657
1772655300,25657.25,25662.25,25642.5,25646
1772655600,25646.25,25653,25631,25635.25
1772655900,25634.5,25660.25,25634.5,25658.25
1772656200,25657.75,25661.5,25642.75,25647.75
1772656500,25647.5,25665.5,25646,25654
1772656800,25654.75,25674.75,25650.75,25671.25
1772657100,25671.25,25672.75,25653.25,25656
1772657400,25656,25657,25620.5,25649.25
1772657700,25649.25,25657,25627,25627
1772658000,25627,25638.25,25599.5,25623.25
1772658300,25623,25655,25622,25648
1772658600,25648.25,25663.25,25644,25658.25
1772658900,25658.5,25670.25,25621,25652
1772659200,25652.75,25655.75,25627.5,25639
1772659500,25639.5,25648.25,25637.75,25646.25
1772659800,25646.5,25652,25640,25640
1772660100,25640,25646.75,25638.5,25638.5
1772660400,25639.25,25645,25637,25643.5
1772660700,25643.25,25651.25,25641.75,25647
1772661000,25646.75,25660.5,25645.5,25653.75
1772661300,25653.5,25654,25634.75,25645
1772665200,25663.5,25678.25,25647,25656.75
1772665500,25661,25678,25657.25,25676.5
1772665800,25676.5,25684.25,25675.75,25678.5
1772666100,25677.5,25679.5,25657.25,25662.25
1772666400,25660,25666.5,25650.5,25660.25
1772666700,25658.5,25666,25655,25658.5
1772667000,25659,25663.75,25652,25655.5
1772667300,25654.25,25665.25,25652,25660.25
1772667600,25660,25692,25659,25687
1772667900,25687.25,25697.75,25684.5,25686.25
1772668200,25687,25687,25676.5,25678.25
1772668500,25678.5,25683.25,25673,25678.75
1772668800,25678,25687,25667.25,25685.25
1772669100,25685,25699.5,25685,25696.5
1772669400,25696.25,25710.5,25689.75,25705.75
1772669700,25707,25757,25705.75,25735.75
1772670000,25735.5,25738.75,25721.5,25724.5
1772670300,25722.75,25727,25711,25719.25
1772670600,25720,25725,25709,25715.25
1772670900,25716.25,25726,25709.5,25724.5
1772671200,25725.5,25735.75,25713.25,25718.75
1772671500,25720,25726,25714.75,25721
1772671800,25721,25728,25705.5,25709.25
1772672100,25709.5,25719.5,25706.5,25715.25
1772672400,25716.75,25722.25,25702.25,25709.25
1772672700,25708.75,25724.5,25706.75,25707.75
1772673000,25708.75,25713.25,25691.5,25704.25
1772673300,25703.25,25704.5,25654.5,25658.5
1772673600,25659.25,25673.25,25641.25,25669
1772673900,25669.75,25680.25,25646.75,25647.75
1772674200,25647,25657.25,25642.5,25649.5
1772674500,25648.75,25674.75,25643.75,25671
1772674800,25671,25681.75,25579,25593
1772675100,25594.25,25628.5,25586.5,25604.75
1772675400,25607,25608,25569,25574.75
1772675700,25573.25,25584.5,25551,25578
1772676000,25577.75,25593.25,25567.25,25589.25
1772676300,25590.25,25595.75,25580,25590.25
1772676600,25591.25,25602,25580,25592.25
1772676900,25590.75,25601,25586,25586.25
1772677200,25587,25591,25566,25570.75
1772677500,25570,25582.25,25563.5,25575
1772677800,25577,25578.5,25557,25569.25
1772678100,25569.25,25596,25568,25595.5
1772678400,25594.25,25601.75,25582.75,25594.25
1772678700,25594,25612.25,25589,25611.5
1772679000,25612.25,25632.5,25598.25,25598.5
1772679300,25599,25602,25585,25598.25
1772679600,25597.75,25608.5,25581.5,25593
1772679900,25593.25,25607.5,25590.25,25603.25
1772680200,25600.5,25603.25,25583,25585.5
1772680500,25586.75,25593.5,25573,25574
1772680800,25575.5,25577.75,25562.75,25568
1772681100,25569,25578,25536.75,25554.5
1772681400,25555.5,25556.75,25532.25,25552.25
1772681700,25550.25,25560.5,25536.75,25554.25
1772682000,25555.25,25569,25545.5,25548.25
1772682300,25547,25550.25,25541,25545.5
1772682600,25547,25572.25,25537.5,25569
1772682900,25570,25577.75,25549.25,25555.25
1772683200,25553.75,25560.25,25538.75,25550.75
1772683500,25549.25,25581.75,25548.75,25578.75
1772683800,25578.25,25590.75,25573.5,25580.75
1772684100,25581.5,25587.5,25573.75,25587.5
1772684400,25587.5,25594.75,25579,25591.75
1772684700,25591.75,25595.75,25584,25595.75
1772685000,25595.75,25596.75,25573.75,25577.25
1772685300,25577.5,25602.75,25576.25,25595.75
1772685600,25595.25,25597.5,25588.25,25589.25
1772685900,25589.5,25608,25589,25606.5
1772686200,25605.25,25613.75,25592.25,25599.75
1772686500,25598.75,25611,25595,25609.5
1772686800,25610.25,25611.5,25591,25599
1772687100,25599.5,25608.5,25594.5,25607.5
1772687400,25607,25611.25,25593.75,25596
1772687700,25595.75,25595.75,25576.25,25577.75
1772688000,25578.5,25586,25574.75,25584.5
1772688300,25586,25597.5,25582.5,25584.25
1772688600,25584.5,25588,25573.25,25584.5
1772688900,25585.5,25587.5,25564.75,25572.5
1772689200,25571,25574.75,25559.5,25562.5
1772689500,25561.5,25573,25559.5,25566.25
1772689800,25566.75,25567.5,25553.25,25554.5
1772690100,25555,25556.5,25540,25541.75
1772690400,25542,25548,25526,25546
1772690700,25546,25546,25491,25495
1772691000,25494.75,25507.5,25490,25492.75
1772691300,25493.5,25519.5,25488,25516.75
1772691600,25517.25,25529.75,25515.75,25522.5
1772691900,25521.5,25523.25,25508.75,25517.75
1772692200,25517.5,25519,25493.75,25504.25
1772692500,25503.5,25515.25,25498,25509.25
1772692800,25508.25,25518.25,25498.5,25514.5
1772693100,25515,25533.5,25506.25,25533.5
1772693400,25533.5,25575,25529,25563.75
1772693700,25564,25599.75,25564,25599
1772694000,25598.75,25605,25570.5,25572.5
1772694300,25572,25581.75,25564.5,25576
1772694600,25575.75,25592.5,25575.5,25576
1772694900,25576,25580.5,25565,25573.5
1772695200,25575.25,25595.75,25557.75,25595.5
1772695500,25595.5,25601.25,25585,25595.75
1772695800,25595,25596.25,25567,25568.75
1772696100,25569,25575.25,25563.75,25573.25
1772696400,25572.25,25584.5,25569.5,25571.75
1772696700,25570.5,25576.25,25563.25,25574
1772697000,25573.5,25574.5,25556.75,25558
1772697300,25558.5,25580.25,25548,25580
1772697600,25579,25585.25,25519.25,25525
1772697900,25525,25528.75,25497,25506.75
1772698200,25505.5,25526.5,25502.5,25504.25
1772698500,25504.5,25551.5,25503.75,25520
1772698800,25520.5,25540,25516.25,25534.5
1772699100,25535.25,25540.25,25502,25502
1772699400,25502.5,25528,25480.25,25506.5
1772699700,25507.5,25530.25,25504.25,25512
1772700000,25514.5,25515.75,25488.5,25512.75
1772700300,25513.5,25542.75,25509,25517.5
1772700600,25516.5,25544.25,25507,25527
1772700900,25529.5,25560.5,25529.5,25558.75
1772701200,25559.5,25609.75,25548,25607.25
1772701500,25610.75,25677,25607.25,25667.75
1772701800,25670,25712.75,25665.75,25690
1772702100,25692.75,25699,25640.25,25664
1772702400,25662.5,25703.75,25652.5,25678
1772702700,25678,25682.25,25628.75,25635.25
1772703000,25635.5,25644.25,25620,25643.25
1772703300,25645.25,25653,25601.75,25601.75
1772703600,25601.75,25621.75,25595.5,25599
1772703900,25600.75,25619.25,25593,25619.25
1772704200,25618.5,25624.5,25589,25590.75
1772704500,25590.75,25631,25590.25,25621
1772704800,25622,25629.75,25592,25611.5
1772705100,25612,25638,25608.75,25622.5
1772705400,25621.5,25636.25,25621.5,25623.5
1772705700,25624,25644,25624,25633
1772706000,25632.75,25650.25,25619.75,25633.5
1772706300,25634,25644,25622.25,25642
1772706600,25642.75,25649.75,25627,25638.5
1772706900,25638,25647,25621,25626.75
1772707200,25624.5,25624.5,25605,25613
1772707500,25611.75,25623.75,25603.5,25607
1772707800,25608,25630.75,25599.25,25627.75
1772708100,25628.75,25629.75,25608,25613.25
1772708400,25614.5,25625.75,25592.25,25624.75
1772708700,25625.25,25640.75,25615.75,25635.5
1772709000,25634.75,25645.5,25620.75,25644
1772709300,25644.25,25655.25,25640.25,25643.25
1772709600,25644.25,25652.75,25629,25629.5
1772709900,25628.75,25654.25,25628.25,25643
1772710200,25641.5,25660.75,25626.75,25633.75
1772710500,25631.25,25637,25614.5,25616
1772710800,25618,25630.5,25611.75,25629.25
1772711100,25629.5,25644.5,25622,25627.25
1772711400,25631.25,25635.5,25611.5,25612
1772711700,25612.5,25619.75,25596,25600.5
1772712000,25601.5,25609,25585.5,25599.75
1772712300,25598.75,25618.25,25593,25615
1772712600,25613.5,25615.5,25591.5,25605.25
1772712900,25606,25623,25591,25621.75
1772713200,25623,25664.75,25623,25635.75
1772713500,25634.75,25641,25617,25624.75
1772713800,25625.75,25632,25599.75,25611.5
1772714100,25610.75,25617.75,25590,25605
1772714400,25602.75,25614,25573.5,25588.75
1772714700,25586.5,25609.75,25571.5,25583.75
1772715000,25582.25,25584.75,25543.75,25562.5
1772715300,25563,25583.25,25558.75,25576
1772715600,25576.5,25583,25557.5,25559.25
1772715900,25558.75,25560,25532,25539.5
1772716200,25538.75,25557.25,25534.75,25547.25
1772716500,25550.5,25567.5,25541,25557.25
1772716800,25556,25566.5,25536.75,25538.5
1772717100,25537.5,25564.75,25531,25561.25
1772717400,25561,25579.25,25525,25532.25
1772717700,25532.5,25535.75,25499,25514
1772718000,25513,25536.5,25504.5,25528.75
1772718300,25529,25546.75,25522.75,25538.5
1772718600,25539,25555,25531,25532.75
1772718900,25531.75,25534.75,25487.75,25500.75
1772719200,25501.5,25520,25485,25497
1772719500,25496.25,25517.5,25488,25505.5
1772719800,25506.5,25517.25,25488.5,25495
1772720100,25494.75,25502.25,25469.75,25473.25
1772720400,25473,25504,25470,25475.5
1772720700,25476.25,25509.25,25476.25,25494.25
1772721000,25494.75,25602,25492.25,25600.75
1772721300,25600.25,25632.25,25573.75,25599.75
1772721600,25599.25,25618.5,25557,25565
1772721900,25566.5,25640.75,25543,25595.5
1772722200,25594.75,25652,25586.5,25650
1772722500,25649.25,25694.75,25627,25692.5
1772722800,25692.25,25716.75,25673.25,25678.75
1772723100,25678.5,25686.75,25633,25652.5
1772723400,25653,25688.75,25637,25683
1772723700,25683.5,25687.25,25610,25614.75
1772724000,25614.75,25615,25530.5,25531
1772724300,25530.25,25540.25,25498.75,25518.25
1772724600,25519,25520.75,25437.5,25482
1772724900,25481.75,25551.5,25465.5,25548.5
1772725200,25550.25,25579.75,25525.25,25548.25
1772725500,25548.25,25586.5,25539.75,25547.75
1772725800,25547.5,25605,25543,25584.25
1772726100,25584,25593.25,25556.75,25589.5
1772726400,25587.25,25600.25,25534.5,25536.5
1772726700,25536.75,25559.75,25505,25505.5
1772727000,25505,25521.5,25464,25493
1772727300,25492.75,25507.5,25449,25451.25
1772727600,25452,25518.5,25449.5,25493
1772727900,25492.5,25515.75,25472.5,25474.25
1772728200,25474.75,25539,25472.5,25509.75
1772728500,25510.25,25543.75,25501,25526.5
1772728800,25525.75,25546.75,25496.75,25512.75
1772729100,25514.5,25561.25,25513,25533.5
1772729400,25533.25,25547.75,25516.75,25533.25
1772729700,25534,25556.25,25529.5,25549.5
1772730000,25550,25619.5,25542,25617.75
1772730300,25617.75,25630,25551,25552
1772730600,25551.5,25562.75,25512.75,25539
1772730900,25539.75,25540.75,25462.75,25469.75
1772731200,25472.5,25493.75,25447.25,25481.5
1772731500,25482.75,25501.25,25434,25435
1772731800,25434.75,25451,25370.25,25376.5
1772732100,25375.75,25429.75,25359,25393.5
1772732400,25393.25,25412.5,25341.5,25356.5
1772732700,25356.25,25358,25314.5,25320.25
1772733000,25320,25359.25,25298.75,25318.25
1772733300,25316.75,25329.75,25296,25314
1772733600,25314,25351,25306.5,25343
1772733900,25342.75,25385,25329.5,25378.25
1772734200,25377,25394.5,25352.75,25383
1772734500,25382.5,25395.75,25309.5,25312.5
1772734800,25313,25362,25309.25,25342.5
1772735100,25341,25344.25,25288.75,25301
1772735400,25299.5,25331,25279.5,25304.25
1772735700,25304.5,25337,25301.25,25320.75
1772736000,25321.25,25376.75,25318.75,25366.25
1772736300,25366.25,25369,25321,25332.75
1772736600,25332.75,25334,25282.25,25289.25
1772736900,25289,25339.25,25289,25321
1772737200,25321,25353.5,25310,25339.75
1772737500,25338.75,25366.75,25337.75,25346.75
1772737800,25347,25367,25329.5,25361
1772738100,25361.75,25369.5,25336.25,25366.75
1772738400,25367.5,25387.75,25345,25362.75
1772738700,25364.5,25370.5,25321.25,25346
1772739000,25346.25,25346.25,25299.5,25316.75
1772739300,25316.25,25333,25302.5,25329.5
1772739600,25331,25359,25327.25,25357.25
1772739900,25357,25380,25339.25,25372.5
1772740200,25372.5,25389.25,25342.75,25342.75
1772740500,25343,25372.25,25330,25365
1772740800,25364.75,25411,25333.75,25403
1772741100,25401.5,25422.5,25350.25,25408.5
1772741400,25409.25,25441.75,25405.75,25426
1772741700,25427,25453.5,25409.5,25438.75
1772742000,25437.75,25473.5,25428.75,25473
1772742300,25473,25501.25,25458,25462
1772742600,25461.25,25495.5,25448,25491.5
1772742900,25490,25506.5,25480.5,25486.5
1772743200,25487.5,25489,25457.25,25474.75
1772743500,25475,25497,25451,25496.25
1772743800,25496.75,25537,25496.75,25535.25
1772744100,25534.25,25563,25523.5,25554.75
1772744400,25555.5,25558,25530,25541
1772744700,25541,25556,25531,25542.75
1772745000,25543,25544.25,25527.5,25537.75
1772745300,25537.75,25552.25,25534.5,25539.25
1772745600,25539.5,25543.5,25523.5,25524.75
1772745900,25525.25,25537.75,25517,25536
1772746200,25536.5,25536.5,25511.5,25517
1772746500,25516.75,25531.25,25509.5,25519.5
1772746800,25519.25,25522.75,25509.75,25517.75
1772747100,25517.75,25520,25507.25,25515.5
1772747400,25515.75,25528.25,25514,25516.75
1772747700,25517.5,25528.5,25510.25,25517.5
1772751600,25526.75,25540,25508,25536.25
1772751900,25537,25548.25,25527.25,25540
1772752200,25542,25553.25,25536.25,25543.5
1772752500,25543.5,25550,25538,25545.75
1772752800,25545.5,25550.75,25541.75,25544.25
1772753100,25543.25,25562.5,25535.25,25554.5
1772753400,25556,25557.75,25547,25548.25
1772753700,25548,25557.75,25544.25,25557.5
1772754000,25557,25573.25,25557,25568
1772754300,25567,25574.25,25558,25558.25
1772754600,25557.75,25576.25,25553.25,25566.75
1772754900,25565.75,25577,25565.5,25567
1772755200,25566.75,25590.5,25566.25,25582.5
1772755500,25583.5,25599.75,25581.25,25594
1772755800,25593.25,25605,25593.25,25599.25
1772756100,25599,25602,25586.25,25589.25
1772756400,25589,25595,25582.25,25582.75
1772756700,25584,25589.5,25572.75,25579.75
1772757000,25581,25587,25573.75,25582.25
1772757300,25583,25592.25,25579,25581.75
1772757600,25580.75,25592.75,25579.5,25592.5
1772757900,25591.75,25599.75,25588.75,25594.5
1772758200,25594,25595,25575,25579.75
1772758500,25580.75,25585,25574,25582
1772758800,25580.5,25592.75,25575,25587.25
1772759100,25588.5,25597.75,25573.75,25578.5
1772759400,25580.5,25592.25,25579,25582.5
1772759700,25583.25,25598.25,25580.75,25580.75
1772760000,25582.25,25585.25,25562.5,25568
1772760300,25569.75,25571.25,25545,25559
1772760600,25560,25583.25,25557.25,25583.25
1772760900,25583.5,25596,25569.75,25571.5
1772761200,25569.75,25581.5,25562.25,25562.25
1772761500,25562.25,25567.25,25548.5,25567
1772761800,25566.5,25576.5,25561.25,25571
1772762100,25570.75,25591,25570,25573
1772762400,25576.75,25589,25567,25583.75
1772762700,25581.75,25591,25579,25584.5
1772763000,25582.75,25610.5,25582.5,25610.5
1772763300,25609.5,25622.75,25603.25,25611
1772763600,25610.25,25623,25610.25,25614.25
1772763900,25613,25619.75,25610.25,25616.5
1772764200,25616.25,25619,25602,25603.25
1772764500,25602,25605.5,25594.25,25597.5
1772764800,25597.5,25601.5,25592.75,25599.75
1772765100,25600,25604,25592,25598.75
1772765400,25599.25,25600.25,25574,25578.25
1772765700,25578.5,25585.5,25577.25,25578.75
1772766000,25577.25,25606,25577,25605.75
1772766300,25606.5,25606.75,25596.75,25597.5
1772766600,25596.5,25602.5,25589.75,25592.25
1772766900,25592.5,25593.25,25583.75,25592
1772767200,25591.75,25602,25587.75,25596.25
1772767500,25597,25598.25,25587.5,25590.75
1772767800,25591.75,25596.5,25581.75,25585.75
1772768100,25584,25596.25,25581,25595.5
1772768400,25596.5,25609,25596.5,25604.5
1772768700,25605.5,25610.25,25604,25606.25
1772769000,25605.5,25610.25,25601.5,25605
1772769300,25605.5,25622,25605.5,25621.5
1772769600,25620,25622.25,25614,25617.5
1772769900,25616.25,25619.25,25611,25618.5
1772770200,25618,25618.75,25610.75,25612.25
1772770500,25613.75,25616.5,25609.5,25612.25
1772770800,25613.75,25615,25605.5,25608
1772771100,25607.75,25609.25,25600.5,25604
1772771400,25603.75,25627.75,25602.5,25625.25
1772771700,25626,25628,25622.25,25624.25
1772772000,25625.5,25644.75,25625,25635.5
1772772300,25633.25,25642.25,25633.25,25640
1772772600,25639.75,25641.25,25626.5,25627.25
1772772900,25627.25,25628,25612.75,25615.75
1772773200,25616,25622.25,25613.25,25619.25
1772773500,25619.25,25632,25618,25629.5
1772773800,25630.5,25637,25629.25,25634.75
1772774100,25634.5,25634.75,25629.5,25633.25
1772774400,25633.75,25634.5,25618.75,25623.5
1772774700,25624.5,25629.25,25618.75,25628.25
1772775000,25627.25,25635.25,25625.5,25633
1772775300,25633.25,25648.5,25631.75,25638.75
1772775600,25639.25,25642,25630,25636.5
1772775900,25635.25,25636.5,25615.25,25618.5
1772776200,25617.5,25628.75,25613.75,25628.75
1772776500,25629.75,25631,25621,25625.75
1772776800,25624.5,25640.25,25624.5,25636.75
1772777100,25637.75,25642.5,25633,25636.5
1772777400,25635.75,25640.75,25628.25,25630.25
1772777700,25629.5,25631.25,25621,25626
1772778000,25626.75,25632.5,25614.5,25632
1772778300,25630.5,25630.5,25615.75,25618.5
1772778600,25618.75,25622.25,25610.75,25614.5
1772778900,25614,25619.5,25611.75,25616.5
1772779200,25615.75,25629.25,25614.5,25626.25
1772779500,25625.5,25626.25,25612.75,25613.75
1772779800,25614.75,25620.25,25610,25616.25
1772780100,25615.25,25617.25,25607.75,25613.5
1772780400,25613.5,25627.25,25612,25619.5
1772780700,25619.75,25622,25605,25608.75
1772781000,25609.25,25609.25,25598.75,25605
1772781300,25605.5,25619.5,25605,25608.25
1772781600,25611,25635.25,25610.5,25630.75
1772781900,25629.75,25647.5,25629.75,25638.25
1772782200,25637.5,25643,25631.5,25641.25
1772782500,25640.25,25641,25633.5,25636.5
1772782800,25636.75,25646.25,25633,25641.25
1772783100,25641.25,25641.25,25623.5,25629.75
1772783400,25630.75,25630.75,25621.75,25627
1772783700,25626.75,25638.75,25626.75,25632
1772784000,25632.5,25635.5,25602.25,25606.5
1772784300,25606.25,25623.5,25599,25599.75
1772784600,25599.75,25614,25595.25,25600.25
1772784900,25599.25,25619,25589,25607.75
1772785200,25608,25616.5,25589.25,25589.5
1772785500,25589.25,25590.25,25541.75,25545.5
1772785800,25546.25,25582,25540,25568.5
1772786100,25569.75,25586.25,25551.25,25584.75
1772786400,25585.25,25598.25,25574.75,25598
1772786700,25597.75,25615.75,25593.25,25597.75
1772787000,25597.25,25613,25595.25,25605.25
1772787300,25604.5,25605.25,25575.75,25581
1772787600,25581.25,25589,25550.5,25551.25
1772787900,25550.25,25572.75,25523,25524.25
1772788200,25523.75,25542.75,25516,25534
1772788500,25533.25,25536,25493,25506
1772788800,25507,25509,25487.25,25490.5
1772789100,25490.25,25499.25,25464.75,25469.25
1772789400,25467.75,25486.25,25445,25447.75
1772789700,25447.25,25458.25,25423,25423
1772790000,25424.25,25438.5,25413.5,25434.5
1772790300,25434,25442.25,25389.25,25411.75
1772790600,25411.25,25428.25,25389.5,25422.25
1772790900,25422,25439,25411.5,25427.25
1772791200,25427.75,25461.25,25425.25,25455.75
1772791500,25457.25,25472,25448.75,25466.5
1772791800,25465,25475,25447.25,25453.5
1772792100,25455.25,25478.25,25449.5,25459
1772792400,25461.25,25470,25452.75,25463
1772792700,25463.25,25488,25444.25,25479.5
1772793000,25479.75,25481.5,25450.5,25453
1772793300,25451.5,25473,25448.5,25455.25
1772793600,25456.5,25471.5,25444.25,25447.75
1772793900,25449,25452.75,25435,25437.75
1772794200,25438.25,25461.25,25436.5,25459.25
1772794500,25461.25,25469,25455,25456.75
1772794800,25455,25460,25423,25425.75
1772795100,25423,25441.25,25394.25,25418
1772795400,25418.5,25461,25404.25,25448.75
1772795700,25449.75,25450,25430.5,25442.5
1772796000,25443.25,25467,25436.75,25462.25
1772796300,25464.25,25469.75,25448,25454.75
1772796600,25455.75,25458.5,25423.5,25426.25
1772796900,25425,25429.5,25410.75,25418.75
1772797200,25416.25,25417.75,25364,25379.75
1772797500,25382.25,25403,25370,25390.5
1772797800,25391.75,25400.5,25371,25372.5
1772798100,25370.75,25373.75,25342,25363.25
1772798400,25365.75,25377,25349.5,25357
1772798700,25357.25,25376.25,25345,25362
1772799000,25362.75,25384,25351.25,25379
1772799300,25381.25,25391.75,25358.75,25378.75
1772799600,25378.75,25388,25361,25369.75
1772799900,25368.75,25375.75,25360.75,25366.25
1772800200,25364,25369,25327,25352.25
1772800500,25353,25355.25,25325.75,25342
1772800800,25344.25,25366.25,25335,25352.25
1772801100,25351.75,25359.25,25312.5,25322
1772801400,25321.25,25347,25318,25320
1772801700,25320.25,25343,25317,25342.75
1772802000,25342,25363.5,25336.75,25345.25
1772802300,25344,25369.5,25329,25361
1772802600,25360.5,25370.5,25353.75,25356.5
1772802900,25357,25360,25343.25,25352.5
1772803200,25352.25,25359.5,25344.5,25357.75
1772803500,25357.5,25385,25355,25370.5
1772803800,25380.75,25415.75,25242,25330.5
1772804100,25328.75,25355,25260.75,25269.5
1772804400,25267.75,25280.5,25233.75,25241.25
1772804700,25242,25242,25173.75,25200
1772805000,25200.25,25213.5,25148,25156
1772805300,25156.5,25183.25,25125.25,25152.75
1772805600,25151.5,25176.75,25130.75,25153.75
1772805900,25155,25168.5,25119.5,25129.5
1772806200,25131,25155,25121.25,25135.5
1772806500,25135,25147.25,25121.75,25134.75
1772806800,25134.25,25166.5,25126.25,25152.25
1772807100,25151.25,25194,25147.5,25192.75
1772807400,25192.25,25239.5,25160.5,25212.75
1772807700,25213.25,25223.25,25115.75,25186.75
1772808000,25186.75,25237,25176,25187
1772808300,25188.25,25224,25142.75,25182.25
1772808600,25181.75,25249.5,25172.25,25192.25
1772808900,25192.75,25212,25140,25198.25
1772809200,25198.5,25284.25,25194.75,25271.25
1772809500,25272.25,25281,25176.25,25182.5
1772809800,25182.75,25302.75,25171.5,25297.5
1772810100,25296.5,25306.75,25266.5,25290.25
1772810400,25290,25329.5,25280.5,25318
1772810700,25318.25,25336,25300.25,25329
1772811000,25328.75,25371.25,25327.75,25358
1772811300,25358.5,25400.25,25351.5,25384.25
1772811600,25384,25384.25,25318,25344
1772811900,25343,25354.25,25297.25,25310.75
1772812200,25311.25,25313,25259,25296
1772812500,25296.25,25391,25296.25,25365.5
1772812800,25366,25406.5,25356,25400
1772813100,25399.25,25405,25351.75,25356.5
1772813400,25357.75,25359.75,25323,25330.25
1772813700,25331.5,25370.5,25320.5,25361.75
1772814000,25361,25367.75,25297,25341.5
1772814300,25340.25,25353,25318.25,25351.25
1772814600,25352,25357.5,25303,25310.75
1772814900,25310.25,25376.75,25305.25,25365
1772815200,25364.75,25381.25,25346.25,25356.5
1772815500,25355.25,25410.75,25354.25,25391.25
1772815800,25392.5,25422,25359.25,25365.25
1772816100,25365,25405.25,25350.5,25387.75
1772816400,25388,25433.25,25369.5,25403
1772816700,25403,25406.75,25334.5,25351.5
1772817000,25351,25365.5,25329.5,25341.5
1772817300,25341,25357,25315.75,25354.75
1772817600,25356.25,25378,25334.75,25346
1772817900,25345.75,25350,25300,25320.25
1772818200,25319.5,25333,25304.25,25329.25
1772818500,25329,25331.25,25268.75,25281.5
1772818800,25283,25291.25,25251.25,25277.25
1772819100,25276.5,25318.25,25276,25310
1772819400,25310,25332.75,25290.5,25299.75
1772819700,25301.5,25323,25288.25,25291.25
1772820000,25290.75,25335.25,25286,25303.25
1772820300,25303.25,25340.75,25297,25326.75
1772820600,25326.25,25402.5,25313,25395.75
1772820900,25396.25,25405.5,25365.5,25392.25
1772821200,25390.5,25396,25353.5,25369.75
1772821500,25370.5,25373.5,25322.5,25337.5
1772821800,25337.25,25368.5,25332,25353
1772822100,25351.5,25353.25,25311,25335.75
1772822400,25335,25359.75,25325.75,25347
1772822700,25347.75,25355,25329,25350.5
1772823000,25352,25352.75,25297.75,25307.75
1772823300,25308,25324.5,25299.75,25307.5
1772823600,25308,25323,25300.25,25302
1772823900,25302,25335.5,25297,25328
1772824200,25328,25361,25324.75,25350.25
1772824500,25348.5,25355,25308.5,25333.75
1772824800,25333.75,25339.25,25294,25300.5
1772825100,25300.75,25335,25290.25,25327
1772825400,25325.5,25346,25318.75,25332.5
1772825700,25332.75,25342.25,25291.75,25311.25
1772826000,25313.5,25347.75,25304.75,25305.25
1772826300,25305,25312,25284.5,25299.75
1772826600,25298.5,25315,25280.5,25309.5
1772826900,25309.75,25323,25305,25315.25
1772827200,25315,25360.25,25313.75,25351.5
1772827500,25351.25,25355,25305,25306.5
1772827800,25307,25313.5,25233,25257.75
1772828100,25257.75,25280.75,25231.25,25252
1772828400,25253.25,25256.5,25193.75,25196
1772828700,25196,25198.5,25150.5,25161
1772829000,25159.75,25171,25133.5,25145.5
1772829300,25144.5,25164.25,25108,25157.25
1772829600,25157.5,25215,25137,25186.5
1772829900,25186.5,25206.75,25180.25,25198.25
1772830200,25198,25211.75,25162.5,25186.5
1772830500,25186.25,25200.25,25158.25,25174.75
1772830800,25174.75,25184.75,25136.25,25149.5
1772831100,25149,25151.25,25125,25137.25
1772831400,25137,25172.5,25136.75,25165.5
1772831700,25165.75,25166.25,25144.25,25151.5
1772832000,25151.25,25159,25147.25,25150.25
1772832300,25150.25,25153.5,25137,25139.5
1772832600,25139.75,25151,25138.25,25146.75
1772832900,25146.5,25167.75,25146.5,25164.75
1772833200,25165.25,25175.25,25162.5,25169.25
1772833500,25169.5,25180.75,25166.25,25179.25
1772833800,25179.25,25189.25,25177.25,25182
1772834100,25182,25185,25165.75,25168.25
1773007200,24942.25,24980,24757,24779
1773007500,24775.25,24806.75,24730,24755
1773007800,24752,24787,24731,24741.5
1773008100,24739.5,24792,24733.75,24782.25
1773008400,24782,24806,24760.25,24789.75
1773008700,24789,24803.25,24762,24800.5
1773009000,24798.25,24815.25,24782.5,24799.75
1773009300,24798.25,24812,24785,24801.25
1773009600,24802.5,24819,24800.75,24808.5
1773009900,24809.75,24827,24805.75,24807.25
1773010200,24808,24821.75,24791,24820.75
1773010500,24819.75,24825,24786,24813.25
1773010800,24811.5,24833.25,24798.5,24803.75
1773011100,24804.25,24810.25,24778.75,24786
1773011400,24786.75,24795.5,24772,24786.5
1773011700,24786.5,24800,24779,24799.25
1773012000,24798.25,24802.25,24782.25,24782.25
1773012300,24782,24786.5,24766.5,24783.5
1773012600,24784.75,24787.25,24753,24767
1773012900,24766.5,24777,24732.75,24746
1773013200,24746,24756.75,24740.75,24746.75
1773013500,24747,24749.75,24688,24721.75
1773013800,24721.25,24735.25,24703,24706
1773014100,24706,24724.75,24675.25,24722.25
1773014400,24722.5,24737,24693,24720
1773014700,24721,24745.75,24712.5,24737.75
1773015000,24737.5,24745.25,24698,24709
1773015300,24708.5,24715.5,24663,24673.5
1773015600,24674.5,24692,24629.25,24647.75
1773015900,24647,24672.5,24636.5,24671
1773016200,24671,24702.25,24650.75,24701.25
1773016500,24701.25,24713.5,24674,24677
1773016800,24675.25,24677.25,24640,24646.75
1773017100,24646.75,24652.25,24623.25,24645.75
1773017400,24645.5,24655,24609.75,24613
1773017700,24612.5,24627.75,24599,24624.75
1773018000,24625.5,24644.75,24606.5,24611.25
1773018300,24611,24627.5,24597.75,24601
1773018600,24599.75,24603.25,24569.5,24592.5
1773018900,24594,24609.75,24586.75,24587.25
1773019200,24587,24600.75,24572.75,24597
1773019500,24597.25,24605.25,24576.75,24577.75
1773019800,24578.75,24615,24565,24608
1773020100,24607,24625,24574.5,24576.5
1773020400,24575.5,24583.75,24559,24569
1773020700,24569,24574.25,24537,24540
1773021000,24539,24550,24512.25,24532.5
1773021300,24532.75,24559,24511.5,24514.5
1773021600,24516.5,24553.5,24511.75,24522.25
1773021900,24522,24550.25,24512,24537.25
1773022200,24536,24564.75,24525.75,24533.5
1773022500,24534.5,24534.75,24507,24520
1773022800,24520.25,24559.5,24513.75,24551.5
1773023100,24552.25,24573.25,24541.25,24554.75
1773023400,24555.5,24559.25,24534.5,24555.5
1773023700,24555.5,24582.75,24548.5,24577.25
1773024000,24577.25,24593,24577,24589
1773024300,24590.5,24597,24572.25,24590.25
1773024600,24590.5,24597,24577.75,24593.25
1773024900,24595,24610,24589,24591
1773025200,24592,24618.25,24588.5,24597
1773025500,24596.75,24608.5,24592.25,24598.75
1773025800,24598.75,24615,24591.25,24615
1773026100,24615,24631.5,24607,24619.25
1773026400,24619,24637,24608.75,24615
1773026700,24613,24616.5,24597.75,24606.5
1773027000,24607,24634.25,24596,24631.75
1773027300,24633,24639,24607.25,24608
1773027600,24607.25,24610.5,24585.25,24592.25
1773027900,24591.75,24605.75,24587.5,24592.25
1773028200,24593.25,24621.25,24587.75,24591.5
1773028500,24590.5,24612,24584,24600.5
1773028800,24602,24635.25,24599.5,24617.75
1773029100,24618.25,24640.75,24618,24631.5
1773029400,24632,24640,24615.25,24618.75
1773029700,24616.75,24617.75,24606.25,24616.75
1773030000,24616.25,24629.25,24615,24623
1773030300,24627.25,24639.5,24626.25,24638.5
1773030600,24637.5,24639.5,24628.75,24636.75
1773030900,24636.75,24641.25,24622.5,24624.5
1773031200,24625,24627.25,24616.25,24620.25
1773031500,24621.75,24623,24609.25,24614.5
1773031800,24613.75,24621,24605.75,24617.75
1773032100,24617.75,24626,24607.25,24608
1773032400,24609,24634.75,24593.25,24630.75
1773032700,24632,24658.75,24631.5,24647.25
1773033000,24647.5,24654.25,24635.5,24649
1773033300,24648,24648.5,24622.25,24625.5
1773033600,24624.75,24707,24622,24706
1773033900,24706,24711.75,24690.5,24710
1773034200,24711.5,24728,24693,24713.75
1773034500,24713,24715.75,24669,24677
1773034800,24676,24730.25,24672.75,24715.25
1773035100,24715.25,24743,24701.5,24740
1773035400,24739.25,24756.75,24724.75,24727.75
1773035700,24728,24765.5,24726.75,24765.5
1773036000,24765.5,24766.75,24737.75,24755.75
1773036300,24755.5,24783,24751.75,24783
1773036600,24781.5,24812,24775,24795.25
1773036900,24797.5,24809.25,24784,24792.75
1773037200,24794.5,24813.5,24777.25,24810
1773037500,24812,24822.75,24800,24801.75
1773037800,24802,24814.25,24788.25,24801.5
1773038100,24800.25,24800.25,24769,24773.25
1773038400,24770.75,24777,24759,24772.5
1773038700,24773,24773,24744,24747.75
1773039000,24748.5,24769.75,24733.75,24760.75
1773039300,24761.5,24776.5,24749.25,24752.25
1773039600,24754.75,24769.75,24732.25,24733.75
1773039900,24732.5,24780,24717,24760.75
1773040200,24763.25,24783.75,24751.5,24773.75
1773040500,24772.75,24797.5,24752,24769.25
1773040800,24769.75,24816,24768.5,24809
1773041100,24806.5,24822.25,24796.5,24805.75
1773041400,24806.5,24810.5,24770,24780.5
1773041700,24780.5,24808,24767,24793
1773042000,24792.25,24804,24786.25,24790.5
1773042300,24790,24797,24765.75,24785.75
1773042600,24784.75,24793.25,24767,24780.5
1773042900,24779.5,24802.25,24772,24784
1773043200,24785,24818.5,24756,24758
1773043500,24757.75,24804.25,24754.75,24799.5
1773043800,24801,24804,24758,24767.75
1773044100,24764.5,24778,24740.25,24760
1773044400,24761.5,24819,24752.75,24810
1773044700,24810.5,24822.75,24781.5,24783.75
1773045000,24783.5,24838.5,24783.25,24836
1773045300,24835,24844.25,24816.75,24819.25
1773045600,24822,24826,24786,24790.5
1773045900,24789.5,24821.5,24775,24807.75
1773046200,24810.25,24833.5,24804.5,24827
1773046500,24825.5,24832,24806.5,24819.5
1773046800,24822.75,24840.5,24804.75,24806
1773047100,24805.5,24827,24791.5,24821.5
1773047400,24819.75,24857.5,24798,24853.25
1773047700,24853.25,24895.75,24849.75,24889.5
1773048000,24887.75,24934.5,24887.5,24911
1773048300,24909.75,24928.5,24905.25,24916.25
1773048600,24915.75,25002.75,24887.25,24980.75
1773048900,24983.5,25001.5,24949.5,24971.75
1773049200,24971.25,24986.25,24954.75,24969.75
1773049500,24967.75,24990.25,24933.75,24945.75
1773049800,24946.25,24946.25,24899.75,24915.5
1773050100,24912.75,24937.75,24912,24926.75
1773050400,24927.25,24941.25,24884.25,24908.25
1773050700,24908.25,24922.75,24877,24898.75
1773051000,24900,24909,24875,24888
1773051300,24888,24922.75,24886,24900.75
1773051600,24901.5,24921.75,24888.5,24897
1773051900,24895.75,24917.5,24883.25,24887.5
1773052200,24886,24892,24866,24888.5
1773052500,24888.5,24924,24866.5,24901.75
1773052800,24901.5,24917.75,24883.5,24897.5
1773053100,24896.25,24909,24871,24877.25
1773053400,24878,24895.75,24847,24890
1773053700,24888.5,24895.75,24866,24877.75
1773054000,24879,24911.75,24873.5,24904.75
1773054300,24904.25,24920.25,24893.25,24900
1773054600,24900.75,24902.5,24879.75,24885.75
1773054900,24887,24888.75,24864.25,24870
1773055200,24871,24898.25,24855,24896.5
1773055500,24896,24899,24866.5,24868.25
1773055800,24868,24905,24862.75,24903.5
1773056100,24905,24930.5,24903.75,24913.75
1773056400,24913,24915,24887,24896.5
1773056700,24895,24919.5,24883,24883.5
1773057000,24884,24917.75,24882,24912.75
1773057300,24913,24915.25,24888.75,24891.75
1773057600,24891.5,24932,24885.75,24925.75
1773057900,24926,24940.75,24915,24918.25
1773058200,24917.25,24947.25,24908,24946.25
1773058500,24945,24953.75,24939.75,24949.5
1773058800,24950.75,24966.25,24947.5,24960.75
1773059100,24960.75,24964,24941.25,24958.75
1773059400,24958.75,24964.25,24908.25,24913.25
1773059700,24913.25,24919.75,24898.5,24899.5
1773060000,24900,24905,24870.5,24876.75
1773060300,24874.25,24887.25,24867.5,24869
1773060600,24869.75,24889.5,24857,24868
1773060900,24867,24887.25,24866.5,24886.75
1773061200,24887.75,24919.75,24883.25,24913
1773061500,24913.75,24918.75,24882.5,24900
1773061800,24900.5,24952.75,24898.25,24941.25
1773062100,24941.25,24949,24918,24921.75
1773062400,24921.75,24928.75,24910.25,24917
1773062700,24916.5,24941.75,24891,24939.75
1773063000,24939.25,25032.25,24931,24984.25
1773063300,24983.5,25000,24899.25,24906.5
1773063600,24906.25,24916.5,24861,24890.5
1773063900,24889.25,24926.75,24851,24869.25
1773064200,24869,24892.25,24826.5,24849
1773064500,24848.75,24921,24820,24877.75
1773064800,24877.75,24980.5,24858,24975.75
1773065100,24975.5,24986.75,24864.75,24892.75
1773065400,24892.75,24899,24827,24864.5
1773065700,24866,24915.5,24848.25,24900.75
1773066000,24900.25,24974,24858.75,24961.25
1773066300,24962,24976,24888,24908.5
1773066600,24908,24951.25,24905.25,24936
1773066900,24934.75,25013,24928.75,24990.5
1773067200,24989.75,25043,24970.5,25042.5
1773067500,25042.5,25082,25037,25077.75
1773067800,25076.75,25092.5,25053.5,25084
1773068100,25082.75,25084,25037.75,25056
1773068400,25056.5,25096.75,25056.5,25084
1773068700,25085,25105,25071,25080
1773069000,25079.5,25117,25074.75,25107
1773069300,25107.75,25131.75,25088.5,25111
1773069600,25111,25136.5,25100,25126.75
1773069900,25127,25157,25117,25149.75
1773070200,25150.25,25151,25108.25,25115.5
1773070500,25115.5,25123.5,25097.25,25111.5
1773070800,25110.5,25129,25100,25115
1773071100,25114.25,25149,25106.25,25135.75
1773071400,25135.75,25164.25,25123.5,25156.75
1773071700,25156,25166.25,25143,25149.5
1773072000,25149.75,25187,25138.25,25157.75
1773072300,25157.5,25181.5,25155,25169
1773072600,25169.25,25179.5,25151,25170.25
1773072900,25170,25179.75,25158.75,25171.5
1773073200,25171.25,25188.5,25140.75,25180.75
1773073500,25181.25,25234.75,25169.5,25198.5
1773073800,25197.75,25208.75,25160.75,25201
1773074100,25199.5,25226.5,25197.75,25216.75
1773074400,25217.25,25253,25217,25244.75
1773074700,25245,25256.25,25235.75,25243
1773075000,25243.25,25245,25219.75,25224.75
1773075300,25225.25,25243,25212.25,25216.25
1773075600,25216.75,25219.25,25183,25194.5
1773075900,25194.25,25201.25,25172.5,25193
1773076200,25193.25,25206.75,25179.25,25190.5
1773076500,25191,25195.25,25148,25152
1773076800,25151.75,25156.25,25123,25126.25
1773077100,25126.5,25131.5,25113,25120.5
1773077400,25119.5,25130.25,25107.75,25113.5
1773077700,25113.75,25124.75,25097.75,25103.75
1773078000,25102.5,25110.25,25082.75,25090.75
1773078300,25090.5,25126.75,25088.75,25107.75
1773078600,25107.5,25134,25099.25,25130.5
1773078900,25130.25,25137.25,25110.25,25118
1773079200,25118.25,25142.5,25116,25129
1773079500,25129.5,25153.75,25119.25,25124.75
1773079800,25124.5,25157.75,25120.75,25146.5
1773080100,25145.5,25170.5,25138.5,25167.25
1773080400,25167,25190.25,25137,25167
1773080700,25166.5,25170.25,25151,25157.25
1773081000,25157,25206.5,25154.5,25201.5
1773081300,25202.25,25208.75,25187.25,25195
1773081600,25195,25205.25,25186.5,25193.5
1773081900,25194.5,25215.25,25192.25,25202
1773082200,25201.75,25211,25190.25,25196.25
1773082500,25197,25197,25157,25162.5
1773082800,25162.5,25177.5,25149.5,25164
1773083100,25162.75,25171.25,25147,25167.75
1773083400,25168.75,25188.75,25167,25176
1773083700,25174.25,25305.75,25168.75,25299.5
1773084000,25299.75,25397,25280.75,25375.25
1773084300,25376.25,25466.75,25353.5,25459.5
1773084600,25459,25505.5,25401.75,25496.5
1773084900,25496.5,25565,25448.5,25551.25
1773085200,25551.25,25551.75,25438.5,25476.5
1773085500,25476.5,25503,25450.75,25483.25
1773085800,25483,25486.5,25444.75,25459.75
1773086100,25460.5,25525.25,25450.5,25499.25
1773086400,25499.25,25532.75,25462.5,25481.25
1773086700,25481.25,25486.25,25458.5,25461.25
1773087000,25462.25,25475,25441.25,25470.25
1773087300,25470,25471.5,25423.25,25429.5
1773087600,25428.75,25450.75,25414.5,25440.75
1773087900,25440.25,25481,25427,25470.75
1773088200,25469,25485,25444,25465.75
1773088500,25465.5,25484.75,25453.25,25467
1773088800,25463.75,25471,25456,25467
1773089100,25466.5,25474.5,25448.25,25473
1773089400,25473.25,25482.5,25460.25,25469
1773089700,25469.25,25480.5,25461.25,25465
1773093600,25488.5,25488.5,25391,25418.25
1773093900,25421.25,25479.25,25411.75,25451.25
1773094200,25453.25,25453.25,25412.5,25439.25
1773094500,25441.75,25441.75,25404.75,25404.75
1773094800,25406.75,25414,25379.25,25392.25
1773095100,25391.25,25453.75,25377,25439.75
1773095400,25441,25442.75,25398.25,25402.5
1773095700,25404.75,25418.5,25395.75,25397.25
1773096000,25395.75,25435.75,25395,25432.25
1773096300,25431.75,25443.25,25427,25441.25
1773096600,25437.25,25440.25,25421.25,25423.25
1773096900,25422.5,25426.25,25400.75,25415.75
1773097200,25415.25,25416.5,25396.75,25414.25
1773097500,25411.75,25439.25,25403.5,25429
1773097800,25428.75,25438.25,25424.5,25431.75
1773098100,25432,25440.5,25419.75,25431
1773098400,25432.25,25433,25408.75,25411
1773098700,25411,25425.75,25411,25424.5
1773099000,25422.75,25425.75,25410.5,25411
1773099300,25410,25412.75,25398,25401.25
1773099600,25401,25407.5,25382.25,25384.25
1773099900,25384.5,25393.75,25380,25384.75
1773100200,25384.5,25385.25,25365,25379.5
1773100500,25380.5,25390.25,25374,25390.25
1773100800,25388,25399.75,25366.75,25392
1773101100,25391.5,25396.5,25360.25,25368.5
1773101400,25369,25369,25337,25348.25
1773101700,25348.5,25393.25,25348.5,25392.75
1773102000,25393.75,25417.25,25377,25410.75
1773102300,25411.5,25426.75,25402,25425
1773102600,25424.25,25433.25,25400.5,25410
1773102900,25409.75,25453.5,25402.75,25449.25
1773103200,25448.75,25473,25437,25466.5
1773103500,25467.25,25477,25452,25457
1773103800,25459.25,25469,25442,25449
1773104100,25450.5,25453.75,25440.5,25443
1773104400,25442,25469,25432.25,25438
1773104700,25439,25473.75,25435,25469.75
1773105000,25470.75,25482,25460.75,25469
1773105300,25470.25,25481.25,25456,25459.5
1773105600,25460,25475.25,25456,25470.25
1773105900,25469.75,25484.25,25456.5,25461.5
1773106200,25461.75,25476,25450,25459.5
1773106500,25458.25,25475,25445.25,25452.5
1773106800,25451,25457.5,25442,25454.5
1773107100,25457,25484.75,25451.75,25478.75
1773107400,25479,25497.75,25479,25493.25
1773107700,25493,25505,25489.5,25495
1773108000,25494,25506,25485.5,25490.75
1773108300,25490.5,25494.25,25475.5,25480
1773108600,25481.5,25490.5,25474.25,25484.5
1773108900,25484.5,25486.25,25474.5,25486.25
1773109200,25485,25487.75,25476,25479.25
1773109500,25480,25483.5,25475.25,25481.75
1773109800,25480,25482.25,25449,25458.5
1773110100,25460.75,25466,25454.5,25463.5
1773110400,25464.5,25468.25,25446.75,25452.25
1773110700,25450.25,25456.75,25429.5,25431.75
1773111000,25430.5,25431.25,25417,25422.5
1773111300,25423.25,25438.25,25414,25434
1773111600,25433.75,25457.5,25429.25,25437.25
1773111900,25441,25451.75,25432,25437
1773112200,25437.25,25450.25,25433.75,25437.5
1773112500,25436,25446.5,25427,25444.25
1773112800,25443.75,25470,25440.25,25449.25
1773113100,25447.5,25449.5,25416.5,25429.75
1773113400,25429.75,25431.75,25414,25415
1773113700,25415,25418,25393,25397.75
1773114000,25397.75,25404,25372.5,25374
1773114300,25374.75,25383,25361.75,25376
1773114600,25377.25,25400.5,25372.75,25400
1773114900,25400,25405.5,25388.25,25393.25
1773115200,25396.5,25398.5,25376.5,25379.25
1773115500,25381.5,25395.5,25370.25,25383
1773115800,25383.5,25400.25,25382.25,25396
1773116100,25397.5,25412.5,25389,25409.25
1773116400,25410.75,25413.5,25403,25405.5
1773116700,25405.25,25411.75,25391.5,25393.75
1773117000,25395.75,25407.5,25386.25,25401.25
1773117300,25400.25,25423.25,25394.5,25422.25
1773117600,25421.25,25426.75,25411,25413
1773117900,25412.25,25419,25409,25416
1773118200,25415.25,25415.5,25389.5,25394.25
1773118500,25393.75,25419.75,25392.5,25410.75
1773118800,25412,25455.75,25410.75,25451
1773119100,25452,25464.5,25439,25452.75
1773119400,25453.25,25462.5,25445.5,25446.25
1773119700,25449.5,25455.5,25435.5,25444.25
1773120000,25445.25,25452.25,25427.5,25429.25
1773120300,25428.5,25445.25,25425.5,25441
1773120600,25442.25,25460.5,25427.25,25456.75
1773120900,25456.25,25456.5,25437,25447
1773121200,25447.5,25452,25440.75,25449.25
1773121500,25449.5,25460,25441.5,25455.25
1773121800,25455.5,25468.5,25454,25458
1773122100,25457.25,25470,25456.5,25462.5
1773122400,25464.5,25474,25459.75,25472
1773122700,25471.5,25474.5,25459.25,25466
1773123000,25465.25,25470.75,25458.25,25468.5
1773123300,25468.25,25471,25450.75,25454
1773123600,25454.5,25458.25,25448,25458.25
1773123900,25457,25473,25453.75,25472.25
1773124200,25471,25493.25,25471,25482
1773124500,25480,25485,25467.75,25471
1773124800,25468.75,25473.75,25463.75,25466
1773125100,25465.5,25469,25456.75,25464.5
1773125400,25462.75,25468.25,25450.25,25454.25
1773125700,25456,25465,25452,25461.5
1773126000,25460,25495.25,25446,25493.25
1773126300,25494.5,25526.75,25491,25508.75
1773126600,25509.75,25514.25,25488,25497
1773126900,25495.5,25512.5,25494.25,25512.25
1773127200,25513.75,25555.25,25508,25546.25
1773127500,25546.25,25572.75,25545.5,25567
1773127800,25565.75,25583.5,25545.5,25548
1773128100,25548.5,25550.5,25531,25546.25
1773128400,25546,25566,25539,25563.75
1773128700,25563,25581.75,25559,25578.75
1773129000,25578.25,25580,25554,25554
1773129300,25553.75,25582.25,25551.5,25579.5
1773129600,25580,25600.5,25570.5,25596.75
1773129900,25596.75,25657.5,25589,25646.75
1773130200,25645.5,25650.5,25613.25,25621.5
1773130500,25620,25637,25605.75,25632
1773130800,25631.75,25641.5,25618.25,25632
1773131100,25631.25,25643.5,25616.25,25630.75
1773131400,25630.5,25642.75,25619.5,25630.75
1773131700,25630.5,25653,25628,25644.5
1773132000,25645.25,25647.75,25632.25,25634.25
1773132300,25634.5,25645.5,25631,25631.75
1773132600,25632.5,25632.5,25595,25610.5
1773132900,25610,25615.5,25585.25,25594.75
1773133200,25595,25618.75,25587.75,25618.75
1773133500,25616.5,25636,25615.5,25633
1773133800,25632.75,25641,25621.5,25628.25
1773134100,25629.5,25631.25,25615,25618
1773134400,25617,25620.5,25604.25,25610.75
1773134700,25612.5,25619.75,25601,25614
1773135000,25614.75,25629,25610,25611.75
1773135300,25610.75,25635,25606.25,25612.5
1773135600,25611.25,25626,25607.5,25622.25
1773135900,25620.75,25622.25,25598.5,25603
1773136200,25602.75,25624.5,25599.75,25612
1773136500,25612,25618.25,25592,25596.5
1773136800,25597.5,25602.75,25576.25,25587
1773137100,25588.25,25590,25561,25583
1773137400,25583.25,25583.25,25568.5,25571.5
1773137700,25569.75,25585.25,25553.5,25558.75
1773138000,25558.5,25575,25552,25569.75
1773138300,25571.75,25588.75,25567,25585.5
1773138600,25586.5,25599,25571.5,25574.5
1773138900,25575,25580,25527.25,25542.5
1773139200,25544.75,25572,25539,25570.5
1773139500,25570.5,25571,25551.5,25557.5
1773139800,25558.5,25580.25,25553.75,25566
1773140100,25562.75,25576.25,25557,25573
1773140400,25572.25,25616,25546.25,25608
1773140700,25608,25613,25535.5,25542.5
1773141000,25543.25,25550,25512.25,25515.25
1773141300,25516,25529,25502.75,25504.5
1773141600,25505.25,25530.5,25501.75,25529.75
1773141900,25531.25,25535.75,25514.75,25530.5
1773142200,25531,25534,25505,25511.25
1773142500,25510.5,25524.5,25501.75,25505.5
1773142800,25504.25,25513.75,25474,25480.5
1773143100,25480.75,25487.25,25465.75,25477.25
1773143400,25477.25,25500,25477.25,25486.25
1773143700,25485.25,25491.75,25466.25,25479
1773144000,25479.75,25482.5,25441,25441.75
1773144300,25441.25,25445.25,25407.5,25419.25
1773144600,25418.75,25445,25411.25,25438.5
1773144900,25439,25440.75,25421,25425.25
1773145200,25425.25,25457.25,25423.75,25445.5
1773145500,25444.5,25453.25,25424.75,25426
1773145800,25426.25,25441.75,25399,25434.25
1773146100,25435.75,25456.5,25434.75,25442.5
1773146400,25443.75,25467,25440.25,25457.25
1773146700,25457.5,25497,25456,25490.75
1773147000,25491.25,25503.75,25476,25491.25
1773147300,25491.75,25506.5,25468,25475.5
1773147600,25477.25,25498.25,25474.75,25475
1773147900,25476.75,25489,25465.75,25484.5
1773148200,25483.75,25494.75,25469.25,25477
1773148500,25477.5,25490.75,25472.5,25485.5
1773148800,25485.25,25514.75,25481.25,25507.75
1773149100,25509,25515.25,25491,25497.75
1773149400,25498,25588.75,25497.5,25532
1773149700,25531.5,25544.75,25500,25521.5
1773150000,25521,25545.5,25466.5,25536.25
1773150300,25536.25,25563.5,25502,25553.5
1773150600,25553.25,25557,25497,25500
1773150900,25500.5,25509.75,25454.25,25469.25
1773151200,25471.75,25483.75,25427,25473.25
1773151500,25472.75,25505,25402,25409
1773151800,25408.75,25449,25405,25438
1773152100,25438,25467.25,25399.25,25459.25
1773152400,25458.25,25503.75,25451.25,25486
1773152700,25487.75,25531.75,25486.5,25510.5
1773153000,25510.75,25569.5,25508.75,25561
1773153300,25561,25599.5,25545,25598.5
1773153600,25598.75,25623.25,25580,25609.75
1773153900,25610.25,25623.75,25592.5,25622.75
1773154200,25622.5,25637.75,25615.5,25635
1773154500,25635.25,25659.75,25631,25658.25
1773154800,25658.25,25689,25651,25675.75
1773155100,25675.75,25677,25633.25,25637.5
1773155400,25638,25652,25624.75,25632.5
1773155700,25632.5,25679.25,25630.25,25677
1773156000,25676.5,25684.5,25650.25,25658.75
1773156300,25658.75,25666,25645.5,25650.25
1773156600,25650.5,25653.75,25616.75,25622.5
1773156900,25622.5,25646,25620,25640
1773157200,25640,25679.25,25631,25656.5
1773157500,25657.75,25664.25,25628.25,25644.25
1773157800,25645.25,25670.75,25640.25,25643.5
1773158100,25642,25663,25635,25655.75
1773158400,25656.5,25657.5,25614,25623
1773158700,25623,25624,25587.25,25607.25
1773159000,25607.25,25637,25601.75,25621.75
1773159300,25621.75,25655.5,25614.25,25643
1773159600,25643.5,25644.75,25614.5,25638.5
1773159900,25637.5,25670.25,25627.25,25638.75
1773160200,25638.75,25665.5,25638.75,25661
1773160500,25661.25,25671,25651.5,25668
1773160800,25667.25,25670.25,25652,25668.25
1773161100,25668.75,25669.75,25624.75,25636.5
1773161400,25637,25676.25,25628,25668
1773161700,25667.75,25674.5,25656.75,25663.25
1773162000,25662.75,25684,25652.75,25674.25
1773162300,25675,25687,25660.75,25670.75
1773162600,25669.5,25681,25652.75,25664.25
1773162900,25665.5,25706.75,25663,25705
1773163200,25704.75,25708.25,25688.5,25703
1773163500,25703.25,25724.5,25698.5,25719.75
1773163800,25719,25719,25666,25669
1773164100,25669.75,25676.25,25609.25,25641.75
1773164400,25640.75,25667,25630,25641.5
1773164700,25642.75,25687,25634.75,25668.75
1773165000,25668.5,25694.75,25666,25686.5
1773165300,25686.25,25688.5,25662.25,25677.25
1773165600,25676.75,25688,25666.5,25681.75
1773165900,25682,25683.25,25646.75,25654.25
1773166200,25654.25,25676.25,25543.5,25545.5
1773166500,25546,25593.75,25507,25523.75
1773166800,25523,25567,25494.75,25537.75
1773167100,25539.5,25610.25,25535.25,25575
1773167400,25574,25614,25555,25589.75
1773167700,25588.75,25604.5,25534,25554.75
1773168000,25554.25,25577.25,25531.5,25545
1773168300,25543.5,25573,25537,25554.25
1773168600,25555,25594,25538.5,25557.5
1773168900,25558.25,25569.75,25533.25,25537
1773169200,25537.25,25552,25522.25,25529.5
1773169500,25529.25,25556.75,25516.25,25546
1773169800,25546,25559,25520,25553.75
1773170100,25553.75,25579.5,25543.5,25570.75
1773170400,25570,25575.25,25510,25545.25
1773170700,25545.25,25545.75,25492.5,25494.75
1773171000,25495.75,25505.25,25473,25481.75
1773171300,25482.5,25509.5,25464.25,25501.75
1773171600,25501.25,25541,25474.25,25500.5
1773171900,25499.5,25513.25,25459.5,25471.5
1773172200,25472,25481.5,25447.25,25473.25
1773172500,25473.5,25497.5,25453,25493.5
1773172800,25493.5,25514.5,25492,25500.75
1773173100,25500.5,25525,25500.5,25516.25
1773173400,25516.5,25546,25509.25,25539.75
1773173700,25541,25541,25519,25526
1773174000,25527.75,25541,25527.25,25534.5
1773174300,25535,25535.75,25525.5,25530.5
1773174600,25531.75,25536,25524.5,25527.75
1773174900,25527.75,25531.25,25518,25521
1773175200,25520.75,25526.25,25515.75,25524.25
1773175500,25524.5,25533.5,25521.5,25525
1773175800,25525.75,25527.25,25500,25514.5
1773176100,25514,25522,25509,25517.5
1773180000,25517.25,25523.5,25487.75,25505
1773180300,25506,25509,25490.25,25497.5
1773180600,25496.75,25522.5,25492.25,25520
1773180900,25520.25,25525.5,25491.75,25500.25
1773181200,25499.75,25511,25496.25,25503.25
1773181500,25504.25,25504.25,25474.5,25478.25
1773181800,25478.75,25484.75,25471.5,25473.25
1773182100,25475.75,25477,25463,25467.5
1773182400,25466.5,25470.5,25458.5,25460
1773182700,25461.25,25467.5,25460.75,25462.5
1773183000,25466.25,25472,25463,25466.25
1773183300,25466,25477.25,25462.5,25477.25
1773183600,25476.75,25482.25,25470.75,25474
1773183900,25474.25,25483.75,25473.5,25483.5
1773184200,25483.75,25493.5,25478.5,25491
1773184500,25491,25497.25,25487.75,25492.25
1773184800,25495,25500,25493.25,25496.5
1773185100,25497.5,25501,25485.25,25492.25
1773185400,25492.75,25493.5,25482,25485.25
1773185700,25485.75,25490.5,25482.25,25490.5
1773186000,25490,25492.75,25482.75,25486.75
1773186300,25486.75,25508.25,25486.5,25508.25
1773186600,25507.5,25532.5,25507,25524.75
1773186900,25525.25,25532,25521.5,25523
1773187200,25526.5,25537.75,25521.75,25523.5
1773187500,25525,25579.5,25516.75,25566
1773187800,25567.25,25576.25,25541.75,25565
1773188100,25566,25588,25556,25574.75
1773188400,25574,25577,25558.25,25572
1773188700,25572,25593,25572,25576.25
1773189000,25575.75,25583.75,25567,25574.5
1773189300,25572,25576.75,25562.25,25569.75
1773189600,25571.25,25571.25,25560,25566.75
1773189900,25568,25583.5,25560,25562
1773190200,25563.25,25576.25,25559,25573
1773190500,25573.25,25574.5,25565.25,25569
1773190800,25570.5,25579.75,25558,25567.5
1773191100,25567.25,25579.5,25565.75,25569
1773191400,25568.75,25585.25,25568.25,25583.5
1773191700,25582.5,25588.25,25578,25587
1773192000,25588,25589.5,25581.75,25585.5
1773192300,25585.25,25587.75,25577.75,25583.25
1773192600,25581,25593,25579.5,25590
1773192900,25589.5,25596,25583.25,25590
1773193200,25590.25,25605,25588,25600.25
1773193500,25600,25600.75,25593,25595.25
1773193800,25595.25,25599,25589,25598.75
1773194100,25597.25,25604,25593,25598
1773194400,25598.5,25600.5,25586,25587
1773194700,25587.5,25594.25,25586.5,25588.75
1773195000,25587.5,25590.5,25582.25,25586.25
1773195300,25587.25,25609.75,25586.75,25605.5
1773195600,25606.25,25606.25,25594,25595.5
1773195900,25595,25598.75,25594,25595.25
1773196200,25594.25,25595.25,25582.5,25589.5
1773196500,25591,25592,25581,25585
1773196800,25584,25599,25582.75,25596.25
1773197100,25596.75,25600.25,25591.5,25598.25
1773197400,25598,25606.25,25597.75,25605
1773197700,25605.25,25605.25,25600,25601.25
1773198000,25601,25607.25,25597.75,25598.25
1773198300,25598.25,25603,25593.25,25595.5
1773198600,25595.5,25602,25594.75,25600
1773198900,25600,25607,25599.5,25604.25
1773199200,25604,25604.75,25601.5,25603
1773199500,25604.25,25604.25,25597.75,25600
1773199800,25599.75,25612.25,25599.75,25609.75
1773200100,25610.25,25626.25,25609.5,25622.75
1773200400,25621.75,25623.5,25615.75,25621.5
1773200700,25620.75,25623.5,25617.25,25622.5
1773201000,25621.75,25624.25,25616.75,25619.25
1773201300,25619,25632,25618.5,25625.5
1773201600,25625.5,25627.75,25620,25624.25
1773201900,25623.75,25628.25,25620.5,25621.5
1773202200,25621,25624.25,25617.75,25623.25
1773202500,25623.25,25624.5,25620.5,25621
1773202800,25620.25,25624.25,25620,25623.25
1773203100,25623.75,25625.75,25622.75,25624.25
1773203400,25624.5,25625,25612,25614.25
1773203700,25614,25615,25604.25,25610.25
1773204000,25610.25,25612.75,25603.25,25605.25
1773204300,25604,25611.25,25600.5,25611.25
1773204600,25612,25612.25,25604.5,25605.25
1773204900,25605.25,25606.75,25593.5,25597.75
1773205200,25599,25602.5,25592.75,25594.75
1773205500,25594,25596.25,25567.25,25569.5
1773205800,25568.25,25579,25563.25,25567.75
1773206100,25567.75,25575.25,25566.75,25572
1773206400,25571.75,25578.75,25564.25,25575
1773206700,25575.5,25583.25,25571.75,25571.75
1773207000,25571,25572,25563.25,25564.5
1773207300,25564.25,25565.25,25556,25556.5
1773207600,25556,25564.5,25547,25547.5
1773207900,25547.25,25549,25532.75,25547.25
1773208200,25545.5,25550,25533,25541.25
1773208500,25541,25545.5,25534.25,25537.5
1773208800,25536.25,25537.25,25517,25535.5
1773209100,25536.75,25541.5,25524.5,25524.5
1773209400,25525.75,25545.5,25524.75,25545.5
1773209700,25544.5,25548.5,25531,25531.75
1773210000,25531.25,25538,25519,25521.75
1773210300,25518.75,25527.5,25514,25527.5
1773210600,25527,25553.5,25527,25552.75
1773210900,25551.5,25560.25,25543.75,25557
1773211200,25555.25,25558.75,25550.75,25555.75
1773211500,25554.5,25555,25535,25538.5
1773211800,25539.5,25546.5,25530,25534.5
1773212100,25534.75,25550.75,25534.25,25548
1773212400,25548.25,25554.25,25533,25535.5
1773212700,25534,25543.75,25516,25533
1773213000,25533.5,25545.75,25533.25,25540
1773213300,25540.5,25542,25524.25,25535.5
1773213600,25534.5,25537.75,25515.5,25520.75
1773213900,25520.75,25527.5,25504.75,25509
1773214200,25510.75,25515.75,25496.5,25497
1773214500,25498,25499.25,25462,25466
1773214800,25466.5,25473.25,25452,25472
1773215100,25471.75,25486.25,25461.5,25486.25
1773215400,25485.25,25514.75,25480.5,25497
1773215700,25498,25513.5,25497,25512.5
1773216000,25513,25532.25,25504.5,25520.5
1773216300,25519.75,25531.5,25513,25523.75
1773216600,25519,25535.25,25514,25534
1773216900,25531.75,25534.75,25518.5,25525.75
1773217200,25525.5,25540.5,25506.75,25529
1773217500,25529.75,25532,25510,25518.25
1773217800,25520.5,25544.5,25514,25535.25
1773218100,25536.25,25536.25,25486.25,25493.75
1773218400,25492.75,25511.25,25489,25498.25
1773218700,25497,25501.5,25470,25476
1773219000,25476.25,25482,25454,25466
1773219300,25465.75,25506,25441,25474.5
1773219600,25475.25,25476.25,25436.25,25437.75
1773219900,25435.75,25455.5,25432.5,25449.5
1773220200,25448,25451.75,25435.75,25442.5
1773220500,25441.5,25461.5,25441.5,25455.5
1773220800,25457.25,25477.75,25456,25461
1773221100,25460.25,25460.25,25427,25430
1773221400,25430.5,25450,25427,25443.25
1773221700,25445.5,25455,25434.5,25443.25
1773222000,25440.75,25450.5,25421,25429
1773222300,25428.5,25447.75,25421.75,25422.5
1773222600,25423,25430.75,25416,25425.5
1773222900,25426.25,25430.25,25406.5,25410.25
1773223200,25409,25449.5,25402.75,25446.5
1773223500,25447,25469.5,25436.5,25469.5
1773223800,25468.75,25481.25,25455.5,25481.25
1773224100,25481.25,25492.75,25474,25479.5
1773224400,25480.25,25489.25,25467,25470.25
1773224700,25468.75,25489.25,25465,25484
1773225000,25485.5,25508.5,25478.25,25507.5
1773225300,25506.25,25519.25,25505,25513
1773225600,25512.5,25527,25505.5,25523.25
1773225900,25523.75,25532,25516.25,25520.25
1773226200,25522,25531.75,25516.25,25522
1773226500,25521.75,25526.75,25517,25524.5
1773226800,25524,25550.5,25522.75,25540
1773227100,25539.25,25541.25,25519,25527.5
1773227400,25526.5,25539,25521,25538.5
1773227700,25539.5,25545.5,25511.25,25514
1773228000,25514.25,25515.5,25490.75,25493.5
1773228300,25494,25503.75,25478,25484.5
1773228600,25484.25,25496,25476.5,25487.75
1773228900,25487,25500.75,25483,25489
1773229200,25490,25496.5,25462,25479.75
1773229500,25478.5,25480,25445,25446.5
1773229800,25446,25506.75,25435.25,25471.25
1773230100,25471.5,25484.25,25453.25,25454.5
1773230400,25454.25,25478.25,25451.5,25456
1773230700,25455.5,25465.25,25445.5,25448.75
1773231000,25451,25470.5,25446.25,25462.75
1773231300,25465,25477.5,25456.75,25475.75
1773231600,25474.75,25488.75,25468.25,25471.5
1773231900,25471,25507,25463,25507
1773232200,25498,25565,25439,25446.5
1773232500,25449.25,25471,25437.25,25467.75
1773232800,25466.25,25475.25,25428.25,25440.75
1773233100,25439,25445.25,25416.25,25441
1773233400,25440.25,25447.5,25430.5,25446.75
1773233700,25448.25,25465.75,25442.25,25452.25
1773234000,25453.25,25494,25450.5,25481.25
1773234300,25481.25,25506.25,25476,25477.75
1773234600,25478,25489.5,25467.5,25471
1773234900,25471.5,25500.5,25468.5,25499.5
1773235200,25499,25527.5,25496.5,25524.5
1773235500,25525,25542.25,25521,25541.5
1773235800,25541.75,25606.5,25541.75,25583.5
1773236100,25583.5,25617,25577.75,25609.75
1773236400,25609.5,25622.5,25569,25575.75
1773236700,25577.5,25604.25,25542.5,25556.75
1773237000,25556.75,25584.5,25522.25,25558.5
1773237300,25557.25,25615.25,25538.25,25608.25
1773237600,25608.5,25687,25593,25628.5
1773237900,25628.5,25656.25,25577,25597
1773238200,25597.25,25620,25565,25609.5
1773238500,25609.25,25617.5,25562,25598.25
1773238800,25598,25602,25524.25,25526.5
1773239100,25526.75,25540.25,25485.75,25534.75
1773239400,25534.75,25552,25465.25,25477
1773239700,25477,25540.5,25475.5,25516.75
1773240000,25514.75,25560,25509.25,25543.75
1773240300,25544.25,25564,25523.25,25556.75
1773240600,25557.75,25566.25,25544.5,25556.5
1773240900,25556.75,25587,25544.75,25572
1773241200,25572.75,25597,25535.25,25580.75
1773241500,25580,25583.25,25544.5,25549
1773241800,25547,25565,25461,25500.25
1773242100,25501,25502.25,25454.5,25475.75
1773242400,25475.75,25513.75,25461,25509
1773242700,25509.25,25525.5,25440,25442.25
1773243000,25441.5,25468.75,25418.5,25458
1773243300,25459,25470.25,25440.75,25455.75
1773243600,25455.75,25467.5,25424.75,25426.25
1773243900,25427.25,25432.25,25395,25419.25
1773244200,25419.5,25467,25418.5,25464.25
1773244500,25463.75,25467,25438.75,25441.75
1773244800,25441.25,25448,25407.25,25412
1773245100,25411.75,25426.75,25404.75,25414
1773245400,25414,25442,25405.25,25440.5
1773245700,25440.75,25448,25414.75,25417.25
1773246000,25417.5,25455,25413,25439.25
1773246300,25439.5,25460,25428.5,25459.5
1773246600,25458,25512.5,25456.25,25506
1773246900,25505.75,25514,25474.25,25481
1773247200,25480.25,25509.5,25478,25487
1773247500,25487,25500.5,25473,25480
1773247800,25480.25,25507,25479,25503.25
1773248100,25503.5,25519.5,25497.5,25514.25
1773248400,25513.5,25533.5,25510,25514.75
1773248700,25515,25532.75,25511.75,25518.75
1773249000,25519.25,25520,25492.5,25502.75
1773249300,25501.25,25514.25,25477.5,25486.25
1773249600,25486.75,25510.75,25484.25,25510.5
1773249900,25510,25528.5,25504.25,25514.5
1773250200,25514.5,25523.75,25497.25,25504
1773250500,25503.5,25514.75,25380.5,25429.25
1773250800,25428.25,25455.25,25406,25441
1773251100,25442.5,25457.75,25423.25,25453.25
1773251400,25452.75,25491.75,25452.75,25459.75
1773251700,25458.75,25472.25,25436,25458
1773252000,25458.5,25468.75,25450,25456
1773252300,25456.25,25458.25,25423,25427
1773252600,25426.75,25429,25395.75,25420
1773252900,25420.5,25440.5,25408.75,25429.25
1773253200,25428.75,25451.5,25415,25434
1773253500,25433,25465,25428.75,25454
1773253800,25455.25,25472.25,25452,25470.75
1773254100,25470.5,25472,25452,25454.75
1773254400,25454.5,25461.25,25441.25,25450
1773254700,25450.75,25462.25,25437,25440
1773255000,25440.25,25478.75,25440,25470
1773255300,25470,25484,25454,25464.5
1773255600,25465,25472.75,25432.5,25450.75
1773255900,25451.25,25455.5,25440.5,25450
1773256200,25451.25,25453,25423,25428.75
1773256500,25428,25446.75,25420.5,25442.75
1773256800,25441.25,25446.5,25422.5,25437.75
1773257100,25437.75,25451.75,25435,25441.75
1773257400,25442,25480.5,25435.5,25475
1773257700,25475.75,25486.75,25461.75,25477
1773258000,25477,25495,25471,25484
1773258300,25483,25492.25,25462,25468.5
1773258600,25468.25,25505,25464.25,25501.75
1773258900,25500.5,25513.75,25487.75,25491
1773259200,25491,25497.75,25454.5,25460
1773259500,25460,25478.25,25456.5,25472.5
1773259800,25472.5,25480.5,25469.5,25470.75
1773260100,25471.5,25477,25465.75,25475.25
1773260400,25475.25,25475.5,25469,25471.75
1773260700,25471,25473.75,25468.5,25472.5
1773261000,25471.25,25473.5,25468.5,25472.5
1773261300,25471.25,25475.25,25467.5,25470.5
1773261600,25470,25476,25468,25475.25
1773261900,25474.5,25475.5,25466.75,25469
1773262200,25468,25469.25,25455,25456.5
1773262500,25456.25,25460.75,25447,25452.5
1773266400,25441.5,25456.25,25415.5,25418.25
1773266700,25418.75,25423.5,25399,25405.5
1773267000,25405.5,25412,25397.5,25411.75
1773267300,25412,25413.5,25403,25409
1773267600,25408.25,25411,25375.5,25379.25
1773267900,25380.25,25392,25349,25365.5
1773268200,25369.5,25377.5,25358,25359
1773268500,25359.5,25359.5,25328,25332.25
1773268800,25332,25347.75,25323.5,25337
1773269100,25338.75,25353.25,25338,25349.5
1773269400,25351,25351,25340,25342
1773269700,25342.5,25359,25324,25356.5
1773270000,25355.25,25360.75,25341.25,25353
1773270300,25352.25,25355.5,25294.25,25317.75
1773270600,25317,25346.75,25314.75,25335.75
1773270900,25335,25345.25,25331.25,25340.25
1773271200,25340.25,25354.75,25327.5,25328
1773271500,25327,25329.25,25309.75,25311.5
1773271800,25310.75,25311.5,25258.25,25266.25
1773272100,25265.5,25282.25,25253,25272.5
1773272400,25273,25276,25246,25246.25
1773272700,25246.25,25274,25240.25,25271.25
1773273000,25271.75,25293.75,25267.75,25288
1773273300,25288.5,25296.5,25279.5,25294.75
1773273600,25295,25298,25271.25,25273.25
1773273900,25275.5,25275.75,25251,25264.75
1773274200,25266.5,25281,25261,25262.25
1773274500,25262.75,25288,25247,25275.5
1773274800,25275.25,25286.5,25268.25,25286.5
1773275100,25286,25288.5,25263.5,25276.25
1773275400,25275.5,25291.25,25272.25,25285.5
1773275700,25286.75,25310.25,25286.75,25309
1773276000,25309,25312,25293.5,25302.25
1773276300,25302,25311.75,25295.5,25307.25
1773276600,25305.25,25306.75,25289,25297.25
1773276900,25296.25,25305.25,25292.5,25298.25
1773277200,25297.75,25309,25292.5,25300.25
1773277500,25299.5,25303.75,25277,25290.25
1773277800,25289.5,25301.5,25278.75,25293
1773278100,25291,25306.75,25289,25299.75
1773278400,25300.75,25326.5,25294.25,25319.5
1773278700,25318,25326.75,25313.5,25326.5
1773279000,25326.25,25336,25325.25,25334.5
1773279300,25333.75,25344.25,25332,25341
1773279600,25341.25,25349.25,25339.5,25344.5
1773279900,25343,25343.25,25312.75,25312.75
1773280200,25312.5,25313.5,25279,25284.75
1773280500,25284.5,25299,25282.75,25296.5
1773280800,25297.5,25303,25287.5,25295
1773281100,25294.75,25298.75,25286.25,25291.5
1773281400,25291.25,25294,25281,25283.75
1773281700,25283.25,25293,25279.5,25281.75
1773282000,25281,25283,25256.25,25264
1773282300,25263.5,25270.25,25260.25,25261.5
1773282600,25260.75,25267,25248,25248
1773282900,25247.75,25249.5,25214.25,25222.75
1773283200,25224.25,25242.75,25211.25,25238
1773283500,25240.5,25244.5,25224,25226
1773283800,25227,25238.75,25217.25,25229.25
1773284100,25230.5,25242.25,25229.25,25238
1773284400,25236.75,25248.5,25233,25246.5
1773284700,25246.25,25265.5,25244.5,25254.75
1773285000,25254.75,25260,25237,25239
1773285300,25238.25,25244,25231.25,25240.25
1773285600,25241,25249.75,25240,25247.5
1773285900,25246.75,25246.75,25228,25228.5
1773286200,25230.25,25231,25217.75,25218.25
1773286500,25217.75,25231.75,25202.5,25207.25
1773286800,25206,25222.25,25205.5,25216
1773287100,25216.75,25226.75,25212,25222.75
1773287400,25224.25,25235,25219.25,25227.25
1773287700,25225,25237.5,25223.75,25236.5
1773288000,25235.75,25248,25230.25,25248
1773288300,25247.5,25255.25,25237.75,25238.5
1773288600,25238,25249,25236.25,25244.75
1773288900,25245.5,25257.5,25237.5,25254
1773289200,25255.5,25259,25248.5,25250.25
1773289500,25249.5,25254.5,25244.25,25252.5
1773289800,25251,25253.25,25233,25235.5
1773290100,25235.75,25237,25218.75,25227.75
1773290400,25226.75,25228.75,25218,25218
1773290700,25217.5,25228.5,25217.5,25219.5
1773291000,25217.75,25233,25216.5,25230.5
1773291300,25230.75,25233.75,25225.5,25225.5
1773291600,25225.25,25282.25,25224.75,25266.75
1773291900,25267.75,25284.75,25258.25,25262.5
1773292200,25265.5,25277.75,25259.75,25268.5
1773292500,25269.25,25271.25,25263.75,25264.75
1773292800,25264.25,25272.5,25257,25261.25
1773293100,25257,25267.5,25250.75,25259.75
1773293400,25259.75,25270.5,25259.5,25265
1773293700,25264,25268.5,25253.5,25268.25
1773294000,25267.75,25284.5,25267.25,25281
1773294300,25281,25283.25,25249.25,25254.5
1773294600,25253.5,25257.5,25239.5,25255.75
1773294900,25254.5,25279.75,25252,25278
1773295200,25276.75,25278.5,25259.25,25272.25
1773295500,25273.5,25274.5,25261.75,25266.75
1773295800,25264,25266.5,25253.5,25259.25
1773296100,25261.25,25275,25261,25264.25
1773296400,25262,25285,25259.25,25283.25
1773296700,25282.25,25294.25,25264.75,25291.5
1773297000,25295,25302,25287,25299.25
1773297300,25299.5,25305.5,25294,25294.5
1773297600,25295.75,25304,25291,25302
1773297900,25302.75,25314.25,25295.5,25305.75
1773298200,25307,25319,25305.25,25317.75
1773298500,25318.75,25321.5,25310,25316.5
1773298800,25316.75,25330.75,25314.75,25325.25
1773299100,25326,25329.5,25319,25320.25
1773299400,25319.75,25332.75,25317,25330.75
1773299700,25330,25338.5,25326,25331.5
1773300000,25332,25342,25325.5,25335.5
1773300300,25335.75,25346,25331.75,25342
1773300600,25341.25,25342.25,25320.5,25324.5
1773300900,25324.25,25341.75,25316,25336.5
1773301200,25336,25342,25333.25,25336.25
1773301500,25336,25341.75,25333,25335.5
1773301800,25335.5,25359.5,25320,25359
1773302100,25359,25379,25358.25,25378.75
1773302400,25379,25407,25374.25,25400.75
1773302700,25400,25409.5,25391.5,25406.75
1773303000,25406,25407,25384.5,25385.75
1773303300,25385.75,25400,25379.75,25395.25
1773303600,25394.5,25394.5,25375.25,25377
1773303900,25377.75,25383,25363.25,25363.75
1773304200,25363.5,25378.5,25359.75,25373.25
1773304500,25373,25381.5,25358,25358.75
1773304800,25359.25,25379.5,25343.75,25378.75
1773305100,25380,25391.75,25366,25390.5
1773305400,25391.5,25397,25379.25,25380
1773305700,25379.5,25386.5,25374.5,25385
1773306000,25386.25,25390.75,25359.5,25372
1773306300,25369,25370.75,25353.5,25357.25
1773306600,25356,25359.25,25339.5,25346.5
1773306900,25345.25,25349.5,25334.25,25335.75
1773307200,25336,25344,25320,25340
1773307500,25342,25360,25338.25,25359.25
1773307800,25359.25,25375.5,25358,25373.5
1773308100,25373,25387,25365.5,25387
1773308400,25387.25,25415.25,25385.25,25407.25
1773308700,25408.25,25414,25394.75,25399
1773309000,25400.25,25424.25,25399,25421.25
1773309300,25420.75,25428.5,25415,25424
1773309600,25424.75,25434,25418,25418
1773309900,25418,25424,25400.5,25404.5
1773310200,25403.5,25415.75,25399.75,25415.75
1773310500,25415.75,25416.5,25397,25409
1773310800,25409.25,25410.25,25394.75,25397.5
1773311100,25398.25,25401.75,25389,25396.5
1773311400,25397.25,25433.5,25397.25,25413.75
1773311700,25414,25414.5,25396.5,25403
1773312000,25401.5,25403,25390,25399.25
1773312300,25397.75,25413.5,25394.75,25405.75
1773312600,25405.25,25411.25,25382.25,25390.25
1773312900,25391,25394.75,25383.25,25391.75
1773313200,25390,25397,25372,25374
1773313500,25374.75,25380.25,25365.5,25368.75
1773313800,25369.5,25375,25366,25368.5
1773314100,25369,25383,25367,25372
1773314400,25373.25,25392.75,25373.25,25388.75
1773314700,25389.25,25392.75,25354.5,25382.5
1773315000,25384.25,25412,25384.25,25404.25
1773315300,25407.25,25416.25,25401,25409.75
1773315600,25409.5,25435,25408,25418
1773315900,25418.25,25419,25397,25398
1773316200,25397.75,25401.25,25367.25,25368.25
1773316500,25368,25374.25,25359.5,25364
1773316800,25365.25,25369.75,25339.5,25345.75
1773317100,25343.5,25348,25317.25,25328.75
1773317400,25328.25,25354,25323.5,25340.5
1773317700,25341.25,25351,25330,25338
1773318000,25337.5,25344,25325,25337.5
1773318300,25336,25350.75,25332.5,25350.25
1773318600,25350.25,25350.25,25312.75,25323
1773318900,25324.25,25329.5,25308.25,25310.25
1773319200,25310.25,25334.25,25308.5,25328.75
1773319500,25328.5,25337.5,25316.25,25330.5
1773319800,25330,25333.5,25308.5,25317.75
1773320100,25319,25342,25319,25341.25
1773320400,25341.5,25359.75,25330.75,25348.5
1773320700,25349,25352,25340.75,25346
1773321000,25345.5,25354.5,25307,25310
1773321300,25309.5,25320.25,25282.25,25291.75
1773321600,25292.75,25301.5,25257.5,25295.75
1773321900,25295.25,25305.75,25279.25,25282.75
1773322200,25282.75,25337,25249.25,25321
1773322500,25320.5,25341.5,25304,25324.25
1773322800,25323.25,25335.5,25268,25272
1773323100,25272.5,25272.5,25183.25,25243.5
1773323400,25242.75,25274.25,25170.75,25176
1773323700,25175.5,25185.25,25137.5,25164.75
1773324000,25165.75,25254.5,25158.5,25226
1773324300,25226.75,25236,25201,25212
1773324600,25213.5,25252,25203,25243.75
1773324900,25244.5,25254.5,25185,25188
1773325200,25187,25192.25,25165,25180.25
1773325500,25179.75,25209.75,25123.75,25124.5
1773325800,25124.25,25134.5,25098.5,25112.5
1773326100,25111.75,25139.5,25079.5,25112.25
1773326400,25112.25,25156.25,25091.75,25152.25
1773326700,25151.75,25227,25110.25,25122.25
1773327000,25121.25,25141.75,25108,25134.5
1773327300,25135,25152.75,25118.75,25126.75
1773327600,25127.5,25140.5,25087.25,25116.5
1773327900,25114.5,25125.25,25102.75,25108.75
1773328200,25108,25109,25068,25097
1773328500,25097.25,25106.75,25081.5,25090.75
1773328800,25091.75,25111.25,25074,25107.25
1773329100,25108,25146.75,25104.75,25126.75
1773329400,25126.5,25143.25,25106.5,25115.5
1773329700,25115.75,25205,25086,25200
1773330000,25201,25216.75,25152,25195
1773330300,25195.75,25204.5,25131,25164
1773330600,25164.25,25189,25144,25182.75
1773330900,25183.25,25184.75,25148.5,25172.5
1773331200,25173,25200,25157,25199
1773331500,25197.5,25213.25,25094.75,25104.5
1773331800,25104.25,25163.25,25100.5,25161.75
1773332100,25161,25205.75,25158,25181.75
1773332400,25183.75,25242.25,25180.25,25188
1773332700,25189.25,25192.75,25139,25147.75
1773333000,25146.75,25199.75,25137.75,25180.5
1773333300,25180.75,25223,25174,25214.25
1773333600,25214.5,25217,25184.25,25196.25
1773333900,25195,25203.25,25131,25169
1773334200,25168,25186.75,25135.25,25150
1773334500,25150.75,25174.75,25144.75,25169.25
1773334800,25168.5,25206.5,25163.5,25203.25
1773335100,25202.5,25231,25172.5,25178.75
1773335400,25178.5,25203,25166.25,25169.5
1773335700,25167.5,25179,25142,25143.75
1773336000,25144,25195.5,25137.5,25183.25
1773336300,25183.5,25192,25149.5,25158.25
1773336600,25158,25184,25155.75,25170.75
1773336900,25170.5,25197.25,25169.25,25188.5
1773337200,25189,25199.5,25150,25153.75
1773337500,25153.25,25163.75,25125.5,25134.5
1773337800,25134.75,25159.25,25128.75,25129.75
1773338100,25130.5,25135.5,25092.25,25132.5
1773338400,25132.25,25169.75,25131.75,25147.75
1773338700,25147.5,25178.5,25132.5,25160.5
1773339000,25160.5,25168.75,25147.5,25164
1773339300,25164.5,25178.5,25140,25144.25
1773339600,25143.75,25147.25,25119.25,25137.75
1773339900,25138.5,25146,25123.25,25143.25
1773340200,25144.25,25153.5,25123,25125.75
1773340500,25126.25,25137.5,25108.25,25129.25
1773340800,25129,25131.75,25114.75,25116
1773341100,25116.25,25124.25,25102.25,25105.75
1773341400,25106.75,25137.5,25106.25,25122.75
1773341700,25122,25124.25,25102.75,25106.75
1773342000,25106.5,25136.75,25087,25101.5
1773342300,25101.5,25125.75,25098,25107.75
1773342600,25107.75,25115.25,25077,25100.75
1773342900,25101.25,25119.75,25091,25110.25
1773343200,25110.25,25137.25,25103,25116.75
1773343500,25117,25128.75,25109.75,25122.75
1773343800,25122.5,25150,25120.75,25133.25
1773344100,25132.75,25138.5,25110,25116.25
1773344400,25117,25118,25080.5,25090.5
1773344700,25090.75,25092,25066.25,25078.5
1773345000,25078.5,25089,25052.5,25078.5
1773345300,25079,25091.25,25049.75,25062.25
1773345600,25062.25,25081,25056.25,25079
1773345900,25078,25080.75,25044.25,25050
1773346200,25050.5,25054,25024.75,25038.5
1773346500,25039.5,25059.75,25037.75,25053.75
1773346800,25054,25061,25045.5,25058
1773347100,25058.5,25072.25,25055.5,25057.25
1773347400,25056.5,25062,25053,25061.75
1773347700,25061.5,25069.75,25057.75,25068.25
1773348000,25069.5,25076.25,25063.75,25070.75
1773348300,25071,25080.25,25068,25078.25
1773348600,25078.25,25084.5,25076.75,25077.75
1773348900,25079,25081,25071.75,25075.5
1773352800,25074,25089,25047,25052.75
1773353100,25052,25093.75,25052,25068.25
1773353400,25068.5,25077.5,25064.25,25066.25
1773353700,25066.5,25072,25048.75,25052.75
1773354000,25054,25065,25048.75,25062.75
1773354300,25063.25,25090.75,25063.25,25088.25
1773354600,25087.5,25103.25,25081.5,25098
1773354900,25098.75,25105.5,25096.5,25104
1773355200,25104,25108.75,25093.75,25096.25
1773355500,25097,25104.25,25077.5,25081.5
1773355800,25082,25093.5,25080.75,25085
1773356100,25085.75,25095.25,25085.25,25093.75
1773356400,25094,25110.5,25092.75,25108.25
1773356700,25108.75,25121,25107.25,25108.5
1773357000,25108,25108.25,25092.25,25095
1773357300,25094.5,25096.75,25080.5,25086
1773357600,25087,25090.5,25079.5,25084
1773357900,25084.25,25089,25069.25,25082.25
1773358200,25083.25,25093.75,25077,25085.75
1773358500,25085.5,25085.75,25071.25,25079.25
1773358800,25080.25,25082.75,25057,25076.5
1773359100,25074.75,25075.25,25050.25,25057.5
1773359400,25057.75,25062.5,25042.75,25055
1773359700,25054,25055.75,25033.5,25035
1773360000,25036,25037,24998.25,25014.75
1773360300,25016.25,25052,25012.25,25050.75
1773360600,25053,25086,25047.25,25085.25
1773360900,25086,25125.75,25085.75,25112.75
1773361200,25112,25123.25,25110.5,25115
1773361500,25115,25146.25,25108.25,25126
1773361800,25126.25,25147,25123.25,25143
1773362100,25144.5,25150,25132.75,25133.75
1773362400,25134.5,25140.75,25121.75,25122.25
1773362700,25123,25136.5,25117,25120.75
1773363000,25122.5,25125,25112.25,25116.5
1773363300,25116.25,25136.5,25113,25131
1773363600,25131.5,25153.75,25131.5,25143.5
1773363900,25140.75,25165.25,25137.25,25164
1773364200,25165,25169.25,25147.5,25152.75
1773364500,25154,25162.5,25152.25,25157.5
1773364800,25158.25,25162,25142.5,25144.5
1773365100,25145.5,25157.5,25145.5,25152.5
1773365400,25152.5,25160.5,25147.5,25152
1773365700,25156,25156,25147.25,25149
1773366000,25147.75,25152.75,25140,25143.25
1773366300,25143,25146,25129.75,25134.25
1773366600,25136,25139.25,25127,25129.5
1773366900,25129.25,25139.25,25125.25,25136.5
1773367200,25136.25,25153.5,25134.5,25153.5
1773367500,25153.5,25158.5,25146.75,25152.75
1773367800,25151.25,25153.75,25131.75,25132
1773368100,25133.5,25141,25128.25,25134.5
1773368400,25134,25139.75,25122,25124.5
1773368700,25124,25132,25124,25126.5
1773369000,25127,25145,25121,25144
1773369300,25142,25147,25120,25124.75
1773369600,25124,25132.5,25110,25113.75
1773369900,25114.75,25124.5,25111,25113
1773370200,25112.5,25117.5,25106.25,25107.75
1773370500,25108,25119,25106.5,25110.75
1773370800,25112,25124.25,25109.25,25109.25
1773371100,25109.5,25127.5,25103.25,25125.25
1773371400,25124.75,25124.75,25097,25097.25
1773371700,25098.25,25103.25,25088.75,25103.25
1773372000,25102.25,25111.25,25096,25109.75
1773372300,25110.5,25117.25,25103.25,25107.75
1773372600,25106.25,25113.75,25091,25109.75
1773372900,25110.25,25111.25,25094,25102
1773373200,25103.75,25119.5,25098.5,25116.5
1773373500,25115.75,25132.5,25114.75,25123.5
1773373800,25122.5,25135.5,25118.75,25134
1773374100,25134.5,25136,25130,25132
1773374400,25132,25135.25,25122.5,25123.25
1773374700,25123.75,25132.25,25121.5,25124
1773375000,25123.75,25126.25,25112,25114.25
1773375300,25115.25,25117.25,25107.75,25113.25
1773375600,25113.25,25114,25086.5,25096
1773375900,25096,25099,25087,25091.25
1773376200,25091.25,25093.5,25078.75,25080.5
1773376500,25079.75,25081.5,25069.75,25079.5
1773376800,25080.75,25094.75,25077.25,25094
1773377100,25094.25,25095.25,25080.25,25083
1773377400,25084.5,25088,25073.75,25075.75
1773377700,25075.25,25085,25075.25,25083.5
1773378000,25083.5,25092.5,25079.5,25081.75
1773378300,25080.25,25088,25074.75,25077.25
1773378600,25077,25077.75,25060.5,25064.75
1773378900,25066,25078,25062,25077
1773379200,25078.25,25089.75,25070.5,25080.75
1773379500,25081.25,25092.25,25077.5,25088.25
1773379800,25088.5,25106.5,25088.5,25099
1773380100,25098,25100.5,25086,25092.5
1773380400,25092.5,25095.75,25078,25079.5
1773380700,25081,25087,25075.5,25082.25
1773381000,25080.75,25086.75,25078,25080.5
1773381300,25080,25095.25,25075,25092.75
1773381600,25091,25092,25070.5,25072.75
1773381900,25072,25103,25072,25097.25
1773382200,25099.25,25102,25082.5,25087
1773382500,25086.25,25086.75,25074.75,25077.25
1773382800,25077.25,25082.5,25072.5,25072.5
1773383100,25071.5,25071.75,25046,25055
1773383400,25057,25067.5,25037,25039.5
1773383700,25038.75,25047.25,25026.5,25044.75
1773384000,25044,25051.5,25022.75,25024
1773384300,25023,25028.5,24989,24997
1773384600,24994,25015,24986.25,24986.25
1773384900,24990.5,25000.75,24983.5,24986.75
1773385200,24986.25,24995,24960.25,24964.5
1773385500,24964,24966.25,24935.25,24938.75
1773385800,24941.25,24953,24930.25,24938
1773386100,24937,24943.25,24922.75,24941.5
1773386400,24941.5,24944.75,24917.5,24944
1773386700,24943.25,24969,24941.5,24965.25
1773387000,24964.25,24973,24956,24964.75
1773387300,24965.25,24982.5,24963.25,24968
1773387600,24968.75,24972.5,24953.25,24967.75
1773387900,24968,24970,24949.75,24957.75
1773388200,24959.25,24964.75,24939,24940
1773388500,24940,24958.5,24930.25,24954.5
1773388800,24955.75,24966.25,24926.25,24932.25
1773389100,24928.75,24942,24913.25,24915
1773389400,24915.25,24922.25,24904,24919.5
1773389700,24917,24932.25,24905,24928
1773390000,24927.5,24941.75,24922.25,24929.25
1773390300,24929.5,24938.5,24913,24922.75
1773390600,24922,24952,24921.25,24947.25
1773390900,24950,24990,24947,24979.5
1773391200,24979.25,24989,24972.25,24975.5
1773391500,24976,25000,24963.5,24998
1773391800,24997.25,25031.25,24996,25017
1773392100,25018,25031,25011.75,25019.5
1773392400,25020.75,25081.25,25020.75,25055.25
1773392700,25056.25,25062.5,25035.25,25036
1773393000,25036.5,25054,25022.5,25038
1773393300,25039.5,25043.75,25021,25038.5
1773393600,25038.5,25050.5,25021.5,25024
1773393900,25024.25,25041.5,25019.75,25035
1773394200,25035.25,25039.75,25019.75,25028
1773394500,25026.5,25040.5,25015.5,25020.75
1773394800,25020,25041.75,25020,25037.5
1773395100,25036,25045.5,25026,25043.5
1773395400,25044.75,25060,25038.25,25046.25
1773395700,25043.75,25052,25035.5,25039
1773396000,25038.75,25073,25032.25,25061
1773396300,25061.25,25075.5,25061.25,25066
1773396600,25066.75,25101,25066.5,25096.75
1773396900,25097.5,25112,25094.5,25111.25
1773397200,25111.5,25120.5,25103,25104.25
1773397500,25104.25,25108.25,25086,25092.5
1773397800,25092.5,25094,25075.75,25091.25
1773398100,25091.5,25093.25,25081,25090.25
1773398400,25089.75,25093.75,25081.25,25084.25
1773398700,25084.5,25119.5,25080.75,25117
1773399000,25118,25130,25103.75,25106.5
1773399300,25106.5,25127.5,25103.25,25126
1773399600,25124.5,25144.75,25121.5,25140.75
1773399900,25140.75,25152.75,25115,25130.5
1773400200,25130,25133.5,25109,25125.75
1773400500,25126,25142.75,25112.5,25141.25
1773400800,25140.75,25145.75,25132.75,25139.25
1773401100,25138,25160,25127.25,25137.5
1773401400,25135.25,25148.25,25127.75,25136.5
1773401700,25136.75,25153,25133,25142.75
1773402000,25142,25156.25,25131.75,25155.25
1773402300,25155.5,25163.25,25147,25152
1773402600,25150.5,25170.5,25145,25159.5
1773402900,25159.5,25172.25,25158.75,25169.75
1773403200,25170.75,25183.5,25160.75,25161.5
1773403500,25161.5,25163.25,25148,25151.25
1773403800,25152,25160,25142,25157.5
1773404100,25158.25,25159.75,25145.5,25151.5
1773404400,25148.5,25150.75,25137.5,25144.75
1773404700,25143.5,25165.75,25140.25,25160
1773405000,25157.5,25187,25155,25167.25
1773405300,25166.25,25166.25,25141,25160.25
1773405600,25159.5,25169.75,25153.25,25167.75
1773405900,25165.5,25245,25165.25,25192.25
1773406200,25193.25,25195,25169.5,25178
1773406500,25180,25190,25174.25,25188
1773406800,25187.5,25198,25149.75,25183
1773407100,25182.25,25188.5,25159,25164
1773407400,25164.25,25180,25151,25174.75
1773407700,25174.75,25191,25165,25190
1773408000,25189.5,25191.25,25168.5,25188.75
1773408300,25188.75,25191.25,25144.75,25152.5
1773408600,25152.5,25208.25,25143.25,25167.5
1773408900,25167,25201.5,25118,25183.25
1773409200,25183.75,25280,25173.25,25276.75
1773409500,25276.5,25312.25,25262.25,25262.75
1773409800,25263.25,25303.75,25241.75,25296.25
1773410100,25297,25299.25,25228,25233
1773410400,25235.5,25272,25201,25218.5
1773410700,25218.5,25246.25,25185,25193.5
1773411000,25193,25201,25165.75,25173.5
1773411300,25174,25191.75,25141,25162
1773411600,25162,25199,25160,25179
1773411900,25178.25,25210.25,25161,25181.25
1773412200,25181.75,25235.25,25173,25196.25
1773412500,25195.75,25198.25,25146.25,25168.25
1773412800,25168.25,25168.75,25101.25,25102.5
1773413100,25103.75,25105,25052.75,25079
1773413400,25079.5,25104.5,25046.75,25054
1773413700,25052.75,25068.5,24989,24996.75
1773414000,24997.5,25014.75,24968.75,24993.75
1773414300,24992.5,25034,24979.75,25034
1773414600,25034.25,25076.25,25024,25068.75
1773414900,25068,25071.25,25027.25,25027.75
1773415200,25027.5,25051,24984.75,24986.5
1773415500,24986.5,24991,24970,24976.75
1773415800,24976,25003,24962.25,24993
1773416100,24993.75,25001.25,24947.75,24969.25
1773416400,24969,24978.5,24909.25,24921.5
1773416700,24921.5,24983,24902.5,24953
1773417000,24952,24957.75,24906.25,24931.75
1773417300,24932.25,24937,24898.75,24915.75
1773417600,24915.75,24959,24913.75,24945.25
1773417900,24945.5,24973.5,24930.25,24963.75
1773418200,24963.75,24982,24914.75,24942
1773418500,24943.5,24955.75,24924,24938.25
1773418800,24938.5,24969.75,24935,24949
1773419100,24948.25,24964.5,24918.5,24951.25
1773419400,24950.5,24977.75,24943.25,24947.25
1773419700,24947.25,24995.5,24945.5,24962.25
1773420000,24961.25,24977.5,24933.75,24934.75
1773420300,24934.75,24943.25,24907.25,24939
1773420600,24941.25,24979.25,24935,24976
1773420900,24976.25,24980.5,24889,24904.25
1773421200,24903,24919.75,24897.75,24912.25
1773421500,24912.25,24941.75,24899.25,24935.5
1773421800,24935,24966.5,24909,24966.5
1773422100,24967,24980.75,24942.25,24966.75
1773422400,24966.5,24969,24927,24957.25
1773422700,24958,24968,24935.75,24957.25
1773423000,24955.75,24963.25,24931.25,24940.75
1773423300,24940.75,24950,24928.25,24944
1773423600,24944.5,24947.5,24912.25,24932.75
1773423900,24932,24940,24873,24875
1773424200,24874.75,24892,24860,24884.25
1773424500,24884.25,24900,24869.5,24881.25
1773424800,24881.75,24905.75,24877,24898.75
1773425100,24898.75,24907.5,24883.25,24897
1773425400,24897.5,24914.5,24895,24908
1773425700,24907.25,24922.75,24886.75,24892.75
1773426000,24892.5,24899.25,24874.25,24884.75
1773426300,24885,24920.75,24883.75,24918.5
1773426600,24918.5,24952.5,24905.5,24941
1773426900,24941.75,24957.5,24936,24950.75
1773427200,24951,24969,24945.75,24964.75
1773427500,24964.25,24976.25,24955,24967.5
1773427800,24967.5,24979.5,24951.5,24970.5
1773428100,24971.25,24971.25,24947,24955.5
1773428400,24955.25,24956.5,24925.75,24925.75
1773428700,24926.25,24936.75,24913,24929.25
1773429000,24928.5,24941.25,24921.5,24923.5
1773429300,24923,24938.5,24919.75,24927.75
1773429600,24926.5,24927,24882.75,24893.5
1773429900,24892.75,24895.75,24874.75,24883.75
1773430200,24883.5,24905.75,24880.75,24885.5
1773430500,24885,24891.25,24866.5,24869
1773430800,24868.75,24875.25,24857.5,24874.25
1773431100,24874.25,24885.5,24863.5,24879.25
1773431400,24879.75,24898.5,24865.75,24892
1773431700,24893,24911,24885,24905
1773432000,24904.75,24907.25,24870.25,24877.25
1773432300,24877,24889.75,24876,24879.5
1773432600,24879.75,24881.5,24867.25,24871.25
1773432900,24870.25,24880.5,24868,24879.75
1773433200,24879.5,24886.75,24879,24881.75
1773433500,24880.5,24883.5,24873,24875.75
1773433800,24876.5,24880.75,24874.25,24880
1773434100,24879.25,24890.75,24878.75,24886.5
1773434400,24886.25,24889.5,24868.75,24871.75
1773434700,24871.5,24875.5,24862.5,24864.25
1773435000,24863.75,24866.75,24849.75,24860.75
1773435300,24860.5,24860.5,24840.75,24842.25
1773612000,24792,24912,24785,24865.5
1773612300,24867,24868.75,24828,24833
1773612600,24833,24843.5,24813,24816
1773612900,24816.25,24818.5,24802.25,24814.25
1773613200,24814.25,24837.75,24812,24835.25
1773613500,24837.25,24857,24829.75,24845.75
1773613800,24847,24857,24830.75,24836.25
1773614100,24839.75,24866.25,24833.25,24861.75
1773614400,24863.25,24902,24854.75,24898.25
1773614700,24898.25,24935,24892.5,24924.5
1773615000,24925.25,24966.25,24925.25,24963.5
1773615300,24960.25,24982.5,24955.25,24971.75
1773615600,24975.75,25003.75,24943,24966.75
1773615900,24965,24981.5,24944.25,24953.5
1773616200,24952.25,24959,24933,24959
1773616500,24957.25,24961.5,24936,24941.75
1773616800,24942.75,24953.75,24936,24952
1773617100,24950.5,24954.25,24935,24941.25
1773617400,24940.25,24945.25,24927.25,24937
1773617700,24933,24937.75,24915.5,24921.25
1773618000,24922,24956.75,24922,24941
1773618300,24942.25,24967.5,24942.25,24966
1773618600,24966.75,24967.5,24956.5,24961.5
1773618900,24960.75,24960.75,24944.75,24946.5
1773619200,24946,24997.75,24944.25,24988
1773619500,24989,25019.25,24987.25,25012
1773619800,25012.5,25027.25,24999.25,25014.25
1773620100,25016,25032.5,25015,25017
1773620400,25016,25016,24995.25,25002
1773620700,25003.25,25004.5,24993.5,24998
1773621000,24997.5,25006.5,24992.25,25006.25
1773621300,25004.5,25017.75,24996.25,25011.5
1773621600,25013.5,25019.5,25005,25005.5
1773621900,25004.75,25025,24995.75,25020.25
1773622200,25023.5,25028.75,25017.25,25023.25
1773622500,25025,25026.5,25015,25015.25
1773622800,25018.5,25030.5,25002,25003.75
1773623100,25004.5,25014.5,25003,25006.75
1773623400,25005,25009,24997,25007.25
1773623700,25009.5,25026.25,25006.25,25019
1773624000,25019,25023.5,25011.25,25014.5
1773624300,25014,25019,24999.25,25001.25
1773624600,25001.5,25003,24975.75,24985.5
1773624900,24987,25003.75,24979.25,24980.25
1773625200,24980,24998.75,24977.25,24988.25
1773625500,24990,25007.5,24990,25006.25
1773625800,25006.75,25030.75,25000.75,25024.5
1773626100,25025,25027.5,25016,25021.5
1773626400,25023,25025.5,25003,25017.5
1773626700,25017.25,25024,25006.75,25018.25
1773627000,25016.25,25020.25,25003.25,25009.25
1773627300,25011.5,25014.75,24987,25009.75
1773627600,25010.25,25011.75,24992.5,24996.5
1773627900,24996.5,25000.5,24988.5,24994.25
1773628200,24992.75,24994.25,24988.25,24993.25
1773628500,24992.5,24993.5,24981.25,24985
1773628800,24983,24997.25,24981.75,24986.5
1773629100,24986,25003.75,24984,24997
1773629400,24995,25002.25,24983.75,24984.75
1773629700,24986.75,25007,24986.75,24999
1773630000,24997.5,25003,24995.25,24999.75
1773630300,25000.5,25008,24999,25007.25
1773630600,25007,25008.25,24999,25001
1773630900,25003,25013,24999.5,25011.25
1773631200,25011,25013.75,25002,25012.75
1773631500,25012.5,25016.75,25008.75,25016.25
1773631800,25017,25027,25015.5,25022.5
1773632100,25023.5,25025.75,25018.75,25022.5
1773632400,25022,25025.25,25021.25,25023.5
1773632700,25024.75,25045.5,25021,25044
1773633000,25046.75,25047.25,25037,25038
1773633300,25037.5,25040.75,25034.5,25037.5
1773633600,25038.25,25041,25034.75,25034.75
1773633900,25036.5,25046,25034.5,25039.25
1773634200,25038,25046.75,25038,25039.75
1773634500,25043,25057,25043,25052
1773634800,25050.75,25050.75,25039,25040.25
1773635100,25040.5,25044,25039,25040
1773635400,25042,25042,25034.5,25036.5
1773635700,25035,25035.75,25025.25,25030
1773636000,25029,25029,25022,25026
1773636300,25027,25027.75,25020,25020.75
1773636600,25019.5,25039.5,25013,25030.5
1773636900,25031,25031,25013,25014.25
1773637200,25013.25,25019.5,25013.25,25018
1773637500,25016.75,25032.5,25016.5,25027
1773637800,25029.25,25032,25027.5,25030.5
1773638100,25030.5,25032.75,25023.75,25029.5
1773638400,25027.5,25027.5,25018.25,25024.5
1773638700,25026.25,25027,25018.75,25023
1773639000,25022.25,25023.25,25017.25,25017.25
1773639300,25017.5,25041.75,25016.25,25041
1773639600,25040.5,25048.75,25039.75,25043.75
1773639900,25042,25059.75,25041.75,25059.25
1773640200,25057.75,25067,25053,25055
1773640500,25055.5,25068.25,25052.75,25067
1773640800,25065.75,25068,25058.5,25059.25
1773641100,25060.75,25067,25060.25,25064.5
1773641400,25064.75,25071.25,25058,25059.5
1773641700,25062,25065.5,25051.75,25053
1773642000,25052.5,25054,25047,25047
1773642300,25047,25052.25,25043.25,25046
1773642600,25046.25,25056.5,25046.25,25046.75
1773642900,25047,25055.5,25046,25053.25
1773643200,25051,25064.5,25051,25052
1773643500,25050.5,25056.5,25047.5,25052
1773643800,25051.5,25062,25049,25059.5
1773644100,25062,25073,25058.5,25070.25
1773644400,25071.5,25090.25,25067.75,25075.25
1773644700,25078,25084.75,25064.5,25064.5
1773645000,25065.25,25070.5,25048.5,25053.5
1773645300,25051.25,25062.75,25046.5,25049
1773645600,25048,25057.25,25046.75,25055.5
1773645900,25053,25056.75,25034.75,25037.5
1773646200,25039.25,25048,25020.5,25020.5
1773646500,25020.5,25029.25,25010.75,25015
1773646800,25015,25023.5,25012.25,25023
1773647100,25020.25,25035,25019.75,25032.5
1773647400,25032,25041.5,25020.75,25026.5
1773647700,25022.25,25027.5,25012.5,25020.75
1773648000,25019,25053.25,25015.5,25034.25
1773648300,25033.5,25073.5,25033.5,25071.5
1773648600,25073.5,25077,25038,25038
1773648900,25037.5,25038,25017.25,25025.25
1773649200,25026.25,25057.25,25011.5,25046.75
1773649500,25044.75,25045.75,25026.75,25036.5
1773649800,25035.75,25049,25019.5,25024.25
1773650100,25025,25029.5,25014.75,25015
1773650400,25015,25032.5,25007.25,25011
1773650700,25013,25022.75,25004.75,25006
1773651000,25004.75,25040.75,25004.5,25038.5
1773651300,25038,25047.75,25029.5,25032.25
1773651600,25038.25,25042.5,25023,25024.5
1773651900,25022.25,25022.25,24993.5,25007.25
1773652200,25010.75,25043.25,25010.5,25031.25
1773652500,25031,25039.75,25016.5,25031
1773652800,25032,25039.5,25020.75,25020.75
1773653100,25020.5,25038.25,25016.5,25019.75
1773653400,25019,25019,24997,24998.5
1773653700,25000.25,25017.5,24997.75,24999.75
1773654000,25002,25012,24990.75,24992
1773654300,24992.75,25022.75,24985,25014
1773654600,25017,25017.75,24995.5,25001
1773654900,25000,25009.25,24992.5,25001
1773655200,24998.25,25023.25,24994,25023.25
1773655500,25023.5,25034.5,25002.5,25033.5
1773655800,25034.25,25039.75,25025.75,25032.25
1773656100,25034.75,25042.5,25029.5,25040.75
1773656400,25041,25077,25039.75,25065
1773656700,25065.75,25088.75,25062,25077.75
1773657000,25080,25082,25062,25065.75
1773657300,25066.5,25076.75,25061.5,25073
1773657600,25075.5,25104.25,25066.75,25072.25
1773657900,25070,25100,25063.75,25098.75
1773658200,25098.5,25107,25088.75,25104
1773658500,25105,25121,25104.25,25111.25
1773658800,25110.75,25118.75,25095.25,25104
1773659100,25103.25,25106.75,25092,25093.75
1773659400,25093.75,25107,25092,25097.5
1773659700,25098.5,25114,25097.5,25108.25
1773660000,25111,25111.25,25092.25,25101.25
1773660300,25104.75,25106,25083.25,25086.25
1773660600,25087.25,25109.75,25084,25107.5
1773660900,25108,25133.75,25105.75,25123
1773661200,25122.75,25141.5,25121,25137
1773661500,25137.25,25143,25123.5,25128.5
1773661800,25128.5,25133,25122,25125
1773662100,25125.75,25134.25,25123.75,25133
1773662400,25131.25,25144.75,25130.75,25140.75
1773662700,25142.5,25155,25137,25155
1773663000,25154.25,25182.75,25148.25,25176
1773663300,25176,25186.25,25163.75,25181.5
1773663600,25180,25180,25163.25,25166
1773663900,25166.25,25172.75,25158.75,25172.75
1773664200,25175.25,25191.5,25169.75,25187.75
1773664500,25189.25,25191,25173.5,25179.25
1773664800,25178.5,25194.5,25171.5,25184
1773665100,25183.25,25195.75,25178,25181.75
1773665400,25181.75,25189.25,25168.75,25170
1773665700,25168.75,25168.75,25154,25165
1773666000,25165.5,25189,25161.5,25176.25
1773666300,25175.5,25184.75,25168.75,25171
1773666600,25170.25,25174.5,25160.25,25165.25
1773666900,25165.25,25170.5,25156.5,25165.75
1773667200,25164.75,25176.75,25157.5,25161
1773667500,25161.25,25170,25156.25,25162.75
1773667800,25162.75,25215.5,25130,25198.25
1773668100,25198.25,25224,25182.75,25191
1773668400,25190.5,25201.5,25171.75,25179
1773668700,25178.25,25242,25176,25220.75
1773669000,25220,25222.75,25190.5,25205.25
1773669300,25205.75,25248,25187.25,25243.75
1773669600,25242.5,25245.75,25191,25216
1773669900,25216.75,25255.5,25204.75,25246.5
1773670200,25245.75,25267.75,25231.5,25242.25
1773670500,25244.25,25269,25233.25,25241.75
1773670800,25241,25271.5,25236.75,25258.25
1773671100,25258.5,25261.75,25223.75,25225.25
1773671400,25224.5,25228.5,25170.75,25176.25
1773671700,25176.25,25205,25143,25151
1773672000,25150.5,25170.25,25141,25151.25
1773672300,25151.75,25177,25137,25150.25
1773672600,25150,25186,25117.75,25180.25
1773672900,25180,25202.5,25167.25,25200.75
1773673200,25201.25,25206,25167,25172.75
1773673500,25173,25189.75,25154.5,25189
1773673800,25189,25215,25163,25208.75
1773674100,25208.25,25217.25,25187.5,25216.75
1773674400,25217.25,25243.5,25209,25236.75
1773674700,25237.25,25241.25,25210.25,25223.25
1773675000,25222.75,25246,25221.75,25236.75
1773675300,25237.25,25244.25,25227.25,25229.5
1773675600,25229,25236.5,25219.25,25224.5
1773675900,25224.5,25240.25,25223,25235.5
1773676200,25236,25236,25200.5,25212.75
1773676500,25213.25,25220.5,25175.75,25182
1773676800,25182,25199.5,25172,25173
1773677100,25173.5,25210.75,25171.75,25188.75
1773677400,25189.5,25204.75,25175,25188
1773677700,25187.25,25199.25,25169.25,25178.75
1773678000,25180.75,25181,25137.25,25138
1773678300,25137.25,25155.25,25126.25,25140
1773678600,25139.75,25156.75,25124.5,25138
1773678900,25138.75,25169.25,25138.75,25168.25
1773679200,25167.25,25195.75,25157.25,25187.75
1773679500,25188.25,25196.5,25171.75,25182.75
1773679800,25183.75,25204.75,25178.5,25188
1773680100,25188,25196.75,25176,25180.75
1773680400,25181.75,25227.25,25181.75,25194.25
1773680700,25195.5,25214.75,25189,25201.75
1773681000,25201.5,25224.25,25201.5,25214.75
1773681300,25214,25218.75,25197.75,25215.75
1773681600,25216.25,25232,25214.5,25222
1773681900,25222,25229,25201,25204
1773682200,25204,25219,25194,25203
1773682500,25202,25208.75,25190,25192.5
1773682800,25192.25,25199.25,25178.5,25180.5
1773683100,25182,25203,25167,25175.5
1773683400,25175.25,25193.25,25159.75,25180.5
1773683700,25181.25,25197.75,25175.25,25188.25
1773684000,25189.5,25205.75,25183.25,25204.75
1773684300,25206,25228.25,25200.25,25218
1773684600,25216,25224.5,25203.25,25211.75
1773684900,25213.5,25230.25,25207.5,25222.25
1773685200,25222,25229,25214.5,25225
1773685500,25225.75,25235,25217.5,25226.5
1773685800,25226.25,25232,25212.25,25220.75
1773686100,25220.75,25233,25214.25,25229.25
1773686400,25230,25239,25223.75,25237.5
1773686700,25238,25241.75,25232.5,25233.25
1773687000,25233.25,25233.25,25218.25,25219.5
1773687300,25219.25,25221,25208.75,25211
1773687600,25211.75,25225.25,25201.25,25209.25
1773687900,25209.25,25294.75,25196,25292.5
1773688200,25292,25323.25,25207.75,25217
1773688500,25217.75,25238.75,25203.25,25203.25
1773688800,25203,25210.5,25175.5,25182.5
1773689100,25184.25,25203.75,25166.5,25190.5
1773689400,25190.25,25199.5,25175.5,25183.75
1773689700,25184,25200,25175.75,25178.75
1773690000,25178.5,25185.5,25156.5,25164
1773690300,25164.25,25171.75,25152,25162.5
1773690600,25165.25,25178.25,25144.25,25160.25
1773690900,25159.75,25187.25,25159.75,25177.25
1773691200,25177.25,25186.5,25158.5,25168.75
1773691500,25169.25,25192,25169.25,25181.5
1773691800,25181.5,25190.75,25178,25188
1773692100,25188,25188.25,25175,25175
1773692400,25174.75,25176.25,25158,25158.5
1773692700,25159.25,25163.5,25156.25,25157.25
1773693000,25157.5,25163,25155.75,25159
1773693300,25158.5,25162.25,25150.5,25157.75
1773693600,25158,25172.25,25154.25,25158
1773693900,25158.75,25165.75,25153.25,25163.75
1773694200,25163.75,25167.75,25159.5,25163.75
1773694500,25164,25167,25155.75,25161.75
1773698400,25159.5,25169.75,25134.5,25135.75
1773698700,25137.75,25150.75,25131.5,25139.5
1773699000,25141.5,25151.5,25134.75,25144.5
1773699300,25144.5,25144.75,25129.5,25131.25
1773699600,25132,25155,25131,25152.75
1773699900,25152.25,25165,25145.75,25152
1773700200,25154.5,25155.75,25134.75,25137.5
1773700500,25138.5,25140.5,25127.5,25130
1773700800,25131.25,25135,25127.75,25134.25
1773701100,25132.5,25137.75,25130.25,25132
1773701400,25131,25133,25123.25,25124.75
1773701700,25125,25135,25124.25,25129.25
1773702000,25131,25151.75,25128.5,25136.25
1773702300,25138.5,25143.5,25138,25140.25
1773702600,25141.5,25146.25,25132.5,25137.25
1773702900,25137,25138.75,25125.75,25136.5
1773703200,25136.75,25143.5,25132,25133.75
1773703500,25133.25,25145,25129.5,25141.75
1773703800,25143,25155.25,25138.25,25149.75
1773704100,25147.5,25149.5,25141.5,25147.75
1773704400,25149.5,25162.25,25149.5,25155.5
1773704700,25155.5,25159.75,25145,25152.5
1773705000,25153.5,25163.5,25152.5,25161
1773705300,25160.5,25171.5,25155.75,25171.25
1773705600,25169.75,25171.25,25132.5,25134
1773705900,25135.5,25157.5,25135,25147.25
1773706200,25149.5,25156.75,25144.25,25147.25
1773706500,25144.75,25151.75,25132,25141.25
1773706800,25140.25,25141.75,25115.25,25116.25
1773707100,25116.5,25128.75,25107,25120
1773707400,25122.25,25139.5,25120.75,25136.75
1773707700,25134.5,25151.75,25131.75,25131.75
1773708000,25131.75,25135.5,25111.25,25116.75
1773708300,25117.25,25126.25,25112,25115
1773708600,25114.25,25115.25,25101,25104
1773708900,25105.5,25108.25,25094.5,25102.5
1773709200,25103.25,25115.75,25101,25113.75
1773709500,25113.5,25123.75,25113.5,25117.25
1773709800,25118,25129,25114.25,25119
1773710100,25120,25124.25,25108.5,25111
1773710400,25112,25113.75,25103.75,25110.75
1773710700,25110.75,25117.75,25103.75,25116
1773711000,25115.75,25133.5,25114.25,25133
1773711300,25133.75,25137.5,25118.5,25121.5
1773711600,25121.25,25121.75,25101.5,25111.25
1773711900,25111.5,25113,25099.75,25108.75
1773712200,25109.5,25122.5,25108,25122.25
1773712500,25122.25,25128.5,25121,25124.5
1773712800,25125.25,25129,25118.5,25119
1773713100,25119,25120,25105,25110.75
1773713400,25110.5,25116,25106.5,25113
1773713700,25114.25,25114.25,25104,25108.25
1773714000,25108,25120,25106.25,25115
1773714300,25115.75,25117,25109.5,25112.75
1773714600,25111.75,25122,25111.75,25117
1773714900,25116.25,25119.25,25109.5,25114
1773715200,25114.5,25114.5,25108,25112
1773715500,25113,25113.5,25102.25,25106.5
1773715800,25105.75,25105.75,25086.5,25093.25
1773716100,25092.75,25097.5,25076.25,25081.25
1773716400,25081,25089,25077.25,25083
1773716700,25082.25,25084.25,25074.75,25082.25
1773717000,25082.75,25088.5,25082,25085.75
1773717300,25086,25101,25086,25097
1773717600,25096.75,25097.75,25089.25,25089.25
1773717900,25089.5,25093.5,25086.75,25089.75
1773718200,25090.5,25095,25080.5,25085.25
1773718500,25084.25,25087,25077.25,25081.5
1773718800,25080.25,25085,25070,25084.5
1773719100,25084.25,25086.75,25078.5,25083
1773719400,25083.75,25088.75,25078.75,25079.25
1773719700,25079,25080.75,25074.75,25080.25
1773720000,25080.25,25086.5,25079.25,25085
1773720300,25085.5,25092.5,25084.5,25087.5
1773720600,25086.5,25092.5,25086.5,25090.5
1773720900,25090.75,25104.25,25088.25,25102.75
1773721200,25102.75,25102.75,25092,25093.75
1773721500,25092.5,25100.5,25091.5,25100.5
1773721800,25102.25,25107.75,25100.5,25105.75
1773722100,25106.25,25119.75,25105.5,25114.5
1773722400,25113.5,25121.75,25109.5,25120.25
1773722700,25122,25137,25120,25134.25
1773723000,25134.75,25137.25,25131.25,25134.5
1773723300,25135,25135,25124,25125
1773723600,25126,25128,25118.75,25121.5
1773723900,25122,25130.5,25122,25129.5
1773724200,25130.25,25140,25125.25,25137
1773724500,25137.25,25142,25133.25,25134
1773724800,25133.75,25137.5,25130.5,25133.5
1773725100,25133.75,25138.25,25131,25131.5
1773725400,25132.75,25136.25,25127,25127.5
1773725700,25128.25,25129,25116,25116
1773726000,25116.5,25122.5,25106.25,25108
1773726300,25107.5,25108.25,25073.5,25082.5
1773726600,25081,25083,25060.25,25064.75
1773726900,25063.5,25063.5,25042,25045
1773727200,25043.75,25050.75,25019.25,25025.25
1773727500,25024.75,25038,25018.75,25024.75
1773727800,25024,25042.75,25017.75,25032
1773728100,25033,25045.25,25028,25044.75
1773728400,25044.25,25063,25042.25,25049.25
1773728700,25049,25056.25,25034.25,25055.75
1773729000,25053.5,25057.5,25043,25050.5
1773729300,25050.5,25062.5,25045.25,25062.5
1773729600,25062.75,25063.5,25052.5,25056
1773729900,25056.5,25056.5,25032.25,25033
1773730200,25033,25041.25,25031.5,25034.5
1773730500,25035.25,25044.25,25033.75,25044
1773730800,25043.5,25051.25,25027,25050.75
1773731100,25050.75,25060.25,25043.5,25046.25
1773731400,25045.75,25055.5,25044.75,25052
1773731700,25050.5,25077,25047.75,25073.25
1773732000,25073.75,25089.75,25067.25,25082
1773732300,25082.5,25086.25,25071.5,25084.75
1773732600,25083,25090.75,25081.75,25087.5
1773732900,25088.75,25097.25,25080.75,25095
1773733200,25095.75,25105.5,25074.5,25074.5
1773733500,25074.5,25077.75,25066.5,25070.75
1773733800,25070.5,25070.5,25053.5,25054.5
1773734100,25056,25063.5,25054.5,25061.75
1773734400,25060.25,25098.5,25060.25,25081.25
1773734700,25080.75,25082.75,25058,25061.25
1773735000,25061.25,25067.75,25047.75,25055.75
1773735300,25054.5,25075.5,25047,25074.75
1773735600,25075.25,25080.5,25047.75,25055.75
1773735900,25055.75,25069.75,25043.75,25046
1773736200,25048.25,25061.75,25046.25,25047.75
1773736500,25047.25,25055.5,25029.25,25051.5
1773736800,25052,25088.25,25052,25077.75
1773737100,25078.25,25085.25,25068.75,25071
1773737400,25070.5,25072.25,25038.5,25047.75
1773737700,25049,25060.5,25043.25,25059.25
1773738000,25058,25083.5,25057.75,25067.25
1773738300,25068.25,25077.25,25064,25075.75
1773738600,25075.5,25084.5,25073,25078.5
1773738900,25079,25094.5,25068,25090
1773739200,25089.25,25098,25082.25,25096.5
1773739500,25096,25135.25,25094.5,25130.5
1773739800,25129.5,25139.5,25125,25129.25
1773740100,25127.75,25130.25,25114,25117
1773740400,25118.5,25135,25111.5,25130.75
1773740700,25130.75,25136.75,25119.25,25128.25
1773741000,25128.25,25130.25,25118.5,25123.5
1773741300,25123.25,25135.5,25120,25133.75
1773741600,25132.5,25133.25,25119.5,25123
1773741900,25121.25,25123.75,25106.25,25110.25
1773742200,25108.5,25116.75,25106,25112
1773742500,25112.75,25112.75,25083.5,25089.5
1773742800,25090,25096.75,25083,25090.25
1773743100,25089.5,25100,25087,25098.25
1773743400,25097.5,25117.5,25092,25113.5
1773743700,25111.25,25121.75,25106,25107
1773744000,25106.5,25115.75,25099,25109.5
1773744300,25111,25118,25111,25115
1773744600,25115.25,25115.75,25101.25,25110.75
1773744900,25109.25,25124.5,25105.5,25123.75
1773745200,25122,25134.5,25119,25131
1773745500,25132,25138.75,25124,25134
1773745800,25133.25,25136.5,25108,25112.25
1773746100,25113.75,25119.25,25109.5,25113.25
1773746400,25115.25,25142.25,25113.5,25139.75
1773746700,25140.75,25149.75,25134,25137
1773747000,25134,25135,25120.75,25124
1773747300,25124.25,25145,25121.25,25138.75
1773747600,25138.5,25148,25131.5,25134
1773747900,25134.25,25140.5,25126.25,25127
1773748200,25127,25131.5,25103.25,25104.5
1773748500,25104.75,25113.25,25102,25104.25
1773748800,25104.25,25140.25,25102.25,25136.5
1773749100,25135.25,25169.25,25135,25167
1773749400,25166.75,25184.75,25159.25,25178.5
1773749700,25178.5,25184.75,25171,25183
1773750000,25182.75,25203,25180.75,25193
1773750300,25193.25,25205.25,25189.25,25200
1773750600,25198.25,25229.75,25198.25,25221.75
1773750900,25222,25224.5,25205.5,25218
1773751200,25218.25,25228.25,25209.75,25215.75
1773751500,25215,25219,25205.5,25211.5
1773751800,25210.75,25220.25,25205.5,25214.5
1773752100,25214.75,25223.75,25207,25222.25
1773752400,25222.25,25239,25219,25232
1773752700,25232.5,25255.25,25226,25255.25
1773753000,25254,25264.75,25251.5,25264
1773753300,25263.75,25290.5,25256.5,25286.75
1773753600,25287.5,25312.75,25283.25,25305.25
1773753900,25305.25,25315.25,25287.5,25290
1773754200,25290.25,25362.25,25253.5,25346
1773754500,25346.75,25364.5,25334.5,25360.75
1773754800,25361,25364.25,25336.25,25351.25
1773755100,25351.25,25406.5,25345,25403.5
1773755400,25403.25,25403.75,25369.75,25394.25
1773755700,25394,25395,25364.75,25382.5
1773756000,25382.25,25387.5,25340.25,25355.25
1773756300,25356.75,25371.25,25351.5,25353.5
1773756600,25354,25357.25,25314.5,25315
1773756900,25314.75,25345.5,25285.25,25344.5
1773757200,25345,25360.75,25331.75,25351.5
1773757500,25351,25368.75,25333.25,25351.75
1773757800,25351.75,25368.5,25327.75,25361.75
1773758100,25361.75,25376.5,25334.5,25339
1773758400,25338.25,25381.5,25326,25375.25
1773758700,25376,25380.5,25364.75,25374.75
1773759000,25375.25,25377.25,25356,25368.25
1773759300,25368.5,25379.75,25360.5,25365.25
1773759600,25365.5,25379,25343,25347.5
1773759900,25347,25351.75,25309.5,25310.75
1773760200,25310.5,25327.5,25302,25315.5
1773760500,25314.5,25346.5,25311.75,25334.5
1773760800,25334.25,25344.5,25300.5,25316
1773761100,25316.25,25333.75,25298.25,25299.25
1773761400,25298.5,25321.75,25280.5,25285.5
1773761700,25285.75,25296.75,25240.75,25264.5
1773762000,25264,25287.5,25256.25,25284.25
1773762300,25283.5,25302.25,25274.5,25275.5
1773762600,25276.25,25304,25276.25,25293.75
1773762900,25293.5,25300.75,25277,25280.5
1773763200,25280.25,25282.75,25250.75,25260.25
1773763500,25260.75,25278.25,25235.75,25265.25
1773763800,25265.25,25290.5,25262.25,25266.5
1773764100,25267.25,25308.25,25261.5,25308.25
1773764400,25307.25,25315.75,25287.75,25310.25
1773764700,25310.75,25311.5,25293.25,25301.75
1773765000,25301.75,25313.5,25285.5,25298.75
1773765300,25299.25,25311.25,25277.75,25284.75
1773765600,25285.5,25314.5,25282.5,25314.25
1773765900,25314.25,25315.75,25295,25300.75
1773766200,25300.25,25308.75,25291.25,25298.75
1773766500,25298,25306.5,25284.25,25285
1773766800,25285,25326.5,25283.5,25321.25
1773767100,25321.75,25322.5,25308.75,25318.75
1773767400,25318.75,25320,25292.5,25305
1773767700,25304,25305.75,25292.25,25302.5
1773768000,25301.25,25311,25291.75,25304
1773768300,25303.5,25312.75,25295.75,25306.25
1773768600,25305.25,25316.75,25299.25,25303
1773768900,25303,25325.25,25302.25,25322
1773769200,25322.5,25324,25295.75,25300.75
1773769500,25301.25,25308.25,25284,25297.25
1773769800,25296.25,25333.75,25291.25,25328.25
1773770100,25328,25332.75,25318.25,25324
1773770400,25323.75,25335.75,25312.25,25330.25
1773770700,25330.75,25345,25320.25,25344.5
1773771000,25344,25347.25,25325.5,25325.5
1773771300,25325.5,25331.5,25320.75,25325.75
1773771600,25326.25,25328.5,25292.75,25294
1773771900,25293.5,25306.25,25289.75,25291
1773772200,25291.25,25298.75,25282,25292.5
1773772500,25292.5,25298.25,25283,25288.5
1773772800,25288,25299,25279.25,25281.75
1773773100,25282.5,25297.5,25281.5,25294.5
1773773400,25294.25,25307.25,25284.75,25304.25
1773773700,25304,25304,25280.75,25292.75
1773774000,25293,25309.25,25289.75,25293
1773774300,25292,25293.25,25271.5,25288
1773774600,25288.75,25298,25286.75,25294.75
1773774900,25294,25314.5,25292,25303
1773775200,25302.75,25304.25,25288.75,25294
1773775500,25294.25,25300,25290,25296.75
1773775800,25296,25305.75,25289.5,25291.75
1773776100,25292.5,25297,25287.25,25290.5
1773776400,25290.75,25298.5,25284.25,25288.5
1773776700,25289,25306.25,25288.5,25305
1773777000,25305.75,25317.25,25285.75,25317.25
1773777300,25317,25317.25,25291.5,25299.75
1773777600,25299.5,25316.25,25293.75,25314.5
1773777900,25314.25,25317.75,25305,25306.5
1773778200,25306.5,25319,25304.25,25316.5
1773778500,25317.25,25319.5,25311.25,25315.25
1773778800,25315.5,25317,25312,25315.5
1773779100,25315.5,25317,25310.75,25311.75
1773779400,25311.75,25316.75,25311.75,25314.75
1773779700,25314.5,25316.75,25311.75,25315.25
1773780000,25314.75,25316.5,25313.25,25314.25
1773780300,25314,25318,25309,25314
1773780600,25314.25,25316.5,25309.5,25313
1773780900,25313.5,25317.25,25310.75,25317
1773784800,25309.25,25317.75,25297.5,25298
1773785100,25297.5,25304.75,25294.25,25304
1773785400,25304.5,25307.25,25298.75,25305
1773785700,25306,25306.5,25291.5,25292.75
1773786000,25293.5,25299.75,25291.5,25296.75
1773786300,25296.75,25302.25,25294.5,25296
1773786600,25296.75,25301,25293.25,25294.75
1773786900,25294.75,25296.5,25281.5,25286
1773787200,25286,25287.5,25280.75,25284
1773787500,25283.75,25289.5,25280.25,25283.75
1773787800,25283,25292.5,25283,25288.75
1773788100,25289.25,25300.25,25289.25,25296.25
1773788400,25296.25,25300.25,25285,25290.5
1773788700,25290.75,25296.25,25288.5,25290.25
1773789000,25290.25,25297.75,25286.25,25297.5
1773789300,25296.75,25310.75,25293.5,25308.25
1773789600,25308.5,25313.25,25298.25,25301.75
1773789900,25301.25,25304,25297,25297
1773790200,25296,25301.75,25291.25,25300.5
1773790500,25300.75,25307.25,25290,25290.5
1773790800,25289.5,25294.75,25287.25,25294
1773791100,25294.5,25300.25,25292.75,25297.25
1773791400,25298.25,25300.25,25293.5,25295
1773791700,25295.25,25296.25,25290.5,25293
1773792000,25292.75,25310.25,25287.5,25308
1773792300,25308.5,25322,25308.25,25320.75
1773792600,25321.5,25343,25318.75,25341.5
1773792900,25341.25,25344.5,25327.75,25328.5
1773793200,25328.75,25341,25325.5,25338
1773793500,25337.25,25339.75,25334.5,25335
1773793800,25335.5,25338,25328.25,25333.5
1773794100,25332.75,25339,25331.25,25337.5
1773794400,25336.75,25345.5,25332,25344.5
1773794700,25343,25365.5,25342,25360.75
1773795000,25361.5,25371.5,25354,25364.25
1773795300,25364.75,25372.5,25361.25,25368
1773795600,25369,25385.5,25369,25380.25
1773795900,25381.75,25386.5,25377.5,25383
1773796200,25384,25388,25374.25,25379.25
1773796500,25379.75,25384.5,25377.25,25378.25
1773796800,25379.5,25387.5,25377,25383.5
1773797100,25383.75,25385.25,25379,25380
1773797400,25380,25382.25,25377.5,25380
1773797700,25381.5,25384.5,25375.25,25382.5
1773798000,25382.75,25386.25,25379.75,25383
1773798300,25383.25,25384.25,25375,25379.75
1773798600,25379.75,25380.25,25370.25,25372.75
1773798900,25372,25386.5,25372,25386
1773799200,25385.5,25399.5,25383.75,25390.5
1773799500,25389.75,25399.75,25388.25,25398.75
1773799800,25399.25,25400.75,25388.5,25396.5
1773800100,25395.75,25409.25,25392.25,25407.25
1773800400,25407.5,25409.25,25403.25,25405.5
1773800700,25405.5,25419.5,25403.25,25413
1773801000,25414,25419.5,25410.5,25415.5
1773801300,25415,25419,25408,25417
1773801600,25417,25418.25,25409.25,25410
1773801900,25410.25,25417.5,25408.25,25408.25
1773802200,25409,25413,25405.75,25407
1773802500,25407.75,25409,25402,25408
1773802800,25407.25,25409.5,25400.5,25401.75
1773803100,25402,25403.75,25396.5,25401.75
1773803400,25401.5,25412.75,25400.75,25411.25
1773803700,25412.5,25414,25408,25411.5
1773804000,25411,25417.25,25410.75,25413
1773804300,25413.75,25417,25407.25,25411.25
1773804600,25411,25414.75,25408.25,25410.5
1773804900,25410.75,25412.5,25406,25407.25
1773805200,25406,25414,25406,25411.25
1773805500,25411.75,25423.75,25411.75,25418.75
1773805800,25418.5,25424.75,25416.75,25421.5
1773806100,25421.25,25433.75,25420.25,25426.5
1773806400,25425.75,25432.5,25425.75,25431
1773806700,25430.75,25430.75,25425.25,25430.75
1773807000,25431,25435.75,25430,25433
1773807300,25433.75,25435.25,25428.25,25430.5
1773807600,25430.25,25433,25428.75,25430.75
1773807900,25430,25430,25425.25,25428.5
1773808200,25428.5,25430.75,25423.25,25424.5
1773808500,25424.5,25427.75,25420.75,25425
1773808800,25425.25,25425.25,25420,25423.25
1773809100,25423.25,25430.25,25422.5,25428.5
1773809400,25428.75,25438,25428.75,25433.5
1773809700,25433.25,25435,25425.75,25429
1773810000,25429.5,25436.75,25424.75,25434
1773810300,25434,25435.25,25431.5,25432.75
1773810600,25433.75,25443.25,25433.75,25440.25
1773810900,25440,25447,25437.75,25446.5
1773811200,25444.75,25445,25438.75,25444.25
1773811500,25445.25,25456,25444.75,25449.25
1773811800,25449.25,25457.5,25449.25,25449.75
1773812100,25449.75,25454,25448.25,25452.25
1773812400,25452.5,25456.5,25449.5,25452.75
1773812700,25453,25459.25,25449.25,25457.75
1773813000,25457.75,25460,25453,25459.5
1773813300,25458.5,25460,25454.5,25458
1773813600,25458.5,25464.5,25455.5,25456.25
1773813900,25456.75,25470,25456.75,25469.75
1773814200,25470,25475,25463.5,25465.5
1773814500,25465.25,25474.75,25460.75,25472.75
1773814800,25473.25,25490.75,25473.25,25489.75
1773815100,25489.75,25500,25489,25494.25
1773815400,25493.75,25496.25,25483,25483.5
1773815700,25484,25489.25,25477.25,25478.5
1773816000,25477.5,25481,25475.75,25476.75
1773816300,25476.5,25478.75,25471.75,25472.5
1773816600,25472.25,25477,25467.75,25476
1773816900,25475.5,25475.5,25470,25471.25
1773817200,25472.5,25478.25,25466,25472.25
1773817500,25472.75,25474.25,25463.25,25465.75
1773817800,25465.75,25470.5,25463.25,25469.25
1773818100,25469,25477,25465.25,25470.25
1773818400,25470.75,25475,25463,25464.5
1773818700,25463.5,25467.25,25456.5,25463.75
1773819000,25464.25,25470.75,25461.75,25467
1773819300,25466.75,25466.75,25458.5,25460.25
1773819600,25459.5,25470.5,25459,25468.25
1773819900,25468,25469.25,25455,25456.75
1773820200,25457,25459,25452,25454
1773820500,25454,25456,25448,25451.25
1773820800,25450.75,25467.5,25447,25463.25
1773821100,25462.5,25473,25459.5,25465
1773821400,25464,25475.5,25463,25468.75
1773821700,25469,25474,25456.5,25463.25
1773822000,25463.25,25467,25458.25,25466.25
1773822300,25466.75,25469,25450,25451.75
1773822600,25451.25,25463.5,25444.75,25455.75
1773822900,25456,25460,25443,25451.25
1773823200,25452.5,25454.5,25447.25,25453.5
1773823500,25454,25468,25449.5,25460.5
1773823800,25461.5,25473,25461.5,25466.25
1773824100,25464.25,25469,25458.5,25461.25
1773824400,25460.5,25469.5,25455.5,25459.75
1773824700,25460.5,25473.5,25454.5,25465.25
1773825000,25466.5,25466.5,25448.25,25448.75
1773825300,25449.5,25471.25,25448,25468.75
1773825600,25470,25479.75,25463.75,25465.75
1773825900,25466.75,25475.75,25463.75,25474.25
1773826200,25476,25477,25470.25,25474
1773826500,25473.75,25479.75,25471,25473.5
1773826800,25473.75,25480,25468,25477
1773827100,25478,25478.75,25465.75,25473.5
1773827400,25473.25,25476,25459.75,25463.5
1773827700,25463.25,25465.75,25456.75,25459
1773828000,25459.25,25463.25,25454.5,25454.5
1773828300,25455,25469.25,25454.75,25467.75
1773828600,25468.5,25474.5,25466.75,25472.75
1773828900,25472.75,25484.5,25468.75,25482
1773829200,25481.75,25487.75,25479.5,25481.25
1773829500,25480.75,25486.75,25477.25,25477.25
1773829800,25477.25,25486.25,25476,25479
1773830100,25479,25481.5,25471.75,25473
1773830400,25473.5,25474,25465.25,25471
1773830700,25470.5,25473.75,25463,25470
1773831000,25470.25,25470.75,25455,25456
1773831300,25455.25,25457.5,25448,25451
1773831600,25450.75,25451.75,25435.75,25445.25
1773831900,25445.25,25447.75,25437.5,25447
1773832200,25448.25,25462.5,25447,25455.5
1773832500,25455.25,25466.25,25455,25464.5
1773832800,25464.25,25466.75,25450.75,25453.75
1773833100,25454.25,25455.25,25393.5,25395.75
1773833400,25395.75,25419,25387,25409
1773833700,25409.5,25415.75,25397.25,25411.5
1773834000,25411.25,25439.25,25409,25432.5
1773834300,25432.75,25435.75,25418.25,25428.5
1773834600,25427.75,25429,25407,25411.5
1773834900,25410.25,25423.75,25400.75,25402.5
1773835200,25402,25408.5,25362.5,25367
1773835500,25365.75,25369,25344.75,25349
1773835800,25348.75,25354.25,25319.75,25337.5
1773836100,25337.75,25340.25,25290.75,25292
1773836400,25292.25,25314.5,25288.5,25305.75
1773836700,25305.75,25321.75,25292,25314
1773837000,25315.75,25315.75,25234,25254.5
1773837300,25254.75,25277.75,25245.5,25274.5
1773837600,25274.5,25285.25,25195.25,25213.75
1773837900,25212.5,25224.25,25177.25,25186
1773838200,25185.25,25208.25,25172,25178
1773838500,25178,25201.25,25159.25,25170.75
1773838800,25170.25,25194.5,25153.5,25179.75
1773839100,25179.25,25200.25,25172.25,25187.75
1773839400,25188.75,25201.5,25179.25,25188.75
1773839700,25189.5,25199,25166.75,25190.5
1773840000,25189.75,25213.5,25189,25200.75
1773840300,25201.5,25226.5,25201.25,25218
1773840600,25217.75,25250.75,25193.75,25234
1773840900,25234.5,25267.25,25225.75,25252.25
1773841200,25252.5,25279.25,25216,25242.25
1773841500,25242.5,25287.75,25237.5,25256
1773841800,25256,25260,25223.75,25229.25
1773842100,25229,25261.5,25220.25,25261.25
1773842400,25258.5,25267.25,25203.75,25230.25
1773842700,25230.75,25274.25,25217.75,25257.75
1773843000,25256.5,25259.5,25183,25183.5
1773843300,25184.75,25215,25180.75,25191.75
1773843600,25192,25199.5,25177.25,25181.5
1773843900,25181.75,25184.75,25101.25,25111.25
1773844200,25112,25160.75,25107,25127.25
1773844500,25128,25147.75,25120,25126
1773844800,25126.5,25140.5,25113.75,25121
1773845100,25121,25144.75,25109.25,25120
1773845400,25118.25,25142.25,25117.75,25135
1773845700,25133,25172.75,25131,25171.75
1773846000,25172.75,25199.5,25153,25179.75
1773846300,25179.75,25221.25,25176.75,25219.5
1773846600,25219.75,25220.75,25186.5,25194
1773846900,25194.25,25203.25,25165,25168.25
1773847200,25167.5,25183.25,25149.5,25182
1773847500,25182,25192.25,25176,25177.5
1773847800,25177.5,25206.25,25170.75,25193.25
1773848100,25193.5,25204,25180.75,25195.5
1773848400,25194.5,25197.75,25170.75,25184.25
1773848700,25183.5,25195.25,25165.25,25171.75
1773849000,25171.25,25202.25,25169.5,25201.75
1773849300,25201,25206.25,25183.5,25188.75
1773849600,25188.5,25188.75,25166,25181.25
1773849900,25181.5,25181.5,25163.75,25164.75
1773850200,25165,25198.25,25155.5,25192
1773850500,25192.25,25192.5,25167.25,25191.5
1773850800,25193,25201.5,25184,25189.75
1773851100,25190.75,25192,25175,25177.5
1773851400,25177,25184.75,25142,25142.75
1773851700,25142.5,25153.75,25120.25,25148
1773852000,25147.25,25153.5,25134.75,25141.25
1773852300,25141.25,25147.5,25130.5,25143.25
1773852600,25142.75,25164.75,25135,25159.25
1773852900,25159.5,25166,25132,25134.5
1773853200,25133.75,25137.5,25097.5,25122.75
1773853500,25122.75,25127.75,25099,25101.75
1773853800,25102,25110.25,25085,25094
1773854100,25094.25,25111.75,25087.25,25109
1773854400,25109,25122,25104.75,25121.25
1773854700,25120.75,25125,25110.25,25121
1773855000,25121.25,25132.5,25101.25,25131.5
1773855300,25132.25,25159.75,25131.5,25153.5
1773855600,25153.5,25154.75,25135.25,25139.5
1773855900,25139,25171.75,25137,25149.25
1773856200,25149.5,25164,25141.5,25162
1773856500,25163.5,25174.25,25154.25,25169.5
1773856800,25171,25206,25165.25,25195.75
1773857100,25195.5,25195.5,25161.75,25164.25
1773857400,25165.25,25172.75,25147.5,25163.5
1773857700,25163.75,25163.75,25116,25130.5
1773858000,25130,25142.25,25115.25,25131.5
1773858300,25131.25,25148.25,25124.25,25146.5
1773858600,25145,25153.5,25081.5,25083.25
1773858900,25083.75,25150,25076.75,25091.25
1773859200,25092,25127.5,25077.5,25103.25
1773859500,25102.5,25109.5,25086.5,25090.25
1773859800,25090,25092,25040,25048.5
1773860100,25049,25065,25030.75,25033.25
1773860400,25032.25,25079.5,25024.5,25079.25
1773860700,25078.5,25091,25062.5,25076.5
1773861000,25077,25077,25042.75,25054
1773861300,25053.75,25056.5,25026.75,25027.75
1773861600,25027.5,25034.75,24999.75,25005.75
1773861900,25005.75,25022,24998.75,25011.5
1773862200,25010.25,25031.75,25002.75,25024.25
1773862500,25024.5,25026.5,24994,25000
1773862800,24999.5,25006,24960.5,24974.25
1773863100,24974.75,24977.75,24960.5,24965.5
1773863400,24965,24982.5,24956.25,24967
1773863700,24966,24972.25,24931.25,24941
1773864000,24940.75,24979.5,24935.5,24942.75
1773864300,24943.75,24945,24909,24926.25
1773864600,24926.5,24932.75,24906,24913.5
1773864900,24913.75,24916.75,24900.75,24902.5
1773865200,24902.75,24910,24891.5,24893.5
1773865500,24893.25,24893.5,24855,24868
1773865800,24868.5,24888.75,24868.5,24883
1773866100,24882.75,24897.25,24878.5,24891.25
1773866400,24891.75,24902.75,24890.5,24898.75
1773866700,24898.25,24913,24898.25,24911.25
1773867000,24911.25,24919.75,24907,24913
1773867300,24913,24916,24894.5,24895.75
1773871200,24911.5,24918,24889.5,24894.25
1773871500,24895.5,24902,24879.75,24892.5
1773871800,24892.75,24895,24881,24881.75
1773872100,24883,24894.75,24877.25,24892
1773872400,24892.25,24900.25,24869.5,24872.75
1773872700,24874,24877.75,24866.75,24870.75
1773873000,24869.75,24878,24857,24859.75
1773873300,24860,24865.25,24851.75,24862.5
1773873600,24863.75,24874,24857.75,24869.5
1773873900,24869.5,24881.25,24868.5,24876.5
1773874200,24875.5,24886,24874.75,24877
1773874500,24877.75,24885.25,24874.25,24883
1773874800,24883.75,24904.25,24882,24897.75
1773875100,24898.25,24898.25,24886.5,24895.75
1773875400,24897.5,24908.5,24895.25,24899.75
1773875700,24900,24904.25,24893.25,24898
1773876000,24898,24905.5,24897.75,24904.5
1773876300,24905.5,24912.75,24901.5,24912.25
1773876600,24911.25,24914.25,24907,24909.75
1773876900,24908.75,24914.5,24906.75,24911.75
1773877200,24912.75,24933.75,24907.25,24915
1773877500,24915.5,24917.5,24876.25,24907.5
1773877800,24905.75,24906.25,24886.25,24903.25
1773878100,24905.25,24915.5,24895,24906.25
1773878400,24907.75,24924,24890.5,24923.75
1773878700,24923.75,24933.75,24911.5,24912
1773879000,24912.25,24923.25,24895.5,24918.25
1773879300,24917.75,24923.5,24906,24912
1773879600,24910.75,24910.75,24884.75,24885.5
1773879900,24885.25,24915,24883.5,24914.5
1773880200,24913.75,24923.75,24889.5,24894
1773880500,24894,24905.75,24890.25,24891.25
1773880800,24891.5,24895.75,24878.25,24878.5
1773881100,24879.75,24907.25,24876,24904.75
1773881400,24905.5,24909.75,24893.5,24905.75
1773881700,24904.5,24911,24900.25,24909
1773882000,24909.25,24914,24897.5,24901
1773882300,24901.5,24910.75,24894.5,24908.75
1773882600,24909.5,24915,24906,24907.75
1773882900,24909.25,24921,24904.75,24918
1773883200,24917.25,24925,24912.25,24923.75
1773883500,24923.75,24930.5,24921.5,24928.75
1773883800,24929.25,24933,24920.25,24930.75
1773884100,24931.25,24950.75,24927.5,24945.5
1773884400,24946.5,24954.75,24939.5,24944.75
1773884700,24944,24950.75,24936.5,24944.75
1773885000,24944,24951,24935.75,24949.25
1773885300,24950,24959.5,24926,24929.5
1773885600,24929.25,24931.5,24890,24913.5
1773885900,24914,24965.5,24913.75,24955.5
1773886200,24958,24976,24957.75,24968.25
1773886500,24968.25,24982,24962.25,24981
1773886800,24982,24996.25,24981.75,24994
1773887100,24993,24994,24982.5,24984.25
1773887400,24985.25,25002.5,24983.25,25001
1773887700,25001.75,25014.75,25000.25,25006
1773888000,25006.25,25013,25001.25,25006
1773888300,25005.5,25007,24988.25,24988.25
1773888600,24989,24990.5,24976.75,24984
1773888900,24983.25,24990.75,24977.5,24985.25
1773889200,24985.5,24992.5,24985.5,24991
1773889500,24991,24994.5,24987.5,24993.5
1773889800,24993,25004.5,24993,25000.25
1773890100,25000.25,25002,24992,24992.5
1773890400,24992.25,24996.25,24987.5,24988.25
1773890700,24988.75,24990.5,24981.5,24983.25
1773891000,24983,24983.5,24964.75,24973.25
1773891300,24973.5,24975.25,24964.25,24970.75
1773891600,24972.75,24974,24964.25,24968
1773891900,24968.5,24978,24967.5,24970.25
1773892200,24970.25,24971,24961,24968.75
1773892500,24967,24972.5,24952.5,24954.25
1773892800,24952.75,24953.5,24941.25,24947.25
1773893100,24947.75,24947.75,24929.25,24930.25
1773893400,24930,24937.25,24926,24934
1773893700,24933.5,24937,24925.75,24931.25
1773894000,24931.25,24937.75,24927.5,24931
1773894300,24931.25,24935,24924.75,24927.5
1773894600,24929.75,24937.5,24923,24929.5
1773894900,24930.5,24933.5,24917.25,24924
1773895200,24922.75,24923.5,24905.75,24917.75
1773895500,24917,24917,24900,24904
1773895800,24904.25,24914.25,24904.25,24910.25
1773896100,24911.75,24921.75,24911.25,24919.25
1773896400,24919.75,24929.5,24919.75,24925.5
1773896700,24924.75,24929.25,24915,24921.5
1773897000,24921.25,24927.5,24909.25,24924.5
1773897300,24923.5,24930,24918,24930
1773897600,24929.5,24937.5,24922,24927.5
1773897900,24927,24927,24904,24904.75
1773898200,24904.5,24911.5,24893.75,24897.25
1773898500,24897.75,24906.5,24888.5,24894
1773898800,24893,24899.25,24865.5,24870.75
1773899100,24873,24890.5,24868.5,24875.75
1773899400,24876.25,24905.5,24873.5,24903.5
1773899700,24904.75,24908.75,24883.5,24887.25
1773900000,24886,24907.5,24878.75,24905
1773900300,24907,24917.5,24902.5,24903.75
1773900600,24901.75,24911,24895.25,24905.75
1773900900,24906.5,24928.5,24905,24916.75
1773901200,24916.5,24923.5,24909.75,24920.5
1773901500,24920.75,24920.75,24891.5,24892
1773901800,24894.5,24899.5,24881.25,24887.25
1773902100,24886.75,24891.5,24863.25,24890
1773902400,24891,24900,24888.75,24893.5
1773902700,24894.5,24899.5,24885.5,24888.25
1773903000,24887.75,24889,24873.5,24875.25
1773903300,24874.75,24895.25,24872,24894.75
1773903600,24894.75,24903,24857.75,24872
1773903900,24872.25,24883.75,24867,24878.25
1773904200,24877.5,24885.5,24847.5,24863.5
1773904500,24864.25,24916.25,24862.5,24908.5
1773904800,24909.5,24910.5,24881.25,24896.5
1773905100,24898.25,24900.75,24877.25,24879.25
1773905400,24880,24885,24857,24859.75
1773905700,24861,24869,24846,24864.75
1773906000,24866,24872,24846.5,24854.25
1773906300,24855.25,24880.25,24852.5,24875.25
1773906600,24871.5,24882,24853.25,24854.75
1773906900,24853.5,24860.5,24833,24846.75
1773907200,24846.75,24880.25,24834.5,24836
1773907500,24836.25,24870.5,24830,24870.25
1773907800,24871.5,24883,24854.25,24868.25
1773908100,24868,24882.75,24851.25,24861
1773908400,24861.25,24879,24848,24876.25
1773908700,24875.5,24875.5,24829.5,24838
1773909000,24839.25,24855,24821,24826.75
1773909300,24826.25,24838.75,24809.75,24815.25
1773909600,24815.75,24836.75,24796,24796.75
1773909900,24797.25,24827.25,24795,24826
1773910200,24825.5,24861,24809,24842.75
1773910500,24843.25,24847.25,24827.5,24835.5
1773910800,24835.5,24879.75,24835.5,24868.75
1773911100,24869,24880.25,24856,24858.5
1773911400,24858.5,24864.5,24840.75,24859.75
1773911700,24859.5,24868.5,24844.5,24859
1773912000,24857.75,24886,24851,24862.75
1773912300,24862.5,24872.5,24789.5,24807
1773912600,24805.75,24853,24803,24819.25
1773912900,24822.5,24846.5,24800.75,24838.5
1773913200,24836.75,24859.25,24828.25,24834
1773913500,24832.5,24904,24829,24901.75
1773913800,24900.5,24939.75,24894.25,24919.25
1773914100,24919.25,24937,24913.5,24916.75
1773914400,24917.25,24917.25,24889.5,24894.75
1773914700,24894.5,24915.75,24887.25,24899.25
1773915000,24900.25,24916.25,24890.5,24893.25
1773915300,24893.25,24895,24882.25,24893.5
1773915600,24894.5,24895,24880.25,24885.75
1773915900,24884.75,24902.5,24881.5,24896
1773916200,24895.5,24908.25,24895.5,24905
1773916500,24905,24905.75,24881.5,24881.5
1773916800,24881.75,24883.25,24861.5,24873.5
1773917100,24872.5,24879.75,24862.5,24873.25
1773917400,24873,24885.25,24865.5,24872.25
1773917700,24871.75,24887.5,24864.5,24880.5
1773918000,24881,24903,24866,24867
1773918300,24867.25,24875.5,24852,24866
1773918600,24865.5,24892.75,24864,24873
1773918900,24871.5,24876.25,24851.25,24853.75
1773919200,24855.5,24861.25,24830,24833.5
1773919500,24833.5,24838.5,24818.5,24835.75
1773919800,24835.75,24846.75,24813,24815.25
1773920100,24815,24815.5,24798.5,24800.5
1773920400,24801.25,24811.75,24799,24803
1773920700,24804.25,24811,24799.75,24801.75
1773921000,24802.75,24832.5,24801.25,24824.5
1773921300,24823.75,24842.25,24818,24835.25
1773921600,24836,24836.75,24767.5,24776.75
1773921900,24778.25,24847.75,24771,24827.5
1773922200,24826.75,24838,24803.25,24809.75
1773922500,24808,24825.5,24787.5,24790.75
1773922800,24788.75,24805,24779.5,24788.5
1773923100,24788.25,24791.75,24747.75,24767.5
1773923400,24767.5,24789,24727.5,24773.5
1773923700,24773.5,24788.75,24757.5,24763.5
1773924000,24761,24802.75,24754,24790
1773924300,24790.75,24791.75,24741.5,24747.75
1773924600,24747.25,24752.25,24712,24739.5
1773924900,24738.5,24747.75,24730.75,24736.25
1773925200,24736.5,24745.75,24714,24724
1773925500,24724.5,24729.25,24705.25,24712
1773925800,24711.25,24716.75,24700,24705
1773926100,24703.5,24775.25,24690.75,24766.75
1773926400,24768,24798,24717.75,24728
1773926700,24728.75,24736.75,24702.25,24718.25
1773927000,24717.75,24718.75,24619,24646.75
1773927300,24646.5,24697,24616.25,24673.5
1773927600,24673.75,24742.25,24664.5,24721.75
1773927900,24722,24748.75,24682,24747.25
1773928200,24747.25,24810.75,24738,24804.5
1773928500,24804.5,24806.75,24752.25,24791.25
1773928800,24791,24819.25,24773.25,24780.75
1773929100,24781.75,24812.75,24764,24774
1773929400,24774.5,24836.25,24759,24785.5
1773929700,24786,24796.5,24749.75,24764.75
1773930000,24765,24785.5,24718.75,24732.75
1773930300,24733.75,24748.5,24696.75,24716.25
1773930600,24716,24810.5,24712,24805.25
1773930900,24805,24830,24738.25,24755.25
1773931200,24755.75,24798,24747.5,24756.5
1773931500,24758,24788.75,24741.25,24787
1773931800,24786.5,24813.25,24766.25,24785.75
1773932100,24784.75,24808,24759.5,24778.5
1773932400,24778.25,24814,24770.25,24812.75
1773932700,24813.5,24867,24799.5,24819
1773933000,24819.25,24847.25,24814,24843.5
1773933300,24843.75,24853.5,24772,24774.5
1773933600,24776.25,24787,24745,24748.75
1773933900,24748.75,24764.75,24734.75,24750.5
1773934200,24751.25,24752.75,24704.25,24706.25
1773934500,24705.25,24725.5,24689.75,24714.5
1773934800,24715.25,24730.75,24696.5,24701.5
1773935100,24701,24730.75,24686.5,24720.25
1773935400,24719.75,24733.25,24706.5,24709.5
1773935700,24709,24765.25,24708.25,24764.5
1773936000,24764.25,24806.75,24743.25,24782.25
1773936300,24782.25,24812.25,24774.75,24788.75
1773936600,24789.75,24792.25,24751.25,24760.5
1773936900,24761,24772,24738.5,24745
1773937200,24746,24760.75,24725,24740.75
1773937500,24741.25,24769.5,24734.75,24758
1773937800,24760,24770.25,24735.75,24749
1773938100,24749,24765.5,24729.25,24764.5
1773938400,24764.5,24792.25,24755,24772
1773938700,24773.5,24777.75,24752.25,24756.5
1773939000,24756.5,24756.5,24713.25,24737.25
1773939300,24736.75,24747.75,24722.75,24744.25
1773939600,24744,24753,24711.25,24711.75
1773939900,24711.25,24718.25,24670,24674.75
1773940200,24675.5,24693.75,24667.25,24677.5
1773940500,24677.75,24721,24668.5,24720.75
1773940800,24720,24748.25,24707,24734.25
1773941100,24734.5,24752.75,24725.5,24739.25
1773941400,24739,24758.5,24724,24729.5
1773941700,24729.25,24737.25,24710.25,24710.75
1773942000,24711,24727,24700.75,24718.25
1773942300,24719.25,24731.5,24705.25,24721
1773942600,24720.25,24777.75,24717.75,24764.75
1773942900,24765.25,24765.5,24740.75,24743
1773943200,24742.25,24745,24714.5,24720.75
1773943500,24721,24757.75,24718.5,24747.75
1773943800,24749.25,24810.25,24747,24798
1773944100,24798.75,24806.5,24772,24795.5
1773944400,24795,24800.25,24775.5,24781.5
1773944700,24780.75,24790,24757.5,24758.25
1773945000,24759,24761.75,24742.25,24750.75
1773945300,24750.25,24759.25,24722.5,24734.25
1773945600,24734.25,24739.25,24709.75,24717.75
1773945900,24717.5,24731.5,24711,24724.75
1773946200,24724.5,24737.5,24707.5,24734.5
1773946500,24734.25,24814,24727.75,24799.25
1773946800,24798.25,24885,24795.5,24873.75
1773947100,24873.25,24979.5,24873.25,24933.5
1773947400,24933.25,24981,24897,24947.25
1773947700,24948,24965.25,24919.75,24952
1773948000,24951.25,24954.75,24898.75,24904.5
1773948300,24904.5,24906.25,24864,24887.25
1773948600,24886.75,24904,24864.25,24870
1773948900,24869.75,24887.5,24833.5,24884.25
1773949200,24885.5,24895,24866.75,24878.25
1773949500,24878.25,24890.75,24858.75,24868
1773949800,24869,24879.25,24852,24859.25
1773950100,24859.75,24886.75,24859,24864.25
1773950400,24864.25,24884,24853,24880
1773950700,24880,24905.75,24872.25,24888
1773951000,24889,24903,24880,24901.25
1773951300,24902,24912.5,24902,24909
1773951600,24909,24922.5,24906.5,24916.25
1773951900,24915.75,24920.75,24910.25,24911.75
1773952200,24911.5,24911.5,24900.5,24906.5
1773952500,24906.25,24912,24904.5,24909
1773952800,24909.75,24913,24907,24911.5
1773953100,24911.75,24916.75,24905.25,24907
1773953400,24907.5,24909.25,24900.5,24907.75
1773953700,24907.75,24909.5,24904.75,24906.5
1773957600,24922.25,24948,24905.5,24908.75
1773957900,24907,24910.25,24893,24909.5
1773958200,24909.25,24915,24902.25,24907.75
1773958500,24906.5,24926.75,24901.5,24925
1773958800,24925,24933,24920,24925.75
1773959100,24926,24933.75,24926,24928.5
1773959400,24928.75,24937.75,24926.5,24931
1773959700,24930.75,24938.5,24926.75,24933.75
1773960000,24933.75,24933.75,24923.25,24928.5
1773960300,24926,24929,24916.75,24916.75
1773960600,24917.25,24921.5,24911,24915.5
1773960900,24915,24928.5,24914.75,24924.75
1773961200,24926.25,24938.25,24921.75,24934
1773961500,24935,24948.25,24934.25,24938.75
1773961800,24938.5,24940.25,24922.5,24924.5
1773962100,24924.75,24926.5,24913.75,24916.5
1773962400,24918.5,24922.75,24900.5,24901.25
1773962700,24902.75,24910.25,24897.75,24905.25
1773963000,24906.5,24916,24897.75,24900.75
1773963300,24900.25,24907.5,24898.5,24904
1773963600,24904.25,24905.5,24894.5,24897.75
1773963900,24896.75,24913.75,24896.75,24902.5
1773964200,24903,24909.75,24894.75,24906.75
1773964500,24907,24924.5,24905.5,24909.5
1773964800,24909,24923.5,24876.25,24880.75
1773965100,24880.5,24905.5,24876.5,24904.5
1773965400,24905.5,24932.25,24905.5,24927
1773965700,24928.5,24928.5,24911.25,24918.75
1773966000,24916.25,24917.75,24871.25,24884.5
1773966300,24884,24894.25,24879,24885
1773966600,24884.5,24891,24876,24880.75
1773966900,24881,24889.25,24871.75,24888.25
1773967200,24888.5,24900.75,24876.75,24884.5
1773967500,24885.75,24899,24883,24888.5
1773967800,24887.75,24898,24881.5,24883.75
1773968100,24884,24893,24879,24887.75
1773968400,24888.5,24910.5,24879.5,24909.25
1773968700,24909,24919.5,24903.25,24909.25
1773969000,24909.25,24922.25,24904.25,24913.25
1773969300,24913.75,24915.25,24892.25,24904.25
1773969600,24905.25,24908.25,24881.5,24894.5
1773969900,24895,24907.75,24892.5,24904.5
1773970200,24904.5,24929,24904.5,24927.5
1773970500,24927.25,24943.25,24918.25,24941.5
1773970800,24941.5,24943,24932,24939.75
1773971100,24941.75,24950,24935.5,24938.75
1773971400,24938.75,24939.25,24915.25,24916.25
1773971700,24916.25,24918.5,24898.25,24906.75
1773972000,24909.25,24916.25,24901.75,24902
1773972300,24901.5,24926.75,24901,24922
1773972600,24922,24924.25,24918.25,24921.75
1773972900,24922.5,24926,24917.5,24923.25
1773973200,24923.5,24926.75,24915,24915.25
1773973500,24915.75,24918.75,24909.25,24913.25
1773973800,24912.25,24917.5,24907.75,24913.75
1773974100,24914,24917.75,24901.25,24908.5
1773974400,24909.25,24920.75,24907.5,24918
1773974700,24918.25,24922.75,24914,24920.75
1773975000,24922.25,24931.25,24920,24927.5
1773975300,24927.25,24927.75,24909.5,24909.5
1773975600,24912.25,24913.75,24898.25,24901.5
1773975900,24900.5,24906,24898.5,24901.25
1773976200,24900.5,24907.5,24900,24903
1773976500,24903.75,24908.75,24897.75,24902.75
1773976800,24902.75,24905.5,24899,24901.5
1773977100,24901,24901.5,24887.25,24899.75
1773977400,24900,24918.25,24899.25,24916.75
1773977700,24916.75,24916.75,24892.75,24895
1773978000,24895.5,24903.75,24893,24899
1773978300,24897.75,24905.25,24895.25,24903.5
1773978600,24903,24903,24893.25,24896.25
1773978900,24899,24900.75,24894.25,24900.5
1773979200,24901.75,24912,24898,24910.5
1773979500,24910.5,24911.75,24901.5,24901.75
1773979800,24902,24904.5,24896.25,24899
1773980100,24899.5,24900,24885,24886.25
1773980400,24886,24890,24879,24884.5
1773980700,24884.25,24890.5,24883.25,24890.5
1773981000,24890.75,24894.5,24884,24889.25
1773981300,24889.5,24891.5,24886.5,24886.75
1773981600,24887,24890.5,24878.5,24881
1773981900,24880.75,24884,24874.5,24882.5
1773982200,24881.75,24882.75,24878.5,24879.5
1773982500,24879,24883.25,24874.75,24875.5
1773982800,24874.5,24874.5,24857,24859.25
1773983100,24858.5,24862.25,24856.25,24860.5
1773983400,24860.5,24862.75,24849,24862.75
1773983700,24863,24870.5,24863,24868.25
1773984000,24869.5,24880.75,24866.5,24876
1773984300,24876,24891,24875,24883.5
1773984600,24884.75,24890,24871.75,24874.75
1773984900,24874.5,24880.75,24871.25,24877.25
1773985200,24876,24890.75,24875.25,24887
1773985500,24888,24892.5,24884.5,24886
1773985800,24886.75,24891.25,24883.75,24884.5
1773986100,24885.25,24887.5,24877,24882
1773986400,24881.75,24893.5,24870.25,24885.5
1773986700,24885,24893.75,24882.5,24885
1773987000,24883.75,24884,24870.75,24877.75
1773987300,24874,24876.5,24862.75,24866.25
1773987600,24866.75,24867,24852,24858
1773987900,24857.75,24859.25,24841,24847.75
1773988200,24848,24860,24846.25,24856
1773988500,24855.25,24856.75,24838,24841.5
1773988800,24841.5,24842.25,24826.25,24839.5
1773989100,24839.5,24839.5,24825.5,24829.75
1773989400,24830.25,24830.5,24809.5,24814
1773989700,24814.5,24819.75,24808,24818.5
1773990000,24817.25,24817.25,24772.25,24781.5
1773990300,24782,24796.25,24773.75,24794
1773990600,24794,24811.75,24788.5,24810.75
1773990900,24811.25,24835,24809,24827.75
1773991200,24827.75,24852.5,24826,24842.75
1773991500,24843,24848.25,24837,24844
1773991800,24844,24867,24842,24865.75
1773992100,24866,24872.5,24861,24862.5
1773992400,24862.75,24889,24862.5,24888.25
1773992700,24889,24895.5,24880.25,24890.25
1773993000,24891,24897,24886.75,24890.75
1773993300,24889.75,24894.5,24882.25,24883.5
1773993600,24884,24885.75,24865,24872.5
1773993900,24872,24901.25,24871.25,24898.75
1773994200,24900.5,24904.25,24891.75,24902.75
1773994500,24902.5,24905.75,24893.5,24895.75
1773994800,24894,24894.5,24877.75,24880.25
1773995100,24880.5,24882.5,24855,24855.25
1773995400,24855,24888,24846.25,24888
1773995700,24887,24893,24869,24876.25
1773996000,24875,24883.25,24853,24860.5
1773996300,24861.75,24865.75,24844.75,24865.75
1773996600,24866.25,24875.5,24849.5,24856.75
1773996900,24856.5,24863.5,24842.5,24848.75
1773997200,24849.5,24859.5,24832,24854.75
1773997500,24851.5,24873,24827,24872
1773997800,24873,24875,24832,24833
1773998100,24832.5,24835,24803.25,24805
1773998400,24804.5,24811,24784.5,24791.5
1773998700,24792.5,24800.5,24786.25,24789.75
1773999000,24789.5,24805.75,24782,24799.75
1773999300,24799.75,24810.5,24797,24798.5
1773999600,24799.5,24805.25,24751.5,24769.75
1773999900,24770.25,24772,24727.75,24731.25
1774000200,24730.5,24739,24700.5,24702.25
1774000500,24702.5,24724.75,24698,24721.5
1774000800,24720.25,24729.75,24659.75,24661.25
1774001100,24660.75,24681,24627.5,24637.75
1774001400,24638.5,24648.75,24608.5,24641.75
1774001700,24641,24657.25,24633.75,24639.75
1774002000,24639.5,24647.5,24622.5,24636.25
1774002300,24637.25,24659,24633.5,24651.75
1774002600,24652,24685.75,24650.75,24675
1774002900,24675,24719.5,24672.75,24717
1774003200,24717.5,24720,24700.5,24708.5
1774003500,24708.75,24709.5,24691.25,24704.5
1774003800,24705,24705,24685.25,24695.5
1774004100,24694,24702,24689,24696.25
1774004400,24697.5,24736,24687,24732.5
1774004700,24731.25,24756,24729.5,24755.75
1774005000,24756.25,24758,24737,24741.75
1774005300,24740.5,24751.5,24732,24737.75
1774005600,24736.75,24756.5,24735,24739.25
1774005900,24738.5,24743.75,24731.5,24741.5
1774006200,24743,24752.5,24734.75,24750
1774006500,24748.5,24749.75,24716.75,24726
1774006800,24726.25,24747.25,24725,24733
1774007100,24733,24735.25,24704.75,24716
1774007400,24717.25,24721.25,24699.5,24717.5
1774007700,24717.75,24737.25,24717,24733.75
1774008000,24733.75,24757.25,24714.25,24724.25
1774008300,24722.5,24779.25,24721.75,24778.25
1774008600,24779.25,24788.5,24761.5,24763.75
1774008900,24763,24764.75,24733.75,24755.5
1774009200,24755,24764.75,24747.75,24755.5
1774009500,24755.75,24786,24749.5,24782.75
1774009800,24783.25,24784.75,24746,24760.25
1774010100,24760,24775.75,24743.5,24747.25
1774010400,24746.75,24753.75,24729.75,24749.5
1774010700,24748.5,24770.5,24740,24761.5
1774011000,24761.5,24789.5,24759.5,24774.5
1774011300,24774.75,24791.5,24766.25,24786
1774011600,24785.75,24798.75,24778.25,24782.75
1774011900,24783.5,24783.5,24757.75,24764.25
1774012200,24764,24764.25,24748,24757.25
1774012500,24756.5,24772,24753.75,24762.25
1774012800,24762.25,24793.25,24762.25,24789.25
1774013100,24790,24817,24777.75,24777.75
1774013400,24776.75,24780.75,24673.25,24690
1774013700,24690.25,24712,24669.5,24677
1774014000,24677.5,24746,24670.5,24744
1774014300,24743.75,24759.5,24695.5,24704.25
1774014600,24704.75,24706.5,24626,24653
1774014900,24652.75,24660.75,24569.25,24575.25
1774015200,24575.25,24602.25,24550,24585.75
1774015500,24586,24617.5,24556.25,24582.5
1774015800,24583.5,24599.25,24530,24544.5
1774016100,24544.75,24586.5,24539,24569.75
1774016400,24568.75,24581.5,24542,24561
1774016700,24560.5,24572.75,24543,24560
1774017000,24560.75,24605.75,24560.75,24604.25
1774017300,24604.75,24616.75,24554.5,24578.25
1774017600,24578,24591.5,24566,24573.75
1774017900,24573.75,24595.25,24563.5,24584
1774018200,24582.5,24590,24520.75,24526.5
1774018500,24526.5,24580.25,24525.5,24560.5
1774018800,24559.5,24608.5,24528.25,24545.25
1774019100,24544.75,24568,24526.5,24550.25
1774019400,24550.5,24601.75,24547.25,24594.25
1774019700,24594.75,24599,24548.25,24551.25
1774020000,24551.25,24632.75,24539.5,24563.25
1774020300,24563.25,24574.25,24536.25,24554
1774020600,24555,24589.25,24544,24580
1774020900,24581.25,24593.25,24556.5,24567
1774021200,24569.25,24592.75,24555.5,24586.75
1774021500,24585.5,24596.5,24561.25,24583.75
1774021800,24584,24602.5,24563,24600.5
1774022100,24600.75,24611.25,24587.25,24600.25
1774022400,24601.25,24645.5,24591.25,24635.5
1774022700,24634.5,24635.25,24601,24613.75
1774023000,24614.25,24638,24611.25,24626.75
1774023300,24627,24639,24603.25,24637.25
1774023600,24639.25,24646.25,24620.75,24622.25
1774023900,24622.25,24623.75,24591,24595
1774024200,24595.75,24595.75,24543.5,24566.5
1774024500,24567.25,24582,24547.75,24559.5
1774024800,24559.5,24565,24548.75,24554.25
1774025100,24554.5,24558.75,24530.25,24544.25
1774025400,24544,24558,24525,24551
1774025700,24550.5,24589,24549.25,24561.75
1774026000,24562,24582,24561.5,24572.25
1774026300,24573,24578.75,24515.25,24561.25
1774026600,24561.5,24571.25,24537.75,24543
1774026900,24543,24553,24526.5,24532.25
1774027200,24532.75,24553.5,24528,24537.75
1774027500,24538.25,24542.25,24517.75,24525.25
1774027800,24525.5,24532.25,24489.5,24496
1774028100,24496,24505.25,24457.5,24485.75
1774028400,24486,24500.5,24469.25,24475.5
1774028700,24475.25,24480.75,24453.5,24467
1774029000,24466.25,24499.5,24461.25,24494.5
1774029300,24494.25,24507.5,24492.25,24501.75
1774029600,24501.25,24511.75,24480.5,24481.5
1774029900,24481.25,24497.5,24469.75,24485
1774030200,24484.75,24486.5,24465.25,24474.5
1774030500,24475.5,24479.5,24458.5,24471.75
1774030800,24471.25,24480,24404,24413
1774031100,24412.75,24452.75,24412.75,24435.75
1774031400,24435.75,24443.5,24408.75,24414.25
1774031700,24415,24419.25,24385.5,24391
1774032000,24391,24405,24378.75,24382.25
1774032300,24382.25,24394.75,24368.75,24378.5
1774032600,24378.25,24392.5,24366.75,24375.75
1774032900,24376,24390.25,24360,24383.75
1774033200,24384,24407.5,24382.25,24386
1774033500,24386,24389.5,24361.75,24375.5
1774033800,24375,24381.25,24352.75,24376
1774034100,24375.5,24388.5,24367.5,24387
1774034400,24386.5,24387.5,24337,24341.5
1774034700,24341.75,24361.75,24338.5,24349.25
1774035000,24349.25,24363.75,24316.25,24320.25
1774035300,24320.5,24324.75,24260.75,24293
1774035600,24293,24346,24287,24341.5
1774035900,24340.75,24344.5,24305.75,24313.25
1774036200,24314.5,24360.75,24306,24354.5
1774036500,24354.25,24404,24351.5,24403
1774036800,24403.5,24432.5,24385.5,24419.25
1774037100,24418.75,24424,24403.5,24411.5
1774037400,24410.5,24440.75,24409,24434.25
1774037700,24434.25,24436.5,24417.5,24421.5
1774038000,24422,24426.25,24415,24418.5
1774038300,24418.25,24427.75,24417.5,24424.75
1774038600,24423.75,24442.5,24420.75,24441
1774038900,24441.25,24464.75,24439.75,24460.75
1774039200,24461,24470,24456,24462.5
1774039500,24463,24500,24462.25,24496.5
1774039800,24496.75,24505.5,24486.25,24494.25
1774040100,24494.25,24509.25,24491.75,24506.75
1774216800,24191.5,24288,24179.5,24260.25
1774217100,24261.75,24311.5,24255.25,24297.25
1774217400,24294.5,24295.5,24245.75,24260.75
1774217700,24260,24292.5,24258.5,24279.75
1774218000,24279.75,24348.75,24267.75,24331
1774218300,24332.25,24384.5,24328.25,24357.75
1774218600,24360.25,24383.25,24331.75,24334.5
1774218900,24335.75,24364.25,24327.5,24327.75
1774219200,24329.75,24345.5,24310.25,24318.5
1774219500,24318.75,24336,24318.75,24332.75
1774219800,24331.75,24359.5,24329,24337
1774220100,24335.75,24353.5,24327.5,24333.5
1774220400,24336.25,24368,24334,24358.5
1774220700,24359,24366.5,24350.75,24359.75
1774221000,24360.75,24374,24358.25,24367.75
1774221300,24367.5,24372,24335.25,24340.25
1774221600,24339,24345.75,24324.75,24337.25
1774221900,24336,24341.25,24320.5,24326
1774222200,24323,24340.5,24313.75,24317.75
1774222500,24319.25,24332.25,24316.25,24323.75
1774222800,24323.5,24334.25,24318,24328
1774223100,24328.5,24329,24295,24296.75
1774223400,24297,24308.25,24265,24268.5
1774223700,24269.75,24298.5,24269.5,24296.75
1774224000,24297.5,24315,24282.25,24294.25
1774224300,24295,24325.75,24262.5,24314
1774224600,24313,24361,24310.75,24345.75
1774224900,24345.75,24351.75,24321.5,24336.25
1774225200,24336,24380.5,24332.5,24361.5
1774225500,24363.5,24369.75,24336,24339.75
1774225800,24338.5,24346.25,24287.75,24291.75
1774226100,24292.25,24296.5,24254.5,24255
1774226400,24254.25,24283,24242.75,24279.5
1774226700,24277.75,24283.25,24257.25,24273.75
1774227000,24272.5,24284,24238,24242.75
1774227300,24242,24255.5,24229.75,24238.75
1774227600,24239.75,24263.75,24225.75,24257.5
1774227900,24257,24295.5,24241.75,24271
1774228200,24270.5,24287.5,24257.75,24281.75
1774228500,24281.75,24312.25,24278,24312.25
1774228800,24311,24322.25,24299.5,24315.25
1774229100,24313.25,24326,24306.5,24317.5
1774229400,24319,24336.5,24302.5,24326.5
1774229700,24325.5,24362.25,24319.25,24353.75
1774230000,24353,24359.5,24342.75,24353.25
1774230300,24353.75,24360.5,24332.5,24335.75
1774230600,24336.75,24346.75,24325,24336.75
1774230900,24338,24350.75,24331,24334
1774231200,24334.5,24347.5,24327.75,24337.25
1774231500,24338.25,24352,24333.25,24349.5
1774231800,24348.75,24354,24317,24322.75
1774232100,24324,24338,24312,24327
1774232400,24330,24346.75,24326.5,24335.75
1774232700,24337.75,24358,24327.5,24334
1774233000,24333,24337.25,24321.5,24321.5
1774233300,24323,24327.25,24304.5,24304.5
1774233600,24304,24318,24300.5,24303.75
1774233900,24303.25,24305.75,24287.5,24290.75
1774234200,24289.5,24297.5,24279.25,24288.5
1774234500,24289.25,24307.75,24288.25,24298.75
1774234800,24299.5,24316.75,24299.5,24311.25
1774235100,24310,24312,24294.5,24295.75
1774235400,24294.75,24299.5,24266.75,24267.5
1774235700,24270,24280.5,24261.75,24274.5
1774236000,24272.5,24288.25,24271.75,24277.5
1774236300,24279,24293.25,24277.5,24283.75
1774236600,24286,24291,24269.25,24291
1774236900,24290.75,24292.5,24277.5,24279.5
1774237200,24279.75,24283.75,24262.5,24275.5
1774237500,24276.5,24281.75,24258.25,24262.75
1774237800,24262,24265.75,24246,24248.5
1774238100,24248.75,24251.5,24239.5,24240.25
1774238400,24245.25,24259.25,24235.5,24242
1774238700,24241,24259.75,24239.5,24246.75
1774239000,24248.5,24260,24248.5,24260
1774239300,24258.75,24274,24255.75,24269.5
1774239600,24269.25,24273.5,24258,24272.75
1774239900,24272.75,24285,24269.75,24280
1774240200,24278.5,24286,24275.25,24281.75
1774240500,24281.75,24293.5,24281.75,24290
1774240800,24291.5,24291.5,24273.75,24275.75
1774241100,24278.75,24287,24266.25,24267.5
1774241400,24266.75,24276.75,24266.25,24273
1774241700,24272.5,24293.25,24272.5,24285.5
1774242000,24285.25,24307,24283.25,24294.5
1774242300,24294.75,24323.25,24294.75,24296.5
1774242600,24297.75,24306.25,24289.75,24303
1774242900,24303,24312.75,24296,24300.75
1774243200,24299.5,24299.5,24271.75,24272.75
1774243500,24272.5,24279.5,24268.5,24275
1774243800,24275,24276,24227.5,24249
1774244100,24249.75,24291.75,24247.25,24276.75
1774244400,24279,24279.75,24252.25,24256
1774244700,24253.75,24255.5,24234,24235.5
1774245000,24234.25,24248.25,24222.25,24240.75
1774245300,24240.25,24268.25,24237.5,24264
1774245600,24262.25,24265.25,24239.25,24245
1774245900,24243,24244,24229.5,24237.75
1774246200,24236.25,24244.75,24204.5,24225
1774246500,24225.75,24239.25,24213,24219.5
1774246800,24221,24235.5,24211.25,24228.5
1774247100,24227.75,24237,24212.5,24218
1774247400,24218.25,24218.5,24195.5,24198.25
1774247700,24197.5,24206,24182.5,24189.75
1774248000,24189.5,24202.5,24160.5,24161.5
1774248300,24160.75,24169.5,24155.25,24163.25
1774248600,24164,24174.75,24151.25,24157
1774248900,24157.75,24158,24116.5,24144
1774249200,24145.25,24154.75,24122.75,24151.75
1774249500,24151,24193.25,24150,24172.5
1774249800,24173.5,24202.75,24172.5,24183.75
1774250100,24182.5,24187.75,24162.5,24166
1774250400,24164.75,24167.5,24081.75,24082.25
1774250700,24082.5,24111,24062,24089.25
1774251000,24090.75,24119.5,24080.25,24095
1774251300,24091.5,24120.75,24080.5,24099.75
1774251600,24099.5,24126.75,24091.5,24122.5
1774251900,24125.75,24168,24125.5,24149
1774252200,24148.75,24148.75,24118,24125.25
1774252500,24124.25,24142,24112.5,24132.25
1774252800,24131,24173.5,24129.25,24161.75
1774253100,24162,24190.25,24151.75,24168.5
1774253400,24170,24214.75,24153.25,24207
1774253700,24206.25,24212,24172.25,24195.25
1774254000,24196.75,24216.25,24184.5,24195.25
1774254300,24192.75,24210.75,24183.75,24187.5
1774254600,24188,24241.5,24181.25,24223.25
1774254900,24222.75,24228,24203.25,24216
1774255200,24215.75,24235,24203.5,24206
1774255500,24207,24241.5,24204.75,24228
1774255800,24227.25,24244.75,24219.25,24227
1774256100,24227.5,24235.5,24205,24221.5
1774256400,24221.75,24226.5,24185.75,24204.25
1774256700,24205,24238.5,24198.5,24224.5
1774257000,24225,24236.5,24217.5,24226.5
1774257300,24226.5,24240.5,24215.75,24224
1774257600,24223.75,24261,24221,24222.25
1774257900,24221.75,24231.5,24207.75,24223
1774258200,24221.5,24224.75,24161.25,24162.5
1774258500,24162.5,24170.25,24134.75,24156.75
1774258800,24156.75,24181.25,24149.25,24160.75
1774259100,24160,24181.25,24155.75,24161.5
1774259400,24162.25,24171.25,24146,24150
1774259700,24149.5,24179.25,24146.75,24171.75
1774260000,24173.5,24193.5,24164.75,24187.5
1774260300,24188.75,24218.5,24175.5,24205.75
1774260600,24205.25,24217.5,24185.75,24188.25
1774260900,24188.25,24196.5,24165.25,24175.25
1774261200,24174.5,24177.5,24138.75,24145
1774261500,24147,24157,24133.25,24142
1774261800,24140.5,24164.5,24137,24153.75
1774262100,24155.25,24176.5,24128.5,24132.5
1774262400,24133.75,24146,24124,24145
1774262700,24145.5,24145.5,24105.25,24119.75
1774263000,24118.5,24215.25,24116.75,24154.25
1774263300,24156,24172,24142.75,24170.75
1774263600,24170.75,24194.75,24165,24184.25
1774263900,24183,25025.5,24179.75,24975
1774264200,24978.5,25052.5,24849.75,25010.25
1774264500,25010,25032.25,24893.5,24927.75
1774264800,24928.5,24940.75,24794.5,24861.5
1774265100,24857.5,24904.5,24750.5,24806.25
1774265400,24805.5,24986.5,24798.25,24957.75
1774265700,24957.75,24978.25,24881.5,24899
1774266000,24897.75,24903.5,24800.25,24816
1774266300,24820,24834,24706,24784
1774266600,24782.25,24786,24699.5,24777
1774266900,24774.5,24779,24659.5,24679.5
1774267200,24682.25,24734.75,24634.5,24720.5
1774267500,24723,24767.5,24681.25,24765.25
1774267800,24764.5,24770.5,24687.25,24688.5
1774268100,24688.75,24811.5,24683.75,24810.5
1774268400,24808.5,24811.5,24769.5,24777.75
1774268700,24777.5,24810.5,24777,24787.25
1774269000,24786.25,24798.75,24745.5,24770.75
1774269300,24769.25,24804,24742.75,24766
1774269600,24770.5,24861.25,24743,24858.75
1774269900,24858.25,24876.75,24815.75,24867.75
1774270200,24868.5,24910.5,24853.75,24879
1774270500,24879.25,24904,24868,24898
1774270800,24899.5,24937.5,24870,24870.75
1774271100,24871,24875.75,24829.25,24872.25
1774271400,24871.75,24877.25,24840.25,24842
1774271700,24841.25,24858.25,24827.25,24828.5
1774272000,24828,24851.25,24818.5,24830.5
1774272300,24831.25,24831.25,24771.25,24782.25
1774272600,24782.75,24806,24722,24766.75
1774272900,24766.25,24834.25,24734,24829.75
1774273200,24828.25,24857.25,24761.5,24786.5
1774273500,24787.5,24868.25,24776.5,24865.25
1774273800,24866,24899.5,24833.5,24869.5
1774274100,24869,24894.5,24830.25,24888.75
1774274400,24890,24902,24833.25,24840
1774274700,24841,24875.75,24817,24859.25
1774275000,24860,24913.25,24846,24894.25
1774275300,24895,24936.25,24892.5,24933
1774275600,24932.5,24977.75,24917.25,24961.5
1774275900,24961.5,24966,24906.25,24926.75
1774276200,24926.25,24943.75,24899.75,24925
1774276500,24924.5,24940,24891.75,24907.25
1774276800,24906.75,24914.25,24885.5,24892.5
1774277100,24891.5,24937,24868.75,24920.25
1774277400,24919.5,24919.75,24876.5,24894
1774277700,24892.25,24913.5,24878.25,24899
1774278000,24900.5,24971.5,24890.5,24962.5
1774278300,24963.25,24975,24938.25,24964.75
1774278600,24964.75,24979.5,24940.5,24952.25
1774278900,24952.5,24958.5,24922,24927
1774279200,24926.75,24948.75,24894.75,24940.25
1774279500,24940.25,24940.5,24886.75,24901.75
1774279800,24901.75,24921,24886.75,24893.75
1774280100,24892.5,24894.25,24824.5,24829.5
1774280400,24828.75,24851.5,24807.25,24827.5
1774280700,24827.5,24828,24772.5,24793.75
1774281000,24793.25,24803.75,24718.25,24729.75
1774281300,24730.25,24732.5,24659.75,24671
1774281600,24671.5,24716,24667.25,24684
1774281900,24684.5,24744.25,24675.25,24726.25
1774282200,24726.25,24755,24709.5,24738.25
1774282500,24737.5,24745,24689.25,24698
1774282800,24698.25,24708.5,24661.75,24677.25
1774283100,24676.75,24677,24598,24607
1774283400,24607,24666.25,24601.25,24665.75
1774283700,24665,24693.75,24654.75,24661.75
1774284000,24661.25,24690.75,24660.5,24684.75
1774284300,24684.5,24715.5,24675.25,24697
1774284600,24697.25,24715.5,24664.5,24675.25
1774284900,24674.5,24683.5,24638.5,24658.25
1774285200,24658.5,24682.75,24637,24639.5
1774285500,24640,24682.5,24630.75,24676.25
1774285800,24676.75,24679.25,24642.75,24645
1774286100,24644.5,24656.25,24616,24638.25
1774286400,24637.25,24638,24600.75,24620.5
1774286700,24621,24660.75,24616,24644.75
1774287000,24645.25,24723.75,24644.25,24712.75
1774287300,24714,24761,24712,24739.5
1774287600,24739.25,24740.25,24693.75,24704
1774287900,24704.25,24711,24678.75,24701
1774288200,24700.25,24731.5,24694,24730
1774288500,24729.25,24763.25,24717.25,24757.75
1774288800,24758,24778.5,24748,24770.75
1774289100,24771.5,24773.25,24706.25,24738.25
1774289400,24737.25,24765.25,24737.25,24746
1774289700,24745.75,24754.25,24722.5,24739
1774290000,24737.5,24747.25,24730.5,24742.75
1774290300,24742.5,24757,24730,24736
1774290600,24736.25,24803.75,24735.75,24799.25
1774290900,24799.5,24826.25,24773.25,24797.5
1774291200,24797.75,24807.75,24781,24795
1774291500,24794.5,24817,24787,24811.75
1774291800,24811.75,24814.75,24791.5,24800.5
1774292100,24800,24811,24790,24803.5
1774292400,24803.75,24806,24781.5,24788.75
1774292700,24788.5,24805.25,24787,24801.25
1774293000,24800.75,24804.25,24782.75,24783.75
1774293300,24783.5,24791.5,24758.75,24773.25
1774293600,24773.75,24777.5,24758.75,24765.75
1774293900,24765,24775.25,24748.75,24763.75
1774294200,24763,24774.5,24758.75,24763.75
1774294500,24766,24779.5,24756,24772.5
1774294800,24771.75,24785.75,24765.25,24785
1774295100,24785.25,24803.5,24770.5,24780.25
1774295400,24780,24785.25,24734.25,24737.25
1774295700,24736.5,24744,24687.75,24688.25
1774296000,24688.25,24699.25,24648.5,24656.75
1774296300,24656.75,24695.5,24653.75,24694.75
1774296600,24694.75,24704.75,24686.5,24702
1774296900,24702.75,24714.5,24687.75,24689.25
1774297200,24690.5,24707.5,24690,24704.5
1774297500,24703.75,24710.5,24700.5,24700.75
1774297800,24702.25,24703,24689.75,24697.5
1774298100,24698.25,24719.5,24696.25,24716.25
1774298400,24717,24723.25,24713.25,24714.25
1774298700,24714,24715.25,24703.75,24707.25
1774299000,24707.5,24714,24693,24695.5
1774299300,24695.5,24699.25,24680.5,24689.5
1774303200,24706.75,24709.25,24674.75,24681.75
1774303500,24680.75,24719.25,24666.75,24708
1774303800,24710.5,24723.25,24700.25,24714.5
1774304100,24714.5,24717.25,24706,24713.75
1774304400,24715,24720.5,24707.25,24717.75
1774304700,24717.5,24729.75,24712.25,24721
1774305000,24720,24721.5,24703.25,24715
1774305300,24716.75,24737.25,24714.25,24724
1774305600,24722.75,24733.5,24722.75,24731.5
1774305900,24734,24743.75,24728.75,24739
1774306200,24739.25,24772.25,24737.75,24767
1774306500,24768,24779.25,24765,24771.5
1774306800,24772.75,24773.5,24754.5,24758.25
1774307100,24757.25,24761.25,24751.5,24758.25
1774307400,24756.25,24767.75,24749.5,24760.75
1774307700,24761,24767.5,24758.5,24763.25
1774308000,24762.75,24765.75,24755,24764.5
1774308300,24764.5,24766.5,24752.75,24755.75
1774308600,24754.75,24755,24739.5,24747.5
1774308900,24748.25,24753.25,24741.5,24753.25
1774309200,24752.75,24763.75,24751.25,24761
1774309500,24761,24763.75,24716.25,24729
1774309800,24730,24737.75,24720.25,24721.75
1774310100,24725.25,24749.25,24722,24745
1774310400,24744.25,24747.25,24686,24687.75
1774310700,24686.25,24699,24679.75,24682.5
1774311000,24683.5,24695.5,24657,24657.75
1774311300,24659,24660.75,24601.5,24623.5
1774311600,24624.25,24672.5,24591.25,24669.75
1774311900,24668.25,24688.5,24662.25,24680.75
1774312200,24678.75,24690.5,24652.25,24676
1774312500,24671,24672.5,24556.25,24600.25
1774312800,24600.25,24629.25,24590.75,24609.25
1774313100,24608,24629.5,24602.5,24610.5
1774313400,24612.75,24632.5,24602.25,24611.75
1774313700,24613.75,24628,24602.25,24612
1774314000,24615.75,24616,24573.75,24582.75
1774314300,24580.75,24589.25,24547.25,24570.25
1774314600,24571.5,24590,24565.25,24569.25
1774314900,24570.5,24578.25,24546.5,24560.75
1774315200,24565.25,24594.75,24563.75,24591.25
1774315500,24590.75,24605.75,24584,24592.75
1774315800,24591.5,24591.5,24563,24572.5
1774316100,24572,24578.75,24551.5,24556
1774316400,24556.75,24562.75,24527.75,24533
1774316700,24531.75,24538.75,24521.75,24533
1774317000,24534.5,24554.25,24532.75,24538.25
1774317300,24540.25,24555.25,24540.25,24553.25
1774317600,24552.5,24557.25,24536.5,24553.25
1774317900,24553,24555,24531,24542.5
1774318200,24539.25,24543.5,24512.25,24528.25
1774318500,24528.25,24550,24528.25,24548
1774318800,24550,24583,24545.5,24577.5
1774319100,24576.5,24583.5,24552.25,24565.25
1774319400,24564.25,24566.25,24547,24549.75
1774319700,24550,24572.5,24545.25,24548.5
1774320000,24547.25,24571,24547.25,24567.5
1774320300,24568.25,24580.25,24560,24562.5
1774320600,24560.5,24561,24535.25,24549.25
1774320900,24551.25,24551.25,24535,24539
1774321200,24539.5,24544,24529.25,24533.5
1774321500,24533.5,24544.5,24523.5,24532
1774321800,24533,24546.25,24529.25,24538
1774322100,24539,24550.25,24538.5,24543.75
1774322400,24544.5,24558.75,24544.25,24554.5
1774322700,24553.75,24572,24546.75,24563.5
1774323000,24561.5,24562,24527.5,24528.5
1774323300,24528,24555,24520.5,24550.75
1774323600,24551.75,24562.5,24548,24552
1774323900,24551.25,24562,24546,24553
1774324200,24552.75,24560.5,24542.75,24559.5
1774324500,24560,24567.5,24552.75,24566.5
1774324800,24566.25,24582.25,24564.5,24578.25
1774325100,24578.5,24587.75,24575,24587
1774325400,24587.5,24593,24574.25,24585.25
1774325700,24584,24584,24564.5,24568.5
1774326000,24567.25,24570.25,24554,24557
1774326300,24554.5,24556.25,24546.25,24548.5
1774326600,24548.25,24554.25,24532.75,24542.75
1774326900,24542,24544.5,24536.5,24537.5
1774327200,24539.25,24543.5,24530.75,24534.5
1774327500,24535,24556.5,24533.25,24550.75
1774327800,24551.75,24561.75,24544.5,24554.75
1774328100,24555.75,24555.75,24541.5,24546
1774328400,24547.5,24550,24517.5,24519.5
1774328700,24516.75,24518.5,24496,24499.25
1774329000,24501.5,24533,24493,24522.5
1774329300,24524.5,24594.5,24520,24552.25
1774329600,24552,24562.25,24509.25,24523.5
1774329900,24525.25,24531,24483,24487.75
1774330200,24485.75,24512.5,24484.5,24512.5
1774330500,24510.25,24526.25,24504,24524.75
1774330800,24525.25,24556.75,24524.25,24542.75
1774331100,24539.5,24558,24536.5,24546.75
1774331400,24547.5,24558.5,24543,24551.5
1774331700,24548.75,24552.75,24541,24552
1774332000,24552.5,24585.5,24549.25,24573
1774332300,24572.75,24587.25,24571.5,24582.5
1774332600,24583.25,24586.5,24570,24583.25
1774332900,24582.75,24600,24576.75,24593.75
1774333200,24593,24615.5,24583.75,24608.75
1774333500,24607.25,24634.5,24604.5,24613
1774333800,24613.25,24631.25,24613.25,24623
1774334100,24625.25,24648,24623.25,24640
1774334400,24640,24652.75,24633.5,24643.25
1774334700,24644,24657,24631.25,24650
1774335000,24651.75,24687.25,24644,24684
1774335300,24683.25,24683.75,24663.25,24666
1774335600,24666,24702.25,24660.75,24696.5
1774335900,24698.75,24741,24694.5,24737.5
1774336200,24737,24790.5,24736.75,24773.5
1774336500,24772.25,24796.75,24760.5,24772
1774336800,24771,24779.5,24753.5,24759.25
1774337100,24759.75,24766.5,24744.5,24757
1774337400,24755.75,24763,24725.25,24730.5
1774337700,24732.25,24749,24723.5,24739.5
1774338000,24740.25,24753,24734.5,24751
1774338300,24746,24747,24731,24742.25
1774338600,24741,24760.75,24731.5,24744.25
1774338900,24744.5,24762.5,24739.5,24756.5
1774339200,24756,24773.75,24739.5,24761
1774339500,24764,24780.5,24754,24769.25
1774339800,24769.5,24772.75,24752.5,24763.5
1774340100,24764.75,24780,24706.75,24708
1774340400,24709.25,24725.25,24698.75,24705.5
1774340700,24704.25,24706.75,24681.5,24687.5
1774341000,24687,24696.75,24671.25,24685.5
1774341300,24681.75,24710.5,24681.25,24699.5
1774341600,24697.5,24713.75,24675.5,24680.75
1774341900,24681.25,24711.5,24681.25,24693.5
1774342200,24697.25,24711.5,24658,24678
1774342500,24676.75,24687.5,24650.5,24667
1774342800,24668.75,24688.5,24655.25,24685.75
1774343100,24683.25,24687.5,24632.75,24635
1774343400,24635.75,24649.5,24593.75,24595
1774343700,24596.75,24634.25,24594.25,24631.5
1774344000,24631.25,24631.25,24603.75,24625.5
1774344300,24624,24656.25,24620.25,24649
1774344600,24647.5,24661,24632.75,24647.25
1774344900,24647.5,24659,24640.25,24655.5
1774345200,24656.25,24685.5,24656.25,24679.5
1774345500,24679.25,24686.25,24659.25,24674.5
1774345800,24671.75,24688.25,24653.5,24688
1774346100,24689.25,24718.75,24687.75,24709.75
1774346400,24711,24712.25,24664.25,24693.75
1774346700,24692.75,24723.5,24692,24716.25
1774347000,24717,24722.25,24704,24714.75
1774347300,24710.75,24720.75,24705.75,24709.5
1774347600,24709.5,24716.75,24698.75,24702.25
1774347900,24702.75,24706,24674,24677.5
1774348200,24680,24695,24659,24663.25
1774348500,24664,24704.75,24662.25,24701.75
1774348800,24703.75,24719.5,24683.5,24706
1774349100,24706,24719,24671.25,24678
1774349400,24679,24701.5,24679,24691
1774349700,24691.5,24698,24683.75,24696
1774350000,24696.5,24705.5,24664.5,24693
1774350300,24691,24712.25,24686.5,24702.5
1774350600,24700.75,24713.75,24697.75,24702.5
1774350900,24701.25,24702.5,24656.25,24689.5
1774351200,24689.5,24689.75,24672,24684
1774351500,24684,24686.25,24661,24674.5
1774351800,24672.75,24676.5,24657.5,24674.5
1774352100,24673.5,24681.5,24657.75,24678.25
1774352400,24678.5,24679.5,24654.5,24659.75
1774352700,24663,24705.25,24662,24689.75
1774353000,24688.75,24691.25,24587,24627
1774353300,24625,24677.5,24622,24672.5
1774353600,24673.5,24687.25,24642.5,24643.75
1774353900,24643,24645.75,24618.75,24630.25
1774354200,24631.75,24645.5,24609,24634.75
1774354500,24633.5,24634.5,24618.25,24626.75
1774354800,24625,24640.75,24618.5,24635.5
1774355100,24634.75,24664.75,24631.5,24645.75
1774355400,24645.25,24649.25,24579.75,24592.5
1774355700,24592,24597.75,24559,24567.5
1774356000,24568,24589.25,24556.75,24561
1774356300,24560,24575.75,24553.25,24561.25
1774356600,24561,24597,24560,24588.25
1774356900,24586.75,24588.25,24559.25,24569.75
1774357200,24569,24584.5,24559.75,24564.5
1774357500,24563.75,24573.5,24494.75,24521.5
1774357800,24520.75,24555.25,24514,24544.5
1774358100,24545.5,24560.75,24526,24532.5
1774358400,24533,24550,24523.25,24537.5
1774358700,24539.75,24560,24513.25,24544
1774359000,24543.75,24607,24516.5,24593.75
1774359300,24594,24603.25,24493.25,24498.75
1774359600,24498.75,24501.75,24427.25,24477.5
1774359900,24474.5,24518.25,24442.25,24444.25
1774360200,24444.75,24480.75,24423.5,24454.5
1774360500,24454,24511.25,24449.5,24505.25
1774360800,24505.25,24545.5,24489.75,24524.75
1774361100,24525.25,24570.5,24492.75,24564.5
1774361400,24564.75,24572.5,24465.25,24512
1774361700,24511.75,24524.5,24478,24515.75
1774362000,24515.5,24531.75,24472.25,24491.75
1774362300,24491.75,24537.75,24470.5,24494.25
1774362600,24494.5,24526.5,24484,24520.75
1774362900,24522,24528.5,24472.25,24493.75
1774363200,24493.75,24541.25,24485.75,24539.5
1774363500,24539.5,24563,24499.25,24509.75
1774363800,24509.5,24632.5,24481.25,24570
1774364100,24570.5,24623.5,24472.75,24532
1774364400,24534,24600.25,24530,24581.25
1774364700,24580.75,24598.75,24569.5,24585
1774365000,24585.25,24608.5,24563.5,24601
1774365300,24601.25,24635,24596,24623.5
1774365600,24622.75,24659.75,24603,24656.75
1774365900,24657,24674.75,24621.75,24631
1774366200,24630.5,24645.5,24590,24615.25
1774366500,24615.5,24653.5,24612,24639.25
1774366800,24638.25,24650,24622.5,24632
1774367100,24632,24647.5,24624,24642
1774367400,24642,24667.75,24637.5,24640.25
1774367700,24640.25,24640.75,24575.25,24585
1774368000,24584.5,24601.75,24567.75,24573.75
1774368300,24576,24591.25,24555.75,24589.5
1774368600,24590.25,24594,24564.5,24578.5
1774368900,24578,24627.5,24574.75,24621.25
1774369200,24620.25,24635.75,24603.75,24627.5
1774369500,24628,24629.25,24605.75,24620.5
1774369800,24620.25,24628,24597.25,24597.25
1774370100,24598.25,24600,24536.5,24538.75
1774370400,24539.5,24578.5,24533.75,24578
1774370700,24577.75,24605,24573.75,24580
1774371000,24579.75,24601.75,24574.5,24576.25
1774371300,24576.75,24585.75,24546.5,24570.75
1774371600,24570.25,24584.25,24509.5,24511.25
1774371900,24511,24512.75,24473,24482.75
1774372200,24483,24496,24457.25,24476.5
1774372500,24476.25,24486,24454.75,24461.5
1774372800,24461.5,24484,24455.5,24470.75
1774373100,24472.5,24493.25,24460.5,24489.5
1774373400,24488.5,24516.5,24467.5,24469.5
1774373700,24470.5,24496.75,24460.25,24488.25
1774374000,24489,24500.25,24449.75,24457.5
1774374300,24457.5,24481.5,24450.75,24470.5
1774374600,24469,24513,24462.75,24489.25
1774374900,24488.5,24542.75,24480,24532
1774375200,24532.5,24564.75,24521.25,24538
1774375500,24538,24542,24516.75,24521.5
1774375800,24521.5,24536.5,24513.5,24527.75
1774376100,24528.5,24540,24498.75,24533.75
1774376400,24532.75,24547,24517.25,24531.25
1774376700,24531.5,24563.75,24527.25,24549.25
1774377000,24549.25,24593.25,24537,24570.75
1774377300,24569.75,24637.5,24569.25,24634.75
1774377600,24633.75,24634.5,24562.5,24585.25
1774377900,24585.5,24591.25,24560,24568.25
1774378200,24568.5,24601.5,24567.5,24581.25
1774378500,24581.5,24582,24547.5,24565.75
1774378800,24564.75,24599.5,24563.5,24580.5
1774379100,24579,24593.25,24571,24589.25
1774379400,24588.75,24606.5,24584.75,24605
1774379700,24605.25,24609.25,24586,24596.75
1774380000,24596.75,24600.25,24575.75,24588
1774380300,24587.25,24593.75,24554.25,24557.25
1774380600,24555.75,24570.25,24532.5,24535.75
1774380900,24535.75,24543.25,24513.5,24535.25
1774381200,24534.75,24551.5,24528.25,24530.25
1774381500,24529.25,24530.25,24501.75,24518.5
1774381800,24518.75,24525.75,24490,24494.5
1774382100,24493.75,24509.5,24478,24508.75
1774382400,24508.75,24519.25,24503.75,24515.25
1774382700,24515.25,24523,24509.5,24513.5
1774383000,24514.5,24528,24510.75,24526.25
1774383300,24525.75,24546.5,24515,24545.75
1774383600,24546.5,24785.5,24545.75,24780.25
1774383900,24779,24839.5,24689.5,24711.5
1774384200,24711,24733.75,24685.75,24718.5
1774384500,24723.75,24829.5,24719.5,24814.25
1774384800,24812,24812.75,24680.5,24719.75
1774385100,24717.75,24736.25,24664,24709.75
1774385400,24709.5,24716,24677.5,24685
1774385700,24683.25,24710.75,24680.5,24693.25
1774389600,24709.5,24744.5,24708.5,24731.25
1774389900,24731.5,24748,24723.5,24735
1774390200,24735.25,24744.5,24716.25,24717.5
1774390500,24717.5,24717.5,24684.75,24709.75
1774390800,24708.75,24712,24685.75,24689.75
1774391100,24688.75,24701.75,24670.25,24688.25
1774391400,24688.5,24707,24688.5,24699.75
1774391700,24701,24714.5,24695.25,24695.5
1774392000,24697,24715.5,24691.25,24711
1774392300,24712.5,24720.75,24701.5,24705.25
1774392600,24704.5,24709.5,24697.5,24704
1774392900,24705.25,24717.25,24699.5,24716
1774393200,24714.75,24722.5,24691.75,24695.5
1774393500,24694.5,24708,24694.25,24699
1774393800,24700.25,24715,24700.25,24706.25
1774394100,24706.75,24719.5,24706.5,24717.5
1774394400,24717.25,24729.25,24716,24727.75
1774394700,24727.25,24733.5,24718,24719.5
1774395000,24722.5,24725.25,24714,24718
1774395300,24717.25,24727.75,24712.5,24722.75
1774395600,24723,24724.5,24701.25,24704.75
1774395900,24703,24706.5,24697,24704.75
1774396200,24704.5,24710.5,24698.25,24703.75
1774396500,24704.5,24707,24698.75,24701.25
1774396800,24701.5,24710.25,24672.25,24691.5
1774397100,24691.5,24697.75,24680.25,24696.25
1774397400,24696.25,24744,24696.25,24732.75
1774397700,24732.25,24744,24715,24716.5
1774398000,24717.25,24728,24703.5,24717.5
1774398300,24718.5,24729.25,24713.75,24717.25
1774398600,24716.5,24760.25,24678,24757.25
1774398900,24757,24783.5,24752.75,24771.75
1774399200,24770.5,24775,24759.75,24761.25
1774399500,24761.25,24766,24745.5,24746.5
1774399800,24747,24758.25,24739.25,24755.75
1774400100,24754.5,24761.75,24737.25,24739.25
1774400400,24738.5,24758,24736.25,24744.5
1774400700,24743.25,24753.5,24724.5,24734.25
1774401000,24734,24746.5,24722.25,24727
1774401300,24729.5,24735.25,24718.5,24727.75
1774401600,24727.25,24749.5,24726.25,24746.75
1774401900,24745.75,24745.75,24728.25,24731.75
1774402200,24731,24733.25,24713.5,24728.25
1774402500,24729.5,24738,24718.75,24726
1774402800,24725,24735.5,24699.5,24707.5
1774403100,24707.25,24716.25,24702.75,24703.75
1774403400,24706.25,24712.5,24701.25,24710
1774403700,24710.75,24715.75,24682,24684.75
1774404000,24686,24690.5,24662.5,24682.25
1774404300,24681.25,24682.25,24649.5,24651.75
1774404600,24652.75,24662.25,24639.75,24645.5
1774404900,24643.75,24663.25,24643.25,24656.25
1774405200,24654,24664.5,24648.5,24654.25
1774405500,24654.25,24666.5,24652,24662.25
1774405800,24660,24668,24655,24665.5
1774406100,24667.5,24667.75,24651.5,24652.75
1774406400,24653.25,24661.75,24647.25,24653.25
1774406700,24653.75,24664.5,24642,24647.25
1774407000,24648,24655.25,24639.5,24642.5
1774407300,24641.5,24644,24623.5,24624.75
1774407600,24626.5,24636.75,24626.5,24636.75
1774407900,24637,24645.75,24631.75,24631.75
1774408200,24632.25,24641.25,24616.5,24621.25
1774408500,24621,24628.25,24610,24624.25
1774408800,24624,24629,24619.5,24626.5
1774409100,24627,24633.5,24621.75,24629.25
1774409400,24629,24633,24624.5,24628
1774409700,24628.5,24657,24628,24650.5
1774410000,24650.75,24652.5,24639.75,24647.75
1774410300,24648.25,24661.75,24647.5,24654.5
1774410600,24656.25,24678.5,24655.25,24665.5
1774410900,24665,24672,24664,24670.75
1774411200,24670.5,24675.25,24665,24673
1774411500,24673.5,24683.5,24671,24683.5
1774411800,24683.75,24693,24676.25,24691.75
1774412100,24692.25,24706.75,24683.25,24705.25
1774412400,24705,24707.75,24699.25,24706.75
1774412700,24707.25,24710,24702,24702.25
1774413000,24702.25,24708.75,24700.25,24704.25
1774413300,24705.75,24711,24696.5,24699.25
1774413600,24700.5,24702.75,24694,24697
1774413900,24696,24696.5,24682.25,24689
1774414200,24690,24694.5,24688.25,24689.5
1774414500,24690.75,24709.5,24689.25,24708
1774414800,24708.75,24709.5,24693.5,24695
1774415100,24698,24718.5,24692,24706.25
1774415400,24708.5,24718.25,24708.25,24713
1774415700,24712.75,24712.75,24693.5,24697
1774416000,24697.5,24708.5,24696.25,24704.25
1774416300,24705,24705,24692.25,24698.5
1774416600,24697.5,24713.5,24695.25,24706
1774416900,24706,24713.25,24701.25,24711.75
1774417200,24713,24714.75,24704.75,24711
1774417500,24710.5,24714,24698.75,24699
1774417800,24702.25,24704,24670.5,24672
1774418100,24671,24676,24662,24671.5
1774418400,24672,24672.5,24652.75,24655.25
1774418700,24655.75,24662.25,24644.5,24647.75
1774419000,24648.25,24659.25,24645,24653
1774419300,24653.25,24660.25,24650.25,24656.75
1774419600,24656.75,24660.75,24640.25,24643.25
1774419900,24643.75,24645.75,24630.5,24634.5
1774420200,24633.25,24635.5,24614.25,24623
1774420500,24622,24635,24613.25,24624.25
1774420800,24623.75,24647.75,24623,24642.5
1774421100,24642.75,24661.5,24639.5,24658
1774421400,24659.25,24679.5,24656,24661
1774421700,24660.75,24668.5,24650.75,24667.5
1774422000,24666.5,24666.5,24641.5,24646.75
1774422300,24648,24661.5,24648,24656.75
1774422600,24659,24692.5,24658,24684.25
1774422900,24685,24690.25,24675.75,24682.75
1774423200,24681.5,24683.5,24647.5,24649.75
1774423500,24649,24657.75,24642.75,24652.25
1774423800,24654.25,24673.5,24650.25,24660
1774424100,24659.75,24671.5,24651,24662.5
1774424400,24664,24695,24663.75,24683.5
1774424700,24686.25,24709.25,24680,24706.25
1774425000,24704.75,24707,24692.5,24701
1774425300,24701,24708.25,24690.25,24697.75
1774425600,24698,24749.75,24698,24741.75
1774425900,24741.75,24788.25,24741.5,24769
1774426200,24767.75,24787.5,24762.75,24787.5
1774426500,24787,24814.75,24782.75,24814
1774426800,24814,24824.5,24793.75,24803
1774427100,24801.75,24812.25,24791.75,24793.25
1774427400,24794,24814.25,24790,24810.25
1774427700,24810,24812.5,24759,24785.75
1774428000,24785.75,24798.5,24778.25,24779.5
1774428300,24779,24788.5,24767,24772.5
1774428600,24772.25,24781,24722.5,24723.75
1774428900,24724.75,24732.5,24714.25,24728.5
1774429200,24730.75,24742.25,24712,24738.5
1774429500,24739,24764.75,24738.5,24753.25
1774429800,24753.5,24770.75,24752.5,24763.5
1774430100,24761.75,24766.75,24753,24763.75
1774430400,24763.75,24765.5,24736.25,24741.5
1774430700,24741.25,24744.5,24728.25,24738.5
1774431000,24739.25,24756.25,24739.25,24741
1774431300,24740.75,24754,24733.5,24741.75
1774431600,24742.5,24745.5,24728,24731.25
1774431900,24730.75,24730.75,24702,24713.25
1774432200,24713.25,24727.25,24709.75,24717.5
1774432500,24717.75,24769.75,24716,24743.25
1774432800,24744.25,24777,24744.25,24761.25
1774433100,24762,24762.5,24745,24749.5
1774433400,24748.5,24753.25,24739.5,24751.25
1774433700,24751,24762.75,24744.5,24753.75
1774434000,24754.25,24759,24737.25,24745
1774434300,24744.75,24745.5,24731,24733.25
1774434600,24733,24739,24723.5,24728.5
1774434900,24729,24747.25,24728.75,24739.5
1774435200,24737.5,24743.5,24717.75,24718.25
1774435500,24717.75,24745.5,24716.25,24738.5
1774435800,24737.75,24751,24733,24747.5
1774436100,24747.25,24752,24736.25,24738.5
1774436400,24737.25,24765,24735.5,24764.75
1774436700,24765.75,24773.5,24757,24766.75
1774437000,24767.5,24768.5,24751.75,24762.25
1774437300,24763.75,24765.5,24757.75,24760.75
1774437600,24761,24790,24755,24783.75
1774437900,24785,24788,24768.5,24776.75
1774438200,24777.25,24791.25,24774.25,24779.5
1774438500,24778.75,24811.5,24778.5,24803.25
1774438800,24804.5,24805.25,24786.5,24800.75
1774439100,24801.75,24801.75,24729.75,24751.75
1774439400,24754.75,24776.75,24739,24766.75
1774439700,24767.25,24787.25,24759,24784.5
1774440000,24784,24805.25,24783.75,24794
1774440300,24793.25,24829.25,24789.25,24814.25
1774440600,24814.75,24823.5,24802.75,24815
1774440900,24812.5,24816.5,24715.25,24732
1774441200,24728.5,24755.5,24683.5,24727.75
1774441500,24727.25,24753.25,24705.5,24722.25
1774441800,24721.5,24723,24662.5,24696
1774442100,24695.5,24744,24694.5,24742.75
1774442400,24742.5,24746.25,24714.75,24717.25
1774442700,24717.5,24733.5,24700.25,24723.75
1774443000,24721.75,24741.5,24714.25,24740.75
1774443300,24741,24767.25,24737,24737.5
1774443600,24738.25,24768.5,24709,24763
1774443900,24763.5,24774.75,24746.25,24750.5
1774444200,24749.75,24766.25,24729.5,24739.25
1774444500,24740,24744.5,24727.75,24742
1774444800,24742,24742,24715,24726.25
1774445100,24727.75,24739,24714.5,24719.5
1774445400,24720.25,24768,24715.5,24755.5
1774445700,24756,24815.5,24746,24772
1774446000,24772.25,24811.25,24732.5,24742.25
1774446300,24741,24756.5,24704.25,24707.75
1774446600,24708.5,24709.75,24652.5,24658.5
1774446900,24658.5,24699.75,24650.25,24658.25
1774447200,24658,24704,24617,24684.5
1774447500,24684.5,24718.5,24675.25,24709.5
1774447800,24709.75,24750.25,24683.5,24745.75
1774448100,24746.25,24754.75,24728.5,24736.25
1774448400,24735.75,24784.5,24731.5,24741.5
1774448700,24741.5,24796.5,24734.75,24770
1774449000,24769.25,24788.75,24746,24786.25
1774449300,24786.5,24798.5,24755.25,24768
1774449600,24767.5,24803.5,24753.5,24781.5
1774449900,24782.5,24805.5,24778,24794.5
1774450200,24794,24809,24777.75,24782.5
1774450500,24783.25,24794.5,24765.25,24773.75
1774450800,24773.25,24783.75,24755.75,24771.5
1774451100,24772,24778,24704.75,24709.25
1774451400,24710,24724.75,24675,24676.75
1774451700,24676,24687,24576,24606.75
1774452000,24606,24698.5,24602.5,24683.75
1774452300,24683.75,24717.75,24667.75,24715.75
1774452600,24715.5,24734.25,24704.25,24719.5
1774452900,24719.75,24721,24662.25,24669.5
1774453200,24669,24680.25,24632.25,24659.5
1774453500,24658.75,24667.25,24636.75,24652.25
1774453800,24652.75,24672,24644,24653.75
1774454100,24654.5,24682.75,24640.5,24667.75
1774454400,24667,24676.5,24640.5,24643
1774454700,24642.75,24660.5,24620.25,24651.5
1774455000,24651.5,24657.5,24629.5,24648.75
1774455300,24648.5,24656,24633.25,24646
1774455600,24646.75,24710.25,24639.5,24707.75
1774455900,24708.25,24728.25,24691.5,24701.75
1774456200,24701.75,24739.75,24683.75,24728
1774456500,24728,24739,24715.25,24731.75
1774456800,24731.25,24735,24712.5,24728
1774457100,24727.75,24732.5,24704.75,24709.5
1774457400,24708.75,24731.25,24685.5,24727.25
1774457700,24726.75,24730.25,24702,24711.5
1774458000,24712,24732,24686.75,24696
1774458300,24696.25,24698.75,24670.5,24671.25
1774458600,24671,24712.75,24666.75,24703
1774458900,24703,24704.5,24673.25,24688.5
1774459200,24688,24718.5,24684.25,24703.75
1774459500,24704,24735.25,24703.25,24720
1774459800,24721,24730.5,24699.75,24726.5
1774460100,24726.25,24750.5,24724,24745.75
1774460400,24744.5,24783.25,24737.25,24758.25
1774460700,24758,24759.25,24722.5,24724
1774461000,24723,24754.25,24693,24697.25
1774461300,24698,24751.25,24691.75,24717.25
1774461600,24715.5,24720.75,24698.5,24711.25
1774461900,24712,24729.5,24696,24708.75
1774462200,24710,24726.25,24706,24719.25
1774462500,24720,24742.5,24717.25,24720.25
1774462800,24720.25,24737.5,24719.5,24730.5
1774463100,24729.75,24732.25,24701.5,24702.5
1774463400,24702.25,24712,24694.5,24707.5
1774463700,24707.25,24708.5,24690,24698.75
1774464000,24698.5,24701.5,24676,24686.75
1774464300,24685.75,24693.25,24678,24683
1774464600,24682.25,24685.25,24672,24676.75
1774464900,24677,24677.5,24612.25,24644
1774465200,24644.25,24645,24601.25,24622.25
1774465500,24622.25,24632,24613.25,24622.5
1774465800,24623,24644,24614.25,24641.25
1774466100,24641.75,24663.5,24638,24660.75
1774466400,24661.25,24684.5,24656.25,24666.75
1774466700,24667.25,24671.25,24640.75,24643.75
1774467000,24643.5,24646.75,24625.75,24632.5
1774467300,24632.25,24639,24614.5,24627
1774467600,24627.25,24650,24623.25,24631
1774467900,24631,24639.75,24623.75,24633.5
1774468200,24634.75,24668,24634.75,24657.25
1774468500,24657,24681,24644.75,24661.25
1774468800,24661,24682.5,24658.75,24670.5
1774469100,24670.25,24673,24658,24661.25
1774469400,24661.5,24664,24657.5,24662
1774469700,24662.25,24670.5,24658.75,24669
1774470000,24668.75,24669.5,24659.25,24660.5
1774470300,24660,24660.5,24640.5,24641.75
1774470600,24642.25,24648.25,24638.75,24647.5
1774470900,24646.75,24654,24646.25,24651.5
1774471200,24652,24652.75,24648.25,24651.75
1774471500,24651.25,24654,24648.5,24651
1774471800,24651.25,24653.5,24649.25,24650.25
1774472100,24650,24663,24647.5,24657.25
1774476000,24663,24663,24631,24639.5
1774476300,24641,24643.75,24622.25,24623.5
1774476600,24623.75,24638.5,24621.75,24626.5
1774476900,24630.5,24631.25,24611.75,24622
1774477200,24620.25,24624.5,24610,24614.25
1774477500,24614.25,24620.5,24610,24613.25
1774477800,24614.5,24623.5,24611.5,24621
1774478100,24622,24626.5,24620.75,24621.5
1774478400,24622.25,24628,24617.5,24626.25
1774478700,24627.75,24634.75,24621.75,24628.5
1774479000,24629.25,24631.5,24603.5,24605.25
1774479300,24605.5,24613.25,24597.5,24605.75
1774479600,24604.25,24619.5,24604.25,24613
1774479900,24614.75,24615.25,24604,24607.5
1774480200,24605.75,24611.25,24598,24600.25
1774480500,24600.25,24603.5,24582.25,24588.5
1774480800,24589,24598.25,24587,24593.75
1774481100,24594.5,24604.75,24594.5,24600
1774481400,24598.75,24606.5,24587.5,24594.25
1774481700,24593.5,24599.5,24590.75,24597.5
1774482000,24597,24603,24583.75,24583.75
1774482300,24583.25,24605.5,24572.75,24599
1774482600,24598,24612,24594.75,24608.5
1774482900,24608.25,24622,24602.75,24613.25
1774483200,24613,24621.75,24609.5,24611.75
1774483500,24611.75,24628.75,24605.75,24619
1774483800,24621.25,24633.75,24615.5,24633.75
1774484100,24632.5,24670.5,24630.75,24661.5
1774484400,24662,24699.5,24658.25,24693
1774484700,24693.25,24693.5,24677,24681
1774485000,24680.75,24695.5,24674.75,24686.75
1774485300,24688,24689.25,24672.75,24672.75
1774485600,24673.25,24674.5,24666.75,24668.5
1774485900,24667.5,24675.5,24662,24668.75
1774486200,24668.5,24670,24638.25,24642.25
1774486500,24641,24650.25,24632.5,24644.25
1774486800,24645.25,24671.25,24643.5,24652.75
1774487100,24655.5,24658,24640.5,24646.5
1774487400,24648,24655.75,24645.25,24651.75
1774487700,24651,24653.5,24626.75,24630.5
1774488000,24629.75,24643.25,24629.5,24636
1774488300,24634,24639.75,24620.25,24636.25
1774488600,24634.5,24646.5,24632.75,24640.75
1774488900,24641.5,24645.5,24628,24642.5
1774489200,24642,24655.25,24636.5,24637
1774489500,24636.5,24652.5,24636.5,24644.75
1774489800,24644.75,24651.5,24637,24642.25
1774490100,24642.75,24654.5,24640.25,24653.25
1774490400,24649.75,24668,24649,24668
1774490700,24666.75,24668.25,24640.75,24645.25
1774491000,24643.75,24651.75,24637.5,24647.25
1774491300,24647.25,24648,24635.5,24638
1774491600,24638.25,24652.25,24625.75,24630.5
1774491900,24629.5,24633.75,24605.25,24610.5
1774492200,24611.75,24619,24560,24562.75
1774492500,24561.25,24572.75,24537.25,24548.75
1774492800,24548.25,24573.5,24547.75,24571.75
1774493100,24572.75,24587.75,24570.5,24577.75
1774493400,24578.75,24583.75,24568.5,24578.5
1774493700,24579,24582,24565.75,24573.75
1774494000,24573.5,24586.5,24571.25,24574.75
1774494300,24574.5,24584.75,24573.75,24575.25
1774494600,24573.5,24605.75,24573.5,24604.25
1774494900,24605.25,24609.75,24597.75,24604.75
1774495200,24605,24632,24604.5,24630.25
1774495500,24630.5,24636,24623.75,24625.25
1774495800,24626,24682.25,24623.5,24681.5
1774496100,24681.5,24698.75,24677.5,24695.5
1774496400,24694.25,24710.75,24687.75,24689.5
1774496700,24690.25,24692.25,24675.75,24676.5
1774497000,24675.75,24677.25,24664.5,24666.75
1774497300,24665.75,24673.25,24665,24669.5
1774497600,24668.75,24674.5,24650,24651.75
1774497900,24650.75,24660.5,24647.75,24660.25
1774498200,24660.5,24667,24654.75,24656.25
1774498500,24656,24661.75,24647.5,24650
1774498800,24650.75,24658,24643.5,24644.25
1774499100,24645.5,24655.5,24645,24651
1774499400,24653,24656.75,24640.75,24642
1774499700,24642,24651.5,24642,24643
1774500000,24644.5,24648,24639.5,24642.5
1774500300,24642.5,24645,24635.5,24638
1774500600,24638,24640.5,24621.75,24622
1774500900,24622.25,24624.75,24606.5,24614.25
1774501200,24615.5,24629.25,24608.5,24628.25
1774501500,24629,24629.75,24591.5,24593.5
1774501800,24593.5,24599.75,24578.25,24591.25
1774502100,24593,24596.5,24585.25,24592
1774502400,24591.5,24596.25,24576.5,24580.25
1774502700,24581.25,24581.25,24550,24566.5
1774503000,24567.5,24576.25,24557.75,24573.5
1774503300,24573.75,24583,24564.5,24572.75
1774503600,24571.75,24583.75,24563.25,24563.25
1774503900,24562.5,24567,24552,24562.75
1774504200,24563.25,24563.25,24545,24547.25
1774504500,24548.75,24551.75,24540.5,24545
1774504800,24545.25,24555.75,24528.25,24553
1774505100,24554,24555.25,24531.25,24543.75
1774505400,24542.75,24549.5,24526.75,24535.75
1774505700,24531.25,24542,24521.5,24538.5
1774506000,24539.25,24541.5,24527.5,24538.25
1774506300,24536,24576.75,24529.25,24572.25
1774506600,24570,24578.5,24555.25,24565.75
1774506900,24565.75,24579.5,24563.75,24571.5
1774507200,24572.25,24577.75,24556.25,24568.75
1774507500,24568.75,24578.25,24566.25,24574
1774507800,24572.75,24573.25,24557.5,24565.5
1774508100,24566.5,24585.25,24566.5,24577.75
1774508400,24578.25,24587.5,24559.5,24564
1774508700,24563.75,24566,24526,24544
1774509000,24544.75,24547.5,24534,24542.5
1774509300,24542.5,24548.25,24529.5,24538.75
1774509600,24539.5,24569.75,24488.5,24553.75
1774509900,24554,24557.75,24536.25,24545
1774510200,24541.5,24544.5,24526.25,24531.75
1774510500,24532.75,24558.75,24531,24555
1774510800,24556.75,24559.75,24537.5,24545
1774511100,24544,24563.5,24542.5,24559.75
1774511400,24560.75,24561.5,24547.5,24556.25
1774511700,24555.75,24558.75,24544,24549
1774512000,24548,24568.5,24546.5,24557.75
1774512300,24558,24577.5,24548.25,24548.25
1774512600,24547.75,24552.5,24493.5,24497
1774512900,24495.5,24521.5,24485,24493.75
1774513200,24493.25,24510,24488.25,24495.25
1774513500,24498.25,24510,24477.75,24482.5
1774513800,24482.5,24505.75,24477,24500
1774514100,24499.25,24508,24474.75,24484.75
1774514400,24484.25,24501.5,24461.75,24464
1774514700,24463.25,24482.25,24442,24452.75
1774515000,24455.5,24478.25,24455,24472
1774515300,24471.25,24492.25,24468,24483.25
1774515600,24484,24487.25,24444.5,24466.75
1774515900,24465.5,24483.25,24453.75,24464.75
1774516200,24464.5,24484.75,24456,24459
1774516500,24459.5,24461.75,24444.5,24448.75
1774516800,24450,24463,24441.25,24445.5
1774517100,24445.25,24459,24433.25,24442.25
1774517400,24441.25,24441.25,24396.5,24415.25
1774517700,24414.5,24429.75,24411.75,24422
1774518000,24423.75,24438.5,24421.25,24430.5
1774518300,24431.25,24442,24419.5,24426.25
1774518600,24426.75,24449.25,24424.25,24444.5
1774518900,24447,24455.5,24443.5,24444.5
1774519200,24445.25,24456.75,24421.75,24452.25
1774519500,24451.5,24485.75,24451.5,24466.5
1774519800,24465.75,24476,24464,24476
1774520100,24476.25,24486.75,24463,24463.25
1774520400,24464,24481.5,24461.5,24474.25
1774520700,24474.25,24491.75,24472.25,24486
1774521000,24485.75,24491.5,24478.25,24486
1774521300,24485.5,24486.75,24445.75,24448.75
1774521600,24448.5,24466.75,24437.25,24451.25
1774521900,24451.25,24463.75,24448.75,24461.25
1774522200,24461.75,24473,24455,24459
1774522500,24459.5,24469.5,24458.75,24466
1774522800,24467.75,24473.75,24450.25,24466.25
1774523100,24466,24478,24453.75,24473.5
1774523400,24474.25,24474.5,24451.75,24454
1774523700,24454.25,24465.5,24451.75,24459
1774524000,24459.25,24460.5,24440.75,24444.5
1774524300,24445.5,24445.5,24415.5,24433
1774524600,24433,24442,24417.5,24433
1774524900,24434.75,24437.75,24418.25,24431
1774525200,24431,24434.25,24407.75,24415
1774525500,24414.75,24423,24404.25,24405.75
1774525800,24405,24426,24402.25,24418.25
1774526100,24417.75,24417.75,24388.25,24391.25
1774526400,24393.5,24397.75,24367.5,24388
1774526700,24386.75,24419.5,24386,24414.25
1774527000,24414.25,24433.5,24411.75,24426.5
1774527300,24426.75,24437.25,24418.75,24423
1774527600,24423.5,24432.5,24417.75,24421.25
1774527900,24421.75,24428.75,24417.75,24421.5
1774528200,24420.75,24421.25,24382,24382.5
1774528500,24382.25,24392,24358.5,24390.5
1774528800,24390,24396,24374.25,24385
1774529100,24383.25,24408.5,24383.25,24390.5
1774529400,24390.5,24407.5,24383.5,24392
1774529700,24391,24410.75,24389.25,24407.5
1774530000,24406.75,24426.25,24403.5,24414.25
1774530300,24414.5,24415.5,24400.25,24413.5
1774530600,24412.75,24435.5,24404.25,24423.25
1774530900,24422.75,24449.25,24415.5,24438.25
1774531200,24437,24445.5,24425,24426.5
1774531500,24425.5,24448.75,24420.25,24445.75
1774531800,24445.75,24445.75,24378,24412.25
1774532100,24412,24417.5,24353.5,24358
1774532400,24359,24447.25,24355.75,24446
1774532700,24445.75,24484.5,24433,24455.25
1774533000,24455,24522.75,24451.5,24521.25
1774533300,24520.75,24522,24428.5,24505.5
1774533600,24505.25,24517.5,24476.25,24490.25
1774533900,24488,24532,24465.75,24476.75
1774534200,24476.25,24503,24458.25,24503
1774534500,24502,24520.25,24471.75,24479.25
1774534800,24479.25,24518.5,24467.5,24494.5
1774535100,24495,24504.75,24459.25,24460.25
1774535400,24460.75,24493,24457.5,24480.5
1774535700,24481,24485.75,24444.5,24464.25
1774536000,24464.25,24515.25,24406.25,24412.75
1774536300,24412.25,24429.5,24383.5,24399.75
1774536600,24400.5,24415.5,24356.5,24357.5
1774536900,24358.5,24403.25,24319.75,24392.5
1774537200,24393.5,24419.25,24382.75,24384
1774537500,24383.25,24419,24372.5,24384.25
1774537800,24385.75,24411.5,24382.5,24383
1774538100,24383.25,24390,24357.25,24369
1774538400,24368.5,24389.5,24362.25,24380.25
1774538700,24380.25,24391,24369.5,24375
1774539000,24374,24374,24340.75,24352.5
1774539300,24353.25,24375.75,24349,24371.75
1774539600,24371.5,24382.25,24361.25,24369.25
1774539900,24370.75,24416.75,24361.25,24386.75
1774540200,24386.5,24413,24380.75,24399.5
1774540500,24399.5,24402.5,24371.75,24382
1774540800,24382,24391.25,24364.5,24370.5
1774541100,24369.75,24385,24363,24375.5
1774541400,24374.5,24380,24345.25,24372.75
1774541700,24371.5,24371.5,24303.5,24353
1774542000,24354.25,24354.25,24311.25,24335
1774542300,24334,24339,24290.5,24296.75
1774542600,24297,24300.25,24269.5,24289.75
1774542900,24290.5,24304,24275.75,24278.25
1774543200,24278.25,24294.75,24274,24287.25
1774543500,24287.5,24296.5,24259.5,24271
1774543800,24271,24289.25,24260.5,24285.25
1774544100,24285,24291,24277,24287.5
1774544400,24288,24307.5,24274,24276.25
1774544700,24276,24290.75,24272.5,24279.25
1774545000,24279.25,24279.25,24254.5,24256.75
1774545300,24256.5,24273.25,24254.25,24265.5
1774545600,24266.25,24266.25,24229.5,24231.25
1774545900,24231.25,24245.25,24222.25,24244
1774546200,24244,24261,24226,24259.75
1774546500,24260,24262,24233.5,24235.25
1774546800,24235.25,24235.75,24207.75,24210.75
1774547100,24210.75,24217.5,24187.25,24188.25
1774547400,24188.25,24189.25,24161,24165
1774547700,24164.75,24169.5,24141,24150.75
1774548000,24150.25,24190.25,24149.5,24169.75
1774548300,24169.75,24181.75,24154.5,24177.25
1774548600,24177.25,24181.5,24158.75,24166.75
1774548900,24166.75,24168.5,24152,24158.75
1774549200,24158.5,24175.25,24148,24170.75
1774549500,24171,24176.25,24134,24137.75
1774549800,24138.5,24162.5,24137.5,24158.25
1774550100,24159,24167,24146.75,24164.25
1774550400,24164.25,24170.5,24139,24150
1774550700,24149.75,24170.25,24140.5,24168.5
1774551000,24167.5,24179.25,24160,24176.5
1774551300,24176.5,24176.5,24153,24172.25
1774551600,24172.25,24176,24146.25,24152.75
1774551900,24152.75,24154.75,24117,24126
1774552200,24126.25,24129.75,24112.5,24126.5
1774552500,24127,24147.5,24125.75,24143.5
1774552800,24143,24144,24124,24128.25
1774553100,24127.75,24132.25,24109.75,24132
1774553400,24132.25,24135.25,24096.5,24111.25
1774553700,24111.75,24127.5,24106.75,24114.25
1774554000,24114,24123.5,24097.25,24102.5
1774554300,24102.25,24107.25,24088.75,24105.75
1774554600,24106,24111.5,24066.5,24070.75
1774554900,24071,24093.75,24064.5,24076.25
1774555200,24076.75,24085.75,24052.75,24066
1774555500,24066,24084.75,24065.5,24082.75
1774555800,24083,24311.75,24078.75,24192
1774556100,24189,24221.5,24144.75,24159.75
1774556400,24162,24181.25,24140.75,24152.5
1774556700,24151.75,24159,24106.25,24154
1774557000,24155.75,24177.5,24145.5,24155.25
1774557300,24155,24191.25,24154,24183.25
1774557600,24183.5,24184.25,24159.5,24167.5
1774557900,24168,24173.25,24162.25,24168.5
1774558200,24168.25,24170.5,24136.5,24139.25
1774558500,24140,24144.75,24102,24111.5
1774562400,24113.5,24152,24113.5,24138.25
1774562700,24138.75,24150.25,24121.5,24129.5
1774563000,24131,24163,24131,24161.5
1774563300,24161.75,24172,24153.75,24156.75
1774563600,24156,24171.25,24153.75,24169.5
1774563900,24168,24168,24126.25,24153.5
1774564200,24152.5,24165.75,24137.25,24154.25
1774564500,24154.75,24168.25,24140.25,24167.25
1774564800,24166.75,24180.25,24147.5,24152
1774565100,24151,24162.75,24143.25,24157
1774565400,24157.5,24173,24155.75,24168.75
1774565700,24168.5,24176,24150.5,24160
1774566000,24158.25,24168.75,24154.75,24164.75
1774566300,24163.25,24165,24146.25,24148.75
1774566600,24147.5,24153.5,24134.5,24146.5
1774566900,24147,24159.25,24134.5,24158
1774567200,24158.25,24161.25,24132.25,24136.5
1774567500,24135.25,24143,24131,24140
1774567800,24138.75,24157.5,24138.75,24157.25
1774568100,24156.5,24172.25,24155,24163
1774568400,24163.5,24172.5,24160.5,24166.75
1774568700,24165.75,24175,24161.5,24169
1774569000,24168,24181.75,24166.75,24173.25
1774569300,24173,24173,24158,24166.25
1774569600,24166.5,24195.25,24165.5,24188.75
1774569900,24187.75,24195.5,24175.25,24195.5
1774570200,24194.25,24198.25,24167.25,24169.5
1774570500,24169.5,24171.5,24148.5,24151
1774570800,24150.5,24160.25,24111.5,24136
1774571100,24135.75,24138.25,24114.25,24126
1774571400,24127.5,24138.75,24112.75,24123.25
1774571700,24120.75,24125.5,24103.75,24114.25
1774572000,24112.25,24123.25,24097.5,24105.25
1774572300,24107.5,24111,24096.5,24106.25
1774572600,24104.5,24114,24097.75,24107
1774572900,24108.75,24121.5,24106,24107.75
1774573200,24108.25,24121.25,24095.5,24117
1774573500,24117,24129.75,24114.5,24125
1774573800,24125.75,24142.5,24124.75,24135.5
1774574100,24138.5,24150.75,24126.75,24132.75
1774574400,24132.5,24142.5,24127.5,24138
1774574700,24138.75,24155,24134.5,24153.5
1774575000,24152.5,24161.5,24148.5,24153
1774575300,24154.5,24163.5,24150.5,24153.5
1774575600,24154,24164.5,24150,24155
1774575900,24156,24157.5,24139.75,24151
1774576200,24149,24150,24141,24148.5
1774576500,24149.25,24161.5,24149,24161.5
1774576800,24161.75,24175.5,24161.75,24167
1774577100,24166,24166.5,24155.75,24163.25
1774577400,24163.5,24166.75,24155,24156.5
1774577700,24155.75,24155.75,24145,24154.5
1774578000,24153.5,24153.5,24134.5,24143.75
1774578300,24143.25,24152.75,24137.5,24150.5
1774578600,24150.75,24170.25,24145.75,24170
1774578900,24170.5,24171.5,24153.5,24159.75
1774579200,24161.25,24161.5,24151.5,24154
1774579500,24154.75,24164.25,24144.25,24148
1774579800,24149.5,24153.75,24145.75,24152.75
1774580100,24153,24153.25,24140,24143.75
1774580400,24145,24157.5,24144.5,24149.5
1774580700,24149.5,24150.25,24128.5,24135
1774581000,24136.25,24147.25,24130.75,24138.5
1774581300,24138.5,24141,24130,24135.5
1774581600,24136,24139,24130,24130
1774581900,24131.75,24141.5,24130,24137.75
1774582200,24138.5,24154,24138.5,24153.25
1774582500,24153.25,24178.75,24153.25,24178
1774582800,24178,24182.5,24172.75,24172.75
1774583100,24173.25,24177.75,24167,24171.5
1774583400,24171.5,24183,24170.5,24181.25
1774583700,24180.25,24187.5,24177.75,24184.75
1774584000,24185.25,24185.25,24176.25,24178.25
1774584300,24177.5,24178.75,24171.5,24172.75
1774584600,24174.5,24181.5,24174.5,24176
1774584900,24175.75,24184.5,24175.75,24184.5
1774585200,24185,24192.25,24181.75,24182.25
1774585500,24182.25,24186,24177.5,24183.25
1774585800,24182.5,24194.25,24180,24194
1774586100,24191.75,24196,24187.75,24195
1774586400,24194.75,24195.75,24190.5,24192
1774586700,24191.25,24199.5,24189.75,24196
1774587000,24194.75,24198,24189.75,24194.75
1774587300,24194,24210.5,24193.5,24207.25
1774587600,24205.75,24213.25,24204,24210.5
1774587900,24210,24238,24210,24231.75
1774588200,24231,24263.25,24231,24261
1774588500,24260.5,24265.5,24247.5,24247.75
1774588800,24248.25,24248.25,24225.5,24227.5
1774589100,24226.75,24233,24216.75,24230
1774589400,24230.5,24235.75,24220.75,24225
1774589700,24224,24232,24216,24227.75
1774590000,24227.5,24235.25,24220.5,24222
1774590300,24221.75,24232.5,24220.25,24225
1774590600,24224.75,24230.5,24220.75,24225.75
1774590900,24226.75,24231.25,24214,24216.75
1774591200,24216,24218.25,24200,24204
1774591500,24203.75,24218.25,24202.75,24212.75
1774591800,24212.75,24226.25,24211.5,24222.25
1774592100,24223,24236.75,24222.25,24232.75
1774592400,24233,24244.75,24231.25,24243
1774592700,24243.5,24243.75,24232.25,24235.25
1774593000,24235.5,24236.25,24211.5,24213
1774593300,24212.5,24219.5,24204.75,24210.25
1774593600,24210.25,24219.25,24210,24210.75
1774593900,24210.5,24211.5,24188,24192.25
1774594200,24193,24199.25,24184.25,24198.25
1774594500,24197.75,24199.75,24190.75,24194.75
1774594800,24194.5,24196.25,24185,24189.25
1774595100,24189.25,24192,24166.25,24176
1774595400,24175.25,24187,24170.25,24178
1774595700,24177.5,24177.5,24168.75,24172.25
1774596000,24172.75,24176.25,24159.25,24162.25
1774596300,24162,24168.25,24146.25,24147
1774596600,24149.25,24158.75,24143.25,24153.25
1774596900,24153.75,24171.5,24150,24159
1774597200,24158.5,24167,24149,24165.25
1774597500,24164,24183.25,24160,24176.25
1774597800,24175,24178,24152.5,24163.75
1774598100,24163.25,24169,24159.5,24161.5
1774598400,24161.5,24187,24131.75,24147.75
1774598700,24148.5,24148.75,24109.25,24119.5
1774599000,24119.75,24136.25,24112.5,24125.5
1774599300,24126,24135.75,24099.5,24103
1774599600,24102.75,24132,24090.75,24099.25
1774599900,24099.25,24106.25,24082,24086.5
1774600200,24087,24112.5,24086,24096.5
1774600500,24096.75,24101.25,24062.75,24072.5
1774600800,24072.5,24089,24065.5,24087.25
1774601100,24086,24096,24072,24076
1774601400,24075.75,24094.5,24061.5,24073
1774601700,24074,24076.75,24060,24068.75
1774602000,24069,24078.25,24042.5,24044.75
1774602300,24044.25,24050,24008.5,24013
1774602600,24013.75,24046.25,23999.5,24030.25
1774602900,24031,24063.25,24027,24056.5
1774603200,24056.5,24065.25,24042.5,24055
1774603500,24054,24087.75,24054,24078.75
1774603800,24080.25,24102,24068,24087.25
1774604100,24089,24091,24066.75,24070.25
1774604400,24069,24075.75,24059,24073.75
1774604700,24073,24073,24031,24038.25
1774605000,24038.75,24050,24029.5,24035
1774605300,24035.5,24043.25,24020.75,24028.25
1774605600,24029,24037.25,24011.25,24024.5
1774605900,24023.5,24058.75,24023,24042.25
1774606200,24040.25,24040.25,24015,24019.75
1774606500,24020.5,24035,24017.75,24025
1774606800,24026.75,24030.25,24010,24021.75
1774607100,24021.5,24037.75,24013.5,24020.5
1774607400,24021,24032,24003.75,24011.5
1774607700,24011.5,24012.5,23974.5,23977.75
1774608000,23978.25,23988.25,23964,23979.75
1774608300,23979,23981,23959.75,23967
1774608600,23966.25,23968.25,23953.75,23961.25
1774608900,23960.75,23960.75,23922.5,23939
1774609200,23939,23949.25,23912,23921.25
1774609500,23922.25,23931.25,23897.75,23920.25
1774609800,23920.25,23932,23910.25,23923
1774610100,23922.25,23941.75,23921.5,23934.5
1774610400,23935.25,23944.5,23928.5,23930.75
1774610700,23932.25,23946,23922.5,23942.75
1774611000,23943,23949.25,23930,23940.75
1774611300,23942,23947.25,23928.25,23936.5
1774611600,23935.75,23952.5,23933.25,23946.75
1774611900,23946.25,23969,23943.25,23965.75
1774612200,23965.25,23972.5,23946,23970.25
1774612500,23971,23979.5,23946.75,23953.5
1774612800,23952.5,23957,23926.75,23931.75
1774613100,23931,23931.25,23904,23906.5
1774613400,23908,23928,23900.25,23919.25
1774613700,23918.75,23946.5,23915.5,23934.5
1774614000,23934,23938.5,23916.75,23937.75
1774614300,23937.5,23944.75,23927.75,23938.5
1774614600,23939.75,23944,23911,23917
1774614900,23916.75,23923.75,23901.5,23921.75
1774615200,23921.25,23932.75,23906.5,23923.5
1774615500,23924,23931.75,23886.25,23893.5
1774615800,23893.25,23923.5,23887.25,23913.5
1774616100,23913.25,23915,23895,23902.5
1774616400,23905,23908,23874.5,23897.25
1774616700,23897,23897.75,23873,23881.75
1774617000,23883,23887,23863.5,23878.75
1774617300,23879,23909.25,23875.75,23901.5
1774617600,23902.25,23933.25,23901.75,23928.5
1774617900,23927.75,23950.5,23922.75,23943.75
1774618200,23944,23953.5,23846.25,23853.5
1774618500,23854.25,23902.5,23821.5,23883.75
1774618800,23883.75,23912.25,23861,23879.75
1774619100,23879.75,23936.75,23878.25,23904.5
1774619400,23904.75,23915.25,23810,23814.5
1774619700,23815.25,23815.75,23759.5,23768.25
1774620000,23770.5,23809.25,23742.5,23798.25
1774620300,23799,23808,23769.5,23773.5
1774620600,23773.75,23831.75,23772,23813
1774620900,23813,23848,23806,23832.75
1774621200,23832.5,23846.75,23778.5,23795.75
1774621500,23795.75,23817,23764.5,23766.5
1774621800,23766.75,23796.75,23763.25,23786
1774622100,23788,23791.75,23737.5,23746.5
1774622400,23747.25,23769.5,23741.5,23757.5
1774622700,23757.5,23813,23729.5,23810
1774623000,23809.5,23827.25,23774.5,23779.75
1774623300,23780.25,23806.5,23778.75,23801
1774623600,23801,23831.5,23793.25,23822.5
1774623900,23823.25,23846.25,23794,23804.5
1774624200,23805.25,23813.25,23783.75,23785.25
1774624500,23784.75,23788,23751,23765
1774624800,23765.75,23857.5,23748,23807.5
1774625100,23808.75,23848.25,23799,23845.75
1774625400,23846.75,23898.5,23834.25,23885.75
1774625700,23886,23900,23848.25,23853.5
1774626000,23853.75,23854,23808.25,23832.25
1774626300,23832.5,23854.75,23827.25,23849
1774626600,23849,23867,23842,23851
1774626900,23849.75,23858.25,23833.75,23839
1774627200,23840,23846.25,23814.75,23828.5
1774627500,23828.5,23831.25,23793.75,23794.25
1774627800,23795,23806,23781,23806
1774628100,23805.25,23807.75,23779.5,23787.75
1774628400,23787.75,23803.75,23781,23783
1774628700,23782.75,23784,23763,23771.5
1774629000,23771.25,23780.25,23763.75,23767.5
1774629300,23767,23770.75,23740.5,23743.25
1774629600,23743.75,23773.75,23733.75,23763.25
1774629900,23763.75,23802,23756.75,23798.75
1774630200,23797.75,23804.5,23764.25,23770.5
1774630500,23770.75,23772.5,23760.25,23763
1774630800,23763,23770,23735,23750
1774631100,23750.25,23819,23737.75,23776
1774631400,23774.75,23778.5,23744.25,23755.75
1774631700,23756,23757.75,23719.75,23725.25
1774632000,23725,23725.5,23702.25,23712
1774632300,23711.75,23712,23666.5,23670
1774632600,23668.5,23695.25,23668.5,23691.75
1774632900,23690.5,23698.5,23677.75,23678.75
1774633200,23679,23680.25,23651.25,23658.25
1774633500,23657.5,23671.5,23651.25,23653.5
1774633800,23653.25,23665,23648,23657.25
1774634100,23656.25,23660.75,23633.5,23649.75
1774634400,23649.25,23655.25,23641.5,23644.25
1774634700,23644.75,23653.5,23624.25,23626.5
1774635000,23626.25,23639.75,23617.5,23636
1774635300,23636,23661.25,23627.5,23658.25
1774635600,23658.25,23666.25,23635,23641
1774635900,23641.75,23659.25,23636.75,23651.5
1774636200,23651.75,23660.5,23644.25,23657.25
1774636500,23657.5,23660.25,23640.75,23650.5
1774636800,23650.75,23685.75,23637.25,23656
1774637100,23656,23658.5,23635.75,23638.5
1774637400,23638.25,23644.75,23614.75,23624.5
1774637700,23624.25,23633.5,23618.5,23629.5
1774638000,23628.75,23642.75,23607.25,23611.75
1774638300,23612.25,23622.75,23601,23608.25
1774638600,23607.75,23627.5,23598.75,23623.75
1774638900,23624.5,23650,23621.5,23643.25
1774639200,23643.25,23643.25,23616,23637.5
1774639500,23637,23637.75,23613,23620.75
1774639800,23620.75,23638.25,23613.75,23637
1774640100,23637.25,23638.5,23617.5,23619
1774640400,23619.5,23621,23591.5,23602.75
1774640700,23602,23605.5,23569.5,23590.5
1774641000,23590.75,23613.5,23558.5,23598.5
1774641300,23598.25,23641,23597.5,23598.25
1774641600,23598.25,23620,23572.5,23579.75
1774641900,23580,23589.75,23573.75,23578.75
1774642200,23578.75,23585,23564.5,23569.25
1774642500,23569.5,23574.75,23545.75,23552
1774642800,23553,23554.5,23522,23544.5
1774643100,23545,23551.75,23532.5,23546.75
1774643400,23546.75,23553,23532.5,23538.75
1774643700,23539.25,23557.25,23538,23551.75
1774644000,23551.25,23564.25,23542,23548.75
1774644300,23549,23555,23543.25,23551
1774644600,23552,23566,23547,23565
1774644900,23564.75,23567.75,23539.5,23543.75
1774821600,23479,23513.5,23449.25,23462
1774821900,23464.75,23472.5,23424.5,23452.5
1774822200,23453.75,23489.75,23443.75,23483.5
1774822500,23484.5,23493,23473.5,23479.25
1774822800,23479.5,23531.75,23477.5,23510.25
1774823100,23510.5,23517.75,23486.5,23508.5
1774823400,23509.5,23519.5,23506.75,23514
1774823700,23512.5,23528.25,23490.25,23501.75
1774824000,23502,23505,23461.5,23462.25
1774824300,23463,23474,23444.25,23472
1774824600,23469.75,23490.25,23462.25,23474.5
1774824900,23475.5,23503.5,23475.5,23497.75
1774825200,23499,23513.5,23491.5,23502.5
1774825500,23502,23506,23462.75,23472
1774825800,23471.5,23477.75,23460,23469
1774826100,23468.75,23473.5,23462,23465.5
1774826400,23467.5,23481.5,23453,23455.75
1774826700,23456.25,23463.25,23446.25,23455.75
1774827000,23453.5,23457.5,23415,23432.25
1774827300,23431.75,23447,23425,23446.5
1774827600,23447,23458.75,23433.75,23442.5
1774827900,23444,23452.25,23417.25,23425.5
1774828200,23426.75,23442.25,23407.5,23427.75
1774828500,23429.25,23436.5,23398,23417
1774828800,23417.75,23430.25,23382.5,23392.75
1774829100,23393.5,23441.75,23391.75,23414.5
1774829400,23413.5,23435.5,23409.75,23427.25
1774829700,23427.5,23529.5,23407.25,23527
1774830000,23526.5,23543.25,23480.5,23498
1774830300,23497.25,23553.25,23493,23512.25
1774830600,23511.75,23528.5,23493.75,23510.5
1774830900,23510.5,23511.5,23456.5,23458.25
1774831200,23458.75,23464,23436,23449.25
1774831500,23449.5,23462.25,23442.5,23454.75
1774831800,23455.25,23459,23419.25,23428
1774832100,23429.25,23448.75,23415.5,23439.25
1774832400,23440.75,23463,23436.25,23439.5
1774832700,23441,23459.75,23438.75,23456
1774833000,23456.75,23477.5,23443.25,23450
1774833300,23451.75,23463,23427.5,23442.75
1774833600,23444.25,23450,23427.75,23428
1774833900,23427.75,23454.5,23425.5,23452.25
1774834200,23454.25,23483.25,23448,23475.75
1774834500,23476.5,23484.25,23460.5,23472.25
1774834800,23474,23495,23471.25,23492.75
1774835100,23494.25,23498.5,23489,23491
1774835400,23490.75,23494.25,23483,23484.5
1774835700,23484.75,23499.5,23484.75,23490.5
1774836000,23491.25,23506,23489.5,23497.75
1774836300,23498.25,23520.75,23494,23501.25
1774836600,23502.25,23520.75,23500.5,23518
1774836900,23518.25,23519.25,23492.5,23495.5
1774837200,23494,23499.75,23485.75,23488.25
1774837500,23487.25,23498.25,23485,23489.5
1774837800,23491,23515.25,23488,23498.25
1774838100,23498.75,23502.75,23484.75,23498.5
1774838400,23501,23532.75,23499.25,23527.25
1774838700,23527.25,23563.5,23525,23558.5
1774839000,23558,23564.5,23539.25,23541.5
1774839300,23542.25,23547.75,23532.75,23541.75
1774839600,23541.5,23558.25,23539.75,23552.5
1774839900,23552,23580.5,23551,23578.5
1774840200,23577.75,23584.5,23568.5,23574.25
1774840500,23575,23589,23571.75,23585.25
1774840800,23586,23596,23579.25,23585.5
1774841100,23584.5,23588.5,23577.75,23582.75
1774841400,23583.5,23587.5,23570.25,23585
1774841700,23584.25,23587.5,23572.75,23581.75
1774842000,23584,23587.25,23576.75,23581.5
1774842300,23580.5,23585.5,23568.25,23583.75
1774842600,23584,23589.25,23578,23584.5
1774842900,23583,23589.25,23577.25,23585.75
1774843200,23585.75,23597.5,23577.75,23587
1774843500,23586.25,23602.25,23585.25,23596.75
1774843800,23596,23602.5,23587.75,23593.75
1774844100,23593,23599,23590.75,23595.75
1774844400,23596.5,23609.5,23596.5,23608.5
1774844700,23608,23642,23606.75,23627.75
1774845000,23627.75,23645.75,23622.5,23639
1774845300,23638.75,23638.75,23621.75,23625
1774845600,23625.75,23626,23611.5,23614
1774845900,23615.5,23618.75,23608,23614.75
1774846200,23614,23614,23604,23610.25
1774846500,23610.5,23617.5,23608.5,23611
1774846800,23611,23625.25,23608.5,23620.75
1774847100,23621.25,23642.5,23615.75,23642.25
1774847400,23640.75,23652.25,23623.5,23626.25
1774847700,23626,23642.25,23624.25,23637.5
1774848000,23637.75,23646.5,23631,23640.75
1774848300,23641,23645.75,23627.25,23631
1774848600,23630,23644.25,23625.5,23641.75
1774848900,23644.5,23645,23620.5,23622.75
1774849200,23623.5,23629.25,23617.5,23622
1774849500,23622.5,23632.25,23612.25,23627.25
1774849800,23627.5,23647.5,23625.75,23644.75
1774850100,23645,23645.5,23635,23635
1774850400,23635,23655.75,23626.75,23652
1774850700,23652,23661.25,23644.75,23647.75
1774851000,23647,23648,23635,23642.5
1774851300,23642.25,23662,23642.25,23651
1774851600,23651,23663.25,23648.5,23655.5
1774851900,23656,23674,23652,23657.75
1774852200,23658.5,23675.25,23657.75,23670
1774852500,23671.25,23677,23663,23671.75
1774852800,23671.25,23685,23668,23680.5
1774853100,23679.25,23692,23677,23692
1774853400,23691.25,23705.5,23677.5,23678.75
1774853700,23678.5,23682.5,23671.25,23680
1774854000,23679,23679.75,23653.75,23664.5
1774854300,23663.75,23681.5,23656.5,23677.5
1774854600,23680,23694,23677.25,23679.75
1774854900,23680,23682.25,23666.5,23673.25
1774855200,23673.25,23687.5,23664.5,23667.75
1774855500,23668,23673.25,23653.25,23670.75
1774855800,23671.75,23685,23649.5,23674.5
1774856100,23674.75,23686.5,23662,23668.75
1774856400,23668.25,23679.25,23661.75,23671
1774856700,23669.75,23684.25,23668.75,23683.5
1774857000,23682.5,23703.75,23681.25,23691
1774857300,23690.75,23699.75,23678.5,23686.25
1774857600,23687,23693.5,23663.5,23693.5
1774857900,23692.25,23708.25,23674.25,23696.25
1774858200,23696,23715.25,23693.25,23709.5
1774858500,23710.5,23723.75,23705,23714.5
1774858800,23713.75,23718,23699.5,23703
1774859100,23702.75,23717,23696.25,23716.25
1774859400,23714.25,23731.75,23710.5,23715.25
1774859700,23715,23734.75,23707.75,23724
1774860000,23724.5,23729,23716,23723
1774860300,23723.75,23733.5,23707.25,23727.5
1774860600,23727.5,23731,23722.75,23724.75
1774860900,23726.75,23739,23720.75,23733
1774861200,23733,23739.25,23723.25,23739
1774861500,23738,23740.75,23718.25,23721.75
1774861800,23722.25,23730.25,23708.75,23714.25
1774862100,23712.5,23728,23684.5,23701.5
1774862400,23702.25,23714.75,23694,23706.25
1774862700,23708.5,23710,23696,23698.75
1774863000,23699.75,23706.75,23683.75,23690.75
1774863300,23691.5,23711.25,23679.5,23704.5
1774863600,23703.5,23703.5,23680.75,23687.25
1774863900,23685,23695,23679.75,23687
1774864200,23686.25,23701.5,23681,23688.5
1774864500,23688.75,23699,23681.5,23692.5
1774864800,23693.25,23695.25,23684.5,23688.25
1774865100,23690.5,23705.25,23686.5,23701
1774865400,23701.75,23705.75,23683.25,23689.25
1774865700,23689,23695,23682.25,23689.75
1774866000,23690.5,23699.5,23688.75,23692.75
1774866300,23693.5,23704.5,23691.5,23695
1774866600,23694.5,23695.5,23680.5,23686.75
1774866900,23687,23693.5,23666,23684.75
1774867200,23684.25,23684.25,23662.75,23677.25
1774867500,23676.25,23694.25,23672,23691.25
1774867800,23691,23706.5,23686.25,23696.75
1774868100,23696.75,23700.75,23687.5,23700
1774868400,23701.5,23724,23695.75,23709.25
1774868700,23708.5,23725.5,23706,23718.5
1774869000,23719,23729,23710.5,23720
1774869300,23719.75,23757.5,23713.5,23743
1774869600,23744.25,23760,23734.5,23753.5
1774869900,23752,23863.5,23733.5,23775.5
1774870200,23778.25,23794.75,23739.5,23751.75
1774870500,23752.75,23774.75,23748.75,23758.25
1774870800,23758.75,23763,23745.5,23755.75
1774871100,23756,23762,23746.75,23759.75
1774871400,23757.25,23771.25,23745.5,23761
1774871700,23760.5,23760.5,23737.5,23747.25
1774872000,23749.25,23753.25,23726,23741
1774872300,23741.25,23761,23739,23745.25
1774872600,23745,23761.5,23744,23755.25
1774872900,23756.25,23776,23748,23771.25
1774873200,23770.5,23795.75,23764.5,23789
1774873500,23789.5,23799.5,23783.75,23790.5
1774873800,23790.75,23813.5,23783.75,23797.5
1774874100,23797.5,23807.5,23792.25,23804.5
1774874400,23803,23805.75,23791,23796.5
1774874700,23797,23799.5,23789,23798.75
1774875000,23798.5,23798.5,23779.75,23786.25
1774875300,23786.75,23798,23783.5,23795.5
1774875600,23795.25,23813,23792.75,23792.75
1774875900,23792.75,23799.5,23771.75,23777.5
1774876200,23777.25,23796.25,23776.5,23792.5
1774876500,23792.25,23803.75,23786,23799.5
1774876800,23799.25,23808.5,23793.75,23802.5
1774877100,23802.75,23810.5,23784.75,23799.25
1774877400,23798.25,23827.75,23747,23753.25
1774877700,23753.25,23756.75,23700.5,23715
1774878000,23713.25,23713.75,23664,23683
1774878300,23682.75,23694.5,23642.25,23648.5
1774878600,23648.5,23666,23632.75,23633
1774878900,23632.5,23638.25,23582.25,23591.5
1774879200,23592,23630.25,23587.5,23623.25
1774879500,23623.5,23639.25,23588.25,23636.75
1774879800,23636.25,23672.25,23617.5,23656.5
1774880100,23656.75,23666.25,23606.25,23629.5
1774880400,23628.75,23659.25,23622.25,23646.25
1774880700,23647,23653.75,23604.5,23614.75
1774881000,23614.5,23643.75,23608,23617.5
1774881300,23617,23624,23573.5,23602.75
1774881600,23602.25,23621.5,23551.75,23563.75
1774881900,23563.75,23652.5,23560,23595.5
1774882200,23597,23628,23582.75,23619.75
1774882500,23620,23669,23597.5,23667
1774882800,23667,23704.25,23666.75,23703.75
1774883100,23704.5,23725.75,23625,23631.75
1774883400,23631.75,23650.25,23602,23606.5
1774883700,23607.25,23611,23571.5,23598.25
1774884000,23599,23631.5,23594,23628.5
1774884300,23628.75,23649.5,23616.5,23619.5
1774884600,23618.75,23680.25,23603,23675.75
1774884900,23675.75,23700,23659.5,23663.25
1774885200,23662.5,23696.5,23655,23691.75
1774885500,23693,23696.5,23670.75,23688.75
1774885800,23690.5,23724,23687,23693.75
1774886100,23693.25,23693.25,23658.25,23664.5
1774886400,23664,23669.75,23611.75,23616
1774886700,23616.75,23625.75,23598.25,23612.75
1774887000,23612.75,23636.5,23607.75,23624.25
1774887300,23623.5,23625,23590.25,23598.25
1774887600,23597.25,23611.25,23583,23590.5
1774887900,23590.75,23594.75,23562.25,23564.5
1774888200,23565,23584.5,23556.5,23577.25
1774888500,23578.25,23605,23570.25,23598.25
1774888800,23597.5,23601,23582.5,23590.75
1774889100,23590.25,23596.25,23578,23583.75
1774889400,23583,23601.25,23575.5,23577
1774889700,23577.25,23584.25,23566,23577.5
1774890000,23577.5,23595.75,23549,23553
1774890300,23553.5,23585.5,23550.25,23570.75
1774890600,23571.75,23575.5,23534,23537.75
1774890900,23537.25,23545,23503.75,23525
1774891200,23525.25,23533,23498,23506.25
1774891500,23505.25,23509.75,23481.5,23486.5
1774891800,23485.75,23489.25,23460,23466.5
1774892100,23467,23498.25,23459,23495.5
1774892400,23494.75,23523,23486.75,23517.5
1774892700,23517.25,23543.5,23496,23501
1774893000,23500.75,23515,23490.5,23500.5
1774893300,23500,23503.75,23483,23500.25
1774893600,23500,23502.25,23481.5,23484.25
1774893900,23484.75,23498.25,23462.25,23473.25
1774894200,23473.5,23488.5,23469,23482.5
1774894500,23483.25,23494.25,23469.5,23491
1774894800,23490.75,23499.5,23471,23475
1774895100,23474.75,23476,23443.25,23444.5
1774895400,23444.25,23462.75,23442.5,23457.75
1774895700,23457.5,23484,23448.5,23449
1774896000,23447.5,23457.5,23444.5,23446
1774896300,23446.5,23460,23432,23434
1774896600,23433.25,23434.75,23407.5,23420.25
1774896900,23420.5,23430.25,23404.75,23410.25
1774897200,23410.25,23419.5,23398.75,23408
1774897500,23407.75,23407.75,23364,23365.5
1774897800,23365.5,23368.75,23327.75,23335.5
1774898100,23335.25,23354,23334.75,23342
1774898400,23342,23350.5,23329.25,23334.75
1774898700,23335.25,23338.25,23314,23326.25
1774899000,23326.75,23347.75,23314.5,23319
1774899300,23320.5,23369.25,23319.75,23347.25
1774899600,23348,23377.75,23347.5,23369.25
1774899900,23369,23402.25,23366.25,23389.25
1774900200,23390,23427,23373.25,23424.75
1774900500,23424.75,23454.75,23416.25,23425
1774900800,23425.5,23434,23404.25,23406
1774901100,23405.75,23414.75,23385,23397.75
1774901400,23397,23397.5,23381.25,23383.5
1774901700,23383.75,23394.5,23382,23388.5
1774902000,23388.75,23392.75,23381.25,23383.5
1774902300,23384.5,23393.75,23383.25,23389
1774902600,23389,23392.75,23385.5,23386
1774902900,23385.5,23389.5,23383.5,23388.25
1774903200,23388.75,23396.25,23388.25,23394.75
1774903500,23394.75,23397,23392.25,23394
1774903800,23394.5,23397.25,23389.25,23389.75
1774904100,23390,23397,23388.5,23395.75
1774908000,23409,23434.5,23398.25,23432.75
1774908300,23432.5,23437.25,23410.5,23413
1774908600,23412.5,23414,23400,23407.5
1774908900,23406.75,23420.75,23403.5,23407.75
1774909200,23408.25,23416.75,23404.25,23415.5
1774909500,23415.75,23423,23406,23412.75
1774909800,23412,23414.25,23392.75,23410.75
1774910100,23410.75,23417,23404.25,23409.75
1774910400,23409.5,23413.75,23393.75,23395.5
1774910700,23396.25,23400,23388.75,23396
1774911000,23394.25,23406.5,23393.25,23404.75
1774911300,23405.75,23407.25,23387.25,23389.75
1774911600,23389.5,23389.5,23348,23348.5
1774911900,23349.75,23364.5,23310.75,23329
1774912200,23330,23343.75,23318.75,23335.75
1774912500,23334.5,23345.25,23324.75,23345
1774912800,23343.75,23358.5,23339.25,23346.25
1774913100,23347.75,23353.5,23342,23345.5
1774913400,23346.5,23349.25,23325.5,23329.25
1774913700,23328.75,23343.5,23328.75,23329.5
1774914000,23331,23337.75,23323.75,23330.5
1774914300,23331.5,23331.5,23314.5,23325.25
1774914600,23322.25,23336.5,23317,23322
1774914900,23322.75,23335.5,23312.75,23335.5
1774915200,23335,23372.75,23328.75,23362
1774915500,23362,23363.5,23331.25,23340.25
1774915800,23340,23348.25,23298.25,23310.5
1774916100,23312.5,23317.25,23264.75,23279.75
1774916400,23277.75,23291.75,23251,23270.5
1774916700,23269.75,23304.75,23269,23301.25
1774917000,23301.25,23308.5,23281.5,23289.5
1774917300,23291.25,23387.5,23291.25,23361.5
1774917600,23363,23450.5,23339.75,23449.25
1774917900,23447.5,23573.25,23441.5,23536
1774918200,23535,23546.25,23480,23511
1774918500,23510.25,23521.75,23470.25,23491.75
1774918800,23492.5,23530.75,23477.75,23491.75
1774919100,23492,23497.5,23451.5,23459.25
1774919400,23457,23485.25,23449.75,23478
1774919700,23482.75,23517.5,23475.5,23515
1774920000,23513.5,23569.5,23512.75,23565.25
1774920300,23564.25,23617.75,23562.25,23605.25
1774920600,23604.25,23659.25,23602.5,23656.25
1774920900,23657,23681.5,23644.25,23676.25
1774921200,23677.25,23686.75,23648.5,23653.5
1774921500,23652.25,23655.5,23632.5,23636.75
1774921800,23636.5,23663.75,23631,23648.5
1774922100,23649,23652,23626.25,23628.75
1774922400,23629.5,23633.5,23612.25,23617.5
1774922700,23616.75,23636,23613.75,23625.5
1774923000,23624.75,23631,23618.25,23624.5
1774923300,23625.5,23646.25,23622,23633.75
1774923600,23632.75,23653.75,23625.5,23634.5
1774923900,23637,23645.5,23623.75,23639
1774924200,23636.25,23646.5,23623.75,23629
1774924500,23628.5,23644.5,23626.25,23633.75
1774924800,23633.25,23643.75,23614.75,23640.75
1774925100,23639.75,23648.75,23633.5,23647.75
1774925400,23647,23694.5,23646.75,23668.5
1774925700,23668,23668.25,23635,23635
1774926000,23635.75,23646,23630.25,23645.25
1774926300,23645.5,23686.5,23637.75,23671
1774926600,23670.5,23687,23666.25,23669.75
1774926900,23670.25,23672.75,23644.75,23646
1774927200,23645.5,23653,23639.75,23642.5
1774927500,23641.5,23649.5,23637.5,23640.5
1774927800,23642,23650.25,23630.75,23633
1774928100,23632.75,23633.75,23623.25,23627.25
1774928400,23627.25,23629,23619.75,23620
1774928700,23622,23624.75,23599.5,23608.75
1774929000,23609.25,23633,23609.25,23616.75
1774929300,23617,23618.25,23604.75,23607.75
1774929600,23609,23622,23608.25,23611
1774929900,23610.75,23620,23602.75,23612.75
1774930200,23614.25,23616.5,23608.5,23615.5
1774930500,23614.75,23626,23612.75,23622.5
1774930800,23622,23631.5,23606.75,23613.25
1774931100,23612.5,23612.75,23584.75,23592
1774931400,23589.75,23610.5,23589.75,23601.25
1774931700,23601.25,23603.5,23587,23589
1774932000,23588.5,23599.75,23584.25,23597.5
1774932300,23599.75,23603.25,23572.25,23573.5
1774932600,23574.5,23582,23567.25,23577.5
1774932900,23578,23578.75,23569.75,23573.25
1774933200,23572.5,23575.75,23562.25,23570.75
1774933500,23572,23573.5,23556,23558.75
1774933800,23559.25,23559.25,23536.75,23537.75
1774934100,23539.25,23555.5,23524.5,23549.75
1774934400,23555,23582,23551.75,23580.5
1774934700,23581.75,23593.25,23569.75,23578.25
1774935000,23578.75,23606.75,23569,23596
1774935300,23597.25,23600.5,23583.5,23592.25
1774935600,23590.75,23599.75,23583.5,23598.5
1774935900,23596.25,23622.25,23589.75,23618
1774936200,23619.5,23628,23601.5,23607.75
1774936500,23607.5,23614.5,23596.75,23600
1774936800,23600.75,23602.75,23576.5,23587.25
1774937100,23586.25,23589,23561.25,23565.75
1774937400,23564.5,23572,23556,23565.25
1774937700,23565.25,23584,23560,23581.5
1774938000,23583,23608.5,23576.25,23594.75
1774938300,23596,23599,23569,23578.25
1774938600,23579.5,23592.25,23566.25,23572.75
1774938900,23575,23584,23558.75,23577.75
1774939200,23577.25,23585.25,23554.75,23562
1774939500,23561.5,23567.75,23555.5,23566
1774939800,23567.5,23578.25,23562.25,23576.75
1774940100,23577,23597.5,23573,23581.5
1774940400,23581.75,23589.25,23558,23589.25
1774940700,23590.5,23599,23567.75,23570.75
1774941000,23572.25,23578,23539,23555
1774941300,23555.5,23567.75,23527.75,23530.75
1774941600,23530,23555.75,23528,23550.75
1774941900,23551.25,23570.75,23543.75,23564
1774942200,23564.25,23592,23564.25,23581
1774942500,23579.5,23606.5,23579.5,23605.25
1774942800,23605.75,23630,23602.25,23627.75
1774943100,23628.5,23644.25,23623.25,23628.25
1774943400,23626.75,23639.5,23622,23637.5
1774943700,23634.75,23661,23621,23659.25
1774944000,23659,23673,23630.25,23672.75
1774944300,23672.25,23679.75,23661,23671.25
1774944600,23669.75,23672.5,23629.5,23633.5
1774944900,23634.75,23652.5,23622.5,23636
1774945200,23638.25,23646.5,23617.75,23627.5
1774945500,23628.5,23633.75,23612,23617
1774945800,23617.75,23620,23605.75,23613.5
1774946100,23614.25,23626.25,23603.5,23603.5
1774946400,23604.75,23616.25,23599.5,23604.25
1774946700,23606.25,23618,23590.75,23617
1774947000,23616.5,23627.5,23582.75,23610.25
1774947300,23611,23613.5,23591.75,23602.75
1774947600,23601.25,23630.25,23599.25,23628
1774947900,23627,23641.25,23619.75,23620.25
1774948200,23623,23631.25,23616.25,23623.25
1774948500,23622.25,23635.75,23607.25,23616.75
1774948800,23618,23639.25,23612.25,23638.5
1774949100,23639.25,23640.5,23607.5,23613.5
1774949400,23612.75,23618.5,23593.5,23612
1774949700,23610.75,23626.5,23599.25,23599.25
1774950000,23599,23615.75,23598.75,23608.25
1774950300,23608,23619.75,23596.5,23618.5
1774950600,23616.75,23624.5,23603.75,23604.75
1774950900,23605.5,23607,23583.25,23595.25
1774951200,23596,23621,23593.25,23611.25
1774951500,23609.5,23622,23603.25,23607.25
1774951800,23606,23616.75,23602.5,23609.25
1774952100,23609.5,23613.5,23597.25,23598
1774952400,23596.25,23598.5,23585.5,23595.5
1774952700,23594.75,23608,23590.75,23603.5
1774953000,23604.75,23610.5,23578.5,23582
1774953300,23582.25,23585,23538,23538
1774953600,23540,23546.75,23528,23536.75
1774953900,23536.5,23547.75,23529.5,23542.5
1774954200,23543.25,23570.75,23542,23569.75
1774954500,23568.75,23583,23559.75,23576.25
1774954800,23574,23589,23553.5,23587.5
1774955100,23587.5,23587.5,23561,23564.75
1774955400,23564.75,23687.5,23559.5,23623.75
1774955700,23623.5,23675.5,23612.75,23637.75
1774956000,23638,23653.5,23618.5,23647.5
1774956300,23647.25,23667,23622,23638
1774956600,23638,23648,23617.25,23637
1774956900,23635.25,23651.75,23615.5,23646.5
1774957200,23646.5,23671.5,23630,23671
1774957500,23670.75,23671.25,23627.75,23645
1774957800,23644.75,23651.5,23628.25,23639.25
1774958100,23639,23655.5,23638.75,23649.5
1774958400,23649.25,23680.75,23648,23676
1774958700,23676,23717.5,23663.25,23704
1774959000,23704.25,23706,23618.25,23622.5
1774959300,23620.5,23692.25,23601.5,23670.75
1774959600,23669.75,23671.75,23632.5,23637
1774959900,23637.75,23704.5,23637.5,23692.5
1774960200,23689.75,23703,23680.75,23700
1774960500,23701,23728.75,23692.5,23694.75
1774960800,23695,23713.5,23688.5,23711.75
1774961100,23711.75,23715.75,23683.25,23693.25
1774961400,23691.75,23716.25,23681.75,23699.75
1774961700,23698.5,23700.5,23657.75,23659.75
1774962000,23660.25,23676.75,23646.5,23655
1774962300,23654.5,23678.25,23654.5,23675.5
1774962600,23675.75,23683.25,23664.75,23670.75
1774962900,23670.75,23691,23668.5,23689.25
1774963200,23690,23695,23680,23688.5
1774963500,23688.25,23688.25,23664,23670.25
1774963800,23671.25,23748.75,23668.25,23747.5
1774964100,23746.75,23750.25,23691.25,23733.5
1774964400,23733,23757.75,23696.5,23706.25
1774964700,23706.5,23823.25,23706.5,23820
1774965000,23820.25,23851.5,23788.5,23847.25
1774965300,23844.75,23864.5,23798.75,23854.5
1774965600,23858.5,23870.25,23826.75,23848.25
1774965900,23848.5,23848.75,23786.5,23792.75
1774966200,23792,23828.75,23785.25,23813.5
1774966500,23814,23862,23796,23839.25
1774966800,23840.5,23859.75,23793,23848.25
1774967100,23849,23867.5,23830.25,23857
1774967400,23857.25,23877.25,23831.75,23848.75
1774967700,23848.5,23857.25,23794.5,23808.25
1774968000,23808.5,23827.75,23766.25,23781
1774968300,23781.25,23793.5,23734.75,23738.5
1774968600,23738.25,23743.5,23689.5,23696.75
1774968900,23696.5,23706,23666,23699
1774969200,23698.75,23759.25,23697,23751.75
1774969500,23751.5,23805,23746.75,23766.75
1774969800,23767,23839.5,23758,23833.75
1774970100,23833.75,23848.25,23817.75,23823.25
1774970400,23824,23829,23784.5,23824
1774970700,23824.5,23831.5,23772.75,23781.5
1774971000,23781.5,23784.5,23747.5,23782.75
1774971300,23781.75,23810.25,23780.75,23794.75
1774971600,23795,23797.75,23767,23773.75
1774971900,23772.75,23773.5,23745.5,23764.5
1774972200,23763.75,23799.75,23754.25,23776.25
1774972500,23776.75,23785.25,23731.75,23736
1774972800,23735.75,23797.25,23725.25,23770
1774973100,23771.25,23822.75,23769.5,23813
1774973400,23813,23814.5,23771.25,23804.5
1774973700,23805.5,23837.5,23805.5,23819.25
1774974000,23819.75,23853.25,23809,23852.25
1774974300,23852,23857.5,23829.75,23839.75
1774974600,23839.75,23841.25,23823.25,23834.5
1774974900,23834.25,23959.75,23820.75,23958.25
1774975200,23957,24146.75,23953.25,24067
1774975500,24069,24111.75,23986.25,24050
1774975800,24049.5,24112,24000.75,24059
1774976100,24058.75,24069.75,24021.75,24064.75
1774976400,24065.25,24152.75,24060.5,24130.25
1774976700,24130.5,24132,24050.5,24062.75
1774977000,24063.25,24121.5,24056.25,24118
1774977300,24117.75,24165.5,24115.5,24154.5
1774977600,24154.25,24162,24130.5,24143
1774977900,24142.75,24147.5,24083.75,24094.25
1774978200,24094.75,24153.25,24090,24148.5
1774978500,24147.5,24161.5,24051,24082.5
1774978800,24080.75,24109.75,24052.75,24075.5
1774979100,24074.5,24110,24065.5,24098.75
1774979400,24099.5,24111.75,24076,24085
1774979700,24085,24086.5,24037,24050.5
1774980000,24049.5,24102.5,24049.5,24083.25
1774980300,24082.5,24121.25,24078.75,24109.75
1774980600,24110,24113.5,24079.5,24107.5
1774980900,24107,24129.5,24103.5,24114.75
1774981200,24115,24117.25,24091.25,24095.5
1774981500,24095.75,24138,24083,24116.5
1774981800,24115.75,24125.75,24093.5,24110.5
1774982100,24110,24154,24103,24143.25
1774982400,24142.25,24144,24116,24127.5
1774982700,24126.75,24155,24126.75,24140
1774983000,24140.5,24161.5,24139,24147.75
1774983300,24147.5,24156.5,24142,24145
1774983600,24145.75,24168.5,24143.25,24158.5
1774983900,24158.5,24158.75,24123,24135.5
1774984200,24135,24177,24133.5,24168.75
1774984500,24169,24195.25,24162.25,24173.75
1774984800,24174.75,24202,24172,24186
1774985100,24185.5,24187.25,24164,24172.25
1774985400,24171.5,24192.75,24164.5,24175
1774985700,24174.5,24205.25,24173.25,24199.5
1774986000,24199.25,24210.75,24180.75,24196.75
1774986300,24196.5,24236.25,24188.25,24227.75
1774986600,24228.25,24264.75,24183,24199.5
1774986900,24200.25,24221.5,24171.5,24199.25
1774987200,24199,24217.5,24157.75,24167.5
1774987500,24167,24220.5,24166.5,24212.75
1774987800,24212,24224,24204,24215.75
1774988100,24215,24232,24210,24230.75
1774988400,24230.25,24234,24217,24225.5
1774988700,24225,24233,24216.5,24231.75
1774989000,24232.25,24235,24222.75,24228.75
1774989300,24228.75,24231.25,24210,24219
1774989600,24218.5,24218.5,24196.25,24199.25
1774989900,24198.75,24206.75,24195.75,24202.75
1774990200,24201.75,24202.25,24192.5,24196.75
1774990500,24197.25,24198.25,24184,24195
1774994400,24178.5,24236,24169.5,24208.25
1774994700,24209,24225.75,24202,24204
1774995000,24205,24258.5,24197.25,24252
1774995300,24252,24257.5,24240,24244.25
1774995600,24244.75,24263.5,24223,24248.5
1774995900,24247.5,24257.5,24238.5,24248
1774996200,24248.75,24251.5,24231,24232.75
1774996500,24232.5,24248,24227.75,24245.25
1774996800,24244.5,24263,24244.5,24251
1774997100,24251.5,24254.5,24235.5,24244.25
1774997400,24244,24247,24236.25,24241.5
1774997700,24242.25,24248.75,24239.5,24247.5
1774998000,24246.5,24251.25,24232.5,24242.5
1774998300,24242.5,24253,24238.75,24239.25
1774998600,24240.25,24248.25,24235.75,24243.75
1774998900,24244.25,24259,24237.75,24254.75
1774999200,24255,24258,24244,24257.5
1774999500,24257.25,24274,24252.25,24270
1774999800,24266.5,24286.5,24263.25,24285.5
1775000100,24285.75,24309.5,24283.25,24299.75
1775000400,24299.5,24299.5,24273.75,24276.5
1775000700,24276.5,24286,24271.25,24285
1775001000,24284.25,24314.25,24283,24302.75
1775001300,24304.25,24335.25,24296.75,24327.5
1775001600,24325.75,24337.75,24309.5,24336.5
1775001900,24335.75,24335.75,24311.25,24322.25
1775002200,24320.5,24327.75,24310.25,24324
1775002500,24324.5,24326.5,24302.75,24314.75
1775002800,24314.25,24321.5,24294.75,24316.5
1775003100,24316.5,24320,24302.5,24311.75
1775003400,24311.5,24314,24281.75,24291.75
1775003700,24292.75,24303,24290,24295.5
1775004000,24296.5,24315,24296.5,24311
1775004300,24309.5,24310.5,24301,24307
1775004600,24307,24320.5,24306,24311
1775004900,24312.5,24325.75,24306.25,24325.75
1775005200,24326.5,24331.75,24294.25,24297
1775005500,24297.5,24298.25,24264.5,24286
1775005800,24287,24299,24281,24288.5
1775006100,24288.5,24289,24269.75,24286
1775006400,24288,24292.25,24278.25,24290.5
1775006700,24289.25,24304,24288.25,24299.75
1775007000,24298,24303,24277.5,24278.75
1775007300,24277.75,24284,24271,24276.5
1775007600,24277.75,24282,24256.5,24265.5
1775007900,24265,24269,24257.25,24259.25
1775008200,24258.5,24273.5,24257,24272.75
1775008500,24272.75,24274.25,24264.5,24265.75
1775008800,24267.75,24285.75,24267.75,24279.75
1775009100,24281.5,24282.75,24274.75,24277.25
1775009400,24278,24282,24260.5,24265
1775009700,24264,24271,24257.75,24269
1775010000,24268.5,24269,24259,24265.25
1775010300,24265.5,24266.5,24255,24258.5
1775010600,24258.5,24263,24248.5,24248.75
1775010900,24249.75,24255,24245.75,24254
1775011200,24252.75,24264.5,24250.75,24260.25
1775011500,24261,24273,24257.5,24258.75
1775011800,24259.75,24266.75,24254.5,24264
1775012100,24265,24267.75,24254.5,24255.75
1775012400,24256.25,24267.5,24252.75,24262
1775012700,24262,24278,24261.75,24273.5
1775013000,24273.5,24275.5,24269,24272.5
1775013300,24273.25,24274.25,24264.5,24267
1775013600,24266.5,24270,24258,24258.75
1775013900,24259.5,24267.5,24259,24265.25
1775014200,24266,24276,24266,24272
1775014500,24271.25,24275.5,24266.5,24274.5
1775014800,24275.25,24280.25,24269.5,24277
1775015100,24276.75,24283,24267.25,24272.75
1775015400,24274.25,24275.75,24269,24273.5
1775015700,24273.25,24275.25,24269,24271.25
1775016000,24271.5,24281.75,24271.25,24275.75
1775016300,24275.25,24279.5,24270.25,24276.5
1775016600,24277.75,24278.25,24269.5,24271.75
1775016900,24273.75,24281.75,24268,24277.5
1775017200,24278,24298.5,24275.75,24294.25
1775017500,24293.5,24297.5,24286.75,24297.5
1775017800,24296.5,24301.75,24292.5,24299.75
1775018100,24298.25,24301.25,24289,24295.5
1775018400,24295.5,24297.5,24293,24296.5
1775018700,24296.25,24307.25,24291,24306.5
1775019000,24307,24312,24303.75,24303.75
1775019300,24303.75,24305.25,24295.5,24301.25
1775019600,24303.25,24309,24297,24309
1775019900,24308.75,24324.25,24306.5,24322
1775020200,24323,24334.5,24319.75,24332.5
1775020500,24332.25,24336,24325.5,24332
1775020800,24332.25,24345.75,24328,24343.5
1775021100,24343.75,24363.25,24338.25,24342.5
1775021400,24343,24354,24341.25,24348.5
1775021700,24347,24350.75,24320.25,24337.5
1775022000,24338,24343.25,24334.25,24343.25
1775022300,24342.75,24349.5,24328.75,24345
1775022600,24344.5,24352,24339.25,24339.25
1775022900,24340.75,24342.5,24327.5,24330.75
1775023200,24331,24350.75,24328.5,24330.5
1775023500,24330.25,24356.75,24329,24344.25
1775023800,24344.5,24370.75,24342.75,24368.75
1775024100,24368.25,24397.5,24365.25,24383.75
1775024400,24383.5,24402.5,24381.25,24397.75
1775024700,24397.25,24416.25,24391,24408.75
1775025000,24408,24450.25,24402.25,24444
1775025300,24443,24457,24436.75,24442.5
1775025600,24443.25,24458.25,24434.25,24455.75
1775025900,24457.75,24466.25,24444.25,24450.75
1775026200,24451.25,24462,24443.5,24458.5
1775026500,24458.5,24463.75,24454,24458.5
1775026800,24459,24470.75,24442,24443.75
1775027100,24445,24454.5,24436.5,24451.25
1775027400,24451.75,24453,24430.75,24438.5
1775027700,24438.5,24441,24431,24433.5
1775028000,24432.5,24434.75,24420.5,24427.25
1775028300,24428.5,24439.25,24424,24437
1775028600,24437.25,24453,24431,24445.75
1775028900,24447,24468.75,24446.75,24455.25
1775029200,24454.25,24458.25,24438.25,24456.75
1775029500,24456.75,24458.5,24414.5,24416.25
1775029800,24416,24419.25,24371.5,24385
1775030100,24385.75,24393.75,24361.75,24368.75
1775030400,24368.25,24383.5,24349.25,24373.25
1775030700,24372.25,24374.5,24340.5,24343.5
1775031000,24343,24347.5,24323,24338
1775031300,24338,24363,24332.75,24361.25
1775031600,24359.25,24377.25,24357,24374.75
1775031900,24375.25,24396,24360.5,24370.75
1775032200,24372,24387.75,24370.5,24382.75
1775032500,24382.25,24384.5,24366.75,24380.25
1775032800,24381.5,24387.25,24367.25,24381.5
1775033100,24379.75,24383.5,24366,24377.25
1775033400,24376.5,24392,24316.25,24362.75
1775033700,24362.75,24378,24342.5,24361.25
1775034000,24361.5,24374,24347.75,24352.25
1775034300,24354.25,24359.75,24331.5,24334.25
1775034600,24335.75,24337.75,24318.25,24327.5
1775034900,24328.25,24333.75,24311,24316.5
1775035200,24315.25,24319.75,24293,24306
1775035500,24304.75,24322.5,24304.75,24319
1775035800,24318.75,24335,24318.5,24330
1775036100,24330,24344.75,24327.5,24336.25
1775036400,24338.5,24341.75,24330,24338.75
1775036700,24339.75,24364.75,24338.5,24364.25
1775037000,24364.25,24375.5,24359,24362.75
1775037300,24364,24380.25,24345.25,24357.5
1775037600,24360.25,24377,24348,24352.25
1775037900,24351.25,24362,24344.25,24345
1775038200,24344.5,24368.5,24340.25,24359.75
1775038500,24359.75,24370.75,24355.75,24362
1775038800,24362.5,24376.5,24360.5,24363.75
1775039100,24364.5,24364.75,24346.25,24356.75
1775039400,24359,24373.75,24352,24355.25
1775039700,24354.25,24375.75,24353,24373
1775040000,24371,24384,24370.75,24380.25
1775040300,24379.25,24421,24378.75,24421
1775040600,24421.25,24429.5,24409.25,24417.75
1775040900,24417.25,24427,24400.25,24416.5
1775041200,24418,24438,24413,24435
1775041500,24434.75,24440,24427.75,24435.5
1775041800,24434,24448,24429.5,24445.25
1775042100,24445.25,24451.75,24432.5,24445.75
1775042400,24446.75,24448.5,24431.75,24442.5
1775042700,24442.5,24455.5,24438,24440
1775043000,24440.75,24453,24435.5,24451.5
1775043300,24451.5,24474.25,24450,24470.25
1775043600,24471.5,24477.5,24456.5,24468.25
1775043900,24468.25,24474.25,24459.5,24472.25
1775044200,24471.5,24491,24468.75,24478.5
1775044500,24479.5,24494.5,24478,24480.5
1775044800,24479.25,24483.5,24463.75,24467.75
1775045100,24466.75,24486,24461.25,24466.5
1775045400,24466,24468,24452,24456.75
1775045700,24456.25,24466.25,24453.5,24460.25
1775046000,24459.75,24460.5,24429.5,24436.5
1775046300,24437,24440,24413,24431.25
1775046600,24433.75,24451.25,24419.25,24429.5
1775046900,24429.25,24437.5,24394.25,24399.5
1775047200,24400.25,24535.5,24395.25,24471.75
1775047500,24476.25,24524.25,24362.25,24374.5
1775047800,24374,24392.25,24341.25,24348.5
1775048100,24350,24366.25,24339.5,24351.75
1775048400,24350.5,24358.75,24331.5,24340.75
1775048700,24340.5,24344,24325.5,24341.75
1775049000,24341.75,24373.25,24339.25,24356
1775049300,24355.75,24381.5,24350.5,24376.75
1775049600,24376.5,24378.75,24343.5,24371.75
1775049900,24373,24391,24360,24377.75
1775050200,24377.25,24452,24332.75,24447
1775050500,24446,24484.25,24425,24477
1775050800,24476.5,24476.5,24358,24385.75
1775051100,24384.25,24412.5,24348.25,24365.5
1775051400,24364.5,24432,24354.5,24388.75
1775051700,24388.25,24418,24373,24410.25
1775052000,24411.25,24457.25,24398.25,24437.5
1775052300,24438,24467.5,24410.5,24449.5
1775052600,24449.25,24458,24421.25,24455.25
1775052900,24454.75,24477.5,24441.5,24468.25
1775053200,24468,24500.25,24445,24465.5
1775053500,24466,24487,24461.25,24477
1775053800,24476.25,24506.5,24441.25,24448.25
1775054100,24446.75,24534,24420.5,24502.75
1775054400,24503,24512.25,24457.75,24495
1775054700,24495.75,24532,24465.5,24523.25
1775055000,24523,24549.5,24503.75,24536
1775055300,24536.5,24559.5,24521.5,24549.5
1775055600,24549.75,24571.5,24541.25,24551
1775055900,24550.5,24576.25,24545,24571.75
1775056200,24572,24572.75,24551.5,24555.75
1775056500,24556.25,24569.25,24545.75,24567.5
1775056800,24567.25,24574.25,24550.5,24558
1775057100,24558.25,24568.75,24538,24539.5
1775057400,24539,24556.25,24519.25,24550
1775057700,24550,24580,24548.5,24572.25
1775058000,24572,24582.5,24554.5,24580
1775058300,24579.5,24591.5,24570.75,24578
1775058600,24578.25,24595.5,24571,24590.5
1775058900,24590,24616.5,24588.5,24602.75
1775059200,24603.5,24612.25,24593.5,24603.75
1775059500,24604.25,24615.5,24596.25,24613.75
1775059800,24613.75,24615.75,24586,24591.25
1775060100,24590.75,24619.25,24584,24612.75
1775060400,24612.25,24612.75,24599,24599.75
1775060700,24600.5,24610.5,24591,24594.25
1775061000,24594.25,24599.75,24577.75,24596.25
1775061300,24595.5,24610,24595.25,24600.75
1775061600,24600.25,24617.25,24599.5,24615
1775061900,24614.75,24618,24602.25,24613.25
1775062200,24614.5,24620.25,24610.5,24615.5
1775062500,24614.75,24618,24606.25,24608.25
1775062800,24609.25,24637.75,24603.75,24630.75
1775063100,24630.75,24637.5,24625.25,24627.75
1775063400,24628,24634.75,24624.5,24631.5
1775063700,24631.5,24636.25,24624.75,24628.5
1775064000,24628,24635.25,24619.75,24628
1775064300,24628.25,24629.5,24618.5,24621
1775064600,24621,24630.5,24595.5,24597
1775064900,24597,24618.5,24596,24610.75
1775065200,24610,24618.75,24594,24600.75
1775065500,24600.25,24605.25,24589,24593.75
1775065800,24593.25,24599,24582.75,24587.75
1775066100,24587.75,24592.25,24555,24556.25
1775066400,24556.25,24563,24504.75,24519
1775066700,24518.5,24536.25,24512.25,24523
1775067000,24523.25,24536.75,24514.5,24516.5
1775067300,24516.5,24516.5,24462.25,24477
1775067600,24477.5,24486.5,24430.75,24441.25
1775067900,24442,24471,24430,24443.5
1775068200,24443.5,24452.25,24425.75,24433.25
1775068500,24432.75,24463,24414,24451.5
1775068800,24451.25,24494.25,24450,24470
1775069100,24469.5,24475.75,24446,24459.25
1775069400,24458.5,24463.25,24436.75,24456.75
1775069700,24456.5,24458,24440.25,24448.5
1775070000,24448.5,24477.25,24443.25,24463.75
1775070300,24463.75,24491.5,24462.75,24483.25
1775070600,24483.25,24489.5,24463,24482.5
1775070900,24482.5,24502.5,24471.5,24500.25
1775071200,24501,24510.5,24489.25,24506.75
1775071500,24506.75,24535.25,24505.75,24523.25
1775071800,24523.5,24532.5,24497.75,24509.75
1775072100,24509.5,24523.5,24491.5,24517.75
1775072400,24518.25,24545.25,24515.75,24519
1775072700,24518.25,24533,24512.25,24524.5
1775073000,24523.75,24530.25,24481.75,24495
1775073300,24494.75,24503,24461,24490.25
1775073600,24490.5,24505.25,24469.75,24475.5
1775073900,24475.5,24489,24473.5,24481.5
1775074200,24481.5,24494.25,24478.25,24493.75
1775074500,24494.25,24495.5,24481.5,24493
1775074800,24493.25,24493.25,24479,24480.75
1775075100,24481,24481,24466,24469.5
1775075400,24470.75,24479.5,24466.75,24477.25
1775075700,24477.5,24486.25,24476.25,24484
1775076000,24483.75,24485.25,24478.25,24479.5
1775076300,24479,24485,24477.5,24485
1775076600,24483.75,24490.25,24480.25,24487.75
1775076900,24488,24492,24474.5,24476.75
1775080800,24469.5,24495.5,24463.5,24488
1775081100,24488,24489.25,24471.75,24482.75
1775081400,24484.5,24485.75,24462.5,24475.75
1775081700,24476,24478.25,24465.25,24468.5
1775082000,24467.5,24487.25,24457,24475.75
1775082300,24474.5,24484.25,24469.75,24484
1775082600,24482.75,24483.25,24471,24481.25
1775082900,24480.75,24485.25,24476.75,24482.75
1775083200,24482.75,24491.25,24481.25,24485
1775083500,24485.25,24486.25,24474,24474.5
1775083800,24475,24476,24447.5,24454
1775084100,24452.75,24465.75,24448.5,24460
1775084400,24460,24464.5,24453,24464.5
1775084700,24463.75,24480.25,24463.25,24477.5
1775085000,24477.5,24493.25,24469.75,24489
1775085300,24490,24492.5,24480.5,24480.5
1775085600,24481.25,24490.75,24477.5,24488
1775085900,24486.75,24492.25,24481.75,24491
1775086200,24488,24490,24480.25,24484.25
1775086500,24483.5,24485.25,24473.75,24479.5
1775086800,24479.5,24483.75,24474,24483.25
1775087100,24484,24489.5,24478.5,24482.25
1775087400,24483.75,24487,24448.75,24479.25
1775087700,24479.25,24481.25,24469.5,24473
1775088000,24472.5,24474.5,24448.75,24457.75
1775088300,24458.5,24467.75,24450,24461.25
1775088600,24461.25,24469.25,24446.25,24458.25
1775088900,24458.5,24476.25,24449.5,24461.75
1775089200,24462.5,24471.75,24450.5,24455.75
1775089500,24456.75,24464.5,24447.75,24453
1775089800,24454,24472.25,24444,24466.5
1775090100,24464.25,24474.5,24451.5,24468
1775090400,24468,24519.25,24463.75,24514.5
1775090700,24515.25,24519.25,24503,24510
1775091000,24510.5,24517.25,24497.75,24508.5
1775091300,24508,24535.25,24497,24525.75
1775091600,24525.5,24529.5,24401,24439.25
1775091900,24441.75,24441.75,24373.25,24431.75
1775092200,24433.5,24524.5,24413.5,24430.75
1775092500,24429.25,24438.25,24271,24286.25
1775092800,24286.5,24351,24264.75,24285.75
1775093100,24284,24295.75,24251.5,24262.5
1775093400,24264.25,24268.25,24204.5,24231.75
1775093700,24230.5,24264.25,24227.75,24258.75
1775094000,24257.75,24265.5,24234.5,24240.25
1775094300,24238.25,24240.75,24202,24231.75
1775094600,24230.25,24249.5,24219,24234
1775094900,24234.25,24251.75,24222.5,24228
1775095200,24230,24241,24221,24232.5
1775095500,24233.5,24256.5,24201,24212.25
1775095800,24211.5,24213.25,24151.5,24163.75
1775096100,24164.5,24193.75,24162.5,24182.5
1775096400,24182.25,24183.75,24163.75,24179.75
1775096700,24179.5,24182,24155.5,24157.5
1775097000,24157.75,24169.75,24149.75,24167.75
1775097300,24170.5,24174,24145.5,24150.5
1775097600,24150.75,24165,24146.5,24162
1775097900,24160.75,24176.75,24152.75,24161.25
1775098200,24161.25,24178.25,24159,24168.25
1775098500,24169.25,24184.25,24167,24174.25
1775098800,24175,24175,24141.25,24151.25
1775099100,24151.25,24167,24148.75,24161.25
1775099400,24160.25,24166.75,24152.5,24161.5
1775099700,24162.25,24174,24160.25,24169.25
1775100000,24169.25,24183.25,24162,24182
1775100300,24183,24184.25,24165.75,24169.25
1775100600,24169,24174.25,24152.25,24159
1775100900,24158,24162,24128.75,24138.75
1775101200,24136.75,24148.25,24117.5,24135.75
1775101500,24136,24137.75,24115.5,24116.75
1775101800,24117,24124.75,24106.5,24109.75
1775102100,24107.75,24116.5,24104.5,24111
1775102400,24111.25,24127.5,24111.25,24117
1775102700,24117.5,24118.5,24098.75,24108.75
1775103000,24107.75,24122.75,24102,24111.25
1775103300,24112.25,24130.75,24112.25,24122.5
1775103600,24120.25,24123.5,24107.25,24113
1775103900,24110.75,24114.25,24101.75,24108.5
1775104200,24108.5,24118,24103.25,24108.5
1775104500,24108.25,24109,24093.5,24097.5
1775104800,24096.5,24104,24089.75,24103.25
1775105100,24102,24108.25,24092.5,24097.25
1775105400,24098.75,24102.75,24084.5,24084.75
1775105700,24086.5,24098.75,24085.5,24092.5
1775106000,24094.75,24115.5,24094.75,24101.75
1775106300,24102.5,24110.25,24094.5,24099.25
1775106600,24100,24108.75,24092.25,24096.75
1775106900,24095.25,24104.75,24088,24092.25
1775107200,24090.5,24099.5,24085,24091.5
1775107500,24091.5,24105,24082.75,24104.25
1775107800,24104.75,24116.5,24083.5,24087.75
1775108100,24087,24092.5,24074,24081.5
1775108400,24082.25,24086.75,24064.75,24071.25
1775108700,24073.25,24075,24047.5,24050.25
1775109000,24051.5,24063,24046.25,24056
1775109300,24055.75,24057.25,24043.25,24045.5
1775109600,24047,24065.75,24047,24065.75
1775109900,24063.25,24082.75,24060.5,24068.75
1775110200,24068.5,24068.5,24042,24050
1775110500,24049.25,24063.5,24043.75,24058.5
1775110800,24059.5,24078.25,24059.25,24074
1775111100,24073.5,24085.25,24069.5,24078.75
1775111400,24078.5,24088,24073.5,24080.25
1775111700,24078.75,24091.25,24072.75,24089.5
1775112000,24087.25,24095,24076.75,24083.25
1775112300,24082.5,24082.5,24072.75,24078
1775112600,24079,24101.25,24077.5,24093.5
1775112900,24093,24108.5,24088.25,24105
1775113200,24105.25,24114.5,24095.5,24109.5
1775113500,24109.75,24126.25,24101.25,24107
1775113800,24106.25,24115,24095,24109.25
1775114100,24108,24128.25,24106.75,24117.5
1775114400,24118,24120,24084.75,24086.25
1775114700,24085.25,24118.5,24084.75,24112.5
1775115000,24113.5,24122.75,24108.5,24119.75
1775115300,24119,24140,24115.75,24133
1775115600,24132,24141.25,24125.5,24131.5
1775115900,24132.5,24149.75,24132.25,24147.75
1775116200,24148.25,24156,24138.5,24154
1775116500,24154,24171.5,24147.75,24168.75
1775116800,24168,24171.25,24139.75,24146.25
1775117100,24145,24145,24131.25,24138.5
1775117400,24138,24142,24129.5,24133.25
1775117700,24132.75,24144.5,24121.25,24125.25
1775118000,24124.75,24130.5,24112.75,24120.25
1775118300,24119.5,24130.75,24113,24128
1775118600,24126.75,24149.25,24126.5,24142.25
1775118900,24142.75,24148.75,24129.5,24143
1775119200,24142.75,24159.5,24134.5,24135.25
1775119500,24138,24147.5,24132.25,24136.75
1775119800,24136.5,24138.75,24122.75,24135.5
1775120100,24133.75,24138.5,24121,24124.25
1775120400,24124.75,24137.75,24118.5,24126
1775120700,24125.25,24129,24116.5,24120
1775121000,24118.5,24122,24113.25,24116.75
1775121300,24117.5,24131,24115,24120.75
1775121600,24119.25,24138.25,24116.25,24136.25
1775121900,24136.5,24149.5,24135.5,24137.5
1775122200,24139,24139.75,24119,24119.5
1775122500,24120.5,24123.25,24110.25,24118
1775122800,24116.5,24122.25,24113.25,24116.5
1775123100,24116.25,24121.5,24108,24116.75
1775123400,24114.5,24128,24114.5,24123
1775123700,24122.75,24128.5,24110.5,24119.75
1775124000,24121,24122,24103,24117.25
1775124300,24117.25,24130.25,24098.5,24106.25
1775124600,24105.75,24109,24074.5,24077
1775124900,24078,24085.5,24065.5,24073.5
1775125200,24074,24079.75,24066.25,24072.5
1775125500,24073.5,24081,24069.75,24071
1775125800,24071,24087.25,24064.5,24085.75
1775126100,24086.25,24098,24077.25,24078.25
1775126400,24078.75,24107,24076.25,24096.5
1775126700,24096.5,24106.25,24093.5,24100.25
1775127000,24099.75,24101,24086,24090.25
1775127300,24087.5,24108.75,24087.5,24102.75
1775127600,24101.25,24111.5,24092,24094.5
1775127900,24093,24094.25,24056.5,24058.75
1775128200,24059.75,24062.75,24046.75,24048.5
1775128500,24048.25,24050.5,24019.5,24034.5
1775128800,24034.75,24042.75,24028.5,24035
1775129100,24034,24035.25,24013,24015.75
1775129400,24017.25,24039.5,24010,24023
1775129700,24024,24028.5,24000.75,24002.25
1775130000,24001,24006.5,23990.25,23998.25
1775130300,23999.75,24008,23991.25,24004.25
1775130600,24003.25,24021,23999.5,24019.75
1775130900,24019.25,24019.75,23971.5,23972.25
1775131200,23973.5,23985.5,23962,23983
1775131500,23983.5,23990,23967.25,23973
1775131800,23972.25,23983.5,23955.5,23980.25
1775132100,23980.75,23996,23974.75,23991.5
1775132400,23990.5,24023.5,23988.25,24022.25
1775132700,24021.5,24022.5,23999.75,24016.5
1775133000,24015.5,24030.5,24001.5,24024.5
1775133300,24024.75,24036.75,24015.25,24034.25
1775133600,24034.25,24037.5,24021.25,24032
1775133900,24032,24045,24020.5,24041.75
1775134200,24041.5,24047.25,24032.75,24040.75
1775134500,24042,24043.75,24012,24015
1775134800,24014.75,24032,24004,24016.25
1775135100,24016.25,24040.5,24011,24019.25
1775135400,24019.5,24023.25,23996.75,24010.75
1775135700,24010.75,24028.75,24008,24014.75
1775136000,24015,24038,24011.75,24015.25
1775136300,24015,24057.25,24007.25,24052.25
1775136600,24053,24108.25,24052.25,24078.5
1775136900,24077.5,24077.75,23976.5,23978.5
1775137200,23978.75,24029.5,23967.5,24000.25
1775137500,24001.75,24081.75,23984.75,24059.75
1775137800,24060,24152.75,24050.5,24134.75
1775138100,24135.25,24197.75,24126,24187.5
1775138400,24187.25,24210.75,24154.5,24168
1775138700,24168.75,24235.5,24148.5,24220.75
1775139000,24219.75,24254,24201.75,24223.75
1775139300,24223.5,24286.75,24218.75,24267.5
1775139600,24267,24293.75,24256,24268
1775139900,24268,24272,24227.75,24231.5
1775140200,24231,24319.75,24221.25,24306.5
1775140500,24307.75,24556.25,24304,24499.75
1775140800,24499.25,24505,24411.75,24490.5
1775141100,24490.5,24501,24406,24409
1775141400,24409,24441.5,24374.25,24429.75
1775141700,24428.75,24491.5,24425.5,24464.5
1775142000,24464,24467.75,24394.5,24454.5
1775142300,24453.75,24461.75,24412.25,24452
1775142600,24452.5,24504,24442.5,24470.5
1775142900,24470.25,24494,24442.5,24471.5
1775143200,24472,24472.5,24409.5,24446
1775143500,24446,24492.5,24417.25,24470.25
1775143800,24471,24479,24428,24456.25
1775144100,24456.75,24503,24449.75,24475.25
1775144400,24474.75,24485.5,24437.75,24477.25
1775144700,24477.5,24477.5,24423.5,24428
1775145000,24428.25,24445,24378.5,24436.75
1775145300,24435.75,24450.75,24409.25,24425.5
1775145600,24425.5,24455.75,24405.25,24415
1775145900,24415,24427.25,24372,24406.75
1775146200,24406.25,24417.75,24384.5,24401
1775146500,24401.5,24415.5,24362.75,24364.5
1775146800,24364.25,24390.25,24347,24364.75
1775147100,24364.5,24399.25,24355.25,24376.25
1775147400,24374.75,24427.25,24363.25,24410.5
1775147700,24410.25,24422.5,24358.5,24391.75
1775148000,24390.75,24466.5,24389.25,24434.75
1775148300,24436,24450.5,24415.75,24431.75
1775148600,24431.25,24448.5,24417.25,24439.75
1775148900,24439.5,24440,24408.25,24410.5
1775149200,24410,24425,24388,24418.25
1775149500,24417.75,24428.75,24404.5,24416.25
1775149800,24417,24457,24407,24445.5
1775150100,24444.5,24470,24440.25,24453.75
1775150400,24453.5,24469,24444.75,24462
1775150700,24463.25,24472.25,24452,24454.25
1775151000,24454,24459,24432.5,24440
1775151300,24439.25,24440.75,24421.25,24436.75
1775151600,24436,24443.5,24414,24427.5
1775151900,24427.75,24429.5,24361,24363.5
1775152200,24363.25,24385.25,24353,24383.5
1775152500,24383.75,24393.75,24365.25,24380.25
1775152800,24380.75,24412.5,24380.5,24412
1775153100,24411.75,24434.25,24406.25,24418
1775153400,24418,24432.25,24410.5,24414.75
1775153700,24415.25,24427.25,24402.25,24415
1775154000,24414.75,24419.25,24404.5,24404.5
1775154300,24404.75,24405.25,24388.75,24396.5
1775154600,24397.25,24409,24390.5,24406
1775154900,24405,24411,24390.75,24397.25
1775155200,24397.25,24437.5,24396,24427.75
1775155500,24428.5,24439.5,24421.25,24432.75
1775155800,24433.5,24454.5,24426.25,24443.25
1775156100,24443.25,24443.75,24425.75,24430
1775156400,24430.5,24447,24427.75,24437.75
1775156700,24437.25,24456.25,24436.25,24451
1775157000,24452,24471.5,24446.75,24452
1775157300,24451.5,24457,24432.25,24441
1775157600,24441.75,24455.25,24424.5,24438.25
1775157900,24437,24438,24424.5,24436
1775158200,24436,24445.25,24426.25,24434.25
1775158500,24434,24450.25,24432,24449.25
1775158800,24449,24458,24432.25,24433.25
1775159100,24433.25,24445,24427.5,24439.5
1775159400,24440,24496.25,24440,24491.75
1775159700,24491.5,24515.25,24486.25,24510.25
1775160000,24510.25,24519,24497.5,24503.25
1775160300,24504.25,24505,24489.25,24490.5
1775160600,24490.75,24504,24490,24502.25
1775160900,24502.25,24507,24494.5,24497.75
1775161200,24497.25,24502.25,24491.5,24499.75
1775161500,24499,24523.25,24496.25,24515.5
1775161800,24514.5,24518.25,24496.5,24499
1775162100,24498.75,24502.25,24493,24499.75
1775162400,24498.75,24505.5,24495.25,24504
1775162700,24504.5,24511.5,24503.5,24504.5
1775163000,24504.75,24505.25,24497.75,24501.5
1775163300,24501.25,24509,24497.25,24509
1775167200,24509,24509,24482,24488.25
1775167500,24488.25,24495,24484,24492
1775167800,24489.5,24494.25,24483.75,24486.25
1775168100,24485.25,24507,24477.25,24478.25
1775168400,24477.5,24493.25,24467,24486
1775168700,24487,24507.75,24482.5,24495
1775169000,24495,24508.25,24494.75,24502
1775169300,24502,24505.5,24490.5,24497
1775169600,24496.5,24504.25,24492,24494.5
1775169900,24492.5,24497.25,24489.5,24495
1775170200,24495.75,24498.25,24492.25,24496.25
1775170500,24496.5,24497,24490.75,24493
1775170800,24492.5,24492.5,24478.5,24487
1775171100,24485.75,24488,24482.5,24483.5
1775171400,24483.75,24486.5,24480.5,24484.25
1775171700,24485.25,24490,24483.75,24485.75
1775172000,24485.75,24492.75,24485,24487
1775172300,24489,24501.75,24487.5,24498.25
1775172600,24498.5,24506.25,24494.75,24502
1775172900,24502.75,24505,24497,24500.25
1775173200,24500.5,24506.25,24500.5,24502.5
1775173500,24502.5,24504,24497,24502
1775173800,24501.75,24501.75,24494.25,24496.75
1775174100,24498,24504.5,24496,24502.75
1775174400,24504.25,24544.5,24504.25,24535.75
1775174700,24533.5,24537,24520.25,24522
1775175000,24520.5,24532.5,24518.25,24529.75
1775175300,24528.5,24528.5,24511.5,24514.75
1775175600,24513,24520.75,24509.25,24517.5
1775175900,24517.75,24529.75,24514,24526
1775176200,24526.5,24529.5,24517.25,24525.5
1775176500,24524.75,24527.25,24504.25,24507.25
1775176800,24508,24513.25,24502.75,24508.5
1775177100,24507.5,24511.25,24502,24508
1775177400,24508.75,24513.25,24505,24506
1775177700,24506,24517,24506,24514.75
1775178000,24515.5,24516,24508.75,24514.25
1775178300,24513.5,24521.25,24511.25,24515.5
1775178600,24515.75,24515.75,24496.25,24500.5
1775178900,24500.75,24512,24498.25,24505.75
1775179200,24507,24510.75,24501.75,24503.75
1775179500,24504.25,24509.5,24502.5,24507
1775179800,24507,24509.5,24495.5,24496
1775180100,24496.75,24505.5,24496.75,24500.25
1775180400,24500.5,24501.25,24495,24497
1775180700,24497.5,24497.75,24490.75,24494.25
1775181000,24495.75,24498,24492.25,24495.5
1775181300,24495.25,24497,24485.25,24486.25
1775181600,24485.5,24489,24485,24487.5
1775181900,24487.25,24487.5,24480.75,24485
1775182200,24486.5,24490.75,24485.75,24489.5
1775182500,24489.25,24495,24486.75,24493.5
1775182800,24494,24494.5,24471.5,24477
1775183100,24477,24477,24451.75,24458.5
1775183400,24458.5,24461.5,24446.75,24454
1775183700,24454.5,24461.25,24450.75,24452.5
1775184000,24453.25,24460.25,24444.5,24458
1775184300,24458.25,24459.5,24443.5,24447.5
1775184600,24449,24487.25,24440,24471.5
1775184900,24469.75,24478.5,24466.25,24470.75
1775185200,24469.75,24475.25,24467.5,24473.5
1775185500,24473.5,24482,24471.75,24475
1775185800,24474.5,24477.75,24466,24468.75
1775186100,24469.5,24477,24467.5,24471.75
1775186400,24472.5,24476.25,24467.75,24469
1775186700,24468.75,24469.75,24459.75,24462.25
1775187000,24462,24469.25,24461.25,24461.75
1775187300,24463.5,24466,24455,24460
1775187600,24459,24459.25,24450.5,24453.75
1775187900,24453,24458.25,24452.75,24457.75
1775188200,24456.75,24463.25,24456,24461.5
1775188500,24458,24461.25,24455.25,24456.75
1775188800,24455.75,24465.5,24454.5,24464.5
1775189100,24463.75,24468.5,24458.25,24463.75
1775189400,24464.75,24466,24461.5,24464
1775189700,24465.5,24472.5,24465.25,24468.5
1775190000,24467,24471.5,24461.75,24465.75
1775190300,24466.75,24470,24465.75,24466.5
1775190600,24466.75,24469,24464,24468.5
1775190900,24467,24467.25,24460.25,24460.25
1775191200,24461.25,24463.25,24446.75,24449.25
1775191500,24448.75,24465,24448.75,24460.75
1775191800,24460,24466,24457.75,24459
1775192100,24460.75,24461.25,24455.75,24455.75
1775192400,24457,24466.25,24451.75,24463.75
1775192700,24464.25,24480.5,24464.25,24474.5
1775193000,24474.25,24474.25,24464.25,24468.25
1775193300,24467.75,24469,24454.75,24459.25
1775193600,24459,24461.25,24448.75,24451.5
1775193900,24453.25,24462.75,24452.5,24458.25
1775194200,24459.75,24472.5,24459.75,24469.5
1775194500,24469.5,24475.75,24468.25,24475.75
1775194800,24475.75,24480.75,24473,24477.75
1775195100,24478.5,24483,24474.5,24478.25
1775195400,24480.25,24480.5,24469.75,24472.5
1775195700,24470.5,24472.5,24466.75,24470.25
1775196000,24472.5,24473.75,24465,24469.75
1775196300,24471.75,24471.75,24465.5,24468.75
1775196600,24469,24470,24466.5,24468.5
1775196900,24468.25,24471.25,24466.5,24469.25
1775197200,24469,24471.25,24467.25,24469
1775197500,24467.75,24470.5,24457.25,24461
1775197800,24460.75,24461,24435.25,24442.25
1775198100,24444.5,24448.5,24441.75,24441.75
1775198400,24443.25,24449.25,24442,24442.25
1775198700,24441.75,24454.25,24441.25,24447.5
1775199000,24447.5,24449.25,24429.75,24433.5
1775199300,24433.25,24443,24428.75,24442.25
1775199600,24442.25,24443.75,24425,24426.75
1775199900,24426,24426.25,24413.5,24413.75
1775200200,24413.5,24423.5,24409.5,24417
1775200500,24418,24431.25,24416,24429.25
1775200800,24428.75,24432.25,24420.5,24428.75
1775201100,24430,24440,24430,24439.25
1775201400,24439.5,24448.75,24439.5,24444.25
1775201700,24445,24453,24443.5,24445
1775202000,24444.25,24452.5,24444,24448
1775202300,24449.25,24450,24440.5,24440.75
1775202600,24442.25,24449.25,24438.75,24447.5
1775202900,24447,24448,24441.5,24444.75
1775203200,24443.75,24457,24442.25,24453.25
1775203500,24453,24453.75,24444.5,24451.25
1775203800,24449.5,24452.75,24446.75,24447.75
1775204100,24448.75,24450.75,24443.75,24444.5
1775204400,24442.75,24444.25,24431.5,24436.75
1775204700,24436.75,24442.25,24435,24435.75
1775205000,24435.75,24448,24431.75,24443.5
1775205300,24444,24445.25,24440.25,24440.25
1775205600,24440.25,24442.75,24437.5,24440.75
1775205900,24439.75,24443.25,24438.5,24442.75
1775206200,24444.5,24447.75,24440.75,24441.25
1775206500,24441.25,24442,24436.25,24438.5
1775206800,24440,24443,24434,24435.25
1775207100,24436,24438.5,24432.5,24433.75
1775207400,24433,24433.5,24423,24425.5
1775207700,24426.75,24437,24421.25,24436.25
1775208000,24437.25,24439.75,24427.25,24431.75
1775208300,24430.25,24435.25,24428.75,24433.5
1775208600,24434.75,24437.5,24432.5,24435.25
1775208900,24433.25,24438.25,24431,24434.25
1775209200,24433.5,24437.25,24430.75,24431.75
1775209500,24430.75,24434,24428.75,24433.5
1775209800,24433.75,24435.5,24430.75,24434.5
1775210100,24432.75,24433,24429.5,24429.75
1775210400,24429.75,24433,24423.75,24430
1775210700,24431.75,24434.5,24426.75,24428.75
1775211000,24429,24429.5,24415.5,24423.5
1775211300,24425.25,24433,24421,24424.75
1775211600,24426.5,24433.75,24425.5,24428.75
1775211900,24429.5,24433,24421.5,24424
1775212200,24423.25,24427,24418.5,24424.25
1775212500,24424.5,24425.5,24420.5,24423
1775212800,24422.25,24431.25,24422.25,24426.25
1775213100,24426.5,24433.75,24426.5,24431.5
1775213400,24430.75,24433.5,24429.5,24432.5
1775213700,24432.25,24433.25,24428,24428
1775214000,24429.25,24430,24422,24423.25
1775214300,24422.5,24422.5,24403.75,24411.75
1775214600,24413.25,24424.5,24413.25,24420.25
1775214900,24418.5,24433,24415.5,24433
1775215200,24433,24438.25,24429.25,24430.25
1775215500,24429.5,24443.75,24425.75,24440.25
1775215800,24440,24444.25,24437.25,24441.25
1775216100,24440.5,24449,24438.25,24446.25
1775216400,24446,24447,24437.25,24437.75
1775216700,24438.75,24440.25,24436.5,24438.5
1775217000,24439.75,24445.75,24436,24443.25
1775217300,24442.5,24443.25,24437.5,24440.75
1775217600,24440.75,24469.5,24439.75,24467.75
1775217900,24467,24468.25,24450.5,24451
1775218200,24450.5,24452.75,24440.75,24450
1775218500,24450,24452,24418.25,24430.5
1775218800,24430.5,24441.25,24428,24437.75
1775219100,24437.75,24461.5,24437.75,24455.75
1775219400,24457.25,24534.75,24441,24455.5
1775219700,24455.75,24457.5,24417.75,24436
1775220000,24433,24456.25,24430.75,24453
1775220300,24453.5,24459.75,24427.75,24427.75
1775220600,24426.25,24427,24409.75,24416.25
1775220900,24413.75,24424.25,24402.25,24406
1775221200,24405.25,24422.25,24395.5,24412.25
1775221500,24413.75,24426.75,24409.5,24413.5
1775221800,24410.75,24425.75,24402.5,24419.25
1775426400,24383,24383.75,24308.5,24326.75
1775426700,24328.5,24328.5,24283.75,24293
1775427000,24292.75,24324.5,24271,24314.5
1775427300,24314.5,24328.25,24300,24312.75
1775427600,24313.75,24355.5,24307.75,24340.75
1775427900,24340.75,24362.5,24328.75,24353
1775428200,24351.25,24367.5,24332.5,24333.75
1775428500,24334.25,24370.5,24323.5,24362
1775428800,24364.25,24372.5,24346,24350.75
1775429100,24348.5,24362.5,24335.5,24353
1775429400,24354,24378.5,24354,24368.75
1775429700,24369,24386.5,24365.5,24368.75
1775430000,24368.75,24379.25,24330.5,24349
1775430300,24350.25,24384,24333.5,24346.5
1775430600,24348,24363,24334.25,24358.75
1775430900,24359,24375.5,24345,24367.25
1775431200,24368,24379,24359.5,24360.25
1775431500,24360.5,24364,24357.75,24360
1775431800,24360.25,24375.5,24360,24366
1775432100,24367.5,24369.5,24361.75,24364.5
1775432400,24365,24369,24358,24359.5
1775432700,24359,24367.25,24357.75,24359.5
1775433000,24360.25,24376.75,24359.75,24367.75
1775433300,24369.25,24382,24367.25,24381.25
1775433600,24381,24447.25,24377.25,24445.5
1775433900,24446.5,24457,24435.5,24452
1775434200,24451.25,24463,24440.25,24455.25
1775434500,24455.25,24462,24443.5,24451
1775434800,24450,24493.75,24446.75,24474.5
1775435100,24474.75,24482.5,24460,24461
1775435400,24462,24477.5,24462,24472.25
1775435700,24471.25,24486,24467.75,24471.5
1775436000,24471,24492.5,24469.5,24488.5
1775436300,24489.5,24498.25,24480.75,24483.5
1775436600,24484.25,24491.5,24478.25,24485.25
1775436900,24488,24505.5,24487.25,24498.25
1775437200,24499.25,24515,24497.75,24511.5
1775437500,24510,24513.5,24501.5,24508.75
1775437800,24507.75,24513.75,24505.75,24507.75
1775438100,24507.75,24510,24487.25,24487.25
1775438400,24487.25,24511.5,24485.75,24498.75
1775438700,24500.5,24529.5,24500.5,24523.5
1775439000,24523.75,24523.75,24497,24499.5
1775439300,24500,24508.5,24498.75,24506
1775439600,24504.5,24512.75,24501.5,24510
1775439900,24510.25,24514.75,24489.75,24494
1775440200,24494.5,24494.75,24483.75,24486.25
1775440500,24486.5,24486.5,24473.25,24483.25
1775440800,24482.75,24510.25,24477.75,24494.5
1775441100,24494.5,24534,24486.5,24530.75
1775441400,24529.25,24564.25,24516.25,24551
1775441700,24549.5,24588.25,24542.5,24583.25
1775442000,24583.25,24616.25,24578.5,24612.75
1775442300,24612.5,24612.5,24595.25,24600.75
1775442600,24601.25,24605.75,24586,24593
1775442900,24594.5,24597.75,24572,24572
1775443200,24572.75,24572.75,24542.5,24553.75
1775443500,24552.5,24558.5,24538.5,24540.75
1775443800,24540.25,24550.25,24523,24531.75
1775444100,24530.5,24532,24511.5,24512.5
1775444400,24512.5,24519.5,24498,24503.75
1775444700,24503.75,24510.75,24488,24494.5
1775445000,24495,24501,24482.5,24484.25
1775445300,24485.5,24499.25,24410,24442
1775445600,24443.25,24480.75,24431.75,24477.25
1775445900,24477.5,24483,24470.75,24474.5
1775446200,24476,24479.5,24466,24475.25
1775446500,24477.25,24487.25,24475,24481.5
1775446800,24480.75,24488.75,24470.75,24485.25
1775447100,24486.25,24502.75,24481.25,24495.5
1775447400,24496.75,24506,24491,24500.75
1775447700,24500,24503,24498,24502.5
1775448000,24502.5,24526.75,24497.25,24523.25
1775448300,24523.75,24523.75,24509.75,24513.25
1775448600,24512.5,24521.5,24504.75,24515.75
1775448900,24517,24524.5,24511.25,24512.5
1775449200,24511.5,24521.5,24510.75,24519.75
1775449500,24518.75,24521.5,24509.5,24516.75
1775449800,24517,24537,24511,24534.25
1775450100,24532.75,24543.5,24532.5,24538.5
1775450400,24539,24546.25,24529,24542
1775450700,24542.5,24547,24533.25,24544
1775451000,24543.75,24554.5,24537,24545.5
1775451300,24545.75,24548.75,24538.25,24543
1775451600,24542.5,24549.5,24541,24543.5
1775451900,24543.5,24557.5,24541.25,24556
1775452200,24556.25,24556.25,24545.75,24550
1775452500,24550.5,24554.75,24546.5,24553.25
1775452800,24553.5,24555.5,24540.75,24553.5
1775453100,24552.25,24553,24540.5,24540.75
1775453400,24541.25,24542.75,24524.75,24534
1775453700,24534.25,24534.25,24525.5,24527
1775454000,24527,24529.25,24512.75,24515.5
1775454300,24517,24522.25,24501.5,24507.5
1775454600,24505.5,24520.5,24505,24520.5
1775454900,24520.75,24527,24518.25,24522.25
1775455200,24521.75,24521.75,24508.5,24514.75
1775455500,24514,24541,24511.25,24536.5
1775455800,24536.5,24566.75,24534.25,24564.75
1775456100,24563.5,24564.25,24538.25,24540.25
1775456400,24541,24543.25,24526.75,24535.25
1775456700,24535.25,24535.25,24509.25,24517.5
1775457000,24514.75,24526.25,24505.25,24517.5
1775457300,24517.75,24521.5,24509.75,24518.25
1775457600,24519,24527.25,24513.25,24522.5
1775457900,24520.75,24525,24508.25,24521.5
1775458200,24521.75,24580.25,24519.5,24540.75
1775458500,24542.75,24552,24536,24545
1775458800,24546.75,24551.25,24517.5,24520.25
1775459100,24519.75,24526,24507.75,24510.25
1775459400,24508.5,24515.75,24496.75,24515.75
1775459700,24517.75,24544.25,24517.75,24529
1775460000,24529.25,24538.25,24514.75,24524.25
1775460300,24525.5,24536.5,24524.5,24526.75
1775460600,24524.75,24547,24524.25,24543.75
1775460900,24545,24559.5,24541.75,24552.5
1775461200,24552.5,24572,24543,24565
1775461500,24564.25,24585.75,24561.25,24583
1775461800,24582.75,24614.75,24579.5,24597.5
1775462100,24598.5,24615,24596,24599
1775462400,24599.5,24624.75,24598.25,24624.25
1775462700,24624.5,24626.75,24603.5,24617.75
1775463000,24618,24624,24609.25,24618.75
1775463300,24618.75,24627.25,24604.75,24610
1775463600,24610.25,24632,24609.5,24630.5
1775463900,24630.5,24649.75,24627.25,24639.5
1775464200,24639.25,24662.75,24633.5,24656.5
1775464500,24655.75,24681,24653,24672.25
1775464800,24672.25,24682.75,24669.5,24678.5
1775465100,24678,24680.75,24670,24677.25
1775465400,24675.25,24675.25,24653.5,24661
1775465700,24661.5,24670.75,24656.75,24660
1775466000,24660,24679,24657.25,24674.25
1775466300,24673,24687.75,24665.5,24671.75
1775466600,24671,24677,24663.75,24668.5
1775466900,24669.5,24676.5,24658,24676.5
1775467200,24674.25,24685,24664,24665.5
1775467500,24666,24673.75,24661,24670.75
1775467800,24671.75,24678.25,24667,24673
1775468100,24672.5,24674,24668,24668.5
1775468400,24670.25,24670.25,24659,24660.25
1775468700,24661.25,24668.25,24659,24662
1775469000,24663.25,24663.25,24621.5,24638
1775469300,24638.75,24646,24621.75,24627
1775469600,24627.5,24633.75,24616,24630.25
1775469900,24629.25,24646.25,24625.5,24643.5
1775470200,24644.75,24648.5,24636.75,24638.75
1775470500,24639.5,24642.25,24633.25,24636.25
1775470800,24636.75,24640.75,24629.75,24632.5
1775471100,24630.75,24636.5,24617.25,24634
1775471400,24633,24638.5,24626,24634.25
1775471700,24636.25,24646.25,24632,24637.25
1775472000,24636.5,24641,24630.5,24633.75
1775472300,24634.25,24636.5,24552,24613.75
1775472600,24614.5,24621.25,24599.5,24602
1775472900,24603.5,24612.75,24597.5,24605
1775473200,24605,24606,24583.75,24594.75
1775473500,24593.5,24600.5,24584,24593.75
1775473800,24595,24595.5,24572.5,24579
1775474100,24577.5,24600.75,24571.5,24597.75
1775474400,24597.5,24598.25,24574,24585.5
1775474700,24588,24595.25,24580,24590.25
1775475000,24591.5,24599,24584.25,24597.5
1775475300,24597.75,24605,24584.5,24598
1775475600,24597.75,24600.5,24582,24584.5
1775475900,24586.25,24596.25,24583.25,24593.5
1775476200,24592,24605.75,24591.75,24598.75
1775476500,24598.75,24600.5,24590.75,24596
1775476800,24595.5,24598,24583.5,24589
1775477100,24589.75,24599,24589,24593
1775477400,24594,24600.5,24585,24594.5
1775477700,24593.5,24601.75,24589,24591.25
1775478000,24590.75,24600,24577.75,24595
1775478300,24595.25,24607,24591.25,24599.5
1775478600,24600.25,24618.75,24589.5,24615.5
1775478900,24615.25,24616.5,24607,24609.25
1775479200,24610,24611.25,24600.5,24606.75
1775479500,24606,24627.5,24605,24606.75
1775479800,24607.75,24615,24597.75,24599.5
1775480100,24599.5,24602,24590.75,24596.5
1775480400,24597,24602.75,24575.5,24575.5
1775480700,24577,24592.5,24561.5,24591.25
1775481000,24591,24602.75,24584,24597
1775481300,24597.75,24603.5,24579.75,24580.5
1775481600,24581,24584.25,24560,24572.5
1775481900,24573,24583.75,24546.75,24554.5
1775482200,24554.75,24659.75,24553,24644.25
1775482500,24644,24663.25,24535.25,24583.75
1775482800,24583.75,24637.25,24553.5,24617.75
1775483100,24618.5,24673.25,24616,24652
1775483400,24652.25,24698.75,24645.5,24669.25
1775483700,24671,24706.25,24651.25,24700.5
1775484000,24700.5,24741.75,24575.75,24581.5
1775484300,24581,24608.75,24561,24605.75
1775484600,24606.75,24646.75,24569.5,24644.25
1775484900,24644,24666.75,24630.75,24658.25
1775485200,24658.5,24680.75,24650.25,24665
1775485500,24665.75,24671.25,24637,24654.25
1775485800,24655.5,24679.5,24640.75,24655
1775486100,24655.25,24672.5,24576.5,24591.5
1775486400,24592.5,24637.5,24588.75,24606.5
1775486700,24606.75,24606.75,24551.75,24558.75
1775487000,24558.75,24598,24558.75,24586.25
1775487300,24586.75,24617.25,24569.25,24595.75
1775487600,24595.75,24627,24582,24604.75
1775487900,24603.25,24623.25,24582.75,24615.25
1775488200,24615,24615,24583.25,24603
1775488500,24602.5,24613.25,24585.75,24596.75
1775488800,24597.5,24606,24570.75,24577.25
1775489100,24576,24586,24556.75,24570.25
1775489400,24570.75,24576.5,24541.75,24563.75
1775489700,24562.75,24577.75,24542.75,24573.75
1775490000,24573.5,24587.5,24562.75,24583.5
1775490300,24582.5,24603.75,24575.25,24597.5
1775490600,24598,24622.25,24589,24614.75
1775490900,24614.75,24616,24595.75,24613.5
1775491200,24613.75,24618.5,24587,24588.25
1775491500,24587.25,24602.25,24575,24576.5
1775491800,24576.75,24597.5,24572.75,24593.25
1775492100,24594,24603.25,24582.5,24589.25
1775492400,24588.5,24605.75,24583.5,24596.75
1775492700,24596.25,24613,24594.5,24602
1775493000,24602,24615.25,24591.25,24614.5
1775493300,24614,24636.25,24611.75,24618.25
1775493600,24618.25,24627,24609.5,24623.75
1775493900,24624,24633.5,24618.75,24627.75
1775494200,24627.5,24632.25,24596.75,24610.5
1775494500,24611,24616.25,24591.5,24598.75
1775494800,24598.5,24600.5,24547,24568
1775495100,24567.25,24580,24551.5,24568.25
1775495400,24568.75,24570.75,24492.25,24516.5
1775495700,24516,24548.25,24506.75,24539.5
1775496000,24539.75,24582,24520,24580.25
1775496300,24580.5,24602,24572.25,24595.25
1775496600,24595.25,24623.75,24586.75,24598.75
1775496900,24598.5,24610.5,24583.25,24587.75
1775497200,24589,24590.5,24568.75,24582.25
1775497500,24581,24582,24559.5,24571.75
1775497800,24572,24576.5,24553.75,24561.5
1775498100,24562.25,24571,24551,24553
1775498400,24554,24558,24535,24537.75
1775498700,24539,24567.25,24538,24564
1775499000,24563.5,24616.25,24563,24593
1775499300,24594,24627,24591.25,24623
1775499600,24621.75,24653.75,24611.25,24640.5
1775499900,24641.75,24650,24618.25,24631.25
1775500200,24631.75,24647.5,24613.5,24624
1775500500,24623.25,24633.5,24619.5,24621
1775500800,24621.75,24628.5,24615.5,24624
1775501100,24624.25,24639.75,24620.75,24631.25
1775501400,24632,24643.75,24630,24638.25
1775501700,24638,24644.5,24635,24640.75
1775502000,24641,24644.75,24630,24642
1775502300,24642.25,24645.5,24625.25,24627.25
1775502600,24627.5,24636.5,24620,24634.25
1775502900,24634.5,24638.25,24622,24629.5
1775503200,24630.25,24638.5,24624.25,24628.75
1775503500,24628.5,24635,24625.25,24625.75
1775503800,24625.75,24636.75,24621,24632
1775504100,24632,24639.5,24628.25,24633
1775504400,24632.5,24636.25,24615.75,24633
1775504700,24632.25,24655.75,24630.5,24654.75
1775505000,24655.25,24665.75,24630.5,24634
1775505300,24633,24659.25,24625.25,24653.25
1775505600,24653,24659.5,24644.75,24649
1775505900,24648,24648,24634,24635
1775506200,24634,24641.5,24632.5,24635.75
1775506500,24635,24636,24623.5,24632.75
1775506800,24632.25,24637,24631.5,24633
1775507100,24633.25,24639.25,24632.25,24633.75
1775507400,24634.25,24640.25,24632.5,24637
1775507700,24637.75,24646,24635.5,24636.5
1775508000,24637,24641.25,24634.75,24638.5
1775508300,24638.75,24642.5,24629.5,24630.5
1775508600,24630.25,24633.5,24629.5,24631.75
1775508900,24631.75,24639.75,24630.25,24639.25
1775512800,24638.25,24663.75,24626.75,24661.75
1775513100,24662.5,24673.5,24655.5,24659.75
1775513400,24661.25,24664.25,24655,24663.25
1775513700,24662.25,24667.5,24656.5,24656.5
1775514000,24658.5,24659.75,24591.25,24602.5
1775514300,24602.5,24615.25,24598.75,24611.75
1775514600,24612.5,24617.5,24591.5,24595.5
1775514900,24596,24607.5,24596,24601.5
1775515200,24603,24612.25,24603,24604.5
1775515500,24605,24608.5,24601,24608.5
1775515800,24608.5,24616.25,24598,24600.5
1775516100,24600.75,24603.75,24589.25,24592.75
1775516400,24591.75,24608,24591.5,24604.5
1775516700,24604.5,24608.75,24600.75,24607
1775517000,24606.5,24621.25,24605.75,24619.25
1775517300,24619.5,24622.5,24608.25,24610.25
1775517600,24609.75,24612.5,24599.25,24602.5
1775517900,24604.25,24614.25,24602.5,24602.5
1775518200,24602.25,24612.75,24601,24610.75
1775518500,24607.5,24607.75,24600.75,24601.5
1775518800,24602,24606.5,24602,24603.5
1775519100,24603.75,24614.75,24601.5,24604.25
1775519400,24603.5,24609,24601.5,24605.75
1775519700,24605.5,24607.25,24587.75,24589
1775520000,24588.75,24589,24573.25,24582.75
1775520300,24582.75,24589.75,24568.25,24585
1775520600,24584.75,24613.25,24582.25,24604.75
1775520900,24604.5,24648,24604.5,24636.5
1775521200,24636.5,24637.5,24613.5,24618
1775521500,24619.5,24625.5,24613.5,24619.5
1775521800,24621,24625,24601.25,24606.75
1775522100,24607.25,24607.25,24580,24583.25
1775522400,24583,24595.5,24582.25,24592.75
1775522700,24592.75,24608.5,24591.5,24607.5
1775523000,24607.75,24612,24596.25,24597
1775523300,24598.75,24598.75,24587.75,24593
1775523600,24592.5,24600,24569.5,24596.75
1775523900,24597.75,24599.25,24560.5,24568
1775524200,24567.25,24569.25,24538,24544.5
1775524500,24546,24568.25,24545,24566.5
1775524800,24566.25,24568.5,24559,24560.75
1775525100,24561,24573.25,24557.5,24569
1775525400,24567.5,24572.25,24560.75,24563.5
1775525700,24564.75,24566,24515.75,24524.75
1775526000,24524.75,24531.5,24514.75,24518.25
1775526300,24519,24529.75,24511.5,24511.5
1775526600,24513,24515,24477.25,24489.5
1775526900,24487.25,24493.75,24457.75,24466.5
1775527200,24468.25,24471.5,24455.5,24463
1775527500,24463,24473,24442.5,24465.75
1775527800,24464.75,24477.75,24457.75,24463.5
1775528100,24463.75,24476.75,24456.75,24473.25
1775528400,24473,24475.5,24455.25,24471.5
1775528700,24471.5,24487,24468,24483.25
1775529000,24484.5,24494,24482.5,24487.25
1775529300,24486.25,24498.75,24480.75,24497.75
1775529600,24497.75,24498.75,24489,24497.25
1775529900,24496.75,24509.75,24494,24504.5
1775530200,24504.5,24509,24491.5,24493.75
1775530500,24495.5,24502.25,24489.75,24500.5
1775530800,24502,24508.75,24497.5,24502.5
1775531100,24501.75,24501.75,24491.75,24500.75
1775531400,24499.75,24504.75,24495.75,24504.5
1775531700,24504.75,24505.5,24484.75,24487
1775532000,24488.75,24508.5,24482.25,24506
1775532300,24503.5,24507.25,24498.75,24505.75
1775532600,24502.75,24521,24502.25,24511.75
1775532900,24510.75,24512.5,24506,24509.5
1775533200,24507.75,24516.5,24507.5,24516.5
1775533500,24516,24517.25,24508.25,24511
1775533800,24511.5,24514.75,24505.75,24509.25
1775534100,24511,24518.25,24509.75,24509.75
1775534400,24511,24519.5,24504.5,24506
1775534700,24507.5,24508,24498.75,24503.5
1775535000,24502.25,24506.25,24491.5,24493.25
1775535300,24494.25,24504.5,24487.75,24492
1775535600,24493.25,24515.5,24489,24515.5
1775535900,24514.25,24531.5,24511.25,24515.5
1775536200,24516.5,24538.5,24516.5,24534.5
1775536500,24534.75,24539,24526.5,24530.5
1775536800,24530.5,24533,24524,24528.5
1775537100,24529.25,24548.25,24527,24547
1775537400,24543,24553.5,24535.75,24543
1775537700,24543.5,24546.75,24535.25,24536.75
1775538000,24537.75,24547.25,24533.75,24534
1775538300,24534.5,24540,24530.75,24533.5
1775538600,24533.5,24543,24531.75,24538.5
1775538900,24538.5,24543,24536.25,24541.25
1775539200,24540.75,24549,24523.25,24528.25
1775539500,24529.25,24531.75,24510.25,24513.5
1775539800,24514.25,24517.25,24499,24506.75
1775540100,24504.25,24511,24497.5,24508.25
1775540400,24507.25,24508.75,24496,24496.25
1775540700,24495.75,24506.25,24494,24500
1775541000,24502,24516.75,24499,24511.5
1775541300,24512.25,24521.5,24512.25,24518
1775541600,24518,24524.25,24512,24516.75
1775541900,24516.5,24528.5,24510.25,24518.5
1775542200,24519,24519.5,24507.75,24509
1775542500,24509.75,24515,24503.5,24507
1775542800,24506.75,24521,24496.5,24521
1775543100,24519.25,24532.5,24515.25,24528
1775543400,24529.25,24534.25,24509.5,24511.75
1775543700,24510,24530,24509,24527
1775544000,24527,24532.25,24516.25,24525
1775544300,24525,24528.5,24512.25,24519.75
1775544600,24519,24530,24517.5,24525
1775544900,24524,24532.5,24520.25,24530.75
1775545200,24532.25,24547,24521,24529.75
1775545500,24526.25,24531.5,24516.25,24529
1775545800,24528.5,24535.5,24512,24531.25
1775546100,24531,24534,24514,24519.25
1775546400,24518.5,24527.25,24498.75,24514.5
1775546700,24512.75,24523.5,24506,24508
1775547000,24509.25,24527.5,24507,24515.75
1775547300,24514,24523.25,24513,24522.25
1775547600,24520.5,24540.75,24519,24535.75
1775547900,24535.5,24539.25,24526.25,24528.5
1775548200,24529.75,24532.75,24515.25,24516.25
1775548500,24514.5,24538.5,24513.5,24535.75
1775548800,24537.25,24636,24536.25,24565.5
1775549100,24563.25,24584.75,24553.25,24580
1775549400,24577.75,24611.5,24574,24604.5
1775549700,24604.75,24624,24594.75,24621.75
1775550000,24620.5,24659,24616,24645.25
1775550300,24643.5,24645.5,24618.25,24628
1775550600,24626,24667,24622.5,24666
1775550900,24664.75,24672,24651,24654.25
1775551200,24654.75,24656,24638,24652.5
1775551500,24650.75,24659.5,24636.5,24644.75
1775551800,24644,24646,24635.5,24640
1775552100,24639.5,24660,24637.5,24648.75
1775552400,24649,24663,24645.75,24657
1775552700,24654.75,24668.25,24642.25,24664.75
1775553000,24664.25,24677.75,24660,24663.75
1775553300,24664.5,24689.25,24657.5,24678.25
1775553600,24677.25,24686.5,24671.5,24684.5
1775553900,24686.25,24701.5,24667.5,24691.25
1775554200,24691,24711.5,24688.25,24709.25
1775554500,24708.25,24709.5,24691,24695.5
1775554800,24693.75,24695.5,24675.75,24676
1775555100,24676,24681.5,24661,24673
1775555400,24673,24685.5,24670.25,24677.5
1775555700,24678.25,24686.5,24672.75,24674.75
1775556000,24676.5,24689.75,24659.75,24666
1775556300,24664.5,24677,24584.5,24648
1775556600,24648,24670,24623.5,24654
1775556900,24654.75,24682.5,24654.5,24664.75
1775557200,24663,24681.25,24657.5,24670.5
1775557500,24669.5,24669.5,24604,24636.75
1775557800,24637,24641.25,24600,24606.5
1775558100,24607.25,24611.5,24577.75,24583
1775558400,24586,24602.5,24560.25,24577.25
1775558700,24576.5,24580.25,24525.5,24536
1775559000,24537.5,24538.5,24479,24510.5
1775559300,24509.75,24517.25,24474.75,24492.25
1775559600,24495,24509,24487,24502
1775559900,24501.25,24523.5,24485.25,24522
1775560200,24521.25,24521.25,24496,24511
1775560500,24510.25,24540.5,24510.25,24536
1775560800,24536.25,24537.75,24519,24524.25
1775561100,24523.25,24547.5,24512.5,24513.25
1775561400,24513.25,24517,24488,24492.5
1775561700,24493.75,24515.25,24467.75,24497
1775562000,24498.75,24516.75,24490.25,24510
1775562300,24511.5,24512.25,24498.25,24501.75
1775562600,24501.5,24508,24489.5,24498.5
1775562900,24498.5,24510,24494.5,24500.25
1775563200,24500.5,24502.75,24480.5,24486.25
1775563500,24484.75,24520.75,24422.5,24469.5
1775563800,24469,24479.25,24450.5,24456.5
1775564100,24456.75,24504.5,24430,24493.75
1775564400,24493.25,24528.75,24485,24508
1775564700,24508,24533.5,24507.5,24532
1775565000,24532.25,24539,24499.5,24506.25
1775565300,24506,24514,24497,24509.75
1775565600,24506.25,24508.25,24483.25,24493.5
1775565900,24494,24500.25,24472,24475.25
1775566200,24476.25,24506.5,24469,24505.75
1775566500,24505,24570.5,24492,24504.25
1775566800,24505.75,24518,24494.75,24511.75
1775567100,24511,24540,24508,24519.75
1775567400,24519,24524.25,24485.75,24519.75
1775567700,24519,24526,24501.75,24505.25
1775568000,24505.5,24534.5,24504,24531.25
1775568300,24529.75,24538,24514,24533
1775568600,24533,24597.5,24487.5,24510.25
1775568900,24510.75,24553.5,24491.25,24500.25
1775569200,24500,24523.75,24478,24486
1775569500,24486.5,24494,24437.5,24456
1775569800,24457,24493.25,24435.75,24488.75
1775570100,24487.75,24497.25,24407.5,24409.75
1775570400,24410.75,24419.5,24360,24368.5
1775570700,24368.5,24371.25,24283.5,24308.75
1775571000,24309,24333.5,24303.5,24324.25
1775571300,24324.5,24359,24320,24345
1775571600,24344.5,24421.5,24343,24409.25
1775571900,24408.25,24410.75,24365.25,24397
1775572200,24397.75,24434,24373.75,24401.5
1775572500,24402,24408.5,24365.5,24378.5
1775572800,24379.5,24388.5,24348.75,24365.25
1775573100,24364.75,24414.25,24355.25,24368.5
1775573400,24368.25,24374.75,24336.75,24354.5
1775573700,24351.5,24351.5,24295.5,24298.75
1775574000,24298.25,24304.5,24260.25,24266.5
1775574300,24266,24266.25,24231,24256.25
1775574600,24255.25,24309,24255.25,24295.5
1775574900,24295,24376.75,24286.75,24337.5
1775575200,24337.75,24341.75,24313.75,24316
1775575500,24316,24359,24315.25,24355.25
1775575800,24356.25,24371.75,24336.25,24360.75
1775576100,24360.5,24383,24335.75,24345.25
1775576400,24345,24361,24331.5,24343
1775576700,24344.5,24370,24341.75,24366.25
1775577000,24365.75,24378.25,24346.5,24375.25
1775577300,24373,24422.5,24370.25,24398
1775577600,24397,24527,24395,24466.25
1775577900,24467.25,24477.75,24433.5,24434.25
1775578200,24434.75,24460,24431.75,24446.5
1775578500,24447.75,24470,24436.5,24452.5
1775578800,24451.75,24518,24441,24486.25
1775579100,24485.25,24507.25,24470.5,24479.25
1775579400,24479,24497,24469,24495
1775579700,24496,24501.5,24464.75,24476.5
1775580000,24477.25,24498,24470.25,24494.25
1775580300,24495.25,24531.25,24493.75,24511
1775580600,24511.25,24523.25,24502.75,24513.75
1775580900,24512.5,24512.5,24488.5,24491.75
1775581200,24491.25,24528,24480,24515
1775581500,24513.5,24520.5,24499,24504.25
1775581800,24503.75,24510.5,24487,24490.75
1775582100,24490.5,24502.5,24477.25,24483.5
1775582400,24484,24485.5,24459.25,24476.25
1775582700,24476.25,24486,24460.25,24478
1775583000,24478.25,24522.75,24472.75,24519.25
1775583300,24519.25,24589.25,24519,24549.75
1775583600,24549.25,24551.25,24515.5,24520.25
1775583900,24520.75,24526.75,24506.5,24525
1775584200,24524.75,24544,24519.5,24530.25
1775584500,24530,24532,24505,24515
1775584800,24515.5,24527.75,24507.5,24510.5
1775585100,24510.5,24510.75,24490,24499.5
1775585400,24499.5,24506,24487,24499.5
1775585700,24500.25,24515.5,24494.5,24512
1775586000,24512,24515.25,24478.25,24482.25
1775586300,24484.5,24494.75,24476.5,24483.5
1775586600,24483.75,24492.5,24473.25,24485.5
1775586900,24485,24489.75,24469.25,24476
1775587200,24475.75,24479,24442,24455.25
1775587500,24455.75,24458.25,24431.75,24436.75
1775587800,24436.25,24439.25,24397.75,24403.25
1775588100,24403,24404,24366.25,24391.5
1775588400,24392,24418,24380.75,24401.75
1775588700,24402,24423.25,24372.75,24392.75
1775589000,24392.75,24425,24390.5,24421.75
1775589300,24422.5,24560,24415.25,24541.25
1775589600,24540.5,24587.25,24485.25,24515.5
1775589900,24514.5,24519.25,24479.75,24506.25
1775590200,24506,24514.25,24493.75,24500.75
1775590500,24501.25,24504,24481,24493.25
1775590800,24492.75,24548.5,24487,24530
1775591100,24530,24631.5,24513,24575
1775591400,24576.5,24632.5,24576.5,24612.5
1775591700,24612,24670.5,24611,24659
1775592000,24658.75,24688,24635.25,24670.5
1775592300,24671.5,24683.25,24650.25,24683
1775592600,24682.25,24690.25,24669.75,24680
1775592900,24680.25,24705.5,24654.5,24671.25
1775593200,24671,24671.75,24648.5,24655.75
1775593500,24656,24671.5,24652,24657.25
1775593800,24657.5,24695,24653.25,24673.75
1775594100,24672.5,24685,24659.5,24666.5
1775594400,24666.25,24741,24662,24704.25
1775594700,24701.75,24708.5,24689,24694.5
1775595000,24693.75,24713,24681,24691.75
1775595300,24691.25,24703.25,24677.75,24688.75
1775599200,24803.5,24955.5,24792,24884
1775599500,24881.5,24942.5,24881.5,24905
1775599800,24905.25,24917.75,24894.25,24902.25
1775600100,24900.75,24901.75,24881.5,24889.5
1775600400,24887.75,24910.25,24879.5,24906.25
1775600700,24906,24919,24890.25,24894.25
1775601000,24895,25031.5,24644.5,24952.25
1775601300,24950.5,25133.5,24931.75,25113
1775601600,25110.5,25127.5,25058.5,25064
1775601900,25061.25,25094,25055.25,25090.75
1775602200,25092.5,25159,25084.5,25139.25
1775602500,25138.5,25214,25129.25,25203.5
1775602800,25204.5,25275.5,25203,25235.25
1775603100,25234.25,25242.25,25203.25,25226
1775603400,25226.5,25255.5,25206.75,25254.5
1775603700,25255.25,25275.5,25252,25263.25
1775604000,25262.75,25352.75,25260.25,25348
1775604300,25349.25,25375.5,25330,25335.75
1775604600,25336.75,25347,25320,25322.5
1775604900,25323.75,25331.25,25309.75,25320.75
1775605200,25320.25,25327.75,25305.75,25309.75
1775605500,25310.25,25355.5,25300.25,25339.25
1775605800,25338,25340,25326,25331.25
1775606100,25331.25,25351.75,25319.5,25340.25
1775606400,25339.25,25380.75,25330.5,25342.75
1775606700,25343.75,25351.75,25316.25,25330.75
1775607000,25329.75,25358.5,25328.75,25348.5
1775607300,25349.5,25352.5,25334.5,25343
1775607600,25344,25345.25,25325.25,25337.75
1775607900,25337,25356.75,25318.5,25331.75
1775608200,25331.75,25334,25302.25,25305.75
1775608500,25305.75,25343.25,25297.25,25339
1775608800,25340.25,25346.75,25324.5,25334.25
1775609100,25336.25,25386.25,25331,25376.75
1775609400,25378.5,25391,25372.75,25381.25
1775609700,25383.25,25384.75,25364,25369.75
1775610000,25369.5,25379,25358.5,25364.25
1775610300,25363.25,25397.25,25360.75,25382.75
1775610600,25382.75,25388.75,25373.75,25378.25
1775610900,25377.5,25384.75,25351.5,25353.5
1775611200,25354.5,25361.5,25330.25,25355.25
1775611500,25357.25,25365,25351.25,25356.5
1775611800,25355.75,25375.75,25354.25,25375.75
1775612100,25375.5,25388,25371.25,25379.5
1775612400,25378,25384.25,25372,25378.5
1775612700,25379,25392.5,25378.25,25387
1775613000,25387.75,25399,25373,25381.25
1775613300,25379.25,25387.5,25375.75,25384.75
1775613600,25385,25399.25,25383.25,25389.5
1775613900,25389.25,25397.75,25383.5,25388.5
1775614200,25388,25395.25,25386,25392.25
1775614500,25392,25397,25385.25,25386.25
1775614800,25386,25397,25385.5,25391
1775615100,25392.25,25394,25384.5,25386.75
1775615400,25387.5,25397.75,25381.25,25396
1775615700,25395.5,25400.5,25389.75,25398.75
1775616000,25397.75,25399,25390.5,25392.25
1775616300,25393.25,25398,25390,25397.25
1775616600,25397.75,25401,25392.75,25395
1775616900,25396.25,25401,25392.25,25400
1775617200,25399.75,25408.25,25398.5,25402
1775617500,25403.25,25403.75,25395.5,25400.25
1775617800,25399.5,25400.5,25392.25,25394.5
1775618100,25395.5,25401.75,25390.5,25392.75
1775618400,25394,25397,25382.5,25383.75
1775618700,25384,25390.25,25376.25,25383.75
1775619000,25383.75,25389.25,25382.5,25385.5
1775619300,25385.5,25392,25383.5,25384.25
1775619600,25385.25,25390.5,25381,25382.5
1775619900,25382.5,25388.25,25379.25,25380.75
1775620200,25381.25,25389.5,25380,25387
1775620500,25386.75,25394,25385.25,25391.5
1775620800,25392.75,25405.75,25392,25405.25
1775621100,25405,25415.5,25404.5,25413.75
1775621400,25413.5,25428.5,25410.5,25424
1775621700,25424.5,25445.75,25422.5,25425.5
1775622000,25424.5,25440.75,25422.5,25426
1775622300,25424.5,25439,25423.25,25438.25
1775622600,25436.75,25442.75,25433,25439.25
1775622900,25439.5,25442.25,25433.25,25433.5
1775623200,25433.5,25436.75,25428.5,25429.5
1775623500,25430,25432.5,25423.25,25429.5
1775623800,25429,25429.75,25410.5,25411.75
1775624100,25412,25422.75,25412,25414.75
1775624400,25414.75,25419,25408.5,25415.75
1775624700,25416.5,25425,25409.25,25412.5
1775625000,25411.25,25420.75,25408.5,25416.25
1775625300,25416.75,25427.5,25414.25,25423
1775625600,25423.5,25444.25,25422,25440.25
1775625900,25439,25452.5,25438.25,25448.5
1775626200,25448,25465.5,25444.75,25450.5
1775626500,25451.25,25456.5,25429.25,25434.75
1775626800,25435.25,25449.5,25434.75,25445.5
1775627100,25446.25,25461,25444,25449.5
1775627400,25448.75,25483.25,25448.75,25478.25
1775627700,25478,25484.75,25471,25481.75
1775628000,25481.5,25490,25470.5,25478.25
1775628300,25478.75,25491.25,25465.5,25473.25
1775628600,25473,25489.75,25471.75,25486.75
1775628900,25485.5,25491.5,25474.25,25483.75
1775629200,25483.75,25486,25460.25,25461
1775629500,25461,25466.25,25450.75,25462.25
1775629800,25462,25476,25453.5,25468.5
1775630100,25468.75,25473.5,25463.75,25468.75
1775630400,25468,25475.5,25463,25466
1775630700,25468.5,25478,25464,25471.75
1775631000,25471,25476,25456.5,25458.5
1775631300,25457.75,25471.25,25455,25460.75
1775631600,25460.75,25463.75,25431.75,25437.25
1775631900,25437.75,25451.5,25437.75,25441.75
1775632200,25441.5,25458.25,25434.5,25447.75
1775632500,25446,25457.25,25439.25,25456.5
1775632800,25456.75,25479.5,25451.5,25475.5
1775633100,25476.75,25478,25452.25,25456.75
1775633400,25456.5,25456.5,25429.5,25434.25
1775633700,25434.5,25447.5,25434.25,25436.25
1775634000,25436,25442.5,25428.5,25436
1775634300,25435.25,25447.5,25426,25431.25
1775634600,25430.5,25445.5,25427.75,25438.25
1775634900,25439.75,25439.75,25425.5,25431.25
1775635200,25431,25441.75,25423.75,25432.25
1775635500,25431.75,25445,25430.75,25439.5
1775635800,25438.75,25448,25433.25,25447.25
1775636100,25446,25464.5,25443.5,25462.25
1775636400,25464.5,25465.75,25449.25,25454
1775636700,25452.75,25464.25,25452,25462.5
1775637000,25462.75,25476.75,25456.75,25475
1775637300,25474.5,25479.5,25450.5,25466.75
1775637600,25467,25467.75,25436.5,25451.5
1775637900,25451.5,25483,25448.5,25476.75
1775638200,25476.25,25486.25,25471.5,25474.5
1775638500,25475,25514.5,25473,25504.75
1775638800,25505.5,25522.75,25493.25,25501.25
1775639100,25501.25,25515.25,25500.5,25507.75
1775639400,25507.5,25534.75,25505.25,25526.5
1775639700,25527.25,25530,25516,25519.25
1775640000,25519.25,25523.25,25514.5,25520.75
1775640300,25521.75,25521.75,25505,25505
1775640600,25506,25511,25486.5,25488.75
1775640900,25489.75,25506.5,25488.5,25502.75
1775641200,25503,25503.5,25474,25478
1775641500,25480,25494.5,25474.5,25494.5
1775641800,25494.75,25509.5,25494.75,25504.5
1775642100,25504,25509,25487.5,25489.5
1775642400,25489,25499,25486.25,25488.75
1775642700,25489.75,25503.25,25482,25501
1775643000,25501,25501.75,25480.5,25483
1775643300,25484,25486.5,25475,25482.5
1775643600,25483.5,25494.25,25479.5,25487
1775643900,25488.5,25510.75,25488.25,25509.25
1775644200,25510.25,25517.75,25509.25,25514.5
1775644500,25514.25,25521.25,25506,25506.25
1775644800,25505.5,25515.75,25496,25512.25
1775645100,25512.5,25515.25,25497.25,25498.5
1775645400,25499,25510.75,25496.25,25508
1775645700,25508,25508.75,25491.5,25494
1775646000,25494.25,25494.25,25479.25,25485.25
1775646300,25486.25,25493.5,25471.5,25490
1775646600,25490,25500.75,25486.5,25488.5
1775646900,25488.75,25490.75,25475,25481
1775647200,25480.5,25503.75,25469.75,25502.75
1775647500,25502.5,25522.5,25501.75,25516.25
1775647800,25516.25,25524.5,25501.25,25517.5
1775648100,25517,25518.75,25495.25,25504
1775648400,25504.75,25513.25,25502.25,25503
1775648700,25501.5,25515,25501.25,25510.5
1775649000,25510.25,25517.5,25504,25505
1775649300,25506.5,25508.5,25494.75,25498.75
1775649600,25500.25,25537,25498.75,25533
1775649900,25533.25,25546.5,25521,25523.25
1775650200,25522.75,25534,25515,25534
1775650500,25533,25534.75,25495.5,25496.5
1775650800,25497.5,25500,25444.5,25462.75
1775651100,25462.75,25490,25458.25,25479.5
1775651400,25478.5,25495.25,25474.5,25487.25
1775651700,25487.75,25495.25,25477.5,25483.75
1775652000,25482.75,25485.5,25466,25478.5
1775652300,25477.75,25509.25,25476.25,25488.75
1775652600,25489,25510.5,25487.5,25507.5
1775652900,25507.25,25510.75,25494.5,25502.25
1775653200,25502.5,25525.25,25500.5,25519
1775653500,25519.75,25526.75,25510.5,25525.75
1775653800,25525.25,25525.5,25511.5,25516.5
1775654100,25517,25519,25494.75,25501
1775654400,25500.5,25506.25,25476.25,25496.75
1775654700,25496.5,25519.5,25478.5,25489
1775655000,25489,25539.25,25422,25453
1775655300,25452.25,25470.25,25399.5,25412.75
1775655600,25412.25,25420.5,25379.25,25389
1775655900,25388.75,25450.75,25386.75,25444.25
1775656200,25442.75,25443,25361.25,25370.75
1775656500,25370,25392.5,25353.5,25370.25
1775656800,25370.25,25394.5,25363.75,25377.25
1775657100,25377.5,25385.75,25332,25367.75
1775657400,25368,25379.75,25347.25,25367.25
1775657700,25367,25382.5,25339,25352.25
1775658000,25353.75,25380.25,25349.25,25367
1775658300,25367.75,25369,25341,25344.75
1775658600,25345.25,25357,25318,25340
1775658900,25340,25351.5,25316.25,25335.5
1775659200,25336,25349.75,25317.5,25322.25
1775659500,25321.75,25328.75,25289.75,25320
1775659800,25320.75,25325.75,25277.75,25295.5
1775660100,25295.75,25295.75,25216,25282.5
1775660400,25282.75,25333.5,25280.25,25316.5
1775660700,25316.5,25325.75,25278.75,25279.75
1775661000,25280.5,25316.5,25268.25,25312
1775661300,25312,25326.5,25293.25,25323.25
1775661600,25323.5,25326.5,25300.75,25316.75
1775661900,25317,25320.75,25297,25300.75
1775662200,25300.75,25328.5,25294.25,25325.25
1775662500,25326,25350.75,25319.5,25344.75
1775662800,25344.5,25347,25323.25,25345.5
1775663100,25346.25,25371.25,25346.25,25368.5
1775663400,25368.5,25377.25,25366,25368.5
1775663700,25369.25,25378.5,25364.5,25368
1775664000,25368.25,25405.5,25366.5,25390.75
1775664300,25392,25394.25,25380.25,25384.5
1775664600,25385,25391.75,25369,25371
1775664900,25371.25,25377.25,25351.25,25366.5
1775665200,25366.75,25380,25357,25375.25
1775665500,25376,25387.5,25366.5,25384.25
1775665800,25384.5,25401.5,25376.5,25399.25
1775666100,25399.25,25408,25395.25,25407.25
1775666400,25407.25,25426.5,25405.75,25421
1775666700,25420.25,25434.75,25417.75,25428.75
1775667000,25429.75,25438.25,25426.25,25436.5
1775667300,25436.75,25447,25427.5,25431.75
1775667600,25432,25446.25,25427,25428.25
1775667900,25429,25429.75,25411,25414.5
1775668200,25414.75,25423,25408,25412.25
1775668500,25413.25,25419.75,25395.5,25401.5
1775668800,25401.75,25410.5,25376,25382
1775669100,25382,25390.75,25361.75,25372.5
1775669400,25372,25387.75,25369,25378.5
1775669700,25378.75,25389,25354.5,25376.5
1775670000,25376,25387.25,25370.75,25382.75
1775670300,25382,25390.5,25375.5,25377.75
1775670600,25378.5,25386,25375.75,25377.25
1775670900,25376.75,25384.5,25373.75,25383.75
1775671200,25384,25408.75,25366,25407.5
1775671500,25407.25,25421.25,25403.25,25418.5
1775671800,25418.5,25420.75,25403,25409.75
1775672100,25410.25,25421.25,25321.5,25343.5
1775672400,25344.5,25370.5,25334.75,25353.5
1775672700,25353.75,25364.5,25338.25,25343.25
1775673000,25344,25362,25341.5,25349
1775673300,25349,25358.5,25330.25,25332.25
1775673600,25332.5,25333.75,25303.25,25306.5
1775673900,25307.25,25319.25,25290.5,25291.75
1775674200,25291.25,25302.5,25283.5,25283.75
1775674500,25283.5,25284.75,25238.25,25242.75
1775674800,25242.75,25269,25232.75,25255
1775675100,25255,25277.5,25244,25267.5
1775675400,25267.75,25300.75,25267.5,25296.75
1775675700,25296.5,25301.5,25260.5,25268.25
1775676000,25269,25269.25,25246,25258.75
1775676300,25258.5,25275,25244.75,25247.25
1775676600,25247,25285,25245.5,25283.25
1775676900,25284.75,25305.75,25280.5,25295.25
1775677200,25294.75,25305,25273.75,25302.25
1775677500,25302.75,25326.5,25301.25,25323.25
1775677800,25323.75,25338,25316.75,25328.75
1775678100,25328,25386.5,25320.25,25369.5
1775678400,25369.25,25384.75,25364,25366
1775678700,25364.75,25367.25,25344.5,25348.25
1775679000,25347.5,25353.25,25342.75,25349
1775679300,25348.75,25365.5,25346.5,25346.5
1775679600,25347.5,25349,25340.75,25347
1775679900,25347.25,25349.5,25337.75,25339.5
1775680200,25339.25,25341.75,25336.25,25338.25
1775680500,25337.5,25339.5,25327.5,25332.25
1775680800,25332.75,25333.25,25325.5,25328.5
1775681100,25328,25333.5,25325.75,25331.75
1775681400,25332,25338.75,25325.75,25328.75
1775681700,25328,25335,25322.75,25328.5
1775685600,25327.25,25349.5,25321.75,25343.25
1775685900,25343.25,25354.5,25338.5,25351
1775686200,25352.25,25352.25,25327.5,25330.25
1775686500,25332.25,25336.75,25312.5,25314.5
1775686800,25313.25,25322,25300.25,25316.25
1775687100,25317,25323.5,25310.5,25316.25
1775687400,25318.25,25333,25318.25,25330.25
1775687700,25330.75,25339,25324.25,25325.75
1775688000,25324.5,25329,25318.75,25320.5
1775688300,25322,25323.5,25316,25318.5
1775688600,25320,25324.5,25317.5,25321.25
1775688900,25322.5,25326.25,25316.75,25324
1775689200,25323.75,25323.75,25313.25,25323.25
1775689500,25324.25,25345,25324,25330.75
1775689800,25332.5,25339,25327.5,25336.5
1775690100,25334.5,25342.5,25324.25,25324.25
1775690400,25325.25,25328.75,25320.25,25324.5
1775690700,25326,25329.5,25322.25,25323
1775691000,25323.75,25327.25,25316,25325
1775691300,25323.5,25324.5,25317.5,25319.75
1775691600,25320.25,25325,25317.5,25319.5
1775691900,25320.5,25327.5,25314.5,25319.5
1775692200,25320,25324.75,25317.25,25318.75
1775692500,25317.5,25319.5,25312,25315.5
1775692800,25316,25318.5,25288.5,25292
1775693100,25292.25,25305.75,25289.25,25294.75
1775693400,25292.5,25315,25292.25,25307.75
1775693700,25307.5,25314,25300.75,25312
1775694000,25309.5,25323.75,25306.25,25316
1775694300,25314.75,25315.25,25300.5,25303
1775694600,25301.25,25322.5,25299,25308.5
1775694900,25308.25,25319,25307.25,25314.25
1775695200,25316,25318.75,25312,25314.25
1775695500,25315.25,25317,25302,25308.25
1775695800,25308.5,25312,25296.5,25300
1775696100,25300,25304.5,25296.75,25301.75
1775696400,25301.5,25310.5,25292.5,25301.75
1775696700,25302,25302,25285.75,25292.5
1775697000,25293,25299.5,25282,25289.5
1775697300,25290.5,25293,25282.5,25285.5
1775697600,25285.75,25287,25270,25277.5
1775697900,25277.75,25285,25271.25,25276.5
1775698200,25279,25298.5,25273.25,25296.25
1775698500,25295.5,25296,25288,25293.5
1775698800,25293.75,25303.5,25290.25,25294.5
1775699100,25294.25,25302.75,25283.75,25300.5
1775699400,25301.5,25313.75,25300.75,25309
1775699700,25309,25315,25307,25312.25
1775700000,25312.25,25322.75,25312.25,25315.75
1775700300,25315.5,25331.25,25314.5,25320.75
1775700600,25320.25,25322,25312.5,25317.75
1775700900,25317,25329.5,25313.5,25327.75
1775701200,25327.5,25329,25316.75,25320
1775701500,25322,25322,25314.5,25316.25
1775701800,25316.25,25327.5,25315.75,25319.75
1775702100,25321,25324.75,25317.25,25323.5
1775702400,25322.25,25325.75,25316.25,25322.5
1775702700,25323.75,25330.75,25323.75,25329.75
1775703000,25329.5,25340.25,25328.25,25333.25
1775703300,25332.75,25332.75,25320.25,25320.5
1775703600,25321.25,25323.5,25315.25,25319.25
1775703900,25319.75,25326.75,25315,25321
1775704200,25321.5,25322.5,25315.25,25318.25
1775704500,25317,25317,25309.5,25309.75
1775704800,25309.75,25311,25305.75,25309
1775705100,25309,25311.5,25307.5,25309
1775705400,25308.75,25319.75,25308.25,25317.5
1775705700,25317.5,25323.5,25312,25314.5
1775706000,25314.5,25316,25306.25,25311.75
1775706300,25312.5,25312.5,25298.5,25306.25
1775706600,25308.25,25313.75,25303.75,25309
1775706900,25309.25,25317,25305.25,25308
1775707200,25309,25312,25299,25301.75
1775707500,25302.5,25306.25,25299,25303
1775707800,25303.5,25309.5,25303.5,25305.75
1775708100,25307.75,25309,25299.75,25302.5
1775708400,25302.5,25302.5,25297.25,25301.25
1775708700,25301,25304.25,25298,25303
1775709000,25303,25304,25295.5,25300.25
1775709300,25300,25305.5,25300,25303
1775709600,25301.75,25310,25301.75,25305.25
1775709900,25304.75,25309,25302.25,25306.5
1775710200,25306,25313.25,25305,25310.75
1775710500,25311,25311.75,25301.25,25303.5
1775710800,25304,25308.75,25301.5,25303
1775711100,25302.25,25304.25,25294,25294.5
1775711400,25295.25,25301.25,25283.75,25301.25
1775711700,25300.75,25317.25,25300.75,25314.75
1775712000,25313.75,25319.5,25310.25,25311
1775712300,25312.75,25322.5,25311.25,25322.25
1775712600,25322.25,25325.5,25317.25,25321
1775712900,25320.5,25336.5,25316,25327.5
1775713200,25328.25,25331,25322.75,25329.25
1775713500,25329,25329.75,25313,25316.75
1775713800,25316.75,25319.25,25311.5,25313.25
1775714100,25315,25318.75,25313.25,25318
1775714400,25319.5,25348.5,25318,25341
1775714700,25341.5,25342.25,25326.5,25327.75
1775715000,25327.25,25332.75,25319.25,25322.25
1775715300,25322.25,25327.5,25318.5,25321.5
1775715600,25320.5,25322.75,25314.25,25317.25
1775715900,25318.5,25328.5,25316.25,25326.75
1775716200,25326.5,25331.75,25317.75,25323.25
1775716500,25322.25,25326.5,25319.5,25324.5
1775716800,25325.5,25327.75,25321.75,25327.25
1775717100,25325.75,25329.5,25307.25,25311.5
1775717400,25312.5,25318.5,25306.5,25315.75
1775717700,25316,25330.25,25316,25328.5
1775718000,25329.25,25338.25,25317.75,25318
1775718300,25317.5,25320,25304.25,25305.5
1775718600,25305,25312.5,25301.5,25309.75
1775718900,25309.25,25311,25287,25295.5
1775719200,25297.5,25304.5,25286.25,25304.5
1775719500,25304.5,25304.5,25295,25300
1775719800,25302.5,25307.25,25282.5,25282.75
1775720100,25284,25292.75,25280.25,25288.25
1775720400,25287.25,25287.25,25261.75,25266.5
1775720700,25267,25270.75,25255,25263.5
1775721000,25263.25,25270.5,25254.5,25268.25
1775721300,25268.5,25276.25,25268.5,25274.5
1775721600,25275.5,25280.5,25257.25,25270.75
1775721900,25270.75,25270.75,25245.75,25251.75
1775722200,25252,25253.75,25242.75,25246.75
1775722500,25246.5,25256.75,25242.5,25251.5
1775722800,25252.5,25262.25,25248.75,25259.25
1775723100,25260.5,25263.75,25247.5,25251.75
1775723400,25251.5,25272.25,25251.5,25267.5
1775723700,25267.75,25276.75,25263.75,25271.5
1775724000,25271,25288.5,25266.75,25288.25
1775724300,25288.25,25296.25,25275,25275.25
1775724600,25275.25,25276,25262.5,25266
1775724900,25265.25,25270,25257.5,25262.25
1775725200,25262,25263,25253.75,25257.25
1775725500,25258.5,25278.75,25258,25276
1775725800,25276.25,25290,25274.5,25287.75
1775726100,25287,25301.25,25285.25,25295.25
1775726400,25296,25300,25287,25295
1775726700,25294,25305.5,25291.75,25302.25
1775727000,25301.5,25303.5,25290.5,25294.25
1775727300,25294.5,25295.75,25282.5,25294.5
1775727600,25294,25296.75,25291.5,25293.25
1775727900,25293.25,25301,25292.25,25297
1775728200,25296.5,25302.75,25290.5,25301
1775728500,25301.25,25308,25299.25,25305.75
1775728800,25306.75,25315.5,25298,25305.5
1775729100,25304.75,25312.5,25297,25303.25
1775729400,25303.5,25307.5,25298.25,25301.75
1775729700,25301.5,25304.75,25291.75,25297.25
1775730000,25297.25,25315,25294.75,25314.5
1775730300,25314.5,25316.5,25308.75,25312
1775730600,25310.5,25313.25,25301,25301
1775730900,25300.25,25301,25292.5,25297
1775731200,25298,25309.25,25293,25308
1775731500,25306.75,25314,25300.5,25313
1775731800,25312.5,25313,25287.5,25297.25
1775732100,25296.75,25297.75,25270.5,25274
1775732400,25273.25,25288.25,25267.5,25278
1775732700,25276.5,25281.25,25269.5,25279.25
1775733000,25280.25,25284.75,25274.25,25281.5
1775733300,25280.5,25281,25273,25274.25
1775733600,25274.75,25282.5,25272.5,25278.5
1775733900,25278,25278.75,25266.25,25273.5
1775734200,25274.5,25290.5,25272.5,25288.5
1775734500,25289.25,25305.75,25279.75,25305.75
1775734800,25305,25324.5,25302,25314.5
1775735100,25314.25,25328.5,25310.25,25316.5
1775735400,25316.5,25322.25,25312.5,25317.25
1775735700,25317.25,25325.5,25314.5,25319.5
1775736000,25319.75,25332,25319,25322.5
1775736300,25322.75,25336.5,25321.75,25335.75
1775736600,25335.75,25340.25,25323.25,25324.5
1775736900,25324.5,25334.5,25321.25,25329
1775737200,25329.25,25330.25,25316.5,25322.75
1775737500,25322.5,25329,25319.5,25327.25
1775737800,25327,25336,25306,25316.25
1775738100,25317,25334.25,25313,25319.5
1775738400,25318.75,25353,25315,25329.25
1775738700,25328.75,25338.25,25311.5,25328
1775739000,25328,25332,25312,25315.75
1775739300,25315.75,25323.5,25311,25318.25
1775739600,25318.75,25338.75,25316,25333
1775739900,25334.25,25339.5,25321.5,25322.25
1775740200,25322.5,25337,25320.25,25333.5
1775740500,25333.5,25339.5,25327.5,25331.5
1775740800,25331,25338.5,25326.75,25334
1775741100,25334,25372.25,25330.75,25370
1775741400,25370.5,25393,25308.5,25317.5
1775741700,25318,25368.5,25310.75,25352
1775742000,25351.25,25398.5,25332.5,25389.5
1775742300,25390,25401,25350.75,25365
1775742600,25364.5,25364.5,25304.25,25309.5
1775742900,25309.75,25330,25295,25322.75
1775743200,25322.5,25334,25298,25325
1775743500,25324,25345.5,25304.25,25305.5
1775743800,25305.25,25337.75,25290.5,25301.5
1775744100,25301.75,25302.5,25265.5,25278
1775744400,25278.75,25297.5,25270.25,25288
1775744700,25287,25287.75,25253.25,25271.25
1775745000,25271.25,25278.75,25252,25265.5
1775745300,25266.25,25277.5,25250,25273.5
1775745600,25273,25288.5,25266.5,25276
1775745900,25275.75,25307.25,25273.75,25300.5
1775746200,25299.5,25327.5,25296.25,25325.5
1775746500,25325,25343,25313.5,25330.75
1775746800,25331,25334.25,25305.5,25320.25
1775747100,25320.5,25326.25,25305.5,25315.25
1775747400,25316,25368.5,25314.5,25362.25
1775747700,25362.25,25392.5,25362.25,25388
1775748000,25388,25395.25,25367.5,25379.25
1775748300,25379,25379.5,25340.75,25347.5
1775748600,25347.75,25446.25,25338,25411.75
1775748900,25412.25,25433.25,25379.5,25399
1775749200,25399,25432.5,25398.5,25415.25
1775749500,25415,25467.75,25397.5,25441.5
1775749800,25441.75,25467.25,25435.25,25466.75
1775750100,25466,25487.25,25464.25,25478.5
1775750400,25478.5,25555.25,25478,25526.5
1775750700,25526.25,25539,25507.25,25515.75
1775751000,25515.75,25530.5,25497.75,25498
1775751300,25498.25,25530.75,25493.25,25528
1775751600,25527.5,25532.25,25504.75,25506
1775751900,25505.25,25514.75,25497.25,25506
1775752200,25506.5,25509.75,25483.75,25491
1775752500,25491,25492.25,25464.25,25475.5
1775752800,25475,25477.5,25458.25,25471
1775753100,25470.5,25470.5,25451.25,25459.25
1775753400,25459.5,25502.25,25459.5,25492.75
1775753700,25493.5,25496.75,25478.25,25486
1775754000,25486.25,25498.25,25477.5,25497.75
1775754300,25498.25,25525,25490.5,25515
1775754600,25514.5,25531.5,25507.75,25517.75
1775754900,25517.5,25542.5,25513.75,25532.5
1775755200,25533.5,25537.5,25519,25522.25
1775755500,25522.5,25526.5,25511,25512.75
1775755800,25513.75,25513.75,25478.5,25502.5
1775756100,25502.75,25544,25502.25,25539.25
1775756400,25539.75,25546.5,25516.5,25524.5
1775756700,25524.25,25534.25,25517.25,25528.5
1775757000,25529,25529.25,25506,25518.25
1775757300,25517.75,25518.25,25507.5,25516.25
1775757600,25516.5,25520.75,25440.25,25454.75
1775757900,25455,25482.5,25454.5,25473.25
1775758200,25472.5,25480.5,25453,25466
1775758500,25465.75,25481.5,25457.5,25467.5
1775758800,25467.75,25475.75,25440.5,25446.75
1775759100,25447,25462.75,25434.5,25452
1775759400,25451.75,25461.25,25435.25,25443.5
1775759700,25443.5,25481,25440.75,25476.5
1775760000,25477,25481,25453.75,25461.25
1775760300,25461.5,25473.5,25456,25472
1775760600,25471.25,25474,25451.25,25467
1775760900,25467.5,25479.5,25465.75,25469.25
1775761200,25469.75,25502.75,25465.25,25495.75
1775761500,25495.25,25510.5,25482,25509.5
1775761800,25509.75,25519.75,25506.75,25510.75
1775762100,25510,25518.5,25495,25499.25
1775762400,25499.25,25507.75,25494.25,25505.5
1775762700,25505.5,25517.25,25505.5,25512.25
1775763000,25512,25543.5,25510,25532.75
1775763300,25532.75,25543.75,25525,25533.75
1775763600,25533.75,25538,25521.5,25536.25
1775763900,25536,25549.5,25529,25537
1775764200,25536.25,25559.25,25533.25,25553.75
1775764500,25554,25555.5,25531.5,25538.5
1775764800,25538.25,25543.75,25518.5,25520
1775765100,25520.5,25528,25509.75,25523.75
1775765400,25523.75,25532.25,25522.75,25525
1775765700,25525.75,25526.75,25519,25520.25
1775766000,25520,25531.25,25519.5,25529.5
1775766300,25529.5,25532,25525.5,25529.25
1775766600,25529.25,25542.5,25528.5,25539.75
1775766900,25539.25,25543.25,25537.5,25539.25
1775767200,25538.75,25542.5,25537,25539
1775767500,25539.5,25541.75,25533.75,25536.5
1775767800,25536,25538.5,25531.5,25534.5
1775768100,25535.75,25536.75,25525,25534.25
1775772000,25526.5,25540.25,25514.75,25537.75
1775772300,25538.75,25544.25,25528,25538.75
1775772600,25540,25542.5,25535.75,25541.75
1775772900,25540.5,25543.25,25533.75,25537.5
1775773200,25537.25,25541.5,25532.75,25534.75
1775773500,25534.75,25542.5,25501.75,25505.75
1775773800,25505.75,25522.75,25502.25,25512.75
1775774100,25513.75,25520.5,25511,25513.25
1775774400,25514.25,25522.25,25512,25515.25
1775774700,25514,25514.5,25503.5,25511.5
1775775000,25512.5,25512.75,25503.5,25506.75
1775775300,25508,25508.5,25492.25,25496.25
1775775600,25498.75,25499.75,25482.5,25489.75
1775775900,25489.5,25503.25,25487.75,25502
1775776200,25502.25,25503.5,25497,25502
1775776500,25501.5,25504.75,25496.5,25500
1775776800,25499,25501.25,25495.75,25497.75
1775777100,25497.75,25500.75,25497.75,25499.25
1775777400,25500,25511.75,25497.5,25503.5
1775777700,25504.5,25504.5,25497,25499
1775778000,25498.75,25504.5,25497.75,25504
1775778300,25503.75,25527.5,25500.5,25517.75
1775778600,25518.25,25523.5,25514.25,25522.5
1775778900,25522,25522.75,25508,25513.5
1775779200,25513.5,25514.25,25497,25501.5
1775779500,25502.75,25512.75,25495.5,25503.75
1775779800,25505,25506.5,25496.75,25504
1775780100,25502.75,25515,25497.5,25513
1775780400,25513,25524.5,25512.25,25514.5
1775780700,25514,25526.25,25514,25524
1775781000,25524.25,25531,25521,25527.25
1775781300,25528,25542.25,25528,25536.75
1775781600,25537.5,25540.5,25533.25,25536
1775781900,25535.75,25537.5,25531,25537.5
1775782200,25538.5,25544.75,25534.75,25537.25
1775782500,25538.5,25569.5,25531.25,25560
1775782800,25560,25561.25,25547.5,25552.75
1775783100,25554,25557.25,25550,25555.5
1775783400,25556,25556,25547,25548.75
1775783700,25548.25,25554.25,25545.25,25551.75
1775784000,25552.5,25558.5,25549.5,25555
1775784300,25554.75,25568.75,25554.75,25568.75
1775784600,25568,25585.75,25563.75,25582
1775784900,25582.75,25588,25580.25,25583
1775785200,25582.25,25586.75,25576.75,25582
1775785500,25581.75,25586.5,25576,25585
1775785800,25584.25,25584.25,25574.75,25581.25
1775786100,25581,25582.25,25572.75,25574.5
1775786400,25574.25,25579.75,25557.5,25559
1775786700,25559.5,25571.75,25558.5,25569.25
1775787000,25569,25569.25,25559,25561.75
1775787300,25562.25,25563.25,25548.75,25550.25
1775787600,25549.75,25555.5,25543.5,25554.5
1775787900,25555,25557.5,25549.75,25551.5
1775788200,25551.25,25561,25549.5,25558
1775788500,25558.25,25561,25553.75,25560.25
1775788800,25558.5,25568,25557.75,25563
1775789100,25562.5,25566.5,25560.75,25562.5
1775789400,25561.75,25567.25,25561.25,25563.25
1775789700,25563,25565,25562.25,25562.5
1775790000,25563.75,25571,25563.75,25571
1775790300,25570,25577.75,25566.75,25572.25
1775790600,25571.25,25576.75,25570,25576.25
1775790900,25575.5,25577,25572,25575.25
1775791200,25575.25,25576.25,25571,25574
1775791500,25573.25,25573.25,25560.5,25561.75
1775791800,25561.5,25582,25561.5,25576.5
1775792100,25577.75,25593.25,25574.75,25581.5
1775792400,25581.5,25585.75,25579,25580.75
1775792700,25581.25,25586.5,25576.75,25581
1775793000,25580.5,25583.5,25573,25583
1775793300,25582.5,25584.5,25579.5,25581.25
1775793600,25581.25,25582.75,25578,25581.25
1775793900,25580.25,25580.25,25565,25570.75
1775794200,25570.75,25573,25566.75,25568.25
1775794500,25568.25,25571.25,25567.75,25569.75
1775794800,25570.5,25573,25562,25563.75
1775795100,25565,25568.5,25563.5,25566.5
1775795400,25566.25,25569.25,25565.25,25567
1775795700,25566.25,25566.25,25561.5,25563.25
1775796000,25564.5,25566,25555,25560.75
1775796300,25560.5,25560.5,25557,25558.5
1775796600,25559.25,25563.25,25558.5,25561.25
1775796900,25560.75,25561.25,25556.25,25558.75
1775797200,25559,25574.25,25558.75,25573
1775797500,25573.25,25574.25,25567.25,25569
1775797800,25570,25571.5,25565.5,25566.25
1775798100,25566,25567.25,25562,25565.75
1775798400,25567.5,25571.75,25566.75,25568.25
1775798700,25570.25,25570.5,25558,25558.75
1775799000,25560.25,25565.25,25555.5,25563.75
1775799300,25563.25,25568,25560.75,25564.25
1775799600,25565,25566,25557.25,25558.25
1775799900,25558.75,25562.5,25556.75,25560.5
1775800200,25559.5,25561.5,25551.5,25554.25
1775800500,25552.75,25554.5,25547,25552.5
1775800800,25551.25,25557.5,25544.25,25546.25
1775801100,25546.75,25551.5,25543.5,25546.25
1775801400,25545.5,25546.5,25537.5,25539
1775801700,25538.75,25540.5,25525,25529.75
1775802000,25529.75,25536.25,25527.5,25531.5
1775802300,25531.75,25534.25,25526,25527.25
1775802600,25527.75,25531.5,25524.75,25529.75
1775802900,25530,25532.5,25516.75,25520.75
1775803200,25519,25521.25,25512,25520.25
1775803500,25521,25526.25,25516.5,25516.5
1775803800,25516.5,25523,25508.25,25519
1775804100,25519,25521.5,25515.5,25517.75
1775804400,25518.75,25524.75,25514.75,25523.25
1775804700,25523.5,25534.5,25523,25533.5
1775805000,25533,25536,25516.5,25520.5
1775805300,25523,25524.75,25512.5,25517.75
1775805600,25518.75,25531.25,25517.25,25528.5
1775805900,25528.25,25537.5,25526.75,25535.75
1775806200,25537.25,25540.75,25533.75,25539
1775806500,25538.5,25545.5,25535.25,25540
1775806800,25539,25542,25521,25524.75
1775807100,25525,25527,25518.25,25521.5
1775807400,25521.75,25541,25520.5,25535.25
1775807700,25535,25540.25,25527,25531.5
1775808000,25532.5,25533.25,25517.5,25518
1775808300,25518.5,25521,25510.25,25519
1775808600,25519,25520,25503.25,25507
1775808900,25506.5,25507.5,25492.25,25502.5
1775809200,25502.5,25509.5,25501.75,25509
1775809500,25509.5,25521.5,25509.5,25517
1775809800,25517,25521.5,25512,25517.75
1775810100,25516.5,25516.75,25510.25,25514.25
1775810400,25514.75,25525.25,25514.5,25521.75
1775810700,25521.5,25521.75,25501.25,25507.25
1775811000,25508.25,25510,25493.25,25495.75
1775811300,25496,25501.25,25492.5,25499
1775811600,25499,25510,25499,25508.25
1775811900,25508.5,25509,25495.5,25495.75
1775812200,25495.75,25504.5,25495.75,25502
1775812500,25502.25,25564.25,25500.75,25555.5
1775812800,25555,25559,25513,25519
1775813100,25519.25,25528.5,25515.5,25527.25
1775813400,25527,25532,25511.25,25519.75
1775813700,25521.5,25529.75,25515.25,25515.5
1775814000,25516.75,25528.25,25515.25,25526.25
1775814300,25527,25533.25,25524.5,25531.25
1775814600,25531.75,25550.25,25528.75,25545.5
1775814900,25545.75,25551.5,25541.25,25548.5
1775815200,25548,25557.75,25541.5,25541.5
1775815500,25541.75,25542.5,25530,25541.25
1775815800,25540.75,25542,25534.25,25535.25
1775816100,25534,25552.25,25533,25552
1775816400,25551.75,25563.25,25549.25,25559.5
1775816700,25559.75,25571.5,25558.75,25560
1775817000,25560.75,25561.75,25545,25553.5
1775817300,25554,25554.25,25545.5,25551
1775817600,25551.5,25563.75,25551.5,25555.75
1775817900,25556.25,25560.75,25554,25558
1775818200,25559,25571.25,25556,25566
1775818500,25566.25,25573.25,25559.5,25560.75
1775818800,25561.5,25582.5,25561,25580.75
1775819100,25580,25580.25,25565.5,25567
1775819400,25566.25,25571.75,25559.5,25571.75
1775819700,25571.75,25577.5,25569.75,25574.5
1775820000,25574.75,25588.75,25574.25,25583.75
1775820300,25583.75,25583.75,25578.75,25581.75
1775820600,25580.75,25591.75,25580.75,25583
1775820900,25583.25,25584,25576.5,25578
1775821200,25577.75,25579.5,25568.75,25570.75
1775821500,25570.25,25579,25568.25,25572.5
1775821800,25572.5,25577,25563.5,25569.75
1775822100,25570.75,25570.75,25551.25,25558.25
1775822400,25558.75,25570.75,25555.75,25563.25
1775822700,25562.5,25571.25,25553.25,25567.25
1775823000,25567.75,25572.5,25562.75,25571.25
1775823300,25570.5,25586,25563.25,25578.75
1775823600,25578.25,25578.25,25567.5,25569.75
1775823900,25569,25675.5,25567,25625.75
1775824200,25614,25661.25,25588,25588.25
1775824500,25589.25,25602,25581.25,25602
1775824800,25602.75,25606.75,25588.25,25602
1775825100,25602.5,25609.5,25596.5,25609
1775825400,25608.75,25616,25597.75,25599.5
1775825700,25600.25,25604.75,25588.25,25594
1775826000,25593.5,25603.25,25585,25592.75
1775826300,25592,25606.75,25589.75,25604.75
1775826600,25604,25611.75,25597.5,25608.25
1775826900,25608.75,25608.75,25592.5,25595.25
1775827200,25594.75,25605.75,25592.5,25598.25
1775827500,25599.25,25605.5,25581.5,25604.75
1775827800,25604.75,25658.75,25598.75,25625.5
1775828100,25626.5,25647,25591.25,25597.5
1775828400,25597,25626.25,25580,25614
1775828700,25614,25644.5,25610.5,25613.25
1775829000,25612.5,25635.5,25590.5,25630.25
1775829300,25630.25,25631.25,25598.25,25610
1775829600,25608.5,25610,25573.75,25579
1775829900,25579.75,25592,25562.25,25576.75
1775830200,25576.75,25617,25557.5,25612.25
1775830500,25612,25628.25,25601.75,25624.25
1775830800,25623.75,25633.25,25610,25630.25
1775831100,25630.5,25642.5,25619.5,25630
1775831400,25631,25663.25,25627.5,25644
1775831700,25644.75,25653.5,25629.25,25634.75
1775832000,25636.25,25645,25595.75,25609.25
1775832300,25610.75,25633.5,25602.25,25606.5
1775832600,25606.5,25640.5,25605.75,25610.75
1775832900,25611.75,25647.5,25600.5,25642
1775833200,25642,25648,25627.5,25629.5
1775833500,25629.5,25651.75,25617.75,25645
1775833800,25644.75,25661.25,25635.75,25659.25
1775834100,25658.25,25671.25,25656,25659.5
1775834400,25659.75,25682.5,25655.25,25678
1775834700,25678,25678,25633.75,25637.5
1775835000,25637.75,25647,25612.75,25623.75
1775835300,25624,25628.25,25588,25591.5
1775835600,25591.5,25597.25,25575.75,25593
1775835900,25593,25604,25578,25586.75
1775836200,25586.5,25594,25565.75,25568.75
1775836500,25568.25,25569.5,25534.25,25554
1775836800,25554,25559.5,25537.75,25546.25
1775837100,25546,25559.25,25541.5,25551
1775837400,25550.75,25590,25550.25,25582.75
1775837700,25582.75,25591,25573,25579
1775838000,25579,25583.5,25560,25582
1775838300,25582,25582.25,25560.5,25565.25
1775838600,25565.25,25573.5,25546.25,25555.75
1775838900,25556.5,25556.75,25536.25,25540
1775839200,25539.75,25544.25,25511.75,25516.75
1775839500,25517.25,25540.5,25514.75,25539
1775839800,25538.75,25561.25,25530,25553.5
1775840100,25553.75,25556.5,25545,25554
1775840400,25555,25555.75,25523.5,25524.5
1775840700,25525,25537.5,25517.25,25533.75
1775841000,25533.25,25542.5,25522.25,25537.5
1775841300,25537.75,25546.25,25525.75,25541.5
1775841600,25542,25542,25517.5,25529.25
1775841900,25530.25,25542.5,25520.75,25523
1775842200,25522.25,25538.5,25512.75,25526.75
1775842500,25526.5,25534.5,25517.75,25531.25
1775842800,25530.5,25546.75,25523.75,25542.75
1775843100,25543,25548,25538.25,25543.5
1775843400,25543.75,25564.25,25542.5,25562.5
1775843700,25562.75,25565.5,25556.75,25561.5
1775844000,25561.25,25563.5,25538,25540.5
1775844300,25539.5,25545,25529.75,25537
1775844600,25536.25,25550.5,25534.25,25544.25
1775844900,25544,25562.75,25544,25560.25
1775845200,25560.25,25570.75,25557.25,25562.5
1775845500,25562.5,25563,25552.25,25557
1775845800,25556.5,25560.5,25546.25,25547.5
1775846100,25547.25,25553.5,25541,25546.25
1775846400,25546.75,25549.25,25528,25536.25
1775846700,25536,25540,25532.75,25536
1775847000,25536.25,25546.75,25533.5,25546.5
1775847300,25546,25552.5,25540.5,25550.25
1775847600,25550.75,25565.25,25548.5,25563
1775847900,25563,25569.25,25560.5,25564
1775848200,25564,25583.75,25562.25,25583
1775848500,25582.75,25586.25,25573.25,25585
1775848800,25585.5,25591.5,25577,25583.25
1775849100,25582.5,25585.75,25574.25,25584
1775849400,25584.75,25584.75,25570.25,25572
1775849700,25572.25,25576,25555,25561
1775850000,25560.25,25572,25549,25566.5
1775850300,25566.5,25575,25553,25560
1775850600,25560,25576,25554,25560.5
1775850900,25560.25,25579.75,25550.75,25573.75
1775851200,25573.75,25579,25566.25,25574.25
1775851500,25573.75,25584.75,25569.75,25584
1775851800,25584.5,25591.75,25580,25585
1775852100,25585.5,25592,25584.5,25588.5
1775852400,25588,25593,25586.5,25592
1775852700,25592.5,25600,25590,25594.75
1775853000,25594.5,25607.5,25590.5,25602
1775853300,25601.25,25604.25,25598.25,25604
1775853600,25604.25,25610.5,25603,25609
1775853900,25608.75,25611,25598.25,25602.25
1775854200,25602.25,25606.75,25601.25,25606
1775854500,25605.75,25627.5,25604.75,25622.5
1776031200,25269.5,25297.5,25194,25250.25
1776031500,25250.75,25289.25,25245.5,25281.5
1776031800,25281.5,25308.75,25276.5,25290.25
1776032100,25291,25291,25250,25253.25
1776032400,25253,25271.25,25251,25263.25
1776032700,25263.25,25266,25232,25243.5
1776033000,25244.25,25245.25,25217.75,25243.75
1776033300,25244,25255,25239,25245.75
1776033600,25243.75,25246.25,25224,25231.25
1776033900,25233,25240,25228.5,25230.75
1776034200,25231.5,25248,25229,25240.75
1776034500,25241,25250.75,25233.5,25245.75
1776034800,25246.75,25247.75,25220,25226.25
1776035100,25227.75,25239.5,25219,25231.75
1776035400,25231.5,25239.25,25231.25,25235.25
1776035700,25236,25243.75,25225.75,25232.5
1776036000,25232.25,25232.5,25223.5,25227.75
1776036300,25228.25,25234.5,25228.25,25234
1776036600,25234.5,25235,25221.75,25222.5
1776036900,25222.5,25226,25217.75,25223
1776037200,25223.5,25226.75,25218.25,25225.5
1776037500,25225,25226.75,25211.5,25216.25
1776037800,25216.5,25267.75,25216.5,25260
1776038100,25258.5,25278.75,25256,25273.5
1776038400,25273.5,25277.5,25239.5,25248.75
1776038700,25248,25281,25247.25,25278.5
1776039000,25278.5,25299,25274.75,25295.5
1776039300,25294.75,25299,25288.25,25289.25
1776039600,25288.5,25292.5,25280.25,25289.5
1776039900,25289.5,25296.75,25285,25286
1776040200,25285.5,25311,25278,25303
1776040500,25302.5,25308.75,25299.75,25300.5
1776040800,25301.5,25314,25298,25301.25
1776041100,25301.75,25317.5,25300.25,25315.75
1776041400,25316.25,25345.5,25313.5,25339.5
1776041700,25340.75,25345.25,25335.5,25344.5
1776042000,25345,25361.25,25345,25356.25
1776042300,25355.75,25356,25341.5,25348.75
1776042600,25348,25372.75,25347.5,25362.5
1776042900,25361.5,25364.25,25353.75,25356.5
1776043200,25357.75,25363.5,25350.25,25350.75
1776043500,25352,25367.5,25352,25363.25
1776043800,25362,25372.25,25355,25370.25
1776044100,25369.75,25375.5,25361.5,25363
1776044400,25363.25,25365.25,25348.5,25352.5
1776044700,25351.75,25368,25349,25361
1776045000,25361.5,25372,25360.5,25365
1776045300,25364.5,25383.25,25364,25372.5
1776045600,25372.75,25375,25363,25365.75
1776045900,25366.75,25368,25357.75,25359
1776046200,25360,25360.25,25346.75,25351.75
1776046500,25352.75,25358.25,25350.75,25356.5
1776046800,25355.75,25360.75,25349.5,25352
1776047100,25351.5,25355,25346,25351
1776047400,25351.5,25356,25346,25352.75
1776047700,25352.25,25354.25,25348,25352
1776048000,25351.5,25358,25349.75,25355
1776048300,25355.25,25367,25354.25,25354.5
1776048600,25354,25359.5,25353.25,25358.5
1776048900,25359.25,25372,25359,25366.75
1776049200,25367.25,25373.75,25359.5,25361
1776049500,25361,25361,25351,25352
1776049800,25352,25352.75,25343.5,25345
1776050100,25344.5,25350.75,25343.5,25346.75
1776050400,25346.25,25359,25345.5,25354.75
1776050700,25354.75,25367,25354.25,25361.5
1776051000,25360.75,25363.5,25353.75,25354.5
1776051300,25356,25356.5,25346.25,25347.75
1776051600,25347.75,25360.25,25347.75,25358
1776051900,25359,25359.5,25346.75,25350
1776052200,25351.75,25353.25,25347,25348
1776052500,25348.75,25352,25348.25,25349.25
1776052800,25349.25,25350.75,25339,25346
1776053100,25345.25,25350.25,25342,25347.75
1776053400,25349,25356,25345.25,25353
1776053700,25353.5,25365.5,25352,25364
1776054000,25365,25365.5,25348.5,25355.25
1776054300,25356.25,25364.5,25356.25,25360.25
1776054600,25361.25,25364.75,25355.75,25359.5
1776054900,25360,25360.75,25353.5,25354.5
1776055200,25356.75,25365.75,25355.25,25357
1776055500,25356.75,25358,25352.75,25358
1776055800,25356.75,25370.25,25354,25369.5
1776056100,25369.75,25385.5,25369,25370.5
1776056400,25370.5,25373,25361.5,25368.25
1776056700,25368.75,25371.75,25360.25,25360.5
1776057000,25360.5,25364,25353.75,25357.25
1776057300,25358.75,25362,25348.75,25351.75
1776057600,25352.75,25378.75,25351,25372.25
1776057900,25372,25376.75,25366.5,25368
1776058200,25369.25,25369.5,25353.5,25364.5
1776058500,25365.5,25369.25,25360,25361.25
1776058800,25360.25,25363,25357.5,25361
1776059100,25361.25,25369,25361.25,25364.5
1776059400,25365.25,25366,25359.5,25364.25
1776059700,25364.75,25374.5,25363,25369.25
1776060000,25369.5,25382,25368.25,25378.5
1776060300,25377.5,25380.75,25367.5,25375.25
1776060600,25377,25381.75,25370.25,25377.5
1776060900,25377.75,25397.5,25377,25393.75
1776061200,25392.25,25408.5,25388.75,25404.25
1776061500,25404,25408.5,25396.75,25398
1776061800,25399.25,25403.75,25387.75,25392.5
1776062100,25393,25397.75,25387,25392
1776062400,25392.25,25395,25389.25,25391
1776062700,25391.75,25401.5,25389.25,25393.5
1776063000,25395,25398.5,25392.5,25398
1776063300,25398,25405,25396.5,25405
1776063600,25405,25417.75,25405,25413.5
1776063900,25414,25415.5,25398.25,25400.25
1776064200,25400.75,25407.5,25399.75,25403.75
1776064500,25402,25411,25396.5,25408.25
1776064800,25408.75,25410.5,25379.5,25380.5
1776065100,25382.25,25400.5,25377.5,25399.25
1776065400,25400,25406.5,25392.75,25394
1776065700,25395,25400.75,25389.75,25399.25
1776066000,25398.25,25403.25,25395,25401
1776066300,25401,25402,25384,25390
1776066600,25391,25391.75,25382.5,25387.25
1776066900,25387.5,25393,25386.5,25391
1776067200,25390.5,25419.75,25389.25,25416
1776067500,25415.25,25416.75,25396.25,25402
1776067800,25402.25,25407.5,25399,25401.5
1776068100,25400.75,25404.75,25393.75,25400.5
1776068400,25400.75,25409,25393.5,25403.25
1776068700,25405,25411.25,25403.75,25408
1776069000,25407.75,25412.5,25395.25,25401.25
1776069300,25399.75,25404,25383.75,25385.5
1776069600,25385,25393.25,25379.25,25392.5
1776069900,25392.75,25400.25,25386,25394
1776070200,25393.75,25398,25389.25,25397.75
1776070500,25396.75,25399.5,25387,25387.25
1776070800,25387.5,25417.75,25387.25,25407.5
1776071100,25408.75,25416.25,25399.5,25401
1776071400,25402,25403,25395.5,25399.25
1776071700,25399.5,25410,25397,25409.25
1776072000,25408.5,25413.25,25406.75,25409.5
1776072300,25408.75,25419,25406.75,25411.5
1776072600,25411.5,25418.25,25410.5,25418.25
1776072900,25418,25422.5,25413.25,25414.75
1776073200,25413.75,25417.75,25405.25,25409
1776073500,25408.5,25410.5,25402.25,25403.5
1776073800,25402.75,25406.25,25397.5,25404.5
1776074100,25404.5,25411.75,25403,25405.5
1776074400,25406,25412.75,25404.5,25407.75
1776074700,25408.75,25410.5,25402.25,25409.25
1776075000,25410,25413.25,25405.75,25409.75
1776075300,25408.25,25409.25,25399,25403.25
1776075600,25402.25,25408.5,25399.25,25402.25
1776075900,25402.25,25408.75,25400.75,25408.5
1776076200,25410.25,25414.75,25405.25,25412
1776076500,25412.25,25412.75,25403.25,25407.5
1776076800,25407,25408.75,25401.5,25408.5
1776077100,25408.25,25420.75,25405,25416.25
1776077400,25416,25420.25,25412.5,25414.75
1776077700,25415.5,25453.75,25415.5,25446.25
1776078000,25446,25484.25,25446,25462.75
1776078300,25461.25,25467,25449.25,25450
1776078600,25449.75,25454,25445.25,25451.75
1776078900,25451.75,25452.75,25436.5,25441
1776079200,25441.25,25449.5,25426.25,25434.5
1776079500,25434.5,25440.25,25424,25428.5
1776079800,25427.5,25431,25411.5,25411.75
1776080100,25411.25,25415.5,25393.5,25405
1776080400,25404.75,25413,25396.25,25412.25
1776080700,25413.5,25418.75,25395.75,25401
1776081000,25400.75,25400.75,25381.5,25388
1776081300,25389,25390.25,25374,25378.75
1776081600,25379.75,25400.75,25363,25375.75
1776081900,25376.75,25397,25376.75,25396.75
1776082200,25395.5,25408.5,25394.75,25405.5
1776082500,25406,25411.25,25402.25,25407
1776082800,25406.75,25412.5,25402,25406.75
1776083100,25406.75,25418.5,25406.5,25414.25
1776083400,25415.25,25435.25,25409.75,25429.75
1776083700,25430.5,25431.25,25420.75,25430
1776084000,25430,25442,25429,25437.75
1776084300,25438,25464.25,25437.25,25457
1776084600,25456.75,25464.75,25453.5,25464.25
1776084900,25463.25,25469,25453.75,25458.25
1776085200,25457.75,25470.75,25456.25,25466.75
1776085500,25466.5,25469,25446,25452
1776085800,25451.5,25470.5,25448.25,25468.5
1776086100,25468.25,25479.75,25456.25,25477.75
1776086400,25477.5,25493.5,25472.5,25493
1776086700,25492.25,25507,25483,25504.75
1776087000,25505.25,25527.75,25486,25510.5
1776087300,25511.25,25511.5,25463.5,25486.75
1776087600,25487.25,25504.25,25468.75,25471.5
1776087900,25471.75,25568.25,25449.5,25560.5
1776088200,25561,25589,25518.25,25560.25
1776088500,25560.5,25599.5,25545.75,25597.5
1776088800,25596.25,25615.25,25577,25606
1776089100,25606.25,25622.5,25590.25,25599.5
1776089400,25599.5,25599.5,25565.25,25571
1776089700,25571.75,25573,25541.5,25562.25
1776090000,25562,25589.25,25535,25584.75
1776090300,25585.5,25588.25,25567.75,25585.75
1776090600,25585.75,25601,25577,25594
1776090900,25594.25,25594.5,25566.5,25580.25
1776091200,25580,25608.75,25576.75,25605.5
1776091500,25605.75,25609,25582.5,25589
1776091800,25589.5,25628.25,25583.5,25619.25
1776092100,25619,25650.25,25608.5,25641.25
1776092400,25641.5,25642.25,25597.5,25599.75
1776092700,25600.25,25624.5,25595.75,25619
1776093000,25618.75,25640.75,25609.75,25620.5
1776093300,25621.5,25629.5,25604.5,25607
1776093600,25606.75,25628.25,25606,25609.25
1776093900,25609.5,25619,25600,25601.75
1776094200,25602.5,25607.25,25586,25601.25
1776094500,25601.25,25644.5,25595.5,25630
1776094800,25629.75,25633.75,25602.5,25609.5
1776095100,25610,25617.5,25601,25609.5
1776095400,25609.5,25611,25592,25592.25
1776095700,25592.25,25606.75,25587.25,25599
1776096000,25598.5,25605,25574.25,25582.75
1776096300,25582.75,25633.75,25572,25604
1776096600,25603.25,25618.5,25597.25,25604
1776096900,25603.75,25622.5,25594.5,25618
1776097200,25618.5,25649.25,25618,25644.75
1776097500,25644.5,25686,25641.25,25674.5
1776097800,25674.75,25698.75,25660,25670.5
1776098100,25669.5,25713,25669.25,25675
1776098400,25674.25,25688,25634.75,25670
1776098700,25670.5,25704.75,25662.75,25691.25
1776099000,25691.75,25724.5,25683,25689
1776099300,25688.75,25706.75,25676.5,25700.25
1776099600,25700.5,25711.75,25693.5,25707.25
1776099900,25707,25711.25,25686.25,25694.75
1776100200,25694.5,25704.5,25692.5,25703
1776100500,25703,25729,25700.25,25720.5
1776100800,25720.25,25720.5,25709,25710.25
1776101100,25710.5,25720.5,25709.25,25719.5
1776101400,25719,25728,25712,25714.25
1776101700,25713.75,25720.25,25705.75,25715
1776102000,25714.25,25721.25,25708.75,25709.5
1776102300,25709.75,25709.75,25699,25699.75
1776102600,25699.5,25703.75,25688.25,25698.25
1776102900,25698.25,25705.5,25692.5,25693.5
1776103200,25694,25713,25693.5,25706.75
1776103500,25706.25,25712.75,25702.25,25709.75
1776103800,25709.75,25714.75,25704,25706
1776104100,25706.25,25707.75,25697.25,25697.5
1776104400,25697.5,25701,25689.5,25690.75
1776104700,25691.5,25696,25685.5,25689.25
1776105000,25688.75,25701.25,25686.5,25701.25
1776105300,25700.5,25710,25698,25708
1776105600,25708.5,25716,25703.25,25713
1776105900,25713.25,25729.25,25713,25724.5
1776106200,25725,25739.75,25719.5,25738.5
1776106500,25738.25,25744,25733.25,25734.75
1776106800,25735,25743.5,25733.5,25735.5
1776107100,25736.5,25737,25725.5,25733.25
1776107400,25733.25,25733.25,25720.5,25726.75
1776107700,25727.25,25743.75,25724.5,25740.75
1776108000,25740.75,25750,25737.25,25747
1776108300,25746.75,25750.75,25745.5,25748.25
1776108600,25748,25769,25740.25,25763
1776108900,25762.5,25774.75,25755,25758.5
1776109200,25758.25,25761.25,25748,25755
1776109500,25755.25,25764.25,25745.75,25761.25
1776109800,25761,25821.5,25759.75,25811.25
1776110100,25811.75,25839.75,25811.5,25827.75
1776110400,25827.25,25839.5,25823,25831
1776110700,25831,25847.25,25830.5,25836.25
1776111000,25836.5,25849.25,25831.5,25844.75
1776111300,25844.75,25845.75,25837,25841.5
1776111600,25841.5,25853.25,25839.25,25844.5
1776111900,25844.75,25848,25841,25841
1776112200,25841,25857.75,25839.25,25855
1776112500,25854.5,25870.75,25853.25,25855.25
1776112800,25855.75,25859.5,25853,25859.25
1776113100,25859,25867.75,25858.5,25863
1776113400,25862.75,25867.75,25862.75,25865.75
1776113700,25865.5,25888.75,25865,25875
1776117600,25864.75,25876.25,25853.75,25867.75
1776117900,25867.75,25886.75,25864.5,25873
1776118200,25873.25,25877.5,25866.75,25875.25
1776118500,25875,25880.5,25870,25874
1776118800,25874.5,25879.5,25871.75,25872.5
1776119100,25872.75,25874,25870,25870.75
1776119400,25870.75,25875,25867.75,25868.25
1776119700,25869.25,25877.75,25867,25876
1776120000,25877.25,25887,25870.75,25876.75
1776120300,25876,25878,25869,25873.75
1776120600,25875.25,25884.5,25872.75,25882.25
1776120900,25882.5,25887,25878.25,25883.5
1776121200,25883.25,25893.5,25876.5,25886.5
1776121500,25885.75,25905.25,25884,25902.25
1776121800,25902,25908.75,25895.5,25898.5
1776122100,25898.5,25903.25,25897,25899.5
1776122400,25899.25,25899.75,25891.75,25893.75
1776122700,25894.25,25896.25,25890.5,25890.75
1776123000,25890.5,25893,25884.5,25886.25
1776123300,25885.5,25893.25,25884.75,25891.75
1776123600,25890.5,25897,25886.5,25895.5
1776123900,25895,25902.5,25884.75,25885
1776124200,25885.5,25887,25874.5,25877.25
1776124500,25877.75,25881.25,25872.5,25874.75
1776124800,25874.5,25877.75,25863.25,25866.5
1776125100,25866.5,25867,25849.5,25857
1776125400,25857.5,25870.5,25853.25,25868.75
1776125700,25868.75,25877.75,25866.25,25869.5
1776126000,25870,25878.25,25862,25865.5
1776126300,25865,25866.25,25855.75,25864.75
1776126600,25864.25,25885.75,25863.75,25883.25
1776126900,25883.25,25889.5,25880.25,25884.25
1776127200,25884.25,25884.75,25878.5,25882
1776127500,25881.75,25884.25,25875,25875.25
1776127800,25875.75,25882.5,25871.75,25880
1776128100,25880.5,25883.5,25878.25,25879.75
1776128400,25880.25,25880.75,25860.75,25868.25
1776128700,25868.5,25877.5,25868.25,25872.25
1776129000,25872.5,25877.5,25869,25877.5
1776129300,25878,25880,25874.25,25877.75
1776129600,25876.5,25883,25869.75,25872
1776129900,25872.5,25876.5,25871.25,25875
1776130200,25873.5,25873.5,25862.25,25865.75
1776130500,25866.25,25872,25862.5,25870.25
1776130800,25870,25878,25868.25,25875.25
1776131100,25874.5,25877.75,25873,25875.5
1776131400,25874.5,25875.75,25870.75,25873.75
1776131700,25874.5,25875.5,25867.5,25870.75
1776132000,25871.5,25872.25,25865.25,25871
1776132300,25872,25881.25,25872,25880.5
1776132600,25880.5,25886.25,25879.75,25884.75
1776132900,25884,25887.25,25879.75,25880.25
1776133200,25880.25,25880.25,25872.75,25874
1776133500,25873.5,25882.25,25871.75,25880.25
1776133800,25880,25880,25872,25876.25
1776134100,25876.25,25878.5,25873.5,25878
1776134400,25879.5,25886.25,25879.5,25883.25
1776134700,25883.5,25885.5,25882,25883.5
1776135000,25883,25884.25,25879.5,25880.75
1776135300,25880.75,25886.5,25879,25886
1776135600,25885.25,25885.25,25873.5,25876.5
1776135900,25876.75,25876.75,25869.25,25872.5
1776136200,25873.5,25876.5,25872.5,25873
1776136500,25872.75,25875.5,25871,25875
1776136800,25874.5,25875,25868.5,25869.25
1776137100,25869.25,25870,25864,25868
1776137400,25867.75,25870.75,25867,25867.75
1776137700,25867,25867.75,25864.75,25867
1776138000,25866.75,25870.75,25866.5,25869.25
1776138300,25868.75,25870.5,25866,25870.5
1776138600,25870.5,25875.5,25870,25872.25
1776138900,25872,25875.25,25870.75,25872.25
1776139200,25872.5,25874.75,25870.5,25874.25
1776139500,25874.5,25875.25,25871.75,25873.25
1776139800,25872.25,25872.5,25870.25,25871
1776140100,25871.5,25881,25871.25,25879.75
1776140400,25878.75,25882,25874.5,25880.25
1776140700,25880.75,25882.25,25877.25,25878.25
1776141000,25877.5,25879.75,25876.25,25878
1776141300,25878,25880.25,25873.5,25874.75
1776141600,25874.25,25877,25873.5,25875.75
1776141900,25876.5,25883.5,25876.25,25883.5
1776142200,25882.5,25883.25,25881.25,25882.25
1776142500,25882,25884,25881.25,25883.25
1776142800,25883,25883,25879.5,25881.75
1776143100,25881.5,25882.75,25879.75,25882.25
1776143400,25882,25885.5,25880.75,25883.5
1776143700,25883.75,25885.5,25882.25,25883.25
1776144000,25884.5,25887.75,25878.25,25878.25
1776144300,25878.5,25886,25874,25883
1776144600,25882.5,25882.5,25866.75,25868
1776144900,25867.5,25869.5,25861,25863.25
1776145200,25863.25,25870,25863,25866.75
1776145500,25866.75,25871.75,25864.5,25868.25
1776145800,25868.75,25869,25861.5,25865.25
1776146100,25865.5,25866.25,25862.5,25863.75
1776146400,25864,25870.25,25862.75,25867
1776146700,25866.75,25866.75,25857.75,25858
1776147000,25858.75,25866,25856,25863
1776147300,25862.75,25862.75,25855.25,25857.25
1776147600,25857.75,25863.25,25854,25858.75
1776147900,25858.75,25866,25856.25,25863.75
1776148200,25863.25,25869,25859.25,25866.75
1776148500,25867.75,25878.75,25866.75,25876.5
1776148800,25875,25882.75,25873,25876
1776149100,25876,25879,25870.5,25872
1776149400,25872.5,25872.5,25865.5,25867
1776149700,25867.75,25875.5,25865.25,25874.25
1776150000,25875.5,25900.25,25871,25896.25
1776150300,25895,25927,25893.75,25923.75
1776150600,25923.5,25926.5,25900.25,25908.75
1776150900,25909.5,25912,25899,25900
1776151200,25898.75,25921,25898.75,25902.5
1776151500,25901,25915,25899.5,25911.25
1776151800,25912.25,25930.75,25911,25917.5
1776152100,25917,25929.75,25916.75,25925.5
1776152400,25925.75,25933,25905.5,25908.75
1776152700,25908.5,25916.5,25908,25910.75
1776153000,25910.75,25911.5,25896,25902.5
1776153300,25901.75,25910.75,25901.25,25907.5
1776153600,25907.75,25918,25899.25,25915
1776153900,25913.75,25921.25,25910.75,25914.5
1776154200,25912.75,25926.5,25907,25922.5
1776154500,25922,25929.5,25908.5,25922
1776154800,25921,25926.5,25917.75,25921.25
1776155100,25922,25934.5,25922,25934.25
1776155400,25933.25,25943.25,25929.25,25932
1776155700,25931.75,25938.75,25924.25,25938.25
1776156000,25937.25,25946.25,25933.5,25943.5
1776156300,25944,25947.75,25942,25945.5
1776156600,25944.75,25954.5,25944,25952.75
1776156900,25953.25,25953.25,25946,25952
1776157200,25952.5,25963.5,25952.25,25961.5
1776157500,25962.25,25962.5,25952.5,25961.25
1776157800,25961.75,25962.5,25954,25959
1776158100,25958,25962.75,25951.75,25952.75
1776158400,25952.25,25957.75,25948.75,25956.25
1776158700,25955.5,25955.5,25940.75,25941.5
1776159000,25940.5,25940.75,25929.5,25932
1776159300,25932,25937.75,25931.25,25936.25
1776159600,25936.5,25938.75,25929.25,25931
1776159900,25931.5,25931.75,25922.75,25924.5
1776160200,25924.75,25930.25,25921.25,25925.25
1776160500,25925.25,25929.75,25923.5,25927.75
1776160800,25927.5,25928.5,25916.5,25924.75
1776161100,25925.25,25939.25,25924.75,25938
1776161400,25937.75,25942.75,25934.75,25941.75
1776161700,25940.75,25945,25936,25944.5
1776162000,25944.25,25945,25937.75,25944.5
1776162300,25944.5,25944.5,25925.5,25937.5
1776162600,25938,25938.75,25922,25923
1776162900,25923.5,25931.75,25912.5,25917.5
1776163200,25918,25925.25,25912.25,25914.25
1776163500,25914.75,25923.75,25913,25922.25
1776163800,25922.5,25929,25920,25926.25
1776164100,25926.5,25927.75,25914.5,25915.25
1776164400,25914.5,25923.5,25909.5,25922
1776164700,25922,25928.75,25919.5,25924.75
1776165000,25925.25,25935.25,25924.5,25928.5
1776165300,25928.75,25938.5,25927.75,25936.5
1776165600,25936.5,25946.25,25936.5,25945.75
1776165900,25945,25949.25,25942.5,25946.5
1776166200,25945.25,25951.75,25939.75,25942.5
1776166500,25943.75,25947.5,25941.25,25946.75
1776166800,25947.25,25949.75,25942.75,25942.75
1776167100,25943,25951.5,25940.75,25947
1776167400,25946.75,25955,25946.75,25948
1776167700,25947.25,25987.5,25942.5,25956.25
1776168000,25957,25973.5,25955.75,25968.25
1776168300,25968,25979,25967.25,25976.25
1776168600,25976.75,25983.5,25960,25964.25
1776168900,25963.5,25973,25956.25,25972
1776169200,25972,25972,25950,25951
1776169500,25950.75,25990.5,25946,25984
1776169800,25982.25,26012.5,25955.75,25963.5
1776170100,25963.25,25970.75,25956,25969
1776170400,25969,25979.25,25964.25,25968.5
1776170700,25968.5,25970.25,25957,25968.25
1776171000,25968.5,25971,25949.5,25957.75
1776171300,25958.5,25967,25954.75,25965.75
1776171600,25965,25965.25,25955.75,25961.75
1776171900,25962,25966.75,25958,25961.5
1776172200,25961.5,25966,25954.75,25962
1776172500,25961.75,25971.75,25961.75,25969.25
1776172800,25969.25,25969.5,25955.25,25959.5
1776173100,25959.5,25962.75,25941.25,25946
1776173400,25945.75,26017,25945.5,26008
1776173700,26007.5,26036.75,25993,25997.5
1776174000,25997.5,26044.25,25995.75,26038
1776174300,26037.75,26053.25,26018.25,26036.25
1776174600,26037,26051.5,26028.25,26031
1776174900,26030.75,26031.75,26006.75,26011.75
1776175200,26011,26024.25,26001.5,26010.5
1776175500,26011,26049.25,26008.5,26048.25
1776175800,26048,26066.5,26033.5,26064.5
1776176100,26064.5,26076.5,26055.25,26056.5
1776176400,26056.25,26087.5,26054.5,26083
1776176700,26083.25,26095.75,26075.5,26093.25
1776177000,26093.25,26098.5,26080.75,26085
1776177300,26085.25,26107.25,26076.5,26079
1776177600,26078.75,26088.25,26070,26075.75
1776177900,26076,26095.75,26073,26090.75
1776178200,26090.75,26107.25,26078.75,26107.25
1776178500,26107,26109.75,26092.5,26095.5
1776178800,26095.25,26096.5,26072,26072.25
1776179100,26072.75,26074.75,26052,26062.5
1776179400,26062.25,26083.25,26060.5,26075.5
1776179700,26075.25,26103,26072.25,26100
1776180000,26099.75,26120,26095,26113
1776180300,26113,26135.5,26113,26123.5
1776180600,26123,26140.75,26122,26133.5
1776180900,26133,26149.75,26132.5,26144.25
1776181200,26144,26163.5,26138.25,26152.25
1776181500,26153,26174.5,26152,26170.5
1776181800,26170.25,26189.25,26170,26185.75
1776182100,26185.75,26186.25,26164,26165.25
1776182400,26165.5,26185,26161.5,26183.25
1776182700,26183.5,26185.5,26171.5,26179.5
1776183000,26179.25,26185.75,26174.5,26180
1776183300,26180.5,26195.75,26179.75,26194.25
1776183600,26194.25,26207.5,26190,26207
1776183900,26207,26221,26205.25,26217.25
1776184200,26217.25,26224.5,26201.25,26204.75
1776184500,26204,26213.75,26197.5,26210.75
1776184800,26211,26217.25,26206.25,26215.5
1776185100,26215.25,26227.25,26211.75,26224.75
1776185400,26225.25,26227.5,26207.25,26208.75
1776185700,26209.25,26211.75,26193.5,26203.5
1776186000,26203.75,26215.5,26203.75,26205.75
1776186300,26206,26218,26201.25,26202.75
1776186600,26203.25,26215.25,26203,26214
1776186900,26214.25,26241.75,26211.75,26239.75
1776187200,26239.75,26249,26237,26245
1776187500,26245,26246,26230.5,26232.75
1776187800,26232.5,26246.25,26231,26244.25
1776188100,26243.75,26251.75,26239.25,26249.5
1776188400,26249.5,26257.25,26245,26253.75
1776188700,26253.25,26257.5,26250.25,26253.75
1776189000,26254.25,26258.75,26241,26246.5
1776189300,26246.25,26250.75,26242.5,26247.5
1776189600,26248.25,26254.25,26244.75,26246.5
1776189900,26246.5,26250,26239,26244
1776190200,26244,26244.25,26225,26226.5
1776190500,26226.75,26229.25,26192.5,26202
1776190800,26202,26208.75,26178.5,26184
1776191100,26184.25,26206.5,26173.75,26199.25
1776191400,26199.25,26215.25,26197.25,26210
1776191700,26210.25,26221,26210,26216.75
1776192000,26216.75,26225.5,26194.5,26199.5
1776192300,26198.75,26207.75,26191.75,26196.75
1776192600,26196.25,26208.25,26193.75,26202.75
1776192900,26202.5,26209.25,26199.25,26207.25
1776193200,26207,26231.5,26204.5,26229
1776193500,26229,26243.25,26228.25,26241.25
1776193800,26241.5,26260.75,26239,26249
1776194100,26248.75,26265,26248.75,26260.25
1776194400,26261,26276.5,26259,26274.25
1776194700,26274,26279.5,26271,26277.25
1776195000,26277.75,26285.25,26259,26260.75
1776195300,26261.25,26279.75,26249.75,26276
1776195600,26275.75,26278.5,26256,26262
1776195900,26262,26267.75,26255.25,26265.25
1776196200,26265,26279.25,26243.5,26253.25
1776196500,26254,26292.75,26253.25,26290.25
1776196800,26290,26292.5,26261.5,26266.25
1776197100,26266,26281.25,26265.75,26275.25
1776197400,26275,26283,26272.75,26282.75
1776197700,26282.25,26284.75,26278.75,26281.5
1776198000,26281.25,26288.5,26280.5,26281
1776198300,26281,26283.5,26279.25,26282.75
1776198600,26282.75,26284.5,26271.25,26274.25
1776198900,26274.75,26283.5,26274.25,26278.75
1776199200,26278.5,26287.5,26278.25,26287
1776199500,26286.25,26289.25,26282.5,26283.25
1776199800,26283,26287,26282.25,26284
1776200100,26284.5,26285,26278.5,26279.5
1776204000,26275.25,26287,26266,26281
1776204300,26282.25,26304.5,26282.25,26297.5
1776204600,26298,26298,26288.25,26291.75
1776204900,26292,26302,26292,26296.5
1776205200,26297.25,26299.5,26291.5,26297.5
1776205500,26296.75,26297.5,26291.75,26293.5
1776205800,26292.75,26297.25,26281.25,26283.75
1776206100,26285,26294.5,26282.5,26293.5
1776206400,26293.5,26295,26290,26291.5
1776206700,26291,26293.25,26283.25,26286.5
1776207000,26286.5,26288.25,26284,26286.75
1776207300,26286.25,26287,26283.25,26285.25
1776207600,26285.25,26289.75,26283,26287.5
1776207900,26288.5,26301.5,26288,26298.5
1776208200,26298.25,26299.5,26294,26294.5
1776208500,26294,26299.5,26291.75,26295.75
1776208800,26296,26303.5,26296,26299.5
1776209100,26298.5,26304.5,26297.25,26301.75
1776209400,26301.25,26319.5,26294.5,26319.5
1776209700,26319,26319.5,26305.5,26315.5
1776210000,26314.25,26315.75,26306.5,26312.75
1776210300,26313.5,26325,26310,26320.75
1776210600,26320.5,26325,26309.25,26313
1776210900,26312.25,26313.5,26305.5,26307.75
1776211200,26307,26307.5,26295.75,26301.75
1776211500,26303,26311.5,26298.75,26307.75
1776211800,26307.75,26307.75,26296.5,26306
1776212100,26305.5,26312.5,26299.5,26302.5
1776212400,26302.75,26312,26301.5,26304.75
1776212700,26305,26308.5,26301.5,26308
1776213000,26307.75,26311,26297.5,26301
1776213300,26302.25,26304.5,26296.25,26296.5
1776213600,26297,26300,26284.5,26289.5
1776213900,26289.75,26294.25,26287.5,26292.25
1776214200,26292.5,26304.5,26292.25,26303.25
1776214500,26303.5,26311,26303.5,26308.25
1776214800,26307.25,26311,26303.5,26309.25
1776215100,26309.25,26319.5,26308.75,26318.25
1776215400,26318.25,26327.25,26316,26323.25
1776215700,26324.25,26330.25,26321.75,26328.75
1776216000,26329.5,26330,26319.25,26321.5
1776216300,26321.5,26327.75,26321.5,26326.75
1776216600,26325.75,26328.5,26313.5,26317.75
1776216900,26317.5,26323.75,26315.5,26322.5
1776217200,26322.5,26326.25,26319,26323.75
1776217500,26325,26332,26323.5,26327.5
1776217800,26328,26330.25,26325,26327.5
1776218100,26328.5,26330.5,26326.5,26328
1776218400,26327.25,26328,26321,26324
1776218700,26325.5,26326.25,26321.5,26321.5
1776219000,26321.5,26321.75,26312,26313.5
1776219300,26312.75,26318.5,26312.5,26315.25
1776219600,26315.25,26317.5,26309.75,26311
1776219900,26311.5,26313.25,26301.25,26301.75
1776220200,26301.25,26302.5,26286.25,26289.5
1776220500,26289.75,26290,26281,26286.25
1776220800,26286.75,26289.5,26279.5,26288.75
1776221100,26289,26292.5,26285.75,26289.75
1776221400,26289.75,26292.5,26287.25,26289
1776221700,26289.5,26290,26282.5,26285.5
1776222000,26285,26292,26284.5,26288.75
1776222300,26288.75,26291.75,26285.75,26291.25
1776222600,26290.25,26294,26287.5,26288.25
1776222900,26287.5,26293.25,26285,26289.5
1776223200,26289,26293,26288,26289.5
1776223500,26289.75,26294,26289.25,26291.5
1776223800,26292.25,26298.75,26290.75,26293.5
1776224100,26293.25,26305,26291.5,26303
1776224400,26301.75,26302.75,26298.5,26301.75
1776224700,26301.5,26311.5,26298,26310
1776225000,26310.25,26313,26308.75,26310.5
1776225300,26311.5,26315.75,26309.5,26311.25
1776225600,26311,26315,26309.5,26313.75
1776225900,26313,26313.5,26306.75,26309.25
1776226200,26309.25,26312,26308,26310
1776226500,26310.5,26315,26309.5,26313.75
1776226800,26313,26313.75,26310.5,26311
1776227100,26311.5,26314.5,26310.25,26312.75
1776227400,26313.5,26314.5,26310.25,26311.25
1776227700,26311.75,26314.75,26307.25,26309.25
1776228000,26308.75,26311,26307.5,26308.75
1776228300,26308.75,26310.5,26300,26307
1776228600,26306,26307.75,26302,26302.5
1776228900,26301.5,26304.25,26299.25,26303.5
1776229200,26303.5,26347.5,26293.5,26298.5
1776229500,26298.25,26305,26288.5,26300
1776229800,26300,26310.25,26293.5,26299
1776230100,26299,26300,26294,26297.25
1776230400,26297.5,26297.5,26272,26272.5
1776230700,26272.25,26277.75,26268.25,26276.25
1776231000,26276.75,26277.75,26267,26273.5
1776231300,26273.5,26274.5,26263.5,26270.75
1776231600,26271.25,26275,26256.5,26260.75
1776231900,26261,26264.25,26256,26260.5
1776232200,26260.75,26263,26255.5,26258.75
1776232500,26258.5,26271,26258.5,26268
1776232800,26268.5,26279,26264.75,26267.5
1776233100,26267.75,26271.5,26260,26264.5
1776233400,26262.5,26267.5,26262.25,26263
1776233700,26262.75,26270.75,26257.5,26268.25
1776234000,26270.5,26270.5,26265.75,26266.75
1776234300,26268,26273.25,26267.5,26272.5
1776234600,26271.5,26282.75,26271,26276.75
1776234900,26276.25,26287.5,26274.75,26282
1776235200,26282,26286.25,26281,26286.25
1776235500,26286.75,26287.25,26279,26283.25
1776235800,26283,26286.75,26272.5,26284.25
1776236100,26283.75,26283.75,26273.75,26277.5
1776236400,26278,26284.5,26271,26282
1776236700,26282.5,26288.5,26279,26285
1776237000,26284.5,26288.5,26280.25,26282.25
1776237300,26282.5,26283.25,26266.5,26270.25
1776237600,26270,26281.5,26269.5,26273
1776237900,26272.5,26279.25,26271,26276.5
1776238200,26277,26284.5,26275.5,26279.75
1776238500,26281.75,26288.5,26281,26286
1776238800,26286.75,26294.5,26284,26288
1776239100,26287.25,26298,26260,26296
1776239400,26296.25,26298.75,26285.5,26289.5
1776239700,26288.75,26294.5,26279.25,26294.25
1776240000,26294,26304.5,26293,26301.25
1776240300,26299.25,26304.5,26296,26296.5
1776240600,26296,26303.25,26291,26299.5
1776240900,26300.5,26302.5,26289.5,26294.5
1776241200,26295,26302.75,26294,26301.75
1776241500,26302.5,26314,26302,26312.25
1776241800,26312,26318,26308.75,26315.25
1776242100,26314.75,26318,26311,26313.25
1776242400,26313.25,26320,26311.75,26314
1776242700,26312.75,26317,26309.25,26315.25
1776243000,26315.25,26322.75,26309.25,26321.5
1776243300,26322.25,26327.5,26318.25,26321.5
1776243600,26321.5,26327.75,26301.25,26305.75
1776243900,26305.25,26305.25,26290.25,26294
1776244200,26293.5,26300.25,26277.25,26282.5
1776244500,26282.5,26286,26276.5,26284.5
1776244800,26284.25,26291.75,26279.75,26287.5
1776245100,26288,26288.5,26272.25,26280.5
1776245400,26280,26288,26278.25,26283.75
1776245700,26284.75,26285.25,26268.25,26271.75
1776246000,26272,26280.25,26272,26272.25
1776246300,26271.75,26279.5,26270.25,26270.25
1776246600,26270.5,26276.75,26269.5,26274.75
1776246900,26274.5,26277.5,26264.5,26267.75
1776247200,26268.25,26274.5,26263.25,26267
1776247500,26267,26288,26265.5,26286
1776247800,26285,26286.75,26271.5,26274.25
1776248100,26273.25,26274.5,26249.25,26258.75
1776248400,26258.75,26266,26240,26242
1776248700,26242.5,26248,26230,26238.5
1776249000,26238.75,26250.5,26223.25,26230.75
1776249300,26230.25,26245.5,26226.5,26242.25
1776249600,26243.25,26269.25,26241.75,26268.5
1776249900,26268.75,26275.5,26263.25,26269
1776250200,26269.25,26273.5,26261.5,26270.75
1776250500,26269.5,26278.75,26264.25,26274.75
1776250800,26275,26281.25,26272.25,26276
1776251100,26277,26279.25,26268,26277.5
1776251400,26276.75,26289.25,26276.75,26286
1776251700,26286.25,26288.5,26269.25,26270.25
1776252000,26270.25,26277.75,26262,26277
1776252300,26276.25,26284.75,26268,26270
1776252600,26269.25,26295.75,26267,26273.25
1776252900,26274.25,26287.25,26271,26283.5
1776253200,26283.75,26284.75,26275.25,26278.25
1776253500,26278.5,26337.5,26269.5,26291
1776253800,26290.5,26293.25,26280.75,26287.25
1776254100,26288.75,26298,26284.5,26287.75
1776254400,26288,26295.75,26267.25,26275.75
1776254700,26274.5,26279.25,26257.75,26272.5
1776255000,26273.25,26275.25,26253.75,26255.5
1776255300,26255,26268,26250,26261.5
1776255600,26261,26271,26257.25,26270.25
1776255900,26269.75,26270.5,26257.25,26264.5
1776256200,26264,26278.25,26259.5,26276
1776256500,26274.25,26287,26271.75,26285.75
1776256800,26286.25,26296.75,26282.25,26292.25
1776257100,26291.75,26295.75,26279.5,26287.5
1776257400,26286.75,26291.25,26279.5,26286.75
1776257700,26287.25,26292,26278.25,26279.5
1776258000,26279.5,26282.75,26268.5,26280.5
1776258300,26280.25,26282,26271.5,26276.5
1776258600,26276.25,26290,26275.25,26287.5
1776258900,26287.25,26293.5,26280.5,26290
1776259200,26290.25,26296.75,26280.75,26282.5
1776259500,26283.75,26315.5,26283.75,26313.25
1776259800,26313,26330,26284.75,26309
1776260100,26308.5,26343.75,26298.75,26341
1776260400,26341.25,26349.25,26271.75,26278.5
1776260700,26279.5,26339.5,26279.5,26326.75
1776261000,26327.75,26351.75,26315,26335
1776261300,26334,26361.75,26333.25,26358
1776261600,26358.75,26375,26338,26364
1776261900,26364,26371,26344.5,26356.75
1776262200,26357,26382.5,26348.75,26380.25
1776262500,26380,26397.5,26360.75,26363.25
1776262800,26363,26419.75,26361.5,26410
1776263100,26410.5,26423.75,26405.75,26422.75
1776263400,26422.75,26442.25,26414.5,26425.75
1776263700,26426,26441.5,26396,26400.75
1776264000,26401,26438,26401,26434.5
1776264300,26434.5,26454.75,26426.75,26453
1776264600,26452.5,26459,26442.5,26452
1776264900,26452.25,26465.75,26448,26452.5
1776265200,26452.5,26469,26443.75,26460.25
1776265500,26459.5,26463,26428.25,26441
1776265800,26441.5,26477.5,26438,26474.75
1776266100,26474.75,26481,26467.5,26477.25
1776266400,26477.5,26486.25,26470.75,26477.75
1776266700,26478,26491.5,26476.25,26481.25
1776267000,26481.25,26482.75,26456.5,26459.75
1776267300,26460,26475.5,26458,26468.25
1776267600,26468.25,26499.25,26467.5,26492
1776267900,26492.25,26505,26487.75,26497.5
1776268200,26498.5,26503.75,26489.25,26491.25
1776268500,26492.25,26497.5,26475.75,26486.25
1776268800,26486.75,26495.5,26476.5,26493.25
1776269100,26492.75,26513.75,26488,26509.25
1776269400,26509.25,26511.5,26501,26507.25
1776269700,26507.5,26528.75,26501.25,26527.75
1776270000,26527.75,26541,26527.75,26531.75
1776270300,26531.75,26531.75,26505,26505.75
1776270600,26505.5,26509.5,26476,26487.5
1776270900,26487,26501.5,26480,26480.25
1776271200,26480.5,26481.25,26433.5,26435.75
1776271500,26435.5,26445,26414.5,26444.5
1776271800,26444.25,26456.25,26407.25,26417
1776272100,26417.25,26440.25,26391.75,26433.75
1776272400,26433.75,26453.5,26426.25,26451.5
1776272700,26451.75,26470.75,26448.5,26462.75
1776273000,26462.75,26468.75,26450.5,26460
1776273300,26460,26473.75,26460,26465.75
1776273600,26466,26468.5,26454.75,26467
1776273900,26466.75,26489.25,26466,26476.75
1776274200,26477,26499.75,26475.75,26498.5
1776274500,26498.5,26509.5,26489.5,26490
1776274800,26490,26490.5,26466.75,26472.75
1776275100,26473.25,26489.5,26473.25,26483.75
1776275400,26484.25,26503.75,26484,26494.75
1776275700,26495,26501.5,26477.25,26480.25
1776276000,26479.75,26529.5,26462.75,26495.5
1776276300,26495.25,26514.5,26492.5,26510
1776276600,26510.25,26540,26503.75,26531.75
1776276900,26532,26547.5,26524.5,26529.5
1776277200,26529.25,26535.25,26519.75,26531.75
1776277500,26531.5,26541.75,26523.25,26537.25
1776277800,26537,26564.5,26536.75,26564.25
1776278100,26564.25,26577.25,26556.25,26565.75
1776278400,26565.25,26567.5,26553,26561.5
1776278700,26561.5,26575.75,26559.5,26575.25
1776279000,26575.25,26589.75,26575,26587.25
1776279300,26587.25,26604.75,26584.75,26592.75
1776279600,26592.5,26599.75,26581.75,26597.75
1776279900,26597.75,26612.75,26597.75,26610.5
1776280200,26610.75,26616.5,26591.5,26594
1776280500,26594.25,26605.5,26593.25,26604.75
1776280800,26604.75,26614.75,26598.75,26610.5
1776281100,26610,26627.75,26609.75,26626
1776281400,26625.75,26640,26621.25,26639
1776281700,26638.25,26648.5,26629.25,26629.5
1776282000,26629,26636,26619.75,26626.5
1776282300,26626,26639.25,26618.75,26626.75
1776282600,26627.25,26657.75,26627.25,26643.75
1776282900,26643.5,26667,26642.25,26653.75
1776283200,26653.75,26660.75,26632,26633.25
1776283500,26633.75,26637,26627,26632.25
1776283800,26632.5,26635.5,26619.5,26630.25
1776284100,26630,26643,26630,26637
1776284400,26636.75,26644.5,26632,26641.75
1776284700,26641.5,26642.75,26636.75,26639.5
1776285000,26640,26646.5,26639.25,26642.75
1776285300,26642.5,26649.25,26633.25,26638.25
1776285600,26638,26643.5,26636.25,26639
1776285900,26638.5,26640.75,26632.5,26637.25
1776286200,26636.75,26643.25,26635.25,26641.75
1776286500,26641.75,26650.5,26641.25,26649
1776290400,26639.5,26666.25,26634.5,26651.5
1776290700,26652.25,26659,26649.25,26659
1776291000,26658.75,26658.75,26652.5,26656.75
1776291300,26657,26663.5,26654.5,26655.5
1776291600,26655.25,26666.25,26654.5,26662.25
1776291900,26662.5,26663,26657.5,26660
1776292200,26661.25,26673,26661.25,26668.5
1776292500,26667.75,26680.25,26667.25,26678.5
1776292800,26678.5,26679.25,26669.25,26670.5
1776293100,26671.5,26682.75,26670,26680
1776293400,26680,26681.75,26676.75,26681
1776293700,26679.25,26681,26675.75,26679.25
1776294000,26679,26684.75,26676,26682.5
1776294300,26683,26688.5,26678.5,26681.25
1776294600,26680.75,26687.25,26679.5,26686
1776294900,26685,26688.5,26681.75,26682.5
1776295200,26682.5,26684.75,26679.75,26681
1776295500,26681.5,26684,26673,26679.25
1776295800,26679.25,26685.5,26675.25,26684
1776296100,26684,26688.5,26684,26687.5
1776296400,26687,26688.5,26684.5,26687.25
1776296700,26687.5,26708.5,26685,26700.25
1776297000,26699.5,26705.75,26697.75,26700
1776297300,26699.25,26702.25,26696.5,26696.5
1776297600,26697.5,26704.5,26678.25,26683.75
1776297900,26683.5,26692.25,26680.5,26690.5
1776298200,26691,26706,26690.75,26701
1776298500,26700.5,26714,26697.25,26705.25
1776298800,26703.75,26703.75,26693.75,26698.5
1776299100,26698.5,26699.75,26692.75,26694
1776299400,26695.5,26707.5,26694.5,26705.75
1776299700,26705.25,26712.5,26705.25,26711
1776300000,26710.75,26713.75,26708.25,26712.5
1776300300,26712.25,26727.25,26708.75,26725
1776300600,26725.5,26734.5,26725.5,26727.75
1776300900,26727.75,26731.5,26725,26727.25
1776301200,26727,26727,26719.25,26721.25
1776301500,26721,26730.5,26715.5,26726.25
1776301800,26726,26730.5,26726,26726.5
1776302100,26726.5,26734.25,26726.25,26733.5
1776302400,26733.75,26739.25,26730.75,26731.75
1776302700,26731,26731.25,26723.75,26730.25
1776303000,26729.25,26731.75,26724,26727.75
1776303300,26727.75,26729,26719.75,26729
1776303600,26729,26754.75,26727.75,26743.25
1776303900,26743,26747,26741.25,26743.5
1776304200,26743.25,26744.5,26738.25,26740
1776304500,26739.75,26740,26729.25,26730.25
1776304800,26730.25,26742,26729.75,26738
1776305100,26738.25,26743.25,26735.75,26738.5
1776305400,26739,26742.25,26734.5,26734.75
1776305700,26734,26735.25,26729.75,26732
1776306000,26731.75,26737.75,26731,26736.25
1776306300,26736,26739.5,26733.25,26737.75
1776306600,26738,26742,26733,26734.5
1776306900,26735.5,26743.25,26733.25,26742.25
1776307200,26742.75,26748.5,26740.5,26743
1776307500,26744.5,26745.5,26734,26737.75
1776307800,26737.75,26740.25,26729.25,26732.25
1776308100,26732.5,26735.25,26730.75,26732
1776308400,26731.5,26747,26731.5,26746.5
1776308700,26746.5,26750,26742.75,26744.75
1776309000,26745,26746,26737.5,26741.25
1776309300,26741.25,26743.5,26733.5,26736.25
1776309600,26736.5,26739.5,26735.5,26738.75
1776309900,26739,26741.25,26734.5,26735
1776310200,26736.25,26739.75,26727,26731.75
1776310500,26731.75,26735.25,26728.25,26732
1776310800,26733.25,26738.75,26731.25,26736
1776311100,26736,26742.75,26734.25,26740.25
1776311400,26740.75,26741.75,26732.75,26737.75
1776311700,26737.25,26738.25,26732.25,26733
1776312000,26732.25,26733.5,26723.25,26728
1776312300,26727.75,26729.5,26723.75,26727.25
1776312600,26726.25,26729.75,26724.5,26728.75
1776312900,26728.75,26734,26728.75,26731.75
1776313200,26732.25,26733,26721,26723.75
1776313500,26723.5,26725.25,26720.25,26723
1776313800,26724,26724.25,26718.5,26722.5
1776314100,26722.5,26723.75,26720,26722.25
1776314400,26722,26724.75,26720.75,26723.5
1776314700,26723.25,26726.75,26722.5,26725
1776315000,26725,26727.25,26722.5,26727
1776315300,26727.75,26728.75,26721.5,26724
1776315600,26724.5,26725.25,26706,26713.75
1776315900,26713.25,26717.25,26708.75,26711.25
1776316200,26711.25,26713.75,26706.25,26709.75
1776316500,26709,26723.25,26706.75,26723
1776316800,26722.5,26729.5,26720.75,26726.75
1776317100,26726.25,26735.25,26723.75,26732.5
1776317400,26733,26745.25,26732.25,26737.25
1776317700,26737.25,26746.75,26736.25,26744.25
1776318000,26744.25,26746,26736.5,26737.25
1776318300,26737.75,26743.75,26737,26743.25
1776318600,26743.5,26750.75,26743.25,26747.5
1776318900,26747,26747.75,26740.75,26744.5
1776319200,26745.25,26758.5,26744.75,26754.25
1776319500,26754.5,26771.75,26750.5,26768.25
1776319800,26767.75,26775.5,26763,26771.75
1776320100,26771.75,26775,26762.25,26763.5
1776320400,26763,26766.75,26753.75,26763.5
1776320700,26763.75,26771,26759.5,26765.25
1776321000,26767.5,26773.5,26764.75,26767
1776321300,26767.5,26768.75,26759.5,26759.5
1776321600,26759.5,26769.75,26754,26766.25
1776321900,26766.25,26772.75,26764.25,26771.25
1776322200,26771.75,26774.5,26768.75,26770.5
1776322500,26770.25,26772,26766.75,26770.25
1776322800,26769.25,26771,26756,26759.5
1776323100,26758.75,26758.75,26746,26749.75
1776323400,26750.5,26757.5,26746,26749.75
1776323700,26750,26761.5,26748.75,26760.5
1776324000,26761.5,26769,26760.75,26768.25
1776324300,26768.75,26770.5,26760.25,26765.75
1776324600,26765.75,26768.75,26759,26767.5
1776324900,26767.75,26773.75,26766.25,26768.5
1776325200,26768.5,26777.5,26765,26771.5
1776325500,26770.75,26772.25,26757.75,26761.25
1776325800,26761.25,26762,26751.25,26753.75
1776326100,26753.5,26753.5,26741.75,26749.5
1776326400,26749,26754,26733.25,26733.25
1776326700,26734.5,26734.75,26718,26725.5
1776327000,26725.5,26734,26713.75,26717.75
1776327300,26718.5,26727.75,26715.75,26717.5
1776327600,26718.25,26730.5,26717.25,26721.25
1776327900,26721.5,26722.25,26712.5,26717.75
1776328200,26718.25,26718.25,26707.75,26708.25
1776328500,26708.5,26711,26698,26710
1776328800,26710.5,26723.25,26706.25,26720
1776329100,26720.75,26728.25,26719,26722.25
1776329400,26722.5,26724.5,26717,26722
1776329700,26722.5,26733.5,26722,26730
1776330000,26730,26743,26727,26739
1776330300,26738.75,26744.75,26731.5,26744.75
1776330600,26743.75,26747.5,26740.5,26742.25
1776330900,26743,26745.5,26738.25,26739.5
1776331200,26740.25,26742,26734.5,26735.75
1776331500,26735.5,26742.25,26735.25,26736.25
1776331800,26736.25,26740.25,26735,26738.5
1776332100,26739.5,26741.75,26736,26738.5
1776332400,26739,26744.5,26735.25,26735.25
1776332700,26735.5,26735.5,26723.25,26732.25
1776333000,26731.5,26738.25,26730.75,26737
1776333300,26737.5,26743.5,26734.75,26742.75
1776333600,26743.25,26753.25,26742.25,26749.75
1776333900,26750.75,26755.25,26746.25,26752
1776334200,26751.75,26752,26738.25,26742.25
1776334500,26741,26743.25,26731.25,26732.5
1776334800,26732,26735,26726.75,26734
1776335100,26733.75,26736.5,26720.75,26722.25
1776335400,26722.75,26722.75,26689,26698.5
1776335700,26698.5,26699.75,26683.25,26691
1776336000,26691.5,26692.25,26668.5,26673.75
1776336300,26674.5,26677.5,26654,26674.5
1776336600,26673,26691.75,26666.5,26690.25
1776336900,26691.25,26698.25,26689.5,26695.5
1776337200,26697,26709.5,26696,26708.75
1776337500,26708.5,26711.5,26701.5,26705.75
1776337800,26705.75,26712,26694.5,26700.5
1776338100,26700,26706.75,26695.25,26697.75
1776338400,26697,26700.75,26685.25,26687.25
1776338700,26687.75,26687.75,26672.5,26685.75
1776339000,26686.5,26711,26686.5,26708.75
1776339300,26710,26710,26696,26697.75
1776339600,26696.75,26698.5,26691.25,26696.75
1776339900,26695.75,26704,26691.75,26698.5
1776340200,26698,26714.75,26697.5,26708
1776340500,26707.75,26712,26703.25,26707.75
1776340800,26708.5,26720,26705.5,26714.25
1776341100,26713.5,26716.25,26689.5,26709.75
1776341400,26709.75,26709.75,26697,26701.5
1776341700,26700.5,26704.5,26696.5,26699.75
1776342000,26698.5,26714.25,26698.5,26712.25
1776342300,26712.75,26716.5,26707,26715
1776342600,26717.25,26719.25,26695.25,26718.25
1776342900,26718.75,26722,26694.25,26702.75
1776343200,26702.25,26708.5,26695.25,26704.25
1776343500,26703.5,26703.5,26693.75,26697.5
1776343800,26697.75,26704.25,26682.25,26685.75
1776344100,26685.5,26697.5,26684.75,26691.5
1776344400,26691.5,26713.5,26689.75,26708
1776344700,26708,26717.5,26703.25,26715
1776345000,26714.5,26715.25,26696.25,26703
1776345300,26702.25,26715,26698.25,26713
1776345600,26713,26715.25,26684.25,26694.25
1776345900,26693.5,26740.5,26689.75,26729.25
1776346200,26728.5,26742.75,26657.25,26683.5
1776346500,26683.5,26698.25,26647.75,26652.25
1776346800,26652.25,26694.75,26634.75,26685.5
1776347100,26684.75,26684.75,26653,26672.25
1776347400,26672.75,26672.75,26569.25,26571.75
1776347700,26572,26616.5,26565,26610.75
1776348000,26610.75,26624.5,26580,26620.75
1776348300,26621.75,26655.75,26611.5,26635.75
1776348600,26636.25,26676,26635.75,26647.5
1776348900,26646.75,26660,26605.75,26612
1776349200,26613.25,26633.75,26600.5,26625.25
1776349500,26625,26654.5,26617,26641.5
1776349800,26642.25,26666.5,26638,26663.5
1776350100,26663.5,26680,26655.25,26662.25
1776350400,26662.25,26682,26650.5,26679
1776350700,26679,26707.25,26674.5,26706.75
1776351000,26706.25,26712.25,26682.75,26701.5
1776351300,26701.5,26704.25,26676,26693.75
1776351600,26693.25,26734.5,26693.25,26729.25
1776351900,26729.25,26757.5,26719.5,26754.5
1776352200,26754.5,26775.5,26750,26758.75
1776352500,26758.25,26784.75,26756.5,26759.75
1776352800,26760.25,26787.5,26760,26779
1776353100,26779.5,26795.5,26747.5,26747.5
1776353400,26747.75,26779.25,26741.75,26778
1776353700,26778.25,26832.5,26777.75,26797.25
1776354000,26797.25,26800.75,26764.5,26788.25
1776354300,26787.75,26797.25,26761.75,26773.25
1776354600,26773,26801.5,26771,26791
1776354900,26791.25,26827.25,26790.25,26822.75
1776355200,26823.25,26836.5,26817.5,26829.5
1776355500,26829.75,26835.5,26815.5,26828.5
1776355800,26828.75,26843.5,26827,26841.25
1776356100,26841.25,26853.5,26838.5,26850.5
1776356400,26851,26852.5,26811.5,26820
1776356700,26819.5,26829.5,26804.5,26807.25
1776357000,26807.5,26812.5,26720,26759
1776357300,26758,26796,26748.75,26794.75
1776357600,26794.5,26807.75,26772.75,26786.5
1776357900,26786,26809.5,26784.75,26795
1776358200,26795.25,26808.5,26766,26769.75
1776358500,26770.25,26782.5,26759,26762.75
1776358800,26763.75,26771.5,26750,26756.75
1776359100,26756.75,26761.25,26733.5,26757.25
1776359400,26757,26767,26731.5,26732.75
1776359700,26733,26739.5,26720.5,26736
1776360000,26736.5,26769,26730,26766.75
1776360300,26767.5,26778.25,26759,26765.5
1776360600,26766,26786,26763.5,26766.75
1776360900,26766.75,26774.25,26753,26768
1776361200,26768.5,26796,26767.5,26791.25
1776361500,26791.75,26799.25,26780.25,26795
1776361800,26795,26795,26772.25,26773.25
1776362100,26773.25,26773.5,26726,26750.25
1776362400,26749.75,26773.75,26732.75,26734.5
1776362700,26735.25,26744,26683,26697
1776363000,26696.75,26711.75,26681.5,26708.25
1776363300,26707.25,26717,26691.5,26694.5
1776363600,26694.5,26706,26658,26666.25
1776363900,26666.25,26673.25,26644.5,26663
1776364200,26663.25,26710.75,26661.5,26703.75
1776364500,26703.5,26729.5,26700,26717.75
1776364800,26717.75,26733.25,26715.75,26725.75
1776365100,26725.5,26741.75,26720.5,26725.25
1776365400,26725.75,26731.25,26713.25,26719.5
1776365700,26719.25,26727.75,26708,26727.5
1776366000,26727.5,26756.25,26726.75,26745.75
1776366300,26746.25,26752.5,26726.25,26730.25
1776366600,26730.5,26738.5,26723.75,26733.5
1776366900,26733,26749.5,26733,26744
1776367200,26744,26746.5,26731.25,26739
1776367500,26739.5,26743.25,26734.5,26734.75
1776367800,26734.75,26754.5,26729.25,26748
1776368100,26747.75,26763.5,26743.25,26760.75
1776368400,26760.75,26770.5,26755.75,26758.5
1776368700,26758.5,26773.5,26749.25,26773.5
1776369000,26772.5,26787.75,26757.75,26770.5
1776369300,26770.5,26788,26763,26774.25
1776369600,26773.75,26780.25,26732,26741.75
1776369900,26741.5,26745,26730.25,26737.75
1776370200,26737.25,26751,26736.5,26746
1776370500,26745.75,26750.5,26741.5,26747.5
1776370800,26747.75,26750,26743.5,26746.75
1776371100,26746.25,26748.25,26743.5,26747.5
1776371400,26748,26751,26744,26750.75
1776371700,26750.75,26758.25,26749.5,26755.5
1776372000,26755.5,26758,26749,26753.25
1776372300,26753.75,26761,26751.5,26756.25
1776372600,26755.75,26759,26750,26754.75
1776372900,26755.5,26760.25,26753.75,26753.75
1776376800,26749.5,26761,26734.75,26758.25
1776377100,26758,26772,26756.25,26766.5
1776377400,26766.75,26773,26763.5,26766.25
1776377700,26765.25,26772.25,26761.5,26764.5
1776378000,26764.25,26770.5,26760.25,26768.25
1776378300,26768,26774,26764.75,26771.75
1776378600,26771.75,26776.75,26769.5,26774
1776378900,26774,26775.5,26770,26771.25
1776379200,26771.25,26776.25,26771,26773.75
1776379500,26773.5,26774,26766.75,26767.75
1776379800,26766.25,26768.75,26763,26766.5
1776380100,26766.25,26768.25,26762.5,26764.75
1776380400,26763,26773.5,26763,26767.25
1776380700,26766.25,26767,26761,26761.5
1776381000,26761.75,26764,26759.75,26762.75
1776381300,26762.25,26774.25,26760.75,26772.25
1776381600,26772.5,26777.5,26771.5,26775.5
1776381900,26776.25,26776.25,26766,26766.75
1776382200,26766.5,26771.5,26761.5,26770
1776382500,26769.5,26776.5,26768.75,26776.5
1776382800,26776,26778,26769.75,26771.5
1776383100,26771.25,26772,26762.75,26766
1776383400,26765.5,26771.5,26763.5,26771
1776383700,26772,26772.75,26768.25,26769
1776384000,26769.25,26773.5,26762.5,26767
1776384300,26766.75,26766.75,26747.75,26760.25
1776384600,26761.75,26767.5,26747.25,26751.5
1776384900,26750.25,26771.5,26745.5,26768.75
1776385200,26769.5,26782,26767.25,26773.25
1776385500,26773.25,26784,26771.5,26780
1776385800,26780,26786.75,26776,26782
1776386100,26781.75,26785.25,26774,26776.5
1776386400,26776.5,26781.25,26774.5,26776.25
1776386700,26776.5,26784.5,26773.75,26781.75
1776387000,26782.5,26782.75,26775.75,26779
1776387300,26779.5,26781.5,26775.5,26777
1776387600,26777,26781.5,26771.5,26775
1776387900,26775,26787.25,26773,26781.25
1776388200,26780.75,26784.25,26774.5,26782.25
1776388500,26781.25,26786,26777.5,26782.5
1776388800,26783.25,26787,26770,26771.75
1776389100,26772.25,26777.25,26771,26772.25
1776389400,26773.75,26778.75,26773,26775.75
1776389700,26776.5,26784,26776.5,26781.5
1776390000,26781.5,26783.75,26779,26780.75
1776390300,26780.5,26786.5,26779,26780.75
1776390600,26779.75,26781.5,26776.25,26778
1776390900,26779.75,26785.5,26777.5,26777.75
1776391200,26778.75,26784.5,26776.25,26781
1776391500,26779.75,26779.75,26759.25,26764
1776391800,26763,26769,26762.25,26768.25
1776392100,26769.25,26770.75,26760.75,26765.25
1776392400,26765.75,26768,26750.25,26751.75
1776392700,26751.5,26761.25,26744.5,26757.25
1776393000,26757,26764.75,26755.25,26761.25
1776393300,26762,26764.5,26758.5,26762.25
1776393600,26763.25,26766,26757,26757.5
1776393900,26757.75,26761.5,26756.25,26757.5
1776394200,26757.25,26757.75,26750.5,26756.25
1776394500,26756.75,26756.75,26751.5,26754.5
1776394800,26754.25,26757.75,26749.75,26750.75
1776395100,26750.75,26752,26745.25,26749.75
1776395400,26749.25,26753.5,26741.75,26745
1776395700,26744.75,26749.5,26740.75,26748.5
1776396000,26749,26751.5,26746,26750
1776396300,26750,26751.5,26743.75,26746.5
1776396600,26747.5,26748.25,26742.25,26744
1776396900,26743,26745.5,26739,26744.5
1776397200,26745.5,26747.5,26742.75,26744.5
1776397500,26745.25,26749.5,26743.25,26747.75
1776397800,26747,26752,26746.25,26748.5
1776398100,26749.5,26751,26747.5,26748.75
1776398400,26748.75,26750.25,26745.5,26749.5
1776398700,26750.75,26760,26750,26760
1776399000,26759,26762.5,26757,26761.25
1776399300,26761,26767.25,26761,26766.75
1776399600,26767.25,26769,26763,26767.5
1776399900,26767.25,26771.25,26763.5,26765.25
1776400200,26765.75,26768,26763.75,26767.75
1776400500,26767,26768.5,26761.75,26761.75
1776400800,26762.25,26762.25,26757,26758.75
1776401100,26757.75,26764.75,26756.25,26759.75
1776401400,26760,26762,26754.25,26756.75
1776401700,26755.5,26756.5,26751,26752.75
1776402000,26752.75,26753.75,26729.5,26739
1776402300,26738.75,26747.25,26737.75,26744.75
1776402600,26744.75,26749,26737.25,26747
1776402900,26746.5,26748,26738.5,26739
1776403200,26739.25,26746.75,26739,26745.25
1776403500,26745.75,26748,26742.75,26745.75
1776403800,26746,26746.75,26732.75,26735
1776404100,26735,26753.75,26735,26744.75
1776404400,26745.5,26757.25,26743.25,26753.5
1776404700,26754.75,26758.5,26752.75,26757.25
1776405000,26757.5,26759.5,26754.25,26754.25
1776405300,26753.5,26758,26752.5,26755
1776405600,26755.5,26761,26750.5,26755.5
1776405900,26756,26769.75,26753.75,26756.75
1776406200,26756.75,26767.5,26755.75,26762.75
1776406500,26762.25,26768.25,26757.75,26757.75
1776406800,26760,26760.5,26752,26759.25
1776407100,26759.5,26760.25,26748,26748.5
1776407400,26747.5,26747.5,26738,26740.25
1776407700,26740,26747.75,26736.25,26746.25
1776408000,26746,26747.75,26741.25,26745.75
1776408300,26745,26753.75,26742.75,26752
1776408600,26751.75,26754.75,26750.75,26752.5
1776408900,26752.5,26752.5,26744,26746.25
1776409200,26746.5,26766.75,26746.5,26766.5
1776409500,26767.25,26776,26761.25,26769
1776409800,26768.25,26776,26766.25,26769.5
1776410100,26769.75,26772,26758.5,26766.5
1776410400,26767.75,26768.5,26753.75,26759
1776410700,26758.75,26765.25,26756,26759.75
1776411000,26760.25,26770.25,26758.25,26768.5
1776411300,26768.25,26770.5,26760.25,26761.75
1776411600,26761.5,26772.75,26758.25,26772.25
1776411900,26771.25,26771.5,26762.5,26769.75
1776412200,26770.75,26777.5,26767,26775
1776412500,26774.5,26781.75,26772,26777.75
1776412800,26778.25,26784.75,26775,26782.75
1776413100,26782,26784,26773.75,26775.25
1776413400,26774.25,26776.5,26766.25,26774
1776413700,26773,26780.5,26769.25,26778.25
1776414000,26778.5,26785.5,26775.75,26780.5
1776414300,26780.25,26789.5,26779,26787.25
1776414600,26787.25,26791.25,26785.5,26788.75
1776414900,26790,26791,26781,26785.25
1776415200,26785,26804.25,26784.25,26802.25
1776415500,26802,26805,26796,26804.25
1776415800,26804.25,26808.5,26801.75,26808.5
1776416100,26808.5,26810.5,26804,26808.25
1776416400,26808.25,26809.5,26802.75,26807.25
1776416700,26807.5,26817.5,26805,26807.75
1776417000,26807.25,26809,26803.75,26807.75
1776417300,26807.5,26810.5,26795.75,26798
1776417600,26797.75,26802.5,26797.5,26800
1776417900,26800.25,26818,26800.25,26817
1776418200,26817,26818,26798.25,26804.5
1776418500,26804.5,26806,26799,26802.75
1776418800,26802.5,26810,26801.25,26809.5
1776419100,26810.25,26815.25,26802,26813.75
1776419400,26812.75,26828.75,26808,26821.75
1776419700,26821.5,26831,26821.5,26826.5
1776420000,26826.5,26831,26821.5,26827.5
1776420300,26826.5,26835,26824.5,26832.25
1776420600,26832.5,26836.5,26825.75,26833
1776420900,26832.75,26833,26815.5,26817.25
1776421200,26817.25,26824.25,26817.25,26819.25
1776421500,26819.25,26819.25,26809.75,26813.25
1776421800,26813.25,26814.25,26802.25,26807
1776422100,26807,26810.25,26801.5,26804.25
1776422400,26804.5,26805.5,26795,26800
1776422700,26800.25,26809.25,26797.5,26809.25
1776423000,26809.5,26817,26807,26816.25
1776423300,26816.25,26820.5,26815,26816
1776423600,26815.25,26825.25,26813,26816.5
1776423900,26817,26824.5,26811.25,26822
1776424200,26823,26826.25,26820,26820.25
1776424500,26819.75,26832,26819.5,26830.25
1776424800,26830.5,26837,26829.5,26831
1776425100,26831.75,26836.5,26823.25,26832.5
1776425400,26832.75,26843,26831.75,26840.5
1776425700,26839.25,26844.25,26836.25,26837.25
1776426000,26837.25,26844,26829.75,26841.25
1776426300,26842.25,26847,26839.5,26845
1776426600,26844.25,26856.25,26844,26853.5
1776426900,26854.5,26857.75,26849.75,26855.25
1776427200,26856,26877.25,26851,26874
1776427500,26874,26882.75,26872.25,26875.75
1776427800,26875.75,26884.5,26872,26879.25
1776428100,26880.25,26883,26876.25,26879.75
1776428400,26878.75,26886.5,26859.75,26880.75
1776428700,26882.25,26914.5,26877.5,26909.5
1776429000,26909.75,26935.25,26905.25,26911.75
1776429300,26913,26923,26902.5,26908
1776429600,26908.25,26909.5,26895.75,26897.75
1776429900,26897,27009.25,26891.75,27006.75
1776430200,27006.75,27021.75,26985.75,27007.75
1776430500,27007.5,27035.25,26992.25,27031
1776430800,27031.5,27033.5,26988.75,27018.75
1776431100,27019,27072.25,27001.25,27069.5
1776431400,27069,27107.25,27066.75,27094
1776431700,27094.75,27096.75,27056.25,27064.5
1776432000,27064,27064,27029.75,27040.5
1776432300,27040.25,27040.25,26973.5,26981.75
1776432600,26982,27009.75,26919,26961.5
1776432900,26962,27009.5,26956.75,26986.25
1776433200,26986.25,27008.75,26970.25,26995
1776433500,26995.5,27008.75,26921.75,26988.5
1776433800,26988.75,27028.5,26980,27001
1776434100,27001.25,27021.75,26976.75,27020.75
1776434400,27021.25,27045.5,27014.5,27039.75
1776434700,27039.75,27056.5,27033,27053
1776435000,27054.5,27065.5,27033.75,27058.75
1776435300,27059,27060.25,27031.25,27035
1776435600,27035.5,27044,27004,27028.75
1776435900,27028.5,27038,27012,27029.25
1776436200,27029.5,27088.25,27029.5,27082.5
1776436500,27082.25,27096,27058,27095.5
1776436800,27095.75,27127.5,27094,27121.5
1776437100,27121.75,27144.25,27114.5,27141.25
1776437400,27140.25,27145.25,27117.25,27127.5
1776437700,27127.75,27133.25,27091.5,27116.75
1776438000,27117.25,27142.75,27100.5,27119.5
1776438300,27121,27144.75,27115.25,27133.5
1776438600,27132.75,27143.75,27103.75,27110.5
1776438900,27111,27138,27097.25,27112
1776439200,27111.75,27134.75,27096.5,27128.5
1776439500,27128.25,27139.5,27121.5,27131.75
1776439800,27132.25,27163.5,27129.75,27162.25
1776440100,27162.25,27166.5,27139.5,27155.75
1776440400,27155.75,27158,27106,27107
1776440700,27106.75,27138.75,27106.25,27119.25
1776441000,27119,27142,27114.25,27122
1776441300,27121,27129.5,27088.75,27094.25
1776441600,27094.25,27127,27081,27119.5
1776441900,27119.25,27152,27117,27129.5
1776442200,27129.75,27148,27125,27137.5
1776442500,27136.5,27145.5,27113.25,27126
1776442800,27126,27140.5,27120.75,27140.25
1776443100,27140,27148,27135,27145.5
1776443400,27146.25,27165.5,27145.75,27160.25
1776443700,27160.25,27174.25,27158.25,27163
1776444000,27163.25,27164.75,27150,27161
1776444300,27162,27172,27158,27160.5
1776444600,27160.5,27166.5,27151.5,27154.25
1776444900,27154.5,27156.5,27143,27148.75
1776445200,27149,27166.75,27148.25,27163
1776445500,27163,27164.75,27103.25,27136.75
1776445800,27136.5,27137.75,27114.25,27129.75
1776446100,27130.25,27136.25,27105.25,27107.5
1776446400,27106.5,27112.5,27025,27046.25
1776446700,27047,27071.5,27030.5,27061.25
1776447000,27061.25,27086.25,27054.25,27062.25
1776447300,27062.25,27093.5,27049.5,27081.75
1776447600,27081.25,27087.75,27072.5,27081.5
1776447900,27081.25,27118.25,27078.75,27108.25
1776448200,27108,27115.25,27103,27107.5
1776448500,27107.75,27116.75,27093.75,27097.5
1776448800,27097.75,27111.5,27078,27085.25
1776449100,27085.75,27090,27062.25,27064.5
1776449400,27064.5,27075.75,27049.75,27057.75
1776449700,27057.25,27081.5,27055.25,27067.25
1776450000,27066.25,27080.25,27045,27075.5
1776450300,27074.75,27101,27068,27074
1776450600,27074.5,27100.25,27074.5,27094.25
1776450900,27095,27103.5,27090.25,27096.25
1776451200,27096,27103,27079,27095.75
1776451500,27097,27103.25,27085.5,27089.5
1776451800,27089.5,27091,27057.5,27072.25
1776452100,27071.25,27090,27068.75,27074.25
1776452400,27074.5,27086.25,27070.25,27074.75
1776452700,27075,27075,27055.75,27065
1776453000,27065,27067.25,27047.25,27055.5
1776453300,27056.25,27077.5,27052.75,27072
1776453600,27072,27078.75,27066.75,27076
1776453900,27075.5,27084.5,27063.25,27068.25
1776454200,27068.25,27101.25,27068,27093
1776454500,27093,27104.5,27080.75,27100.5
1776454800,27100.75,27117.75,27092.5,27113
1776455100,27112,27112.5,27092.75,27101
1776455400,27100.75,27117,27080.75,27105
1776455700,27105,27120.5,27098.75,27117
1776456000,27117.25,27124.25,27111.5,27120.75
1776456300,27120.75,27126.25,27116.5,27118
1776456600,27117.75,27131.75,27117.25,27129.75
1776456900,27130.5,27134.5,27121.5,27122.5
1776457200,27123,27123.5,27105.5,27114
1776457500,27114.5,27116.75,27109.25,27109.25
1776457800,27109.75,27118.5,27108,27117.75
1776458100,27118.25,27132.25,27118.25,27131.5
1776458400,27131.25,27131.5,27120.25,27121
1776458700,27120.5,27125.25,27118,27122.75
1776459000,27121.25,27134.25,27121,27131.75
1776459300,27131.5,27132.25,27126,27130.25
1776636000,26889.25,26948.75,26824.5,26886
1776636300,26888.5,26933,26880.5,26928.25
1776636600,26928.25,26938.25,26904.25,26904.25
1776636900,26904.25,26913.5,26897.75,26908.5
1776637200,26907.75,26925.5,26902.5,26910.5
1776637500,26911.5,26930.5,26907.75,26912.5
1776637800,26913,26932,26908,26925.5
1776638100,26925.25,26937,26921.25,26933.25
1776638400,26934.5,26946.5,26928,26941.75
1776638700,26943.5,26944.75,26925.25,26943.75
1776639000,26943.5,26961.5,26943,26957.5
1776639300,26956.5,26964.5,26952.5,26954.5
1776639600,26955.25,26961.5,26950.75,26957.75
1776639900,26957.75,26969.25,26945.5,26966.25
1776640200,26966,26971.5,26938.75,26945.75
1776640500,26945.5,26952.5,26939.5,26942
1776640800,26942.25,26950.5,26936.25,26945.75
1776641100,26945.25,26955.25,26938.75,26948.25
1776641400,26949.5,26953,26941.75,26948.5
1776641700,26948.25,26952,26942.75,26946.5
1776642000,26946,26950.75,26937.25,26945.75
1776642300,26945.5,26945.75,26926.25,26939.75
1776642600,26938.5,26953.75,26936.25,26948.5
1776642900,26948.25,26954.75,26941.5,26949.25
1776643200,26947.75,26951.75,26923.5,26932.75
1776643500,26931.5,26941.25,26905.5,26915
1776643800,26916,26930.5,26906.25,26909.5
1776644100,26908.75,26941.25,26907.5,26932.25
1776644400,26933.5,26939.5,26926,26931.75
1776644700,26932.75,26944.25,26925,26942
1776645000,26941.5,26952.5,26933,26949
1776645300,26949.5,26952.25,26929.5,26931.75
1776645600,26932.5,26944.25,26932.5,26938.5
1776645900,26938.25,26954.5,26936.5,26951.75
1776646200,26952.25,26953.75,26947.25,26948.5
1776646500,26950.5,26950.75,26941.75,26946.25
1776646800,26947.25,26968.25,26942.5,26962.5
1776647100,26963,26979.75,26960.25,26978
1776647400,26979,26989.5,26974,26986.75
1776647700,26986.5,26987.5,26971.75,26971.75
1776648000,26972.25,26987.25,26967.25,26981.5
1776648300,26982.5,26984.25,26975.5,26978.5
1776648600,26977.75,26988,26977.75,26985
1776648900,26986.75,26995,26979.25,26993.5
1776649200,26993.5,27000.5,26989.25,26993.5
1776649500,26994.25,26998.5,26991.75,26993.75
1776649800,26993.25,27001.25,26992,26997.75
1776650100,26998.5,27004.25,26993,26994.75
1776650400,26995.25,26995.75,26985.5,26986.5
1776650700,26986.5,26988,26979.25,26984.25
1776651000,26984.5,26987.25,26977.5,26982.5
1776651300,26981.5,26990.75,26979.75,26987.75
1776651600,26988.25,26990.5,26980.5,26989.75
1776651900,26989.75,26992.75,26984.25,26986.5
1776652200,26986.75,26988.25,26982,26985.75
1776652500,26986.5,26988,26979,26980.5
1776652800,26980,26983,26978.25,26982.25
1776653100,26982,26985.25,26974.25,26978.5
1776653400,26977.5,26982.25,26977.25,26980.75
1776653700,26981.5,26984.75,26976,26984
1776654000,26983.75,26990.25,26981.5,26982
1776654300,26982,26986,26979,26980
1776654600,26981,26983,26975.5,26978.5
1776654900,26978,26978.75,26971.5,26975
1776655200,26976.75,26986,26976.5,26982.25
1776655500,26982,26986.25,26979,26980.75
1776655800,26981.5,26990.75,26981.5,26985.25
1776656100,26984.5,26985.75,26978,26982
1776656400,26981,26981.5,26977,26978.5
1776656700,26977.75,26977.75,26968.5,26970
1776657000,26970,26976.25,26969.75,26970.75
1776657300,26970.5,26972,26966.5,26968.75
1776657600,26968.5,26969.25,26958.5,26964.25
1776657900,26963.5,26971.75,26960.75,26969.75
1776658200,26970.5,26971.25,26964.25,26965
1776658500,26965,26966.5,26958.5,26959
1776658800,26959,26963.5,26955,26963.5
1776659100,26963.25,26964.25,26956,26956
1776659400,26956,26957.5,26952.75,26954.5
1776659700,26954.75,26955.5,26943.75,26955.25
1776660000,26955.5,26963,26955.5,26962
1776660300,26962.75,26970.75,26961.75,26967.25
1776660600,26966.25,26969.5,26953.75,26961.5
1776660900,26960,26966,26958.25,26965
1776661200,26965,26968,26962,26966.75
1776661500,26966.5,26966.5,26957.5,26962.75
1776661800,26960.5,26962.5,26956.25,26958.75
1776662100,26958.5,26964.75,26955.5,26956
1776662400,26955.5,26957.75,26950.25,26951.75
1776662700,26952,26952.5,26935.5,26937.75
1776663000,26937.75,26939.25,26916.75,26936
1776663300,26935.75,26938,26920,26922.25
1776663600,26922,26923.5,26901.5,26904.5
1776663900,26904.25,26922.25,26903.5,26914.75
1776664200,26915.25,26928.5,26903.5,26925.75
1776664500,26926.25,26931.25,26919,26924.5
1776664800,26925.5,26950.25,26922.75,26945.25
1776665100,26944.5,26949.75,26938,26942
1776665400,26940.5,26948.75,26936.75,26941.75
1776665700,26941.75,26944.75,26934,26943.5
1776666000,26943.25,26945,26935.25,26941.5
1776666300,26940.25,26945.25,26935.5,26944.5
1776666600,26946.25,26960.75,26946.25,26952.75
1776666900,26952.5,26953.5,26941.5,26949.5
1776667200,26948.75,26951.5,26943.5,26946.75
1776667500,26946,26951,26937.5,26946.25
1776667800,26947,26947.5,26937.5,26943.5
1776668100,26943.5,26990.75,26938.25,26976.75
1776668400,26978.5,27001.75,26971.75,26986.5
1776668700,26987.5,26996.75,26974.5,26987.25
1776669000,26987.5,26994,26981.25,26993.75
1776669300,26993.25,26996,26979.5,26986.75
1776669600,26986.75,27010.75,26981.5,26993.5
1776669900,26992.5,26995.75,26973.25,26978.75
1776670200,26977.75,26983,26935.75,26965.75
1776670500,26966.25,26967.75,26943.5,26956
1776670800,26955.25,26966,26950.25,26957.5
1776671100,26954.75,26958,26940.5,26951
1776671400,26951.5,26958.25,26946,26946.5
1776671700,26946,26960,26939.5,26958.5
1776672000,26958,26962.25,26929.25,26930.75
1776672300,26930.75,26933.75,26908.5,26914.5
1776672600,26914.5,26947.5,26912.5,26935.75
1776672900,26937,26942.5,26931,26938.75
1776673200,26938.5,26955.5,26935.25,26946.5
1776673500,26946.25,26966.5,26941.75,26962.25
1776673800,26963.25,26964.5,26949.5,26959.75
1776674100,26960,26962.75,26954,26962.75
1776674400,26962.75,26964.5,26954.25,26960
1776674700,26960,26968.25,26957,26966
1776675000,26966.75,26977.5,26965.25,26972.75
1776675300,26973.5,26997.75,26968.75,26985.25
1776675600,26986.5,26994.75,26982.25,26992.75
1776675900,26992.25,27009.5,26988.5,26994.25
1776676200,26995.25,26996.25,26982,26988.25
1776676500,26989,26990.75,26975,26985.75
1776676800,26983.25,26994.25,26982.25,26989.5
1776677100,26989.75,26991.25,26981.75,26987.75
1776677400,26987,27002,26986.75,26989.75
1776677700,26990.75,26996.5,26984.5,26991.75
1776678000,26991.75,27000.25,26991.5,26997.5
1776678300,26997.5,26998,26989,26992.25
1776678600,26992.5,26992.5,26983.75,26985.5
1776678900,26985.25,26988.75,26982.5,26983.75
1776679200,26984.75,26997.75,26981,26994.75
1776679500,26996.25,27014,26994.5,27013
1776679800,27012,27022,27002.25,27005.75
1776680100,27006.25,27019,27003.25,27013
1776680400,27012.5,27016.75,26999.5,27000.5
1776680700,26999.5,27003.75,26995.5,27000
1776681000,27001,27001,26986.75,26989.25
1776681300,26989.25,26995.25,26988.5,26993.25
1776681600,26992.75,26993.75,26982.75,26985
1776681900,26985.25,26988.5,26982.5,26985.75
1776682200,26985,26996.5,26983.5,26992
1776682500,26991.75,26994.25,26985.25,26989.75
1776682800,26990.5,26991.75,26970.25,26972.5
1776683100,26972.25,26993.5,26972,26992.5
1776683400,26992,26995,26979.5,26993.75
1776683700,26994.5,26998.25,26987.5,26989
1776684000,26988,26989,26978,26980.5
1776684300,26980,26986,26977.25,26977.75
1776684600,26978.5,27000.5,26972.5,26988.75
1776684900,26989,26997.25,26977.5,26992
1776685200,26993.25,27000.5,26987.25,26999.75
1776685500,27000,27013,26997.5,27006.5
1776685800,27006.75,27009.5,26991.5,26993.25
1776686100,26992.25,27002,26990,26999.5
1776686400,27000,27016,26992,26998.5
1776686700,26998.5,27010,26995,26998.25
1776687000,26998.25,27003.75,26994,26999
1776687300,26999.75,27014.25,26991.5,27012.5
1776687600,27011.5,27017,27000,27004.25
1776687900,27004.25,27010,26999.75,27005.75
1776688200,27007,27018.25,27005.5,27015.5
1776688500,27015,27019.5,27000.25,27007.5
1776688800,27007,27031.25,27007,27022.5
1776689100,27022.5,27049.5,27022.5,27045.75
1776689400,27045.25,27065.5,27039,27044.75
1776689700,27044.5,27047.75,27034.25,27040
1776690000,27041.25,27053.25,27037.75,27051.5
1776690300,27051.5,27092.5,27028.5,27059.25
1776690600,27060,27073,27056.25,27063
1776690900,27064.25,27069.75,27054.5,27055
1776691200,27054.5,27079.5,27052,27065.75
1776691500,27065.5,27088.75,27056.5,27085.75
1776691800,27086,27117.25,27037.5,27101.75
1776692100,27100,27105.75,27024.25,27037
1776692400,27037.25,27054.25,27022.5,27040
1776692700,27039.5,27058,27005.25,27020.75
1776693000,27020.5,27069.5,27016.25,27062.75
1776693300,27063.5,27093.5,27060.25,27070.25
1776693600,27072.25,27077.75,27029.5,27040.5
1776693900,27041.25,27056.25,27027.25,27054.75
1776694200,27054.5,27070,27025,27046.5
1776694500,27047,27047,27007,27025.5
1776694800,27026,27055.5,27019.75,27054.75
1776695100,27054.75,27064,27013,27019
1776695400,27019.5,27028.5,27000,27017.5
1776695700,27017.75,27029.75,27002.75,27018.25
1776696000,27018,27019.75,26978.5,26985.25
1776696300,26986.25,27009.75,26973.25,27003.75
1776696600,27003.25,27010.5,26900.75,26962.75
1776696900,26960.75,26961.25,26917.5,26927.25
1776697200,26927.75,26950.75,26885,26895
1776697500,26894.75,26909,26858.25,26892.75
1776697800,26892,26927.75,26883.25,26911
1776698100,26911.25,26938.5,26896.5,26927
1776698400,26926.75,26979.25,26917.75,26957
1776698700,26956.75,27000.25,26949.75,26988.5
1776699000,26989.75,26989.75,26940.5,26948.25
1776699300,26947.75,26959,26938.25,26955.5
1776699600,26955.75,26975.25,26935.75,26945.75
1776699900,26946,26963,26935,26944.25
1776700200,26943.5,26947.5,26923.75,26944.75
1776700500,26944,26956,26942.5,26948
1776700800,26947.75,26955.75,26928.75,26935.25
1776701100,26935.25,26964.5,26931,26955.25
1776701400,26955.75,26972.75,26955.5,26965
1776701700,26965.25,26971,26940.25,26967.5
1776702000,26968,26977.25,26958.25,26964.25
1776702300,26964,26971.25,26955.25,26964.5
1776702600,26964.5,26986.25,26964.5,26978.25
1776702900,26978.25,26980.75,26955.75,26963.25
1776703200,26963.25,26989.25,26957.25,26975.75
1776703500,26976,26985,26968.25,26973.25
1776703800,26973.75,26978,26961,26976
1776704100,26975.75,26975.75,26958.25,26968.75
1776704400,26969,26981.5,26950,26962.25
1776704700,26962.5,26982.25,26958.25,26978.75
1776705000,26979,26989.5,26971.75,26984.75
1776705300,26985.5,27001.75,26980.5,26999.25
1776705600,26999,27006.75,26989.75,26999
1776705900,26999,27002.5,26985,26986.5
1776706200,26986.5,26987.5,26974.25,26980
1776706500,26979.75,26997.75,26975.75,26993
1776706800,26992.25,27010.25,26981,26997.75
1776707100,26997.5,27011.75,26997,27010.25
1776707400,27010.5,27016.5,27003.75,27015
1776707700,27014.25,27015.25,26993.25,26997
1776708000,26997,27005,26991.25,26999.5
1776708300,26999,27021.25,26998.5,27017
1776708600,27017,27019.75,26986.25,27013.25
1776708900,27014.25,27024.5,27006.75,27019.75
1776709200,27020,27031,27011.25,27029.25
1776709500,27029.25,27032.5,27008.25,27023.25
1776709800,27023.25,27028.25,27009,27020.75
1776710100,27020.5,27024,27001.75,27002.25
1776710400,27002.5,27022.75,26999.5,27014.75
1776710700,27015.25,27028,27009.75,27024.5
1776711000,27024.75,27036.5,27024.75,27035.75
1776711300,27035.75,27038,27017.75,27021.5
1776711600,27022.25,27029.75,27016.5,27020.25
1776711900,27019.75,27030.25,27018.5,27024.5
1776712200,27024.5,27031.25,27019.25,27028.75
1776712500,27028.75,27032,27021,27027.75
1776712800,27027.75,27029.75,27016.75,27019.75
1776713100,27020.25,27022,27009.75,27017.25
1776713400,27017,27027.75,27012.75,27013.25
1776713700,27013,27021.5,27009.25,27019.25
1776714000,27019,27025,27004.75,27009.25
1776714300,27009.75,27015,27003.75,27012.75
1776714600,27013.25,27022.25,26998.75,27016
1776714900,27015.75,27041.5,27007.25,27035.25
1776715200,27034.75,27042.25,27025.5,27038.5
1776715500,27038,27040,27032.5,27034.5
1776715800,27034.75,27037.75,27031.25,27032.25
1776716100,27032,27032.5,27024,27029.25
1776716400,27028.75,27038,27028.5,27035
1776716700,27034.75,27036,27031.5,27033
1776717000,27032.75,27075.5,27018.75,27074.25
1776717300,27074,27099.25,27071.25,27088
1776717600,27087.75,27093,27078,27081.75
1776717900,27081,27081.5,27058,27065.25
1776718200,27065,27074,27064.5,27067
1776718500,27066.75,27072.75,27060,27063.75
1776722400,27066.25,27094,27046,27087
1776722700,27087.75,27107,27087.5,27097.5
1776723000,27098.75,27101.5,27089.25,27094.25
1776723300,27091.75,27094.75,27086.75,27090.5
1776723600,27091.5,27098.5,27088.5,27094.25
1776723900,27094.75,27095.5,27086,27089.5
1776724200,27090.25,27097,27084,27095.5
1776724500,27094.75,27096.75,27089.5,27090.5
1776724800,27090.75,27098.5,27090.75,27095
1776725100,27095,27099,27093,27095.75
1776725400,27098,27103.25,27097.25,27101.25
1776725700,27100.25,27101,27094.5,27099.75
1776726000,27100,27102,27095.75,27097
1776726300,27097,27098.75,27092.5,27095
1776726600,27096.5,27101.25,27095.5,27098.5
1776726900,27098.75,27100.25,27092.25,27095
1776727200,27096.25,27096.75,27083,27089.5
1776727500,27089.25,27090.75,27086,27087.5
1776727800,27086.25,27091.75,27083.25,27088
1776728100,27086.75,27091.25,27084.25,27090.25
1776728400,27089,27089.5,27084.75,27087.5
1776728700,27088,27090,27085,27086.5
1776729000,27085.25,27089.25,27082.75,27086.75
1776729300,27085.5,27091.5,27081,27086.25
1776729600,27086.25,27098.25,27086,27093.5
1776729900,27093,27105,27088,27096.5
1776730200,27097.5,27108.5,27097.5,27101.5
1776730500,27100.75,27107.25,27094.75,27096
1776730800,27096.25,27103.5,27095,27100.25
1776731100,27100.25,27100.25,27083.75,27087
1776731400,27088.25,27091,27075.25,27082.25
1776731700,27082,27084.5,27074.5,27078.25
1776732000,27078.5,27093,27077.5,27087.5
1776732300,27087.75,27128,27087.75,27109
1776732600,27110.25,27114.25,27105.5,27109.25
1776732900,27110.75,27121.75,27110.75,27113.5
1776733200,27114.5,27116.25,27107.75,27110.25
1776733500,27110,27115.5,27109.75,27111.5
1776733800,27110,27112.25,27102,27106
1776734100,27105.25,27115,27101.75,27114.5
1776734400,27113.75,27115.25,27107.5,27109.25
1776734700,27110.25,27120.5,27108.5,27119.5
1776735000,27119.25,27126.75,27113.75,27118.25
1776735300,27117.75,27120.25,27115.5,27115.5
1776735600,27116.5,27117.25,27107.5,27117
1776735900,27115.5,27118,27108.75,27108.75
1776736200,27109.75,27114.5,27103,27106.25
1776736500,27106.75,27106.75,27096.75,27102.25
1776736800,27102.5,27107,27097.75,27104.5
1776737100,27104,27109.5,27102.5,27106.5
1776737400,27106.75,27111.5,27104.5,27110.5
1776737700,27109.75,27112.5,27106.5,27110.25
1776738000,27110,27110.5,27105.25,27108.75
1776738300,27108.25,27112.25,27106.25,27111.25
1776738600,27111.25,27111.5,27101.75,27104.5
1776738900,27104.5,27107.5,27100.75,27107.5
1776739200,27108,27112,27106.75,27109.5
1776739500,27108.75,27111,27105.75,27106.75
1776739800,27105.75,27110.25,27104,27109.25
1776740100,27110,27110.25,27100,27101.5
1776740400,27102.75,27104.5,27099.25,27104
1776740700,27104,27106.5,27101.75,27103.5
1776741000,27104.5,27105,27093.25,27095.5
1776741300,27095.25,27096.75,27085.5,27089
1776741600,27087.25,27090,27079.5,27087.5
1776741900,27088.5,27094.75,27082.25,27094.75
1776742200,27094,27096.25,27092.75,27093.75
1776742500,27094.5,27098.5,27091.25,27094.25
1776742800,27094,27094.5,27090,27093.5
1776743100,27094.25,27099,27093.5,27098.25
1776743400,27097.75,27103.25,27096.75,27101.5
1776743700,27101,27102.75,27098.5,27101.75
1776744000,27101.75,27109,27101.75,27108.75
1776744300,27108.5,27109.25,27101.5,27102.5
1776744600,27101.75,27107.5,27101.25,27107
1776744900,27106,27112.5,27106,27107.75
1776745200,27108.25,27115.5,27108.25,27114.5
1776745500,27114.5,27117,27113.25,27113.5
1776745800,27113.75,27119,27113.25,27116.75
1776746100,27116.25,27120.75,27116.25,27118.75
1776746400,27118.5,27119.25,27112.25,27113.25
1776746700,27112.25,27116.5,27112.25,27113.75
1776747000,27114,27119.5,27113.75,27116.5
1776747300,27116,27118,27113.75,27115
1776747600,27115,27121.75,27110.25,27121.5
1776747900,27121.75,27133,27121.75,27128.25
1776748200,27128,27130.25,27123.5,27129.25
1776748500,27129,27132,27126,27126.5
1776748800,27127.25,27130.75,27123.75,27127.75
1776749100,27128,27133.75,27126.75,27128
1776749400,27127.5,27127.75,27120.5,27123.5
1776749700,27123,27125.5,27120.75,27121
1776750000,27120.5,27123.25,27119.25,27119.25
1776750300,27119,27119,27111,27112.25
1776750600,27112.25,27117.5,27108.5,27115.25
1776750900,27115.5,27116.5,27112.5,27116.25
1776751200,27116,27121.25,27112.75,27118
1776751500,27117.5,27142.25,27115,27139.25
1776751800,27138.75,27146.75,27136.5,27142.25
1776752100,27142.75,27143.5,27136.25,27140.75
1776752400,27141,27145,27136.5,27142.75
1776752700,27142,27142,27131,27134.75
1776753000,27135.75,27140.5,27134,27138
1776753300,27138,27141.25,27132.25,27141.25
1776753600,27140.5,27145.75,27137,27139.75
1776753900,27139.75,27142.5,27137.5,27138.5
1776754200,27137.5,27141.25,27131.75,27137.25
1776754500,27136.75,27140.5,27134.75,27135.75
1776754800,27135.75,27136.75,27106,27111.25
1776755100,27111.25,27119.75,27107.5,27112.5
1776755400,27113.75,27116.25,27107.5,27109.5
1776755700,27110.75,27112.5,27097.5,27110.5
1776756000,27110.5,27114.5,27108.5,27111
1776756300,27111.5,27118,27103,27108.75
1776756600,27110,27115.25,27096,27096.5
1776756900,27096,27106.5,27096,27104.75
1776757200,27105.25,27115.5,27103.5,27112
1776757500,27110.5,27116.25,27108,27115.75
1776757800,27115.75,27129.25,27106,27110
1776758100,27109.25,27112,27102,27102.75
1776758400,27102.75,27107.75,27097.5,27102.75
1776758700,27104,27106.5,27086.75,27098.25
1776759000,27098.75,27100.75,27089.5,27091.5
1776759300,27090.75,27101.5,27090.75,27100.25
1776759600,27099,27106.5,27099,27102
1776759900,27104.75,27122.25,27102.75,27116.75
1776760200,27116.25,27118,27109,27114.5
1776760500,27114,27116.5,27108.5,27116.5
1776760800,27116.75,27143.5,27114,27136.5
1776761100,27137.75,27144.25,27134.75,27138.75
1776761400,27139.5,27141,27132.25,27135
1776761700,27135.5,27135.5,27126,27126.5
1776762000,27126.75,27126.75,27103.75,27110.5
1776762300,27108.5,27115.5,27095,27100.25
1776762600,27101.25,27110,27099.5,27105.75
1776762900,27105.25,27113.25,27102.25,27111.75
1776763200,27111.5,27113,27104.75,27107.5
1776763500,27108,27111.25,27105.75,27110.5
1776763800,27111.75,27118.5,27111.5,27115.25
1776764100,27114.5,27117.75,27110,27116.5
1776764400,27115,27120.75,27113.5,27117.25
1776764700,27117.75,27122.75,27115.5,27122
1776765000,27122.75,27129.25,27121.5,27124
1776765300,27124.5,27136.5,27124,27130.25
1776765600,27130.75,27136,27124,27130
1776765900,27130.25,27150.25,27130.25,27145
1776766200,27145.75,27145.75,27135.75,27139.75
1776766500,27138.75,27142.5,27137.25,27138.25
1776766800,27139,27139.75,27135.25,27136.75
1776767100,27137.5,27139.5,27131.5,27136.25
1776767400,27136.5,27145.5,27134.5,27139.25
1776767700,27139,27153,27139,27149.75
1776768000,27149,27151,27144.75,27150.25
1776768300,27150.75,27155.75,27148,27155
1776768600,27155.25,27167.25,27155.25,27164.25
1776768900,27164.5,27172,27160.75,27161.5
1776769200,27161.25,27165.25,27154,27163.75
1776769500,27164.75,27173.75,27129.5,27151.5
1776769800,27153.5,27155.5,27140.75,27145
1776770100,27146,27150.5,27138.75,27150.5
1776770400,27150.75,27162.25,27148.5,27154.75
1776770700,27155.25,27165,27147.5,27164.5
1776771000,27165,27182.25,27163.75,27178.5
1776771300,27179,27190.25,27177.5,27184.5
1776771600,27184.75,27191.25,27173.25,27176.5
1776771900,27177.25,27185,27171.5,27180.5
1776772200,27180.5,27182.5,27169,27171.5
1776772500,27171.25,27171.75,27158,27160.75
1776772800,27161,27164.5,27150.5,27157
1776773100,27156,27169.75,27154.75,27168.75
1776773400,27168.5,27168.5,27145.25,27146.25
1776773700,27145.25,27149,27119.25,27122.25
1776774000,27121.75,27139.75,27117.5,27134.5
1776774300,27134,27150.25,27128.5,27149.25
1776774600,27150,27162.25,27140,27156.5
1776774900,27157.5,27160,27113.75,27121
1776775200,27121.5,27134.25,27106.5,27118.5
1776775500,27119,27131.5,27109.25,27111
1776775800,27111.5,27118.75,27102.25,27117.5
1776776100,27117.75,27122,27101.5,27110.25
1776776400,27112.75,27116.75,27099.75,27102.25
1776776700,27102.5,27107.5,27090.5,27093.25
1776777000,27095,27108.75,27094.5,27099.75
1776777300,27099.5,27107.75,27096,27102
1776777600,27102.75,27107,27088,27095.5
1776777900,27096.5,27108.25,27096,27098.25
1776778200,27097.5,27116,27027.25,27048.5
1776778500,27049.25,27057,27016.25,27031.25
1776778800,27031.5,27064.5,27022.25,27058
1776779100,27058,27079.5,27032.25,27060.5
1776779400,27060.5,27093.5,27045.75,27085.5
1776779700,27085.25,27128.5,27083.25,27128
1776780000,27128.25,27143,27110.5,27116.25
1776780300,27116.5,27159.75,27112.75,27150.75
1776780600,27150.25,27167,27137.25,27146.25
1776780900,27146.5,27174.75,27136,27139.75
1776781200,27140,27140.75,27104.5,27116.75
1776781500,27117,27135.5,27114,27131.5
1776781800,27131.5,27144.25,27113.25,27131.25
1776782100,27132,27141.25,27119.75,27124
1776782400,27124.25,27149,27107.5,27114.75
1776782700,27114.25,27118.75,27071.5,27084.5
1776783000,27084.75,27097.75,27065.75,27083.75
1776783300,27083.5,27083.5,27019.5,27026.25
1776783600,27027.25,27042,26960.5,26981
1776783900,26980.75,27038.25,26952,27035.75
1776784200,27035.25,27060.5,27034,27051
1776784500,27050.75,27074.75,27031.25,27068.25
1776784800,27069.25,27075.75,27035.25,27043.25
1776785100,27043.5,27043.75,26995.75,27013.25
1776785400,27012.75,27046.5,27010.25,27027
1776785700,27027.75,27029.5,26982,27017.25
1776786000,27017.5,27030.5,26999.25,27024
1776786300,27024,27052,27009.5,27031.5
1776786600,27031.25,27031.25,27004.75,27009.5
1776786900,27008.75,27037.75,27006,27021
1776787200,27022.5,27072.25,27022.5,27035
1776787500,27035.25,27050.5,27023.5,27045.25
1776787800,27044.75,27046.25,27010.25,27022.5
1776788100,27022,27043.75,27014,27036.75
1776788400,27037.75,27038,27003,27010.75
1776788700,27011.25,27012.25,26991.5,26994
1776789000,26993.75,27023.75,26992.25,27020.75
1776789300,27022.5,27036.25,26992.75,27002.75
1776789600,27002.5,27008,26960.25,26971
1776789900,26971.5,27004.75,26971.25,27001.75
1776790200,27001.75,27004,26977.25,26982.75
1776790500,26982.5,26983.25,26957.75,26960.25
1776790800,26960.25,26996.25,26959.5,26981.25
1776791100,26980.75,26980.75,26924.75,26960.75
1776791400,26961.5,26961.75,26906.5,26932.75
1776791700,26933.25,26945,26895,26899.75
1776792000,26899.75,26924,26889.5,26914.75
1776792300,26916,26938,26910.75,26923.75
1776792600,26924.5,26963,26921.75,26951
1776792900,26951,27024.25,26941.75,27002.5
1776793200,27002.25,27055.25,26995.25,27015.5
1776793500,27016,27019.75,26984.25,27001.75
1776793800,27001,27018,26984,26991
1776794100,26990.5,26991.5,26967,26988.75
1776794400,26988.5,27018.5,26988.5,27004.25
1776794700,27004.5,27019.25,26994.25,27002.5
1776795000,27002.25,27012.25,26989.75,27012.25
1776795300,27012.25,27020,26949,26970
1776795600,26970,26982.75,26958.75,26968.75
1776795900,26968.25,26980,26958.75,26968.25
1776796200,26968.5,26997,26967.25,26991.75
1776796500,26992,26993.25,26968.75,26981
1776796800,26980.75,26986.75,26973,26979
1776797100,26978.25,26980.25,26958,26960
1776797400,26960.25,27031,26954.25,27017.5
1776797700,27016.25,27035.75,26983.75,27013.5
1776798000,27013.75,27035.5,27012.25,27028
1776798300,27028.75,27039,27020.5,27032
1776798600,27032.5,27061.75,27009.5,27024.75
1776798900,27026.25,27041,27008.5,27026.5
1776799200,27026.75,27062.25,27025.75,27057.75
1776799500,27056.5,27070,27052.5,27066.75
1776799800,27067,27076,27051.5,27057.25
1776800100,27058.25,27058.25,26988,27011.5
1776800400,27012,27015,26841.25,26862.75
1776800700,26863.25,26917.75,26859.25,26898.25
1776801000,26899,26939.25,26879.25,26887.5
1776801300,26887.5,26933.5,26875,26931.75
1776801600,26931.5,26940.25,26893.5,26897
1776801900,26898.25,27054.5,26891.25,27022.5
1776802200,27022.25,27083.75,26970,27037.5
1776802500,27037.25,27063.25,27025.25,27030.25
1776802800,27030.25,27062.75,27027,27056.25
1776803100,27056.5,27057,27025.5,27027.5
1776803400,27028,27033.5,27010.25,27031.25
1776803700,27031.75,27036.25,27023.75,27028.75
1776804000,27028.25,27028.25,27002.75,27008.75
1776804300,27009.5,27016.25,26996,27012.75
1776804600,27013.25,27033.75,27013.25,27032.5
1776804900,27033.25,27033.25,27006.75,27010.75
1776808800,27019,27041.25,27017.25,27036
1776809100,27036.5,27047.5,27029.75,27038.75
1776809400,27038.5,27050,27036,27046.25
1776809700,27045.5,27048.5,27039.75,27043.5
1776810000,27042.5,27044.75,27035.75,27040
1776810300,27040.25,27044,27037,27041.5
1776810600,27041.75,27046.75,27033.75,27038.25
1776810900,27037.5,27043,27037.5,27038.75
1776811200,27039,27044,27037.5,27038.5
1776811500,27038.5,27042,27037.25,27037.25
1776811800,27038.25,27039.5,27024,27033.75
1776812100,27033.75,27034.5,27023.25,27029.75
1776812400,27029.75,27041.75,27024.5,27035.25
1776812700,27038.25,27041.25,27036.5,27037.75
1776813000,27037.5,27040.5,27033.75,27036.5
1776813300,27036.25,27043.5,27034.5,27041.5
1776813600,27042,27042.5,27033.25,27033.75
1776813900,27034.75,27039.25,27031.75,27037
1776814200,27038.25,27042.25,27030.5,27038.25
1776814500,27037.25,27045.5,27028.5,27043.25
1776814800,27043.75,27051.75,27043,27050.25
1776815100,27050.25,27062,27049,27061.75
1776815400,27062,27066.75,27058.25,27062.5
1776815700,27061.25,27063.25,27058.5,27063
1776816000,27064.25,27073.75,27061.25,27069.25
1776816300,27069.75,27083.75,27061.5,27080.25
1776816600,27081,27100.75,27079.25,27093.25
1776816900,27092.75,27105.5,27085,27099.5
1776817200,27099.25,27107,27097.25,27099.5
1776817500,27099,27101,27090.75,27093
1776817800,27092.75,27107.5,27092.5,27100.75
1776818100,27100,27106.5,27097.75,27101
1776818400,27102.5,27102.75,27096.5,27099
1776818700,27097.5,27098.75,27089,27089.5
1776819000,27088.25,27090.5,27079.5,27088.25
1776819300,27088.5,27091.75,27084,27087.25
1776819600,27086.75,27102.5,27084.25,27100
1776819900,27098.5,27102.75,27090.5,27098
1776820200,27099.25,27100.75,27091.5,27093
1776820500,27093.25,27095.5,27083,27084.5
1776820800,27084.75,27097.25,27082.25,27090.5
1776821100,27090.75,27096.75,27089.25,27093
1776821400,27092.5,27099.5,27091.75,27096.5
1776821700,27096,27121.75,27096,27117
1776822000,27117.5,27122.25,27103,27106.5
1776822300,27106,27109.75,27098,27108.75
1776822600,27108.75,27115,27107,27110
1776822900,27109.5,27112.5,27105,27111.25
1776823200,27110.75,27121,27108.75,27110.25
1776823500,27109,27114.5,27106.25,27112.5
1776823800,27112.75,27118.75,27112.75,27116
1776824100,27117.5,27119.75,27114,27117.25
1776824400,27116.75,27119.25,27112,27112
1776824700,27111.5,27127.25,27107.25,27118
1776825000,27118.25,27120.5,27106.25,27111.5
1776825300,27111.75,27115.25,27109.25,27111.75
1776825600,27111,27112.5,27106,27107.25
1776825900,27108.25,27110.75,27105.5,27107.5
1776826200,27106.75,27111,27106.5,27111
1776826500,27110.5,27112.5,27105.5,27106.75
1776826800,27106.75,27111,27102.5,27110.75
1776827100,27110.5,27115.75,27109,27110
1776827400,27110,27110.5,27094.25,27097.5
1776827700,27097.25,27100.75,27094.5,27096.75
1776828000,27097,27100.5,27093.5,27099.5
1776828300,27099.75,27102.25,27097.25,27100.75
1776828600,27101.5,27114.25,27100.25,27109.5
1776828900,27109.25,27110.75,27097.75,27100.5
1776829200,27099.75,27105,27094.25,27103.75
1776829500,27104.25,27106,27100.75,27102
1776829800,27101.5,27105,27097,27099.5
1776830100,27099.5,27101.25,27095,27097.5
1776830400,27098,27103.25,27097.25,27102.75
1776830700,27102.25,27102.5,27100.5,27101.75
1776831000,27101.5,27107,27084.75,27102.25
1776831300,27102.25,27105.75,27090.75,27094
1776831600,27094,27094,27087.5,27089
1776831900,27088.5,27092.5,27084.75,27087.25
1776832200,27087,27089.75,27081.5,27083
1776832500,27083.25,27089.5,27081.75,27083.5
1776832800,27084.75,27087.5,27081.75,27086.25
1776833100,27086,27091.5,27086,27089
1776833400,27088.5,27088.75,27069.5,27071.25
1776833700,27071.25,27071.5,27064,27067.75
1776834000,27066.75,27075.25,27055,27069.75
1776834300,27070,27081.75,27067.5,27079.75
1776834600,27079,27087.75,27078,27082.25
1776834900,27081.75,27138,27081,27121.75
1776835200,27122,27137.75,27118.75,27135.5
1776835500,27135.25,27146.25,27115.5,27117.25
1776835800,27117.25,27126.25,27112.75,27123
1776836100,27122.75,27125.75,27115.75,27115.75
1776836400,27114.75,27130,27110,27124.5
1776836700,27124,27132.25,27119.5,27119.5
1776837000,27120.75,27129,27118.5,27124.5
1776837300,27124,27126.5,27120.75,27120.75
1776837600,27122.5,27124.5,27107.75,27114
1776837900,27115,27119.25,27095.25,27101
1776838200,27100,27103.75,27096.25,27099.75
1776838500,27099.25,27104,27091.5,27101.75
1776838800,27101.75,27105.5,27099.25,27105
1776839100,27105,27111.5,27103.5,27111.25
1776839400,27111,27134.5,27110.5,27128.75
1776839700,27127.5,27134,27127,27128
1776840000,27127.5,27133.75,27125.5,27125.5
1776840300,27125.5,27134,27121.5,27128.75
1776840600,27128.5,27132,27121,27123.25
1776840900,27123.5,27126,27119.5,27125.5
1776841200,27125.25,27131.5,27120.5,27126
1776841500,27126.5,27134.75,27122.75,27133.75
1776841800,27133,27137.25,27127.5,27134.25
1776842100,27134.25,27134.25,27115.25,27119.5
1776842400,27120.25,27133.25,27119.25,27131.25
1776842700,27130.75,27142.25,27129.5,27139
1776843000,27139.5,27143.75,27136.75,27139.75
1776843300,27140.75,27145.5,27137,27138.75
1776843600,27137.5,27154,27129.25,27152.5
1776843900,27150.75,27153.5,27137.5,27141.25
1776844200,27141.25,27146.25,27134,27137.5
1776844500,27139.75,27146.25,27134.25,27134.25
1776844800,27135,27139.75,27119.5,27123
1776845100,27121.5,27129.5,27117.5,27117.5
1776845400,27118,27132,27118,27125.5
1776845700,27125.75,27126.25,27113.5,27115
1776846000,27114.5,27116,27097.5,27102.75
1776846300,27103,27112.75,27098,27099.75
1776846600,27100.5,27109.5,27077,27082.25
1776846900,27082.25,27088,27071,27074.5
1776847200,27073,27098,27069.25,27092.5
1776847500,27093.25,27096.25,27081.75,27093
1776847800,27092.75,27105.5,27090.75,27105.5
1776848100,27104.75,27111,27101,27109
1776848400,27107.5,27139.25,27105,27120.75
1776848700,27121,27139.5,27121,27132.5
1776849000,27132.25,27139.5,27127.5,27137.5
1776849300,27138,27141.75,27133,27134
1776849600,27133.5,27148.5,27129.25,27145
1776849900,27144.75,27150.25,27142.75,27145.25
1776850200,27146,27147.5,27135.75,27141
1776850500,27140.75,27146,27137.5,27138.75
1776850800,27140,27149.75,27139.5,27148.75
1776851100,27148.75,27152.75,27139.5,27140.25
1776851400,27140,27142.5,27111.5,27116.25
1776851700,27117,27119.25,27097.25,27115.25
1776852000,27115.5,27130.25,27097.75,27108.75
1776852300,27108.75,27124,27099.25,27108.25
1776852600,27107.25,27117.25,27095.5,27101.75
1776852900,27102.5,27116.25,27101.75,27113.75
1776853200,27114.5,27125,27108.5,27114
1776853500,27113.25,27126,27111.75,27122.25
1776853800,27122.25,27134.5,27118.25,27133.25
1776854100,27132.75,27139.25,27120.5,27122.75
1776854400,27122.5,27125.25,27115,27119.5
1776854700,27120,27121,27112.25,27116.25
1776855000,27117.25,27122.5,27114.25,27120.5
1776855300,27120,27121.25,27113.5,27115.5
1776855600,27115.75,27123.75,27103.75,27115.25
1776855900,27115.25,27121,27111.25,27113.75
1776856200,27113,27119.75,27107.25,27107.75
1776856500,27107.5,27119.5,27103.5,27116
1776856800,27116.5,27120.25,27101,27102.75
1776857100,27103,27110.5,27100.5,27105.25
1776857400,27105,27114,27101,27106.5
1776857700,27107.25,27111,27097.5,27109
1776858000,27108.5,27114.5,27095.5,27100.25
1776858300,27100,27123,27099.5,27119.5
1776858600,27119.25,27129,27119.25,27126.75
1776858900,27126.75,27127.25,27119.25,27123.25
1776859200,27124.5,27155.5,27124.25,27149.75
1776859500,27150.5,27162.25,27147,27157.5
1776859800,27157.5,27190,27151,27186.75
1776860100,27187,27187.5,27171.75,27179
1776860400,27178.25,27180.5,27166.75,27174.25
1776860700,27175.25,27188.25,27155.5,27158.25
1776861000,27156.5,27166.5,27146.25,27159.25
1776861300,27159,27159,27129,27138.25
1776861600,27138.25,27148.5,27126.25,27129.5
1776861900,27129.5,27141.25,27110.5,27114.25
1776862200,27113.75,27124.5,27111.5,27123.75
1776862500,27123.25,27128,27109,27111
1776862800,27111.25,27120.75,27106.5,27117.75
1776863100,27117.5,27164.5,27111.5,27129.5
1776863400,27128.5,27131.25,27112.75,27123
1776863700,27124.5,27168.25,27114.75,27154.25
1776864000,27154,27169.5,27134.75,27159.75
1776864300,27159.75,27177.5,27155,27170.75
1776864600,27170.5,27182.25,27103,27114.25
1776864900,27112.75,27140.5,27106.5,27123.25
1776865200,27123.25,27151.5,27119,27142.5
1776865500,27142.75,27169.5,27113.5,27127.25
1776865800,27127.5,27152.75,27101,27152.5
1776866100,27153,27154.75,27124.75,27154
1776866400,27153.75,27189.25,27149,27175.5
1776866700,27175,27197.5,27141.5,27178.75
1776867000,27179,27215.25,27177.5,27211.75
1776867300,27212.5,27236.5,27211.75,27235.25
1776867600,27235.5,27267,27230,27256.75
1776867900,27257,27280.75,27251.25,27279.5
1776868200,27279,27285.75,27237.75,27255.5
1776868500,27255.75,27291.5,27234.25,27285
1776868800,27284.75,27295.75,27250.5,27258.75
1776869100,27258.75,27278.75,27257.25,27268.25
1776869400,27267.75,27280,27235.5,27258.5
1776869700,27258.25,27264.5,27241.5,27261.5
1776870000,27261.75,27266.75,27229.75,27237.5
1776870300,27236.5,27274.5,27232.75,27259.25
1776870600,27258.5,27271.5,27251.75,27264.75
1776870900,27264.25,27277,27254.5,27272.25
1776871200,27271.25,27298.25,27270.75,27284.25
1776871500,27284,27297.25,27266.75,27279.75
1776871800,27279.75,27295,27273.5,27282.5
1776872100,27282.75,27290.5,27268.5,27285.25
1776872400,27285.25,27294.5,27256.75,27258.75
1776872700,27258.25,27290.75,27252.5,27285.75
1776873000,27285.75,27288,27270,27280.75
1776873300,27280.25,27293.25,27266.25,27270
1776873600,27270,27287.25,27256.5,27285.25
1776873900,27284.25,27294.5,27276.75,27284.25
1776874200,27284.75,27290.25,27269.5,27287
1776874500,27287.5,27291.75,27262.75,27263.5
1776874800,27263,27286,27263,27275.75
1776875100,27275.25,27281,27260,27263.75
1776875400,27263,27277.5,27248.25,27264.75
1776875700,27265.5,27276.25,27254.75,27273
1776876000,27273,27280.75,27249.75,27257.5
1776876300,27257.25,27272,27253.25,27270
1776876600,27269.75,27274.25,27251.75,27268
1776876900,27267.75,27267.75,27246.75,27256.25
1776877200,27256,27289.5,27255.25,27288
1776877500,27288,27295.25,27279.5,27294.5
1776877800,27294.5,27325.5,27293.5,27307.75
1776878100,27307.5,27316.25,27296.75,27303.5
1776878400,27303.75,27339.5,27303.75,27327.25
1776878700,27326.5,27330.25,27314.5,27317.5
1776879000,27317.5,27333,27315.75,27322.75
1776879300,27322.75,27329.5,27316,27319.5
1776879600,27319.25,27334.5,27319.25,27330.25
1776879900,27331.75,27337,27310.25,27329.5
1776880200,27329.75,27338,27325,27328.75
1776880500,27328.75,27331,27318.25,27319.5
1776880800,27319.25,27330.5,27314,27325.5
1776881100,27325.5,27329.25,27314.75,27315.5
1776881400,27315,27325.25,27312.5,27319.75
1776881700,27319.5,27319.5,27298.5,27305.25
1776882000,27305.25,27305.75,27282,27296.5
1776882300,27296.75,27301.5,27287.75,27288.75
1776882600,27289.25,27309,27286.5,27298.75
1776882900,27299,27309.5,27298.25,27308.5
1776883200,27309,27317.5,27305.25,27315
1776883500,27314.25,27324.25,27308.5,27320.5
1776883800,27320.75,27329.75,27317.5,27319
1776884100,27318.75,27319.75,27299,27303.25
1776884400,27303.5,27306,27267.5,27285.5
1776884700,27285.25,27315.25,27278.25,27314
1776885000,27314,27325,27309.25,27321
1776885300,27321.25,27341,27319.75,27340.5
1776885600,27340.25,27346.25,27329.5,27335.25
1776885900,27335,27346.75,27331.75,27334.5
1776886200,27334.75,27344.25,27326.25,27338
1776886500,27338,27343.25,27328.25,27339.25
1776886800,27339.5,27345.5,27336.75,27344
1776887100,27344.25,27355.5,27340.25,27353
1776887400,27352.25,27382.5,27340.25,27373.5
1776887700,27373.5,27381.25,27359.5,27369.5
1776888000,27369.25,27424.25,27358.5,27405
1776888300,27405,27425.5,27402.25,27414.75
1776888600,27414.5,27415,27397.25,27399.75
1776888900,27399.25,27409,27380.5,27394
1776889200,27393,27398.5,27383.5,27385.5
1776889500,27386,27396.25,27386,27394.5
1776889800,27394.5,27402,27393.75,27396
1776890100,27395.75,27401.75,27362.5,27382.75
1776890400,27382,27388,27380.5,27385.5
1776890700,27384.25,27389,27382.25,27384.5
1776891000,27385.5,27393,27384.5,27392.5
1776891300,27392.75,27398,27388.5,27396
1776895200,27364.5,27383,27355.5,27369
1776895500,27368.5,27381.75,27368.5,27379.25
1776895800,27379,27382.5,27372.5,27374.5
1776896100,27374,27387.5,27371.5,27384.5
1776896400,27385,27387,27378.25,27380.25
1776896700,27380,27384.5,27371,27371
1776897000,27372.25,27375,27366.5,27374.5
1776897300,27374,27375.75,27366.75,27374
1776897600,27373.5,27378.5,27369.25,27372
1776897900,27372.5,27376.25,27371.25,27376
1776898200,27376.5,27378.75,27374.25,27375.25
1776898500,27376.5,27381,27373,27376.75
1776898800,27377.5,27377.75,27371.5,27373.5
1776899100,27373.75,27376.5,27372,27376
1776899400,27376,27381.75,27376,27380.5
1776899700,27381.25,27385.25,27378.25,27384.5
1776900000,27384.5,27389.25,27380.25,27384
1776900300,27384.25,27385,27382,27383.75
1776900600,27383,27383.25,27376.5,27381.25
1776900900,27382.25,27384,27380.25,27381
1776901200,27380.25,27383,27379.5,27381.25
1776901500,27379.75,27388.25,27379.5,27386.25
1776901800,27386.25,27388,27382,27385.25
1776902100,27384.5,27387.75,27380,27385.5
1776902400,27385,27387.5,27368,27368.75
1776902700,27368.25,27373.5,27333.25,27333.75
1776903000,27333.5,27339.75,27225.5,27227.75
1776903300,27228,27335.75,27137.5,27322.75
1776903600,27323.75,27339.75,27282.5,27294
1776903900,27295.25,27344.25,27295,27341.75
1776904200,27340,27364.5,27329,27341
1776904500,27340.5,27348.75,27325.5,27331.75
1776904800,27331,27344.25,27325.75,27337.5
1776905100,27337.5,27356.5,27330,27335
1776905400,27335,27353.25,27331.75,27345.25
1776905700,27346,27350.25,27343,27350.25
1776906000,27350,27352,27339.5,27342.5
1776906300,27342.25,27349.25,27335.5,27338
1776906600,27338.25,27340.75,27313.75,27322.25
1776906900,27322.5,27329,27312.25,27318.75
1776907200,27317.75,27320.5,27309.5,27314.5
1776907500,27314.75,27327.75,27303,27307
1776907800,27308.25,27322.5,27295.5,27300.75
1776908100,27302.5,27310,27292.5,27302.25
1776908400,27301.25,27313,27296.5,27304.75
1776908700,27304.75,27306.5,27292,27300.75
1776909000,27298.25,27298.25,27282.5,27285.75
1776909300,27286.5,27293.25,27285.25,27289.75
1776909600,27290.25,27290.25,27279.25,27281.5
1776909900,27281.75,27284,27272.5,27274.5
1776910200,27274.25,27275.5,27247,27247.75
1776910500,27246,27267.25,27239.5,27253.25
1776910800,27254,27282,27253.5,27264.75
1776911100,27264.5,27277,27255,27255.75
1776911400,27255.25,27262.5,27242,27260.75
1776911700,27258.25,27270.75,27235.75,27251.75
1776912000,27250.5,27256,27242,27250.5
1776912300,27250.25,27255,27242,27250
1776912600,27249.5,27262.25,27246.25,27252
1776912900,27251.75,27253,27233.25,27240
1776913200,27242,27251.5,27230.75,27237.25
1776913500,27237,27239.75,27220,27223
1776913800,27222,27224.5,27202.75,27208
1776914100,27207,27208,27185.75,27189.5
1776914400,27188.75,27199.5,27184.75,27189.75
1776914700,27193.5,27197.75,27185.5,27187.5
1776915000,27186.25,27190.25,27169.5,27179.75
1776915300,27179.5,27181.5,27160.25,27160.75
1776915600,27161.5,27171.75,27154.5,27169.25
1776915900,27169.5,27183.25,27167.25,27182.5
1776916200,27183.25,27199,27178,27198.25
1776916500,27198,27200.75,27182.25,27197.75
1776916800,27195.75,27197.5,27185.75,27190.5
1776917100,27191,27205.5,27182.75,27202
1776917400,27202.5,27218.5,27200.75,27217.25
1776917700,27216.75,27220.5,27212.25,27216
1776918000,27217.25,27226.75,27213.25,27215
1776918300,27215.25,27225.5,27212.5,27221.75
1776918600,27220.25,27233,27220,27231.5
1776918900,27231.25,27239.5,27231.25,27233.75
1776919200,27234.75,27236.75,27228.25,27234.25
1776919500,27234,27238.25,27229.25,27237.25
1776919800,27236.75,27242,27234.5,27239.25
1776920100,27238.5,27246.75,27232.5,27245.5
1776920400,27245.5,27256.25,27242.75,27253.5
1776920700,27252.25,27253.75,27245.25,27251
1776921000,27251.75,27254,27248,27250.5
1776921300,27251.5,27253.25,27230,27239
1776921600,27238.5,27240.75,27233.25,27236.5
1776921900,27236,27244.75,27228.5,27241
1776922200,27242.25,27254,27234.5,27237
1776922500,27235.25,27243.25,27229.5,27232.5
1776922800,27232,27238,27228.5,27237
1776923100,27235.5,27251.5,27235.5,27244
1776923400,27244.5,27261.5,27243.25,27259.25
1776923700,27259,27271.25,27258.25,27267.75
1776924000,27268.5,27276,27266.5,27269.25
1776924300,27269,27283,27268.75,27276.75
1776924600,27276,27278.25,27267,27273.75
1776924900,27274.25,27293,27271.5,27288.5
1776925200,27287.75,27291.5,27280.25,27287.5
1776925500,27287.5,27296.75,27283.75,27290
1776925800,27289.75,27296,27283.25,27287.5
1776926100,27287.75,27293,27283.75,27286
1776926400,27286,27289.5,27281.75,27284
1776926700,27284,27287.25,27274,27276
1776927000,27276,27290.5,27273.5,27287.75
1776927300,27287.5,27288.5,27271,27280.25
1776927600,27280.75,27284.25,27271,27277.5
1776927900,27277.25,27289.5,27277.25,27284.75
1776928200,27285,27289.5,27277,27284
1776928500,27284,27287.25,27275.25,27278.5
1776928800,27278.25,27280.5,27264.25,27273.75
1776929100,27273.5,27284.75,27270.75,27277.5
1776929400,27276.5,27279.75,27264.75,27278.75
1776929700,27279.75,27287.25,27259.75,27270
1776930000,27269.5,27288.5,27264,27285
1776930300,27287,27303,27275.5,27301.75
1776930600,27302.75,27302.75,27282.5,27290.5
1776930900,27289.25,27293.5,27279.25,27287
1776931200,27285.25,27291.5,27263.5,27265.25
1776931500,27264.75,27267.75,27244.5,27251.5
1776931800,27251.25,27265.75,27245.5,27259
1776932100,27260,27272,27253.5,27271.5
1776932400,27272.25,27277.75,27259.5,27270.25
1776932700,27268.5,27281,27261.5,27266.25
1776933000,27267,27267,27244.5,27251.75
1776933300,27251,27256,27239,27242.5
1776933600,27242.25,27242.25,27218.25,27220.75
1776933900,27221.25,27226.25,27213.25,27214.75
1776934200,27214,27221.5,27207.5,27216
1776934500,27217.5,27225.5,27214.75,27217.5
1776934800,27216.75,27218.25,27188,27190.75
1776935100,27191,27198,27179.5,27190
1776935400,27189.5,27202.5,27188.25,27199
1776935700,27198.75,27237.75,27195.25,27231
1776936000,27228.75,27241.25,27226.75,27233.25
1776936300,27233.25,27241.75,27224,27231.75
1776936600,27232,27251,27231,27240.75
1776936900,27240.5,27241.25,27231.25,27238.75
1776937200,27238.75,27250,27235.25,27239.25
1776937500,27238.25,27241.25,27229.75,27240.5
1776937800,27241,27241,27230.5,27233.75
1776938100,27233.25,27238.75,27230.5,27231.25
1776938400,27231.25,27233.75,27217.25,27223
1776938700,27223.25,27226.75,27215.25,27215.5
1776939000,27217.75,27224.75,27205.75,27212.25
1776939300,27212.75,27223.25,27212,27220.5
1776939600,27220,27234.5,27219.5,27232.75
1776939900,27233,27242.75,27229.25,27231
1776940200,27231.75,27269.75,27226.75,27269
1776940500,27268.75,27269.5,27247.25,27250
1776940800,27249.25,27252,27239,27242.25
1776941100,27241.25,27254.5,27237.75,27240
1776941400,27240.75,27257.25,27236.25,27254.75
1776941700,27254.5,27274.5,27254.5,27268.25
1776942000,27269,27278.25,27267.75,27271.75
1776942300,27272.75,27281.25,27264.25,27277.25
1776942600,27278,27284.5,27258,27270.25
1776942900,27270.5,27276.75,27261.5,27265.5
1776943200,27265.75,27271.5,27257.75,27260.25
1776943500,27261,27269.75,27245.25,27256.5
1776943800,27259.5,27262.25,27231.25,27236.5
1776944100,27236.5,27266,27235.25,27256.5
1776944400,27257.25,27277.75,27250.5,27277.25
1776944700,27276.5,27325.25,27273.5,27302.5
1776945000,27302,27333.75,27299.75,27331.75
1776945300,27332,27338,27318,27322
1776945600,27322,27344.25,27316.5,27329.25
1776945900,27328.5,27368,27327.75,27358.75
1776946200,27358,27369.25,27350.75,27352.25
1776946500,27351.75,27351.75,27327.25,27335.25
1776946800,27335.75,27336,27310.25,27321
1776947100,27320,27324.5,27313.5,27322.25
1776947400,27321.75,27339,27319.75,27327.25
1776947700,27326,27332.25,27313.75,27326
1776948000,27325,27332.5,27322,27323
1776948300,27323.25,27328.75,27246.25,27286.5
1776948600,27288,27309.5,27285.25,27295
1776948900,27296.25,27301,27286.5,27298.75
1776949200,27298.75,27315,27298.5,27310.75
1776949500,27311.25,27318.25,27304.5,27314
1776949800,27314,27317.5,27266.75,27292.25
1776950100,27290,27311,27290,27304.25
1776950400,27304.25,27316.5,27303.5,27310.25
1776950700,27310.25,27312,27281.5,27304.25
1776951000,27303.75,27306.75,27254.5,27293.75
1776951300,27292.75,27340.25,27287.25,27335.5
1776951600,27335.75,27357.5,27322.5,27348.75
1776951900,27346.25,27392.25,27329.25,27369.5
1776952200,27370.5,27371.25,27334.25,27347.75
1776952500,27348.5,27348.5,27304,27306.25
1776952800,27306.75,27318.75,27259.5,27302.75
1776953100,27303.25,27318.5,27278.5,27316.25
1776953400,27314.25,27317.5,27266.5,27279.5
1776953700,27279.5,27315.75,27275.5,27279.75
1776954000,27280.25,27317.75,27276,27311
1776954300,27311.5,27320.5,27290,27305.5
1776954600,27305.5,27345.25,27304.5,27327.5
1776954900,27327.5,27348.5,27307.5,27321
1776955200,27320.25,27328.75,27294.25,27324.25
1776955500,27324.75,27348.5,27324.75,27337.25
1776955800,27337.25,27365.5,27328.5,27363.5
1776956100,27363.75,27395.75,27363.75,27383.75
1776956400,27384,27403.25,27383.5,27394.75
1776956700,27395,27405.25,27383.25,27405
1776957000,27405.25,27422.25,27404.75,27410
1776957300,27409.25,27431,27397.75,27427.25
1776957600,27427.25,27439.25,27416.5,27433.5
1776957900,27433.25,27438.5,27419.25,27420.75
1776958200,27421,27445.25,27409.75,27435.25
1776958500,27435.5,27436,27413.25,27416.5
1776958800,27416,27430,27404.75,27410
1776959100,27410.25,27411.5,27371.5,27381.25
1776959400,27382.25,27382.75,27350.5,27353
1776959700,27353,27391.25,27351.25,27382.5
1776960000,27382.75,27389,27334.5,27336.25
1776960300,27336.25,27355.25,27328.25,27339.5
1776960600,27340,27372.25,27339.25,27370.25
1776960900,27370,27381.5,27364.75,27372.75
1776961200,27373.5,27381,27356.5,27379.25
1776961500,27379.75,27394.25,27372,27378.5
1776961800,27377.75,27400,27373,27397
1776962100,27397.5,27408.5,27385.25,27388.75
1776962400,27389.5,27393.75,27381,27391
1776962700,27391,27403,27378,27386
1776963000,27385.75,27398.25,27378.5,27384
1776963300,27383.75,27396.25,27363.25,27377.25
1776963600,27378.5,27388.5,27289.75,27304
1776963900,27303,27304.75,27239.75,27244
1776964200,27243.25,27256.5,27212.25,27237
1776964500,27236.5,27236.5,27154.5,27172.75
1776964800,27172.75,27192.25,27149.5,27167.5
1776965100,27168.25,27223.75,27152.75,27160.25
1776965400,27160.5,27224.75,27141.5,27221
1776965700,27220.5,27240.25,27136.25,27150.25
1776966000,27150.25,27153.5,27034,27050.5
1776966300,27050.5,27061.25,26971.25,27036.25
1776966600,27036.25,27171.25,26996.75,27125.25
1776966900,27122,27183.5,27110.25,27170
1776967200,27168.5,27234.75,27149.75,27196.75
1776967500,27196.75,27228.5,27177.25,27199.25
1776967800,27199.25,27237.5,27183,27207.25
1776968100,27208.25,27225.75,27197.25,27212.75
1776968400,27212.25,27232,27189.75,27219
1776968700,27218,27231,27203.5,27228
1776969000,27227.5,27258.5,27227.25,27253.5
1776969300,27253,27271.75,27241.25,27248
1776969600,27248.75,27251.75,27212.75,27237
1776969900,27237,27239,27202.25,27203
1776970200,27203.25,27215.25,27184.5,27202.75
1776970500,27200.5,27206.25,27132,27150
1776970800,27150.5,27166.25,27131.75,27151.25
1776971100,27150.75,27193,27150.75,27180.25
1776971400,27180.75,27194,27169,27192.75
1776971700,27193,27215.75,27193,27202.5
1776972000,27203.25,27207,27191.75,27201.25
1776972300,27201.75,27215,27200.75,27204.5
1776972600,27204.75,27225.75,27178.25,27180.25
1776972900,27181,27181,27145.75,27165.75
1776973200,27166.25,27184.75,27156,27158.25
1776973500,27158.75,27193.25,27155.5,27193.25
1776973800,27190,27202.25,27129.75,27194.75
1776974100,27195.25,27234,27185,27215.75
1776974400,27215.5,27275,27198.75,27273.25
1776974700,27272.25,27278,27244,27253.25
1776975000,27252.5,27265,27235.75,27239.25
1776975300,27238.5,27244,27208.75,27233.75
1776975600,27234.75,27259.25,27231,27258.25
1776975900,27257.25,27259.5,27240.75,27250
1776976200,27250,27257,27241.75,27255.5
1776976500,27255.5,27258.5,27250.25,27257.5
1776976800,27257,27258.75,27243.25,27252.5
1776977100,27252.75,27254.5,27239.75,27240
1776977400,27241.25,27242.75,27223.5,27231.75
1776977700,27231,27237.75,27222.25,27232.25
1776981600,27281.5,27321.5,27281.5,27315.5
1776981900,27316.25,27331.5,27316.25,27320.75
1776982200,27320.25,27334.75,27311.5,27329.5
1776982500,27328.5,27334.5,27324,27332.5
1776982800,27332.75,27335.75,27321.5,27324.75
1776983100,27324.75,27327,27315.25,27322
1776983400,27322.25,27330,27320,27326.5
1776983700,27327.5,27332.5,27317.5,27319.75
1776984000,27320.75,27325,27310.5,27323
1776984300,27323,27342.5,27322.75,27335
1776984600,27334.25,27341,27334.25,27337.5
1776984900,27338.5,27338.5,27323.5,27332.25
1776985200,27331.25,27339,27325.75,27333.5
1776985500,27334,27334.75,27324.25,27326.5
1776985800,27326.75,27330,27324.75,27327
1776986100,27326.5,27333,27323,27326.75
1776986400,27327.25,27334.5,27325.5,27330.25
1776986700,27331,27342.25,27329.5,27340.75
1776987000,27339.75,27361.25,27339.5,27359.75
1776987300,27358.5,27362.75,27355,27356.25
1776987600,27357.75,27360,27353.5,27356
1776987900,27356.75,27368,27355.75,27361
1776988200,27361.5,27369.5,27359.75,27367.5
1776988500,27368,27370,27364.5,27369.75
1776988800,27370.5,27382.5,27360.25,27365
1776989100,27364,27396.75,27363.25,27394
1776989400,27393,27400.5,27387,27398.75
1776989700,27399.5,27405.75,27392,27397.25
1776990000,27395.5,27402.5,27395,27399.5
1776990300,27399.75,27416.25,27399.75,27414.5
1776990600,27415,27425.25,27409.5,27416.5
1776990900,27415.75,27424.25,27413.25,27416
1776991200,27416,27417,27402.5,27409.25
1776991500,27409.5,27419.5,27398.75,27400.25
1776991800,27400.25,27407.5,27396,27404
1776992100,27406,27411.25,27402,27407.75
1776992400,27409.25,27417.75,27404.75,27409.75
1776992700,27408.75,27414.5,27404.25,27406.25
1776993000,27406,27413,27403,27406.75
1776993300,27407.5,27412,27402.75,27404.25
1776993600,27404.25,27409.5,27399.75,27409
1776993900,27407.75,27418,27406.75,27412.75
1776994200,27412,27414,27389.5,27397.5
1776994500,27397.25,27410.25,27389,27403.75
1776994800,27403.75,27412.25,27398.25,27399.5
1776995100,27400.25,27415.75,27398.75,27411.25
1776995400,27411,27415.5,27406,27408
1776995700,27409.25,27413,27403.75,27408.25
1776996000,27407.5,27410.5,27394.75,27402.5
1776996300,27402.25,27403.75,27390.75,27390.75
1776996600,27390.5,27394.5,27378.5,27384
1776996900,27385.5,27391.5,27379.75,27383.5
1776997200,27382.75,27386,27370.25,27370.75
1776997500,27370.25,27373.5,27362,27367.5
1776997800,27367.5,27382.5,27366.5,27379
1776998100,27378,27381.75,27365.25,27369.5
1776998400,27369.25,27377.75,27367,27375.75
1776998700,27375.5,27377.25,27354.25,27357.25
1776999000,27356.25,27362.75,27348.5,27360.75
1776999300,27361.5,27362.25,27354.25,27360.25
1776999600,27359.75,27367.75,27346,27354.75
1776999900,27354,27359.75,27349.5,27352.5
1777000200,27353.25,27357,27345,27348.75
1777000500,27348.25,27352,27343.75,27352
1777000800,27352.25,27353,27330.5,27332.25
1777001100,27332,27342.25,27323.5,27326
1777001400,27326.5,27329.5,27312.75,27319.25
1777001700,27319.5,27331.75,27313,27327
1777002000,27326,27327.5,27316.25,27319.25
1777002300,27319.75,27332.25,27319,27331.5
1777002600,27330.5,27338.5,27327,27333
1777002900,27333,27333,27319.5,27321.5
1777003200,27320.5,27324,27309.25,27316.25
1777003500,27319,27332.75,27316.25,27331
1777003800,27330.75,27335.75,27325.5,27331.5
1777004100,27331,27333.75,27316.25,27323.75
1777004400,27323.25,27324.75,27309.75,27312
1777004700,27311.5,27315.25,27305.75,27313
1777005000,27314.75,27326.5,27313.25,27319.25
1777005300,27318.25,27329.75,27318.25,27323.75
1777005600,27323.75,27329.75,27322.5,27329.25
1777005900,27329.25,27346.75,27328.75,27340.75
1777006200,27340.5,27343.75,27337,27338.25
1777006500,27337.25,27345,27337.25,27343.75
1777006800,27344,27344.75,27332.25,27340
1777007100,27340.5,27344.75,27330.25,27330.25
1777007400,27331.25,27338.75,27321.25,27338.5
1777007700,27337.25,27349,27330.5,27337.75
1777008000,27337.25,27352,27335,27349
1777008300,27349.25,27356.25,27347.25,27348.5
1777008600,27348.75,27362.5,27348.75,27360.5
1777008900,27359.25,27363.5,27355.25,27361
1777009200,27361.5,27368,27358,27363
1777009500,27362.25,27370.75,27359.75,27370.25
1777009800,27369.25,27376.25,27369,27370.75
1777010100,27370.5,27376,27369.5,27375.5
1777010400,27375.75,27388.75,27374.5,27381.5
1777010700,27381,27382.5,27368.75,27371.5
1777011000,27371.75,27381.75,27370.5,27378
1777011300,27378,27381.25,27371.5,27375.5
1777011600,27376,27380.5,27370.5,27375.75
1777011900,27373,27373,27360.25,27361.75
1777012200,27361.75,27368,27361.75,27367
1777012500,27366.75,27373.25,27362.25,27371
1777012800,27370.25,27378.5,27366.75,27370.5
1777013100,27370.25,27371,27359,27359.75
1777013400,27359.5,27364.25,27356.25,27363
1777013700,27361.5,27367.75,27358.25,27364.5
1777014000,27363.75,27388.25,27360.75,27384.5
1777014300,27383.75,27396.75,27383.25,27395.25
1777014600,27394,27396.25,27388.25,27392
1777014900,27390.5,27398.75,27379,27393.25
1777015200,27393.75,27398.5,27385.25,27389.5
1777015500,27391.25,27404.25,27389,27397.75
1777015800,27396.75,27397.25,27378.5,27383
1777016100,27381.75,27382.25,27372,27375.25
1777016400,27374.25,27376.75,27369.5,27375.75
1777016700,27375,27386.75,27372.5,27384.5
1777017000,27384,27388.5,27381,27381.25
1777017300,27380.75,27400.75,27378.75,27398.5
1777017600,27399,27400.5,27362.75,27376.5
1777017900,27376.5,27382.25,27370.25,27374.75
1777018200,27375.25,27385.25,27371.75,27380.25
1777018500,27382.5,27424.5,27382.25,27420
1777018800,27419.75,27443.25,27412.25,27421.25
1777019100,27421.25,27421.25,27392.25,27400.25
1777019400,27400,27401.75,27373.25,27383.25
1777019700,27384.75,27393.5,27380,27389.25
1777020000,27389,27393.25,27371.25,27372.75
1777020300,27373.5,27401.25,27371,27395
1777020600,27394.25,27394.25,27373.25,27380.25
1777020900,27380.25,27386.5,27375.5,27384
1777021200,27385.5,27393,27369.75,27377
1777021500,27375.5,27386.25,27371.75,27385.25
1777021800,27385.5,27393,27381.5,27389.5
1777022100,27389.75,27396.5,27380.25,27388.75
1777022400,27390,27393.5,27354,27380.25
1777022700,27380.25,27392,27374,27385
1777023000,27384.5,27392.5,27378.75,27387.5
1777023300,27389.5,27396.5,27386.25,27394.5
1777023600,27393.75,27403.75,27393.25,27402.75
1777023900,27402.75,27410.25,27399.5,27404.5
1777024200,27404.5,27404.5,27389.25,27393.25
1777024500,27393,27398.5,27388.75,27398.25
1777024800,27398.75,27419.25,27397.5,27417.5
1777025100,27416.75,27418.75,27402.25,27413
1777025400,27414.5,27430.25,27411,27428.5
1777025700,27427.5,27447.5,27424.25,27438.75
1777026000,27438.5,27458.25,27435.75,27454
1777026300,27453.5,27476.75,27453,27472.5
1777026600,27472.75,27477.5,27462.75,27469.75
1777026900,27470,27482.25,27467,27468.5
1777027200,27468.75,27473,27465.75,27468.25
1777027500,27468.5,27471.25,27459,27464.25
1777027800,27464.75,27471,27460.5,27462.5
1777028100,27462,27471.25,27459.75,27462
1777028400,27461,27518,27460,27500.25
1777028700,27500,27581.75,27491.5,27558.5
1777029000,27559.5,27597,27554.5,27569.75
1777029300,27570,27593.75,27555.75,27564.25
1777029600,27564.75,27623.25,27554.75,27619.5
1777029900,27621.25,27645.25,27615,27639.75
1777030200,27640.5,27653.25,27616.75,27624.5
1777030500,27622.75,27626.25,27592.25,27594.5
1777030800,27594.25,27602,27574.5,27586
1777031100,27584,27585.5,27569.5,27572.5
1777031400,27572.5,27584.5,27564.75,27570.25
1777031700,27569.75,27569.75,27554.75,27565.25
1777032000,27566.5,27581.75,27557.25,27562.25
1777032300,27561.75,27577.75,27559.5,27574.25
1777032600,27573.25,27593.5,27573,27589.75
1777032900,27590.25,27601.75,27560,27586
1777033200,27586.75,27593.25,27552.75,27590
1777033500,27589.5,27592.75,27574.5,27581.75
1777033800,27582,27584,27547.25,27550.75
1777034100,27550.25,27556.25,27520.25,27538
1777034400,27538.75,27554,27526,27532.25
1777034700,27534.25,27549.5,27501.5,27513
1777035000,27513.5,27519.5,27492.5,27505.25
1777035300,27506.5,27531,27506.5,27527.5
1777035600,27527.5,27534.25,27515.75,27533.75
1777035900,27533.25,27542.5,27526,27532.5
1777036200,27533,27556.25,27528.25,27534
1777036500,27534.75,27554,27533.75,27552.75
1777036800,27552.75,27556.25,27526.5,27531.5
1777037100,27531,27531,27495.75,27499.25
1777037400,27499.5,27534.75,27465.75,27510.25
1777037700,27510.5,27546.25,27486,27536.25
1777038000,27536.25,27549.5,27488.5,27505
1777038300,27505.5,27535.5,27494,27529.25
1777038600,27529.5,27544.5,27454.5,27462.75
1777038900,27462.5,27489.5,27419.75,27483.25
1777039200,27483.25,27513.75,27448,27474.25
1777039500,27473.5,27530.75,27464.5,27519
1777039800,27518,27556.75,27505.25,27523.75
1777040100,27523.5,27553.75,27512.5,27533.25
1777040400,27532.25,27547.25,27506.25,27523.25
1777040700,27523.75,27524,27475.75,27490.75
1777041000,27491,27506.25,27457.25,27483.75
1777041300,27483.5,27533.75,27473,27521.5
1777041600,27520.5,27547.75,27516.75,27541.75
1777041900,27542.5,27569.25,27519.5,27551.5
1777042200,27550.75,27570.5,27536.5,27553
1777042500,27554,27586.75,27552,27579.75
1777042800,27580,27594.5,27576.75,27586
1777043100,27586,27595.5,27575.75,27586.5
1777043400,27586.75,27609.25,27581,27607.75
1777043700,27607.75,27613,27590,27593.75
1777044000,27594.5,27621.75,27584.5,27616.25
1777044300,27615.25,27617.75,27592.5,27615
1777044600,27615.5,27634.25,27608.25,27616.25
1777044900,27616.25,27624.5,27597,27603.75
1777045200,27603,27681.5,27599.75,27677.25
1777045500,27673.75,27706.75,27631,27661.75
1777045800,27662.25,27701.25,27661.5,27683.75
1777046100,27684,27690.75,27673.25,27685.5
1777046400,27685.75,27692.25,27661.25,27683
1777046700,27683,27693.5,27649.5,27659.5
1777047000,27659.25,27690.5,27652.5,27672
1777047300,27671.75,27679,27656.5,27673.5
1777047600,27672.25,27689.5,27672.25,27689
1777047900,27688.5,27698.25,27680.25,27688.75
1777048200,27689,27716,27689,27712.75
1777048500,27712.75,27720,27700.25,27704.5
1777048800,27704.25,27705.25,27667.5,27682
1777049100,27681.75,27694.5,27673.5,27680.75
1777049400,27681,27694.25,27679,27686.75
1777049700,27687.5,27707.75,27684.5,27699.25
1777050000,27699.5,27712.75,27697.25,27703.5
1777050300,27703.75,27708,27694,27698.25
1777050600,27698.25,27710.5,27690.5,27698.5
1777050900,27698,27699.5,27682.25,27684.5
1777051200,27684,27687.75,27656.5,27681.5
1777051500,27681,27690.5,27672.5,27673.5
1777051800,27672.5,27691.25,27662,27683.25
1777052100,27682.75,27710,27681.75,27685.75
1777052400,27686,27706,27685,27704.5
1777052700,27704.5,27713,27701.25,27705.75
1777053000,27705.5,27752,27700.5,27725.5
1777053300,27724.75,27732.25,27716,27722.25
1777053600,27722.5,27732.5,27711,27714.5
1777053900,27713.75,27716.5,27696,27709.75
1777054200,27710.25,27715.25,27696.75,27705.25
1777054500,27704.75,27707.25,27681.75,27687.25
1777054800,27687.5,27690.25,27673.25,27685.5
1777055100,27685,27697.5,27674.25,27677
1777055400,27677.25,27700.25,27674.5,27696.5
1777055700,27696.25,27706.5,27693.25,27700.5
1777056000,27700.25,27711,27689.75,27696.25
1777056300,27695.75,27700.75,27685.25,27689.25
1777056600,27688.5,27701.75,27682.75,27693.75
1777056900,27693.25,27700.25,27690.5,27697.5
1777057200,27698,27716,27697.25,27705.25
1777057500,27705.25,27722.5,27700.5,27721.5
1777057800,27721.5,27735,27720.25,27731
1777058100,27731.75,27744,27731.25,27740.5
1777058400,27740.25,27741,27719.75,27722.25
1777058700,27722,27725.5,27708,27712.5
1777059000,27712.25,27716.25,27696,27710.75
1777059300,27710.75,27710.75,27693.5,27701.5
1777059600,27701.75,27714.75,27695.5,27706.5
1777059900,27706.5,27711,27697.5,27711
1777060200,27710.75,27731.25,27699.5,27730.5
1777060500,27730.25,27735.5,27719.25,27723.5
1777060800,27723.5,27729.75,27717.25,27720.75
1777061100,27720.75,27726.75,27698.5,27705.5
1777061400,27705,27711.25,27698.5,27704
1777061700,27704,27710.25,27703.25,27706.5
1777062000,27707,27718.75,27706.75,27712.75
1777062300,27713.5,27714.75,27702.75,27709.5
1777062600,27709,27732.75,27708.5,27731
1777062900,27731,27732,27720.75,27721.25
1777063200,27720.75,27727,27719,27724
1777063500,27724,27725,27719.5,27719.75
1777063800,27719.25,27733,27718.5,27729.25
1777064100,27729.75,27734,27725.25,27729.75
1777240800,27692.75,27711.25,27641.5,27645.5
1777241100,27645.75,27655.5,27633.75,27648.5
1777241400,27646.75,27654,27634.5,27647.75
1777241700,27647,27662,27646.5,27660.5
1777242000,27660.5,27663,27651.5,27659.5
1777242300,27658.5,27664.5,27655,27664
1777242600,27663,27664,27653.25,27661.75
1777242900,27661,27666.75,27657.5,27666.25
1777243200,27666.5,27678.75,27662.5,27672.75
1777243500,27673,27679,27670.25,27673.25
1777243800,27672.75,27687.5,27669.5,27682.25
1777244100,27682.5,27689.25,27678.75,27685
1777244400,27684.75,27687.5,27675,27677.75
1777244700,27676.75,27681,27666,27669.25
1777245000,27669.5,27674.5,27666.75,27670.25
1777245300,27670.25,27684.5,27669.25,27680.25
1777245600,27680.5,27683.75,27675,27678.75
1777245900,27677.5,27678.25,27671.5,27672.25
1777246200,27671.5,27671.5,27656.25,27667.75
1777246500,27667.75,27670.5,27662.5,27663
1777246800,27663.5,27667.75,27657.25,27666
1777247100,27667.25,27679,27667.25,27671.75
1777247400,27671.5,27672.5,27659.25,27669
1777247700,27670,27675.25,27662.75,27673.5
1777248000,27674.5,27697.25,27668.5,27688.75
1777248300,27688.25,27697,27672.75,27683.25
1777248600,27684.5,27701.75,27683.75,27698.25
1777248900,27698,27707.75,27686.75,27706.25
1777249200,27706.75,27710,27699.25,27700.75
1777249500,27701.75,27709.75,27700,27708
1777249800,27707.5,27709,27694.5,27700.25
1777250100,27700,27715.25,27698.75,27714.5
1777250400,27714.25,27727.25,27714.25,27723.75
1777250700,27723.75,27727.75,27721,27723
1777251000,27722,27727.5,27719.5,27727.5
1777251300,27727.5,27764,27727.5,27745
1777251600,27745.5,27789.25,27745.5,27780
1777251900,27781,27787,27751.5,27755.5
1777252200,27754.75,27769,27753.5,27760.75
1777252500,27760.25,27762.75,27745.5,27761.25
1777252800,27761.25,27778.25,27760.5,27776
1777253100,27776,27785.75,27755.75,27782.75
1777253400,27785.25,27802.25,27779.5,27799.25
1777253700,27800.5,27810.75,27794.75,27804.75
1777254000,27805.5,27810.5,27801.25,27804.25
1777254300,27804.75,27813.5,27800,27812.5
1777254600,27812,27829.5,27808.5,27822
1777254900,27822.5,27827.5,27813.75,27827.25
1777255200,27827,27832,27819,27822.25
1777255500,27821.5,27821.5,27808,27819.75
1777255800,27818.25,27821.5,27811.25,27816.5
1777256100,27815.75,27827.5,27813.25,27815
1777256400,27815,27816,27800.5,27811
1777256700,27810.5,27813.75,27803.75,27812
1777257000,27811,27819.25,27808.25,27811.5
1777257300,27812.25,27822.5,27811.25,27812.5
1777257600,27812.25,27813,27806,27808.5
1777257900,27810,27815.25,27807.25,27814.25
1777258200,27813.5,27813.75,27804.5,27806.5
1777258500,27806.75,27812.75,27805.25,27808.25
1777258800,27808.25,27825.75,27806,27817
1777259100,27817,27818,27805,27808
1777259400,27807.5,27810.75,27802.25,27810
1777259700,27809.25,27813.5,27806.5,27812.5
1777260000,27811.75,27817.5,27810.5,27813.75
1777260300,27814.5,27819,27811.5,27817.25
1777260600,27817.75,27821,27815,27820.5
1777260900,27820,27822.5,27809.5,27815.75
1777261200,27815,27821.5,27812.75,27819
1777261500,27819,27819.75,27812.5,27816.5
1777261800,27816.75,27820.5,27813.75,27819.75
1777262100,27818.5,27819.5,27813,27814
1777262400,27814,27816,27797.5,27800.5
1777262700,27801.25,27811.25,27801.25,27807.25
1777263000,27807.75,27809.25,27802.75,27804.25
1777263300,27803.5,27810.5,27803.5,27804.75
1777263600,27805.5,27815.5,27804,27813.75
1777263900,27813.75,27820.5,27813.75,27818.25
1777264200,27818.75,27823.5,27818.25,27819.5
1777264500,27818.75,27829.5,27814.5,27825.75
1777264800,27826.75,27826.75,27821.25,27822
1777265100,27821.75,27828,27820.75,27821.25
1777265400,27820.5,27820.5,27811.75,27816
1777265700,27815.75,27817,27802,27807.25
1777266000,27808.25,27809.75,27790,27790.5
1777266300,27790.5,27792.75,27775.5,27783.5
1777266600,27783,27787.5,27768.25,27768.5
1777266900,27768.25,27772.75,27761.25,27763.5
1777267200,27764,27769,27756.25,27768
1777267500,27767.5,27767.5,27747.75,27749
1777267800,27748.5,27755.75,27744.5,27749.5
1777268100,27749.5,27749.5,27733,27742
1777268400,27742.25,27752.75,27740,27747.5
1777268700,27747,27754.5,27744,27745.5
1777269000,27745.75,27747.5,27733.5,27746.25
1777269300,27746.75,27749.25,27738.5,27739
1777269600,27738.75,27745.5,27724.75,27727.75
1777269900,27727.5,27735.5,27718.5,27730.25
1777270200,27730,27732.75,27722.5,27729.5
1777270500,27730,27732.5,27717.5,27731.5
1777270800,27731.25,27741.75,27728,27739.25
1777271100,27738.5,27741.25,27733.25,27740.5
1777271400,27739.5,27740.25,27715.5,27719.5
1777271700,27719.5,27728.5,27717.25,27722.5
1777272000,27723.5,27729.5,27710.75,27729.25
1777272300,27729.25,27736.5,27726.5,27736
1777272600,27734.5,27734.5,27723.75,27730.5
1777272900,27729.5,27733.25,27719.5,27723.5
1777273200,27723.25,27733,27709,27724.75
1777273500,27724.5,27725,27699.75,27706
1777273800,27704.5,27719,27697.5,27715
1777274100,27715.25,27717.25,27705,27715
1777274400,27713.75,27725.25,27709.75,27719.75
1777274700,27718.5,27720,27703.5,27707.5
1777275000,27708,27714.25,27701.75,27707
1777275300,27707,27712.5,27695.25,27710.5
1777275600,27710.75,27715.75,27707,27709.75
1777275900,27710.75,27719.5,27709.75,27709.75
1777276200,27710.5,27719.5,27705.25,27714.75
1777276500,27715,27724.5,27713,27715.5
1777276800,27714.5,27724.25,27698.5,27703.25
1777277100,27703.75,27708,27677.75,27683.75
1777277400,27684,27694.75,27678.75,27680.25
1777277700,27680.75,27697,27677.5,27692.5
1777278000,27693.25,27704.5,27686.5,27704.5
1777278300,27704.5,27707.75,27698,27704
1777278600,27703.5,27711.5,27702.5,27709.5
1777278900,27710,27719.75,27706.25,27716
1777279200,27714.75,27726.75,27711.25,27724.25
1777279500,27723.75,27733,27722.5,27729.25
1777279800,27730.25,27733.75,27724.25,27729.25
1777280100,27729,27734.25,27725.75,27730.25
1777280400,27728.75,27738.25,27728.5,27732.5
1777280700,27733,27734,27725.25,27727.25
1777281000,27727.5,27740.5,27726.25,27737
1777281300,27736.75,27745,27735.75,27737.75
1777281600,27737.25,27738.75,27731,27734
1777281900,27734,27743.75,27732,27740.75
1777282200,27740.75,27748.75,27738.5,27747.25
1777282500,27747.25,27747.75,27736.75,27741.75
1777282800,27741.5,27744.25,27736.75,27742.25
1777283100,27741,27746.75,27739.75,27744.5
1777283400,27743.75,27755.5,27743.75,27755.25
1777283700,27755,27755.75,27740.5,27744.5
1777284000,27744.75,27748.25,27741.25,27741.75
1777284300,27741.75,27747.5,27733.5,27737.75
1777284600,27739.5,27740.5,27729.5,27735
1777284900,27736,27748,27733.75,27744.75
1777285200,27745.25,27754.75,27745.25,27751.25
1777285500,27750.5,27750.5,27738.75,27743.5
1777285800,27743.5,27754.25,27741.25,27752.5
1777286100,27751.75,27759.25,27750.5,27758.25
1777286400,27759,27770.5,27759,27767
1777286700,27766.5,27769.75,27756.75,27761.25
1777287000,27760.5,27772.25,27757.5,27767
1777287300,27767.25,27772.75,27763.25,27765
1777287600,27765,27772.5,27764.5,27769
1777287900,27769,27778,27769,27775.75
1777288200,27776,27781.75,27772,27774.5
1777288500,27774.25,27778.25,27767.5,27776.75
1777288800,27776.5,27787.25,27773.5,27785.5
1777289100,27785,27788.25,27778.75,27782.5
1777289400,27782.5,27789.75,27772.75,27774.5
1777289700,27775.5,27777.25,27768.5,27773
1777290000,27773.5,27774.25,27767.75,27771.25
1777290300,27772,27782,27770.5,27775.25
1777290600,27775.75,27779,27767.75,27772.25
1777290900,27771.75,27773.75,27767.5,27771.5
1777291200,27771.5,27773.25,27756.25,27764
1777291500,27764.25,27764.5,27748.5,27752.5
1777291800,27752.75,27768.5,27750.25,27756.5
1777292100,27756.75,27756.75,27737.75,27740
1777292400,27739.75,27741,27714.5,27716.25
1777292700,27715.75,27719.75,27687.5,27708.75
1777293000,27708.25,27713,27696,27705.25
1777293300,27705.25,27711,27679.5,27689
1777293600,27691,27711.75,27680.75,27707.75
1777293900,27708.5,27722,27697.75,27719.25
1777294200,27718.75,27726.75,27712,27720.75
1777294500,27720.5,27722.25,27699.5,27708.75
1777294800,27709.25,27723.25,27673.75,27690.5
1777295100,27690.25,27708.5,27675.25,27701.75
1777295400,27701.5,27715.75,27695.5,27705.75
1777295700,27705.25,27715,27699.5,27703.75
1777296000,27703.5,27711.5,27701.25,27703.25
1777296300,27702.5,27703,27682.5,27699.75
1777296600,27700.25,27724.5,27651.75,27658.5
1777296900,27658.5,27702.75,27643,27681.75
1777297200,27682,27690.5,27649.5,27677.25
1777297500,27677.5,27677.75,27614.5,27639.5
1777297800,27640.5,27671.5,27588,27668.25
1777298100,27668.25,27702.75,27662,27691
1777298400,27691.75,27699,27668.25,27677.5
1777298700,27677.75,27692.75,27655.25,27656.25
1777299000,27656.25,27682.25,27637.75,27679
1777299300,27678.5,27682.75,27642,27651.75
1777299600,27652.25,27666.5,27643.25,27660.25
1777299900,27661.25,27672.75,27644.75,27649
1777300200,27649.75,27650.25,27611,27645
1777300500,27645.25,27695.5,27641.5,27667.5
1777300800,27667,27675,27646.5,27666.5
1777301100,27667.25,27671,27640.25,27662.75
1777301400,27662,27679.25,27637.5,27650
1777301700,27649.75,27664.5,27634.75,27657.5
1777302000,27658.5,27669,27625.5,27629.5
1777302300,27629.5,27656.5,27621.75,27646
1777302600,27646.25,27654.25,27625.25,27629
1777302900,27628.75,27650,27623.25,27628.25
1777303200,27628.75,27633,27597,27611.25
1777303500,27610.5,27634.5,27600.5,27634
1777303800,27634.25,27648.75,27624.75,27641.75
1777304100,27641.25,27651.5,27634.5,27650.25
1777304400,27650.25,27672.5,27645.25,27660.75
1777304700,27661,27670.25,27650.25,27653.5
1777305000,27654,27662,27638.75,27647
1777305300,27647.75,27658.75,27641.5,27656.75
1777305600,27656.5,27664.25,27637.25,27646.75
1777305900,27647,27666.25,27646,27661.75
1777306200,27662,27673.5,27655.75,27664.5
1777306500,27664.5,27679.25,27662.75,27677.25
1777306800,27676,27678.75,27659.5,27662.5
1777307100,27663.25,27673.5,27661.25,27665.5
1777307400,27666,27683.75,27666,27680.75
1777307700,27680.75,27691,27673.75,27688.5
1777308000,27688.25,27696,27682.25,27685.75
1777308300,27685.5,27695.75,27683.5,27693.25
1777308600,27693.75,27694,27680,27681.5
1777308900,27681.5,27683.25,27668.5,27680
1777309200,27680.5,27693.5,27680.5,27687.5
1777309500,27687.75,27694.5,27683,27693.25
1777309800,27693.25,27704,27685.25,27702.75
1777310100,27702.75,27707.75,27669.75,27682
1777310400,27681.25,27710.25,27671.5,27690.75
1777310700,27691,27705.5,27688.75,27700.75
1777311000,27700.75,27728,27700.25,27727.5
1777311300,27727.5,27728.25,27708.5,27711.25
1777311600,27711.5,27721,27708,27719.5
1777311900,27720,27726.5,27715.5,27724.5
1777312200,27725,27729.25,27705.75,27713.5
1777312500,27712.75,27720,27709.75,27718
1777312800,27718,27718,27706.75,27711.5
1777313100,27711.25,27723.25,27708.25,27722.5
1777313400,27723,27725.5,27716.5,27719.25
1777313700,27719.5,27726.75,27716.5,27722.75
1777314000,27722.5,27725.5,27718.25,27722
1777314300,27722,27724,27712.25,27718
1777314600,27717.75,27724,27711.25,27713.75
1777314900,27714,27718,27710.5,27710.5
1777315200,27711,27713.5,27695.75,27701
1777315500,27700.75,27701.5,27686.25,27695.75
1777315800,27695.25,27702.75,27680.5,27682.5
1777316100,27682.5,27697.75,27681.5,27688.75
1777316400,27689.25,27697,27682.75,27689.25
1777316700,27689.5,27693.75,27680,27688.5
1777317000,27689,27705.25,27682,27703.25
1777317300,27703,27717.5,27700.5,27714
1777317600,27714,27718.75,27708,27711.5
1777317900,27711.75,27718,27707.5,27713.25
1777318200,27712.75,27725.75,27711.5,27719.25
1777318500,27719,27724.5,27700.5,27716.5
1777318800,27716,27720.25,27706,27719
1777319100,27718.75,27734.5,27717,27733.5
1777319400,27733.5,27744.25,27722.25,27728.25
1777319700,27729,27739,27721.25,27734.5
1777320000,27734.25,27735.5,27715,27717.25
1777320300,27717.5,27720.5,27709.5,27715
1777320600,27714.5,27725,27712.75,27716.75
1777320900,27716,27723.5,27711.25,27713.25
1777321200,27713.5,27714,27700.75,27703.5
1777321500,27704,27714.5,27704,27714.25
1777321800,27714,27720.5,27713.75,27715.75
1777322100,27716.25,27729,27716,27724.5
1777322400,27724.5,27725.5,27721.25,27724
1777322700,27724,27726.75,27718.25,27721.25
1777323000,27721.5,27722.25,27715.5,27719
1777323300,27718.25,27718.5,27706.75,27708
1777327200,27712.5,27737.5,27709.75,27727.25
1777327500,27728,27778.25,27725.25,27761.75
1777327800,27762.75,27779.5,27761.5,27774.25
1777328100,27774.25,27791,27774.25,27781
1777328400,27779.5,27782.25,27774,27776.75
1777328700,27775.75,27783.25,27774,27782
1777329000,27783,27788.75,27781.5,27784.25
1777329300,27784,27786.5,27778.75,27786.5
1777329600,27784.25,27787.75,27779.5,27785.5
1777329900,27786,27786,27775,27776.75
1777330200,27774.5,27778.5,27771.5,27775.75
1777330500,27775,27777.75,27768,27774.25
1777330800,27774.25,27779.25,27772.75,27778.25
1777331100,27778.5,27779,27764.25,27768
1777331400,27768.25,27773.5,27765.5,27768.75
1777331700,27768,27783,27768,27778
1777332000,27779,27784.25,27776.5,27782
1777332300,27782.75,27783,27777.75,27780
1777332600,27779,27788,27775.75,27782.5
1777332900,27782.25,27790,27782.25,27790
1777333200,27790,27794,27785.5,27787
1777333500,27787.5,27790.25,27778.25,27781
1777333800,27781.5,27781.5,27774.25,27781
1777334100,27780.5,27782,27775.5,27779.5
1777334400,27779.75,27788,27770.25,27773.25
1777334700,27772.25,27799.75,27771.5,27794.75
1777335000,27796.75,27801.5,27788.25,27792
1777335300,27790.25,27790.5,27772.5,27775.25
1777335600,27773.5,27779,27769.5,27775.5
1777335900,27775.75,27777.25,27739.75,27753.5
1777336200,27755.5,27765.5,27745.75,27752.25
1777336500,27753.25,27761.25,27749.25,27760
1777336800,27758.75,27768.25,27758.75,27764.25
1777337100,27765,27771,27763.25,27767.5
1777337400,27766.5,27766.5,27757.75,27761.75
1777337700,27761.5,27764.75,27756.75,27757
1777338000,27757.5,27762.5,27741.25,27751.25
1777338300,27751.5,27756,27739.5,27745.75
1777338600,27745.75,27753.5,27744.5,27751
1777338900,27750.25,27754,27745.5,27746.75
1777339200,27746.75,27755,27742.75,27752.5
1777339500,27753.5,27761.5,27753.5,27759.5
1777339800,27760.25,27761,27747.25,27753.25
1777340100,27753.75,27770,27753.75,27766
1777340400,27766.75,27774,27765.5,27769
1777340700,27769.75,27770.75,27746.5,27747
1777341000,27747.5,27747.75,27723.5,27738
1777341300,27737.75,27740.75,27707,27711.25
1777341600,27713,27715.5,27701,27705
1777341900,27704,27721.5,27704,27717.75
1777342200,27716.75,27724,27716.5,27720.25
1777342500,27721.25,27725,27716.5,27724.25
1777342800,27722.25,27726.75,27718.75,27720.5
1777343100,27721.25,27724,27714.25,27719
1777343400,27719.5,27719.5,27702.5,27711.25
1777343700,27708.5,27713,27695.75,27695.75
1777344000,27696.5,27700.25,27692,27697
1777344300,27696.5,27699.5,27690.5,27691.75
1777344600,27692.5,27702.25,27692.5,27696.25
1777344900,27697,27697.25,27675.5,27684.75
1777345200,27683.5,27689,27678,27682.5
1777345500,27681.75,27692.25,27679.75,27689
1777345800,27690.25,27700,27690,27698
1777346100,27697,27706.5,27695.5,27701.5
1777346400,27702.25,27706,27699,27702
1777346700,27702.25,27711.75,27701,27709.5
1777347000,27709.75,27718.75,27709,27713
1777347300,27713.5,27717.75,27709.75,27716
1777347600,27714,27715.75,27710.5,27711.25
1777347900,27710.75,27711.25,27700.25,27702.5
1777348200,27702.25,27703,27695.75,27699.25
1777348500,27698.25,27703.5,27697.75,27699
1777348800,27702.25,27708.75,27698.5,27699.75
1777349100,27699.25,27704,27694.25,27702.25
1777349400,27702.5,27717.5,27702.5,27713.75
1777349700,27713.5,27719.5,27711.25,27713.5
1777350000,27713.25,27718.75,27713.25,27717.25
1777350300,27718.25,27719.5,27714.5,27716.25
1777350600,27717.25,27727.75,27716.5,27724.75
1777350900,27725.75,27727.25,27720.5,27723
1777351200,27722.25,27726.25,27722.25,27725.25
1777351500,27725.75,27729,27721.75,27722
1777351800,27721.5,27722.5,27713.5,27713.75
1777352100,27713.5,27717.5,27705,27707.25
1777352400,27707.25,27712.5,27698.25,27700.5
1777352700,27700.75,27703,27685.25,27687.75
1777353000,27688.5,27688.5,27663.25,27677
1777353300,27676.25,27678.5,27665,27673.5
1777353600,27673.75,27683.5,27673.25,27683
1777353900,27682.75,27687.5,27680.5,27683.75
1777354200,27682,27682,27664.75,27666.5
1777354500,27666.75,27667,27639.5,27657.5
1777354800,27657,27668.5,27650.75,27661
1777355100,27659.5,27661.25,27649.25,27652
1777355400,27652.25,27662.5,27641.5,27660.25
1777355700,27660.75,27663.25,27649.5,27653.5
1777356000,27652.5,27660.75,27643.75,27652
1777356300,27651.5,27665.25,27649.5,27665
1777356600,27665.5,27667.75,27654.75,27661
1777356900,27661,27662.25,27649.5,27657.25
1777357200,27657.25,27660.5,27647,27648.25
1777357500,27647.5,27662.25,27646.5,27658.5
1777357800,27657.75,27664.5,27647.25,27655
1777358100,27655.25,27655.25,27634.5,27640.25
1777358400,27641.75,27645.75,27621.5,27624.5
1777358700,27625,27632.25,27611.5,27615.75
1777359000,27616.75,27626.25,27613.5,27624
1777359300,27623.5,27630.25,27619.5,27627.25
1777359600,27626.5,27628,27609.5,27618.75
1777359900,27618,27634.75,27618,27627
1777360200,27626.5,27630,27611.5,27626.25
1777360500,27628.25,27637.5,27619.75,27628.75
1777360800,27630.25,27635.5,27621,27626
1777361100,27627.75,27630,27610,27617.75
1777361400,27618.25,27633.75,27615.75,27624.5
1777361700,27624,27636.5,27621.5,27631.25
1777362000,27633,27641.75,27626.5,27628
1777362300,27628.5,27635.75,27620.25,27624.25
1777362600,27625,27625.5,27611.25,27617.25
1777362900,27617.5,27633.25,27612,27627.5
1777363200,27627.5,27630.75,27596.25,27599.5
1777363500,27598.75,27608,27592,27603.25
1777363800,27603.75,27608,27592.25,27605.5
1777364100,27605.75,27636.25,27605,27622.5
1777364400,27623.75,27634.25,27620,27622
1777364700,27621.75,27649.5,27621.25,27646.75
1777365000,27646.25,27648.25,27640,27643.25
1777365300,27641.75,27648,27636.25,27643.75
1777365600,27645,27646.25,27632.25,27634.25
1777365900,27634,27637.25,27625.5,27629.75
1777366200,27630.25,27638.25,27623.25,27631.5
1777366500,27632,27642,27629.5,27641.5
1777366800,27641.5,27644.75,27627.5,27627.75
1777367100,27627.75,27632.75,27615.25,27630.75
1777367400,27630.25,27638.25,27623.75,27632.5
1777367700,27632.5,27634.75,27620,27625.25
1777368000,27624.75,27625.75,27609.75,27610.5
1777368300,27610,27613.5,27597.75,27604.25
1777368600,27603.75,27606,27578,27583.25
1777368900,27582.5,27595.5,27569.75,27574
1777369200,27575,27584,27564.5,27574
1777369500,27574,27576.75,27547.75,27550.5
1777369800,27550.75,27578.25,27546,27575
1777370100,27575.25,27587.5,27573.25,27573.75
1777370400,27574.25,27590.25,27572.75,27579.75
1777370700,27579.25,27580.75,27556.25,27558.75
1777371000,27558.25,27568,27552,27553.5
1777371300,27553.75,27572.25,27540.5,27562.25
1777371600,27563,27573.75,27557.75,27561.75
1777371900,27558.5,27565.75,27552.5,27559.5
1777372200,27560,27568.75,27550.5,27559.25
1777372500,27559,27564.5,27543.75,27551
1777372800,27550.75,27556.5,27541,27541.5
1777373100,27542,27545.25,27528.25,27540.25
1777373400,27541.25,27551.25,27539,27542.5
1777373700,27541.75,27555.25,27537.75,27551.5
1777374000,27550.75,27559.25,27523.5,27526.5
1777374300,27527.5,27532.25,27488.75,27491
1777374600,27491.25,27498,27473.5,27481.5
1777374900,27481,27485,27464.25,27468.25
1777375200,27467.25,27473.25,27447.75,27454.25
1777375500,27454,27461,27426.5,27443.5
1777375800,27443.75,27445.25,27410,27439.25
1777376100,27439,27443.25,27400.25,27410
1777376400,27409.75,27434,27385.25,27433
1777376700,27433.5,27439.5,27385.5,27392.25
1777377000,27392.25,27406.75,27370,27389.25
1777377300,27388.75,27403.75,27382.5,27383.5
1777377600,27384.25,27395.5,27368,27385.25
1777377900,27383.75,27396.25,27368,27370.25
1777378200,27370.25,27397.25,27352.5,27388.5
1777378500,27389.25,27395.75,27360.75,27362.75
1777378800,27363.25,27413.5,27331.5,27344.75
1777379100,27343.75,27352.5,27333.25,27343.25
1777379400,27344.75,27360.75,27326,27356.5
1777379700,27356.75,27378,27353.25,27378
1777380000,27377.5,27400.5,27370,27383.25
1777380300,27383,27415,27380.75,27408
1777380600,27408,27428.5,27407.25,27420
1777380900,27419.75,27443,27419.75,27438.5
1777381200,27438.25,27455.5,27434.75,27441
1777381500,27441.5,27441.5,27414.25,27421.75
1777381800,27421.25,27431.75,27411.75,27414
1777382100,27414.75,27427.25,27403.25,27423.75
1777382400,27424.5,27445.25,27424,27442.25
1777382700,27443,27469.25,27423.5,27450.25
1777383000,27450.5,27452,27357.75,27429
1777383300,27429.75,27476.75,27425.5,27456.25
1777383600,27455.25,27529.5,27443.25,27502.5
1777383900,27503.5,27541.5,27494.5,27517.25
1777384200,27518,27526.25,27468.75,27476.5
1777384500,27476,27503.5,27430.25,27492
1777384800,27491.25,27500,27458,27475
1777385100,27475,27524.5,27474.25,27512.25
1777385400,27512,27512.75,27481,27494.5
1777385700,27494.75,27506.75,27466.5,27474.25
1777386000,27474.75,27491,27448,27456.25
1777386300,27456.5,27477.75,27438.25,27458
1777386600,27458.5,27470.75,27426.75,27434.25
1777386900,27434.25,27435.75,27331.75,27363
1777387200,27363,27393.75,27330.5,27391.25
1777387500,27392.25,27403,27348.25,27350.5
1777387800,27349.5,27351.5,27302.25,27317.5
1777388100,27317.5,27383.25,27302,27381.25
1777388400,27380.75,27409.25,27367.75,27373.5
1777388700,27373.75,27381.5,27321,27342.25
1777389000,27342.5,27388.5,27339.75,27385.5
1777389300,27385,27392.5,27358.75,27385.25
1777389600,27385.25,27389.25,27338.5,27350.75
1777389900,27351.75,27353,27325.25,27336
1777390200,27335.5,27337.25,27303.75,27312.25
1777390500,27312.5,27348.5,27301.5,27329.25
1777390800,27329,27344,27323,27327.5
1777391100,27326.75,27336.25,27299,27313.5
1777391400,27313,27335.5,27308.75,27328.25
1777391700,27328.5,27344.5,27314,27343
1777392000,27343,27358.5,27329.5,27352.25
1777392300,27351.5,27376.25,27348.5,27360.5
1777392600,27359.5,27367.5,27345.5,27360
1777392900,27360,27368.75,27343.75,27366.75
1777393200,27367,27378,27361.5,27368.75
1777393500,27368.75,27374.25,27354.5,27360
1777393800,27359.5,27367.75,27329.75,27329.75
1777394100,27329.5,27340.5,27318.5,27330.25
1777394400,27329.75,27339.5,27317.5,27329.25
1777394700,27329,27352,27326.5,27349.25
1777395000,27349.25,27384.5,27329.25,27380
1777395300,27380.5,27385.25,27361.25,27373.75
1777395600,27374,27388.5,27344.25,27348.75
1777395900,27348.75,27361.5,27337,27359.5
1777396200,27358.75,27367.25,27341.75,27360.5
1777396500,27360.75,27363.75,27337.5,27345
1777396800,27345.25,27359,27341,27357.25
1777397100,27357.75,27382,27352.5,27372.75
1777397400,27372.5,27392.25,27371.75,27392.25
1777397700,27392.75,27404.5,27392.5,27402
1777398000,27402,27421,27396.75,27408.25
1777398300,27408.25,27420.5,27406.75,27409.75
1777398600,27410,27424.75,27402.5,27420
1777398900,27419.75,27433.75,27419,27431
1777399200,27431,27437.5,27416.5,27419
1777399500,27419,27430.25,27410.25,27424
1777399800,27424.5,27431.75,27416.25,27430
1777400100,27430,27451,27429.75,27449.5
1777400400,27449.75,27472.5,27444.75,27460
1777400700,27460.75,27469,27456.25,27465.5
1777401000,27465.25,27470.25,27445.5,27447.25
1777401300,27447,27457,27440.25,27453.75
1777401600,27453.75,27469.25,27452.5,27468
1777401900,27467.75,27472.25,27459.5,27470
1777402200,27470,27483.5,27464.5,27482
1777402500,27482,27484.25,27462.75,27483.75
1777402800,27484.25,27499.25,27477,27493.75
1777403100,27494.25,27512.5,27493.75,27502.75
1777403400,27502.5,27514,27496,27496.75
1777403700,27496.5,27497,27474.25,27474.25
1777404000,27474.75,27481.5,27463.25,27473.75
1777404300,27474.5,27479.5,27468,27476.5
1777404600,27476.25,27481.25,27460.5,27463.25
1777404900,27463.25,27470,27454,27468.25
1777405200,27469.75,27481.25,27463.75,27468.25
1777405500,27468.5,27472,27457.25,27466.75
1777405800,27466.5,27478,27444,27457
1777406100,27457.5,27472.5,27446,27458.75
1777406400,27458.75,27465.75,27436.75,27446.25
1777406700,27446.75,27480.25,27446.75,27476.5
1777407000,27476.25,27489.75,27474.5,27476.25
1777407300,27475.75,27496.75,27475.25,27490.25
1777407600,27489.75,27489.75,27478.75,27484
1777407900,27484.5,27490.75,27482.5,27489.75
1777408200,27490,27491,27480.75,27483.5
1777408500,27483,27488,27481.25,27483.5
1777408800,27483,27487.75,27481,27485
1777409100,27485,27488.5,27481,27481.25
1777409400,27481.5,27483.5,27475.75,27480.75
1777409700,27480.25,27483.5,27474.75,27481
1777413600,27486.75,27522.5,27486.75,27509.5
1777413900,27508.25,27518,27501.5,27513.5
1777414200,27513.75,27521,27511.5,27513.5
1777414500,27514,27516.5,27506.75,27507
1777414800,27506.5,27510.5,27502.25,27505.5
1777415100,27505.5,27507,27498.75,27504.5
1777415400,27504.5,27516.5,27504.5,27515.5
1777415700,27515,27516.5,27509,27513.25
1777416000,27511.5,27512.75,27506.75,27510
1777416300,27509.75,27513,27507.5,27509.25
1777416600,27509,27512,27508.25,27509.25
1777416900,27508.5,27513.25,27508.5,27513.25
1777417200,27513.75,27516.5,27507,27510.25
1777417500,27512,27512.75,27505,27506
1777417800,27506.25,27509.75,27503.25,27509.75
1777418100,27509.75,27515.5,27509.75,27513.5
1777418400,27513.5,27516,27510,27512
1777418700,27510.75,27513.75,27510.5,27513
1777419000,27513.75,27525.5,27513,27522.5
1777419300,27522,27527.75,27522,27525.75
1777419600,27526.5,27531.25,27525.75,27527.5
1777419900,27528,27533.25,27524.5,27527.25
1777420200,27526.5,27533,27526.25,27530.5
1777420500,27529.75,27537.25,27527.75,27537
1777420800,27535.75,27551.75,27535.75,27547.25
1777421100,27547.5,27559.25,27546.5,27558
1777421400,27558.5,27570.25,27553.75,27567.5
1777421700,27566.75,27571.75,27553.5,27557
1777422000,27557,27576.25,27555.5,27575.75
1777422300,27575.25,27578.75,27572.75,27578.5
1777422600,27578,27583.5,27569.5,27574.25
1777422900,27574,27574.75,27561.25,27566.25
1777423200,27567,27571.5,27566.25,27569.25
1777423500,27569.75,27570.5,27559,27563
1777423800,27562.25,27562.25,27552.75,27559
1777424100,27559.75,27561,27550,27553.5
1777424400,27553,27555.5,27525.5,27531
1777424700,27531.25,27535.75,27481.25,27499
1777425000,27497.75,27516.75,27497,27510.5
1777425300,27510.75,27523,27503,27516.75
1777425600,27517,27525.75,27515.75,27519.75
1777425900,27521.5,27526,27516.25,27517.5
1777426200,27517.5,27537.25,27513.25,27535.75
1777426500,27536.5,27550.75,27533.75,27541
1777426800,27542.25,27559.5,27539.75,27550.5
1777427100,27549,27553.75,27541.5,27545.5
1777427400,27545.75,27546,27529.75,27535.75
1777427700,27535.25,27538.25,27530.75,27536
1777428000,27536.75,27555,27535.5,27537.75
1777428300,27538.25,27558.5,27531.75,27556.75
1777428600,27556.75,27561.25,27554.25,27559.5
1777428900,27560,27571,27556.5,27563.5
1777429200,27562.5,27562.5,27551.5,27552.5
1777429500,27552.5,27564,27551.75,27555.5
1777429800,27556.25,27556.25,27546.25,27546.75
1777430100,27546.5,27546.5,27537.5,27545.25
1777430400,27544.75,27546.5,27537,27543
1777430700,27543.75,27557,27540,27553
1777431000,27555.25,27560.75,27552.75,27553.5
1777431300,27553.75,27560.5,27550,27557
1777431600,27558.5,27566.5,27555.5,27564
1777431900,27565,27578.5,27563.25,27578.25
1777432200,27578,27583,27571,27572.5
1777432500,27571.75,27578.75,27571,27574.75
1777432800,27575.5,27578.25,27571.5,27575
1777433100,27574.5,27581.25,27573.75,27577.5
1777433400,27576.25,27579.25,27570.5,27572.25
1777433700,27572.75,27576.5,27572.25,27574.5
1777434000,27573.5,27575.5,27568.5,27571.5
1777434300,27569.5,27573.75,27567.5,27569.75
1777434600,27569.25,27571.25,27565.75,27570.25
1777434900,27570.5,27575,27567.25,27572.75
1777435200,27573.5,27585.75,27571.5,27578.5
1777435500,27579.5,27583.75,27578.5,27583.5
1777435800,27583.5,27586.75,27578.75,27584.75
1777436100,27585.25,27585.75,27581,27584
1777436400,27584.5,27584.75,27579.75,27580.5
1777436700,27579.75,27584.25,27578.5,27583.25
1777437000,27583.5,27598.75,27583.5,27598
1777437300,27597.75,27601.75,27592.75,27596.25
1777437600,27595.75,27596.5,27590,27592.75
1777437900,27592.25,27593.25,27582.25,27591.5
1777438200,27591.5,27593,27586,27586
1777438500,27586.25,27588.75,27583.5,27587.25
1777438800,27588.75,27589.75,27578.75,27587.5
1777439100,27587,27591.75,27577.25,27577.25
1777439400,27577.5,27581.75,27571,27575
1777439700,27575,27580,27573.75,27576.5
1777440000,27577.25,27578.75,27567.5,27569
1777440300,27569,27585.25,27565.75,27584
1777440600,27584.25,27589.25,27581,27581
1777440900,27580.75,27591.5,27577.5,27588.75
1777441200,27587.5,27593.25,27586,27592
1777441500,27591,27598.25,27590.75,27594
1777441800,27594.75,27597.75,27590.75,27595.75
1777442100,27594.25,27599.25,27586.25,27586.75
1777442400,27586.75,27606.5,27584.25,27602.5
1777442700,27602.75,27606.75,27591.5,27591.5
1777443000,27592.25,27597.25,27582.5,27585
1777443300,27584.5,27584.5,27576.5,27579.75
1777443600,27578.75,27584.5,27575.75,27578.5
1777443900,27578.75,27581,27571.25,27572.5
1777444200,27572.5,27580.25,27569.25,27573
1777444500,27573.75,27582.5,27567.75,27581
1777444800,27581.5,27589,27576.75,27581.25
1777445100,27581.5,27581.5,27569.25,27576
1777445400,27574.5,27574.5,27555,27557
1777445700,27557.25,27559.75,27550,27555.25
1777446000,27555,27570.25,27553.25,27566.75
1777446300,27567.5,27578,27561.5,27562.5
1777446600,27561.75,27562.5,27544.75,27547
1777446900,27547.25,27549.75,27537.75,27539.25
1777447200,27539,27549.75,27536,27549.75
1777447500,27550,27557.75,27539,27552.75
1777447800,27552.5,27561.5,27544,27551.25
1777448100,27551.25,27558.75,27538,27542.5
1777448400,27543.75,27547.25,27527.25,27527.5
1777448700,27528,27530.25,27499.5,27516.75
1777449000,27518.5,27523.75,27503.5,27514.5
1777449300,27515.25,27530,27511.75,27527.25
1777449600,27528.25,27551,27526.25,27531
1777449900,27530.75,27532.75,27504.5,27511
1777450200,27509.75,27514.75,27495.75,27498.5
1777450500,27500.25,27509.5,27487.5,27509.5
1777450800,27510.25,27527,27509.5,27525
1777451100,27525.25,27539,27525.25,27535
1777451400,27534.75,27537.75,27496.5,27501.75
1777451700,27503.25,27510.75,27495,27506.25
1777452000,27506.75,27533.25,27499.25,27529.5
1777452300,27530,27539,27520.5,27522.75
1777452600,27521.5,27533.75,27518.75,27530.75
1777452900,27530,27537.75,27521.5,27530.75
1777453200,27530.5,27537.75,27519.25,27526.5
1777453500,27524.75,27538.25,27521.5,27537.5
1777453800,27536.5,27551.5,27536.25,27544
1777454100,27543.5,27559.5,27541.75,27557
1777454400,27556.75,27557,27531.75,27541
1777454700,27540.25,27542.75,27529,27539.5
1777455000,27538.75,27550.25,27535,27546
1777455300,27546.75,27555,27529,27537.5
1777455600,27537,27539,27523.5,27525.5
1777455900,27526.25,27533.5,27521.75,27532
1777456200,27532.5,27537.5,27527,27531.25
1777456500,27530.25,27530.75,27511.75,27518.5
1777456800,27516.5,27532.5,27501.5,27526.25
1777457100,27525,27528.75,27513.25,27526.5
1777457400,27526,27536.5,27522.5,27534.25
1777457700,27534.75,27557.75,27533.25,27555.25
1777458000,27556,27576.5,27549.75,27567.75
1777458300,27567.5,27577,27564.25,27571
1777458600,27571.75,27578,27564.5,27567.5
1777458900,27567.5,27569.75,27563.25,27567.25
1777459200,27565.75,27566.5,27547.5,27553
1777459500,27552.5,27564.25,27548,27555.75
1777459800,27556.25,27559,27549.25,27552.75
1777460100,27551.25,27554,27543.75,27553.5
1777460400,27551.75,27566,27551.75,27560.5
1777460700,27560.75,27563.25,27544,27552.5
1777461000,27553.25,27563.25,27551.75,27559.25
1777461300,27559,27569.25,27554,27556.5
1777461600,27557.5,27561.5,27546.75,27552
1777461900,27552.25,27559,27547.75,27549.75
1777462200,27549.5,27554.5,27546.75,27550
1777462500,27552.25,27574.5,27548,27548.75
1777462800,27549,27551.25,27530.25,27536.75
1777463100,27536.75,27543,27524.5,27532.25
1777463400,27532.5,27551.5,27532.25,27540.5
1777463700,27540.75,27547.75,27537,27540.75
1777464000,27541.25,27542.5,27520.25,27525.75
1777464300,27524.5,27538.25,27522.75,27530.5
1777464600,27530.25,27537,27518.75,27523
1777464900,27522.5,27533.75,27519.25,27528.5
1777465200,27528.75,27539,27507.25,27531.75
1777465500,27533,27541,27519.5,27521.75
1777465800,27521.5,27521.5,27481.25,27491.75
1777466100,27491.25,27521.25,27491,27520.25
1777466400,27520.75,27537.5,27515.25,27530.5
1777466700,27530.5,27535.5,27515.5,27516.75
1777467000,27517,27525.75,27509.75,27511
1777467300,27511.75,27517.75,27507.5,27515.25
1777467600,27515.25,27540.75,27515.25,27525.25
1777467900,27526.25,27539.25,27524,27532.75
1777468200,27532.25,27540.25,27527,27534
1777468500,27533,27535.25,27508.25,27509.25
1777468800,27510.75,27517,27488,27500.25
1777469100,27500,27510.25,27489.5,27496.75
1777469400,27496.25,27507.5,27421.75,27436.5
1777469700,27436.75,27477.75,27413.75,27473
1777470000,27472.75,27489.5,27462.5,27470
1777470300,27469.75,27488,27445,27469.75
1777470600,27470.25,27518.25,27466.5,27515.75
1777470900,27515.75,27525.25,27505,27509.75
1777471200,27510.25,27514.75,27474.75,27491.75
1777471500,27491.75,27505.75,27467.25,27477.75
1777471800,27477,27508,27468.25,27504.75
1777472100,27504.75,27518.75,27493,27511.25
1777472400,27511.25,27534.5,27498.25,27533.25
1777472700,27533.25,27566.5,27528,27558.5
1777473000,27558.25,27578.75,27538,27575.25
1777473300,27575.75,27605,27573.5,27593
1777473600,27592.5,27596,27568.75,27595
1777473900,27595.25,27601.5,27572.25,27577.75
1777474200,27577.5,27596.75,27571.5,27591.5
1777474500,27592,27599.25,27582.25,27591.75
1777474800,27592.5,27599,27569.5,27573.75
1777475100,27573,27579.75,27539,27539.25
1777475400,27539.75,27543.75,27511.25,27520
1777475700,27520,27551.5,27509.25,27548
1777476000,27548.25,27565.25,27545.75,27555.75
1777476300,27556,27576.5,27548.25,27565.25
1777476600,27564.75,27581,27553.75,27576.25
1777476900,27576.5,27582.75,27560.25,27572
1777477200,27571.75,27577.75,27558.25,27567.5
1777477500,27567,27587.5,27564.75,27573.75
1777477800,27576,27580.5,27488.75,27508.5
1777478100,27509,27535,27493.75,27529.75
1777478400,27529.25,27546.5,27520.75,27541.25
1777478700,27541.75,27559.75,27536.75,27546.25
1777479000,27546.75,27563,27536.25,27536.5
1777479300,27536.75,27546.75,27496.75,27499.75
1777479600,27499.5,27519,27494.75,27511.5
1777479900,27511.75,27517,27489.5,27491.75
1777480200,27491.5,27491.5,27443,27454.25
1777480500,27454.75,27478,27444.75,27477.5
1777480800,27478.5,27499.5,27477.25,27495
1777481100,27494.5,27499.5,27483.25,27494.25
1777481400,27493.25,27511.5,27487,27494
1777481700,27493.75,27503,27473.5,27488.75
1777482000,27488.5,27494,27459.5,27476.75
1777482300,27477.25,27496,27473,27495.75
1777482600,27495.5,27507.5,27486.5,27494.75
1777482900,27494.25,27505.25,27480.75,27495
1777483200,27493.25,27518.75,27492,27498
1777483500,27498.5,27503.75,27483.75,27503.25
1777483800,27503.5,27520.5,27500.5,27505.75
1777484100,27505.75,27515,27502.25,27510.75
1777484400,27510.5,27513,27495.25,27509.5
1777484700,27509.75,27537,27506,27526.25
1777485000,27526.5,27543.5,27519.25,27523.25
1777485300,27524.25,27539.5,27520.25,27539
1777485600,27539,27546.25,27486.25,27492.25
1777485900,27491.75,27516.25,27462.25,27467
1777486200,27467.25,27490,27447.5,27481
1777486500,27481.25,27528.25,27478,27509.75
1777486800,27508.5,27525,27504.5,27514.5
1777487100,27514.25,27514.25,27494,27498
1777487400,27498.75,27501.5,27469.5,27495
1777487700,27494.75,27556.5,27492.75,27510.25
1777488000,27509.25,27513,27474.75,27481.75
1777488300,27480.5,27532.75,27460,27528.25
1777488600,27529.25,27557.25,27529.25,27544.25
1777488900,27543.5,27590.5,27541.75,27584.75
1777489200,27585,27596.75,27566.5,27574.25
1777489500,27573.75,27587,27553,27571.5
1777489800,27571.75,27610.75,27566.75,27608.25
1777490100,27609,27629.75,27607,27609.75
1777490400,27610,27613.5,27587.25,27608.5
1777490700,27608.25,27619.25,27599.5,27600.25
1777491000,27600.5,27603,27557,27568.5
1777491300,27568,27588.25,27557.75,27581.75
1777491600,27582,27586.25,27561.5,27567
1777491900,27567,27577.25,27565.5,27571
1777492200,27571.25,27590,27551.75,27584.75
1777492500,27585.5,27628.25,27577,27626.75
1777492800,27626.5,27703.5,27523.5,27641.5
1777493100,27639.5,27640.5,27576.25,27577
1777493400,27577,27585,27407.75,27420.75
1777493700,27420.5,27451.5,27383.5,27447.5
1777494000,27449,27546.25,27447.25,27542.75
1777494300,27541.5,27578,27516.25,27571
1777494600,27571.5,27588.5,27540.75,27566.5
1777494900,27566.75,27583,27550.75,27572.5
1777495200,27572.75,27585.25,27541.75,27544.25
1777495500,27543.25,27565,27522,27524.75
1777495800,27524.25,27527.25,27490.75,27496.75
1777496100,27497.25,27507.75,27438,27438.25
1777500000,27496.5,27594.5,27496.5,27593
1777500300,27593.25,27673.5,27592.5,27671.5
1777500600,27671.5,27727,27664,27724.25
1777500900,27723.5,27789.5,27716.75,27783.5
1777501200,27783,27788,27748.75,27766
1777501500,27767,27768.5,27749.75,27757.25
1777501800,27759.25,27778.25,27751.25,27753.75
1777502100,27754.75,27764,27746.5,27749.5
1777502400,27748.5,27762,27741.5,27761.75
1777502700,27760.75,27788.5,27759.5,27776.5
1777503000,27776.5,27785,27770.25,27770.5
1777503300,27771.5,27776.25,27755.5,27760.75
1777503600,27762.75,27775.25,27761.25,27771
1777503900,27770.5,27771,27755,27757.25
1777504200,27757.75,27767.25,27753.5,27765.5
1777504500,27765.5,27767,27748.25,27750.75
1777504800,27750.5,27752.5,27741.5,27748.25
1777505100,27749.25,27761.25,27749.25,27760.75
1777505400,27761.5,27776,27761,27770
1777505700,27771.5,27797.5,27770.75,27796.25
1777506000,27797,27811.5,27791.25,27809.5
1777506300,27809.75,27819.25,27799.5,27810
1777506600,27808.75,27847,27808,27833.5
1777506900,27833.25,27844,27822.25,27840
1777507200,27841.25,27868.75,27840.75,27852
1777507500,27851.75,27878.5,27842.5,27876.75
1777507800,27877.75,27882,27858.75,27864.25
1777508100,27864.75,27867.75,27848,27864.75
1777508400,27865,27869.25,27852.75,27869
1777508700,27869.5,27881.5,27861,27865.75
1777509000,27867.5,27896.5,27867,27886
1777509300,27885.75,27912.25,27885.75,27909.25
1777509600,27908.75,27909.5,27890.25,27892.5
1777509900,27892.75,27905.5,27890.75,27893
1777510200,27891.5,27904.5,27884,27887
1777510500,27887.75,27892.25,27878.75,27884.75
1777510800,27883.75,27890.75,27860.5,27867.75
1777511100,27868.25,27868.75,27857.25,27865.25
1777511400,27866.25,27867.25,27855.5,27857.25
1777511700,27858.5,27864.25,27854,27863.25
1777512000,27862.5,27867.25,27857.5,27865.75
1777512300,27865,27872.25,27860.5,27870.75
1777512600,27871,27887,27860,27880
1777512900,27879,27879,27845.5,27856.75
1777513200,27855.5,27868.25,27850.75,27856.5
1777513500,27858,27858.5,27847.75,27855.5
1777513800,27854.5,27872.75,27846.5,27868.25
1777514100,27869,27871.25,27860,27870.75
1777514400,27870.75,27878,27850.5,27853.25
1777514700,27853.75,27861.25,27848.5,27860.25
1777515000,27859.5,27861,27853.5,27855.5
1777515300,27855.25,27858,27835.25,27836
1777515600,27837,27840.75,27826.25,27829.5
1777515900,27828.75,27831,27802.25,27807
1777516200,27806,27806,27676,27738.5
1777516500,27740.75,27758.75,27725.25,27741
1777516800,27739.5,27750.75,27724.25,27727.25
1777517100,27728,27731.5,27687.5,27689.75
1777517400,27690.75,27725.75,27685,27710.5
1777517700,27711.5,27726.25,27697.25,27717
1777518000,27714.25,27739,27713.25,27736.75
1777518300,27736.5,27743,27718,27730.75
1777518600,27730.5,27740.25,27693.25,27702.5
1777518900,27703,27714.75,27692,27711
1777519200,27709.75,27713.25,27697.25,27707.5
1777519500,27708,27715.75,27700.75,27712.25
1777519800,27712.5,27720.25,27702.5,27713
1777520100,27713.75,27728.75,27711.75,27720.75
1777520400,27719,27729.75,27709,27716.5
1777520700,27715.75,27716.5,27708,27715.75
1777521000,27715.5,27721.75,27704.25,27706.5
1777521300,27706,27707.5,27695.5,27699.75
1777521600,27699.75,27700,27665,27668.25
1777521900,27669.25,27674.5,27626,27638.25
1777522200,27639,27640.5,27610.25,27628.25
1777522500,27629.25,27635.25,27592.25,27597.75
1777522800,27598.5,27601.5,27568,27587.75
1777523100,27587.75,27604,27584.75,27587.25
1777523400,27586,27589,27533.25,27540.75
1777523700,27540.75,27555.75,27528.5,27537
1777524000,27538,27561.25,27532.25,27557.25
1777524300,27556.25,27568.5,27549.5,27556.5
1777524600,27555.5,27561,27536,27549.25
1777524900,27549.5,27553,27521,27523.75
1777525200,27523,27562.5,27523,27549.25
1777525500,27549.25,27576,27544.75,27574
1777525800,27573.5,27596.75,27569.25,27594.75
1777526100,27594.5,27598.25,27574,27575.5
1777526400,27577.5,27579.5,27556.75,27571.25
1777526700,27571.25,27572,27533.5,27541.5
1777527000,27541.75,27574,27540.5,27573
1777527300,27572.75,27581.5,27570.5,27577.5
1777527600,27577.25,27586.25,27561,27564
1777527900,27563,27568.75,27554.75,27557.25
1777528200,27556.5,27562,27543.5,27545
1777528500,27543.75,27544.25,27511.25,27513.25
1777528800,27513,27519.75,27496.5,27501.25
1777529100,27502.25,27510.75,27492,27496.5
1777529400,27496,27504,27474.75,27501
1777529700,27501.75,27512.5,27495.5,27507.25
1777530000,27506,27515.75,27490.5,27501.5
1777530300,27501.5,27529.5,27501.5,27522.5
1777530600,27523.5,27577.75,27523.5,27572.25
1777530900,27572.25,27597,27571,27577
1777531200,27578,27579.5,27550.5,27559.75
1777531500,27559.25,27565.75,27541.5,27546.25
1777531800,27546.75,27576,27544.25,27573.75
1777532100,27572.25,27582,27561.25,27573
1777532400,27571.75,27589,27559.25,27584.5
1777532700,27585,27617.75,27576.75,27617
1777533000,27616,27631,27607.5,27614.25
1777533300,27612.5,27617,27596.25,27599.5
1777533600,27599.5,27621,27593.75,27618.75
1777533900,27619.25,27654.25,27613.5,27652.5
1777534200,27651.75,27666.75,27644,27656
1777534500,27654.5,27659.5,27641.5,27656.75
1777534800,27656.75,27663.5,27647.5,27649.25
1777535100,27653.25,27656.5,27638.5,27644.5
1777535400,27645,27648.5,27624.25,27638.75
1777535700,27636,27646.75,27632.75,27641.75
1777536000,27641,27664.75,27638,27660.25
1777536300,27660.75,27672.25,27631,27637.25
1777536600,27638.25,27657,27633.5,27646
1777536900,27645.5,27645.5,27628,27638.25
1777537200,27638,27638,27614.25,27631.25
1777537500,27632.5,27652.5,27632.5,27651.75
1777537800,27652,27673.25,27652,27668.5
1777538100,27667.75,27680,27648.75,27678.75
1777538400,27678.75,27686.25,27663,27673.25
1777538700,27675.25,27679,27661.75,27677.5
1777539000,27677,27685.25,27658.25,27665
1777539300,27665.5,27665.75,27649.5,27649.5
1777539600,27649,27665,27649,27659
1777539900,27658.75,27668.5,27642.5,27661.75
1777540200,27662,27662.25,27632.25,27640.75
1777540500,27640.5,27657.75,27636,27636
1777540800,27635.25,27641.5,27620.25,27627.25
1777541100,27628,27684.75,27625.25,27682.5
1777541400,27682,27731.5,27682,27691.25
1777541700,27689.75,27705.5,27684.25,27697
1777542000,27696.75,27698,27661.5,27664.75
1777542300,27664,27681,27663.25,27673.75
1777542600,27674,27674,27651.75,27665
1777542900,27664.25,27667.5,27645.5,27657.25
1777543200,27657.75,27687.75,27657.75,27672
1777543500,27671.75,27684.75,27667,27684.25
1777543800,27683.5,27690.25,27660.75,27666.75
1777544100,27665.75,27686.75,27660.75,27681
1777544400,27681,27699.75,27679,27692.75
1777544700,27693,27712,27684,27707.5
1777545000,27706.75,27722.25,27691,27692.5
1777545300,27691,27708.5,27662.5,27671.25
1777545600,27672.75,27682.75,27666.75,27668.25
1777545900,27668,27691.5,27668,27672.25
1777546200,27672.25,27673.25,27640,27652.75
1777546500,27653.75,27669.25,27651.25,27664.25
1777546800,27666,27683.5,27661,27682.75
1777547100,27682.75,27729.5,27671,27702.25
1777547400,27701,27716,27699,27704.5
1777547700,27704,27733.5,27701.5,27729.5
1777548000,27730.25,27745.5,27724.5,27730.75
1777548300,27731,27779.75,27729.25,27777.25
1777548600,27779,27783.75,27754.5,27768.75
1777548900,27769.25,27776.75,27756.75,27758.75
1777549200,27758.75,27760,27739,27740
1777549500,27739.75,27755,27730.75,27750
1777549800,27750.5,27754.5,27724,27732.5
1777550100,27733,27742.25,27727.25,27730
1777550400,27729.75,27744.75,27728.75,27741.25
1777550700,27742,27756.25,27727.5,27753.5
1777551000,27753.75,27780.75,27749,27779.25
1777551300,27775.5,27813.5,27774.75,27802.5
1777551600,27804.5,27820.75,27799,27817.25
1777551900,27815.75,27830.5,27807.25,27829.25
1777552200,27827.75,27839.5,27787.5,27788
1777552500,27788.75,27796.75,27778.75,27794.25
1777552800,27794,27796.75,27755.75,27775.5
1777553100,27776,27798,27769.5,27792
1777553400,27791,27819.5,27790.5,27812.25
1777553700,27811.5,27824.25,27809,27814.25
1777554000,27812.25,27829.5,27811,27824.75
1777554300,27824.75,27826.25,27808.5,27819.25
1777554600,27819.75,27819.75,27787,27788
1777554900,27789,27803.25,27787.25,27793.25
1777555200,27794.25,27800.5,27787.5,27790.5
1777555500,27789,27803.75,27773,27781.75
1777555800,27780.75,27781,27630.75,27634.75
1777556100,27634.5,27662.5,27583.5,27585
1777556400,27585.75,27640.75,27560.5,27634.75
1777556700,27635.25,27654.75,27575.75,27613.25
1777557000,27614.5,27632.25,27531.25,27533
1777557300,27533.25,27554.75,27492.5,27535.25
1777557600,27536.75,27592.5,27525.75,27577.75
1777557900,27578,27590.5,27490.25,27517
1777558200,27516.5,27563.75,27491.75,27542.25
1777558500,27542.5,27542.5,27452.75,27504
1777558800,27503.75,27547.75,27494.5,27530.75
1777559100,27530.5,27533,27476.5,27517.75
1777559400,27518,27565.25,27491,27509.5
1777559700,27510.25,27520.25,27460.75,27465.25
1777560000,27465.75,27546.5,27464.5,27535
1777560300,27534.75,27589.5,27532.75,27573.5
1777560600,27572.5,27638,27562.5,27628.75
1777560900,27628.25,27665.5,27626.5,27649
1777561200,27648.75,27693,27648.75,27668.75
1777561500,27667.5,27693.75,27646,27693.25
1777561800,27693,27704.75,27662.25,27691.25
1777562100,27691,27699.5,27673.5,27687.25
1777562400,27687.5,27691.5,27666.5,27686.5
1777562700,27688,27706.5,27679,27694.25
1777563000,27693.75,27725.25,27693.5,27694.25
1777563300,27694,27694.25,27653.25,27658.5
1777563600,27658,27666.75,27640,27650.75
1777563900,27651.75,27662.75,27620.75,27662.5
1777564200,27662.5,27701,27659,27697.5
1777564500,27698.25,27711.5,27676.5,27678
1777564800,27677.75,27683.5,27645.75,27674
1777565100,27674.75,27699.75,27673.25,27681.75
1777565400,27681.25,27722.75,27676.75,27720.25
1777565700,27720,27724.5,27699,27714.25
1777566000,27714.25,27721.25,27695.75,27696
1777566300,27696,27707.25,27684.75,27704.5
1777566600,27705,27713.75,27699,27704.25
1777566900,27704.5,27712.5,27694.75,27711.75
1777567200,27711.25,27712.75,27681.5,27684.25
1777567500,27684.25,27691.5,27669.5,27686.75
1777567800,27686.25,27689.5,27649,27661.5
1777568100,27662,27664.75,27637.25,27660.75
1777568400,27660.25,27712.75,27659,27703
1777568700,27703.5,27721,27693.75,27719.5
1777569000,27720,27744.5,27714.5,27738.25
1777569300,27737.5,27738.5,27715.5,27729.5
1777569600,27730.25,27742.25,27717.75,27739.75
1777569900,27739.25,27753,27731,27751.75
1777570200,27751.25,27792.25,27751,27773
1777570500,27772.75,27788.5,27769.5,27787.5
1777570800,27787.75,27793.75,27779.5,27787.5
1777571100,27788,27811.75,27787,27801.25
1777571400,27801.25,27813.5,27797,27807.5
1777571700,27808.25,27837.5,27806.25,27832.75
1777572000,27833,27876.25,27831.5,27868.75
1777572300,27868.75,27869.75,27849.5,27852.5
1777572600,27852.5,27862.5,27845.25,27859.75
1777572900,27860.25,27875,27856.5,27858
1777573200,27857.25,27862,27846.5,27848.25
1777573500,27848.25,27853.5,27842,27852
1777573800,27852.5,27873,27850.5,27862.5
1777574100,27861.25,27881.25,27861.25,27870.5
1777574400,27871,27877.5,27863.5,27865
1777574700,27865,27871.25,27859.5,27862.5
1777575000,27862.75,27868.75,27854.5,27859.25
1777575300,27859.5,27863,27838.25,27840.75
1777575600,27840.75,27858.75,27831.5,27855
1777575900,27855.25,27878.75,27850.25,27869.25
1777576200,27869.25,27887.75,27869,27887
1777576500,27886.5,27894,27879.5,27883.75
1777576800,27884.25,27891.75,27876.5,27890.75
1777577100,27890.25,27898,27880.75,27881.5
1777577400,27881.75,27887.5,27871.5,27885.5
1777577700,27885.75,27894.5,27876.75,27892.5
1777578000,27892.25,27909,27879.25,27907.5
1777578300,27907.75,27909.25,27894.25,27905
1777578600,27904.25,27911.5,27861.75,27889.5
1777578900,27889.25,27909.75,27864.75,27867
1777579200,27868,27891.5,27846.5,27869.5
1777579500,27869,27892.5,27854.5,27873
1777579800,27873.5,27883,27870,27878
1777580100,27878.5,27893.25,27878.25,27886.25
1777580400,27886.5,27901,27882.75,27898.5
1777580700,27898.25,27904.5,27893.5,27893.75
1777581000,27894.25,27907,27866.25,27888
1777581300,27888,27889,27868.75,27881.75
1777581600,27881.75,27885.75,27871.75,27874
1777581900,27874,27887.75,27872.5,27886.5
1777582200,27887.5,27891.5,27881.75,27889.25
1777582500,27888.75,27896.5,27879.5,27888
1777586400,27921.25,27932.5,27892.5,27898.75
1777586700,27897.25,27936,27897.25,27934.5
1777587000,27934.25,27935,27920,27930
1777587300,27929.75,27930,27907,27907.25
1777587600,27907.25,27915.5,27904,27904.25
1777587900,27905.75,27911.25,27903.25,27907.75
1777588200,27908.25,27909.5,27901,27907
1777588500,27907,27907.75,27893,27902
1777588800,27902.25,27908.5,27901,27904.75
1777589100,27905,27905.25,27883.5,27885.5
1777589400,27884.75,27890.25,27855.75,27868
1777589700,27867.75,27870.5,27845.75,27869.25
1777590000,27869.25,27879.5,27866,27879.5
1777590300,27879.25,27889.5,27874.25,27876.25
1777590600,27875.5,27887.25,27871.25,27874
1777590900,27873.5,27893.75,27869.75,27884.75
1777591200,27884,27887.25,27880,27884.25
1777591500,27885.25,27896.5,27883,27894.5
1777591800,27894,27909.5,27888.75,27904
1777592100,27902.75,27913.75,27902.5,27904.5
1777592400,27905.75,27908,27896.5,27896.75
1777592700,27896.25,27907.25,27890.5,27901.5
1777593000,27903.75,27907.5,27890.25,27892.25
1777593300,27892.5,27894.75,27877.5,27883.75
1777593600,27884,27910.75,27884,27908.25
1777593900,27909.5,27909.75,27892.25,27900.75
1777594200,27901.5,27902,27880.5,27889.5
1777594500,27889.5,27919,27889.5,27914
1777594800,27913.25,27923.5,27909.5,27915
1777595100,27917,27920,27910.5,27919.25
1777595400,27918.75,27927,27914,27923.25
1777595700,27922.5,27929.75,27916,27920
1777596000,27920.75,27923.25,27911.25,27920.75
1777596300,27921.5,27931,27920.75,27924.5
1777596600,27922.75,27924.25,27911.75,27914.75
1777596900,27915.5,27919,27913.5,27915
1777597200,27914.25,27918.25,27902.5,27907
1777597500,27908.75,27922,27908.75,27918
1777597800,27918,27929.25,27917,27927.75
1777598100,27928.25,27935,27923,27923.75
1777598400,27924,27939,27923,27936.25
1777598700,27936.25,27940.25,27931.5,27936
1777599000,27937.5,27947.75,27936.5,27941.5
1777599300,27942.5,27947,27939.75,27941.25
1777599600,27940.75,27942.25,27929.75,27935.5
1777599900,27934.25,27942.75,27931.75,27938
1777600200,27937.5,27946.75,27932.5,27937.75
1777600500,27937,27941.75,27935.5,27939.75
1777600800,27938,27941.75,27937,27939
1777601100,27939.75,27941.75,27934.5,27939.75
1777601400,27939.25,27941.75,27932.5,27934
1777601700,27933.75,27938.25,27933.5,27933.75
1777602000,27934.75,27937.25,27926.25,27929
1777602300,27928.25,27931.5,27924.75,27927.5
1777602600,27927.5,27932.25,27920.5,27925
1777602900,27924.5,27929.5,27914.5,27918.75
1777603200,27917,27920.75,27915,27918
1777603500,27918,27923.25,27914,27922
1777603800,27922.75,27927,27920,27924.25
1777604100,27923.75,27935,27920.75,27931.5
1777604400,27932,27941.5,27926.5,27936.5
1777604700,27937,27943,27933.25,27940
1777605000,27939.5,27943.25,27936,27939.5
1777605300,27938.75,27943.5,27938.25,27940.75
1777605600,27941.5,27949.25,27939.75,27946.5
1777605900,27946,27947.75,27942,27946.25
1777606200,27947.75,27964,27944.5,27947
1777606500,27946.25,27949.5,27936.75,27937.25
1777606800,27936.75,27941.25,27927.25,27929.5
1777607100,27929.5,27931.5,27923.75,27928.25
1777607400,27928.75,27935,27928.5,27931.5
1777607700,27931,27934.25,27929,27932.5
1777608000,27933,27933,27911.25,27919.5
1777608300,27919.5,27923.5,27915,27915.75
1777608600,27916.25,27923,27914.5,27920.25
1777608900,27921,27925.5,27919,27920.75
1777609200,27920,27924,27918.25,27921.5
1777609500,27922.25,27922.5,27915,27919.25
1777609800,27918.5,27921.75,27916,27917.5
1777610100,27919,27923,27914.75,27915
1777610400,27915.75,27917,27910.25,27916
1777610700,27915.75,27921.5,27915,27915.75
1777611000,27915.75,27918,27914.25,27917.25
1777611300,27919,27922,27915.75,27918
1777611600,27917.75,27918,27908.75,27917.5
1777611900,27917.75,27930.25,27917,27924
1777612200,27924.5,27927.25,27918.5,27927.25
1777612500,27925.5,27926.5,27910.75,27914.75
1777612800,27914.25,27923.5,27912.25,27921.75
1777613100,27922,27927.5,27921,27926.25
1777613400,27925.5,27926,27919.5,27919.75
1777613700,27920,27920,27912.5,27917.5
1777614000,27916,27917.5,27911.5,27916.5
1777614300,27916.5,27917,27909.75,27914.75
1777614600,27915,27915.5,27911.25,27913.25
1777614900,27912.75,27912.75,27901.75,27906.25
1777615200,27907.25,27910.25,27901.75,27906.25
1777615500,27908,27912.25,27902,27909
1777615800,27909.5,27912.75,27905.5,27912.25
1777616100,27912.5,27918,27908.5,27910.25
1777616400,27910.5,27910.5,27900.75,27906
1777616700,27907.5,27908.25,27898.25,27899.25
1777617000,27901.5,27902.5,27894.75,27896.5
1777617300,27896,27899,27887.5,27891.25
1777617600,27891.25,27893.5,27885.75,27893.25
1777617900,27893,27896.25,27882.25,27888
1777618200,27887.25,27892,27884.25,27886.5
1777618500,27885,27889.75,27881,27886
1777618800,27885.25,27894.25,27884.5,27890.25
1777619100,27890.75,27907.75,27888.5,27907.5
1777619400,27908,27912.25,27901.5,27907.5
1777619700,27907.25,27913.5,27901.5,27907
1777620000,27907.25,27915.25,27897.75,27898
1777620300,27897.75,27898,27892.25,27894.5
1777620600,27894.25,27895.75,27883,27887.75
1777620900,27887.75,27891,27874,27874.75
1777621200,27875.25,27883.75,27871.5,27873.5
1777621500,27872.5,27886.75,27871.75,27886.75
1777621800,27887,27894.75,27878.5,27881.25
1777622100,27882,27883,27861.5,27869
1777622400,27870,27879.5,27865.75,27873.25
1777622700,27872.25,27878.5,27867.25,27869
1777623000,27867.5,27885.75,27865,27878.25
1777623300,27879.25,27887.25,27875.25,27878.25
1777623600,27878.25,27881.25,27868.75,27871.25
1777623900,27871,27882,27870,27872.5
1777624200,27871.5,27871.75,27860.5,27865.25
1777624500,27865,27868,27854.25,27856
1777624800,27856.5,27859.25,27852.25,27854.75
1777625100,27853.5,27854.25,27844,27851.5
1777625400,27851.5,27858.75,27850.5,27854
1777625700,27853,27857.5,27851.25,27856.25
1777626000,27855.5,27856,27835,27836.5
1777626300,27837.25,27845.75,27835,27843
1777626600,27843.25,27848.5,27841.75,27844.75
1777626900,27846.5,27852.5,27842.5,27844.75
1777627200,27844.25,27857.25,27844.25,27855.75
1777627500,27856.75,27858.5,27849.25,27853
1777627800,27851.75,27854.75,27845.5,27850.25
1777628100,27851,27858.25,27847.25,27858
1777628400,27857.25,27858.5,27853.25,27853.25
1777628700,27852,27856.25,27850.75,27854.5
1777629000,27853.25,27865.5,27853.25,27854.75
1777629300,27855.75,27863.25,27854.25,27859.25
1777629600,27859.75,27862.5,27855.25,27856.75
1777629900,27856,27859.75,27850,27850.25
1777630200,27849.5,27859,27847.5,27859
1777630500,27859.5,27869.75,27858.5,27869.5
1777630800,27869.25,27870.25,27859,27859
1777631100,27858.75,27861.5,27852,27854
1777631400,27854.75,27857.75,27847.75,27851.5
1777631700,27850.5,27851.75,27831,27831.5
1777632000,27830.75,27840.5,27825.75,27840
1777632300,27840,27850.75,27838,27845.25
1777632600,27845.75,27851,27843.75,27847.25
1777632900,27847,27860.5,27845.5,27859.25
1777633200,27859.75,27864.5,27848.75,27852
1777633500,27852,27852,27836.5,27840.5
1777633800,27839.25,27840.25,27830.25,27838
1777634100,27837.5,27854,27831,27849.25
1777634400,27849,27854,27841.25,27843.25
1777634700,27842.75,27850.5,27836.25,27837
1777635000,27835.5,27841.5,27827.5,27834
1777635300,27834.75,27840.5,27829.25,27834.5
1777635600,27837.5,27839.75,27826.75,27838
1777635900,27838.5,27850.75,27836.5,27845.5
1777636200,27845.75,27851.5,27841.25,27842.5
1777636500,27843.25,27854.25,27841.5,27853.75
1777636800,27854,27864.5,27852,27861
1777637100,27861.25,27862.25,27841.5,27843.5
1777637400,27843.75,27912.25,27836.5,27890.5
1777637700,27889,27902,27878.75,27893
1777638000,27891.75,27915.25,27879.25,27905.5
1777638300,27906,27914.5,27900,27903.75
1777638600,27902.25,27904,27890.75,27893.25
1777638900,27892.75,27903,27885,27889.25
1777639200,27888.75,27894.5,27857.75,27861
1777639500,27860.5,27871.25,27855.25,27870.5
1777639800,27870.25,27878,27864.5,27875
1777640100,27875.5,27878.25,27863,27866.5
1777640400,27866,27881.5,27865.25,27877.75
1777640700,27877.5,27905,27877.25,27897
1777641000,27897,27905.25,27890.75,27894.25
1777641300,27893.5,27902.25,27884.25,27899.5
1777641600,27898.75,27917.75,27898,27912.5
1777641900,27912.5,27927.5,27897,27922
1777642200,27922.25,28037.75,27907.25,28025.75
1777642500,28026,28062,28013.25,28059.5
1777642800,28059,28084.5,28049.75,28077.75
1777643100,28077.25,28080.25,28042,28072.25
1777643400,28071.5,28102.25,28049.5,28079.75
1777643700,28079.75,28165.25,28079,28163
1777644000,28163,28189.5,28141.5,28177.25
1777644300,28177.25,28179.25,28145.75,28168.5
1777644600,28168.5,28198.75,28157,28179
1777644900,28179.5,28183.5,28149,28167.5
1777645200,28167.75,28195,28165,28172.5
1777645500,28172,28178,28157.5,28161
1777645800,28161,28162.75,28092.25,28102.5
1777646100,28102.5,28108,28040.5,28085
1777646400,28085,28125,28069.25,28106.25
1777646700,28106.25,28126.25,28099,28116
1777647000,28115.75,28125,28083,28107.75
1777647300,28107.75,28134.25,28102,28104.25
1777647600,28104.75,28108.5,28058.5,28084.75
1777647900,28085.25,28097,28070.5,28090.75
1777648200,28090.5,28127.5,28078.25,28126.5
1777648500,28126.25,28142,28117.75,28141
1777648800,28141.5,28159.75,28140.5,28151.5
1777649100,28151.75,28158,28139.5,28152.5
1777649400,28153,28166.25,28145.5,28153.75
1777649700,28154.5,28192.5,28150.5,28178.75
1777650000,28178.75,28191.75,28177.75,28184.5
1777650300,28184.25,28204.25,28180.25,28199.75
1777650600,28200,28206.5,28127.25,28174
1777650900,28174.5,28193.25,28170,28180.25
1777651200,28180.25,28191,28170,28174.75
1777651500,28176,28180.75,28132.5,28138.5
1777651800,28137.25,28153,28130.5,28133.5
1777652100,28132.75,28158.75,28129.75,28156.75
1777652400,28156.75,28166.75,28113.25,28141
1777652700,28141,28144.25,28107.5,28122.25
1777653000,28122,28133.25,28098.25,28117
1777653300,28117,28137.75,28111,28134
1777653600,28133.25,28138,28108.25,28109
1777653900,28108.5,28121.75,28095,28109.25
1777654200,28109,28133,28100.5,28130.75
1777654500,28130.5,28145.75,28119.75,28121
1777654800,28120.5,28140.5,28118,28131.5
1777655100,28131,28141.5,28128.25,28134.75
1777655400,28134.25,28147.75,28132.75,28146.25
1777655700,28145.75,28166.25,28145.25,28164.75
1777656000,28164.75,28177.25,28158.5,28167.5
1777656300,28168.25,28175.5,28161,28175
1777656600,28175,28180,28164.25,28166.25
1777656900,28165.75,28168,28153.5,28163.5
1777657200,28164,28177.5,28164,28174.75
1777657500,28174.75,28179,28168.75,28174.5
1777657800,28175.5,28186.5,28166,28173.5
1777658100,28173.75,28183.75,28171.75,28173.25
1777658400,28172.75,28179.75,28157,28159.5
1777658700,28159.5,28171.75,28146,28168.75
1777659000,28168.25,28170,28133.5,28136.25
1777659300,28136,28149,28125.25,28142.5
1777659600,28141.75,28157.75,28136.5,28157.5
1777659900,28157.25,28161.5,28144.75,28157
1777660200,28157.75,28158.75,28132.5,28134
1777660500,28134.25,28135.5,28119.25,28122
1777660800,28121.75,28125.5,28102.25,28112
1777661100,28111.5,28114.5,28084.25,28100
1777661400,28100.5,28109.75,28087.75,28101.25
1777661700,28102,28115.5,28098,28111.25
1777662000,28111.75,28131.25,28107.5,28126.25
1777662300,28126.5,28144.25,28125.75,28143
1777662600,28142.5,28162.5,28136.75,28157.75
1777662900,28158.5,28169,28151.25,28159.5
1777663200,28159.5,28168.25,28155,28167.5
1777663500,28167.25,28189.5,28166.75,28185.75
1777663800,28185.75,28190.25,28165,28173.5
1777664100,28173.25,28175.75,28155.75,28167.25
1777664400,28167,28173.25,28153,28163.75
1777664700,28163.25,28165,28149,28160
1777665000,28159.25,28170.5,28127,28135.75
1777665300,28135.5,28136,28112.25,28126.75
1777665600,28126.75,28127,28114,28116
1777665900,28115.75,28120,28105.75,28116
1777666200,28115.75,28118.5,28103.5,28109.25
1777666500,28109.75,28110.25,28088.75,28091.25
1777666800,28091.5,28094,28077,28084.75
1777667100,28085,28095.75,28084,28088.25
1777667400,28088.75,28090.25,28082.25,28082.5
1777667700,28082.5,28090.25,28079.25,28080
1777668000,28080,28083.25,28071.5,28077.75
1777668300,28077.5,28088.75,28076.5,28082
1777668600,28081.75,28086,28075.5,28076.25
1777668900,28075.75,28080.5,28045.25,28072.75
1777845600,28179.5,28215.5,28146,28168.75
1777845900,28167.5,28181.25,28151,28159.25
1777846200,28158.5,28166.75,28146.25,28155.5
1777846500,28155.5,28164.5,28151.5,28162
1777846800,28163.5,28169.25,28127,28136.25
1777847100,28135.25,28142,28131,28135
1777847400,28136.25,28146.5,28129.75,28142.5
1777847700,28142.75,28142.75,28135.25,28139.25
1777848000,28139.5,28150.25,28138.75,28144
1777848300,28144.25,28165.5,28134.5,28136
1777848600,28135.25,28144.25,28125.5,28143.5
1777848900,28144.25,28148,28137,28139.25
1777849200,28139.5,28147,28131.75,28138
1777849500,28139.25,28141.5,28129.75,28132.5
1777849800,28134,28135,28108.25,28117.75
1777850100,28118,28119,28104.75,28113.75
1777850400,28113.75,28115.25,28107.5,28112.5
1777850700,28112.25,28117,28104.5,28111.25
1777851000,28110.5,28115.75,28106.5,28113.5
1777851300,28112.25,28125.5,28109.75,28110.25
1777851600,28109.75,28124.75,28105.25,28116
1777851900,28115.5,28122,28105.5,28117
1777852200,28116.75,28122.25,28112,28119.5
1777852500,28119,28121,28110.5,28114.5
1777852800,28112.75,28120,28089.75,28118.25
1777853100,28119.5,28156.25,28117.25,28152.75
1777853400,28153.75,28155,28134,28145.25
1777853700,28144.25,28154.25,28110.5,28119.25
1777854000,28120.5,28122,28097.25,28114.25
1777854300,28114,28133.5,28110.5,28125
1777854600,28127,28147.75,28123.25,28145.75
1777854900,28145.5,28149.25,28125,28136.5
1777855200,28135.75,28154,28135.75,28153.25
1777855500,28152.5,28164.25,28149.75,28163.5
1777855800,28163.75,28164.25,28155.5,28162.5
1777856100,28163,28186.75,28162.25,28182.25
1777856400,28182.5,28188,28154.5,28155.75
1777856700,28155.5,28165.25,28149.5,28158
1777857000,28159.5,28174.75,28148,28174
1777857300,28174.5,28182.5,28170,28170.75
1777857600,28171.25,28180,28167.25,28175.5
1777857900,28174.5,28175,28162.5,28165.5
1777858200,28164.75,28196.5,28162,28194.5
1777858500,28194,28201.5,28188.25,28195.5
1777858800,28196,28198.75,28189.5,28194.75
1777859100,28194.75,28205.5,28189.75,28201.5
1777859400,28200.75,28209.5,28199.5,28202.25
1777859700,28202.25,28211.5,28201.25,28209
1777860000,28209,28213.5,28196.25,28202.25
1777860300,28201.25,28205,28188,28195.25
1777860600,28196.25,28207.75,28184,28202.5
1777860900,28202.5,28202.5,28180.25,28197.75
1777861200,28198.5,28201.25,28187.5,28191.25
1777861500,28192.5,28193.25,28167.75,28175.75
1777861800,28175.75,28191,28174,28191
1777862100,28191.5,28198.5,28188.5,28197.5
1777862400,28197.75,28205.75,28194.5,28203.25
1777862700,28203.25,28207.5,28199.5,28206.5
1777863000,28206,28233.5,28204.75,28230
1777863300,28231,28232.5,28218.25,28218.25
1777863600,28218.75,28229.5,28216.25,28227.5
1777863900,28228,28234.5,28224,28229.75
1777864200,28230,28232.75,28223.5,28230.25
1777864500,28229.75,28229.75,28220,28227.25
1777864800,28227.5,28228,28217,28220
1777865100,28220,28223,28215,28218.5
1777865400,28217.75,28221,28210.5,28214.5
1777865700,28214,28216.75,28208.25,28209.25
1777866000,28209.75,28221,28209.25,28219.75
1777866300,28218.75,28224.5,28213.5,28220.75
1777866600,28219.75,28229,28215,28216
1777866900,28215,28222.25,28208.25,28221.25
1777867200,28221.25,28226.5,28216.75,28226.5
1777867500,28226.5,28231,28222.75,28227.75
1777867800,28228.5,28233.25,28223.5,28228
1777868100,28227.5,28237.5,28227.25,28233.25
1777868400,28232,28241,28228.75,28234.25
1777868700,28233,28240.75,28232.5,28238.5
1777869000,28238.75,28240.25,28228.5,28236.25
1777869300,28237.25,28242.75,28236.25,28237.5
1777869600,28238,28239,28232.5,28234
1777869900,28235.75,28237.25,28226.5,28228.25
1777870200,28228.5,28232.25,28226.5,28229
1777870500,28229.25,28232.5,28225.75,28228.25
1777870800,28227.5,28232.75,28220,28225.25
1777871100,28225.25,28237.25,28223.75,28237
1777871400,28236.5,28241.25,28234,28238.75
1777871700,28240.5,28255.25,28236.75,28249
1777872000,28248.5,28252.25,28244,28244.25
1777872300,28243.25,28243.25,28220.75,28226.5
1777872600,28227.75,28230.25,28220.75,28229
1777872900,28229.5,28232.5,28222.25,28229
1777873200,28229.25,28239.25,28227.75,28239.25
1777873500,28238.5,28242.5,28230,28231.5
1777873800,28232.5,28232.5,28224,28229.25
1777874100,28227.5,28228.5,28222.75,28225
1777874400,28225.25,28229.75,28206.5,28210.75
1777874700,28210.25,28210.25,28194.25,28201.25
1777875000,28202,28215.25,28194.5,28211
1777875300,28212.5,28215,28204.5,28212.25
1777875600,28211.25,28211.75,28195.25,28198.5
1777875900,28198.25,28199.5,28182.25,28199.5
1777876200,28199.5,28207.75,28184.25,28192.25
1777876500,28191.25,28193.25,28174.25,28174.25
1777876800,28174,28177.25,28161.75,28174.25
1777877100,28174,28185.75,28164.25,28185.75
1777877400,28185.5,28188.75,28179.25,28187
1777877700,28185.5,28189.5,28184.5,28185
1777878000,28186,28192.75,28170.75,28183.25
1777878300,28183,28207.5,28183,28205.75
1777878600,28206,28221.75,28203.25,28214.5
1777878900,28213.75,28233,28213.5,28231.75
1777879200,28229.75,28236.25,28222.75,28229.5
1777879500,28230.5,28234.5,28220.5,28225.75
1777879800,28226.5,28227,28214.25,28218
1777880100,28216.5,28227.25,28211.75,28224.5
1777880400,28225,28233,28216.5,28229.5
1777880700,28228.25,28240.75,28223,28225.25
1777881000,28226.25,28227.25,28209,28214.25
1777881300,28213.5,28218.25,28201.75,28201.75
1777881600,28201.5,28203.75,28172,28173
1777881900,28172.75,28178.25,28153.75,28176.75
1777882200,28177,28181.75,28164.25,28177
1777882500,28176.5,28180,28159,28168
1777882800,28163.5,28180.5,28163.5,28176.25
1777883100,28175.75,28196.75,28175.5,28192.5
1777883400,28193.25,28201,28182.25,28192.75
1777883700,28192.25,28197.25,28190.25,28194.5
1777884000,28194.25,28196.75,28182.75,28182.75
1777884300,28182.25,28188.5,28180.25,28187.5
1777884600,28187.5,28190,28177.5,28183.25
1777884900,28183.25,28193.75,28179.25,28182
1777885200,28184,28195.75,28173,28195.75
1777885500,28194.5,28196.75,28188,28191.25
1777885800,28192.5,28204.75,28190.5,28201.25
1777886100,28201.5,28203.25,28192.25,28195.75
1777886400,28195,28202.75,28192.75,28200.25
1777886700,28199.75,28202.25,28193.5,28201
1777887000,28201.5,28206.25,28195.25,28202.75
1777887300,28202.5,28212,28202,28209
1777887600,28209,28211,28203.25,28203.75
1777887900,28204,28204.5,28197.5,28203.75
1777888200,28204.5,28208.75,28200.75,28208.5
1777888500,28208.25,28214.25,28178.75,28179.75
1777888800,28180.5,28186.5,28048.25,28074.25
1777889100,28073.25,28074.25,27953.5,27991
1777889400,27990.25,28024.5,27955.5,27989.75
1777889700,27989.75,28023,27960.75,27976.5
1777890000,27975.25,28008.25,27951.75,28004.75
1777890300,28003.25,28056.75,28003.25,28043
1777890600,28043.25,28143.75,28032.25,28114.5
1777890900,28116.5,28128.75,28093.5,28113.75
1777891200,28111.75,28128,28107,28117.5
1777891500,28116.5,28127.5,28099,28120
1777891800,28121.5,28125.5,28096,28105
1777892100,28104.5,28110.25,28097.25,28103.25
1777892400,28104.5,28135.5,28082,28095.75
1777892700,28096.25,28116.5,28095,28114.75
1777893000,28115,28137.25,28108.75,28118.25
1777893300,28119.25,28134.5,28118,28122.5
1777893600,28122.5,28127.75,28113,28114.25
1777893900,28113.75,28118,28104.25,28109.75
1777894200,28107.5,28114,28100.5,28105
1777894500,28105.5,28120.75,28068.25,28079.5
1777894800,28079.25,28118.25,28079.25,28100.25
1777895100,28100,28103,28083,28091.5
1777895400,28089.5,28119.75,28087.5,28119.75
1777895700,28120.25,28124.25,28111,28116.25
1777896000,28118,28148.25,28118,28138.75
1777896300,28139,28146,28132.75,28140.75
1777896600,28141.25,28158.25,28138.5,28145.5
1777896900,28144.75,28171,28117.75,28157
1777897200,28155.5,28162,28142.25,28151.25
1777897500,28150.75,28161,28146,28153.5
1777897800,28152.5,28153.5,28136,28140.5
1777898100,28140.5,28161.25,28130.75,28158
1777898400,28158.75,28165.5,28142.25,28154.75
1777898700,28154,28155.75,28145.75,28148.25
1777899000,28147.75,28156.25,28139.25,28147
1777899300,28147.5,28155.5,28121.25,28134
1777899600,28134.75,28144.5,28077,28129
1777899900,28130.5,28153.5,28120.75,28153.5
1777900200,28154,28170.25,28130.25,28139.5
1777900500,28139.75,28152.25,28134.25,28138
1777900800,28138,28144,28132.5,28142.5
1777901100,28143,28150.5,28136.5,28144.25
1777901400,28144,28164,28099.5,28116.75
1777901700,28117.25,28144.25,28097.75,28126
1777902000,28126,28177.5,28114,28145
1777902300,28144.75,28185.25,28135.75,28158
1777902600,28157.5,28178.5,28138.5,28160
1777902900,28159.5,28188.25,28130,28185.5
1777903200,28184.75,28189.5,28156.75,28160.5
1777903500,28159.25,28181,28133.5,28145
1777903800,28146,28202.75,28140.5,28182.25
1777904100,28182.25,28197,28168.75,28196
1777904400,28195.25,28201.75,28177,28184.25
1777904700,28184,28197.5,28156.75,28160.75
1777905000,28160.25,28193.75,28153.5,28180.25
1777905300,28180.5,28203.75,28171,28192.75
1777905600,28193,28219.5,28193,28216
1777905900,28216.25,28230.5,28213.5,28219.75
1777906200,28220.25,28230.25,28207.5,28218
1777906500,28218.25,28225.25,28163.5,28171.5
1777906800,28171.5,28203.75,28137,28180
1777907100,28179,28191.25,28155.25,28172
1777907400,28172,28180,28127.25,28144
1777907700,28143.75,28157.25,28059,28072.25
1777908000,28071.75,28078.75,28001,28015.5
1777908300,28016.5,28082.75,28011.75,28065.75
1777908600,28065.75,28073.25,28012.25,28045.25
1777908900,28045,28064,28006,28025.5
1777909200,28024.5,28059.5,27986.75,28052.25
1777909500,28051.75,28053.75,28012.25,28018.75
1777909800,28018.5,28052.5,27990.25,28046.25
1777910100,28046,28061,28014.5,28024.25
1777910400,28023.75,28036,27994,28008.75
1777910700,28007.75,28014.5,27902.5,27955.5
1777911000,27954.25,27977.5,27925.75,27946
1777911300,27946.25,28023.25,27919,28001
1777911600,28002.25,28027.25,27992.25,28015
1777911900,28014.5,28037.25,27994.5,28002.75
1777912200,28004,28033.75,27994.5,28028.75
1777912500,28027,28031.75,27980.5,27990.25
1777912800,27990.25,28021.75,27988,28001.25
1777913100,28001.5,28012.5,27991,28009.25
1777913400,28008.5,28011.75,27978.25,27996
1777913700,27995,28009.25,27988.5,27995.75
1777914000,27994.75,28032.5,27993.5,28025.25
1777914300,28025.5,28045,28023.25,28037
1777914600,28037,28048,28018,28032.75
1777914900,28033.25,28083,28029.5,28077.75
1777915200,28078,28093.25,28071.5,28085
1777915500,28085.75,28089.5,28070,28083.5
1777915800,28082.75,28087.75,28062.75,28064.25
1777916100,28064,28066.5,28043,28065
1777916400,28065,28071,28052.25,28065.75
1777916700,28066,28068.5,28056.75,28065.25
1777917000,28065,28082.25,28062.5,28076.25
1777917300,28076.25,28092,28076.25,28081.75
1777917600,28081.75,28106,28081.25,28100.5
1777917900,28100.75,28108.25,28081.75,28086.5
1777918200,28086.75,28093.25,28075.75,28077
1777918500,28076.5,28079,28060.5,28064.5
1777918800,28063.75,28068.25,28040.5,28053.25
1777919100,28053,28064.25,28021.75,28060.25
1777919400,28061,28066.5,28042,28049.75
1777919700,28050.75,28051.25,28034.25,28044.75
1777920000,28045,28051,28016,28017.25
1777920300,28017.75,28037.25,28007.5,28035.5
1777920600,28035.25,28044.25,28015.75,28026
1777920900,28024.75,28054.5,28022.75,28049.25
1777921200,28048.5,28053.75,28029.25,28041.5
1777921500,28041,28078.75,28033.5,28060.75
1777921800,28060.25,28066.25,28053.5,28064
1777922100,28064.25,28073.75,28059,28059.5
1777922400,28059.75,28062.75,28046.5,28058.75
1777922700,28059,28078,28038.5,28068
1777923000,28068,28082,28066.5,28077
1777923300,28076.25,28079,28062.75,28065
1777923600,28065,28068,28051.5,28057.75
1777923900,28057.75,28079.5,28049,28078.5
1777924200,28078.25,28083.5,28039.5,28047
1777924500,28047.5,28070.25,28036.5,28069.75
1777924800,28069.25,28070.5,28043.5,28049
1777925100,28049.5,28066,28039.25,28039.25
1777925400,28039.5,28046.75,28028.5,28043.5
1777925700,28043,28047.75,28030.75,28032.75
1777926000,28031.5,28041,28028.25,28040.25
1777926300,28040.5,28054,28039.25,28051
1777926600,28051,28053.5,28044.5,28044.75
1777926900,28044,28047.25,28038,28040.5
1777927200,28041,28043.5,28038.5,28038.5
1777927500,28037.75,28042.5,28033.5,28036
1777927800,28036.25,28037,28030.75,28032.75
1777928100,28033.25,28035.75,28029.75,28032.5
1777932000,28049.5,28079,28041,28063.75
1777932300,28063.75,28072.25,28058.5,28065.5
1777932600,28066,28069.5,28060,28063.25
1777932900,28063.25,28066.5,28061.5,28062.75
1777933200,28061.5,28068,28061.25,28067
1777933500,28066.75,28070.75,28066.25,28067.5
1777933800,28067.5,28069.25,28062.25,28064.25
1777934100,28064.25,28065.75,28056.75,28059.25
1777934400,28059,28063.75,28053,28053.5
1777934700,28053.5,28054.25,28045.25,28045.5
1777935000,28045.75,28045.75,28030.25,28037.5
1777935300,28036.25,28044.5,28035.5,28043
1777935600,28041.5,28042.5,28032.5,28036
1777935900,28037.25,28040.25,28032.75,28036.5
1777936200,28037.25,28054.25,28030.75,28048
1777936500,28048.75,28052,28041.75,28043.75
1777936800,28043.75,28049.25,28039.75,28041.5
1777937100,28040.25,28042.75,28036.25,28042.25
1777937400,28042,28050.5,28034.25,28042.5
1777937700,28042.5,28047.75,28041.75,28046.25
1777938000,28044,28046.25,28034,28034.75
1777938300,28035.75,28039.5,28030.75,28035.75
1777938600,28036.75,28037,28021.25,28029.25
1777938900,28027.75,28043.25,28025.25,28035
1777939200,28036.5,28080.75,28030.5,28074.75
1777939500,28076.5,28080.25,28070.75,28073.25
1777939800,28072.75,28078.5,28061.75,28074.25
1777940100,28073.25,28073.25,28041.5,28051.5
1777940400,28051,28053.75,28031.5,28039.25
1777940700,28041.75,28043.75,28029.25,28042.5
1777941000,28041.5,28056,28040.75,28054.5
1777941300,28053.75,28068.5,28049.25,28061
1777941600,28061.75,28062.75,28040.5,28047.25
1777941900,28049,28064,28047.5,28062.75
1777942200,28064,28082.5,28063.5,28080.75
1777942500,28081.25,28082,28072,28074.5
1777942800,28074.5,28077,28057.25,28069.25
1777943100,28068.75,28079.75,28066.25,28073.75
1777943400,28074.75,28096.75,28072.5,28090
1777943700,28089.75,28103.75,28089.75,28100.5
1777944000,28099.75,28101,28091.5,28098.75
1777944300,28098.5,28099.25,28087,28092
1777944600,28092.75,28096.5,28080.25,28086.25
1777944900,28085.75,28122.75,28085.75,28103.25
1777945200,28103,28106.75,28090.75,28100.75
1777945500,28101.75,28109.75,28099.5,28106.5
1777945800,28106,28114.25,28105.75,28108.5
1777946100,28108.5,28110.25,28103.25,28104.75
1777946400,28105,28113.75,28105,28111.5
1777946700,28111.5,28115.25,28107,28107
1777947000,28109,28109,28098,28100.75
1777947300,28100.75,28106.75,28099.75,28104.25
1777947600,28102.75,28111.75,28098,28111.25
1777947900,28111.75,28123.75,28109.25,28120.75
1777948200,28121.25,28128.5,28118.75,28126.25
1777948500,28127,28130.5,28119.25,28129.25
1777948800,28129.5,28130.25,28125,28125.5
1777949100,28125.5,28126.25,28090.5,28100.5
1777949400,28101.75,28112.25,28099.75,28101.5
1777949700,28100.75,28105.25,28096.5,28105
1777950000,28105.5,28109.5,28100.75,28109.5
1777950300,28108.75,28117.25,28108.25,28116
1777950600,28115.75,28123.25,28115.75,28119.5
1777950900,28120.25,28122.75,28116.75,28121.75
1777951200,28120.5,28122.5,28117.25,28121.75
1777951500,28121.5,28138,28121.5,28131
1777951800,28130.25,28131,28124.75,28127.5
1777952100,28127.5,28131.5,28126.5,28129.25
1777952400,28129.5,28130,28125.75,28127
1777952700,28126.25,28134.75,28125,28133.75
1777953000,28133.75,28137,28129.75,28129.75
1777953300,28129,28133,28127,28130.5
1777953600,28129.5,28149.75,28129.25,28143
1777953900,28143,28146,28137,28137
1777954200,28136.75,28140.25,28134.25,28136.5
1777954500,28135.5,28135.75,28127.75,28131.5
1777954800,28130.75,28134.25,28127.5,28132.25
1777955100,28130.5,28132.25,28127,28127.5
1777955400,28128,28129.75,28122,28124.75
1777955700,28125.25,28126,28119.75,28122.25
1777956000,28121.75,28126.5,28120.75,28123
1777956300,28123,28139,28123,28138.25
1777956600,28137.75,28140,28130,28131.75
1777956900,28130.75,28132.5,28116.25,28117.75
1777957200,28116.75,28127.5,28108.25,28121.75
1777957500,28121.25,28127.25,28119.75,28121
1777957800,28120.25,28126.5,28120,28126
1777958100,28126.25,28133.5,28124,28132.75
1777958400,28132.5,28135.5,28128.5,28135.5
1777958700,28135,28135,28123,28124.75
1777959000,28125.5,28139.25,28114.5,28137.25
1777959300,28137.5,28143.5,28132.5,28137.75
1777959600,28136.5,28141,28135.25,28135.25
1777959900,28135.5,28141.75,28131.75,28137.75
1777960200,28137.75,28141.5,28133.5,28138.25
1777960500,28138.25,28144.5,28137.5,28142.25
1777960800,28142,28163,28137,28141.25
1777961100,28142.25,28142.25,28131.5,28132
1777961400,28131.25,28141.25,28128.75,28133.5
1777961700,28133.75,28136,28114.5,28123.25
1777962000,28123,28125.75,28107.75,28110.25
1777962300,28110,28125.5,28108.75,28119
1777962600,28119,28143.5,28118.5,28141.5
1777962900,28142.5,28155.25,28141,28153.5
1777963200,28153,28160.75,28146.5,28153.75
1777963500,28156,28156.25,28149.75,28152.25
1777963800,28154,28173.75,28153.5,28169
1777964100,28170,28176.5,28164.75,28170.25
1777964400,28169.5,28190.75,28164.75,28184.25
1777964700,28183.25,28191.75,28177,28179.75
1777965000,28179.5,28189.5,28178.75,28185.25
1777965300,28185.25,28188.25,28176,28185
1777965600,28185.75,28190.5,28178.75,28178.75
1777965900,28178,28185,28171.75,28175.5
1777966200,28175.5,28183.25,28172.25,28178.5
1777966500,28180,28211.5,28176,28205.5
1777966800,28203.75,28216.25,28187.5,28187.75
1777967100,28187.25,28189.5,28171.75,28173
1777967400,28173.5,28179,28168.25,28171.5
1777967700,28168.5,28172,28164.25,28171.5
1777968000,28172,28190.25,28169,28189.5
1777968300,28189.75,28201.25,28189.75,28195.75
1777968600,28196,28223.5,28195,28216
1777968900,28216.5,28220.5,28207.5,28211.75
1777969200,28211.75,28220.25,28210.25,28212.75
1777969500,28214.25,28224.5,28208.25,28208.25
1777969800,28208.25,28213.25,28201.5,28213
1777970100,28211.5,28222.5,28210.75,28217.75
1777970400,28216.75,28219.5,28207.25,28217.5
1777970700,28217,28231.75,28209.75,28222.5
1777971000,28220,28223,28215,28219.25
1777971300,28218.75,28221.75,28214,28219.25
1777971600,28219.5,28220.5,28204.75,28212.25
1777971900,28211.5,28226.5,28198,28220.5
1777972200,28221.5,28229.25,28215.5,28215.5
1777972500,28215.25,28219.75,28207.25,28212.25
1777972800,28211.5,28216,28203,28214.25
1777973100,28216.25,28223.75,28214.25,28218.75
1777973400,28219.25,28238.5,28218.25,28231.25
1777973700,28230.75,28230.75,28218.75,28224.5
1777974000,28223.75,28230.75,28222.75,28226.75
1777974300,28228,28248,28226.75,28232
1777974600,28232.25,28233.5,28219.5,28220.75
1777974900,28221.5,28226.25,28218.75,28226.25
1777975200,28226.25,28227.75,28219,28221.5
1777975500,28221,28224,28214,28215.25
1777975800,28214.25,28234.5,28211.25,28224.75
1777976100,28224.5,28230.25,28217.5,28221.25
1777976400,28222,28230.25,28221.5,28226
1777976700,28225.25,28233.75,28221.75,28228.75
1777977000,28229.25,28248.5,28225.25,28240.75
1777977300,28240.75,28247.25,28233.75,28234.75
1777977600,28234.75,28240.75,28220.25,28221.25
1777977900,28221.5,28228,28217.75,28225.5
1777978200,28226,28227.25,28217,28222
1777978500,28221.75,28228,28219.75,28224.25
1777978800,28223.5,28228.75,28195.25,28197.75
1777979100,28197.25,28205.5,28195.75,28205
1777979400,28204.5,28210.5,28199.75,28203
1777979700,28203.25,28210.25,28189.5,28193.75
1777980000,28194.5,28203.5,28190.75,28202.5
1777980300,28203.5,28227.75,28202.75,28217
1777980600,28217.75,28230.5,28216.75,28223.5
1777980900,28223.75,28232.5,28220.75,28228.5
1777981200,28228.75,28234.5,28224.5,28229
1777981500,28229.5,28236.75,28225.5,28234.5
1777981800,28233.75,28235.25,28226.5,28228.5
1777982100,28230.25,28236,28228.5,28233.25
1777982400,28232,28232,28218,28225
1777982700,28224.75,28259.75,28222.25,28252
1777983000,28251.5,28286.75,28248.75,28283
1777983300,28282.75,28295.5,28274.5,28275.75
1777983600,28276,28286,28269.5,28277
1777983900,28275.25,28285,28274,28277.75
1777984200,28279.25,28284,28271.5,28277
1777984500,28277.25,28277.25,28266,28270.75
1777984800,28271.75,28275.75,28264.75,28266
1777985100,28266,28270.5,28259.75,28265
1777985400,28265,28268.5,28261,28265.25
1777985700,28265.5,28272,28262.25,28263
1777986000,28263,28280.75,28262.25,28278.75
1777986300,28278,28298,28278,28287
1777986600,28287,28291,28276.75,28280
1777986900,28280.25,28281.25,28268.5,28272.75
1777987200,28272.75,28278.5,28263.25,28264.5
1777987500,28265,28289,28265,28277.75
1777987800,28278,28320.75,28260.5,28314.75
1777988100,28315,28350.25,28309,28336.25
1777988400,28335.75,28373.5,28332,28372.25
1777988700,28372.25,28392.25,28359.5,28364
1777989000,28364.5,28401.5,28358.5,28359.75
1777989300,28359.25,28386.25,28354.25,28374.75
1777989600,28374.5,28391.5,28348.25,28389
1777989900,28388.5,28393,28378.5,28390.5
1777990200,28390,28398.75,28334.5,28344.25
1777990500,28344.5,28376.5,28321.25,28343
1777990800,28343.5,28403.75,28336,28398.25
1777991100,28397.5,28423.5,28396.25,28409
1777991400,28409,28422.25,28401.5,28415.75
1777991700,28415.75,28428.75,28382,28385.25
1777992000,28385,28404,28372.5,28377
1777992300,28377.25,28395.5,28367,28390
1777992600,28390,28397.25,28369,28397
1777992900,28397.25,28403.25,28382.25,28385.5
1777993200,28385.25,28411,28377.25,28411
1777993500,28411.25,28421.5,28398.5,28403.5
1777993800,28403.75,28423.5,28403.5,28421.5
1777994100,28421.5,28428.75,28409.75,28415
1777994400,28415.5,28424.5,28409,28412.5
1777994700,28412.25,28427.5,28404.75,28419
1777995000,28419,28423.5,28400,28408.75
1777995300,28409,28431.5,28408.5,28426
1777995600,28426.75,28428.25,28418.5,28424.25
1777995900,28424.5,28439.25,28422.75,28430.25
1777996200,28431,28436.5,28422,28426.75
1777996500,28426,28429,28409.5,28416.5
1777996800,28416.25,28428,28410,28423
1777997100,28422.75,28434.5,28422.75,28431
1777997400,28431.25,28442,28431,28437.75
1777997700,28437,28439.25,28420.5,28428.75
1777998000,28429,28439.25,28426,28426.75
1777998300,28427,28428,28379.75,28405.25
1777998600,28405.25,28409.5,28389.5,28401.5
1777998900,28401.5,28418.5,28387.5,28388.25
1777999200,28388,28399.25,28382.25,28397
1777999500,28397,28418.5,28392,28411.75
1777999800,28412,28415.25,28403.5,28413.5
1778000100,28413,28425.25,28412.25,28415
1778000400,28415,28425,28407.25,28418.5
1778000700,28418,28421.5,28401,28405.5
1778001000,28405.5,28412.75,28397.25,28411.5
1778001300,28412,28429.5,28412,28426.75
1778001600,28427,28431.5,28414.75,28421
1778001900,28421.25,28434.75,28420.25,28434
1778002200,28434.25,28439.5,28425.25,28426.5
1778002500,28426,28441.25,28424.5,28429.75
1778002800,28429.75,28441.75,28427,28437.25
1778003100,28437.75,28444,28435,28441.75
1778003400,28441.75,28457.25,28439.5,28451.25
1778003700,28451.25,28456.5,28447.25,28448.5
1778004000,28449,28462,28446.25,28460.25
1778004300,28460.25,28468.75,28458.5,28460.75
1778004600,28461,28475.75,28458,28470
1778004900,28470.5,28473.5,28463.25,28468.75
1778005200,28469,28475,28460,28460.75
1778005500,28461.25,28472.5,28458.75,28466.75
1778005800,28466.5,28471.25,28461,28461.75
1778006100,28462.25,28469.75,28459.75,28462
1778006400,28462.25,28468.25,28460.25,28464.75
1778006700,28465.25,28472,28462.25,28463.5
1778007000,28463.5,28467.5,28443.75,28450
1778007300,28450.5,28462,28449.75,28458.25
1778007600,28458.25,28464.25,28451.75,28453.5
1778007900,28453.75,28466.25,28453,28466
1778008200,28465.75,28477.75,28461,28462.25
1778008500,28462,28468.5,28453.5,28465.5
1778008800,28466.25,28467.75,28450.5,28463
1778009100,28463,28465.75,28453.25,28455.75
1778009400,28455.5,28459.5,28448,28451
1778009700,28451,28456.75,28442.25,28452.25
1778010000,28452.5,28458,28440.25,28448.25
1778010300,28448,28450,28435.25,28438.25
1778010600,28438.25,28438.5,28402,28408.5
1778010900,28409.5,28429.25,28398.25,28425.25
1778011200,28424.75,28437.25,28418.5,28434.75
1778011500,28435,28441.5,28429,28438.5
1778011800,28438.25,28447,28436.25,28444.25
1778012100,28444.5,28468.25,28399.5,28456.25
1778012400,28456.5,28489.25,28448,28486.25
1778012700,28486.25,28536.5,28484,28525.5
1778013000,28525.75,28528,28510,28516.25
1778013300,28516.5,28527.5,28508,28508.5
1778013600,28508.25,28509.75,28488.5,28490.75
1778013900,28490.5,28492.25,28474.5,28475.25
1778014200,28474.75,28492,28473.25,28486.75
1778014500,28487.25,28502.5,28485.5,28496.75
1778018400,28539.5,28556.75,28532.5,28551.5
1778018700,28551.5,28558,28549.5,28554.5
1778019000,28555.25,28556.25,28541.75,28549.5
1778019300,28550,28550.75,28542.75,28547
1778019600,28547.75,28565.25,28544.5,28564.5
1778019900,28563.75,28573.25,28557.5,28569.5
1778020200,28570.75,28577,28565.75,28569.75
1778020500,28569.75,28587,28568.75,28580.25
1778020800,28580.25,28586.75,28579.5,28584.25
1778021100,28584.75,28590.5,28582.75,28588.25
1778021400,28588.5,28711.5,28586.5,28664.75
1778021700,28667,28693,28655.25,28665.75
1778022000,28664.75,28674.5,28635,28653.5
1778022300,28653.75,28659.25,28635,28648.5
1778022600,28647.75,28674.75,28646,28672.5
1778022900,28672.25,28673.25,28650.5,28656.5
1778023200,28657.5,28661.75,28645,28648.25
1778023500,28648.5,28651.5,28636.25,28640.25
1778023800,28640.75,28656.5,28638.25,28653
1778024100,28653,28659,28649.75,28652
1778024400,28652.5,28659.5,28646.5,28651.25
1778024700,28652.25,28666.25,28649.25,28663.75
1778025000,28662.75,28666.5,28655,28660.5
1778025300,28661,28664.75,28653.25,28659.5
1778025600,28659,28662.25,28639.75,28641.25
1778025900,28642.25,28644.5,28596.5,28621.75
1778026200,28624.75,28630.75,28601.25,28603
1778026500,28602.5,28603.75,28569.75,28585.25
1778026800,28586.25,28590.75,28558,28572.25
1778027100,28573.75,28576.5,28537.5,28540.5
1778027400,28540.25,28562,28538.25,28553
1778027700,28554,28568.25,28549.25,28563.25
1778028000,28564.25,28575.5,28558.5,28564.5
1778028300,28564.75,28566.75,28538.25,28545
1778028600,28545.5,28568.5,28544.25,28566
1778028900,28565.5,28571,28561,28565.25
1778029200,28564.75,28579.25,28557.25,28575.25
1778029500,28574.5,28588.25,28574.5,28587
1778029800,28587.5,28588.5,28577.75,28579.5
1778030100,28579.75,28596.25,28567.5,28590.75
1778030400,28591.25,28598.5,28586.5,28590.75
1778030700,28590.5,28592.5,28569,28576.25
1778031000,28574.25,28583.25,28564,28573
1778031300,28573.5,28577,28567,28574
1778031600,28573.5,28581.5,28566.5,28578.75
1778031900,28578.5,28588,28577.75,28580.5
1778032200,28580.5,28582,28568,28570.5
1778032500,28570.5,28582.25,28560.75,28581.5
1778032800,28581.25,28585.25,28573.5,28574.5
1778033100,28574,28582.25,28565.25,28580.5
1778033400,28581.75,28582.75,28573.75,28576
1778033700,28575.25,28586,28575,28579.5
1778034000,28580.25,28585.25,28574.5,28581.5
1778034300,28581.5,28582,28560.75,28562.5
1778034600,28561.5,28571,28560.5,28570
1778034900,28570.25,28571.75,28556,28558.75
1778035200,28558.5,28562.5,28551,28561
1778035500,28560,28570.75,28560,28568
1778035800,28567.5,28572.5,28566.25,28567.25
1778036100,28568,28579.75,28568,28577.5
1778036400,28577.25,28584.5,28576.25,28578.25
1778036700,28576,28581.5,28572.25,28577.5
1778037000,28577.75,28598.5,28577.5,28594.5
1778037300,28593.75,28597.5,28588.5,28590
1778037600,28591,28597.25,28587.25,28597
1778037900,28597,28613,28596.5,28611.75
1778038200,28611.5,28617.25,28609.25,28612.5
1778038500,28613.5,28624,28611.75,28619
1778038800,28619.25,28619.5,28609.75,28614.75
1778039100,28614.5,28614.5,28598.25,28598.75
1778039400,28599.5,28607.25,28597.25,28601.75
1778039700,28601.5,28607.5,28599.75,28601.75
1778040000,28603,28609.25,28599.75,28607
1778040300,28607.5,28614,28605.25,28611.5
1778040600,28610.75,28613.75,28603.5,28613.75
1778040900,28614.5,28616.75,28609.25,28611.75
1778041200,28611.25,28616.75,28608.5,28614.5
1778041500,28615.25,28620.5,28608,28617.25
1778041800,28618,28621.75,28611.25,28612
1778042100,28612.5,28616.25,28602.75,28607.75
1778042400,28607,28616.75,28601.5,28615.75
1778042700,28616.75,28630,28615.25,28629.5
1778043000,28629,28634,28626.25,28630.5
1778043300,28631,28632.75,28624.5,28625
1778043600,28624.25,28630.75,28618.25,28629.5
1778043900,28629.5,28637.5,28626.5,28635.25
1778044200,28635,28638.5,28630.5,28632
1778044500,28631.25,28631.25,28615.5,28625.25
1778044800,28626.25,28627.25,28619.25,28627
1778045100,28627.5,28637.5,28627.25,28635.5
1778045400,28635,28636.75,28624.5,28626.25
1778045700,28626.5,28630,28620.5,28628.75
1778046000,28628.25,28634.75,28626,28634.25
1778046300,28633.75,28642.25,28633.75,28638
1778046600,28639.25,28643,28633.5,28635.75
1778046900,28636.75,28649.25,28635.25,28644.5
1778047200,28643.75,28658.5,28643,28645
1778047500,28645,28646,28624.75,28628.25
1778047800,28628.25,28629.5,28615.75,28624.25
1778048100,28623.25,28625.25,28613.5,28615
1778048400,28614.25,28624.75,28607.5,28622
1778048700,28623,28627,28617.5,28619.25
1778049000,28619.75,28624.5,28610.75,28616.25
1778049300,28616.75,28630,28614.25,28629
1778049600,28629.5,28632.25,28589.5,28615
1778049900,28615,28621.5,28611,28612.5
1778050200,28611.75,28616.5,28602,28614.5
1778050500,28614.5,28626.5,28614,28625.75
1778050800,28624.75,28634.5,28614.75,28632
1778051100,28633,28642.25,28630.5,28633.5
1778051400,28633.25,28633.75,28603.75,28608.25
1778051700,28607.75,28613.25,28601,28607.75
1778052000,28607.25,28623.5,28597.5,28622
1778052300,28621,28622.75,28609.5,28617.75
1778052600,28618.75,28624.75,28605.75,28623.25
1778052900,28623.75,28629,28620,28624.25
1778053200,28623,28628.75,28619.75,28628.25
1778053500,28628.25,28640,28624,28639.75
1778053800,28638.25,28639.5,28624.75,28626.75
1778054100,28628.5,28637.75,28623.75,28637.25
1778054400,28637.5,28646,28631.5,28635.75
1778054700,28636.75,28654,28631.75,28641
1778055000,28641.25,28654,28632,28638.25
1778055300,28637,28639.5,28625.25,28625.25
1778055600,28624.5,28626.75,28613.25,28624.75
1778055900,28626.5,28632,28618.25,28629.25
1778056200,28628.75,28646.75,28624.25,28641.25
1778056500,28642,28653.75,28641.5,28648.75
1778056800,28649.5,28654.5,28647.25,28651.5
1778057100,28651.5,28663.5,28650.25,28655
1778057400,28654.25,28764.25,28654.25,28750.5
1778057700,28750.75,28807.25,28747.5,28772.25
1778058000,28772,28788,28716.5,28722.25
1778058300,28720.5,28725,28704.5,28707.75
1778058600,28707.75,28744.5,28705.75,28738
1778058900,28738.5,28761.75,28736.5,28755.25
1778059200,28756,28762.75,28739.5,28749.75
1778059500,28749.75,28760.5,28743.25,28755.75
1778059800,28755,28790.75,28747.25,28783.25
1778060100,28785.25,28791.75,28775.75,28789.75
1778060400,28790.5,28798.5,28785.5,28786.5
1778060700,28786.75,28787,28770.5,28782
1778061000,28781,28798.25,28771.5,28795.25
1778061300,28795.5,28803.75,28792.25,28795.75
1778061600,28797.25,28827.75,28791,28811.25
1778061900,28810,28814.75,28791.25,28801.5
1778062200,28802.5,28812,28796,28802.25
1778062500,28801.25,28835,28797.75,28833.5
1778062800,28833,28839.5,28826.25,28829
1778063100,28829,28846.75,28825,28843.25
1778063400,28842.75,28861.25,28840.75,28853
1778063700,28853.5,28861.25,28849.25,28857
1778064000,28856.75,28880.25,28856,28873.25
1778064300,28872.5,28889.5,28850,28863.75
1778064600,28862.25,28904,28855.75,28889.5
1778064900,28889,28897.25,28871,28874.5
1778065200,28873.5,28907.75,28867.25,28899.25
1778065500,28900.5,28920,28899.75,28910.75
1778065800,28910.5,28923.75,28892.25,28910
1778066100,28910.25,28920.5,28906,28907
1778066400,28906.75,28908.75,28885.5,28894.75
1778066700,28895.25,28897.5,28875,28885.75
1778067000,28886.75,28889.5,28863.5,28874
1778067300,28874,28898,28873,28892
1778067600,28893,28894.5,28836,28837.5
1778067900,28838,28847.25,28817.5,28822.75
1778068200,28822,28850.5,28815,28838.5
1778068500,28838.75,28840.25,28801.5,28827.75
1778068800,28828.75,28829.75,28781.75,28790.5
1778069100,28791,28797.25,28758.5,28782.25
1778069400,28781.5,28803.5,28729.5,28741.5
1778069700,28740.75,28772.5,28715.75,28769.75
1778070000,28770.5,28803.25,28766.25,28789.25
1778070300,28789.5,28797.25,28777.75,28785
1778070600,28787.75,28793.25,28754.5,28765.5
1778070900,28766,28769.5,28745.75,28758.25
1778071200,28757.25,28759,28731,28737.75
1778071500,28738,28763,28731.25,28737
1778071800,28736.75,28753.25,28722.75,28727.25
1778072100,28725.75,28755.75,28721.5,28747.5
1778072400,28747.25,28747.25,28709.5,28720.5
1778072700,28721.5,28729.75,28681.5,28694.5
1778073000,28694.5,28718.25,28689,28713.25
1778073300,28713.25,28726.75,28686.5,28689.75
1778073600,28690.25,28701,28665.75,28677.25
1778073900,28677,28694.25,28661.5,28678.75
1778074200,28679,28736.5,28625.5,28733
1778074500,28734,28747.25,28685,28720
1778074800,28719,28771.75,28712.5,28771.25
1778075100,28770.75,28790.5,28744.75,28758
1778075400,28758.25,28794.5,28709,28784.75
1778075700,28784.75,28795.5,28753,28758.5
1778076000,28757.75,28772,28702.25,28707.75
1778076300,28707.75,28770.75,28674.5,28766.25
1778076600,28766.5,28789,28753,28763.5
1778076900,28764.5,28777.5,28694,28702.25
1778077200,28703.75,28733.75,28695.25,28726.5
1778077500,28726.25,28758.75,28703.5,28707.75
1778077800,28709.75,28777.5,28707.75,28775
1778078100,28775,28793,28764.75,28790
1778078400,28790.25,28816,28788.75,28810.75
1778078700,28810.5,28829.75,28808,28825.75
1778079000,28826,28836,28814.75,28829
1778079300,28829.25,28840.25,28813.75,28826.75
1778079600,28827,28841.5,28820.5,28839.5
1778079900,28839.75,28847.75,28827,28828.5
1778080200,28828.75,28842.5,28807.5,28825.25
1778080500,28826,28866,28821.75,28863.25
1778080800,28863.25,28870.25,28854.75,28863.5
1778081100,28863.5,28872,28861.75,28867.25
1778081400,28867.25,28876.25,28860.75,28866.25
1778081700,28865.75,28870,28837.75,28844.25
1778082000,28844,28864.25,28819.75,28846.5
1778082300,28846.5,28865.5,28837,28848.5
1778082600,28848.5,28862.25,28838,28858.5
1778082900,28858.75,28864.25,28842,28849.75
1778083200,28850,28869,28843.5,28862.5
1778083500,28863,28869.5,28857,28863.5
1778083800,28863.5,28890.75,28862.5,28885.75
1778084100,28885.75,28887,28858.75,28860.25
1778084400,28860,28870.25,28855.5,28865.5
1778084700,28865.5,28876.5,28860,28863.5
1778085000,28863.5,28869.25,28857.25,28860.25
1778085300,28859.75,28865.5,28842.5,28863.75
1778085600,28863,28874.5,28856.75,28857.25
1778085900,28857,28860.25,28824.75,28837.5
1778086200,28837.5,28847.25,28815.5,28817.25
1778086500,28817,28838,28801.75,28828.75
1778086800,28829,28850,28818,28846.5
1778087100,28846.75,28858.75,28844.5,28851.25
1778087400,28852.25,28873.75,28852.25,28868
1778087700,28868.5,28874.25,28856.5,28870.25
1778088000,28870.5,28881.25,28868.5,28871
1778088300,28871,28879,28865.25,28872.75
1778088600,28873,28884.75,28871.25,28878.75
1778088900,28879.25,28899.75,28874.5,28881.5
1778089200,28881.5,28897.75,28875.75,28895.5
1778089500,28895.75,28899,28879.75,28883
1778089800,28882.25,28891.75,28877,28885.75
1778090100,28886,28894,28881,28889.5
1778090400,28889,28896.75,28881.25,28885.75
1778090700,28886,28908.25,28885.5,28906.75
1778091000,28906.5,28913.75,28899,28909.75
1778091300,28910.25,28929.5,28909.75,28918.25
1778091600,28918.5,28927.5,28914.5,28918
1778091900,28917.75,28927.25,28912.75,28924
1778092200,28924,28938.25,28914.75,28936.5
1778092500,28936.5,28955.25,28936.25,28945.75
1778092800,28946.25,28952,28938.25,28939.25
1778093100,28939,28946.75,28926.25,28928
1778093400,28928.25,28942,28923.25,28937.5
1778093700,28937,28941.75,28929,28929.75
1778094000,28929.5,28944.5,28927.25,28936.75
1778094300,28936.75,28958,28933,28952.75
1778094600,28953,28969.25,28951.5,28966.75
1778094900,28966.25,28974.75,28962.25,28968.5
1778095200,28968,28984.75,28964.75,28975
1778095500,28975.25,28989.25,28971.75,28983.75
1778095800,28983.5,28983.5,28957,28961.75
1778096100,28961.5,28978.75,28959.5,28977
1778096400,28976.75,28980.75,28958.5,28959.25
1778096700,28958.75,28971.25,28956.25,28959
1778097000,28958.5,28992,28956.5,28985.75
1778097300,28985.25,29015.25,28984.75,28999.75
1778097600,28999.75,29021.5,28991.25,29001.25
1778097900,29001.75,29049.75,29001.5,29048.75
1778098200,29049.25,29089.5,29034.5,29082.5
1778098500,29083.25,29087.5,29074.5,29078.75
1778098800,29079.25,29088,29061,29064.25
1778099100,29063.5,29078.25,29059,29067.25
1778099400,29066.75,29069.25,29024,29031.75
1778099700,29031.25,29037.75,29014.25,29016.5
1778100000,29016.25,29026,29012.75,29014.5
1778100300,29014.5,29016.25,28993.5,29001.25
1778100600,29001.5,29004.5,28987.25,28989
1778100900,28988.25,29004.25,28984,29001.75
1778104800,28952.25,28991.5,28939.5,28966.25
1778105100,28966.75,28972.75,28959.5,28969
1778105400,28970.5,28979.5,28965.75,28973.25
1778105700,28973,28979.5,28969.5,28979
1778106000,28979,28982.75,28952,28960.5
1778106300,28959.5,28969.25,28942.5,28945.75
1778106600,28945.75,28959.75,28941.75,28957.5
1778106900,28957.5,28962.5,28951.25,28952.75
1778107200,28951,28962.25,28950.75,28961
1778107500,28961.5,28967,28957.25,28967
1778107800,28967,28971,28962,28965.25
1778108100,28964.75,28967,28960,28966
1778108400,28966.75,28969.75,28959,28965.25
1778108700,28967,28974,28962,28971
1778109000,28970.5,28984,28970,28972.5
1778109300,28973,28980.5,28966.5,28979.75
1778109600,28979.75,28981.5,28975,28976.5
1778109900,28976.25,28976.25,28961.5,28965.75
1778110200,28965.5,28972.75,28952.5,28969.25
1778110500,28968,28972.25,28963.25,28964.5
1778110800,28963.25,28971.75,28959.5,28962.75
1778111100,28962.5,28975.75,28943.75,28953
1778111400,28953.25,28964.5,28946.75,28963.5
1778111700,28963,28966.25,28954.5,28959.75
1778112000,28959,28984.5,28956,28965.75
1778112300,28964.75,28978.5,28949.25,28959.75
1778112600,28959,28979.25,28956.5,28966.5
1778112900,28967,28971,28944,28946.75
1778113200,28948.5,28951.5,28934,28940.5
1778113500,28939.25,28944,28931.75,28937.25
1778113800,28937.25,28939.5,28929.5,28938
1778114100,28937.25,28946,28937,28943.25
1778114400,28944,28945.5,28926.5,28941.75
1778114700,28942.75,28954,28938.75,28949
1778115000,28949,28953,28943.25,28945.75
1778115300,28944,28955.25,28943.75,28951.5
1778115600,28951,28953.25,28927.75,28932.75
1778115900,28932.5,28941.75,28930.25,28933.5
1778116200,28933.75,28954,28931.5,28947.25
1778116500,28948.25,28959.25,28946,28958.25
1778116800,28958.25,28961.5,28953.25,28958.25
1778117100,28959.5,28962.75,28952.5,28960
1778117400,28958.5,28961.75,28955,28956.25
1778117700,28956.75,28974.5,28956.75,28973.75
1778118000,28973.75,28979.75,28968.75,28976
1778118300,28975.75,28996.25,28975.75,28995
1778118600,28996,29005.5,28991.25,28995.25
1778118900,28995.75,28999,28985.25,28986.5
1778119200,28988,28996.25,28981,28982.25
1778119500,28982,28991.75,28978.25,28980
1778119800,28979.75,28981.5,28942,28944.5
1778120100,28943.75,28955.75,28943.75,28953.5
1778120400,28952.25,28959,28944.5,28956.5
1778120700,28957.5,28975.5,28956.75,28974.5
1778121000,28975.25,28981.25,28957,28973.25
1778121300,28973,28975.75,28962.75,28962.75
1778121600,28963.75,28967.5,28960,28963.25
1778121900,28964.75,28973,28963.25,28972.5
1778122200,28971.75,28978.75,28965.25,28977
1778122500,28975.5,28980.5,28972.25,28976.5
1778122800,28976,28977,28963.25,28971
1778123100,28970.5,28978,28967.75,28974.75
1778123400,28973.75,28975.25,28966.5,28970
1778123700,28969,28983.5,28969,28982.5
1778124000,28982.75,28983,28963.25,28969.5
1778124300,28969,28984.25,28967.25,28978.25
1778124600,28977.5,28982.75,28976.75,28982
1778124900,28981.75,28983.5,28978.5,28980.5
1778125200,28981,28986.5,28980,28985.5
1778125500,28985,28987.5,28982.5,28983.75
1778125800,28983.5,28992,28981.25,28991.25
1778126100,28991.25,28991.75,28977.5,28981.25
1778126400,28981,28984.75,28975.5,28980.25
1778126700,28980.5,28984.25,28979.25,28982.75
1778127000,28982.75,28995,28982.75,28992.75
1778127300,28992.5,28999.5,28990.5,28998
1778127600,28998,29000.5,28993.25,28997.5
1778127900,28997.75,29002.75,28993.75,28997.25
1778128200,28997.25,29003,28993,28993.75
1778128500,28993,28995.75,28987,28989.25
1778128800,28989.25,28996,28989.25,28993.25
1778129100,28993.25,29003,28989.75,28999
1778129400,28999,28999.5,28993,28996.25
1778129700,28995.5,28999.25,28992.5,28994.5
1778130000,28994.25,29004,28992.5,28998.5
1778130300,28998.5,28998.5,28983.75,28986.25
1778130600,28985.75,29002.75,28985.5,29002.25
1778130900,29001.25,29004,28993.75,28993.75
1778131200,28993.5,28996.5,28988,28995.75
1778131500,28994.75,28995.5,28990.25,28993.5
1778131800,28994,29005,28993.5,28999
1778132100,28998.5,29011.25,28997.75,29009.75
1778132400,29010,29017.25,29008.75,29014
1778132700,29013.5,29017.25,29007.25,29009.5
1778133000,29009.25,29015.75,29005.25,29008.25
1778133300,29008.75,29015.5,29006,29009.75
1778133600,29009.5,29021,29005,29007.5
1778133900,29009,29009,28988.75,28997
1778134200,28996.25,28998,28986.5,28986.5
1778134500,28986,29001.25,28984.5,29000.75
1778134800,29000.75,29008,28997.75,29007.5
1778135100,29008.25,29013.5,29000.25,29001.25
1778135400,29000.5,29013.5,28999.5,29011.5
1778135700,29013.5,29019.5,29008.25,29014.75
1778136000,29015.25,29038.25,29011.5,29033
1778136300,29031.75,29032.75,29003,29007.25
1778136600,29008,29025.5,29007.75,29022.25
1778136900,29022.75,29032,29019,29027
1778137200,29026.75,29035,29018,29028.25
1778137500,29029,29066.5,29024.25,29060.25
1778137800,29061.25,29089.5,29053,29087.75
1778138100,29089,29094.75,29041.75,29050
1778138400,29049.5,29061.25,29048.75,29057.75
1778138700,29059.25,29063.5,29051.25,29060.5
1778139000,29060.75,29081,29057.25,29078.25
1778139300,29077.75,29083.75,29074,29082.25
1778139600,29081.75,29088.25,29076.25,29080.75
1778139900,29082.25,29082.25,29057,29063.25
1778140200,29062.75,29073,29055.5,29057.75
1778140500,29060,29075,29060,29067
1778140800,29069,29103.25,29068.5,29102.5
1778141100,29101,29104,29072,29081.5
1778141400,29081,29081.25,29051.75,29058.5
1778141700,29058.5,29060.75,29025.75,29041.25
1778142000,29040.25,29056,29038.75,29053
1778142300,29052.5,29053,29023.25,29036
1778142600,29036.75,29050.25,29034,29035.5
1778142900,29036.25,29053.5,29034,29048.25
1778143200,29048.75,29049.75,29030.75,29031.5
1778143500,29031,29035.5,29018.5,29024
1778143800,29024.75,29043,29022.75,29038.5
1778144100,29039.75,29040,29018.25,29026.25
1778144400,29025.75,29032.5,29011.25,29014.75
1778144700,29016.75,29023.5,29000.5,29019.5
1778145000,29019.5,29028.5,29015,29022.25
1778145300,29023,29041.5,29020.5,29039.75
1778145600,29039.75,29052,29037.5,29037.5
1778145900,29038.75,29039.5,29027.75,29037
1778146200,29038,29043.75,29031,29041
1778146500,29041,29044,29032.25,29033
1778146800,29032.25,29041.5,29028.25,29032.5
1778147100,29032,29052,29031.25,29049.25
1778147400,29049.25,29050.25,29016.5,29019.75
1778147700,29019.25,29020,29011.25,29019.75
1778148000,29019.25,29025.5,29002.25,29005
1778148300,29005.75,29010.25,28995.5,28999.75
1778148600,28998.75,29012,28979.75,29005
1778148900,29006.75,29009.5,28995.75,28997.25
1778149200,28996.25,29020.75,28994,29016.25
1778149500,29017,29019.75,29001.25,29012.5
1778149800,29012,29021.75,29006.5,29013.5
1778150100,29012.5,29025.5,29010,29024.25
1778150400,29025,29032.25,29022.5,29030.75
1778150700,29030.75,29031.75,29023.5,29027.5
1778151000,29027,29032.5,29021.25,29022.25
1778151300,29021.25,29025,29014,29016.5
1778151600,29017.5,29040.5,29017.5,29032
1778151900,29032,29040.25,29024.25,29030.5
1778152200,29031.25,29031.25,29009.5,29010
1778152500,29010,29016.5,29000,29013.5
1778152800,29014.5,29024,29004.75,29022.75
1778153100,29022,29022,29001,29002.25
1778153400,29003.25,29009,28994.75,29007.25
1778153700,29008.5,29025.25,29008.5,29020
1778154000,29019.25,29029.75,29019,29021.5
1778154300,29020.5,29026,29002,29006.25
1778154600,29006.5,29019.75,29003.25,29019.5
1778154900,29019.5,29028.5,29017.25,29021.5
1778155200,29021.75,29021.75,29006.5,29015.75
1778155500,29014,29025.75,29007.25,29024
1778155800,29025.5,29035.75,29020.5,29031.25
1778156100,29029.75,29031.75,29015.75,29018.75
1778156400,29018.25,29028,29008,29017
1778156700,29016.5,29030.75,29013.5,29030
1778157000,29029.5,29034.5,29018.75,29031.75
1778157300,29032.5,29046.75,29032.25,29046.5
1778157600,29046.5,29049,29033.5,29042.75
1778157900,29043.25,29050.25,29037,29046.75
1778158200,29048.25,29049,29030.75,29033
1778158500,29032.5,29045.25,29028.25,29044.75
1778158800,29044.75,29044.75,29020.5,29029.75
1778159100,29029.25,29032.5,29017,29023.25
1778159400,29023.25,29033.5,29016.75,29032.75
1778159700,29032.5,29044.5,29029.75,29043.5
1778160000,29044,29047.5,29036.75,29042
1778160300,29042.75,29053.5,29032.75,29039.75
1778160600,29039.5,29059,29010.25,29050.25
1778160900,29049.5,29067,29031.75,29062.75
1778161200,29062.75,29072,29023.5,29031.5
1778161500,29031,29037.5,28997.5,29020.75
1778161800,29022,29078.25,29014.5,29075.25
1778162100,29077,29092.5,29060,29071
1778162400,29071,29099.5,29068.5,29099.25
1778162700,29098.75,29128.5,29085.75,29122
1778163000,29123,29138.25,29115.5,29126.5
1778163300,29126.25,29147.25,29112,29134.75
1778163600,29135,29192,29134.5,29153.25
1778163900,29153.75,29184.75,29152.25,29163.5
1778164200,29163.75,29170,29149.75,29157.5
1778164500,29158.25,29196,29155.75,29193.5
1778164800,29194,29204.5,29178.75,29188.75
1778165100,29188.75,29207.75,29159.75,29171.5
1778165400,29171.5,29214.5,29168.5,29211
1778165700,29210.75,29234.25,29208.75,29217.5
1778166000,29218,29220,29183,29188.75
1778166300,29188,29188.75,29136.5,29171.5
1778166600,29172.25,29179,29142.5,29152
1778166900,29152.25,29172.5,29150,29158.75
1778167200,29159.25,29168.75,29137.25,29149
1778167500,29147.25,29163.5,29113.25,29143.25
1778167800,29144,29180.25,29140,29178
1778168100,29177.5,29186,29164.25,29170.75
1778168400,29170.75,29181.5,29154,29169.5
1778168700,29169,29176.5,29136,29139.25
1778169000,29139.5,29140.5,29107.75,29126.5
1778169300,29126.5,29129,29062.25,29073.75
1778169600,29075,29077.75,29041,29048
1778169900,29047,29048,29008.5,29036.25
1778170200,29036.5,29037.5,28981.5,28989.5
1778170500,28990,28990,28926.5,28948.5
1778170800,28948.5,29004.25,28937,29000.5
1778171100,29000.25,29037.75,28999.75,29030
1778171400,29030,29065.75,29020.75,29052.25
1778171700,29052.5,29054.5,29002.5,29005.75
1778172000,29005.25,29034.25,28995.75,29015.25
1778172300,29015.25,29024.75,28995,29001.25
1778172600,29002.75,29011,28973.75,29003
1778172900,29003.5,29011.75,28950.5,28986.25
1778173200,28987,28999.5,28968.25,28977.75
1778173500,28978.5,29003,28964.25,28973
1778173800,28973.5,28978,28942.75,28958.5
1778174100,28957.5,28957.5,28907.5,28915.5
1778174400,28915.25,28973,28901,28965
1778174700,28965.5,28988.25,28841.5,28897.75
1778175000,28898,28936,28880,28925
1778175300,28926,28967,28911.75,28959
1778175600,28958.5,28978.25,28926.25,28935
1778175900,28935,28944,28906.5,28916.75
1778176200,28916,28929,28894.5,28917
1778176500,28918,28995.25,28914,28986
1778176800,28986.25,28992.25,28961.5,28977.75
1778177100,28978.25,29011,28949.5,28959
1778177400,28958.25,28979.25,28943.5,28966.75
1778177700,28968.75,28997,28962.5,28976.75
1778178000,28975.75,28983.75,28949.25,28953.25
1778178300,28953.5,28958.5,28932,28943.5
1778178600,28943.75,28978,28940.5,28972.75
1778178900,28973.5,28980.5,28935,28957.25
1778179200,28958,28959.75,28883.75,28899.5
1778179500,28898,28920.75,28874,28889
1778179800,28889.25,28909.5,28872.25,28896.75
1778180100,28896.25,28938.25,28881.5,28934.25
1778180400,28934.5,28942.25,28908.5,28920.5
1778180700,28921.5,28931.75,28905.5,28914.5
1778181000,28914,28952.75,28908,28942.25
1778181300,28942.75,28946.75,28892.75,28907.75
1778181600,28907.25,28913.75,28883.5,28889.5
1778181900,28889.25,28915.75,28876.25,28901
1778182200,28901.25,28937.25,28898.25,28932.5
1778182500,28933.25,28967.75,28929.75,28963.75
1778182800,28963.5,28974.75,28952.5,28968.5
1778183100,28969,28976.5,28952.25,28963.5
1778183400,28963.5,28998.25,28937.5,28950.5
1778183700,28951.25,28984,28944.5,28973.75
1778184000,28973.75,29055.75,28941.75,29033.5
1778184300,29033.75,29037,28993.75,28996
1778184600,28996.75,29005,28989.5,29001
1778184900,29001,29014.75,28992.5,28998.25
1778185200,28998.75,29011.5,28998,29004
1778185500,29004,29011.75,28998,29000
1778185800,29000.5,29010,28984.5,28998.25
1778186100,28998,29003.25,28926.75,28933.5
1778186400,28933,28970,28926,28963
1778186700,28962.25,28978,28938.5,28949
1778187000,28950.5,28956.75,28933.75,28939
1778187300,28939,28946,28922.5,28933.5
1778191200,28871.5,28905.5,28830.5,28899.25
1778191500,28899.25,28905.75,28892,28898.5
1778191800,28898.75,28932.75,28891.75,28916.75
1778192100,28916.25,28956,28906,28930.75
1778192400,28932.25,28960.25,28929.25,28957.5
1778192700,28957.5,28959.5,28944,28948.5
1778193000,28951.5,28952.75,28896.25,28911
1778193300,28914.75,28929.25,28901,28917.25
1778193600,28916,28919.5,28905.25,28911
1778193900,28912.25,28916,28904,28908.5
1778194200,28907.5,28909.25,28896.25,28898
1778194500,28898.5,28907.5,28891.75,28904
1778194800,28904.75,28918.5,28897.25,28912.25
1778195100,28910,28920.5,28906.5,28920.25
1778195400,28920.75,28931.25,28915.25,28917.5
1778195700,28918.75,28920.5,28915,28917
1778196000,28917.5,28931.5,28917.5,28928.25
1778196300,28927,28938.5,28927,28934
1778196600,28935.5,28937.75,28927.75,28932.5
1778196900,28931.75,28935,28925.75,28932
1778197200,28931.5,28944.25,28929.5,28943.5
1778197500,28944,28950.25,28935.5,28949.5
1778197800,28948.25,28960,28948,28957.75
1778198100,28957.25,28969.25,28955.25,28969
1778198400,28969.25,28989.25,28969.25,28983
1778198700,28985,29021.25,28983,29011.25
1778199000,29010.5,29015.5,28996,29009
1778199300,29006.5,29012.5,28982.5,28994.75
1778199600,28993.25,29009.75,28985.25,29009.25
1778199900,29009.25,29014.75,28992.25,29000.25
1778200200,28999.75,29016.5,28998,29012.5
1778200500,29013.5,29024,29009.5,29017
1778200800,29018.25,29030.75,29018.25,29024.25
1778201100,29024.75,29027.25,29003,29007.5
1778201400,29007.5,29019.75,29005,29016.25
1778201700,29016.5,29037,29015.75,29034.25
1778202000,29034.25,29049,29033.5,29042.5
1778202300,29041.25,29059.5,29041,29049.75
1778202600,29047.75,29057.75,29045.75,29057.25
1778202900,29056.25,29059,29046.75,29057
1778203200,29056.25,29071.75,29055.5,29066
1778203500,29066.25,29070.75,29061,29061.25
1778203800,29062,29065.25,29055,29064.25
1778204100,29063.5,29066.75,29054.25,29063
1778204400,29063.75,29065.25,29054.25,29058.5
1778204700,29059.25,29069.5,29054.5,29064.75
1778205000,29064.25,29065.5,29048.5,29049.25
1778205300,29049.75,29054,29047.5,29050
1778205600,29050.5,29052,29039.25,29049
1778205900,29048.25,29053.5,29043.75,29050.25
1778206200,29050.5,29051.5,29039.25,29044.25
1778206500,29043.5,29044.5,29027.75,29030.25
1778206800,29030.5,29036.5,29017.25,29032
1778207100,29030,29038.75,29027,29034
1778207400,29033.5,29043.5,29028.25,29043.5
1778207700,29043,29044.5,28999,29013.75
1778208000,29013.75,29035.5,29011,29028.5
1778208300,29028.25,29062.75,29028,29058.75
1778208600,29060,29062.25,29044,29045.25
1778208900,29045.5,29051.25,29036,29037
1778209200,29037.75,29043.5,29033.5,29040
1778209500,29041.25,29043,29033.5,29040.5
1778209800,29040.75,29050,29039.25,29041
1778210100,29042.5,29045.5,29036,29037.25
1778210400,29036.75,29044.25,29033.25,29044.25
1778210700,29044.25,29048.75,29041.5,29042.5
1778211000,29042,29060.25,29041.25,29056
1778211300,29056.5,29058.75,29039.75,29043.25
1778211600,29043,29049,29037.75,29047.5
1778211900,29048,29051,29043.75,29048.5
1778212200,29048,29059,29043.75,29054.25
1778212500,29053.5,29066.25,29053.5,29063.25
1778212800,29063.25,29063.25,29053.25,29060.25
1778213100,29060.75,29071,29057.5,29071
1778213400,29070.25,29075.25,29060.75,29061.75
1778213700,29062,29070,29049.5,29063.75
1778214000,29064,29068.5,29061.75,29064.5
1778214300,29065,29065.25,29055.5,29063.75
1778214600,29064,29067.5,29061.25,29062.25
1778214900,29061.25,29062.25,29057,29059.5
1778215200,29059.75,29059.75,29047.75,29053.75
1778215500,29053.25,29065.5,29050.75,29064.75
1778215800,29064.25,29085.5,29062.5,29083.25
1778216100,29084,29084.25,29067.75,29068.5
1778216400,29069.75,29084.5,29069.75,29083
1778216700,29083,29083,29073.75,29073.75
1778217000,29072.5,29078.75,29068.75,29077
1778217300,29077,29083.75,29075.5,29083.25
1778217600,29082.5,29089.5,29082.5,29086.5
1778217900,29086.5,29089,29082,29086
1778218200,29086.5,29119,29086.5,29102.25
1778218500,29099.75,29104.5,29093.75,29096.25
1778218800,29094.75,29102,29090.25,29100.75
1778219100,29099.75,29105,29095,29096
1778219400,29096.75,29099,29092.25,29098.75
1778219700,29100.5,29102.75,29094,29094
1778220000,29093.25,29105,29073,29102.5
1778220300,29103.75,29111.75,29098.25,29109.5
1778220600,29110.25,29113.5,29103.25,29103.25
1778220900,29103.75,29111.5,29101.5,29106.75
1778221200,29106.75,29109.75,29096.5,29104.25
1778221500,29104.25,29122.5,29100.75,29115.75
1778221800,29116.75,29120,29101.75,29105
1778222100,29105,29112.75,29099.75,29112.5
1778222400,29113,29119.25,29108.25,29116.75
1778222700,29115.5,29116.5,29104,29110
1778223000,29110.5,29120.5,29110.5,29115.5
1778223300,29115.25,29128,29113.25,29125.75
1778223600,29125,29125,29101,29110.75
1778223900,29110.75,29117.75,29101.75,29116.25
1778224200,29115.25,29126.5,29093,29100
1778224500,29100.75,29117,29098.75,29114.5
1778224800,29112.75,29123.5,29108,29111.25
1778225100,29112,29115.25,29101.5,29114
1778225400,29113.75,29117,29100.25,29103.75
1778225700,29103.75,29118.5,29101,29114.75
1778226000,29116.25,29118,29104.75,29111.75
1778226300,29113,29122,29110.75,29116
1778226600,29118,29120.75,29104.5,29113.5
1778226900,29115,29122.75,29113.5,29117.5
1778227200,29117.25,29137,29113.75,29134.75
1778227500,29135.75,29142.5,29124,29139.5
1778227800,29140.25,29158.5,29137.25,29137.25
1778228100,29137.25,29145.5,29135.25,29141.25
1778228400,29141.5,29156.5,29141.5,29146.75
1778228700,29147.25,29150.25,29142,29148.5
1778229000,29147.75,29155,29147.5,29151.25
1778229300,29153,29156,29144,29147
1778229600,29146.25,29147,29133.75,29136.75
1778229900,29135.5,29152.25,29132.25,29146.75
1778230200,29146,29149.75,29139.25,29142.5
1778230500,29142.25,29151.5,29140.25,29151.5
1778230800,29152.5,29165.25,29150,29163.5
1778231100,29163.5,29176.75,29163.25,29174.75
1778231400,29175,29179.5,29172.5,29172.5
1778231700,29172.25,29176,29166.25,29173.75
1778232000,29175.25,29184.5,29174,29181.25
1778232300,29182,29186.5,29177.5,29177.75
1778232600,29177.75,29178.5,29158.75,29163.25
1778232900,29163.75,29163.75,29149.25,29154.5
1778233200,29154,29154,29145.25,29147.5
1778233500,29147.5,29150.75,29129.5,29135
1778233800,29135.5,29136,29121,29131.75
1778234100,29132.75,29144.75,29124.25,29141.75
1778234400,29141,29153.75,29140.75,29149.5
1778234700,29148.75,29154.25,29145.5,29147.25
1778235000,29146.5,29153.25,29142.25,29145.25
1778235300,29146,29161.25,29146,29154.25
1778235600,29155,29166,29154,29161.5
1778235900,29162,29169.25,29156.75,29158.75
1778236200,29158,29166.5,29155,29164
1778236500,29162.5,29174.25,29158.75,29172
1778236800,29170.75,29179.5,29169,29169.5
1778237100,29169.5,29169.5,29155,29162.75
1778237400,29162.75,29163.75,29151.75,29155.75
1778237700,29155.25,29156,29130.75,29153
1778238000,29153.5,29168.75,29153.5,29165.5
1778238300,29166.5,29175,29161.75,29168.5
1778238600,29169.25,29173,29158,29171.25
1778238900,29170.75,29175.25,29162.5,29164
1778239200,29166.25,29177.5,29162,29176.5
1778239500,29176,29184.75,29175.75,29181.75
1778239800,29182.75,29188.5,29178,29179.75
1778240100,29180,29186.25,29179.75,29184.25
1778240400,29183.5,29190,29180,29184.25
1778240700,29183.75,29201.25,29183.75,29199.25
1778241000,29199.25,29204.5,29195.25,29201.75
1778241300,29202.25,29203.25,29187,29188
1778241600,29187.25,29193,29180.25,29183
1778241900,29182.5,29189,29180.5,29185.5
1778242200,29185.25,29189.5,29170.75,29176
1778242500,29176,29185.25,29170.25,29180
1778242800,29179.5,29179.5,29166.5,29172
1778243100,29172,29195.75,29167,29195.75
1778243400,29189.75,29232.5,29179.5,29224.25
1778243700,29224.5,29263.5,29224.5,29242
1778244000,29241.75,29265.5,29237.5,29250.5
1778244300,29251,29251.5,29219.25,29221.5
1778244600,29221,29225,29206.25,29212.25
1778244900,29212.5,29227.75,29187.5,29201.75
1778245200,29201,29217.5,29190.75,29199
1778245500,29199.25,29202.5,29169.5,29185.25
1778245800,29185.25,29188,29152.25,29168.5
1778246100,29168.5,29183,29156,29169.25
1778246400,29170,29181,29162.25,29177.5
1778246700,29177,29181.5,29153,29166.25
1778247000,29168,29259.5,29149,29253
1778247300,29253,29272.5,29238.5,29254.75
1778247600,29255.5,29287.5,29231,29286.5
1778247900,29286.75,29364.5,29286.25,29355.75
1778248200,29356,29374.75,29331.25,29350
1778248500,29349.25,29400.75,29335,29396.75
1778248800,29396,29418.5,29370.75,29405.5
1778249100,29405.25,29412.5,29379.5,29399
1778249400,29398.25,29402.5,29365,29390.25
1778249700,29389.25,29408,29377,29403.75
1778250000,29403.75,29439.5,29398.5,29439.25
1778250300,29438.75,29455.5,29393.25,29400.75
1778250600,29400.5,29411.5,29367.5,29408
1778250900,29407.75,29409,29363,29406.5
1778251200,29406.25,29427.5,29385.75,29427
1778251500,29426.75,29445.75,29414.5,29436.75
1778251800,29436.25,29449,29422.25,29446.75
1778252100,29447,29464.75,29441.5,29451.5
1778252400,29451.75,29473.5,29448.25,29457.75
1778252700,29458.25,29477,29449.25,29450.75
1778253000,29450.75,29469,29436.5,29445
1778253300,29444.25,29447.5,29414.25,29435.75
1778253600,29436.25,29474,29430.75,29456.25
1778253900,29456,29474.5,29453,29473.25
1778254200,29473.25,29478.5,29442.75,29476
1778254500,29476.25,29506,29474.25,29494
1778254800,29493.25,29500,29458.75,29473.25
1778255100,29474.5,29507.25,29466,29495
1778255400,29495.25,29498.5,29474.25,29494
1778255700,29494.25,29499,29475.75,29481
1778256000,29480.5,29500.5,29479.75,29487.5
1778256300,29488,29500,29480.25,29489.5
1778256600,29489.75,29516.5,29483.75,29508.5
1778256900,29508,29513.25,29499.5,29500.25
1778257200,29500.25,29518.75,29499.5,29514.5
1778257500,29514.25,29534.25,29513,29531.25
1778257800,29531,29533,29520.75,29524.5
1778258100,29524.75,29526.75,29503.25,29525.25
1778258400,29525,29527,29485,29487.5
1778258700,29487.25,29529,29486.25,29529
1778259000,29528.75,29537.25,29512.25,29527
1778259300,29527,29536.75,29524.5,29530.5
1778259600,29530.75,29579,29524.5,29576.25
1778259900,29575.75,29585.75,29554.5,29582.25
1778260200,29583,29585.25,29569.25,29573.5
1778260500,29573.25,29586.25,29571.75,29580.75
1778260800,29580,29600,29573.75,29595
1778261100,29595.25,29606.25,29586.25,29595.25
1778261400,29595,29601.5,29584.5,29595.5
1778261700,29595.75,29607,29581,29584.75
1778262000,29584,29587.5,29566,29569
1778262300,29569.25,29587.5,29558.5,29560.75
1778262600,29561,29568,29544.25,29567
1778262900,29567.5,29576.5,29553,29553.75
1778263200,29553.75,29595,29549,29571.5
1778263500,29571.75,29584,29559.5,29562.75
1778263800,29563,29579.75,29554,29578.25
1778264100,29578,29584.25,29559.75,29561.25
1778264400,29561.25,29578.5,29560,29578.5
1778264700,29578.25,29581,29570.75,29576.25
1778265000,29575.75,29582.25,29572.5,29575
1778265300,29574.75,29579.25,29564.75,29567.5
1778265600,29566.5,29578,29557.25,29563.25
1778265900,29564.25,29564.25,29550,29557.75
1778266200,29558.25,29570.25,29546.5,29553.25
1778266500,29554.25,29554.75,29527.25,29530
1778266800,29530,29558.25,29528,29555
1778267100,29554.75,29592.75,29550.25,29584.25
1778267400,29583.5,29593.5,29579,29583.75
1778267700,29584,29595.5,29580.75,29591.75
1778268000,29591.75,29594.75,29570.25,29575.25
1778268300,29575,29581.25,29550.5,29551.5
1778268600,29551.5,29572.75,29545.75,29566
1778268900,29566.25,29582,29560.25,29579.75
1778269200,29580.25,29593.25,29578.25,29590
1778269500,29590.25,29603.25,29584.25,29595
1778269800,29594.5,29620.75,29588,29617
1778270100,29617,29630.5,29603.75,29629.25
1778270400,29629,29676.25,29622.75,29645.5
1778270700,29646,29650.5,29640,29641.25
1778271000,29640.75,29641.5,29630.5,29633.25
1778271300,29633.25,29642,29622.75,29624.75
1778271600,29624.5,29638.25,29621,29633.25
1778271900,29632.5,29635.5,29625.75,29633.25
1778272200,29633,29635.5,29625.25,29632.25
1778272500,29631.75,29636.25,29629.25,29631.5
1778272800,29631,29634,29628.75,29630.5
1778273100,29629.75,29638.25,29629.25,29632.75
1778273400,29632.75,29634,29626,29627.5
1778273700,29627.25,29627.25,29619.75,29623.25
1778450400,29583.5,29609.5,29539.5,29550
1778450700,29549.25,29573.75,29543.25,29571.5
1778451000,29571.25,29576.75,29556,29560.75
1778451300,29563.75,29565.75,29515.25,29540
1778451600,29540,29549.5,29528,29546.75
1778451900,29547,29563.25,29547,29562.25
1778452200,29563.5,29567,29555,29558.5
1778452500,29557.25,29558.5,29543.25,29552.75
1778452800,29551.5,29559.75,29545.25,29559
1778453100,29558.5,29574.5,29556.25,29573
1778453400,29572,29579.25,29563.75,29569.25
1778453700,29568.75,29588.75,29567.75,29584
1778454000,29583.25,29599.5,29580,29595.5
1778454300,29595.25,29624.75,29595,29623.75
1778454600,29623.25,29631.5,29608,29611
1778454900,29611,29630.75,29610,29627.5
1778455200,29627.25,29635.75,29619,29622.75
1778455500,29623,29626.75,29588.75,29593.5
1778455800,29592.75,29601.5,29580.5,29589.75
1778456100,29591.25,29595.75,29583.75,29587.75
1778456400,29587.5,29603.5,29584.5,29599.5
1778456700,29599.75,29606.75,29585.5,29601.25
1778457000,29600.5,29602.25,29592,29593.5
1778457300,29593,29599.25,29586.25,29594.5
1778457600,29594,29623.75,29593,29622
1778457900,29623.75,29660.25,29623.75,29657.25
1778458200,29656.5,29663.25,29651.5,29658.75
1778458500,29659,29659,29636.5,29651.5
1778458800,29651.25,29671,29650.25,29670.75
1778459100,29670,29684.5,29653.75,29677.25
1778459400,29677,29688.75,29677,29688
1778459700,29688,29689.25,29671.75,29674
1778460000,29675.25,29686.5,29673.75,29677.5
1778460300,29677.25,29679.25,29653.75,29657.5
1778460600,29657.25,29657.5,29567.5,29586.5
1778460900,29587.25,29592.5,29554.25,29585.25
1778461200,29584.5,29585.5,29541,29546
1778461500,29547,29574.25,29534.5,29574.25
1778461800,29574.25,29595,29565,29584.25
1778462100,29585,29622.75,29567.5,29622.75
1778462400,29622.5,29630,29603.75,29617.75
1778462700,29618,29624.75,29606.5,29607
1778463000,29606.5,29615.75,29592.5,29603.75
1778463300,29603.25,29623,29597.5,29618.75
1778463600,29620.25,29626.5,29615.5,29620.75
1778463900,29621.75,29640.25,29614.25,29640
1778464200,29640.5,29642.5,29621,29632.75
1778464500,29633,29635.25,29617,29628.75
1778464800,29628.25,29647.5,29627.5,29637.25
1778465100,29637.25,29639.5,29614.5,29614.5
1778465400,29614.75,29630.5,29612,29629.5
1778465700,29629.75,29633.5,29615.5,29621.25
1778466000,29622,29628,29620,29628
1778466300,29627.75,29643.25,29625.5,29639.5
1778466600,29639.5,29650.5,29616.25,29626.5
1778466900,29627.75,29640.75,29626.5,29637.25
1778467200,29636.75,29642.25,29632,29640.75
1778467500,29641.5,29643.75,29630.25,29633.75
1778467800,29633.25,29645.25,29630.75,29644.25
1778468100,29644.75,29646.5,29625.75,29626.75
1778468400,29627,29630,29607,29623.25
1778468700,29624,29627.25,29600.25,29619
1778469000,29618.5,29623.25,29609.75,29612.5
1778469300,29612.5,29616.75,29604.75,29613
1778469600,29613,29624.5,29607,29612
1778469900,29612.5,29631,29611,29628.75
1778470200,29629.75,29637.75,29614.25,29620
1778470500,29620,29621.75,29612.25,29618.25
1778470800,29618.25,29636,29617.75,29634.75
1778471100,29633.75,29635.25,29624.75,29624.75
1778471400,29625,29625.5,29617.75,29621.25
1778471700,29621.5,29624.5,29611.5,29614.25
1778472000,29613.75,29615.75,29602,29607.75
1778472300,29609,29612.25,29588.5,29594.75
1778472600,29594.5,29600.75,29582.5,29599
1778472900,29597.75,29614,29597.75,29608.75
1778473200,29609.5,29617.25,29608,29615.25
1778473500,29615,29626,29615,29620.25
1778473800,29621.5,29625,29619.75,29622
1778474100,29622,29627.5,29617.5,29622
1778474400,29621.75,29625.25,29619.5,29623.5
1778474700,29623.75,29626.5,29619.25,29620.75
1778475000,29621,29631.75,29620.5,29631.75
1778475300,29631.25,29633.75,29627.75,29631.75
1778475600,29631.75,29637,29626,29633.75
1778475900,29632.5,29635.25,29620.5,29624.5
1778476200,29622.75,29629.25,29621.5,29626
1778476500,29626.25,29636.5,29618.75,29632.25
1778476800,29631.25,29645.75,29627.5,29632.5
1778477100,29632,29635.75,29621,29631.75
1778477400,29631.5,29640.25,29630,29639.75
1778477700,29640.75,29642.75,29622.75,29627
1778478000,29628,29631.5,29607.75,29611.75
1778478300,29609.25,29618.75,29607,29616.25
1778478600,29616.5,29622.25,29615,29618.75
1778478900,29618.25,29622.5,29611.25,29611.25
1778479200,29611,29618.5,29610,29616
1778479500,29616.5,29627.25,29613.5,29622
1778479800,29623.75,29635.25,29623.5,29628
1778480100,29628.25,29628.25,29612.75,29619.5
1778480400,29619.5,29638.25,29618,29636
1778480700,29637,29643.5,29629.5,29635.25
1778481000,29633.25,29637.75,29610.75,29618.75
1778481300,29618.75,29619.75,29605.75,29612.25
1778481600,29612.75,29612.75,29600.75,29606
1778481900,29605.25,29605.75,29591.5,29593.5
1778482200,29595.5,29605.25,29589.75,29602.75
1778482500,29603.75,29615,29602,29611
1778482800,29611.5,29615.25,29599.75,29610.75
1778483100,29609.25,29614.25,29590.5,29592.25
1778483400,29592,29599.75,29585.5,29587.75
1778483700,29588.5,29594.75,29577,29583
1778484000,29583.25,29603,29581.25,29602
1778484300,29601.75,29611.75,29594.75,29601.25
1778484600,29602.25,29607.5,29592,29597.25
1778484900,29597.75,29601.75,29589.5,29601.75
1778485200,29601.75,29619.5,29600.25,29601.25
1778485500,29601.75,29613,29601.5,29610
1778485800,29610.25,29615.5,29605.25,29611.5
1778486100,29611.75,29612,29600,29612
1778486400,29612,29618.75,29595.5,29611
1778486700,29612.5,29620.25,29565.25,29567.75
1778487000,29568.5,29580.5,29558.25,29567.75
1778487300,29569.5,29594.75,29569.25,29593
1778487600,29592.25,29604,29587.5,29595.75
1778487900,29595.25,29601.25,29556.5,29556.5
1778488200,29557.25,29576.75,29553.75,29568.25
1778488500,29569.75,29571.25,29552.75,29565.25
1778488800,29566.5,29583.25,29562.75,29581.25
1778489100,29581.5,29591.5,29578.75,29591.5
1778489400,29591.5,29601.75,29588,29599.5
1778489700,29599,29605.25,29587.5,29587.5
1778490000,29586.5,29607.25,29584.5,29603.25
1778490300,29603.25,29621.25,29603.25,29608.25
1778490600,29611,29611.25,29596,29604.75
1778490900,29604.25,29609.25,29600.75,29604.75
1778491200,29604.5,29626,29604.5,29618
1778491500,29617.75,29618.25,29604.75,29609.75
1778491800,29609,29629.75,29609,29621.5
1778492100,29621.5,29623.75,29611.5,29613.5
1778492400,29613.75,29631.75,29612.75,29628.5
1778492700,29629.25,29655.5,29627.75,29643
1778493000,29642.25,29643.25,29622,29627.5
1778493300,29626.75,29630,29604.5,29605
1778493600,29604.75,29623,29601.75,29603.25
1778493900,29603.75,29611.75,29599.25,29608.75
1778494200,29608,29615.25,29598,29604
1778494500,29601,29604.25,29592.5,29593.5
1778494800,29592.25,29601.25,29587.25,29597
1778495100,29596.25,29607.5,29595.5,29602.25
1778495400,29602.75,29604.5,29593,29594.75
1778495700,29593.5,29598,29581,29586.5
1778496000,29586.75,29593.25,29581.5,29591
1778496300,29591.5,29592.5,29578.75,29591.75
1778496600,29592.25,29602.25,29590,29596.25
1778496900,29596.5,29596.5,29588.75,29590.75
1778497200,29591,29624.5,29590.25,29614.75
1778497500,29615.5,29628.25,29615,29627.25
1778497800,29628,29632.5,29615,29631
1778498100,29631,29639,29623.75,29637.5
1778498400,29638.75,29659.25,29638.75,29651.75
1778498700,29652,29667.25,29646.25,29661.75
1778499000,29662.75,29678.5,29653.25,29656.75
1778499300,29657.5,29668.5,29645.75,29651.75
1778499600,29651.25,29652.5,29634.75,29636.5
1778499900,29637.25,29637.5,29621.75,29631
1778500200,29631.75,29635.75,29613.75,29623.5
1778500500,29623.5,29639.5,29623.5,29637.25
1778500800,29638.5,29642.75,29612.5,29613.5
1778501100,29613.5,29617.75,29589.75,29595.25
1778501400,29595.25,29599,29586.25,29590.5
1778501700,29590.5,29607,29581.5,29582.5
1778502000,29582.25,29588.25,29567.5,29585.25
1778502300,29586,29598,29571.25,29597.25
1778502600,29596.5,29604.5,29587.75,29594.75
1778502900,29595.5,29603.25,29577,29583.25
1778503200,29582.5,29588,29559.75,29560.5
1778503500,29560.75,29586.75,29548.75,29570.25
1778503800,29569.75,29583,29566.75,29578.75
1778504100,29579,29587.75,29569.75,29587.25
1778504400,29586.5,29599,29574.5,29593.25
1778504700,29591.75,29597,29584.5,29590.5
1778505000,29589.75,29603,29589.5,29596.75
1778505300,29596.75,29598,29579.75,29582
1778505600,29582.75,29599.25,29582.25,29593.25
1778505900,29593.25,29597.75,29571.25,29594.75
1778506200,29594.75,29724.25,29571,29716.25
1778506500,29715.5,29716.5,29621.75,29662.5
1778506800,29662.5,29693.25,29641.5,29688.75
1778507100,29689.25,29703.5,29650,29654.5
1778507400,29654.75,29672.75,29611.5,29620.25
1778507700,29619.25,29633.25,29590.25,29599.75
1778508000,29600.75,29653.5,29597.25,29635.25
1778508300,29635,29679,29634.5,29664.75
1778508600,29665.5,29694.5,29640.75,29690
1778508900,29690,29707.25,29672.25,29697.25
1778509200,29697.5,29700,29674,29677.75
1778509500,29677.75,29684.75,29564,29574.5
1778509800,29575.75,29608.5,29536.25,29604.75
1778510100,29604.5,29649.5,29592,29645.5
1778510400,29646.25,29663.5,29634.75,29654.5
1778510700,29655,29674.5,29646.75,29670.25
1778511000,29670,29700.5,29659,29699.25
1778511300,29699.5,29701.75,29671.25,29681
1778511600,29680.25,29693,29664.75,29685.25
1778511900,29684.25,29697.75,29670.25,29696.75
1778512200,29697,29698,29651.75,29658.5
1778512500,29659.75,29684.5,29649.25,29671
1778512800,29671,29696.5,29661.25,29695.75
1778513100,29696,29719,29692.5,29716.5
1778513400,29716.5,29733,29699.25,29710
1778513700,29710.25,29715.75,29695.25,29713.5
1778514000,29714,29731.5,29700.25,29710.75
1778514300,29709.75,29734.25,29705.75,29729.75
1778514600,29729.25,29755,29719.75,29752.5
1778514900,29753.25,29764.75,29742,29754.75
1778515200,29754.75,29767.75,29745.75,29763
1778515500,29763,29769,29756.75,29766.75
1778515800,29767,29769.5,29760.5,29768.75
1778516100,29769,29769.25,29740.5,29744.75
1778516400,29745.25,29754.75,29735.75,29748
1778516700,29746.75,29759,29746.75,29754.5
1778517000,29754,29767,29751,29754.75
1778517300,29754.5,29758,29725.75,29727.5
1778517600,29727,29729.25,29658.5,29704
1778517900,29703,29720.5,29695.5,29699.75
1778518200,29700.75,29712.75,29688,29697.5
1778518500,29697.5,29705.5,29685.5,29694.5
1778518800,29694,29718.5,29694,29715.25
1778519100,29715.25,29722,29696.25,29708.5
1778519400,29708.5,29709.5,29672.25,29679.75
1778519700,29679,29690,29666.75,29676.75
1778520000,29678.5,29712.5,29674.5,29709
1778520300,29709.75,29730.5,29706,29726.25
1778520600,29725.75,29743,29725,29738
1778520900,29737.75,29763.5,29733.5,29749.5
1778521200,29750.25,29761.5,29745.25,29757
1778521500,29758,29766,29746.75,29748.75
1778521800,29748,29758.5,29743,29745
1778522100,29744.5,29753,29729.25,29731
1778522400,29731.5,29753.5,29730.25,29748.5
1778522700,29748.75,29764.5,29745.75,29763.5
1778523000,29763.75,29764.5,29750.75,29753.75
1778523300,29752.75,29758.5,29746.75,29752
1778523600,29752.5,29759,29737.75,29754.5
1778523900,29754.25,29764.5,29752.25,29761.5
1778524200,29761.25,29761.25,29744.25,29746
1778524500,29746.25,29760.75,29736.25,29738.75
1778524800,29738,29743.5,29726.5,29736
1778525100,29735.75,29740,29721.25,29729
1778525400,29729.25,29741.5,29719.75,29725.25
1778525700,29725,29733.5,29675.5,29677.25
1778526000,29678.25,29693.5,29666.5,29669
1778526300,29669.25,29716.75,29665.5,29714.25
1778526600,29714,29724,29699.5,29705.5
1778526900,29705.75,29709,29683,29698.25
1778527200,29697.75,29702,29672.25,29675.75
1778527500,29676.25,29683,29660.75,29671.5
1778527800,29671.25,29698,29665.25,29676.25
1778528100,29677,29683.25,29661,29679
1778528400,29679.75,29688.25,29663,29671.75
1778528700,29671.5,29695.25,29666,29691.75
1778529000,29691,29720,29684,29708
1778529300,29708.5,29721.25,29703,29718.75
1778529600,29718,29719.5,29692.75,29694.75
1778529900,29695,29695.5,29682.25,29691
1778530200,29690.5,29696.5,29604.25,29680.5
1778530500,29680.5,29694,29671.5,29690.75
1778530800,29690.75,29690.75,29665.75,29665.75
1778531100,29666,29689.5,29665.75,29688.75
1778531400,29687.75,29702.5,29687.75,29696.5
1778531700,29697,29698,29691.25,29695
1778532000,29694.5,29694.5,29687.25,29691.5
1778532300,29691.5,29692.75,29686.5,29689.75
1778532600,29689.25,29695.75,29679,29693.5
1778532900,29693.25,29693.5,29684.75,29689.5
1778536800,29688.5,29716.5,29687.5,29712.75
1778537100,29712.75,29714.75,29705.5,29707
1778537400,29707.5,29719.5,29706.75,29717
1778537700,29717,29721.75,29713.5,29717.5
1778538000,29718.5,29727.5,29717.5,29722.5
1778538300,29723.25,29725.5,29721,29725
1778538600,29724,29733,29722.5,29728.25
1778538900,29728.5,29736.5,29727.75,29736.5
1778539200,29735.25,29741.75,29734,29739.75
1778539500,29739.5,29745.25,29739.5,29739.75
1778539800,29739.5,29743.25,29737.25,29738.5
1778540100,29738.25,29741.25,29729.25,29734
1778540400,29736,29738.5,29734,29734.5
1778540700,29735.75,29736.5,29731.5,29732
1778541000,29733,29733.25,29725,29728
1778541300,29728,29729.75,29711.5,29719
1778541600,29718.5,29741,29718.5,29737.75
1778541900,29738.75,29742.5,29736,29741
1778542200,29739.5,29743.5,29736.75,29739.5
1778542500,29737.5,29738.75,29729.5,29738.25
1778542800,29736.5,29739,29729.75,29735
1778543100,29733.75,29734.5,29718.75,29729
1778543400,29727.5,29728.75,29713.75,29718.75
1778543700,29718.25,29722.75,29707.75,29717.75
1778544000,29717.75,29717.75,29676,29681.25
1778544300,29680.25,29692,29676.25,29686
1778544600,29684.5,29688,29673.5,29682.75
1778544900,29682.5,29693.75,29679.75,29686.5
1778545200,29687.5,29691,29642.75,29654
1778545500,29654.75,29668.5,29649.5,29668.25
1778545800,29667.5,29691,29666,29680.75
1778546100,29681.5,29688,29660.5,29662
1778546400,29663.25,29669.5,29653.25,29664.75
1778546700,29664,29675.25,29661.75,29672.25
1778547000,29672.25,29680,29669.5,29678.5
1778547300,29678.5,29680.25,29663.5,29668
1778547600,29668,29681.5,29656.25,29659.5
1778547900,29660.25,29673.75,29659.5,29672.25
1778548200,29670.25,29674.25,29655,29656.5
1778548500,29656,29656,29624.25,29636.5
1778548800,29637.75,29642.5,29619.5,29628.75
1778549100,29626.75,29633.25,29605,29606
1778549400,29606.75,29620.25,29590.75,29592
1778549700,29591.25,29596.25,29548.25,29548.75
1778550000,29549.25,29560.5,29516.5,29559.75
1778550300,29559.5,29600.75,29556,29596.75
1778550600,29598.5,29598.5,29564,29568.5
1778550900,29567.75,29585.25,29553.75,29559.5
1778551200,29560,29590.25,29549.5,29584.5
1778551500,29585.5,29610.5,29580.75,29607.75
1778551800,29608.5,29633.75,29608.5,29629.75
1778552100,29630.25,29631.25,29600,29601.75
1778552400,29603,29628.25,29600.75,29620.75
1778552700,29620.5,29628.5,29609.25,29622.5
1778553000,29620.25,29625.5,29604.5,29607.5
1778553300,29607.75,29610,29594.25,29602.75
1778553600,29602.5,29617.75,29596.75,29612
1778553900,29615,29631.5,29613,29621.75
1778554200,29622,29654.75,29621,29647.5
1778554500,29647.5,29652,29639.75,29650.75
1778554800,29651,29653.5,29615.25,29623
1778555100,29624.25,29628.25,29611.5,29625
1778555400,29625.5,29636.25,29624.75,29628.75
1778555700,29631,29636.5,29623,29625.75
1778556000,29626,29630.75,29619.5,29624
1778556300,29623.5,29628,29620,29627
1778556600,29629,29636,29625.5,29625.5
1778556900,29624.75,29634.25,29624.5,29630.75
1778557200,29630,29635.5,29627,29627.5
1778557500,29626.75,29631.5,29613.5,29619.75
1778557800,29620.5,29623,29613.75,29619
1778558100,29618.25,29621,29609.75,29613
1778558400,29614.75,29621.25,29605.25,29615.25
1778558700,29616,29625.25,29615.25,29620.5
1778559000,29620.25,29620.5,29604.5,29609.5
1778559300,29610.5,29627,29608.75,29622.5
1778559600,29622,29625.5,29611.25,29615.25
1778559900,29615.5,29619.75,29613,29617
1778560200,29616.75,29618,29610.75,29614.75
1778560500,29614.5,29623,29608.75,29611.5
1778560800,29611.75,29614,29607.5,29613.5
1778561100,29614.25,29616.5,29605.75,29606.5
1778561400,29606,29606.25,29572,29583.25
1778561700,29583.25,29587.5,29572.25,29572.25
1778562000,29572.25,29589.5,29568.5,29587.25
1778562300,29588,29592.5,29576.5,29580.25
1778562600,29579.75,29585.75,29566.5,29569.5
1778562900,29570.75,29574.75,29561.5,29569.75
1778563200,29569.25,29591.25,29567.25,29582
1778563500,29581.75,29588.75,29579.25,29586.5
1778563800,29586,29588.25,29562.5,29564
1778564100,29564.25,29578.5,29560.5,29567.75
1778564400,29567,29570.75,29562,29564
1778564700,29564.75,29586.25,29564.75,29582.75
1778565000,29585,29585.75,29572,29574.25
1778565300,29574.5,29587.75,29570.5,29572
1778565600,29571.75,29581.75,29566.75,29573.25
1778565900,29574.25,29576.25,29550.25,29560
1778566200,29560.5,29570.5,29557,29564
1778566500,29565,29573.25,29561.75,29562.25
1778566800,29563,29563.5,29539.25,29543.25
1778567100,29542.5,29551.5,29535.75,29540.5
1778567400,29542.5,29550,29534,29543
1778567700,29544,29548.25,29526.5,29529
1778568000,29528.75,29537,29524.5,29533.75
1778568300,29534,29543.5,29530.5,29538.5
1778568600,29537.5,29537.5,29519.25,29519.25
1778568900,29519.75,29521,29503.5,29509
1778569200,29508.75,29512.5,29486.75,29490.75
1778569500,29492.5,29494.75,29471.5,29474.5
1778569800,29474.5,29511.5,29465.5,29505.25
1778570100,29506.75,29533,29502.5,29532.25
1778570400,29533.25,29544,29526.75,29529.75
1778570700,29528.5,29534,29513,29517.5
1778571000,29519.25,29542.25,29519.25,29542.25
1778571300,29541.5,29544,29531.5,29538.25
1778571600,29538,29541.5,29525.75,29527.75
1778571900,29528.5,29539.75,29522.25,29538.25
1778572200,29537.75,29541.5,29525,29533.75
1778572500,29534.75,29536,29527,29529.5
1778572800,29530.25,29534.75,29499.5,29506.25
1778573100,29506,29511.5,29489,29496.75
1778573400,29495.5,29496.5,29471.25,29472
1778573700,29470.75,29487,29463.5,29483
1778574000,29483.75,29499.75,29481.75,29486.5
1778574300,29486,29511.25,29479,29508
1778574600,29508.75,29513.75,29495.75,29506
1778574900,29503,29515,29499,29511.25
1778575200,29511.25,29513,29488.5,29488.5
1778575500,29488.25,29490.5,29474.5,29480.5
1778575800,29481.75,29491,29476.75,29488.75
1778576100,29488.75,29504.75,29482.75,29503.5
1778576400,29503.25,29514.25,29496,29502.75
1778576700,29503,29505.25,29464.75,29481
1778577000,29482.5,29499.25,29477,29497.5
1778577300,29498,29500,29488,29492.5
1778577600,29492.75,29505.25,29484.75,29504
1778577900,29503.5,29509.25,29491,29496.75
1778578200,29498,29536,29498,29520.5
1778578500,29521.75,29524.75,29502.25,29511
1778578800,29510.75,29516.5,29504.5,29504.5
1778579100,29506.75,29517.5,29499.5,29512.75
1778579400,29512.75,29524.5,29501.25,29504.25
1778579700,29504.5,29510.75,29500.5,29510.5
1778580000,29511,29520.75,29510.5,29514.25
1778580300,29513.5,29522.5,29506.75,29520.25
1778580600,29520.75,29539.75,29520.75,29527.75
1778580900,29527.5,29529.75,29510.75,29513
1778581200,29514,29515.5,29507.75,29514.25
1778581500,29514,29515.25,29505.5,29514.5
1778581800,29515,29517,29499.5,29500.75
1778582100,29499.75,29515.25,29492.75,29494.25
1778582400,29493.25,29496.5,29474,29484.5
1778582700,29483.5,29488,29477.5,29486.5
1778583000,29487,29492.25,29479.5,29485.75
1778583300,29485,29503.25,29482,29497.25
1778583600,29497,29506.5,29460.75,29467.25
1778583900,29467,29467.25,29434.5,29467
1778584200,29466.75,29489,29437.25,29443
1778584500,29443,29448.25,29422.5,29432
1778584800,29431.75,29447.75,29425.75,29442
1778585100,29442.25,29456.5,29441.75,29452.25
1778585400,29452.5,29458.5,29446.25,29455.5
1778585700,29455.5,29471,29443,29470.75
1778586000,29470.25,29474.25,29456.75,29461.5
1778586300,29461.75,29473.25,29461.25,29466.5
1778586600,29465.75,29470,29456.75,29462.5
1778586900,29463,29467.25,29454.25,29455.75
1778587200,29455.25,29458,29422.75,29424.25
1778587500,29424,29430.75,29410.75,29423.5
1778587800,29422.5,29458.25,29422.5,29454.75
1778588100,29456,29456,29437.5,29437.5
1778588400,29436.5,29438.75,29416.75,29421.25
1778588700,29420.5,29448.25,29416.5,29433.75
1778589000,29449,29471.5,29402.5,29461.5
1778589300,29461,29512.5,29459.5,29508.25
1778589600,29508,29518.25,29488.25,29492.25
1778589900,29493.5,29509,29491.25,29497.75
1778590200,29498.25,29521.75,29496,29518.25
1778590500,29518.25,29518.25,29503.5,29513.5
1778590800,29512.25,29526.5,29497.5,29501.5
1778591100,29502.25,29508.25,29494.25,29506
1778591400,29506.75,29519,29499.5,29506
1778591700,29506.25,29506.5,29477.25,29493.75
1778592000,29493.25,29499.5,29482.25,29492.75
1778592300,29492.25,29510.25,29474.5,29502.75
1778592600,29502.5,29516.75,29435.25,29487.25
1778592900,29488,29521.25,29432.5,29516.5
1778593200,29516,29575.25,29503,29574.25
1778593500,29574.75,29585.5,29491.75,29510
1778593800,29509,29541.25,29473.25,29513.5
1778594100,29514.25,29518.5,29399.25,29419
1778594400,29418.5,29451.75,29377.75,29400.75
1778594700,29400.75,29443.5,29395.5,29426.25
1778595000,29427,29484.25,29406.75,29480.25
1778595300,29481.25,29512.25,29458.5,29508.75
1778595600,29508.25,29517.75,29461.75,29466.75
1778595900,29466.5,29482,29370.5,29374.5
1778596200,29375.25,29383,29296,29332.75
1778596500,29332.5,29396.25,29304.25,29388.75
1778596800,29388.25,29416.5,29351.25,29371.5
1778597100,29372.5,29374,29325.25,29331.5
1778597400,29329.75,29364,29299.75,29347.75
1778597700,29345.75,29359.75,29289.5,29303.75
1778598000,29303.25,29320.5,29269.5,29273.5
1778598300,29273,29312.5,29256.5,29308
1778598600,29308.25,29314,29253.75,29254.75
1778598900,29256,29259,29203.25,29226.75
1778599200,29227,29236.25,29157.75,29174
1778599500,29173.75,29187.75,29146,29165.25
1778599800,29165.25,29213.5,29158.5,29203.75
1778600100,29203.5,29234.75,29178.75,29220.5
1778600400,29220.5,29230.5,29188.25,29218
1778600700,29219,29229.75,29192,29199
1778601000,29199,29208.25,29161.25,29161.25
1778601300,29161.25,29168.5,29118,29129.25
1778601600,29129.5,29186,29100.5,29178
1778601900,29177.25,29185,29145.75,29157.25
1778602200,29156.25,29203,29147,29198.25
1778602500,29198.25,29201.25,29158,29158.5
1778602800,29159.25,29175.5,29117.5,29137.5
1778603100,29137.5,29151.25,29123.25,29128.5
1778603400,29129,29136,29085,29102.25
1778603700,29101.75,29131.75,29097,29102
1778604000,29101.75,29119.25,29059,29080.5
1778604300,29080.75,29094.75,29045.5,29064.25
1778604600,29063,29075.25,29031.5,29043
1778604900,29042.5,29058.5,29031.75,29038.5
1778605200,29039,29091,29038.5,29085.25
1778605500,29084.5,29128.25,29082,29103.75
1778605800,29103.75,29133.25,29098.5,29129.75
1778606100,29129.25,29172.75,29127.75,29162.75
1778606400,29163.25,29219.25,29163.25,29199.25
1778606700,29198.5,29201.5,29153.5,29177.75
1778607000,29178.25,29218.5,29172.25,29211
1778607300,29211.5,29212.75,29166.25,29188.5
1778607600,29189,29202,29182,29189.25
1778607900,29189.5,29197,29167.25,29183
1778608200,29183.75,29208.5,29169,29208.5
1778608500,29208.5,29214.5,29184.75,29210
1778608800,29209.75,29232.25,29202.75,29226.25
1778609100,29226.5,29231.25,29201.75,29206.75
1778609400,29207.25,29238.75,29200.75,29236.5
1778609700,29236.25,29251.5,29221,29232
1778610000,29231.75,29252,29229.5,29246.75
1778610300,29247.25,29292,29247,29280.5
1778610600,29280.25,29296.75,29270.25,29275
1778610900,29275.5,29291.75,29262,29273
1778611200,29272.5,29288,29266.75,29268.75
1778611500,29269,29271.75,29237,29263.25
1778611800,29263.5,29286.5,29256.25,29275.25
1778612100,29274.75,29296.5,29239.25,29245.5
1778612400,29245.75,29276.75,29245.25,29272.5
1778612700,29272.5,29295.25,29261.5,29282
1778613000,29281.25,29339.5,29280.5,29329.5
1778613300,29329.75,29353.5,29327.75,29333.5
1778613600,29334.25,29338.5,29304,29330.25
1778613900,29330.75,29343.5,29328,29337
1778614200,29337,29399.5,29336.5,29392.75
1778614500,29393,29402.5,29377.25,29398.25
1778614800,29398.25,29421.5,29392.25,29417
1778615100,29417.25,29434.5,29401.75,29427.75
1778615400,29427,29477.75,29426.75,29449
1778615700,29449.75,29472.25,29444.75,29463.75
1778616000,29464,29465.5,29415.25,29417.75
1778616300,29418.25,29425.25,29397.75,29406.25
1778616600,29406.5,29417,29392.5,29414.25
1778616900,29414.5,29431,29410,29410.75
1778617200,29411.5,29422,29406.75,29411
1778617500,29410.25,29415,29395.75,29413.25
1778617800,29413.5,29415.25,29397.5,29399.25
1778618100,29398.5,29423.75,29397.5,29417.5
1778618400,29418,29425,29414.75,29419.75
1778618700,29419,29426.5,29417.5,29424.25
1778619000,29424.25,29440.5,29424.25,29437
1778619300,29436.75,29438.75,29423.5,29423.75
1778623200,29433.25,29457.75,29423,29453.25
1778623500,29453.75,29459.5,29446.5,29455.5
1778623800,29456.25,29457.25,29450.25,29453.5
1778624100,29452.5,29472.75,29451.5,29470.75
1778624400,29471.25,29476.5,29465.25,29470
1778624700,29471.25,29474.25,29456.5,29460.25
1778625000,29458.5,29467.75,29457,29461.5
1778625300,29460.5,29469.25,29459,29462.5
1778625600,29461.5,29464,29454.75,29456.25
1778625900,29457.25,29465.5,29456,29456.75
1778626200,29457.75,29463.5,29449.25,29457
1778626500,29457.5,29458,29430.75,29432
1778626800,29431.5,29445.5,29425.5,29425.5
1778627100,29426.75,29437.25,29424.75,29431.5
1778627400,29432.25,29448.25,29419.25,29426.25
1778627700,29427.75,29433.25,29421.5,29422.75
1778628000,29423.5,29431,29416,29426.25
1778628300,29428.25,29432,29416.5,29419
1778628600,29419,29419,29406.5,29410.25
1778628900,29410.25,29415,29394.5,29395.5
1778629200,29394.75,29395.75,29367,29377.75
1778629500,29376.75,29395.5,29373.75,29386.75
1778629800,29386,29402.25,29386,29390
1778630100,29388.5,29390,29371.5,29371.5
1778630400,29371.25,29402.25,29345,29388.5
1778630700,29388.75,29405,29377.25,29378.5
1778631000,29379.25,29387.75,29371.5,29376.5
1778631300,29374.5,29429.25,29371.75,29425
1778631600,29425,29446.5,29409.25,29424
1778631900,29423.75,29428,29396.75,29411.75
1778632200,29411.75,29413,29383.75,29410.75
1778632500,29410,29427,29399.25,29423.25
1778632800,29424.25,29435.25,29418.25,29425
1778633100,29424.25,29427.25,29410,29412.25
1778633400,29410.75,29428.75,29403.25,29427.75
1778633700,29426.75,29438.25,29423.75,29434.75
1778634000,29433.5,29458.75,29431.75,29450.25
1778634300,29449,29465.25,29445.75,29464.5
1778634600,29465,29477.25,29460.5,29472.75
1778634900,29473.5,29474.75,29454.75,29468.25
1778635200,29469,29486.5,29460.25,29465
1778635500,29464.5,29485.25,29461.5,29485.25
1778635800,29483.75,29492.75,29467,29468.5
1778636100,29469,29480,29462,29478.75
1778636400,29478.75,29492,29476.5,29492
1778636700,29492,29527.25,29491.5,29521.75
1778637000,29521.75,29549.75,29512.25,29517
1778637300,29516.25,29517.75,29496.5,29504.25
1778637600,29504.25,29530,29498.25,29500.25
1778637900,29499,29506.25,29491.75,29496.75
1778638200,29495.25,29520,29495,29506.25
1778638500,29506,29516.75,29502.75,29512.75
1778638800,29512.75,29523,29505.75,29517.75
1778639100,29518.75,29526.75,29516.5,29523.75
1778639400,29524.75,29529.5,29519.75,29524
1778639700,29523.75,29524.5,29518,29518
1778640000,29518,29520.75,29509.5,29516
1778640300,29516.75,29521.5,29500.5,29507.25
1778640600,29508.25,29514.5,29507.25,29507.75
1778640900,29507.5,29517.5,29505,29512.5
1778641200,29511.75,29516,29497,29499.5
1778641500,29500.25,29503,29493.75,29502
1778641800,29502.25,29514.25,29492.75,29494.75
1778642100,29496,29516,29495,29512.75
1778642400,29512.5,29519,29512.5,29517.5
1778642700,29518.25,29528.75,29517.25,29526.75
1778643000,29526.5,29542.25,29526.25,29538.75
1778643300,29539.25,29549.5,29535.25,29547.5
1778643600,29546,29554.25,29542,29552.25
1778643900,29551.75,29551.75,29537.5,29539.25
1778644200,29539.75,29542.25,29528.5,29537.5
1778644500,29538.25,29544,29535.5,29538.5
1778644800,29538.25,29555.5,29533.5,29550.75
1778645100,29552.5,29553.25,29543.5,29549.5
1778645400,29549.5,29552,29545,29552
1778645700,29552.25,29555.5,29550,29552.25
1778646000,29552.25,29561.75,29550.25,29558
1778646300,29558.5,29570.75,29558.5,29566.25
1778646600,29565.5,29587.25,29562.5,29562.75
1778646900,29564.25,29569,29549,29568.25
1778647200,29569.25,29572.25,29565.5,29568
1778647500,29568.25,29574.75,29567.75,29573.25
1778647800,29573.5,29576.25,29567.5,29575.25
1778648100,29575.75,29584.75,29573.75,29577
1778648400,29576.5,29582.5,29565,29582
1778648700,29582.5,29586,29577.25,29583.25
1778649000,29583.5,29599.5,29583.5,29584.5
1778649300,29584.25,29587.25,29576.5,29576.75
1778649600,29576.25,29597,29574.25,29593.5
1778649900,29593.5,29595.5,29586.5,29587.5
1778650200,29589.25,29592.5,29582.5,29584.5
1778650500,29585.25,29593.5,29581.75,29588
1778650800,29588.25,29591.75,29577.25,29581.75
1778651100,29582.25,29584.75,29577.75,29577.75
1778651400,29579.25,29586,29574.5,29579
1778651700,29579,29587.25,29578.5,29586.5
1778652000,29585.75,29594.5,29580.25,29594.5
1778652300,29593.75,29598.25,29589.75,29591
1778652600,29590.5,29613,29590.5,29612.25
1778652900,29612,29641.5,29612,29634.75
1778653200,29633.75,29633.75,29602.75,29605
1778653500,29606,29611.5,29600.75,29605.25
1778653800,29604.5,29617,29602.5,29604.25
1778654100,29604.25,29612.5,29601,29608.5
1778654400,29606.25,29607.5,29598.5,29603.25
1778654700,29603.25,29603.25,29595.5,29597.75
1778655000,29597,29598,29580,29597.25
1778655300,29595.5,29601.5,29592.5,29598.5
1778655600,29599.25,29612.25,29590,29607.25
1778655900,29607,29607,29590.25,29591
1778656200,29590.75,29600.5,29579,29599.75
1778656500,29600,29608.25,29596.5,29601.25
1778656800,29602,29607.5,29597,29602
1778657100,29600.5,29612,29600.5,29606
1778657400,29606.25,29613,29601.25,29612.25
1778657700,29611.75,29622.25,29611.5,29612.75
1778658000,29611.5,29652.75,29611.5,29645
1778658300,29645.25,29661,29640,29641.25
1778658600,29640.5,29656,29639,29643.5
1778658900,29643,29660,29643,29659.75
1778659200,29660.75,29680.75,29659,29671.25
1778659500,29670.5,29692.75,29670.5,29690.75
1778659800,29691.5,29721.5,29691.25,29712.75
1778660100,29712.5,29732.75,29710.5,29718.5
1778660400,29719,29736.5,29719,29722.75
1778660700,29723,29729,29715.5,29725.75
1778661000,29726.25,29727,29711.25,29716.5
1778661300,29717.5,29728.25,29713.25,29727.25
1778661600,29728.5,29736.5,29724.5,29724.5
1778661900,29724.5,29727.75,29695,29699.75
1778662200,29699.75,29713.5,29695.25,29697.75
1778662500,29697.5,29707,29691.25,29702.25
1778662800,29702.25,29702.25,29690.5,29692.5
1778663100,29692.75,29693.75,29676.25,29681.75
1778663400,29682.5,29684,29656.5,29669.5
1778663700,29669.5,29681.25,29663.25,29666.75
1778664000,29666.25,29673,29656.25,29665.25
1778664300,29665.75,29682.25,29665.5,29677.5
1778664600,29676.75,29701.25,29665.5,29698.25
1778664900,29697.5,29706,29695,29704.25
1778665200,29704,29708.25,29693.75,29703.5
1778665500,29701.75,29702.5,29692.25,29697.5
1778665800,29697.5,29702,29692.5,29701.75
1778666100,29703.5,29716,29702.5,29710.5
1778666400,29710.5,29712.75,29703.5,29705.75
1778666700,29706.25,29711,29704,29704.5
1778667000,29705.25,29709.5,29679.75,29689
1778667300,29690,29694.75,29685.25,29686.25
1778667600,29686.5,29690.25,29672.25,29680
1778667900,29679.75,29681,29670.75,29675
1778668200,29677,29683.25,29657,29664
1778668500,29664.25,29673.5,29657.75,29671.5
1778668800,29670.5,29683.75,29669.5,29681.5
1778669100,29681,29685.75,29677.25,29680.25
1778669400,29680.75,29682.5,29673.75,29679.25
1778669700,29679.25,29681.5,29670,29674
1778670000,29673.75,29684,29649.5,29651.25
1778670300,29650.75,29659.25,29646.25,29658.25
1778670600,29656.5,29662,29645,29656.25
1778670900,29655.75,29666,29650.75,29653
1778671200,29652.75,29656,29640,29646.5
1778671500,29647.25,29650.25,29637.5,29649
1778671800,29649.25,29674.5,29643.5,29665.75
1778672100,29666.5,29668.5,29651,29654.75
1778672400,29654.75,29663.5,29650.5,29660.75
1778672700,29660.75,29669.5,29655.5,29655.5
1778673000,29655,29664,29645.25,29661
1778673300,29660.75,29669,29657.5,29659.5
1778673600,29659,29694.25,29658.25,29687
1778673900,29686.5,29686.5,29665,29667.75
1778674200,29666.5,29667.5,29654.5,29663.75
1778674500,29664,29664.5,29634.75,29643
1778674800,29643.75,29644,29598.75,29627
1778675100,29627.75,29650.25,29627.5,29649.5
1778675400,29648.25,29650.25,29540.5,29567.25
1778675700,29567,29581.75,29516,29520
1778676000,29519.75,29545.5,29489.5,29537.5
1778676300,29537.5,29554,29527.75,29531.5
1778676600,29531.75,29547.75,29514.5,29518.75
1778676900,29518.5,29541.5,29513.5,29525.75
1778677200,29527,29577.5,29526.25,29576
1778677500,29575.25,29584.25,29562,29568.25
1778677800,29568.5,29583.5,29565.75,29578.25
1778678100,29578.75,29583.5,29573.25,29575.5
1778678400,29575.5,29588.5,29572.75,29586
1778678700,29586.25,29594.25,29569.75,29577.5
1778679000,29576,29578,29505.5,29547
1778679300,29547.75,29551,29470,29493.75
1778679600,29493.75,29554.5,29479.5,29500
1778679900,29500.5,29505,29364.5,29426.25
1778680200,29425.25,29512.25,29385.5,29510
1778680500,29510.5,29515.25,29441,29458.75
1778680800,29459.75,29474.25,29429.5,29454
1778681100,29452.75,29475.5,29401.5,29434.5
1778681400,29433.5,29482.5,29421,29462.25
1778681700,29461.5,29483.5,29439,29455.75
1778682000,29455.75,29534.75,29451.25,29528.5
1778682300,29528.5,29558,29517.25,29526.75
1778682600,29525.5,29568,29511,29564
1778682900,29563.75,29570,29508.25,29529
1778683200,29529,29565.5,29519.25,29554.75
1778683500,29555.25,29568.5,29527.75,29559.75
1778683800,29559.5,29604.5,29546.75,29599.25
1778684100,29599.25,29611.5,29586.5,29607
1778684400,29607,29639,29604.5,29625.5
1778684700,29625.5,29628,29605.25,29621.25
1778685000,29621.5,29624.75,29588.25,29612.25
1778685300,29611.25,29629.5,29608.25,29621.5
1778685600,29621.75,29630.75,29594.75,29607.5
1778685900,29607.5,29608,29571,29601
1778686200,29601.5,29618.75,29573.75,29612
1778686500,29611.5,29634.25,29605.75,29622.75
1778686800,29623.25,29676.25,29623.25,29668
1778687100,29668,29669,29640.75,29641.5
1778687400,29641.75,29643,29606,29626.5
1778687700,29627.25,29628,29586.5,29599.5
1778688000,29599.75,29647.25,29588.75,29646.25
1778688300,29646.25,29657.25,29622.75,29656.75
1778688600,29657.25,29677.75,29653.5,29675.25
1778688900,29675.25,29684.75,29663.5,29671.75
1778689200,29671.5,29730.5,29665.75,29720.25
1778689500,29720.25,29734.25,29699.5,29726.25
1778689800,29726,29733.5,29702.75,29729.5
1778690100,29729.5,29738.5,29720,29721
1778690400,29721,29734.75,29720.75,29723.25
1778690700,29723,29732.5,29712,29718.25
1778691000,29718.5,29732.75,29705,29730
1778691300,29730.25,29753,29728.25,29737.25
1778691600,29737.5,29766.5,29737.5,29759.75
1778691900,29759,29781.5,29758.5,29766.25
1778692200,29765.75,29782.25,29765.75,29777.5
1778692500,29777.5,29785.75,29766.75,29774.25
1778692800,29774.75,29776,29756.75,29757.25
1778693100,29757.25,29782.75,29753.25,29776.75
1778693400,29776,29781.5,29755.25,29760.25
1778693700,29760.25,29767.75,29754.5,29758
1778694000,29758,29771.75,29755.75,29769.75
1778694300,29770,29778.25,29762.5,29767.5
1778694600,29767.25,29777.75,29766.5,29767.25
1778694900,29767,29771,29732,29733.75
1778695200,29734.75,29767,29731,29764.5
1778695500,29765.75,29780.25,29761.25,29777.25
1778695800,29776.75,29813,29776,29811.25
1778696100,29811.5,29839,29811.5,29833.75
1778696400,29834.25,29855,29831,29839.75
1778696700,29839.75,29853.5,29837.25,29840
1778697000,29839.25,29845.25,29825,29833.25
1778697300,29833.75,29834.75,29800,29815.75
1778697600,29816.25,29825,29803,29803
1778697900,29803.5,29813,29793,29802
1778698200,29801.75,29803.25,29787.25,29796.25
1778698500,29796.25,29796.25,29756.25,29761.75
1778698800,29762,29784.75,29760.5,29779.75
1778699100,29779.75,29809.75,29767.75,29806.75
1778699400,29806.75,29817,29798.25,29814.75
1778699700,29814.5,29829.5,29805.25,29825.5
1778700000,29827.25,29829.5,29792.25,29795.5
1778700300,29795.5,29815,29789,29815
1778700600,29815.5,29818.25,29801.5,29805
1778700900,29805.25,29821,29799.5,29816.25
1778701200,29816.5,29825.25,29812.75,29821.5
1778701500,29821.75,29829,29816,29820.25
1778701800,29820.25,29820.25,29739,29749
1778702100,29749.25,29775.25,29747.5,29765.5
1778702400,29765.5,29777.5,29738.25,29748.75
1778702700,29749.75,29799,29743,29796
1778703000,29795.75,29808.5,29790.5,29800.5
1778703300,29800.75,29810.5,29798,29807.5
1778703600,29807.75,29813.25,29800.75,29810.25
1778703900,29810.25,29811.25,29800.75,29807.75
1778704200,29807.75,29832.5,29807.5,29832
1778704500,29832.25,29836.5,29826.75,29833.5
1778704800,29834.25,29835,29824.75,29829.25
1778705100,29829.25,29829.25,29821.25,29824.5
1778705400,29825.5,29830,29824,29827
1778705700,29827,29830.25,29823.5,29825.5
1778709600,29826.5,29842.75,29817.5,29838.75
1778709900,29840.5,29851.25,29832.75,29840.5
1778710200,29841,29848.5,29837.75,29847.75
1778710500,29846.25,29866,29846.25,29849.5
1778710800,29849.5,29849.75,29836.25,29841.75
1778711100,29841,29850.5,29839.25,29847.75
1778711400,29846.75,29852.25,29845.75,29850.25
1778711700,29849.75,29855.25,29848.5,29849.25
1778712000,29849.5,29863.5,29849.25,29863.25
1778712300,29862.5,29884.25,29860.5,29883.25
1778712600,29882.5,29898.75,29879.75,29887.75
1778712900,29885,29887,29876,29879.75
1778713200,29879.75,29907,29879.75,29902.5
1778713500,29903.75,29937.25,29901.5,29920.5
1778713800,29919.75,29938,29914.5,29932
1778714100,29931.75,29934.5,29923.5,29923.75
1778714400,29924,29926,29905.25,29914.5
1778714700,29912.75,29917.5,29906.25,29910.25
1778715000,29908.75,29918.25,29890,29900.5
1778715300,29901.25,29904.25,29892.25,29894.5
1778715600,29894,29905.25,29886.25,29902.75
1778715900,29902.5,29913.5,29897.5,29897.5
1778716200,29897.5,29921.75,29893,29918
1778716500,29917.5,29923,29911.5,29920.75
1778716800,29921.25,29923.5,29880,29885.25
1778717100,29886.25,29914,29885,29903.5
1778717400,29905.75,29920.5,29899,29920.5
1778717700,29921,29947,29917.75,29921
1778718000,29923,29933.75,29915.25,29932
1778718300,29932.5,29944.5,29932.5,29938.25
1778718600,29939.25,29970.75,29939.25,29957
1778718900,29956.75,29964.25,29951.5,29964
1778719200,29963,29968.75,29955.25,29968.5
1778719500,29968,29978.75,29964.5,29972.25
1778719800,29972.5,29973,29948.5,29969.25
1778720100,29971,29982.5,29969,29970.5
1778720400,29970.25,29970.25,29952.25,29963.75
1778720700,29963.75,29968.5,29954.75,29962.25
1778721000,29964,29968,29953,29960
1778721300,29957.75,29961.75,29926.75,29942
1778721600,29943,29966.75,29938.5,29958.5
1778721900,29959.5,29971,29956,29969
1778722200,29967.5,29972.25,29946.25,29952
1778722500,29951.5,29952.5,29940.5,29951.5
1778722800,29952.5,29953.75,29920.5,29931
1778723100,29932.25,29933,29899,29916.25
1778723400,29916.75,29928.25,29908.5,29914
1778723700,29913,29913.5,29892.5,29897.25
1778724000,29898.5,29915.75,29889.5,29913.75
1778724300,29913.75,29914.5,29898.5,29905.25
1778724600,29904.25,29905.5,29896.5,29905.25
1778724900,29905.5,29917.25,29898,29899.5
1778725200,29899.5,29920,29899.5,29912.5
1778725500,29912,29922.5,29908.75,29917
1778725800,29915.25,29923.75,29911.25,29915.75
1778726100,29915.75,29924.5,29913.5,29915.75
1778726400,29916.5,29918,29903.25,29912
1778726700,29913.75,29914.75,29869,29875
1778727000,29874.25,29886.75,29861.5,29882.5
1778727300,29882,29882.5,29871,29876.75
1778727600,29876.25,29893.75,29866.75,29893.75
1778727900,29894,29894.25,29879,29889.25
1778728200,29890.75,29897.75,29886.5,29890.75
1778728500,29889.5,29900.25,29873.5,29875.25
1778728800,29875.5,29875.5,29853,29854.75
1778729100,29855,29877.5,29855,29872.5
1778729400,29873,29876,29843.75,29851
1778729700,29851,29856.5,29832.25,29832.25
1778730000,29833.5,29845.25,29830.5,29837.5
1778730300,29837.5,29845,29812,29824.25
1778730600,29824,29833.5,29822.75,29828.75
1778730900,29829,29829,29811,29825.5
1778731200,29824.75,29828,29807.5,29810.75
1778731500,29810.5,29833,29803.5,29830.25
1778731800,29829.5,29842.75,29826.75,29839
1778732100,29839.5,29846.25,29829.25,29845
1778732400,29844,29854,29841.75,29854
1778732700,29853.75,29862.75,29849.75,29855.75
1778733000,29855.75,29867.25,29854.25,29863
1778733300,29863.75,29875,29858.25,29873.25
1778733600,29873,29880,29866,29871.75
1778733900,29871.5,29888.25,29863,29883
1778734200,29882.5,29882.75,29856.5,29869
1778734500,29869.5,29870,29854.25,29857
1778734800,29857.5,29869.75,29849,29868.25
1778735100,29869.5,29873,29849,29856
1778735400,29855.5,29864.5,29841.25,29843.5
1778735700,29842.25,29844.5,29824.75,29831
1778736000,29830.25,29858.5,29830.25,29848
1778736300,29847,29856.75,29840,29855.75
1778736600,29857.5,29865,29850.5,29853.25
1778736900,29853.25,29861,29846.75,29850
1778737200,29851,29856.75,29835.75,29848.75
1778737500,29849.5,29902.5,29849.5,29874.5
1778737800,29873.75,29896.5,29873.75,29894.75
1778738100,29891.5,29894,29880.5,29892.75
1778738400,29893.25,29911.75,29892.25,29909.25
1778738700,29909,29924.25,29908.75,29914.75
1778739000,29915.5,29923.5,29896.5,29915.25
1778739300,29915.25,29915.75,29903.5,29908
1778739600,29909.75,29930.25,29909.25,29915.5
1778739900,29915,29922.25,29905.5,29913.25
1778740200,29912.5,29921,29909.75,29919.75
1778740500,29919.5,29926,29913.75,29925.25
1778740800,29924.5,29927.25,29914.75,29922
1778741100,29921.25,29922.75,29892.75,29903.25
1778741400,29902.25,29921.25,29902,29920
1778741700,29919.5,29923,29896,29896.75
1778742000,29898.25,29909.5,29886.25,29898
1778742300,29898.25,29899,29873.25,29879.5
1778742600,29879.25,29886.25,29870.75,29884.25
1778742900,29883.25,29897.25,29881.5,29891.5
1778743200,29891.75,29895.25,29883.5,29888.75
1778743500,29890,29900.5,29887.25,29890.25
1778743800,29890.25,29908.25,29886,29904.5
1778744100,29904.75,29913.5,29902.25,29908.75
1778744400,29909.75,29922.5,29906.25,29910
1778744700,29911.75,29920.5,29896.5,29901.75
1778745000,29901.5,29908.25,29887.25,29892
1778745300,29891,29897,29856.5,29863
1778745600,29864.25,29874.5,29839.5,29841.5
1778745900,29840.5,29877.5,29837.75,29866.75
1778746200,29867.75,29890.5,29864.5,29889
1778746500,29890,29919.25,29888.5,29891.75
1778746800,29892.25,29899.75,29874,29874.25
1778747100,29874,29899.5,29873.25,29884.5
1778747400,29883.25,29903.5,29882.75,29884
1778747700,29883.75,29892.25,29866.75,29869
1778748000,29869.5,29873,29841.5,29844.75
1778748300,29845.75,29851.5,29836,29840.25
1778748600,29838.75,29864.5,29837.5,29860.5
1778748900,29861.75,29870,29854.25,29865.5
1778749200,29866.75,29879,29862.25,29863.75
1778749500,29863,29867.5,29856.5,29858.75
1778749800,29858.5,29872.75,29833,29848
1778750100,29847.5,29856,29841.75,29847.5
1778750400,29849.25,29853.25,29838.25,29840.25
1778750700,29839.75,29843.5,29816.25,29825.25
1778751000,29825.5,29835,29813.25,29829.5
1778751300,29828.25,29828.75,29770,29787.5
1778751600,29786,29804.75,29782,29800
1778751900,29799.5,29829,29795,29827.75
1778752200,29828.25,29833.25,29821.5,29827.75
1778752500,29828.75,29831.25,29821.5,29822.75
1778752800,29822.25,29850.25,29819.75,29850.25
1778753100,29849.5,29855,29844.75,29846.5
1778753400,29847,29883,29839.5,29846.25
1778753700,29846,29869,29838.5,29861
1778754000,29862.25,29863.75,29823.75,29826
1778754300,29824.75,29848.75,29824,29837.25
1778754600,29837.5,29844.5,29823.25,29826.75
1778754900,29826.75,29833.5,29821,29822.5
1778755200,29821.25,29822.5,29804,29814.75
1778755500,29816,29827.5,29807.5,29827.5
1778755800,29827.5,29856.5,29821,29844.5
1778756100,29844.25,29849,29831.5,29834.5
1778756400,29833.5,29852.75,29831.75,29851.75
1778756700,29852.25,29865.75,29845,29864.75
1778757000,29865,29866.75,29852.5,29855.25
1778757300,29853.25,29857.5,29844.25,29846.5
1778757600,29846.25,29854,29814.75,29819.25
1778757900,29819,29819,29797.75,29813.25
1778758200,29814.25,29833.75,29814,29830
1778758500,29831.25,29841.25,29829.5,29832
1778758800,29833.75,29839.25,29831.5,29835.5
1778759100,29835.5,29854.5,29833.75,29853.25
1778759400,29853,29854.5,29841.5,29843.5
1778759700,29843.75,29848.25,29826.25,29829.5
1778760000,29829.5,29846.5,29824.5,29842.75
1778760300,29842,29852.5,29840.25,29850.25
1778760600,29850.25,29854.75,29841.5,29850.25
1778760900,29849.75,29861,29839,29841.5
1778761200,29842,29863.25,29842,29860.5
1778761500,29858,29864.5,29848.25,29850.5
1778761800,29852.25,29854.25,29828.25,29836.5
1778762100,29836.75,29843.25,29811.5,29825.5
1778762400,29824.75,29833,29810.25,29810.5
1778762700,29810,29819.25,29795.75,29814
1778763000,29814.25,29815.25,29776.25,29780
1778763300,29780,29795.25,29766,29784
1778763600,29783.75,29790.25,29765.25,29781.25
1778763900,29782,29784.75,29746.25,29751
1778764200,29750.25,29763.5,29737.75,29763.5
1778764500,29762.75,29773.5,29757.25,29757.25
1778764800,29757.5,29786.25,29755.5,29779.5
1778765100,29780,29782.5,29742,29765.75
1778765400,29765.75,29841.5,29748,29839.5
1778765700,29840.5,29889.25,29829.75,29876
1778766000,29875.5,29918,29864,29915.5
1778766300,29915,29970.25,29914.75,29955
1778766600,29955.5,29974.25,29895,29898.75
1778766900,29898.5,29914.25,29816.25,29831.25
1778767200,29831.5,29906.25,29822.5,29884.5
1778767500,29885.75,29895,29831,29840
1778767800,29839,29884,29827,29873.25
1778768100,29872.5,29929.5,29867.75,29925
1778768400,29924.25,29956,29910.25,29918.75
1778768700,29920,29926,29885,29912.5
1778769000,29911.75,29923.25,29896.5,29921.75
1778769300,29922.25,29968.75,29913.25,29967
1778769600,29967.25,29976.25,29954,29975.75
1778769900,29976,29997.5,29973.5,29995.75
1778770200,29995.75,30019.5,29971.75,29988.5
1778770500,29989,29997.25,29953.5,29963.75
1778770800,29964.25,29996.5,29954.5,29972.25
1778771100,29971.25,30008.75,29966.25,30007.75
1778771400,30007,30024,29995.75,30022.5
1778771700,30022.75,30048,30021.25,30041.75
1778772000,30041,30057.25,30027.25,30043.5
1778772300,30044,30063.25,30041.5,30046.25
1778772600,30046.25,30059.5,30026.25,30034.25
1778772900,30034,30044.5,30017.25,30031.25
1778773200,30031.75,30045.25,30019,30041.5
1778773500,30041.75,30044.25,30022.5,30035.25
1778773800,30035.5,30047,30030.25,30044.25
1778774100,30043.5,30059.25,30042.75,30044.75
1778774400,30045.5,30062.25,30042.25,30061.25
1778774700,30061,30068.75,30050.5,30055.25
1778775000,30055.25,30071.5,30042,30045.5
1778775300,30045.25,30067.5,30037,30042
1778775600,30041.5,30071.5,30040.25,30047.5
1778775900,30047.25,30054.25,30004,30016.75
1778776200,30017,30032.75,29986.75,29995
1778776500,29994.75,30016.25,29994.75,30012.25
1778776800,30012,30031.5,30003.5,30008.5
1778777100,30007.5,30028.5,29981.75,30021.25
1778777400,30021.25,30023.25,29994.25,30021.5
1778777700,30022,30024.75,29985.5,30017.5
1778778000,30017.75,30044,30017.5,30033.25
1778778300,30033.5,30034,29976,29977.5
1778778600,29977,29996,29941.5,29949.5
1778778900,29948.75,29959.5,29896,29905.75
1778779200,29906.5,29943.75,29904.5,29915.25
1778779500,29915.75,29939,29884.75,29937.5
1778779800,29937.75,29963.75,29926.25,29942.75
1778780100,29943.5,29982.75,29941.5,29975.25
1778780400,29974.75,29992,29968.25,29987
1778780700,29988,30025.5,29988,30016
1778781000,30015.5,30035.25,30011,30025.75
1778781300,30026,30042,30019.25,30020.5
1778781600,30020.25,30020.25,29930,29944.5
1778781900,29945,29961.5,29938,29949.75
1778782200,29950.5,29985.25,29938.75,29979.5
1778782500,29979.75,29997.5,29971,29993.25
1778782800,29993.75,29996,29960,29967.5
1778783100,29967.25,29974.25,29949.75,29963
1778783400,29963.25,29987.5,29963.25,29977
1778783700,29977.25,29984,29964.25,29972.5
1778784000,29972.5,29976.75,29944.5,29962.5
1778784300,29962.25,29978.75,29945.75,29974
1778784600,29974.5,29991.25,29973.75,29987.25
1778784900,29987.5,30007.25,29984.25,29998
1778785200,29998.5,30021.5,29998.5,30010.75
1778785500,30010,30019.5,29992.75,30010.75
1778785800,30010.75,30017.25,29982,29995.5
1778786100,29996.25,30006.75,29991,30000.25
1778786400,30000.25,30024.5,29999,30007
1778786700,30007.25,30009,29984.75,29988.25
1778787000,29989,30013,29986,29999.75
1778787300,29999.75,30011,29990.5,30007.75
1778787600,30007.5,30024.5,30006.25,30016.75
1778787900,30017,30020.75,30002.25,30006.75
1778788200,30007.25,30008.5,29979.5,29998.5
1778788500,29999,30002.25,29968,29976.25
1778788800,29976.25,30027.25,29974.75,30021.5
1778789100,30021.25,30021.25,29993.75,29995.75
1778789400,29996.5,30010.25,29996.25,29999
1778789700,29997.75,30000.5,29966.25,29979.75
1778790000,29979.5,29992.75,29963.75,29977
1778790300,29975.5,29977,29966.75,29971.25
1778790600,29971,29981.25,29968,29972.5
1778790900,29972,29974,29939.5,29946.25
1778791200,29946.75,29957.5,29923.25,29948.75
1778791500,29948.75,29961,29947,29961
1778791800,29961.25,29964.25,29951.25,29960.25
1778792100,29960.5,29978,29959.5,29978
1778796000,29979.5,30007.5,29963.75,29995.75
1778796300,29995.5,30007.5,29980.5,29983.25
1778796600,29983.75,29987,29977.25,29983.75
1778796900,29983.25,29984,29959.5,29972
1778797200,29972.5,29977.75,29968,29972.75
1778797500,29973.75,29989.5,29973.5,29988.25
1778797800,29987.75,30000.75,29987,29995.75
1778798100,29995,29999.5,29991.25,29995
1778798400,29993.25,30000,29991.75,29997.25
1778798700,29997,30007.25,29994.75,30000
1778799000,29999.5,30001.5,29994.25,29997.5
1778799300,29997,30010,29995,29998
1778799600,29998,30006.75,29997.25,30004.5
1778799900,30004.5,30006.75,29995.25,29997.75
1778800200,29998.5,30008.5,29998.5,30008
1778800500,30006.5,30009.5,30002,30007
1778800800,30006.75,30008,29998,30001.5
1778801100,29998.5,30015.75,29995.25,30013.75
1778801400,30014,30020.75,30013.25,30018.75
1778801700,30017.5,30023.5,30012.5,30014.5
1778802000,30016,30016.75,30005.25,30007.5
1778802300,30007.5,30008.25,29982.25,29988.25
1778802600,29987.25,29994.25,29982.25,29986
1778802900,29985.25,29986.5,29964.25,29977
1778803200,29976.5,29985.5,29945.25,29961
1778803500,29959.25,29986.25,29958.5,29983
1778803800,29982.5,29989.5,29969.25,29989.5
1778804100,29990.25,30010,29988.5,30006.75
1778804400,30007.5,30013.75,30004.5,30012.5
1778804700,30012.25,30016.5,30003.5,30010.25
1778805000,30011,30011.25,29993.25,29998.75
1778805300,29998,30001.5,29958.75,29972.75
1778805600,29971.5,29975.75,29926,29951.5
1778805900,29952,29968.75,29951.75,29967
1778806200,29966.25,29976.5,29944.5,29974
1778806500,29974.5,29977.5,29964.5,29973.5
1778806800,29973.75,29981,29952.5,29958.75
1778807100,29959,29964.25,29941.25,29942.75
1778807400,29942.25,29948,29931.5,29946.5
1778807700,29945.75,29951.25,29928.25,29934.25
1778808000,29935.25,29935.25,29906.5,29909.5
1778808300,29910,29919.5,29871,29871.75
1778808600,29870.5,29874,29835.5,29858.25
1778808900,29859,29887.75,29856.5,29879
1778809200,29880,29894,29867,29873.75
1778809500,29871.25,29873.75,29828,29836.75
1778809800,29836.25,29840.75,29802.25,29823.75
1778810100,29824.5,29838.75,29804.75,29808.5
1778810400,29808.5,29829,29799.75,29827
1778810700,29827.5,29829.5,29787.5,29804
1778811000,29805.5,29822.25,29796.75,29799.25
1778811300,29797.25,29817.25,29783.25,29814.75
1778811600,29814.5,29832,29810.75,29829.5
1778811900,29830,29845.25,29814,29815
1778812200,29813.5,29820,29793,29819
1778812500,29819,29841.5,29809.75,29814
1778812800,29813.5,29846.25,29811.5,29844
1778813100,29844.75,29856.5,29837,29847
1778813400,29846.75,29889.75,29845,29874
1778813700,29877,29883,29862.25,29870.5
1778814000,29870.75,29881.75,29863.25,29866.75
1778814300,29867.75,29872.25,29853,29856
1778814600,29855,29883,29855,29871
1778814900,29873,29876.5,29860.75,29866
1778815200,29865,29865,29853.25,29860.75
1778815500,29860,29869.25,29857.25,29861.75
1778815800,29860.25,29866.5,29832.75,29837
1778816100,29836.25,29864.5,29820.75,29854
1778816400,29853.75,29875,29849,29853
1778816700,29853.25,29862.5,29849.5,29860.25
1778817000,29858.75,29864.25,29847,29851.5
1778817300,29849.75,29860,29841.5,29852.75
1778817600,29851.75,29851.75,29833.75,29847.25
1778817900,29846.75,29853,29831.75,29835.25
1778818200,29835,29839.5,29813.25,29838.75
1778818500,29836.5,29844.5,29817.5,29821.75
1778818800,29822.75,29823.5,29805,29822.25
1778819100,29822.5,29826.5,29805,29810
1778819400,29809.25,29809.75,29789.75,29808.5
1778819700,29809.75,29819,29795,29814.25
1778820000,29814.75,29826.5,29793.25,29797
1778820300,29797,29806.25,29767.5,29770.75
1778820600,29769.5,29773.5,29756.25,29769
1778820900,29768.25,29769,29735.25,29752
1778821200,29751.5,29753.5,29732.5,29747
1778821500,29749,29749,29698,29699.25
1778821800,29699.5,29723.25,29696,29717.5
1778822100,29717.75,29735.5,29705.75,29710.5
1778822400,29711.5,29730,29704.25,29721.75
1778822700,29720,29728.25,29707.75,29726.5
1778823000,29728.5,29729.25,29681.5,29681.5
1778823300,29683,29693,29661,29662.25
1778823600,29662,29672,29641,29646.5
1778823900,29646,29648.5,29607.5,29611.75
1778824200,29612.5,29649.75,29606.25,29617.75
1778824500,29617,29625,29570,29572
1778824800,29571.25,29606,29537.5,29605.25
1778825100,29606.25,29639.25,29597,29623
1778825400,29623.5,29630.75,29603.75,29622.25
1778825700,29622.5,29644.75,29597.25,29597.5
1778826000,29597.5,29599.25,29560.75,29571
1778826300,29570.5,29598.75,29553.25,29596
1778826600,29597,29653.5,29587.75,29645.25
1778826900,29645.75,29658.75,29634,29657.75
1778827200,29657.25,29694.25,29657.25,29691.25
1778827500,29691,29704,29683.5,29698.75
1778827800,29696.5,29698.25,29669,29670.75
1778828100,29670.5,29694.5,29670.5,29694
1778828400,29692,29711,29684.25,29700.25
1778828700,29700.5,29717.25,29691.75,29697.75
1778829000,29697.5,29751.5,29696.25,29751
1778829300,29750,29755.25,29729,29734
1778829600,29733.75,29758.75,29729.75,29732.75
1778829900,29731,29746.5,29724.75,29745.5
1778830200,29747,29748.75,29714,29715.25
1778830500,29715.25,29720.75,29687.25,29701.75
1778830800,29700.75,29703.75,29673.25,29683.25
1778831100,29682.5,29687.5,29666,29685.25
1778831400,29685.25,29696.5,29673.5,29685.5
1778831700,29685.5,29695.75,29677.75,29695.25
1778832000,29695.75,29702.5,29629.5,29633.5
1778832300,29629.5,29648,29620.25,29645
1778832600,29645.25,29651,29624.75,29631.25
1778832900,29630.5,29631.75,29571,29590.75
1778833200,29590.75,29608,29576.25,29596.5
1778833500,29595.5,29599,29507.5,29517.5
1778833800,29517,29528,29476.25,29527.5
1778834100,29527.25,29564.5,29513.5,29548.5
1778834400,29547.5,29590.25,29547.5,29587.5
1778834700,29589.5,29590.5,29566.5,29569.5
1778835000,29569.5,29577,29547.75,29548.75
1778835300,29549.25,29566.25,29542,29553.75
1778835600,29555.5,29559.75,29537.25,29557.5
1778835900,29557.5,29578.75,29538,29555
1778836200,29555.5,29559,29524,29530.5
1778836500,29531.5,29537,29507.5,29515.25
1778836800,29515.5,29515.5,29479.5,29502.5
1778837100,29503,29544.75,29482.25,29543
1778837400,29541.75,29552.25,29513,29541.25
1778837700,29543,29545,29503.25,29524
1778838000,29523.25,29524.5,29491.25,29501.75
1778838300,29501.75,29501.75,29473,29498
1778838600,29498,29510.75,29466.5,29510.25
1778838900,29510.75,29545,29494.75,29512.75
1778839200,29515,29534,29492,29494
1778839500,29491.75,29559,29489.5,29543
1778839800,29543.75,29572.5,29542,29569
1778840100,29568,29582,29552.75,29556.25
1778840400,29556,29592.75,29554.5,29585.25
1778840700,29587,29607.25,29558,29565.25
1778841000,29563.5,29592.75,29557.75,29588.75
1778841300,29589.5,29596,29547.75,29551.25
1778841600,29550,29581,29534.5,29579.25
1778841900,29580,29629.25,29570.5,29611.75
1778842200,29607.25,29665,29602,29631
1778842500,29632.5,29645.75,29612.25,29617.75
1778842800,29618.25,29644.5,29595,29596.5
1778843100,29596.5,29614.5,29591.25,29599
1778843400,29598.25,29618.5,29589.5,29607.25
1778843700,29608.75,29615.75,29599,29606.5
1778844000,29606,29620.75,29585.5,29590
1778844300,29587.75,29609.25,29581.75,29594.75
1778844600,29595.75,29607.75,29561.5,29572
1778844900,29571.25,29588.25,29559.5,29566
1778845200,29567.25,29577.5,29556.5,29557.25
1778845500,29557,29586.25,29555.25,29579.5
1778845800,29581.25,29604.75,29571.75,29586.75
1778846100,29585,29589.5,29540.25,29544
1778846400,29544.5,29545,29518.75,29528.25
1778846700,29529.25,29533.75,29496,29515
1778847000,29515.5,29526.75,29458.25,29470.25
1778847300,29469.75,29501.5,29461.75,29497.25
1778847600,29497.75,29532.75,29495.5,29502.25
1778847900,29503.25,29503.75,29477.5,29486.25
1778848200,29486.5,29488.75,29445,29461.25
1778848500,29461.5,29462.25,29432.25,29451.75
1778848800,29450.75,29480,29448.75,29448.75
1778849100,29446.75,29455,29432,29442.5
1778849400,29442.75,29476,29442,29476
1778849700,29475.75,29493,29466.75,29479.5
1778850000,29480.5,29480.75,29442.75,29468.75
1778850300,29469,29477.25,29450,29460
1778850600,29461,29471.75,29450.75,29466.5
1778850900,29466.5,29499.75,29456.75,29490.75
1778851200,29491.25,29504.5,29485.5,29499.75
1778851500,29500.5,29577.75,29500,29567.75
1778851800,29567.5,29580.5,29478.25,29543.5
1778852100,29543.5,29546,29440.5,29455.75
1778852400,29457,29533.25,29450.5,29456.75
1778852700,29456.5,29513,29379.25,29509.25
1778853000,29509.25,29563.25,29452.75,29551.75
1778853300,29551.5,29577.5,29429,29432.75
1778853600,29433.5,29502.75,29421.5,29454
1778853900,29454,29524.75,29436,29502.25
1778854200,29501.75,29594.25,29482.75,29590.5
1778854500,29590.25,29652.75,29563.75,29638.5
1778854800,29639,29672.25,29623,29629.75
1778855100,29630.25,29634,29559.25,29581
1778855400,29581.75,29637.25,29575.5,29631.25
1778855700,29631.75,29646.75,29591.75,29612.75
1778856000,29611,29650,29611,29636.5
1778856300,29636.25,29643.5,29570.5,29580
1778856600,29580.5,29599,29537,29596.25
1778856900,29598,29618.75,29564.25,29570.75
1778857200,29570.5,29601.5,29541,29570.75
1778857500,29569.5,29609.75,29530,29609.25
1778857800,29608.5,29615,29554.5,29575.25
1778858100,29574.25,29611,29564.25,29602.75
1778858400,29603,29650.5,29601.25,29612.5
1778858700,29612.75,29634,29583.75,29623.5
1778859000,29623.25,29661.5,29621,29632.75
1778859300,29631.75,29671.5,29617,29622.75
1778859600,29621.75,29634,29560.75,29574.75
1778859900,29575.5,29590.75,29549.75,29558
1778860200,29559,29559.5,29517.5,29533.25
1778860500,29532.75,29575.25,29501.5,29570.75
1778860800,29571.5,29602.5,29554.25,29569
1778861100,29567.25,29590.75,29550.75,29586.75
1778861400,29586.75,29588,29541,29576.75
1778861700,29576.75,29578,29542.75,29562.25
1778862000,29562.25,29613.5,29557.5,29609.75
1778862300,29610.25,29626,29600.75,29621.75
1778862600,29622.5,29637.5,29611,29631.5
1778862900,29632,29634.25,29605.75,29623
1778863200,29624,29635.75,29606.25,29634.75
1778863500,29634.75,29640.5,29619.25,29623.25
1778863800,29622.5,29639.75,29569.25,29576
1778864100,29575.5,29619.5,29574.5,29612.25
1778864400,29612.75,29628.5,29601.5,29615
1778864700,29615.5,29644.75,29609.25,29639.5
1778865000,29639.5,29652.5,29631.25,29652
1778865300,29652,29656.25,29630.75,29655.75
1778865600,29655.75,29697.5,29649.25,29691.5
1778865900,29691.5,29719.5,29690.75,29707.25
1778866200,29707.25,29733.5,29702.75,29731
1778866500,29731.25,29736.25,29713.25,29728.75
1778866800,29729.25,29733,29694.25,29713.75
1778867100,29714.5,29724,29701.5,29706.5
1778867400,29706.5,29731.75,29706.5,29727.5
1778867700,29728,29743.25,29715,29736.75
1778868000,29738.5,29754.5,29736.25,29751.5
1778868300,29752,29776.25,29750.25,29759.25
1778868600,29758.25,29775,29754,29758.25
1778868900,29758,29761.75,29677.25,29685.75
1778869200,29685.25,29731.5,29679.25,29711
1778869500,29711,29721.5,29665.5,29674.25
1778869800,29675,29679,29605.5,29630
1778870100,29629.5,29673.75,29628.25,29672.5
1778870400,29671.75,29672.5,29638,29665.5
1778870700,29665.75,29668.75,29642.25,29661.75
1778871000,29661.5,29693,29652.25,29689.25
1778871300,29689.5,29696.5,29659.5,29679.25
1778871600,29679,29687.75,29640.5,29644.5
1778871900,29643,29653,29613.5,29621.75
1778872200,29621,29622,29589.5,29611.5
1778872500,29611,29612,29574.75,29591
1778872800,29591.25,29611.25,29577.75,29578
1778873100,29578,29592,29573.25,29580.75
1778873400,29579.25,29613.5,29577,29602.5
1778873700,29603,29622.25,29586,29617.75
1778874000,29620,29629.75,29581.75,29585.25
1778874300,29584.75,29596.5,29560,29589
1778874600,29589.25,29589.75,29519.75,29524.25
1778874900,29524.25,29538.5,29497.75,29520.75
1778875200,29520,29523.25,29426.5,29462.5
1778875500,29462.25,29464.5,29411.75,29417.25
1778875800,29417.5,29445.5,29400.5,29444.25
1778876100,29445,29483,29432.25,29460.75
1778876400,29460.25,29462.75,29434,29454.5
1778876700,29454.75,29470.75,29441,29465.5
1778877000,29465.25,29469.5,29455.5,29462
1778877300,29462,29468.75,29457.25,29461.75
1778877600,29461.5,29466.25,29457.25,29463
1778877900,29462.5,29469.75,29456.75,29465.75
1778878200,29466.25,29466.5,29458,29464.25
1778878500,29463.75,29488.25,29450,29462.5
1779055200,29424.5,29522.5,29399.5,29521.5
1779055500,29521.75,29573.25,29520.5,29559
1779055800,29559.75,29568.75,29534.5,29541.5
1779056100,29542.25,29553.25,29518,29536.75
1779056400,29540,29543.75,29480,29487.5
1779056700,29488,29516.75,29483,29511.75
1779057000,29513.25,29530,29504.25,29504.25
1779057300,29505,29549,29487,29546
1779057600,29545.5,29564,29537,29552.25
1779057900,29552.5,29557.5,29537.75,29540.25
1779058200,29539.75,29547,29519.75,29542.75
1779058500,29543,29547,29489.5,29522.25
1779058800,29522.5,29538,29505.75,29508.75
1779059100,29507.5,29507.75,29452.25,29477.75
1779059400,29479,29500.75,29471.75,29480.25
1779059700,29478.5,29484.75,29457,29464.5
1779060000,29465,29476.25,29436.5,29444.75
1779060300,29443.25,29447,29416.5,29429.5
1779060600,29428.5,29443.75,29408,29443.5
1779060900,29442.75,29454.5,29395,29401.75
1779061200,29402,29411.75,29301.25,29406.5
1779061500,29406,29442.75,29387,29431.25
1779061800,29431.75,29448,29401.25,29405.5
1779062100,29404,29430.25,29377.5,29408.5
1779062400,29406.25,29434.5,29347.5,29354.25
1779062700,29355.25,29355.25,29260.25,29264.25
1779063000,29267,29312,29227,29302.25
1779063300,29301.75,29326.5,29252.25,29287
1779063600,29285.5,29332.5,29285.25,29306
1779063900,29304.25,29327,29289.5,29301.25
1779064200,29301,29319.75,29253,29281
1779064500,29282,29306,29267.5,29270.25
1779064800,29269.25,29280.25,29238,29240
1779065100,29240,29289.25,29235,29283.25
1779065400,29281.75,29308,29265,29277.5
1779065700,29277.25,29328.5,29277.25,29323.25
1779066000,29322.75,29340.5,29278.25,29279.25
1779066300,29280.25,29303,29270.25,29296.5
1779066600,29296,29312.75,29254.5,29255.25
1779066900,29255,29274.25,29240,29253.5
1779067200,29253.75,29279.25,29228.25,29243.5
1779067500,29244,29274.5,29232.75,29247.75
1779067800,29247.25,29264.75,29230.25,29238
1779068100,29238,29262.5,29215.5,29249.25
1779068400,29248.25,29282,29239.5,29276.75
1779068700,29274.75,29308.25,29267,29297.5
1779069000,29297.25,29338.5,29295.75,29308.25
1779069300,29309,29328.5,29304,29312.75
1779069600,29311,29315.75,29281.75,29305
1779069900,29304.5,29306.5,29280.5,29292.75
1779070200,29293.25,29336.5,29284.5,29330
1779070500,29328.75,29361.5,29328.75,29345.25
1779070800,29346.75,29361.25,29330.25,29361.25
1779071100,29360.25,29383,29354.25,29379.5
1779071400,29379.25,29382.25,29353,29353.75
1779071700,29354,29354.75,29327.5,29334.25
1779072000,29333.75,29344,29326.5,29336.5
1779072300,29334.5,29341.75,29308.75,29309
1779072600,29309,29315,29286,29302.75
1779072900,29302.5,29317.5,29289.75,29300.25
1779073200,29301.25,29343.5,29297.75,29328.5
1779073500,29328,29351.5,29324.75,29344.25
1779073800,29340.5,29348.75,29300.25,29307.75
1779074100,29308.5,29328.75,29302.75,29305
1779074400,29304,29324.5,29301.5,29317
1779074700,29315.25,29333.5,29298.25,29328.25
1779075000,29329,29332.5,29293.25,29326
1779075300,29325.5,29343.75,29312.5,29340.25
1779075600,29339.75,29360.75,29337,29353.5
1779075900,29353.25,29357.75,29340.25,29347.75
1779076200,29349.5,29358,29330.5,29337.25
1779076500,29335.75,29353.5,29330.5,29345
1779076800,29345.5,29359.5,29343.5,29354.5
1779077100,29354,29373.25,29352.5,29371
1779077400,29371,29399.5,29369.25,29389.5
1779077700,29388.75,29406,29368.75,29391
1779078000,29389.75,29389.75,29340,29341.75
1779078300,29342.25,29342.25,29311.5,29317.75
1779078600,29317.5,29331.5,29309.5,29313.75
1779078900,29313.75,29336,29313.25,29319.75
1779079200,29318.75,29368.5,29318.5,29361.75
1779079500,29361.75,29375.75,29351.5,29356.5
1779079800,29355,29356,29333.5,29336.75
1779080100,29338,29344.25,29321.5,29340.5
1779080400,29340.75,29367.5,29329.5,29363.75
1779080700,29367.25,29386.25,29361.25,29382.5
1779081000,29384.5,29386.75,29351.75,29354.5
1779081300,29352,29352,29312.5,29317.25
1779081600,29317,29344.5,29310.75,29344.25
1779081900,29344.5,29356.75,29339,29352.75
1779082200,29354.25,29362.75,29336.75,29337.25
1779082500,29339.25,29377,29333,29374.25
1779082800,29373.5,29374.75,29342.5,29355.25
1779083100,29354,29368.5,29344.5,29365.75
1779083400,29365,29371,29352.5,29366
1779083700,29364.25,29364.5,29329.5,29332.75
1779084000,29331.5,29339.25,29307,29312
1779084300,29311.25,29345,29305.25,29328.5
1779084600,29330,29333.5,29313.75,29329.5
1779084900,29329,29347,29310,29310.5
1779085200,29309.5,29324.25,29299.75,29322.5
1779085500,29321.25,29330.75,29290.25,29292.5
1779085800,29295.25,29314.75,29280,29305.75
1779086100,29305.5,29329.75,29302.75,29317.75
1779086400,29316.5,29356.25,29316.5,29356
1779086700,29356.75,29385.5,29354.75,29369.75
1779087000,29369.5,29382.75,29362.5,29380.5
1779087300,29379.75,29402.5,29377.75,29401
1779087600,29401.25,29433,29401,29408.5
1779087900,29407.5,29418.5,29392.25,29397.5
1779088200,29394,29395,29371.5,29376.5
1779088500,29377.5,29382,29364,29373
1779088800,29372.25,29373.25,29349.5,29372.75
1779089100,29372.75,29443.75,29372.25,29440.25
1779089400,29439.75,29465.25,29429.75,29432.5
1779089700,29434,29435.25,29383.25,29383.5
1779090000,29382.75,29390.5,29358.5,29369.75
1779090300,29369.75,29409.75,29363.25,29388.5
1779090600,29389,29403.75,29369.75,29400.25
1779090900,29400.25,29418.25,29393.75,29410.5
1779091200,29411.25,29463.5,29411.25,29461.75
1779091500,29463.75,29479.75,29452.25,29466.25
1779091800,29464.25,29471,29446.75,29456.25
1779092100,29456,29460.5,29439.75,29452
1779092400,29451.75,29498,29450,29493
1779092700,29492.75,29514.75,29492.75,29511.5
1779093000,29510.75,29531,29494,29514.5
1779093300,29515.25,29515.25,29484.25,29498.25
1779093600,29498.25,29500.25,29477,29481.75
1779093900,29482,29502.25,29481.5,29497.25
1779094200,29496.75,29532,29496.5,29516
1779094500,29517.25,29531.75,29511.5,29530.5
1779094800,29530.25,29538.75,29503.5,29504.5
1779095100,29504.75,29514.5,29497.5,29501
1779095400,29500.25,29500.25,29483.5,29490.5
1779095700,29489,29506.5,29486.75,29488.75
1779096000,29489,29509.25,29489,29492.5
1779096300,29490,29494.5,29472.75,29492.25
1779096600,29493.5,29497.75,29486.25,29495
1779096900,29495.5,29498,29480,29490.25
1779097200,29490,29498.25,29483,29490
1779097500,29491.25,29502.75,29482,29489.5
1779097800,29490,29493.5,29458.5,29465
1779098100,29465.75,29483.5,29460.5,29478.5
1779098400,29479.5,29485.25,29440.5,29440.5
1779098700,29441.5,29442,29406,29407.5
1779099000,29409.25,29440.75,29408,29429
1779099300,29429.5,29437.25,29415.75,29429.5
1779099600,29430,29439.75,29423.5,29437.25
1779099900,29436.25,29440,29416.5,29424
1779100200,29425.5,29431.25,29377.5,29380.5
1779100500,29381,29393.25,29369.75,29379.5
1779100800,29380,29408.5,29379.75,29408.25
1779101100,29408,29434,29400.25,29432
1779101400,29430.75,29432,29412.25,29420.5
1779101700,29419.75,29422.5,29405.25,29409.5
1779102000,29409.75,29417.25,29388.75,29392.25
1779102300,29391.75,29395,29351,29354
1779102600,29353.75,29397,29341.5,29395
1779102900,29394.25,29414.25,29383.75,29410.5
1779103200,29411.75,29419.5,29397.5,29399
1779103500,29398.5,29405.5,29375.25,29379.75
1779103800,29379.5,29435.5,29377,29429.5
1779104100,29431.75,29507.5,29407.25,29504.25
1779104400,29504,29563.75,29503,29527.25
1779104700,29530.5,29531.75,29475.25,29486.75
1779105000,29486.75,29487.5,29465,29469.5
1779105300,29468.25,29483.25,29447.5,29467
1779105600,29468.25,29487.5,29461.25,29484
1779105900,29484.25,29524.5,29484.25,29513.75
1779106200,29513.75,29527.75,29498.25,29509
1779106500,29507.75,29511.5,29475.75,29482.5
1779106800,29479.5,29509.5,29479,29504.5
1779107100,29504.5,29505.75,29485.75,29491
1779107400,29491.25,29536.25,29476.5,29533.75
1779107700,29534,29577.5,29532.75,29557.5
1779108000,29557.5,29613.75,29550,29608
1779108300,29607.75,29688.5,29602.5,29678.25
1779108600,29678.75,29695.25,29661.5,29682.75
1779108900,29683.5,29709.25,29663,29697.5
1779109200,29697.75,29708.5,29642.5,29668
1779109500,29668.25,29689,29649,29666.25
1779109800,29666,29679.25,29655,29668.25
1779110100,29668,29670,29642,29652.75
1779110400,29652.5,29664.75,29645.75,29664
1779110700,29664.5,29670.75,29623.25,29627.5
1779111000,29628,29645.75,29565.75,29577.75
1779111300,29577.5,29591.25,29529.5,29552.5
1779111600,29553,29572.25,29449.5,29456
1779111900,29457,29495.5,29424.5,29448
1779112200,29448,29567.5,29446.5,29562
1779112500,29562.5,29598.25,29517.5,29533.25
1779112800,29532,29532.5,29430,29450.5
1779113100,29450.75,29547,29418.5,29540
1779113400,29539.5,29561.5,29507.25,29551
1779113700,29548.75,29588.5,29494.5,29541.5
1779114000,29540.75,29555.25,29487.5,29495
1779114300,29494.25,29521.25,29426.75,29442.75
1779114600,29443.5,29465.25,29302.25,29314
1779114900,29314,29367.25,29260.25,29349.25
1779115200,29348.75,29411.25,29302.75,29377.25
1779115500,29377.25,29386.25,29292,29307.5
1779115800,29307.25,29398.5,29293,29348.25
1779116100,29346.75,29391.25,29336.5,29372
1779116400,29371.75,29415.75,29325.5,29362.75
1779116700,29361,29374.5,29305,29308
1779117000,29308,29377,29295.5,29355.25
1779117300,29355.5,29359.25,29283,29297.25
1779117600,29297.75,29318.5,29270,29297
1779117900,29296.25,29335.5,29245.75,29250.25
1779118200,29249.75,29305.25,29231,29301.25
1779118500,29302.25,29354.75,29297.75,29316.5
1779118800,29316.5,29350,29288,29290.25
1779119100,29289.25,29330.75,29281.5,29299.75
1779119400,29300.5,29327.5,29268,29318
1779119700,29318.5,29336,29276.75,29286.75
1779120000,29285.75,29298.25,29241.25,29261
1779120300,29260.5,29296.75,29253,29283
1779120600,29285,29319.5,29279.5,29317
1779120900,29316,29332.5,29306.25,29318.5
1779121200,29318.5,29363.5,29264.25,29283.25
1779121500,29284.25,29288.75,29148.75,29168
1779121800,29167.25,29229.5,29132,29198.5
1779122100,29198.5,29251,29188.75,29228.25
1779122400,29229,29237,29206,29212.25
1779122700,29211.25,29229,29197.25,29220.75
1779123000,29220.5,29311.75,29216,29309.75
1779123300,29310,29335,29284.5,29295.5
1779123600,29294.25,29306.75,29256.25,29297.5
1779123900,29297.25,29326,29286.25,29305
1779124200,29305.25,29327.5,29284.5,29285.25
1779124500,29284.5,29306.75,29274,29297.25
1779124800,29297.5,29302.25,29255.75,29267
1779125100,29268,29303.25,29255.75,29299
1779125400,29299.25,29304.75,29260.75,29273.25
1779125700,29274.5,29277.25,29249.25,29265.75
1779126000,29265.25,29319.25,29260.5,29300.75
1779126300,29301.25,29306.25,29261.5,29271.25
1779126600,29271,29310.75,29266.75,29295.5
1779126900,29296.75,29312.5,29281.25,29303.5
1779127200,29303.75,29310,29235.75,29241.75
1779127500,29242.5,29258.25,29222,29227
1779127800,29227.5,29237.75,29203.75,29206.5
1779128100,29205.5,29208,29140,29157
1779128400,29156.25,29167.75,29136.75,29156.25
1779128700,29156,29184.5,29124.25,29182
1779129000,29182.25,29204.5,29164.75,29175
1779129300,29175.25,29193.25,29146.25,29148.5
1779129600,29148,29165.25,29132.75,29163.25
1779129900,29162.5,29171.75,29113.25,29124.5
1779130200,29123.75,29135.25,29104.25,29114
1779130500,29113,29151.25,29106.25,29129.5
1779130800,29131.75,29359.75,29127.25,29274.75
1779131100,29276.5,29308.25,29207.75,29257
1779131400,29257,29284.75,29240.5,29249
1779131700,29248.75,29262.75,29210.25,29223.75
1779132000,29224.25,29250.25,29197.25,29204.75
1779132300,29204.75,29216.25,29171,29212
1779132600,29212.5,29263.25,29202.75,29241.5
1779132900,29243,29304.75,29239.25,29302
1779133200,29302.5,29344.75,29301.75,29343
1779133500,29343,29377.25,29331.25,29370.5
1779133800,29369,29403.5,29347.25,29397.25
1779134100,29396.75,29397.25,29358.75,29388.25
1779134400,29388.25,29399.5,29370.75,29371.25
1779134700,29371.75,29380.5,29358,29370.5
1779135000,29370.5,29378.5,29363.5,29369.5
1779135300,29369.25,29380.5,29365.75,29366.75
1779135600,29366.75,29380.25,29362,29378.75
1779135900,29378.75,29380.75,29371,29375.75
1779136200,29376,29384,29361.5,29363.75
1779136500,29363.75,29370.5,29363,29369
1779136800,29368.5,29380.5,29363,29376.75
1779137100,29377.5,29381.25,29374.25,29380.5
1779137400,29379.25,29380,29368.5,29370.25
1779137700,29370.5,29376.5,29364.5,29365.5
1779141600,29389.5,29422.75,29379.75,29416.75
1779141900,29416.75,29448.5,29407.25,29417
1779142200,29418.25,29423.75,29395.5,29407.5
1779142500,29406.5,29423,29406,29421
1779142800,29419.75,29453.75,29419.75,29449
1779143100,29448.5,29453,29430.5,29447.5
1779143400,29447.5,29463,29443,29447.5
1779143700,29448.5,29461.5,29448.25,29460
1779144000,29458.5,29462.75,29437.5,29443.75
1779144300,29443,29444.5,29424.5,29432.25
1779144600,29433.5,29444.75,29422,29442
1779144900,29441,29448.25,29438,29447.5
1779145200,29447.5,29474.5,29444,29466.5
1779145500,29465.5,29469.5,29439.5,29469.5
1779145800,29469.5,29469.5,29448.75,29451
1779146100,29451,29451,29433.5,29441
1779146400,29441,29455.25,29436.25,29446.25
1779146700,29446.25,29459,29442.5,29452
1779147000,29450,29453.75,29439.5,29447
1779147300,29448.5,29449,29437.25,29444.75
1779147600,29444.5,29453.5,29444.5,29447.25
1779147900,29448.25,29449.75,29424.5,29430.5
1779148200,29428.25,29432.75,29403.75,29408
1779148500,29408.5,29426.75,29405,29424.25
1779148800,29424,29442,29381,29385.75
1779149100,29387,29428.75,29376,29423
1779149400,29425,29437.75,29407.5,29408.75
1779149700,29409,29421.5,29381.75,29421.5
1779150000,29419.5,29478,29412,29423.75
1779150300,29424,29451.75,29421,29451.75
1779150600,29452,29462.75,29442,29455.25
1779150900,29455.75,29457.25,29412.5,29412.5
1779151200,29411.75,29426.25,29403.75,29417.5
1779151500,29418.5,29428.75,29408.75,29424.75
1779151800,29424.75,29427.5,29365.75,29381
1779152100,29381,29394.5,29368.25,29373.5
1779152400,29370.25,29370.75,29332.75,29351.5
1779152700,29353.25,29377.75,29345.5,29372
1779153000,29372,29387,29346.25,29353.5
1779153300,29355.5,29361.5,29319.75,29325.5
1779153600,29324.5,29328,29284.5,29288.25
1779153900,29287.25,29313,29279,29312
1779154200,29312,29315,29286.75,29309.5
1779154500,29310.75,29354.5,29305.5,29347.75
1779154800,29349.25,29369,29330.5,29358
1779155100,29358,29367.25,29332,29339.25
1779155400,29339,29351.25,29329,29334
1779155700,29336,29336,29300.5,29303
1779156000,29302,29302,29254,29266.25
1779156300,29265,29284.5,29222.75,29227
1779156600,29224.5,29258.75,29219.25,29252.25
1779156900,29251.75,29252.75,29224.5,29248.75
1779157200,29250,29269.5,29248.75,29258.75
1779157500,29258.25,29281.5,29255.75,29262.75
1779157800,29261,29279.25,29253.5,29259.25
1779158100,29260.25,29271.75,29256,29261.75
1779158400,29259.75,29288.5,29253.75,29287.5
1779158700,29287,29304,29272.75,29283.25
1779159000,29283.5,29288,29255.5,29272.5
1779159300,29274,29276.5,29254,29261.5
1779159600,29261,29263,29234.25,29249.25
1779159900,29249.5,29277.25,29245.25,29276.75
1779160200,29276,29292,29274.5,29279.5
1779160500,29281.75,29294,29269.25,29286
1779160800,29287.5,29288,29270.75,29286.5
1779161100,29287,29303.25,29283.25,29298.75
1779161400,29298.5,29327.5,29298.5,29315.75
1779161700,29313.25,29323.5,29307.5,29316.25
1779162000,29316.75,29321,29300.75,29308.25
1779162300,29306.25,29306.25,29283.75,29295.75
1779162600,29296.75,29300.5,29278.5,29289.5
1779162900,29289.25,29290.5,29271.25,29279.25
1779163200,29280.5,29280.5,29221.5,29233.5
1779163500,29233.5,29245,29226.5,29241.25
1779163800,29241,29257.75,29237.5,29246
1779164100,29246.75,29246.75,29212.25,29218.5
1779164400,29218.5,29237,29205.75,29219.5
1779164700,29222,29222.25,29194.5,29216.75
1779165000,29217.75,29238.5,29213.25,29234
1779165300,29234.25,29263.5,29228.75,29241
1779165600,29239.25,29262.5,29239.25,29241.25
1779165900,29241.75,29258,29225,29225.5
1779166200,29225.25,29254,29216,29248.75
1779166500,29247.5,29261.75,29241.5,29253
1779166800,29253.75,29271.5,29232.5,29234.75
1779167100,29235,29255.75,29218.5,29252
1779167400,29253.5,29262.5,29240.75,29245.75
1779167700,29247.25,29249.75,29221.5,29231.5
1779168000,29231.5,29238.5,29174.5,29195
1779168300,29194,29255.5,29193.25,29247.25
1779168600,29248.25,29248.25,29214.25,29219
1779168900,29217.5,29252.75,29210.25,29241.25
1779169200,29240.5,29259.5,29217,29220
1779169500,29220.25,29241.75,29216.5,29236.25
1779169800,29235.75,29239.25,29220.75,29228.75
1779170100,29232.5,29232.5,29210,29224.5
1779170400,29225.75,29229.25,29194.5,29218.75
1779170700,29217.75,29223.75,29203,29216.75
1779171000,29213.75,29259.75,29209,29256.25
1779171300,29256.75,29269.25,29235.5,29268
1779171600,29268.5,29276,29264.25,29268.75
1779171900,29267.5,29285.5,29263.5,29273
1779172200,29272.75,29283.75,29256,29263.75
1779172500,29264,29294.5,29255.25,29288.5
1779172800,29289.75,29308.75,29280,29305
1779173100,29302.25,29304.5,29276.5,29293.5
1779173400,29293.25,29307,29291.25,29296.25
1779173700,29297,29311.25,29295.75,29310
1779174000,29310.25,29311,29295.25,29302
1779174300,29300.75,29369.5,29300.5,29363.75
1779174600,29363.5,29373.75,29332.25,29349.25
1779174900,29350,29352.75,29333.25,29349.5
1779175200,29349.5,29358.5,29341.25,29356.25
1779175500,29356.75,29363.25,29345.5,29351.25
1779175800,29351.25,29354.5,29336.25,29338
1779176100,29337.75,29367,29331.5,29367
1779176400,29365.75,29390,29358.25,29374
1779176700,29374.75,29414.75,29371.25,29393.25
1779177000,29393.5,29405.75,29383.25,29393.5
1779177300,29395.5,29403.75,29389.75,29392.25
1779177600,29392.75,29406.5,29374.25,29374.5
1779177900,29374.75,29376.5,29336.25,29344.25
1779178200,29344.5,29350.5,29309.5,29326.5
1779178500,29328,29342.5,29313.5,29329.25
1779178800,29329.25,29336.75,29292.75,29295
1779179100,29293.75,29295.75,29263.25,29279.25
1779179400,29278.5,29299.5,29272.75,29290.5
1779179700,29290,29301.25,29276,29297.25
1779180000,29299.25,29311.75,29296,29301.75
1779180300,29301.75,29320.5,29301.25,29315.25
1779180600,29315.5,29323,29298,29300.5
1779180900,29299.5,29314.25,29293,29295.25
1779181200,29294.25,29295,29269.5,29286
1779181500,29283.5,29286,29269.75,29282
1779181800,29281.75,29283.5,29259.25,29262
1779182100,29261,29263.75,29215,29227.75
1779182400,29228.25,29243.25,29221.75,29233.25
1779182700,29231.75,29233.5,29182.5,29191
1779183000,29193,29207.25,29137.75,29151.25
1779183300,29152,29176,29147.75,29167.75
1779183600,29167.5,29169.75,29125.5,29131
1779183900,29130,29165,29129,29160.25
1779184200,29161.75,29182.75,29161.5,29177.75
1779184500,29179.5,29219.75,29175.25,29204.75
1779184800,29204,29211.5,29193,29194.75
1779185100,29195.25,29205.25,29184.75,29185.25
1779185400,29185.5,29197,29164.5,29195
1779185700,29195.25,29195.75,29182.5,29189.25
1779186000,29192.25,29200,29173.5,29196.5
1779186300,29197.5,29202.75,29182,29192.75
1779186600,29193.25,29220.5,29184.75,29212.5
1779186900,29211.5,29213,29145.25,29170
1779187200,29172.75,29174.75,29129.5,29143
1779187500,29145.25,29185,29129.5,29170.25
1779187800,29168,29198.5,29165.75,29180.75
1779188100,29179.5,29219,29179.5,29213.25
1779188400,29212.75,29240.25,29210,29226.25
1779188700,29228.5,29228.5,29207.75,29227.75
1779189000,29228.75,29228.75,29198,29205
1779189300,29203.5,29220.25,29187.75,29217.75
1779189600,29219,29219,29193.5,29199
1779189900,29200,29206,29184,29201
1779190200,29201,29231.5,29201,29218
1779190500,29219.25,29222,29195.25,29198.75
1779190800,29196.5,29202.75,29180,29186.75
1779191100,29185.5,29187.25,29168.75,29179.75
1779191400,29179,29186.75,29163,29170
1779191700,29171,29171.5,29143.25,29143.25
1779192000,29144,29167.5,29120.5,29154
1779192300,29153.25,29162.75,29142.5,29154.5
1779192600,29155.75,29178.75,29153.75,29169.5
1779192900,29169,29177,29140.75,29155.75
1779193200,29156.75,29166.75,29144.25,29161.5
1779193500,29162.5,29164,29131.5,29157.25
1779193800,29156.25,29184,29147.25,29182.75
1779194100,29182.5,29227.25,29181.25,29212
1779194400,29212,29225.5,29198.25,29205.5
1779194700,29205,29225.5,29198.5,29223.75
1779195000,29224,29227.25,29210,29216.5
1779195300,29218.5,29223.25,29198,29202.25
1779195600,29201.75,29215.25,29191.5,29193
1779195900,29192.75,29196,29124.5,29146.5
1779196200,29146,29166,29129.75,29165.25
1779196500,29165.75,29169,29129.5,29130.75
1779196800,29130,29146.25,29094.25,29126.25
1779197100,29124.75,29143.5,29092.25,29139
1779197400,29139.75,29288.5,29139.75,29247.25
1779197700,29246.75,29357.5,29227.75,29327.5
1779198000,29324.75,29333.75,29193.25,29199.25
1779198300,29199.75,29298.75,29158.25,29234.75
1779198600,29233.5,29299.5,29205.5,29287.75
1779198900,29287.5,29317.5,29208.75,29228.25
1779199200,29227.5,29233.5,29155.75,29205
1779199500,29204.25,29215.5,29058,29082.25
1779199800,29082,29118.75,29019.75,29026.25
1779200100,29026.75,29036.5,28980.75,28999.25
1779200400,28999.25,29018.5,28952.5,29018
1779200700,29017.25,29044.5,28979,29001.25
1779201000,29001,29054.5,28973.5,28990.25
1779201300,28990,29060.25,28989,29053
1779201600,29052.75,29090.5,29012.5,29034.25
1779201900,29033,29049.25,28964.5,28999
1779202200,28998,29051.5,28984.5,29030.5
1779202500,29030.25,29096.5,29021.25,29093.5
1779202800,29093.25,29124.5,29070.25,29101
1779203100,29102,29108,29044.5,29082.25
1779203400,29083.5,29125.5,29083.5,29117.25
1779203700,29118.75,29149.5,29077,29077.5
1779204000,29078.25,29109,29033.5,29035.25
1779204300,29033.5,29085,29015.5,29060.25
1779204600,29060,29127.75,29047.25,29083
1779204900,29083,29146,29068,29133.75
1779205200,29134.75,29167.25,29115.5,29144.5
1779205500,29146.25,29153,29111.5,29142.75
1779205800,29142.75,29148.5,29090.75,29110.75
1779206100,29110.25,29114,29069.25,29105.25
1779206400,29107.5,29170,29103.75,29160.25
1779206700,29159.5,29163.75,29096,29097.75
1779207000,29097.25,29121,29081,29104
1779207300,29105,29156.5,29103.75,29150.75
1779207600,29150,29167.25,29132,29167.25
1779207900,29166,29212.25,29165.25,29200.25
1779208200,29197.5,29244.75,29191.75,29236
1779208500,29235.5,29261,29213.75,29255.75
1779208800,29255.25,29279.75,29251.25,29278.5
1779209100,29278.5,29285.5,29256.75,29270.5
1779209400,29269.75,29313.5,29258.75,29313
1779209700,29313.25,29324.25,29297.75,29311.25
1779210000,29312,29347,29300.5,29344.25
1779210300,29344.25,29361.75,29331.25,29359.5
1779210600,29359,29370,29344.75,29363.25
1779210900,29363.25,29394.75,29363.25,29391.25
1779211200,29390.75,29416,29378,29402
1779211500,29401.25,29405.5,29351,29371.5
1779211800,29371.75,29408.5,29368.5,29371
1779212100,29370.25,29395.5,29368,29389.5
1779212400,29391.25,29401.75,29373.75,29379
1779212700,29379.25,29381.5,29325,29355.25
1779213000,29355.5,29355.5,29296.5,29325.5
1779213300,29326.75,29362.5,29322.75,29358.25
1779213600,29358.75,29379.75,29353.25,29372.5
1779213900,29372.75,29389.5,29367.25,29383.75
1779214200,29383,29391.25,29361,29362
1779214500,29361.75,29371.25,29341.5,29350.75
1779214800,29349.75,29352.25,29296.25,29327.75
1779215100,29327.75,29355,29308.5,29313
1779215400,29313.25,29338.5,29297.5,29330.5
1779215700,29330.25,29351,29302.25,29305
1779216000,29304.75,29316.5,29290,29306.75
1779216300,29306.25,29311.5,29281.75,29306
1779216600,29305.5,29310.25,29262.75,29265
1779216900,29263.25,29263.25,29231.25,29249
1779217200,29249.25,29287.25,29247.25,29267
1779217500,29268.5,29306.25,29248,29296
1779217800,29295.75,29344.5,29294,29342.5
1779218100,29342.75,29349.25,29291.25,29292.25
1779218400,29290.75,29301.5,29230.5,29231.25
1779218700,29230.75,29272.25,29214,29267
1779219000,29266.75,29293.5,29251.75,29258
1779219300,29258,29265.25,29225.5,29242.75
1779219600,29241.25,29244.25,29216,29221.25
1779219900,29221.5,29231.5,29202,29209.25
1779220200,29209,29226,29161,29171
1779220500,29171.5,29218.5,29156.5,29214
1779220800,29214,29219.25,29186.5,29191.75
1779221100,29192.75,29226.75,29187.5,29217
1779221400,29217.5,29231,29206.5,29212.5
1779221700,29212,29219.25,29198.5,29203.25
1779222000,29202.5,29209.75,29193.5,29201.25
1779222300,29201.5,29212,29191.5,29198
1779222600,29198,29200.5,29188.5,29193.25
1779222900,29192.75,29199.75,29187.25,29189.25
1779223200,29188.75,29195.25,29185.5,29189
1779223500,29189.25,29193.25,29181.25,29185
1779223800,29186,29192,29179.75,29186.25
1779224100,29185.5,29189,29177,29188.75
1779228000,29219.25,29223.5,29203.5,29213.25
1779228300,29212.75,29245.5,29209.75,29241.75
1779228600,29244.5,29246,29211.5,29215.5
1779228900,29214,29218,29186.5,29189.25
1779229200,29190.5,29208.25,29183.5,29194
1779229500,29191.25,29191.25,29152.75,29167.25
1779229800,29166.5,29203.75,29158.75,29191.5
1779230100,29190,29199.25,29176.25,29177.25
1779230400,29177.5,29183.25,29158.5,29176.25
1779230700,29178.75,29188,29160.25,29188
1779231000,29187.25,29195.75,29176.75,29192.5
1779231300,29191.75,29203,29188.25,29201
1779231600,29200,29209.25,29193.5,29207
1779231900,29206.75,29217.75,29200,29216
1779232200,29218,29240,29217.75,29234.5
1779232500,29236,29260.75,29229.25,29252
1779232800,29252.5,29263.5,29245.5,29246.25
1779233100,29247.5,29260.75,29243.25,29259.5
1779233400,29259.5,29313.75,29259.25,29307.25
1779233700,29308.5,29309.5,29273.75,29281.75
1779234000,29280.75,29290.75,29274.25,29283.25
1779234300,29284.5,29285.25,29257.25,29262.25
1779234600,29259.75,29266.25,29239.75,29254.75
1779234900,29253,29257.25,29234.5,29239.5
1779235200,29239.5,29240,29195.75,29205.25
1779235500,29205.5,29214.5,29144.5,29170.25
1779235800,29167.75,29179,29105.25,29120.75
1779236100,29119.75,29130.25,29086.75,29114.75
1779236400,29116,29133.25,29096.5,29128.5
1779236700,29128,29183.5,29124.75,29182.25
1779237000,29183.75,29238.25,29180.75,29215.75
1779237300,29216.25,29234.5,29192.5,29199
1779237600,29198.75,29231,29187.5,29216.75
1779237900,29219.5,29245.5,29212,29234.25
1779238200,29233.25,29261,29217.75,29249
1779238500,29249.75,29254.25,29220.75,29228.25
1779238800,29229,29237.75,29200.75,29230
1779239100,29231.5,29244,29189.5,29242
1779239400,29242.75,29269,29238.5,29265.25
1779239700,29262.25,29268.5,29242.5,29259.25
1779240000,29259.25,29274.25,29227.5,29231
1779240300,29229,29240.5,29191,29199
1779240600,29199,29213.5,29169,29170.75
1779240900,29170.75,29196.25,29147.75,29191.5
1779241200,29192,29194.75,29156.5,29194
1779241500,29193,29230.5,29188.75,29229.5
1779241800,29226.75,29288.5,29225,29271.25
1779242100,29271.5,29280,29261,29269.75
1779242400,29271.5,29282.5,29256,29263.25
1779242700,29263.25,29276.25,29254.5,29258
1779243000,29256.25,29277.75,29256,29272.25
1779243300,29273.5,29289.75,29263.75,29272.5
1779243600,29274,29306.75,29268.25,29290.75
1779243900,29293,29297.25,29246.5,29246.5
1779244200,29245.75,29247.5,29174.75,29208.75
1779244500,29207.5,29210.75,29177.25,29188.75
1779244800,29188,29205.5,29174,29174.25
1779245100,29173,29196.5,29160.25,29170
1779245400,29170.25,29183.75,29155.75,29175
1779245700,29176.25,29191,29167.75,29174.25
1779246000,29174.25,29174.25,29142.75,29148.25
1779246300,29146.25,29159.25,29143,29153.25
1779246600,29154,29154.5,29128.5,29134.5
1779246900,29133.25,29168.75,29129.75,29168.75
1779247200,29167,29171.25,29137.75,29139.5
1779247500,29139,29179.5,29138,29171.75
1779247800,29172.5,29177.5,29147.75,29173.75
1779248100,29174.25,29201.5,29169.5,29200
1779248400,29200.5,29203.5,29180.25,29182.75
1779248700,29183.5,29188.5,29171.25,29178.5
1779249000,29178.25,29185.5,29169,29175
1779249300,29175.5,29195.5,29171.5,29185
1779249600,29188,29227,29188,29212
1779249900,29214.75,29221.75,29208.5,29219.75
1779250200,29219.25,29231.75,29193.75,29229.75
1779250500,29229,29239,29207.5,29209
1779250800,29208.75,29222.25,29202.5,29215
1779251100,29212.75,29221.25,29200.5,29217.5
1779251400,29218.75,29220.25,29191.75,29196
1779251700,29194,29194,29177.5,29183.5
1779252000,29184,29190.5,29173,29173
1779252300,29173.5,29183.75,29171.5,29177.75
1779252600,29178.5,29188.25,29164.25,29168.75
1779252900,29169.25,29177.75,29160,29171.75
1779253200,29174.5,29230.75,29174.5,29216.5
1779253500,29215.5,29226.75,29209.75,29209.75
1779253800,29210.75,29216.5,29199.75,29202.5
1779254100,29201.5,29201.5,29178,29198.75
1779254400,29199.5,29229.5,29199.5,29226
1779254700,29225,29228,29193.75,29201.5
1779255000,29203.5,29253.75,29203.5,29242.5
1779255300,29243.25,29269.5,29239,29268
1779255600,29269.5,29272,29232.5,29234.75
1779255900,29234.25,29234.75,29207.5,29213.25
1779256200,29213.25,29252,29204,29248.5
1779256500,29246.75,29253.25,29239.75,29244.5
1779256800,29242,29265.75,29240.25,29257.75
1779257100,29259.25,29262.5,29244.25,29253
1779257400,29251.25,29262.25,29246,29262.25
1779257700,29263,29314.5,29263,29309.25
1779258000,29309.5,29316.25,29298.25,29305
1779258300,29305.5,29308.5,29291.5,29300.75
1779258600,29302,29305.25,29284.75,29286
1779258900,29285,29304.75,29278.25,29290.25
1779259200,29290.25,29290.25,29271.25,29277.25
1779259500,29278.5,29290.75,29277.25,29288.5
1779259800,29290.25,29325,29287.5,29315
1779260100,29316.75,29329.25,29310.25,29328.25
1779260400,29329,29336.25,29313,29319.75
1779260700,29318.75,29334,29314.5,29331.75
1779261000,29333,29341.5,29318.75,29322.25
1779261300,29321,29335.25,29320,29333
1779261600,29332.5,29352,29332.5,29350.25
1779261900,29353.75,29354.5,29337.5,29344.25
1779262200,29343.5,29345,29327.5,29332.75
1779262500,29333.25,29333.5,29310.25,29325.5
1779262800,29326,29348,29319.25,29336.5
1779263100,29335.5,29339.25,29317.25,29319.5
1779263400,29320.5,29326,29303.75,29326
1779263700,29326,29338.25,29316.75,29316.75
1779264000,29317,29360.75,29313.5,29358.25
1779264300,29359,29376.25,29346.5,29350.75
1779264600,29351.25,29372.75,29338,29369.75
1779264900,29369.5,29378.75,29352.25,29375.75
1779265200,29374.25,29376.25,29349.5,29371.75
1779265500,29372.75,29384.5,29362.75,29382.25
1779265800,29384.25,29399.5,29376.5,29394.5
1779266100,29393.75,29412.75,29382,29407.25
1779266400,29406,29411.25,29395.25,29406.5
1779266700,29407.5,29426.25,29403.5,29417.5
1779267000,29418.5,29419.75,29399.5,29405.25
1779267300,29407.5,29407.5,29385.75,29388.75
1779267600,29385.25,29389.25,29375.75,29384.5
1779267900,29384.5,29387,29370.25,29373.75
1779268200,29374.25,29390,29360.25,29360.5
1779268500,29359.5,29379,29356.25,29376.5
1779268800,29379.25,29382,29358,29364
1779269100,29365.25,29375.75,29361,29373.25
1779269400,29374.5,29387.25,29373.75,29385
1779269700,29385.25,29386,29376.25,29381.5
1779270000,29382.25,29393.25,29382.25,29389
1779270300,29389.5,29401.25,29386,29399.5
1779270600,29399.75,29439.25,29390.25,29419
1779270900,29419,29428.75,29407,29413.5
1779271200,29414.25,29445.25,29412.5,29430
1779271500,29427.75,29443.5,29427,29431.75
1779271800,29430,29432.5,29420.75,29428.75
1779272100,29430,29431.25,29410.5,29414.5
1779272400,29415.75,29429.25,29411.75,29419.5
1779272700,29418,29421.25,29407.5,29413.75
1779273000,29415,29435,29411.75,29432
1779273300,29432,29447.25,29418.75,29420.75
1779273600,29421,29426.75,29412.5,29420
1779273900,29421.25,29430,29411.25,29412
1779274200,29412,29418.25,29404.25,29408.5
1779274500,29406.5,29408.75,29393,29398.5
1779274800,29399.5,29418.5,29386,29392.25
1779275100,29391.5,29408.75,29391.5,29397
1779275400,29398,29410.5,29380.75,29386.75
1779275700,29385.75,29400,29384.75,29392.25
1779276000,29392.25,29411.75,29392.25,29409
1779276300,29407.5,29410.5,29396,29407.75
1779276600,29408.75,29417,29402.75,29408.5
1779276900,29407.75,29413,29384.25,29389.25
1779277200,29389.5,29398.5,29367.75,29379
1779277500,29378.5,29389.25,29353,29362.5
1779277800,29361.5,29377.5,29354.25,29377
1779278100,29375,29386,29370,29370.25
1779278400,29371.25,29400,29362.75,29398.5
1779278700,29398,29412,29393,29397.75
1779279000,29398,29413.25,29391.5,29411
1779279300,29409.75,29418,29405.25,29412.5
1779279600,29412.5,29423.25,29399.25,29423
1779279900,29423.25,29450.75,29421.25,29436
1779280200,29437,29458.75,29424.25,29456.25
1779280500,29456.25,29457.25,29423,29429.75
1779280800,29429.25,29432.25,29412.25,29416.75
1779281100,29416.75,29437,29415,29432.5
1779281400,29432.5,29433,29414.75,29431.5
1779281700,29432.25,29433.5,29392.5,29394
1779282000,29393.25,29406.25,29387.25,29396.25
1779282300,29397.75,29407.25,29393,29399.25
1779282600,29399,29402,29386,29390
1779282900,29389.25,29393.25,29377.25,29383
1779283200,29381.25,29406.5,29378.5,29404.5
1779283500,29404.25,29404.25,29346,29363.25
1779283800,29363,29444,29359,29425
1779284100,29424,29431.5,29312.75,29355.75
1779284400,29356.25,29439.5,29328,29432
1779284700,29432.25,29484.25,29404.25,29424.25
1779285000,29424.5,29455.25,29354.5,29373.75
1779285300,29375.5,29397,29336.75,29390
1779285600,29390.25,29409.25,29349.5,29366.5
1779285900,29365,29390.25,29346.25,29363.25
1779286200,29363.25,29419.5,29298,29377.75
1779286500,29376.75,29523.25,29364,29456.5
1779286800,29457.75,29516.5,29425.75,29433
1779287100,29432.75,29500,29407,29499.25
1779287400,29498.25,29552.5,29498,29504
1779287700,29503.75,29514.75,29462.5,29491.75
1779288000,29489.25,29514.25,29476.5,29513.25
1779288300,29513.5,29526.25,29464.75,29487.25
1779288600,29487.75,29543,29478,29533.75
1779288900,29531.75,29569,29522,29551
1779289200,29551,29571,29520.25,29528.25
1779289500,29527,29554.5,29524,29547
1779289800,29546.75,29554.5,29533.25,29545.5
1779290100,29544.5,29685,29544.5,29613
1779290400,29611.75,29634.5,29594,29604
1779290700,29600.5,29611.5,29573.25,29581.75
1779291000,29583,29616.25,29578.5,29616.25
1779291300,29616.5,29623.75,29598,29603.75
1779291600,29603.25,29618.5,29588.5,29609.25
1779291900,29609.5,29635.25,29605.25,29633.75
1779292200,29634.5,29648.25,29622.25,29635.25
1779292500,29635,29641,29595.25,29621
1779292800,29621,29627,29591.5,29604.75
1779293100,29604.75,29618.5,29589.5,29601.25
1779293400,29601.25,29608.5,29575.75,29588.75
1779293700,29589,29590,29536.75,29548
1779294000,29548.25,29557,29515.25,29528.5
1779294300,29528.75,29531.75,29499.5,29525.25
1779294600,29525.75,29555,29510.5,29522
1779294900,29522,29542.75,29511.75,29523.5
1779295200,29524,29578.5,29518.5,29577.75
1779295500,29577,29585.75,29526,29544
1779295800,29544,29561.5,29540,29558.25
1779296100,29558.75,29563.75,29514,29551.25
1779296400,29552.5,29573.25,29533.75,29538.75
1779296700,29538.25,29549.5,29526,29532.5
1779297000,29534.25,29594.25,29518.5,29572.25
1779297300,29572,29580.25,29550.5,29567.75
1779297600,29567.75,29585.25,29552.25,29561.25
1779297900,29561.25,29595.5,29556.75,29584
1779298200,29584.75,29600.5,29563.25,29577
1779298500,29575.5,29615.5,29571.75,29596.5
1779298800,29595.5,29598.5,29579.5,29592.25
1779299100,29593.5,29600.25,29577.25,29589.75
1779299400,29589.5,29595.75,29573.5,29573.75
1779299700,29574.5,29594,29571.75,29590.75
1779300000,29592,29612.25,29564.75,29609.25
1779300300,29608.75,29615.5,29595.25,29602.75
1779300600,29603.25,29609.75,29587.25,29596.75
1779300900,29596.75,29606.5,29588.5,29594.25
1779301200,29594.5,29601.25,29569,29571.5
1779301500,29571,29596.5,29567.75,29595
1779301800,29595.75,29606.5,29589,29600.5
1779302100,29600.25,29634.5,29598,29624.25
1779302400,29624,29627.75,29585.5,29587.75
1779302700,29587.25,29605.75,29582.5,29593
1779303000,29592.5,29601.5,29577.75,29587
1779303300,29587.5,29603,29586.25,29590
1779303600,29590.75,29618.25,29587.75,29599
1779303900,29599,29612.25,29591.75,29608.75
1779304200,29608,29628.25,29602.75,29627
1779304500,29627,29639.25,29622.5,29629.25
1779304800,29629.25,29639.25,29624,29633.25
1779305100,29633.75,29639,29619.25,29629.75
1779305400,29630.25,29636,29616.25,29629.25
1779305700,29629.5,29666.5,29621.5,29649.75
1779306000,29649,29651.25,29638,29643.75
1779306300,29642.75,29661.75,29634.75,29648.25
1779306600,29647.75,29673.5,29625.75,29653
1779306900,29652.25,29686.25,29640,29685.75
1779307200,29685.75,29687,29640.75,29645.25
1779307500,29645.5,29663,29633.5,29652.5
1779307800,29652.5,29658.25,29630.5,29645.5
1779308100,29646.75,29652.25,29577.5,29636.75
1779308400,29635.75,29638,29536.75,29614.75
1779308700,29614.5,29668.5,29595.25,29663.25
1779309000,29662.5,29668.5,29596.5,29602.5
1779309300,29602,29611.25,29566.75,29582.5
1779309600,29581,29611.5,29570.25,29594.25
1779309900,29595.5,29610,29585.5,29589
1779310200,29589.75,29592.25,29541.75,29555
1779310500,29553.5,29588.5,29553.25,29568
1779314400,29542.5,29568,29509.5,29510.5
1779314700,29508.5,29519.5,29409,29432.75
1779315000,29433.5,29462,29402.5,29446.25
1779315300,29449.75,29466.5,29422,29434.75
1779315600,29430.75,29446.5,29408,29436
1779315900,29435.5,29463.5,29434.5,29461.5
1779316200,29459,29476,29451.5,29468.5
1779316500,29468.5,29474,29446.75,29471
1779316800,29472.25,29478.75,29459.75,29473.25
1779317100,29473,29480.5,29464.25,29474.25
1779317400,29472.25,29473.5,29451.25,29462.5
1779317700,29464.25,29481.5,29459.75,29481
1779318000,29481.25,29497.5,29477.5,29488.5
1779318300,29487.5,29495.5,29483.5,29490.25
1779318600,29491.5,29514.5,29489.75,29494.75
1779318900,29495.75,29496.25,29472.75,29493.5
1779319200,29492.75,29494,29464.5,29469.25
1779319500,29468.75,29477.25,29453.5,29471
1779319800,29470,29484.75,29463,29470
1779320100,29473,29489.25,29470,29479.75
1779320400,29480.25,29487.5,29475,29476.25
1779320700,29476.25,29498.5,29468.25,29490.25
1779321000,29493.5,29497,29479,29492.25
1779321300,29491.75,29495.5,29471.25,29481.75
1779321600,29482.5,29500.25,29468.25,29489.25
1779321900,29490.75,29495,29460.5,29488.25
1779322200,29491.75,29502.75,29480.5,29498
1779322500,29498.5,29509.5,29467,29478.25
1779322800,29479.5,29483.5,29465.25,29476.5
1779323100,29476,29484.25,29461.5,29484.25
1779323400,29484.25,29497.5,29471.5,29495.75
1779323700,29495,29506.75,29491.5,29496.5
1779324000,29496,29508.75,29494,29507.75
1779324300,29507.75,29511.5,29494.75,29510.25
1779324600,29510,29522,29507.5,29519.75
1779324900,29520,29520,29505,29511.5
1779325200,29511.25,29535.5,29511.25,29532.75
1779325500,29533.75,29554.25,29530,29554.25
1779325800,29553.5,29570.75,29546.75,29570.5
1779326100,29569.75,29585,29553.25,29555
1779326400,29557.5,29569.25,29555.75,29563.25
1779326700,29563.5,29563.5,29549.75,29560.5
1779327000,29559,29584.5,29552.25,29583.25
1779327300,29582.5,29599.75,29575,29584
1779327600,29581.5,29610,29581.5,29604
1779327900,29602.25,29608,29597,29599
1779328200,29598.75,29601,29570.5,29575.5
1779328500,29577,29609.5,29577,29602.75
1779328800,29604.5,29624.25,29602,29618
1779329100,29618,29625.25,29614.25,29625
1779329400,29623.25,29629.75,29612.25,29621.5
1779329700,29622.75,29666.75,29620,29645.25
1779330000,29645.5,29654,29640.75,29643.75
1779330300,29643.75,29653,29640.75,29645.5
1779330600,29645,29647.75,29629.5,29631
1779330900,29631,29645.5,29625.5,29643
1779331200,29642,29644.5,29623,29626.25
1779331500,29626.75,29626.75,29608.5,29619.25
1779331800,29620.25,29631.75,29617,29619.5
1779332100,29618.75,29624,29612,29618.5
1779332400,29619.25,29636.5,29614.75,29632.5
1779332700,29632.75,29638.25,29616.5,29637.75
1779333000,29636.5,29646,29633.75,29636.25
1779333300,29637.5,29642.75,29625.25,29639.5
1779333600,29638.75,29655.75,29637.25,29650.75
1779333900,29649.5,29652.5,29638.75,29649.25
1779334200,29648.75,29652.75,29641.25,29646.5
1779334500,29646.5,29655.25,29640.25,29650.75
1779334800,29650.75,29671,29649.75,29669.75
1779335100,29669.5,29670.5,29658.25,29664.25
1779335400,29664.25,29664.5,29645.75,29648.75
1779335700,29648.25,29655,29645.5,29650.25
1779336000,29652.25,29666.75,29649.5,29665.75
1779336300,29666,29679.5,29665.5,29666.75
1779336600,29665.5,29674,29663.75,29672.75
1779336900,29673.25,29679.75,29669.5,29671.75
1779337200,29673,29686.25,29669,29679.5
1779337500,29680.5,29704.25,29679.5,29697.75
1779337800,29696.5,29698.5,29677.5,29681
1779338100,29679.25,29685,29670,29683.5
1779338400,29683.5,29694.5,29681.5,29693.5
1779338700,29693.5,29694.75,29685.5,29689.5
1779339000,29689.5,29700.5,29684.5,29686.75
1779339300,29688.5,29718.25,29687.5,29707.75
1779339600,29710.25,29716.75,29704.5,29713.5
1779339900,29713.5,29729.25,29700,29701.75
1779340200,29702,29707.5,29698,29704.5
1779340500,29703,29712.25,29697,29708.75
1779340800,29709.5,29717.25,29700.5,29716.5
1779341100,29714,29714.75,29680,29686.5
1779341400,29687.5,29688.25,29662.25,29672.25
1779341700,29672.75,29686.25,29668.75,29683.5
1779342000,29684.5,29685.75,29664,29674.75
1779342300,29671,29676.25,29587.5,29634.25
1779342600,29633.75,29662,29624.5,29660.75
1779342900,29660,29664.25,29652.75,29657.5
1779343200,29655.75,29672.5,29647.75,29672
1779343500,29672.75,29683,29665.5,29667
1779343800,29666.5,29672,29645,29653.75
1779344100,29653.25,29661.75,29629.75,29639
1779344400,29635.5,29678.5,29631,29659.5
1779344700,29660.75,29665.25,29646.5,29656
1779345000,29655.5,29666.25,29650.75,29662.25
1779345300,29662,29662,29639.75,29642.5
1779345600,29639.5,29640.75,29606.5,29608.75
1779345900,29607.5,29611.25,29581.25,29582.5
1779346200,29582.75,29597.5,29569.5,29583.25
1779346500,29582.5,29591.5,29570.75,29589.75
1779346800,29588.5,29594.5,29551.5,29554
1779347100,29553.5,29576.75,29540.5,29555.5
1779347400,29554.5,29558.75,29489.5,29520.25
1779347700,29519.75,29523.25,29491,29518.75
1779348000,29517.5,29551.75,29516,29548
1779348300,29548.25,29556.75,29534,29547.5
1779348600,29547,29567.75,29543,29558.25
1779348900,29558.25,29574.25,29555.75,29572.5
1779349200,29571.25,29579.25,29561,29574
1779349500,29574.5,29591.5,29566,29587.5
1779349800,29588,29614.25,29586.5,29606.75
1779350100,29605.75,29622.75,29604,29610.75
1779350400,29611,29639.5,29600.75,29636.5
1779350700,29637,29669.5,29633.75,29660
1779351000,29661.75,29722.5,29650,29721.5
1779351300,29722.25,29754,29684.5,29684.75
1779351600,29685.75,29689.5,29663,29678.75
1779351900,29676.25,29712.5,29663,29705
1779352200,29703.25,29706,29664.25,29673.75
1779352500,29674.75,29677.75,29654.5,29668.5
1779352800,29670.5,29682.5,29659.75,29674.75
1779353100,29676.75,29678.5,29649.5,29665.5
1779353400,29668,29676.75,29638.75,29659.75
1779353700,29659.75,29676.25,29656.25,29662.75
1779354000,29663.5,29679.75,29656.5,29664.5
1779354300,29663.75,29693,29662.25,29683.75
1779354600,29685.5,29709.25,29676.25,29693.75
1779354900,29693.25,29703.5,29686.5,29689.25
1779355200,29688.5,29709.5,29688.5,29696.25
1779355500,29696.5,29719.25,29691,29708.25
1779355800,29708.5,29718.5,29686.75,29699.5
1779356100,29699.75,29704.75,29682.25,29683.5
1779356400,29685.25,29695.25,29664.5,29668.5
1779356700,29667.5,29684.5,29662.75,29678.5
1779357000,29679.25,29685.25,29670,29672
1779357300,29671.75,29678,29665,29669.75
1779357600,29671,29682,29668,29673.75
1779357900,29673,29678,29644.5,29657
1779358200,29657.5,29676,29647.75,29674.25
1779358500,29675,29682.5,29663.25,29669.25
1779358800,29669.25,29673.75,29650.75,29654.75
1779359100,29654.25,29659,29532,29561.5
1779359400,29563.5,29578.75,29524.5,29578
1779359700,29577,29586.25,29509.5,29509.5
1779360000,29508.5,29547,29501.75,29541.5
1779360300,29542.75,29546.75,29503.5,29525.75
1779360600,29524.5,29542.5,29481.75,29539
1779360900,29538.75,29546.5,29516.75,29536
1779361200,29536.75,29547.75,29495.25,29524.5
1779361500,29524,29528,29493.5,29526.5
1779361800,29526.75,29548.5,29516.25,29539.5
1779362100,29538.5,29570,29536.5,29564.25
1779362400,29562.5,29583.25,29541.5,29558
1779362700,29557,29568.25,29551.75,29565.5
1779363000,29565.5,29576.25,29552.25,29554.25
1779363300,29554.25,29558.25,29531.5,29546
1779363600,29548,29555.25,29528.5,29533
1779363900,29532.5,29560.5,29532.5,29558.5
1779364200,29557,29567.25,29549,29558.5
1779364500,29557.5,29557.75,29536.75,29542.75
1779364800,29542.25,29556,29535.5,29555.5
1779365100,29554,29557.5,29528.75,29543
1779365400,29541.75,29542.75,29513.75,29528
1779365700,29527.5,29551,29514.5,29550.25
1779366000,29551.5,29551.5,29511.25,29514.5
1779366300,29515.75,29531.75,29509,29531.25
1779366600,29533.75,29582.25,29515.75,29569.75
1779366900,29568,29571,29521.75,29551.25
1779367200,29550.5,29557.5,29510.5,29525.75
1779367500,29526.5,29533.5,29510.25,29520
1779367800,29519.75,29523,29503,29514.25
1779368100,29513.5,29519.75,29475,29483.5
1779368400,29483,29533.5,29477.5,29521.5
1779368700,29521.25,29528.5,29491.75,29499.25
1779369000,29499.25,29509.5,29489,29505.25
1779369300,29503,29504.5,29483.25,29493.25
1779369600,29493,29494.5,29469.75,29476.25
1779369900,29476.25,29510.75,29469.5,29505
1779370200,29506.75,29555.75,29463.5,29554
1779370500,29556,29558,29480.25,29502
1779370800,29501.5,29554,29472.5,29503.5
1779371100,29505.75,29541.5,29481.75,29492.75
1779371400,29492.25,29587.5,29477.5,29584
1779371700,29583.75,29604.5,29532.75,29577.75
1779372000,29577,29629.5,29572.75,29596
1779372300,29595.5,29611.5,29560.25,29610.5
1779372600,29610.25,29613.25,29540.75,29556.5
1779372900,29556.5,29566.25,29477,29479
1779373200,29478.5,29482.75,29416.5,29447.5
1779373500,29448.5,29487,29431.25,29479.5
1779373800,29478.75,29526.5,29465.25,29486
1779374100,29485.75,29545.25,29483.5,29530.5
1779374400,29529.25,29535.75,29487,29525.5
1779374700,29524,29535.25,29461.25,29488.5
1779375000,29488.5,29517.25,29455.5,29511.75
1779375300,29511.75,29543,29497,29525.25
1779375600,29525,29534.25,29489.5,29502.25
1779375900,29502,29505.5,29431.5,29456.25
1779376200,29456.25,29538.75,29428.5,29522.5
1779376500,29522.5,29537.75,29509,29533.5
1779376800,29533,29553,29515.25,29529
1779377100,29527.75,29545.25,29517,29524.25
1779377400,29524,29532.75,29465,29475
1779377700,29475,29545.75,29465.75,29543.25
1779378000,29544.25,29564.25,29533,29547.5
1779378300,29547,29587.75,29546.5,29585
1779378600,29584.75,29594,29567,29575.75
1779378900,29576.5,29581.25,29551.75,29555.75
1779379200,29556.5,29588,29554.75,29580.25
1779379500,29579.5,29600,29557.5,29598.25
1779379800,29598.25,29599.25,29552.5,29564.75
1779380100,29564.25,29572,29542.75,29552.5
1779380400,29553.25,29563.5,29504.75,29532.75
1779380700,29533.25,29541.5,29518.75,29537.25
1779381000,29536.75,29557.5,29529.5,29552
1779381300,29552.75,29563.25,29521.5,29541.75
1779381600,29542,29552.75,29528.5,29544
1779381900,29545.75,29559.5,29509.75,29522
1779382200,29521.25,29538.75,29497.25,29528.75
1779382500,29528.75,29548.25,29526,29547.25
1779382800,29548.25,29582,29547.75,29565
1779383100,29566,29581.25,29564.25,29573
1779383400,29573.25,29671.5,29572.75,29632.75
1779383700,29634,29727.25,29624.75,29701.5
1779384000,29700.75,29767.75,29655,29705.25
1779384300,29703.75,29722.25,29691.25,29702.25
1779384600,29702,29740.75,29696.75,29725.75
1779384900,29726.75,29753,29723.5,29749.25
1779385200,29749.25,29785.75,29749,29782.5
1779385500,29783.25,29793.75,29759.5,29790
1779385800,29790.75,29834.5,29774.5,29830.75
1779386100,29831.75,29843.5,29784.5,29786.75
1779386400,29786.5,29811,29750.5,29756.75
1779386700,29757.5,29788.25,29749,29774.25
1779387000,29774.75,29779.25,29734.5,29740.25
1779387300,29741.25,29757,29717.5,29755.75
1779387600,29756,29767.5,29735,29762.5
1779387900,29762,29766.25,29741.5,29748.5
1779388200,29749.25,29758.25,29732.25,29744
1779388500,29743.75,29749.25,29724.5,29732.25
1779388800,29732.25,29759,29730.25,29747
1779389100,29745.75,29755.25,29674.25,29695.5
1779389400,29695.75,29720.75,29596,29598.75
1779389700,29598,29627,29582.75,29626.5
1779390000,29628,29669,29624.75,29664.75
1779390300,29664.75,29692,29634,29688
1779390600,29687,29702.5,29669.5,29701.75
1779390900,29701.25,29719.25,29694.5,29718.75
1779391200,29718.5,29724,29694.75,29713.75
1779391500,29714.5,29728.75,29702.5,29717
1779391800,29717.5,29726.75,29696.75,29698.5
1779392100,29698.5,29724.5,29697.75,29720.25
1779392400,29720,29734,29692.5,29706
1779392700,29706.25,29722.25,29694.5,29716.25
1779393000,29716.5,29739,29691,29706
1779393300,29706.75,29755.5,29688.5,29735.75
1779393600,29735.75,29757.25,29723.25,29748.5
1779393900,29748,29760.5,29738.5,29754.5
1779394200,29753.75,29753.75,29740,29747.5
1779394500,29746.75,29750.25,29734.75,29739.25
1779394800,29739.75,29740.25,29728.75,29736
1779395100,29736.5,29743.25,29730.75,29736.5
1779395400,29737.25,29746,29734.5,29744.25
1779395700,29743.75,29749.75,29743,29747.25
1779396000,29746.75,29748.25,29742,29747.75
1779396300,29747.75,29753.75,29746,29749
1779396600,29749,29753.25,29744.75,29747.5
1779396900,29748.25,29750,29740.75,29745
1779400800,29733.5,29796,29733.5,29783.75
1779401100,29784.5,29802.5,29784,29795.25
1779401400,29794.5,29805.25,29785.75,29802.25
1779401700,29801,29810.25,29783.75,29794
1779402000,29795,29797.75,29786.5,29786.5
1779402300,29787.75,29798,29776.25,29795.25
1779402600,29794.75,29802.5,29776.25,29796.5
1779402900,29797,29800.75,29781.5,29784.5
1779403200,29783,29805.5,29780,29801.75
1779403500,29803,29829.5,29802.75,29816.25
1779403800,29816.75,29833.25,29813.75,29829
1779404100,29829.5,29833,29824.5,29827.25
1779404400,29828,29834.75,29824,29831.5
1779404700,29831,29833.25,29826.75,29827.25
1779405000,29827.5,29842.5,29825.5,29833.25
1779405300,29833.25,29838.5,29826,29827
1779405600,29828,29835.5,29824.5,29831.25
1779405900,29830.25,29834.5,29826.25,29828.5
1779406200,29829,29830.5,29825.25,29829.5
1779406500,29828.75,29829.5,29824,29829
1779406800,29828.25,29843.25,29826.75,29832.5
1779407100,29832.5,29842.25,29830.75,29840.5
1779407400,29840.25,29874.25,29837.5,29838
1779407700,29837.75,29848,29833.5,29840
1779408000,29840.25,29866.25,29824,29834.25
1779408300,29836.5,29865.75,29835.75,29855
1779408600,29855,29864.5,29841.75,29844.75
1779408900,29842,29864.5,29841,29859.5
1779409200,29859.5,29889,29845.75,29852.25
1779409500,29853.5,29868.25,29836.75,29861.5
1779409800,29861.75,29893,29861.75,29870.75
1779410100,29870.5,29892,29868.25,29873
1779410400,29873,29877.25,29861.5,29864.25
1779410700,29863.5,29880.25,29863.5,29866.25
1779411000,29865.5,29872,29857.25,29862
1779411300,29862,29872.25,29854.25,29855.5
1779411600,29853,29858.25,29826.5,29846.25
1779411900,29846.25,29846.25,29834.5,29842.5
1779412200,29842.5,29868.25,29840.75,29863.5
1779412500,29863.5,29865.25,29852.5,29856.25
1779412800,29858.5,29862,29828.5,29833.75
1779413100,29835,29844.5,29831.25,29834.5
1779413400,29832.5,29839.75,29809.25,29812.75
1779413700,29812.25,29813.75,29800.5,29805.5
1779414000,29804.75,29816.5,29780.5,29814.75
1779414300,29815.75,29836.25,29815.25,29833
1779414600,29834.75,29843,29830.25,29832.5
1779414900,29831.75,29833.5,29811.25,29819
1779415200,29819.5,29832.5,29811.5,29830.5
1779415500,29830.25,29830.25,29813.25,29814
1779415800,29812.75,29827.5,29802.5,29821.75
1779416100,29822.75,29830.5,29819.5,29826.25
1779416400,29826.75,29831.25,29809.5,29812.25
1779416700,29812.5,29812.5,29793.75,29802
1779417000,29801,29817.75,29798.75,29812.25
1779417300,29813.25,29819.25,29808,29814.75
1779417600,29814.5,29839.5,29813.75,29827.75
1779417900,29827.5,29834.5,29821.75,29832.5
1779418200,29832.25,29846.25,29825.5,29828.75
1779418500,29828.75,29842,29825.5,29839.25
1779418800,29838,29842.75,29832.75,29840.25
1779419100,29841.5,29841.75,29818.25,29819.25
1779419400,29818.25,29828.75,29817.25,29826
1779419700,29827.5,29837.5,29821.5,29825.5
1779420000,29824.5,29832.25,29821,29822.75
1779420300,29823.25,29836,29821,29834.5
1779420600,29834.75,29851.5,29834.75,29850.5
1779420900,29850.75,29852.5,29846.5,29848.75
1779421200,29848,29853.75,29847.75,29852.75
1779421500,29852,29857,29849.75,29852.5
1779421800,29854.25,29862,29852,29860
1779422100,29860,29862.75,29854.5,29861.75
1779422400,29862.25,29874.25,29862.25,29873.25
1779422700,29873,29883,29870.5,29874.5
1779423000,29874.75,29876.75,29866.5,29874
1779423300,29874.5,29876.25,29867,29871.75
1779423600,29871.5,29883,29869.25,29874.75
1779423900,29875,29879.75,29874,29878
1779424200,29878.25,29878.25,29863.25,29870.25
1779424500,29867.5,29867.5,29854,29863.25
1779424800,29862.75,29871.5,29855.25,29861.25
1779425100,29861.25,29869.75,29861.25,29868
1779425400,29868.75,29887.5,29868.75,29877
1779425700,29874.75,29884.5,29874,29882
1779426000,29882,29891.75,29879,29882.25
1779426300,29883,29892.25,29883,29891
1779426600,29891.5,29895.75,29881,29884.25
1779426900,29885,29889.75,29882,29885.25
1779427200,29884.25,29889.25,29867,29867.25
1779427500,29867.75,29878,29862.75,29876.75
1779427800,29875.25,29881.75,29854.5,29863.25
1779428100,29864,29869.25,29853,29856.75
1779428400,29858.5,29875.5,29858.5,29868.75
1779428700,29868.75,29884.75,29865,29876
1779429000,29875.25,29881.5,29861.5,29867.25
1779429300,29869.25,29869.25,29824.25,29836.5
1779429600,29834.75,29852,29822.75,29846.25
1779429900,29846,29854.5,29827.75,29838.5
1779430200,29837.75,29851.25,29834.75,29850.75
1779430500,29850,29863.5,29843.75,29847.75
1779430800,29847,29852.25,29835.75,29842.25
1779431100,29842.25,29854.75,29836,29851.5
1779431400,29854.75,29863.25,29842,29861.25
1779431700,29862.5,29882.75,29862.5,29877
1779432000,29878.5,29882.5,29863.75,29877.25
1779432300,29880.5,29882.25,29863.25,29875
1779432600,29873.75,29875,29851,29853.25
1779432900,29853,29858,29849.25,29853.25
1779433200,29851.75,29853.25,29818.25,29832.75
1779433500,29834.5,29847,29831.5,29832.5
1779433800,29833.25,29845.25,29821.25,29827.5
1779434100,29828,29854.5,29828,29854.25
1779434400,29854.5,29870,29852.5,29869.75
1779434700,29867.5,29869.75,29859.75,29863.25
1779435000,29864.75,29866.25,29825.75,29829
1779435300,29830.25,29847.25,29821.75,29829
1779435600,29831,29860.5,29827.25,29853
1779435900,29853.75,29867.25,29842.5,29865
1779436200,29866,29868.25,29854.5,29858.75
1779436500,29858.25,29877,29851.5,29873.25
1779436800,29873.5,29904.5,29872.25,29897.75
1779437100,29898,29901.25,29877,29885
1779437400,29886.75,29898.25,29882.5,29885.5
1779437700,29885,29938.25,29885,29918.75
1779438000,29918.75,29954.75,29918.5,29921.25
1779438300,29921.25,29924.5,29912.75,29924
1779438600,29922.5,29925,29877,29891.75
1779438900,29891.5,29907.5,29869.75,29896.5
1779439200,29898,29899.5,29882.5,29887.25
1779439500,29887.5,29901.5,29887.5,29892.25
1779439800,29892,29907.5,29887.5,29894.5
1779440100,29894.5,29895.25,29852.25,29854.75
1779440400,29853.75,29855.5,29827.5,29829.75
1779440700,29830.5,29836,29797.5,29817.25
1779441000,29817,29819.25,29794.75,29797.5
1779441300,29796.25,29813.5,29790.75,29810
1779441600,29809.5,29817.75,29803.25,29808.25
1779441900,29806.25,29807.5,29775.5,29786
1779442200,29787,29797.5,29766.5,29796.75
1779442500,29797.25,29817.5,29790.5,29814.75
1779442800,29816,29827,29806.75,29823.25
1779443100,29822.75,29824.25,29807.75,29819.5
1779443400,29818.75,29839.25,29817.5,29830.5
1779443700,29830.75,29832,29810,29816.75
1779444000,29816.5,29816.75,29776.5,29779
1779444300,29778.25,29795,29776.5,29790.5
1779444600,29791.25,29794,29775,29778.5
1779444900,29779.25,29780,29752.5,29754.25
1779445200,29754.25,29781.25,29751.5,29781.25
1779445500,29781.5,29783.5,29738.5,29744
1779445800,29744.5,29754,29725.5,29734
1779446100,29734.25,29747.75,29729,29735
1779446400,29736.25,29746.5,29730.5,29741.75
1779446700,29742.5,29756.75,29740,29756.25
1779447000,29755.25,29768.25,29751.5,29762
1779447300,29760.75,29762,29748.75,29755
1779447600,29754.25,29780,29754.25,29775.75
1779447900,29775.5,29785.5,29768.25,29773.75
1779448200,29772.75,29772.75,29750.5,29758.5
1779448500,29757.25,29760.75,29745,29748.75
1779448800,29749.5,29770.25,29742.25,29764.75
1779449100,29765.5,29772.25,29759.5,29760.25
1779449400,29759.5,29767.25,29751.5,29761
1779449700,29761.25,29789.5,29761.25,29788.75
1779450000,29788.25,29789.25,29773.5,29788.5
1779450300,29788.5,29817.25,29782,29801.5
1779450600,29801.5,29806.5,29791.25,29795.5
1779450900,29795.75,29799,29787.25,29799
1779451200,29797.75,29805.5,29791,29797.75
1779451500,29797,29803.5,29788,29791.75
1779451800,29792,29871,29785.25,29856
1779452100,29857,29874.25,29819.25,29855.5
1779452400,29854.25,29863,29820.25,29844.5
1779452700,29844,29847.75,29824.75,29839
1779453000,29839.25,29855.75,29836.25,29848.5
1779453300,29847.75,29853.5,29835.75,29848.25
1779453600,29849.25,29852,29834.5,29844
1779453900,29845,29871.25,29845,29863
1779454200,29862.5,29875.75,29852,29867.25
1779454500,29867,29885.25,29861.5,29883.25
1779454800,29883.75,29888.25,29845.75,29854.25
1779455100,29854.5,29892.5,29852.75,29887.5
1779455400,29887.75,29893.25,29866.75,29873.75
1779455700,29873.25,29884.75,29843.5,29863.5
1779456000,29863,29865.25,29838,29849.75
1779456300,29849.5,29874.5,29849,29870.25
1779456600,29869.5,29947.25,29840.75,29938.5
1779456900,29938.5,29987,29923.75,29980.5
1779457200,29980.25,30005,29905,29931.75
1779457500,29931.5,29957.25,29902.5,29920.5
1779457800,29920.5,29922.75,29877,29914.25
1779458100,29914,29934.5,29881,29932.5
1779458400,29930,29931.5,29822.25,29857.5
1779458700,29857.5,29859.75,29805,29853.25
1779459000,29853.75,29877,29839.5,29853.75
1779459300,29854.5,29888.5,29834.25,29839.25
1779459600,29839.25,29848.5,29779.75,29808.5
1779459900,29808.25,29856.25,29800.75,29853.75
1779460200,29853.25,29888.25,29842.5,29884.25
1779460500,29884,29906.75,29874.25,29895.25
1779460800,29895,29926.75,29892,29925.25
1779461100,29925,29930.25,29896.75,29920
1779461400,29920.5,29923.25,29902,29916.5
1779461700,29917,29944.5,29913.25,29936.75
1779462000,29936.5,29964.5,29934,29959.5
1779462300,29959.25,29983.25,29959.25,29981.25
1779462600,29981.5,29985.5,29968.25,29978.25
1779462900,29978.5,29992,29971.5,29989.5
1779463200,29989.5,29991.5,29964.75,29970.75
1779463500,29970.25,29998.25,29958.25,29998
1779463800,29997.5,30003.25,29979.75,29983
1779464100,29982,29996.5,29973,29980.25
1779464400,29979.75,29989,29967.5,29984.5
1779464700,29984.75,29985.5,29949.5,29952.5
1779465000,29952.75,29983.75,29950.75,29976.25
1779465300,29976.5,29981.25,29968.5,29977
1779465600,29976.5,29984.25,29955.5,29973.75
1779465900,29974.25,29979.5,29958,29966
1779466200,29966.5,29976.25,29954.5,29970.75
1779466500,29969.75,29970.75,29934.5,29936.75
1779466800,29936.25,29955,29931.75,29933.25
1779467100,29933.25,29956.75,29929.75,29955.5
1779467400,29956,29967,29930,29931
1779467700,29931,29948.75,29922,29934.5
1779468000,29933.75,29943.5,29923.5,29930.25
1779468300,29930.25,29952.5,29928.75,29935
1779468600,29935.75,29959,29933,29956
1779468900,29956.25,29963.25,29940.25,29961
1779469200,29961.25,29989.5,29961.25,29989
1779469500,29988.25,29994,29980.5,29987
1779469800,29987.25,29993,29978.5,29986.25
1779470100,29987.25,29993.5,29937,29945.25
1779470400,29944.5,29976,29934.5,29974.5
1779470700,29974.25,30026.75,29967.5,30026.25
1779471000,30026,30038.5,29985.5,29987.5
1779471300,29986.75,30009.75,29974.25,30006.25
1779471600,30006,30007.5,29990,29991.75
1779471900,29991.75,29998.5,29980.75,29982.5
1779472200,29982.25,29986.25,29951,29963.75
1779472500,29964.25,29984,29960.75,29968
1779472800,29968.75,29978.25,29935.5,29956
1779473100,29955,29971.5,29949.75,29968
1779473400,29967.5,29977,29947,29954
1779473700,29954,29962.75,29940,29952
1779474000,29952,29963.25,29946.5,29960.75
1779474300,29960.5,29963.25,29944.75,29950
1779474600,29950.5,29954,29932.5,29940
1779474900,29940,29953.5,29913.5,29943.75
1779475200,29944,29963.75,29941,29956
1779475500,29956.75,29961.75,29931.75,29937
1779475800,29937.5,29957.25,29930.75,29950.75
1779476100,29950.75,29951,29936,29939.75
1779476400,29940,29954,29892,29910.25
1779476700,29910.5,29915.75,29880.25,29900.5
1779477000,29900,29909.5,29877.5,29889.25
1779477300,29889.75,29893,29866.25,29884
1779477600,29884.5,29884.5,29860.5,29867
1779477900,29866.75,29869.5,29832.75,29840.5
1779478200,29841,29863.5,29822.5,29860.25
1779478500,29860.5,29878,29850.25,29866
1779478800,29865,29871,29840.25,29850.5
1779479100,29850.75,29851.25,29821.5,29843.25
1779479400,29843.25,29853.25,29823.5,29834.75
1779479700,29834.75,29872.25,29833,29842
1779480000,29842,29870.25,29831,29841
1779480300,29840.25,29852.5,29840.25,29847.25
1779480600,29847.5,29855.5,29843.5,29850.5
1779480900,29850.75,29851.25,29831.5,29839.25
1779481200,29838.5,29840,29829.5,29830.25
1779481500,29829.5,29840.5,29829.5,29838
1779481800,29838.5,29841.5,29791.75,29824.5
1779482100,29823.25,29828.25,29815.5,29817.75
1779482400,29819.5,29827,29813.5,29818.75
1779482700,29819.75,29823.5,29812,29818.5
1779483000,29818.25,29828,29816.75,29825.5
1779483300,29825.5,29829.25,29809.25,29810.25
1779660000,29965.75,30065.5,29965.75,30035.25
1779660300,30036.5,30068.25,30033.25,30056.75
1779660600,30057.75,30067.5,30044,30061.5
1779660900,30062,30075.5,30046.25,30069
1779661200,30069.25,30071.25,30056,30063
1779661500,30062,30072.75,30059.75,30063.5
1779661800,30065,30098,30064,30084.75
1779662100,30084.5,30092.5,30078.25,30083.5
1779662400,30085.25,30097.5,30074.5,30093.75
1779662700,30094.25,30112.25,30092.25,30107.5
1779663000,30107.25,30115,30100.5,30102.25
1779663300,30102.75,30104.5,30093.75,30098
1779663600,30097,30115.25,30097,30107.25
1779663900,30107,30121.25,30106.25,30110
1779664200,30111,30116,30105.75,30112
1779664500,30113.5,30114.5,30104.5,30106.5
1779664800,30105.75,30110.5,30099.5,30102.75
1779665100,30102,30107.5,30094.75,30101.25
1779665400,30101.5,30154.5,30101.5,30140
1779665700,30140.5,30172.5,30136.75,30157
1779666000,30155.75,30156.5,30143.25,30148
1779666300,30147,30155,30137,30138
1779666600,30137,30139.5,30127.5,30135.25
1779666900,30134.5,30134.5,30128,30132
1779667200,30131.75,30147,30115.75,30133.5
1779667500,30133.25,30161.75,30132.25,30155
1779667800,30155.75,30162,30151.25,30159.75
1779668100,30159.25,30164.75,30149.5,30158
1779668400,30159,30178.5,30152.25,30176.5
1779668700,30177,30181.5,30164,30174
1779669000,30174,30189.5,30173.25,30181
1779669300,30182,30204.75,30180,30200.25
1779669600,30199.5,30211.5,30191,30202.25
1779669900,30202.75,30225.25,30197.75,30218
1779670200,30217.75,30220,30200.5,30205.5
1779670500,30204.75,30206,30194,30204.25
1779670800,30204.75,30219.25,30201,30207.5
1779671100,30208,30209.5,30195.5,30203.75
1779671400,30203.5,30214,30198.25,30212.75
1779671700,30212.75,30214.25,30205.25,30209.25
1779672000,30208.5,30218.75,30205.25,30215
1779672300,30215.5,30217.5,30209.5,30216.5
1779672600,30216.75,30236,30210.5,30229.75
1779672900,30230.25,30238.5,30218,30222.5
1779673200,30221.75,30226.25,30214.75,30222.5
1779673500,30223,30224.75,30211.75,30214.5
1779673800,30214.5,30219.25,30213.5,30216.25
1779674100,30216,30222,30211,30214.25
1779674400,30215.25,30216.25,30210,30211.5
1779674700,30211.75,30224.5,30207.25,30217
1779675000,30216.75,30222.25,30213.5,30213.5
1779675300,30214.5,30214.75,30194.5,30207.75
1779675600,30206.75,30210.75,30200.75,30206.75
1779675900,30206.5,30206.5,30196.5,30204
1779676200,30204.5,30206.75,30197.5,30199.25
1779676500,30200.5,30202.25,30195.25,30197.5
1779676800,30197.75,30205.25,30192.5,30205.25
1779677100,30205.25,30234.75,30205.25,30225.5
1779677400,30226.5,30234.25,30225.75,30228
1779677700,30227.75,30250.25,30227,30246.5
1779678000,30247.5,30272.5,30247,30262.5
1779678300,30263,30277.5,30255.5,30265.5
1779678600,30264.5,30268.75,30250.5,30254.75
1779678900,30255.5,30258.75,30248.5,30252.75
1779679200,30253.75,30273,30247.25,30249.25
1779679500,30249.5,30255.75,30245,30255
1779679800,30256.25,30261.25,30252.75,30254.5
1779680100,30254.75,30264.5,30254.5,30258.25
1779680400,30258,30263.75,30255.5,30256.25
1779680700,30255.5,30255.5,30246.75,30250.25
1779681000,30250.25,30254.75,30246.5,30251.5
1779681300,30254,30259.5,30248,30252
1779681600,30251.75,30264.75,30251.5,30260.5
1779681900,30261,30266.5,30259,30260.5
1779682200,30259.75,30262.75,30254.5,30256.25
1779682500,30256.25,30259.25,30251.75,30256.25
1779682800,30255.25,30261.5,30255.25,30259
1779683100,30257.5,30261.5,30257.5,30259
1779683400,30258,30259.5,30250.75,30255
1779683700,30255.5,30259,30250.5,30253.75
1779684000,30253.5,30261.75,30253.25,30261
1779684300,30260.75,30265.75,30260.75,30264.75
1779684600,30264.75,30277,30264.25,30267.5
1779684900,30267.5,30271.25,30262,30264
1779685200,30263.5,30276.5,30262.5,30275.75
1779685500,30274.75,30279.5,30270.5,30273.25
1779685800,30272.75,30277.75,30269.5,30275.75
1779686100,30275.75,30284.5,30273.5,30280
1779686400,30281,30281.5,30265.5,30270
1779686700,30269.25,30274,30268.5,30272.5
1779687000,30272.5,30274.25,30267.25,30272.25
1779687300,30272.5,30278.25,30272.25,30276.25
1779687600,30277.25,30283.25,30274.25,30281.25
1779687900,30281,30281.75,30272.25,30276.5
1779688200,30275.5,30275.75,30264.5,30270.5
1779688500,30270.75,30271.25,30257.75,30258.75
1779688800,30257.75,30270.5,30253,30254.5
1779689100,30254,30263.5,30252.5,30257.75
1779689400,30257,30264.25,30254.75,30260.25
1779689700,30259.25,30260.75,30246.75,30247.25
1779690000,30246.5,30251.25,30239.5,30249
1779690300,30249,30259.5,30248,30257.25
1779690600,30257.75,30262.75,30249.5,30260.5
1779690900,30260,30268,30257.75,30262.5
1779691200,30262.5,30263.5,30256,30256
1779691500,30256.25,30267.75,30254,30265
1779691800,30265,30269.75,30261.5,30266.5
1779692100,30266.5,30274.5,30256.75,30257
1779692400,30257.75,30262.5,30250,30255
1779692700,30254.5,30261.5,30250.25,30257
1779693000,30256.5,30256.5,30230,30230.75
1779693300,30230.5,30239.5,30185,30188.75
1779693600,30187.75,30221.75,30179,30218.75
1779693900,30220,30221,30212.5,30219.5
1779694200,30220.5,30277.25,30216.5,30256.25
1779694500,30258.5,30260.25,30242,30247.25
1779694800,30244.75,30259.5,30240.5,30254.75
1779695100,30254.75,30260.25,30245.5,30253.5
1779695400,30253,30257.75,30248.5,30257.75
1779695700,30257,30265.25,30255,30261.75
1779696000,30261.25,30264,30231.5,30238.75
1779696300,30238.25,30246.5,30231.75,30243.75
1779696600,30245.25,30247.5,30228.25,30230
1779696900,30229,30232,30219,30227
1779697200,30230.5,30231.25,30222.75,30229.25
1779697500,30228.75,30234,30216.5,30222.75
1779697800,30225,30239.75,30217,30236.25
1779698100,30235.25,30239.5,30230.5,30239.25
1779698400,30238.25,30246.5,30238,30242.25
1779698700,30245,30251.75,30245,30251.5
1779699000,30251.5,30252.5,30247.5,30250.5
1779699300,30250.75,30253.75,30247.75,30252.25
1779699600,30252.75,30265.25,30251.75,30262.5
1779699900,30262.75,30266.25,30259,30259.5
1779700200,30259.25,30266.25,30256.25,30256.25
1779700500,30256,30259.75,30252.75,30259.25
1779700800,30258.25,30258.5,30248.75,30249
1779701100,30249.5,30255,30246.75,30252.25
1779701400,30251.75,30261.75,30248.5,30256.5
1779701700,30255.75,30256.75,30245.5,30251.25
1779702000,30251.75,30258.25,30250.75,30251.5
1779702300,30251.25,30251.25,30243.75,30249.5
1779702600,30249.75,30252.25,30245.5,30245.5
1779702900,30246.75,30250,30245.25,30245.75
1779703200,30245.25,30249.5,30236.5,30239
1779703500,30240.25,30249.75,30237.75,30248
1779703800,30249,30252.75,30246,30251.75
1779704100,30251.5,30260.5,30251.5,30257.75
1779704400,30257,30257,30246.25,30251.75
1779704700,30250,30253.5,30246.5,30252
1779705000,30251.5,30255.25,30247,30253.5
1779705300,30253,30253,30248.5,30251.75
1779705600,30252.25,30262,30252,30260.25
1779705900,30261.25,30261.75,30255.75,30256.5
1779706200,30257.5,30264,30256,30262
1779706500,30262.75,30264.25,30259.25,30262.5
1779706800,30261.25,30263,30255,30260.75
1779707100,30261.25,30267.25,30255.25,30264
1779707400,30265.25,30270,30263.5,30266.5
1779707700,30266,30269.75,30265.5,30269.25
1779708000,30269.5,30273,30264.75,30269
1779708300,30267.25,30269.5,30264.75,30267
1779708600,30266,30277.5,30265.75,30269
1779708900,30268.75,30272,30264,30269.75
1779709200,30271.25,30271.5,30267.25,30270
1779709500,30270.5,30278.75,30262,30265
1779709800,30263.5,30269.75,30263,30266.5
1779710100,30265.75,30266.25,30259.5,30261.75
1779710400,30261.75,30269.75,30258.5,30267.5
1779710700,30267.25,30274.5,30258.5,30258.75
1779711000,30258.5,30262.5,30253.5,30254.5
1779711300,30253.5,30256,30249.5,30254
1779711600,30253.75,30279.5,30249.5,30266
1779711900,30265.75,30271.5,30254,30255
1779712200,30254.5,30257.5,30244.75,30246.5
1779712500,30246.25,30246.25,30239.25,30242
1779712800,30241.5,30245.5,30240,30242.75
1779713100,30243.25,30244.5,30226.25,30241
1779713400,30240.25,30247.25,30240.25,30245
1779713700,30244.25,30245,30230.75,30231
1779714000,30230.75,30240.5,30228.75,30239.75
1779714300,30240,30245,30236.25,30240.25
1779714600,30239.75,30239.75,30232,30236.25
1779714900,30236.5,30236.5,30227.75,30235.25
1779715200,30234.5,30236.25,30227.75,30228.25
1779715500,30228.75,30232.75,30227.25,30230
1779715800,30230,30249,30229.25,30243.5
1779716100,30244.25,30262,30244,30261.5
1779716400,30261.5,30265.25,30258,30264.5
1779716700,30264.5,30272.5,30259.5,30270.25
1779717000,30269,30281.5,30265,30280.75
1779717300,30280.5,30283.25,30274,30283
1779717600,30282.25,30283.25,30273.75,30274.25
1779717900,30274,30279.5,30250.5,30254.25
1779718200,30254.5,30259.5,30241.75,30243
1779718500,30242.25,30246.75,30237.25,30243
1779718800,30243.5,30247,30233,30238.75
1779719100,30239.25,30241.75,30229.5,30231.75
1779719400,30232.5,30235,30212.5,30220.75
1779719700,30220.25,30222.75,30210.25,30217.75
1779720000,30218.25,30218.75,30199.5,30202.25
1779720300,30201.75,30222.5,30199.5,30220.5
1779720600,30219.75,30230,30215.25,30216.5
1779720900,30216.5,30222.25,30211.5,30218.5
1779721200,30218.25,30227,30214.5,30219.5
1779721500,30218.75,30223,30216.25,30222
1779721800,30222.5,30280.25,30222,30257.25
1779722100,30257.75,30267,30246.5,30255.25
1779722400,30255.5,30258.5,30229.75,30232
1779722700,30230.75,30247.75,30222.5,30223.75
1779723000,30223.25,30230,30214.75,30227.75
1779723300,30229,30230.5,30215.75,30217.25
1779723600,30216.75,30222.25,30209.75,30216.25
1779723900,30215,30219.25,30212.5,30218
1779724200,30218.25,30220.5,30206.25,30208
1779724500,30208.75,30216.5,30205,30212
1779724800,30212.5,30214.75,30202.5,30212.25
1779725100,30211.75,30218,30210,30213
1779725400,30213,30224.5,30209.25,30221.75
1779725700,30221.25,30225.75,30211,30211.5
1779726000,30211,30213.25,30203.5,30210.25
1779726300,30210.75,30216.25,30208.5,30213.5
1779726600,30213.25,30219.25,30209.5,30216.5
1779726900,30217,30221.25,30213.25,30218.25
1779727200,30217.5,30225.75,30215.25,30224
1779727500,30223.75,30236,30217.25,30235
1779727800,30235.25,30248.75,30230.5,30237.25
1779728100,30237.75,30256.25,30236.25,30252
1779746400,30251.5,30266.5,30199.75,30222.25
1779746700,30221.25,30237.5,30204.75,30205.75
1779747000,30205.5,30227,30204.5,30215.25
1779747300,30214.25,30215.25,30208.75,30214.75
1779747600,30212.75,30237.5,30211.25,30234
1779747900,30234.75,30241,30224.25,30229
1779748200,30226,30226,30199.75,30210.75
1779748500,30209.25,30209.25,30184.5,30189.75
1779748800,30188.25,30207.25,30174,30196.25
1779749100,30196,30199.5,30186.5,30193.25
1779749400,30194.75,30198,30188,30194.5
1779749700,30194.25,30194.25,30170.75,30180.5
1779750000,30178.5,30190.5,30166.75,30183.75
1779750300,30183.75,30189,30172.5,30173.25
1779750600,30173,30175,30161.75,30168.25
1779750900,30169,30175.25,30147.5,30155.25
1779751200,30153.75,30159.25,30127.25,30143.5
1779751500,30141.5,30144.5,30123.75,30130.25
1779751800,30129.5,30143.5,30126,30143.25
1779752100,30143.5,30159.25,30139,30156.5
1779752400,30156.75,30173,30152.5,30170.5
1779752700,30170,30188.25,30170,30177.5
1779753000,30178.5,30179,30161.75,30173.5
1779753300,30173.5,30180.75,30164.25,30168.75
1779753600,30169,30170,30123.75,30137.5
1779753900,30136.5,30147.25,30090,30098.75
1779754200,30098,30122.25,30092,30117.5
1779754500,30117,30125,30100.75,30113.5
1779754800,30113.75,30125.25,30108.25,30115.5
1779755100,30116.25,30138.5,30111.5,30133.5
1779755400,30132.5,30145.75,30130.5,30142
1779755700,30140.5,30141,30113.75,30120.5
1779756000,30119.25,30120,30107,30113.25
1779756300,30112.25,30112.25,30097.5,30103.75
1779756600,30102.5,30114.75,30100,30114.5
1779756900,30115.5,30123.25,30111,30111
1779757200,30110.25,30118,30094.5,30097
1779757500,30097.5,30110,30086,30092.75
1779757800,30095.5,30115,30086.25,30112.5
1779758100,30112.25,30125.5,30101,30112.5
1779758400,30113.25,30115.5,30089.5,30095.25
1779758700,30093.5,30099,30083.5,30091.5
1779759000,30092,30093.5,30077.5,30081.5
1779759300,30081,30084,30064.75,30070.75
1779759600,30070.25,30080.25,30059.75,30078.75
1779759900,30077.5,30098.25,30077.5,30091.75
1779760200,30091,30106.75,30088.75,30103.5
1779760500,30103,30104.75,30092.25,30101.25
1779760800,30104,30114,30094.25,30108.25
1779761100,30107,30115.25,30103.5,30109.5
1779761400,30110.25,30116.5,30106.5,30110
1779761700,30109,30118.5,30107.25,30110.5
1779762000,30108,30109.25,30088.75,30092
1779762300,30089.5,30104.25,30086.5,30103.25
1779762600,30103.75,30110.5,30099.25,30105.25
1779762900,30106.5,30110,30092.5,30109.5
1779763200,30109.5,30115,30090.75,30098.5
1779763500,30099.5,30105.5,30092.75,30097.75
1779763800,30095.25,30107.75,30094.75,30104.5
1779764100,30104.5,30109,30097,30107.25
1779764400,30107.75,30109.5,30101,30102.5
1779764700,30104.5,30113,30104.5,30108.5
1779765000,30109.5,30112.25,30092.75,30093
1779765300,30093,30106,30091.75,30101
1779765600,30101.5,30114,30100.5,30108.25
1779765900,30107.25,30115.75,30107.25,30114.75
1779766200,30115,30118,30106.75,30109.5
1779766500,30109.5,30112.5,30104.25,30108
1779766800,30107.75,30112,30100.25,30102
1779767100,30101.25,30107.5,30093.5,30106
1779767400,30106.75,30111.25,30099,30110
1779767700,30109.5,30115.25,30106.5,30109
1779768000,30110.5,30113,30098,30101.25
1779768300,30101,30108.5,30095,30108.5
1779768600,30108,30116.5,30104.75,30115.75
1779768900,30115.5,30118.5,30110.25,30112
1779769200,30112.75,30118.5,30111.75,30113.5
1779769500,30112.75,30113.5,30102.5,30102.5
1779769800,30102.5,30111,30098.5,30108.25
1779770100,30108.25,30112.5,30097.25,30099.5
1779770400,30100.75,30103.75,30097.5,30100.5
1779770700,30100.25,30100.75,30082.5,30091.75
1779771000,30091.25,30095.5,30086.75,30089
1779771300,30088.75,30099.5,30087,30090
1779771600,30089.5,30091.25,30072,30079.25
1779771900,30079.75,30099.5,30075.75,30094.5
1779772200,30094.75,30098.25,30089.5,30094.75
1779772500,30094.75,30102,30091.25,30095
1779772800,30093.75,30099.25,30092.25,30098.75
1779773100,30098.75,30100,30092,30096.75
1779773400,30096.5,30106,30093.5,30101.75
1779773700,30102,30105,30098.5,30101.75
1779774000,30100,30100.75,30088,30096
1779774300,30096.25,30103.75,30088.25,30090.75
1779774600,30091.5,30093,30083.25,30088
1779774900,30089.5,30097.75,30089.25,30095.5
1779775200,30096.5,30108.25,30088.25,30104.5
1779775500,30107,30114.5,30101.25,30113.25
1779775800,30112.5,30130,30109.5,30126.75
1779776100,30126.5,30128,30118.75,30121.75
1779776400,30122,30126.75,30113.75,30125.5
1779776700,30126.25,30134.75,30091.5,30106
1779777000,30106.75,30115.75,30099.5,30110.75
1779777300,30111,30131.25,30111,30130.5
1779777600,30130.75,30132,30118.5,30124.25
1779777900,30124.75,30124.75,30109.5,30113.5
1779778200,30112.5,30119,30110.5,30118.5
1779778500,30118,30120,30111.75,30115.75
1779778800,30114.75,30119.5,30087.25,30088
1779779100,30088.5,30096.25,30072.25,30073.5
1779779400,30073.75,30084.75,30052,30070.25
1779779700,30071,30073.5,30049.5,30066
1779780000,30064.75,30077,30052.25,30074.25
1779780300,30075,30075,30052.75,30061
1779780600,30061.75,30063.75,30033.5,30048
1779780900,30048.25,30057.5,30038.75,30053
1779781200,30053.75,30074,30052.75,30072.25
1779781500,30071.5,30081.5,30065.5,30077.5
1779781800,30077.5,30085.75,30055.5,30056.25
1779782100,30055.5,30068.5,30044.5,30062.5
1779782400,30064,30071.75,30047.5,30052
1779782700,30051.5,30070,30051,30059.25
1779783000,30058,30075.5,30057.25,30061.5
1779783300,30060.5,30073.5,30055,30071.75
1779783600,30070.75,30080.25,30066.25,30072.25
1779783900,30072.75,30082.5,30067.5,30079.75
1779784200,30079,30081.75,30066,30070
1779784500,30069.25,30084.5,30062.5,30084.25
1779784800,30083.25,30094.25,30079.25,30090.25
1779785100,30090.25,30092.5,30078,30081.25
1779785400,30080.75,30100.5,30073.75,30093.25
1779785700,30094.25,30099.5,30090.5,30098.25
1779786000,30098.5,30108.5,30097.25,30108.5
1779786300,30108,30113,30097.75,30099.75
1779786600,30097.5,30106.25,30097.25,30098.75
1779786900,30097.75,30119.5,30094.5,30112.75
1779787200,30114.5,30119.5,30098.5,30107.5
1779787500,30107,30133.25,30104.75,30129
1779787800,30129,30133.75,30123.75,30126.75
1779788100,30127.5,30133,30125,30125.75
1779788400,30127.5,30128,30119.75,30127.25
1779788700,30127.25,30138,30126,30133.75
1779789000,30132.25,30136.25,30126.75,30135.5
1779789300,30135.75,30140,30135,30136.5
1779789600,30137.75,30146.5,30133.5,30144.25
1779789900,30144.75,30149,30136.25,30145.75
1779790200,30144.5,30160.5,30143.5,30157.5
1779790500,30159.25,30168.5,30151.75,30166
1779790800,30166.75,30172,30163.25,30170.5
1779791100,30170.25,30195.5,30166.25,30187
1779791400,30187.5,30204.5,30186.5,30190.75
1779791700,30191,30195,30183,30184.5
1779792000,30184.5,30191.5,30159,30160.75
1779792300,30162.5,30169,30149.5,30163.75
1779792600,30164.5,30169.5,30152.5,30153.25
1779792900,30153.75,30159.25,30143.75,30143.75
1779793200,30145.25,30155.5,30135.5,30139.25
1779793500,30139.5,30149.5,30136.75,30148.25
1779793800,30148.5,30151.25,30129.75,30130.25
1779794100,30131.5,30143.5,30129.5,30140.5
1779794400,30141.5,30156.25,30141.5,30154.25
1779794700,30155.75,30155.75,30148,30149
1779795000,30148,30163.75,30125.75,30131.25
1779795300,30130.25,30141.25,30107.5,30136.75
1779795600,30136.5,30148.25,30133.25,30148.25
1779795900,30147.25,30152.25,30141.75,30142.5
1779796200,30142,30161.5,30142,30158.25
1779796500,30158.75,30161.25,30152.25,30155.25
1779796800,30153.5,30167.25,30153.5,30161.75
1779797100,30163,30174.25,30140.5,30161.5
1779797400,30160.75,30166,30151.5,30159.75
1779797700,30159.5,30171.5,30153.75,30169.75
1779798000,30170,30176,30166.25,30175.75
1779798300,30175.25,30192,30175.25,30187.5
1779798600,30187.25,30199.25,30180.5,30197.5
1779798900,30196.75,30199.5,30187,30198.25
1779799200,30198.25,30220,30197.5,30207.5
1779799500,30208.25,30212.75,30202.5,30205.5
1779799800,30205.75,30213.5,30199.75,30205.25
1779800100,30205.25,30215.5,30201.25,30210
1779800400,30209.5,30214.5,30192.5,30199.5
1779800700,30200.75,30201.5,30190.75,30195
1779801000,30195,30211.5,30191.75,30210.75
1779801300,30210.75,30215.25,30207.75,30210
1779801600,30210,30217,30205,30214.75
1779801900,30214.25,30218.5,30178,30192
1779802200,30191.5,30224.5,30131.5,30142.25
1779802500,30143,30154.25,30116.25,30149.5
1779802800,30149.25,30227.5,30141.5,30223.5
1779803100,30223,30275.25,30218.75,30263
1779803400,30263.25,30270.75,30203.5,30248.5
1779803700,30249,30296.5,30238.5,30296.25
1779804000,30296.5,30309.5,30265.5,30281.75
1779804300,30281.5,30299.75,30266,30293.5
1779804600,30293.25,30319.5,30278.5,30317.75
1779804900,30318.25,30338.5,30297.5,30336.5
1779805200,30336.75,30354.75,30323,30351.75
1779805500,30352.25,30373.5,30342.5,30357.25
1779805800,30357,30371,30350.25,30368.25
1779806100,30367.75,30408.25,30366.25,30389.75
1779806400,30389,30407.75,30384.25,30394.75
1779806700,30394.25,30402.75,30365.25,30369.75
1779807000,30370,30384.75,30355,30363.5
1779807300,30363,30366.25,30342.5,30344.25
1779807600,30345,30356.25,30322.25,30332.25
1779807900,30332.75,30341.75,30293.25,30334.5
1779808200,30333.5,30334.75,30301.5,30327.75
1779808500,30327.25,30327.75,30285.75,30312.75
1779808800,30313,30316.25,30282,30300.5
1779809100,30300.25,30319,30283.5,30288.75
1779809400,30288.5,30294.75,30263.75,30287.75
1779809700,30286.75,30297,30249.75,30278
1779810000,30278,30282.5,30254.75,30261.5
1779810300,30261.75,30271.25,30229.5,30236.5
1779810600,30235.75,30242.75,30189.75,30199.25
1779810900,30198.75,30220.5,30175.5,30216.75
1779811200,30216.25,30260.25,30211.25,30252
1779811500,30251.75,30269,30225.75,30233.5
1779811800,30233.5,30247.25,30215.5,30228
1779812100,30228,30247,30217.5,30242.75
1779812400,30242.5,30260,30226.5,30259.75
1779812700,30259.5,30282,30256,30281.75
1779813000,30281.5,30303.25,30279.25,30298.5
1779813300,30298.75,30305,30284,30284.25
1779813600,30284.75,30287,30251.25,30253.5
1779813900,30253,30272.75,30237.5,30238
1779814200,30237.5,30266.75,30237.5,30263.25
1779814500,30263.25,30274,30258.5,30264.25
1779814800,30265,30291.75,30257.5,30282.25
1779815100,30282.5,30288,30258.25,30266
1779815400,30266.25,30282.5,30259.5,30276.25
1779815700,30276.5,30280.25,30254.75,30258.75
1779816000,30257,30277.25,30246,30251.75
1779816300,30251.5,30262,30244,30258.75
1779816600,30259.5,30282.25,30248,30282
1779816900,30281.5,30291.5,30270,30270.5
1779817200,30270.25,30281.25,30258.5,30274.75
1779817500,30275.5,30302.75,30274.5,30298.75
1779817800,30298.25,30302.75,30290.25,30290.25
1779818100,30290.25,30294.5,30276.75,30286.25
1779818400,30286,30303,30271.5,30299.5
1779818700,30299.5,30305.75,30291.25,30304
1779819000,30304,30320.5,30301,30314.5
1779819300,30315,30333.25,30312,30332.5
1779819600,30333.25,30343.5,30323,30335.5
1779819900,30336,30343.75,30330,30335.5
1779820200,30335.5,30350.25,30334.25,30347.75
1779820500,30347.75,30350,30328.75,30335
1779820800,30336,30338.5,30319.75,30320.5
1779821100,30320.5,30328.5,30314.5,30315.25
1779821400,30315.75,30335.25,30310,30326.25
1779821700,30326.5,30330.75,30298.25,30304
1779822000,30303.5,30314.25,30295.25,30313.75
1779822300,30313.75,30339.5,30305.25,30337.25
1779822600,30337.5,30347.25,30331.75,30341.25
1779822900,30341.5,30352,30338.5,30344
1779823200,30344.25,30350.5,30335.5,30344.75
1779823500,30344.5,30348.25,30334.25,30342.5
1779823800,30342.25,30368,30341,30359.75
1779824100,30360.25,30376.75,30356,30374.25
1779824400,30374,30384.75,30370.25,30381.25
1779824700,30381.5,30389.5,30371.5,30385.5
1779825000,30385.25,30401.5,30373.5,30387.75
1779825300,30387.5,30389.5,30357.25,30369.25
1779825600,30369,30373.5,30350.5,30358.5
1779825900,30358.25,30364.25,30349.75,30354.5
1779826200,30354.5,30356.5,30345,30347
1779826500,30346.75,30362.5,30345.25,30355.75
1779826800,30355.25,30360,30351.5,30351.75
1779827100,30352,30353.75,30348.25,30350.75
1779827400,30351,30358.5,30349.25,30355.25
1779827700,30355.25,30359.5,30355.25,30358.5
1779828000,30358,30359.5,30350.25,30350.5
1779828300,30350.25,30352.5,30329.75,30329.75
1779828600,30330.25,30337.5,30321,30330.5
1779828900,30331.75,30337,30328.5,30333.75
1779832800,30339.5,30366.75,30336,30347.75
1779833100,30349,30355.5,30324.5,30331.25
1779833400,30331.5,30338.25,30320.25,30335.25
1779833700,30334,30350,30324.5,30347.75
1779834000,30348,30348,30328.25,30334
1779834300,30333.5,30339.25,30329.75,30333.25
1779834600,30334,30342.75,30334,30341.5
1779834900,30342.25,30346.75,30336.5,30345.5
1779835200,30346,30352.25,30334.25,30334.75
1779835500,30335,30338,30318,30325.5
1779835800,30325,30334.5,30321.5,30325.5
1779836100,30326,30335,30321,30329.25
1779836400,30329.5,30342,30328.75,30336.75
1779836700,30337.75,30342,30329.75,30340.5
1779837000,30340.75,30348.5,30333.75,30334.25
1779837300,30335.25,30344.5,30331.5,30342
1779837600,30340.75,30358.75,30340.5,30354.25
1779837900,30354.75,30366,30351.5,30364.5
1779838200,30364.25,30373.75,30353.75,30361.25
1779838500,30361.5,30363.5,30354,30359.75
1779838800,30360.25,30382.5,30359.5,30382
1779839100,30381.5,30393.75,30379,30386.5
1779839400,30384.75,30389.5,30379.5,30388.75
1779839700,30389,30389.25,30380.25,30389
1779840000,30387.5,30395.5,30380.25,30389.25
1779840300,30389,30404.5,30387.5,30399.5
1779840600,30400.5,30401.5,30389.75,30395.25
1779840900,30394.75,30396.5,30369.75,30377
1779841200,30377,30378.75,30360.75,30360.75
1779841500,30360.5,30392,30360.5,30386.75
1779841800,30387,30414.5,30386.5,30410.25
1779842100,30410.5,30413,30382.5,30385.5
1779842400,30384.5,30411.25,30382.75,30403.5
1779842700,30405.5,30426.5,30403.75,30415.25
1779843000,30414,30416.25,30396.5,30398.25
1779843300,30397.5,30419.25,30397.25,30418.5
1779843600,30419.25,30421.5,30404.5,30420.25
1779843900,30420,30431.5,30408.75,30424.5
1779844200,30425.75,30447.5,30425.75,30436.25
1779844500,30435.75,30448.75,30427.5,30435.5
1779844800,30434.75,30447,30434.5,30446.5
1779845100,30445.75,30446.25,30432,30439.5
1779845400,30439.75,30441.5,30426.75,30429.25
1779845700,30429,30443.25,30427.75,30433.5
1779846000,30433.25,30442.25,30428,30429
1779846300,30429.5,30429.75,30417,30426
1779846600,30426.25,30430.5,30415,30420.75
1779846900,30420.75,30420.75,30405.5,30411.75
1779847200,30414.5,30422.25,30410.25,30420
1779847500,30420.5,30432,30416.25,30429.5
1779847800,30428.75,30431.75,30420.75,30429.25
1779848100,30430.25,30442.25,30429,30436
1779848400,30436.5,30442.5,30429.75,30440.25
1779848700,30440.75,30442.75,30435,30435.5
1779849000,30435.25,30443,30433.75,30442.5
1779849300,30442.75,30445.5,30430.5,30431.75
1779849600,30431.25,30440,30430.75,30438.75
1779849900,30438.5,30447.25,30437.25,30444.25
1779850200,30444,30448.5,30440.75,30441.75
1779850500,30441.5,30441.5,30425.75,30427.75
1779850800,30427.5,30442,30424.25,30438.5
1779851100,30439.25,30444.5,30431.25,30433.75
1779851400,30433.5,30434,30419.75,30421.5
1779851700,30422,30427.5,30421.75,30422.75
1779852000,30423.25,30426,30413.25,30414.5
1779852300,30415.5,30417.5,30409.75,30416.5
1779852600,30417.25,30421.5,30399,30405.75
1779852900,30406,30414.5,30401,30410.25
1779853200,30411.5,30419,30408,30411.5
1779853500,30411.5,30411.5,30395.5,30397.5
1779853800,30396.5,30405.5,30394.75,30397.25
1779854100,30396.75,30397.5,30383.25,30386.75
1779854400,30386.5,30393.5,30384,30392.75
1779854700,30393,30410.5,30390.25,30408
1779855000,30407.5,30413.25,30397.25,30399
1779855300,30398.25,30401,30377.75,30377.75
1779855600,30377,30394.25,30374.5,30386.5
1779855900,30385.75,30386,30366,30368.5
1779856200,30367.25,30382.25,30364.25,30379.5
1779856500,30379.5,30391.5,30378,30389
1779856800,30387.25,30395.5,30386,30394.75
1779857100,30395.25,30404,30394.5,30404
1779857400,30403.5,30410.75,30400.5,30404.25
1779857700,30405.25,30407.25,30394.75,30395
1779858000,30394.75,30410,30383.25,30405
1779858300,30405.5,30406,30389.5,30403
1779858600,30401.5,30401.5,30386.5,30393.5
1779858900,30391.75,30391.75,30368.25,30370
1779859200,30370.25,30391.25,30365.75,30390.75
1779859500,30390,30392.75,30381.75,30390.25
1779859800,30390.75,30392.75,30357.25,30362.75
1779860100,30362.75,30392.25,30362.25,30377.5
1779860400,30378.25,30391.75,30378,30391
1779860700,30391.25,30395.5,30380.25,30380.75
1779861000,30380.75,30396.75,30376.25,30388.75
1779861300,30389.5,30399,30388.25,30393
1779861600,30393,30400.25,30384.5,30386.25
1779861900,30386,30399.75,30381.5,30393.75
1779862200,30395.5,30398.75,30378.5,30388.75
1779862500,30388,30393.5,30380.25,30390.25
1779862800,30392,30393.25,30371.5,30377
1779863100,30376.25,30376.25,30365.5,30371
1779863400,30372.75,30377.5,30353.25,30360.25
1779863700,30361.25,30364.5,30345.25,30356.75
1779864000,30357,30366.75,30355.25,30362.25
1779864300,30362,30373.5,30358,30368.25
1779864600,30369,30375.5,30368.25,30370.75
1779864900,30370.25,30370.75,30355.5,30365.25
1779865200,30366,30395.5,30365.75,30391
1779865500,30390.5,30404.5,30386.75,30399.75
1779865800,30400,30404.5,30392,30404.5
1779866100,30404.5,30408.25,30394.25,30406.5
1779866400,30407,30419.5,30405.5,30414.75
1779866700,30414.5,30419.5,30409.25,30414.25
1779867000,30416,30426.25,30406.25,30423.5
1779867300,30423.5,30427.75,30409,30409.25
1779867600,30408.75,30424.25,30405,30419.5
1779867900,30420.75,30422.25,30404.25,30404.75
1779868200,30404,30418.5,30402,30418
1779868500,30419,30433.5,30416.5,30429.75
1779868800,30430.5,30439.25,30419.75,30433
1779869100,30433,30452.25,30431.5,30443.5
1779869400,30443,30457.75,30440.25,30455.75
1779869700,30456.25,30484.25,30455.75,30482
1779870000,30482.5,30505.25,30472.5,30497.75
1779870300,30497.5,30506.5,30497,30498
1779870600,30498,30507.25,30488,30493
1779870900,30492.25,30497.5,30480,30492.5
1779871200,30492.5,30501.25,30489.5,30501.25
1779871500,30500,30500.75,30490.5,30492
1779871800,30491.25,30495.75,30485,30487.5
1779872100,30488.25,30491,30481,30485
1779872400,30486.75,30489.25,30468.75,30479.25
1779872700,30478.75,30478.75,30462.75,30465.5
1779873000,30466.5,30478.75,30466.5,30476.75
1779873300,30476.25,30481,30470.5,30472
1779873600,30471.75,30482.25,30471.5,30474
1779873900,30475,30487,30469.5,30478
1779874200,30478.25,30484.5,30468.5,30480.5
1779874500,30478.75,30499,30477.5,30495.25
1779874800,30496.25,30497.25,30482.25,30485.5
1779875100,30485.25,30488.25,30475.5,30486
1779875400,30487.25,30503,30487.25,30496.5
1779875700,30495.5,30502.75,30495,30502.75
1779876000,30503.5,30534.5,30502,30523.5
1779876300,30523.5,30534.25,30519.75,30529.5
1779876600,30529.25,30536.5,30527.75,30536
1779876900,30536.25,30538,30523.5,30524.75
1779877200,30524.5,30530,30517,30530
1779877500,30529,30530,30519.5,30521.25
1779877800,30521.25,30522.25,30504.25,30504.75
1779878100,30505.5,30514.75,30501.75,30508
1779878400,30508,30517.25,30504.25,30513.5
1779878700,30514.75,30519.75,30510.5,30514.5
1779879000,30514.75,30520,30512.75,30519
1779879300,30519,30530.25,30517.25,30525
1779879600,30525.5,30562.75,30524.75,30557
1779879900,30556.75,30559.5,30545.5,30549.75
1779880200,30549.75,30561.75,30542.5,30558
1779880500,30558.25,30566,30540.75,30556.5
1779880800,30556,30581,30555.5,30573.75
1779881100,30573,30573.5,30557.5,30559.75
1779881400,30558.75,30579,30558.25,30575.25
1779881700,30575.5,30586.5,30572.5,30574.25
1779882000,30574.25,30576,30560.25,30567.5
1779882300,30567.5,30583,30560.75,30562.5
1779882600,30561.75,30574,30558.25,30569.75
1779882900,30569,30569.75,30551.75,30554.25
1779883200,30554.75,30555.5,30544,30549
1779883500,30549.5,30568.5,30549.25,30561.5
1779883800,30562,30566.25,30555,30557.25
1779884100,30556.25,30604.5,30532.75,30598
1779884400,30596,30668.5,30580.75,30611.5
1779884700,30611.75,30647.25,30604.5,30643.25
1779885000,30644.75,30646.5,30607.25,30608.75
1779885300,30607.5,30634.75,30597.75,30621.5
1779885600,30622,30624.5,30604.25,30604.25
1779885900,30604.5,30605.25,30562.75,30564.75
1779886200,30565.25,30574,30550.5,30557
1779886500,30556,30561.25,30545.75,30550.75
1779886800,30550.25,30560.5,30540.5,30544.25
1779887100,30544.25,30548,30499.5,30509.75
1779887400,30511,30516.5,30490.5,30505
1779887700,30504.25,30514.25,30493,30503.25
1779888000,30503.5,30509,30491.75,30506.25
1779888300,30506.5,30512.75,30475.25,30477.75
1779888600,30477,30481.5,30415.25,30430.25
1779888900,30429.5,30443,30343.25,30355.25
1779889200,30355,30358.25,30254.5,30271.25
1779889500,30271.5,30321.75,30226.5,30287.25
1779889800,30287.25,30366.5,30276,30315.5
1779890100,30315.75,30352.5,30279.5,30349.25
1779890400,30350.25,30388.75,30323.5,30372.75
1779890700,30373,30380,30290,30311.75
1779891000,30312,30320.25,30272,30305
1779891300,30304.5,30346.75,30290.25,30324
1779891600,30323.5,30332.5,30251.25,30254.25
1779891900,30255.5,30255.5,30177.75,30205.5
1779892200,30206.25,30238.25,30167,30238.25
1779892500,30237.75,30293,30220,30288
1779892800,30287.75,30313.5,30262,30283.25
1779893100,30283.25,30313.5,30265,30265.5
1779893400,30265.75,30303.75,30264,30293.25
1779893700,30291.75,30294,30212.75,30230.25
1779894000,30230,30244,30204.25,30220.25
1779894300,30220.5,30253,30198,30250
1779894600,30249.75,30267.25,30237.5,30240
1779894900,30240.25,30241.5,30188.5,30192.75
1779895200,30191,30216.5,30172.75,30213
1779895500,30212.5,30241.25,30208.5,30241
1779895800,30241.5,30270.75,30236.75,30256.5
1779896100,30256.75,30260.25,30195.25,30198.75
1779896400,30198.75,30217.75,30174,30180
1779896700,30179.75,30213.25,30172,30190.25
1779897000,30190.75,30229,30177.75,30213.5
1779897300,30212.25,30233,30193.75,30225.5
1779897600,30224.25,30247.5,30206.75,30217.75
1779897900,30217,30261.5,30216.75,30261.5
1779898200,30261.25,30291.25,30254.5,30285.5
1779898500,30286,30298.75,30266.75,30278
1779898800,30279,30306.5,30275.25,30302.25
1779899100,30302.25,30303.5,30271.75,30281.25
1779899400,30280.25,30293.75,30262.75,30279.75
1779899700,30280.75,30307.75,30277,30305.25
1779900000,30305.25,30329,30303.25,30319.5
1779900300,30320.5,30336.5,30314.5,30336
1779900600,30335.75,30337.75,30291.5,30298.5
1779900900,30298.5,30298.75,30264.75,30277.5
1779901200,30279.25,30286.75,30254.5,30263.75
1779901500,30265,30272.25,30184.25,30188
1779901800,30187.75,30221.75,30186,30211
1779902100,30210,30237.5,30202.75,30233.75
1779902400,30234,30260.25,30229,30257.25
1779902700,30257.5,30265.5,30244.25,30245.75
1779903000,30246.25,30268.25,30245.25,30260.25
1779903300,30260.5,30280,30258,30262
1779903600,30262.5,30268,30232.5,30237.25
1779903900,30237.5,30256,30231.75,30256
1779904200,30255.75,30276,30252.5,30274.75
1779904500,30275,30284.25,30260.75,30262
1779904800,30262,30275.75,30252.5,30272.25
1779905100,30272.75,30295.25,30256,30283.5
1779905400,30283.5,30291.75,30269.75,30286.75
1779905700,30287,30304.5,30281,30300
1779906000,30299.5,30325.5,30296.5,30325
1779906300,30325.25,30343.75,30323.75,30343
1779906600,30342.75,30349.75,30333,30342.75
1779906900,30343,30345.75,30312.5,30332.75
1779907200,30333.25,30345.75,30327.25,30337
1779907500,30337,30344.5,30326.75,30327.75
1779907800,30327.75,30344.5,30322.5,30329
1779908100,30330,30344.5,30325.25,30328.25
1779908400,30328.5,30344.5,30314,30341.75
1779908700,30342.25,30351.75,30325,30334.5
1779909000,30333.5,30341,30325.5,30331.5
1779909300,30330.75,30343,30328,30330.75
1779909600,30331.75,30341.25,30329.75,30334.5
1779909900,30335,30336,30299,30316.75
1779910200,30316.5,30339.75,30314.75,30330.5
1779910500,30330.75,30361.5,30329.5,30352.5
1779910800,30351.75,30356,30340.25,30355.5
1779911100,30355.5,30356,30335.5,30337.25
1779911400,30337,30349,30323.75,30328.25
1779911700,30327.75,30344.75,30324.25,30336.75
1779912000,30337,30347.5,30328,30345.25
1779912300,30345.75,30361,30320.5,30350.25
1779912600,30350.25,30352.25,30339,30347
1779912900,30348,30401.75,30348,30395.5
1779913200,30395.5,30403.75,30376.25,30387.5
1779913500,30387.75,30396.25,30381.25,30383
1779913800,30383,30400,30381.5,30389.25
1779914100,30389.5,30406.25,30387.75,30400.5
1779914400,30400.5,30401.25,30393,30400.25
1779914700,30400.25,30408.5,30398.25,30401.5
1779915000,30402.25,30406.25,30399,30405.25
1779915300,30405,30419,30404.5,30414.75
1779919200,30409.5,30425.75,30389.5,30413.75
1779919500,30412.5,30417.75,30369,30373.5
1779919800,30374,30376,30354.25,30364.25
1779920100,30364.5,30384.25,30362.75,30374.25
1779920400,30373.75,30380.75,30364.25,30368.25
1779920700,30367,30367.25,30337.25,30337.25
1779921000,30337,30337,30316,30333.25
1779921300,30332.25,30353,30330.5,30337.25
1779921600,30336.75,30353,30331.5,30334.25
1779921900,30335.5,30343.75,30333.5,30341.5
1779922200,30342.25,30358,30341,30345.25
1779922500,30345.25,30355.5,30341.5,30351
1779922800,30351,30365,30349,30359
1779923100,30358.25,30361.25,30334.75,30346.75
1779923400,30345.75,30348.5,30336,30346
1779923700,30345.5,30369.5,30330.5,30359.5
1779924000,30359,30360.75,30318,30332.75
1779924300,30331.25,30331.75,30318.25,30331
1779924600,30331,30331.25,30307.5,30307.5
1779924900,30307,30315,30293,30304.5
1779925200,30305.5,30309.75,30291,30294.5
1779925500,30296,30296,30268.75,30281.5
1779925800,30280.75,30280.75,30256.25,30268.25
1779926100,30267.5,30290.5,30267,30268.5
1779926400,30267.5,30308,30252.75,30295.75
1779926700,30295.5,30298,30268.25,30289.25
1779927000,30289.75,30291.75,30259.75,30262.5
1779927300,30263,30299.5,30260.25,30288.75
1779927600,30287.75,30306.25,30279.5,30290
1779927900,30288.5,30301.25,30278.75,30297.25
1779928200,30298,30298.25,30270.25,30283
1779928500,30283,30291,30277.5,30290.75
1779928800,30290.75,30314.5,30290,30314.5
1779929100,30314.5,30329.25,30312.75,30324.75
1779929400,30327,30329.5,30319.5,30323
1779929700,30322.5,30379.5,30317.75,30360
1779930000,30362.75,30369.75,30343,30347.25
1779930300,30346,30346.25,30326.75,30339.25
1779930600,30339.75,30355.5,30334.25,30353.75
1779930900,30353.5,30361.5,30343,30349.75
1779931200,30350.25,30360.75,30334.5,30356.25
1779931500,30354.5,30355.75,30334.75,30347.75
1779931800,30349.75,30365.75,30342,30350.5
1779932100,30349.5,30358.5,30344.25,30348.75
1779932400,30349.5,30350.75,30334.25,30337.25
1779932700,30338.75,30339.5,30323.5,30339.5
1779933000,30339.5,30351.75,30334.25,30348
1779933300,30346.75,30366.5,30346.75,30360.5
1779933600,30360.75,30369,30320,30331.5
1779933900,30331.75,30343.25,30323,30327.5
1779934200,30327.25,30334.75,30317.5,30317.5
1779934500,30318.5,30323,30295.5,30304.25
1779934800,30305.25,30314,30298.5,30310.5
1779935100,30312.75,30312.75,30291,30292
1779935400,30291.25,30304.75,30283.75,30302.5
1779935700,30301.25,30302.75,30277,30285.25
1779936000,30284.5,30287.5,30269.25,30273
1779936300,30273.25,30287.25,30263.25,30286.25
1779936600,30286.5,30290,30270.5,30282.5
1779936900,30283.5,30285.75,30260.25,30262.75
1779937200,30263.75,30274.5,30257,30259.5
1779937500,30260.75,30271,30231.75,30235.75
1779937800,30235.25,30252.5,30220.5,30229
1779938100,30229,30246,30222.75,30227
1779938400,30228.75,30232.75,30210.5,30216.75
1779938700,30216.25,30219,30200.25,30201.25
1779939000,30200.5,30201,30157,30159.25
1779939300,30158.25,30161.75,30110,30127.5
1779939600,30127,30140.25,30091,30092.25
1779939900,30091.25,30126.25,30085.25,30118.5
1779940200,30118.25,30120.75,30097.5,30114
1779940500,30114.25,30115.5,30091.5,30101.5
1779940800,30100.5,30105.5,30059.75,30084
1779941100,30082.5,30114.5,30073.25,30107.5
1779941400,30112.25,30113.75,30082.75,30089.5
1779941700,30089.25,30096,30075.75,30080.75
1779942000,30080.25,30085.5,30052.5,30073.25
1779942300,30074.5,30083.5,30062.5,30074.5
1779942600,30075.75,30092,30067.5,30089.5
1779942900,30088.25,30112,30088.25,30100.25
1779943200,30100.25,30110.75,30091,30094.75
1779943500,30094,30095,30071,30077.5
1779943800,30078.25,30098.5,30073,30082.25
1779944100,30082.5,30095.25,30071.25,30077.75
1779944400,30078.5,30087.25,30058.5,30069.75
1779944700,30070,30085.75,30059.25,30081
1779945000,30079.75,30106.75,30073.75,30100.75
1779945300,30101.75,30102.75,30092.25,30099.5
1779945600,30101.25,30120.5,30093.25,30116.5
1779945900,30118.75,30131.25,30109,30130.25
1779946200,30131.25,30171.75,30123.5,30169.75
1779946500,30169.5,30170,30152,30168
1779946800,30168.5,30176.25,30161,30161.25
1779947100,30163.5,30184.25,30163.5,30180.25
1779947400,30179.5,30201.25,30177.75,30199.75
1779947700,30200.25,30200.5,30189,30194.5
1779948000,30195,30211.5,30192.75,30204
1779948300,30205.5,30217,30199.5,30211
1779948600,30210.75,30222.5,30207.5,30217.5
1779948900,30217.75,30223.5,30213.5,30222
1779949200,30222.5,30227.5,30205.5,30208.5
1779949500,30207.75,30221.5,30204.75,30206
1779949800,30206.25,30212.75,30192,30197.5
1779950100,30195.75,30201.25,30188.5,30193
1779950400,30192.25,30203.5,30181.25,30201.5
1779950700,30201,30202.25,30187.5,30191.25
1779951000,30190.75,30190.75,30170,30182.75
1779951300,30183,30203,30182.5,30197.75
1779951600,30198,30226.5,30198,30217.25
1779951900,30217.25,30254.5,30213.5,30243.25
1779952200,30243.25,30245.25,30223,30236.5
1779952500,30237.25,30246.5,30227.75,30244.75
1779952800,30242.75,30249.5,30229.25,30240.75
1779953100,30240,30246.75,30229.75,30236.25
1779953400,30239.25,30247,30233.75,30237
1779953700,30238.25,30248.25,30232,30234.25
1779954000,30233,30248.5,30226.25,30240.5
1779954300,30239.75,30242,30213,30222.25
1779954600,30222.75,30253,30215.25,30248.25
1779954900,30248.25,30250.75,30236.5,30245.25
1779955200,30247.75,30264.75,30237,30261
1779955500,30261.75,30279.5,30248,30252.75
1779955800,30252.5,30268.75,30247.25,30255.5
1779956100,30254,30263.75,30244.75,30261
1779956400,30260.25,30284.75,30257.75,30276.75
1779956700,30277,30277.5,30239.5,30253.5
1779957000,30253.5,30267.75,30248.5,30267.75
1779957300,30267.5,30277.5,30255,30259.25
1779957600,30259.5,30269.25,30257.25,30261.75
1779957900,30260.25,30264.25,30251.5,30254.5
1779958200,30255.75,30275,30251.5,30269.25
1779958500,30269.75,30275,30265.75,30273.75
1779958800,30273.75,30287.5,30270.25,30270.25
1779959100,30273.25,30282.5,30257.75,30261.5
1779959400,30261.5,30265,30252.75,30259.5
1779959700,30259.5,30268.75,30259.25,30268
1779960000,30267.75,30272,30259.5,30266.75
1779960300,30267.75,30278.75,30257.25,30260.25
1779960600,30259.75,30260.5,30247.75,30252
1779960900,30253,30257.75,30231.25,30233
1779961200,30233.25,30247,30232.25,30239.25
1779961500,30240,30256,30236.25,30253
1779961800,30253,30270,30251.25,30261.5
1779962100,30261.75,30268.5,30257.5,30265.25
1779962400,30264.75,30265,30251.5,30255.25
1779962700,30254.5,30254.75,30235.5,30239.5
1779963000,30239.25,30247.5,30233.25,30236.25
1779963300,30235,30245,30221,30222
1779963600,30222.75,30227.5,30205.5,30208.5
1779963900,30207.5,30228,30203.75,30224.25
1779964200,30224,30229.75,30211.5,30215.25
1779964500,30215.5,30215.75,30206.75,30207.75
1779964800,30207.75,30211.5,30200.5,30203
1779965100,30203.75,30216.75,30197,30211.25
1779965400,30212,30214.25,30153,30197.5
1779965700,30196.75,30198.75,30165.75,30174.5
1779966000,30174,30197.5,30164.25,30184.75
1779966300,30186,30186,30160.75,30176
1779966600,30175.5,30181.25,30162.75,30168.5
1779966900,30168.25,30195.25,30166.5,30191
1779967200,30193,30202.25,30185.75,30194.25
1779967500,30196.25,30202.25,30179.25,30184.25
1779967800,30184.25,30193,30172.25,30191.5
1779968100,30191,30211.25,30183,30207.25
1779968400,30205.75,30229.5,30204.25,30227.25
1779968700,30227.25,30228.5,30208.5,30209.25
1779969000,30209,30219.75,30203.5,30211
1779969300,30210.75,30223.5,30205.5,30213.5
1779969600,30212.75,30226.25,30211.5,30215.5
1779969900,30214.75,30251.75,30214.5,30236.75
1779970200,30236.75,30250.75,30234.75,30244.5
1779970500,30245,30248.25,30224.5,30224.75
1779970800,30225.75,30232.75,30217.75,30222.5
1779971100,30224.25,30245.25,30224.25,30241
1779971400,30242,30286.5,30241.75,30274.25
1779971700,30274.25,30311.5,30273.25,30299.75
1779972000,30302.25,30318.25,30292.5,30316.5
1779972300,30315.5,30343.25,30309.5,30337.25
1779972600,30336.75,30357,30330.25,30347.75
1779972900,30348.5,30357,30339.75,30345.5
1779973200,30346.25,30388.5,30345,30357.5
1779973500,30357,30364.75,30332,30333.25
1779973800,30334.25,30338.25,30317.75,30326.25
1779974100,30326.25,30345.75,30322.5,30344.75
1779974400,30344.75,30347,30325.75,30332
1779974700,30332.75,30355.5,30326.5,30343
1779975000,30342.5,30401.5,30295,30300.25
1779975300,30299,30315.25,30269.5,30271.25
1779975600,30271,30283,30232.75,30245
1779975900,30244.25,30264.75,30218.25,30221.5
1779976200,30221.25,30288.5,30209.75,30242.75
1779976500,30242.75,30287.5,30238.75,30280.25
1779976800,30281.75,30309,30252.75,30281.5
1779977100,30282,30336,30265.75,30336
1779977400,30336,30476.5,30295.75,30450.75
1779977700,30450.5,30462.75,30394.5,30432.25
1779978000,30432.25,30443.5,30352,30381.5
1779978300,30381.5,30439,30376,30437
1779978600,30437.5,30455.75,30400,30400.5
1779978900,30400.25,30437,30397,30416
1779979200,30416.25,30460.75,30411.75,30456.75
1779979500,30458,30469.5,30412.75,30431.75
1779979800,30432.25,30470,30430.5,30458.75
1779980100,30457.75,30481,30450.75,30477.25
1779980400,30477.5,30525.25,30470.25,30521.75
1779980700,30522,30533.5,30505.75,30523.5
1779981000,30523.75,30530.25,30509.25,30510.5
1779981300,30511,30529.75,30498.75,30521
1779981600,30521.75,30539,30518.75,30532.75
1779981900,30533,30564.25,30529.25,30552
1779982200,30552,30574.25,30546.25,30569.25
1779982500,30569.25,30582.5,30560.5,30572
1779982800,30572,30572.5,30551,30551
1779983100,30551.25,30560.75,30540.5,30545
1779983400,30545.25,30570.5,30545.25,30546.25
1779983700,30545.25,30562.75,30541.5,30554
1779984000,30554.25,30557.25,30528,30544.5
1779984300,30545,30567,30543.5,30563
1779984600,30563.25,30572.5,30558.75,30564
1779984900,30563.75,30592.5,30557.5,30590.25
1779985200,30590.25,30607.75,30574.25,30601.5
1779985500,30602.25,30604.5,30589.5,30591.25
1779985800,30591.5,30592.75,30573.25,30577.5
1779986100,30577.75,30588,30567,30583
1779986400,30583.5,30599.25,30582.5,30596.25
1779986700,30596,30608,30592.5,30595.5
1779987000,30596.25,30603.5,30588.25,30590.75
1779987300,30590.75,30619.25,30590.5,30616.5
1779987600,30616.25,30625.25,30610.25,30619
1779987900,30619.5,30623.75,30609.5,30610.75
1779988200,30610.75,30615.5,30603.25,30607.25
1779988500,30607.5,30610,30587.5,30592.75
1779988800,30592.75,30609.25,30592.25,30606.25
1779989100,30606.25,30609.25,30584.75,30588.75
1779989400,30589,30599.5,30575,30576.5
1779989700,30576,30605,30572,30605
1779990000,30605,30614,30598,30611
1779990300,30611.5,30626.25,30609.5,30624.25
1779990600,30623.75,30634,30619,30622.75
1779990900,30622.25,30624.5,30601.5,30609
1779991200,30609,30625.75,30598.25,30624.5
1779991500,30624.25,30627,30610.25,30611.25
1779991800,30611,30611.75,30590.25,30593.25
1779992100,30593.5,30613,30587,30594.75
1779992400,30594.5,30612,30588.5,30610.25
1779992700,30610.25,30615,30601,30604.75
1779993000,30604.5,30605.5,30592.75,30594.75
1779993300,30594.5,30596.25,30579,30584.5
1779993600,30584.25,30597.5,30579.75,30590
1779993900,30590.25,30593.25,30570,30575.75
1779994200,30575.75,30603.25,30570.25,30603
1779994500,30603,30606.5,30581.5,30583
1779994800,30581.5,30592.75,30567,30591.5
1779995100,30591.5,30601.25,30590.5,30591.5
1779995400,30592.25,30601.5,30576.25,30577
1779995700,30577,30579,30563.75,30574.75
1779996000,30574,30583.5,30569.5,30583
1779996300,30582.5,30598.75,30580.5,30595.5
1779996600,30595.25,30611.5,30592.75,30601.75
1779996900,30601.5,30620.75,30600,30620.25
1779997200,30620.25,30621,30598,30599.75
1779997500,30599.25,30620.5,30593.5,30607
1779997800,30606.5,30607,30572.75,30590.25
1779998100,30590,30608,30580.25,30595.75
1779998400,30595.5,30608.5,30581.5,30604
1779998700,30604.5,30618.5,30601.5,30613.25
1779999000,30612.75,30625.25,30610.75,30623
1779999300,30623.25,30633.5,30608.5,30615.25
1779999600,30615.25,30617.25,30604.75,30607
1779999900,30607.75,30616.25,30605.5,30611.25
1780000200,30611.5,30618.25,30607,30612.75
1780000500,30612.5,30614,30605.5,30610
1780000800,30609.5,30610.75,30607.5,30610.5
1780001100,30610.25,30623.25,30607.5,30611
1780001400,30610.75,30615.25,30607.25,30610.25
1780001700,30610,30612,30600.75,30602.5
1780005600,30617.5,30644.5,30614.75,30640.25
1780005900,30641,30651.5,30609.5,30611.5
1780006200,30611.75,30612.25,30580.5,30601
1780006500,30600.5,30603.25,30586.5,30594.25
1780006800,30595,30604.25,30576.75,30579
1780007100,30578.5,30592.75,30578,30591
1780007400,30591,30598,30579.25,30584
1780007700,30584.5,30594,30582.75,30591.25
1780008000,30589.75,30602.5,30589.75,30597.5
1780008300,30597.75,30603.75,30596.5,30598.25
1780008600,30597.75,30598.5,30592.75,30598
1780008900,30598.75,30598.75,30584.5,30587
1780009200,30586.5,30607.75,30586.5,30606
1780009500,30604.5,30605.75,30596.75,30599.5
1780009800,30598.75,30606.25,30596.5,30605.25
1780010100,30604.75,30617,30602.75,30616
1780010400,30615.75,30616.25,30607.5,30607.5
1780010700,30608.75,30610.5,30603.25,30607.75
1780011000,30604.25,30606,30597.5,30600.25
1780011300,30602.25,30605.75,30597.75,30599.5
1780011600,30601.5,30607.25,30599.5,30601.5
1780011900,30600.25,30600.25,30584.5,30590.5
1780012200,30591.75,30595.25,30586,30588.5
1780012500,30587.5,30595,30585.75,30591
1780012800,30590.75,30591,30561.75,30568
1780013100,30567,30576.5,30563.25,30569.75
1780013400,30570,30582.75,30565,30572.25
1780013700,30571.75,30582,30567.75,30577.5
1780014000,30579,30586.25,30569.5,30575
1780014300,30574.25,30591.25,30570.25,30570.25
1780014600,30570.75,30571.5,30541.5,30546
1780014900,30546,30555.25,30544.5,30549.25
1780015200,30549.5,30549.5,30533.5,30539.25
1780015500,30539,30543.75,30528.75,30538
1780015800,30538.75,30544.5,30523.5,30530.75
1780016100,30530.25,30541,30530.25,30537.25
1780016400,30537.75,30551.75,30506,30515
1780016700,30514.75,30540.25,30514.75,30535
1780017000,30534.75,30540.75,30517,30523
1780017300,30522.5,30543,30516.5,30534.75
1780017600,30534.75,30535.75,30523.75,30529.75
1780017900,30529.5,30532,30516,30520.75
1780018200,30519.5,30527.25,30511.5,30521.5
1780018500,30523,30530,30516.75,30527
1780018800,30526.75,30547.25,30526.75,30543
1780019100,30543.75,30552.75,30522,30525.75
1780019400,30524.25,30536,30523.75,30536
1780019700,30535,30545,30532.75,30538.25
1780020000,30536.25,30546,30533.25,30539
1780020300,30539.5,30550.75,30528.5,30549.5
1780020600,30548.75,30561.5,30541,30554.25
1780020900,30553.75,30555.75,30544.25,30550.75
1780021200,30549.5,30549.5,30533,30534
1780021500,30533.5,30538.5,30517.25,30524.75
1780021800,30522.75,30538.75,30518,30533.25
1780022100,30533.5,30538.5,30528.25,30535.5
1780022400,30537.75,30544.5,30534.5,30536.25
1780022700,30537.25,30542,30528,30533.25
1780023000,30533.5,30533.5,30525,30528
1780023300,30527.25,30536.25,30522,30526.75
1780023600,30530.75,30542.5,30525.25,30540
1780023900,30539.75,30552,30537.25,30548.5
1780024200,30548.25,30555,30543.25,30546.5
1780024500,30547.25,30551.5,30542,30546.75
1780024800,30546.5,30556,30546.5,30550.25
1780025100,30549.75,30550.5,30542.25,30550.5
1780025400,30550,30550.5,30541.5,30547.5
1780025700,30545.5,30550.5,30540.25,30548.25
1780026000,30548,30553.5,30545.75,30549.25
1780026300,30549.25,30562.75,30547.25,30560.5
1780026600,30560.75,30564,30536.25,30554
1780026900,30554,30558,30543.5,30550
1780027200,30550.5,30559,30549.5,30553.75
1780027500,30553.25,30563.5,30550.25,30563.5
1780027800,30562.75,30566.5,30559.5,30561.25
1780028100,30561.25,30574,30561,30568.75
1780028400,30568,30575.25,30568,30570.25
1780028700,30571.25,30576.25,30569.5,30573
1780029000,30572.5,30583.75,30569,30578.25
1780029300,30579.25,30589.25,30575.75,30587.75
1780029600,30587.75,30595,30585.75,30594.25
1780029900,30593.75,30596.75,30584.75,30593.5
1780030200,30592.75,30592.75,30581.75,30589
1780030500,30589,30589.25,30580.75,30587.5
1780030800,30587.5,30606.75,30585.5,30601
1780031100,30600,30601.25,30592.5,30598.25
1780031400,30597.75,30607.25,30590.75,30601.25
1780031700,30602,30603.25,30593.75,30595
1780032000,30595.25,30601.75,30595,30595
1780032300,30598,30607,30595.25,30601.75
1780032600,30601.25,30603.5,30587.25,30602
1780032900,30602.75,30604.5,30581.5,30584.75
1780033200,30585.25,30596.5,30583.5,30594.5
1780033500,30594,30605,30593.5,30600.25
1780033800,30600.75,30600.75,30592.25,30595.25
1780034100,30595,30595,30583.75,30588.5
1780034400,30590.5,30606,30589.25,30601.5
1780034700,30601,30613.5,30599.5,30611.75
1780035000,30611.75,30617,30604.75,30611.75
1780035300,30611.5,30619.25,30609,30619
1780035600,30619.5,30631.75,30617.25,30621.75
1780035900,30623.25,30628.25,30602.75,30606.25
1780036200,30605.75,30621.75,30601.75,30611
1780036500,30611,30625,30611,30616.5
1780036800,30616.75,30622.5,30612,30617.5
1780037100,30617.25,30628.25,30615.75,30626.25
1780037400,30625.5,30637,30624.5,30634.75
1780037700,30634.75,30640,30632.75,30637.75
1780038000,30637.75,30639,30624.25,30624.75
1780038300,30625.25,30633,30616.5,30629.75
1780038600,30630.25,30631.5,30611.5,30614
1780038900,30613.75,30616.25,30603.5,30605.75
1780039200,30605.25,30609.25,30590.75,30592.5
1780039500,30591.5,30595.5,30583.25,30589.5
1780039800,30588.75,30592.5,30572,30583.5
1780040100,30582.75,30583,30555.25,30568.5
1780040400,30568.25,30573.75,30563,30568.25
1780040700,30567,30583.5,30566,30579
1780041000,30579.25,30589,30578.25,30579.75
1780041300,30581.75,30591.75,30581.75,30590
1780041600,30589,30607.75,30584.5,30586
1780041900,30585.5,30596,30576.5,30587.25
1780042200,30587.5,30603.5,30584.5,30600
1780042500,30600.75,30606.5,30595.5,30597.5
1780042800,30597.5,30608,30590.25,30594.25
1780043100,30592.5,30603,30581.5,30602.5
1780043400,30602.5,30611.5,30599.5,30607
1780043700,30607.75,30612.25,30595.75,30612.25
1780044000,30612.25,30615.5,30597.5,30597.75
1780044300,30598.75,30599,30579,30582
1780044600,30581.75,30597.25,30581.5,30596.25
1780044900,30596.25,30608.75,30594.5,30603.75
1780045200,30605.75,30628,30598.5,30619.75
1780045500,30619.25,30633.25,30616.25,30629.75
1780045800,30629.75,30650.5,30627.25,30650.5
1780046100,30649.75,30656,30638.5,30653.75
1780046400,30653.25,30658.75,30632.75,30635
1780046700,30635.25,30648.25,30626.5,30642
1780047000,30642.75,30644,30631,30636.75
1780047300,30635.75,30635.75,30624,30627.25
1780047600,30628,30633.5,30618.25,30620.5
1780047900,30620.5,30639,30619.25,30631
1780048200,30632.25,30633.75,30618,30621.25
1780048500,30622,30628.25,30617.75,30621
1780048800,30621.5,30623,30593.5,30595.75
1780049100,30596,30602,30590.5,30593
1780049400,30593.25,30609,30592.5,30605.25
1780049700,30605.5,30609,30592.75,30597.25
1780050000,30597.75,30615.25,30597.5,30615.25
1780050300,30614,30622.5,30608.25,30618.75
1780050600,30619.25,30623.5,30611.5,30621.5
1780050900,30622,30636,30619,30629.75
1780051200,30630.5,30631.5,30620.75,30628.75
1780051500,30629,30639.5,30625.25,30633.25
1780051800,30632.5,30637.5,30626.5,30626.5
1780052100,30627.25,30632.25,30623.5,30630
1780052400,30629.25,30648,30627.5,30642
1780052700,30642.5,30651.75,30641.75,30645.5
1780053000,30645,30653.75,30638.75,30650.75
1780053300,30651.25,30661.75,30648.5,30654
1780053600,30653.75,30658.5,30643.75,30650
1780053900,30649.75,30656,30621.5,30623.5
1780054200,30623,30628.25,30601.75,30604.5
1780054500,30604,30620,30599.25,30617.5
1780054800,30617,30641.75,30615.75,30632.75
1780055100,30632.5,30644.25,30624.5,30627.25
1780055400,30626.75,30632,30588.25,30620.5
1780055700,30621,30640.75,30617.5,30638.5
1780056000,30639.5,30640.5,30617,30619.5
1780056300,30618.75,30619.5,30603.75,30609.5
1780056600,30611.5,30620.75,30604.5,30610.25
1780056900,30609.75,30623.25,30602.5,30620.25
1780057200,30620.75,30621.5,30602,30608.25
1780057500,30606.75,30616.25,30601.75,30616.25
1780057800,30617,30621.5,30586.5,30603.5
1780058100,30602.5,30602.5,30588.75,30596.75
1780058400,30597.25,30613,30595,30611.75
1780058700,30611.25,30617.5,30599.5,30616.5
1780059000,30616.25,30637.5,30616,30634.25
1780059300,30634.5,30639,30628,30638.5
1780059600,30639,30653,30631,30648.75
1780059900,30648.25,30653.25,30641.25,30641.25
1780060200,30641.25,30646.5,30632.5,30634
1780060500,30634.75,30638,30625.5,30628.75
1780060800,30629.25,30638.25,30627.75,30636.5
1780061100,30637.25,30674,30637.25,30671.75
1780061400,30672.5,30715.5,30654.25,30664.5
1780061700,30664.5,30728,30659.25,30718.75
1780062000,30718,30751.5,30712.5,30750
1780062300,30750,30781.5,30741.75,30775.5
1780062600,30775.75,30803,30766,30786.25
1780062900,30786,30810.25,30779.75,30808.5
1780063200,30807.5,30825.5,30788,30804.25
1780063500,30804,30809.25,30763.75,30765.75
1780063800,30766,30791.75,30734,30749.25
1780064100,30749.5,30752.25,30682,30704
1780064400,30704.25,30732.5,30676.25,30676.5
1780064700,30676,30697.25,30635.5,30695
1780065000,30694.75,30727,30677.25,30726.5
1780065300,30726.5,30727,30637.5,30637.5
1780065600,30638.25,30655,30578.5,30583
1780065900,30583.5,30612.5,30559.5,30591.25
1780066200,30589.75,30684.25,30584,30630
1780066500,30630,30678,30628.75,30649
1780066800,30649.25,30667.5,30630.25,30656.25
1780067100,30656.5,30685,30624.75,30680
1780067400,30679.25,30719,30677.25,30716.5
1780067700,30715.75,30729.25,30684.5,30686.5
1780068000,30686.25,30695,30649,30687.25
1780068300,30687.5,30711.5,30663.5,30687
1780068600,30687.5,30708,30682.25,30691
1780068900,30691.25,30709.25,30674.75,30700.25
1780069200,30700,30706,30652.25,30666.25
1780069500,30666.25,30675.25,30645.25,30671
1780069800,30670.75,30687,30655.5,30670
1780070100,30669.5,30674.75,30642,30652
1780070400,30653.5,30699.5,30647.25,30695.5
1780070700,30695.75,30727.5,30686.5,30725.5
1780071000,30726,30737.25,30716.5,30725.25
1780071300,30724.5,30737.25,30700.25,30702.75
1780071600,30703,30731,30699.75,30716.5
1780071900,30715.75,30715.75,30690,30693.25
1780072200,30693.5,30719.5,30675.25,30711.75
1780072500,30711.25,30733.75,30705.5,30731
1780072800,30731,30737,30708,30712
1780073100,30712.25,30716.25,30698.25,30703.75
1780073400,30704.5,30705.25,30676.5,30687.75
1780073700,30688,30691.25,30665,30686.25
1780074000,30687.5,30700.25,30678,30681.25
1780074300,30681.5,30691.25,30671.75,30683.75
1780074600,30683.75,30693.5,30671.25,30682
1780074900,30682,30688.75,30671.5,30676.5
1780075200,30677.25,30680.75,30645.5,30668
1780075500,30667.25,30672.5,30644.75,30657.5
1780075800,30656.5,30661.75,30630.75,30656.25
1780076100,30657,30666,30645.75,30654.25
1780076400,30654.75,30660,30629.75,30637
1780076700,30636.5,30644.25,30627.25,30635.75
1780077000,30635.25,30650.25,30619,30619.75
1780077300,30619.5,30620,30585.5,30591.5
1780077600,30591.25,30620.75,30580.5,30620
1780077900,30620.75,30643,30619.5,30641.25
1780078200,30641.75,30655.75,30625,30632
1780078500,30632.25,30642,30618,30640.75
1780078800,30640.25,30654.5,30634.25,30653.5
1780079100,30654,30675,30649,30669
1780079400,30669,30691.75,30668.25,30684.5
1780079700,30684.75,30686.25,30656.5,30667
1780080000,30666.25,30677.75,30664.25,30674.25
1780080300,30674.75,30675,30623.25,30637.25
1780080600,30637.5,30645.75,30611.25,30632.5
1780080900,30632.75,30635.75,30606,30614
1780081200,30613.5,30642.25,30604.75,30633.75
1780081500,30633.75,30658.5,30633,30653
1780081800,30653,30658.75,30647.25,30654.5
1780082100,30655,30659.5,30633.5,30648.25
1780082400,30648.5,30663,30643.25,30657.5
1780082700,30657.75,30673.75,30644,30670.75
1780083000,30671.75,30692.25,30671.25,30692.25
1780083300,30692.25,30722,30691,30718.25
1780083600,30718,30729.5,30711,30718.5
1780083900,30719.25,30729,30701.75,30725.5
1780084200,30725.25,30734.75,30686.5,30699.5
1780084500,30699,30713.75,30682.5,30687
1780084800,30687.5,30700.5,30678.5,30696
1780085100,30696.5,30700,30683.5,30690.5
1780085400,30690.75,30693.5,30679.5,30685.75
1780085700,30685.5,30686.5,30670.75,30674
1780086000,30674.5,30686,30671,30683
1780086300,30683.25,30684.5,30668.5,30676
1780086600,30675.75,30679.75,30672.75,30679.5
1780086900,30679.25,30681.75,30675.5,30676.25
1780087200,30675.5,30675.75,30666,30672.25
1780087500,30672,30678.5,30671,30676.5
1780087800,30676.5,30686.5,30671.25,30673
1780088100,30675,30681.75,30670,30679
1780264800,30705,30730.25,30650.75,30661.25
1780265100,30662.25,30682,30655.5,30667
1780265400,30668.75,30710.5,30662.75,30709.75
1780265700,30709.25,30709.75,30697.5,30699.25
1780266000,30700.25,30723,30685.75,30717.75
1780266300,30717,30727.5,30710.5,30713.25
1780266600,30713.25,30735.25,30713,30727.75
1780266900,30727.25,30732,30716.75,30723.25
1780267200,30724,30743,30723.25,30743
1780267500,30743.25,30762.5,30742.75,30754.5
1780267800,30754.5,30761.5,30752.5,30754.5
1780268100,30754.25,30758.5,30741.5,30745
1780268400,30745.5,30768.5,30739.75,30762.5
1780268700,30762.75,30767.5,30752.25,30756.5
1780269000,30755.25,30762.25,30749.75,30754.5
1780269300,30754,30760.5,30753.25,30755.75
1780269600,30755.75,30760.75,30740,30745
1780269900,30745.75,30762.5,30745,30757.5
1780270200,30757.75,30767.75,30750.25,30755.75
1780270500,30754.75,30759.25,30748.75,30756
1780270800,30755.25,30758.25,30750.5,30755.5
1780271100,30756.25,30762.75,30750.75,30756.25
1780271400,30756.75,30774.5,30752.75,30768.75
1780271700,30770,30772.5,30765.5,30766.5
1780272000,30767.75,30802,30759.75,30798
1780272300,30798.5,30809.25,30794.25,30802
1780272600,30802.25,30814,30793.5,30802.5
1780272900,30801.75,30810,30784.5,30789.75