time,open,high,low,close
1663538400,4414.75,4420.25,4412.5,4419.75
1663538700,4419.5,4420,4409.25,4411.75
1663539000,4412,4414.75,4411.75,4413
1663539300,4413,4415,4411.75,4414.25
1663539600,4414.25,4414.5,4412.25,4413
1663539900,4412.75,4414,4411.75,4413
1663540200,4413.25,4413.25,4411.5,4412.75
1663540500,4412.5,4413.75,4411.5,4413.5
1663540800,4413.5,4417,4413,4415
1663541100,4415.25,4420.25,4415,4420.25
1663541400,4420,4420.25,4418,4418.75
1663541700,4418.5,4419.5,4418,4419
1663542000,4418.5,4422.5,4417,4421.25
1663542300,4421.5,4421.75,4419.75,4420.25
1663542600,4420.25,4421.25,4419.75,4420.75
1663542900,4420.75,4421.25,4419.75,4419.75
1663543200,4419.75,4422,4419.5,4421.5
1663543500,4421.75,4423,4418,4419.25
1663543800,4419.25,4419.5,4416.75,4417
1663544100,4417,4419.25,4417,4417.25
1663544400,4417.5,4420.25,4417.25,4420
1663544700,4420.25,4421.5,4418.75,4419.25
1663545000,4419.25,4420,4417.75,4418.25
1663545300,4418.25,4419.5,4417.75,4418.75
1663545600,4419,4422.25,4418.5,4421.5
1663545900,4421.5,4422.75,4418.25,4419.25
1663546200,4419.25,4420.25,4418,4419.25
1663546500,4419,4421.25,4418.75,4420.75
1663546800,4420.75,4422.25,4419.5,4421
1663547100,4421,4424.25,4420.75,4422.75
1663547400,4422.75,4423.75,4421.25,4423.75
1663547700,4423.5,4424,4422.25,4422.25
1663548000,4422.25,4424.5,4421.25,4423.5
1663548300,4423.5,4424,4422.5,4422.75
1663548600,4422.5,4423.25,4420.75,4421.5
1663548900,4421.75,4422.5,4421,4421.5
1663549200,4421.25,4422.25,4420,4422.25
1663549500,4422.25,4423.75,4422,4423
1663549800,4423,4424,4422.25,4422.5
1663550100,4422.5,4423.25,4421.25,4421.5
1663550400,4421.5,4422.75,4419.25,4419.5
1663550700,4419.75,4420.75,4418.25,4420.25
1663551000,4420.5,4421,4417.75,4418
1663551300,4418.25,4418.75,4416.5,4417.5
1663551600,4417.75,4421.5,4417.75,4420.5
1663551900,4421,4422,4420.25,4422
1663552200,4421.75,4422.5,4421.25,4421.5
1663552500,4421.25,4422,4420.25,4421.75
1663552800,4421.75,4422,4420,4420.25
1663553100,4420.25,4420.25,4418.5,4418.75
1663553400,4418.75,4419.5,4414.5,4414.5
1663553700,4414.75,4415,4407.25,4408.25
1663554000,4408.5,4408.5,4406.25,4406.5
1663554300,4406.5,4407.25,4399,4403.25
1663554600,4403.25,4404,4399.75,4403.5
1663554900,4403.5,4405,4403.25,4403.75
1663555200,4404,4405.25,4403.25,4404.25
1663555500,4404.25,4406.5,4404.25,4406.5
1663555800,4406.5,4407.75,4406,4407
1663556100,4407,4407.75,4406,4407
1663556400,4407.25,4407.25,4404.75,4405.25
1663556700,4405.25,4405.75,4403.25,4404.75
1663557000,4405,4407.75,4405,4407
1663557300,4406.75,4408,4406.75,4407.75
1663557600,4408,4408,4406.75,4408
1663557900,4408,4409.5,4407.75,4408.5
1663558200,4408.5,4408.5,4405.75,4407.25
1663558500,4407.5,4408,4407,4407.5
1663558800,4407.5,4407.75,4405.75,4406
1663559100,4406.25,4407.75,4406,4407
1663559400,4407.25,4407.5,4406.25,4406.25
1663559700,4406.25,4407.5,4406,4407.25
1663560000,4407.25,4409,4407.25,4408.25
1663560300,4408.5,4408.5,4406.25,4406.25
1663560600,4406.25,4406.5,4404.25,4404.75
1663560900,4405,4407,4405,4406.75
1663561200,4406.5,4408.25,4406.5,4407.75
1663561500,4407.75,4408,4406.5,4407
1663561800,4407,4408.25,4407,4407.75
1663562100,4408,4408.75,4407.5,4407.75
1663562400,4407.75,4408,4407,4407.75
1663562700,4407.5,4408.25,4406.5,4407.5
1663563000,4407.5,4408.25,4406.75,4407.5
1663563300,4407.5,4408.5,4407.25,4408
1663563600,4408,4408,4406.25,4406.75
1663563900,4407,4408.5,4406.75,4407.75
1663564200,4407.5,4409,4406,4408.25
1663564500,4408.5,4410.25,4408,4409.5
1663564800,4409.25,4410.25,4408.5,4409.75
1663565100,4409.75,4409.75,4407.25,4407.5
1663565400,4407.5,4408.25,4406.5,4407.5
1663565700,4407.5,4407.75,4405.5,4406
1663566000,4406.25,4407.25,4404.75,4406.25
1663566300,4406.25,4407.25,4405.25,4406.25
1663566600,4406.25,4406.5,4404,4404.25
1663566900,4404.25,4405,4400.25,4400.5
1663567200,4400.5,4400.5,4396,4397.25
1663567500,4397.25,4397.75,4393.75,4395.5
1663567800,4395.5,4396,4390.5,4391.5
1663568100,4391.75,4397.5,4391.5,4397.25
1663568400,4397.25,4398.75,4396,4398.5
1663568700,4398.5,4400.5,4398.25,4398.5
1663569000,4398.5,4401,4396.75,4400.75
1663569300,4400.5,4401,4398.25,4399.25
1663569600,4399.25,4399.25,4396.25,4396.75
1663569900,4396.75,4398.25,4395.75,4398.25
1663570200,4398.25,4399.75,4397.75,4398.75
1663570500,4399,4399.75,4397.25,4399.75
1663570800,4399.5,4399.5,4391.5,4391.75
1663571100,4391.75,4392.25,4386,4389.75
1663571400,4390,4392.5,4389.75,4391
1663571700,4390.75,4394.25,4389,4393
1663572000,4393.25,4393.5,4388.75,4389.75
1663572300,4389.5,4389.5,4386.25,4388.5
1663572600,4388.75,4389.5,4386,4388
1663572900,4387.75,4390.75,4387.25,4389.75
1663573200,4390,4393,4389.5,4391
1663573500,4390.75,4393,4390.75,4391.5
1663573800,4391.75,4393.75,4388.5,4390.25
1663574100,4390.25,4390.75,4386,4386.5
1663574400,4386.75,4388.75,4383.5,4388.5
1663574700,4388.5,4392.75,4387.75,4391.25
1663575000,4391.25,4393.5,4391,4392.75
1663575300,4393,4393.75,4391.25,4391.5
1663575600,4391.25,4392,4390.5,4391.25
1663575900,4391.25,4394.75,4391.25,4392.75
1663576200,4392.75,4393.5,4391,4391.75
1663576500,4391.75,4392.25,4389.25,4389.25
1663576800,4389.25,4389.5,4388,4388.75
1663577100,4388.75,4388.75,4385.25,4387.25
1663577400,4387,4388.5,4385.5,4385.75
1663577700,4386,4386,4380.5,4381.75
1663578000,4381.75,4385,4381.5,4385
1663578300,4384.75,4386.75,4383,4385.25
1663578600,4385.25,4385.5,4383.25,4383.75
1663578900,4383.5,4384.5,4377.75,4378.75
1663579200,4378.75,4380.75,4378.25,4380.5
1663579500,4380.5,4382.25,4379.75,4380.5
1663579800,4380.5,4380.5,4376.25,4377.5
1663580100,4377.25,4379.25,4377.25,4378.75
1663580400,4379,4380.5,4375.5,4376.75
1663580700,4376.75,4378.25,4376.5,4377.25
1663581000,4377.5,4380.5,4377.5,4379
1663581300,4379.25,4381.25,4378.25,4379.5
1663581600,4379.5,4380.25,4375.75,4376
1663581900,4376,4376.5,4372,4373.75
1663582200,4373.75,4375.25,4372.75,4373
1663582500,4373,4374,4371.5,4374
1663582800,4373.75,4377.75,4373.75,4377
1663583100,4377,4378.25,4377,4377.75
1663583400,4378,4380,4376.75,4379.25
1663583700,4379.25,4380.75,4378,4378
1663584000,4378.25,4380.75,4378,4380.5
1663584300,4380.25,4382.75,4379.75,4382.75
1663584600,4382.75,4383,4380.5,4380.75
1663584900,4380.5,4383,4380.25,4382.75
1663585200,4382.75,4385.5,4382.5,4384
1663585500,4384,4388.25,4383.5,4385.5
1663585800,4385.5,4386.5,4383.75,4385.5
1663586100,4385.75,4387,4384.25,4384.5
1663586400,4384.25,4385.25,4380.25,4381.25
1663586700,4381,4382.75,4379.25,4379.5
1663587000,4379.5,4381.5,4379.5,4381.5
1663587300,4381.25,4384,4380.75,4383
1663587600,4383,4384,4380,4380.25
1663587900,4380.25,4382.25,4380,4380
1663588200,4380,4383,4379.75,4382.75
1663588500,4382.75,4382.75,4376.25,4376.75
1663588800,4377,4380.5,4376.25,4379.5
1663589100,4379.5,4384.75,4379.5,4384
1663589400,4383.75,4385.5,4381,4381.5
1663589700,4381.5,4381.75,4378,4378.75
1663590000,4379,4381,4378.25,4380.5
1663590300,4380.25,4383.75,4380.25,4382
1663590600,4382,4383.75,4380,4382
1663590900,4381.75,4387.25,4381,4387.25
1663591200,4387,4389,4385.25,4387.25
1663591500,4387.25,4390.25,4387,4390.25
1663591800,4390.25,4392.5,4388.75,4389.75
1663592100,4390,4391.25,4387.5,4388
1663592400,4388,4389.75,4386.5,4388.5
1663592700,4388.5,4390.25,4385.75,4387.25
1663593000,4387.5,4388.25,4386,4388.25
1663593300,4388,4389,4385.25,4385.25
1663593600,4385.25,4385.5,4381.5,4383
1663593900,4382.75,4383.25,4379,4379.25
1663594200,4379.25,4393.25,4378.5,4392.5
1663594500,4392.75,4393.75,4388.25,4392.25
1663594800,4392.5,4402.75,4392.25,4400.75
1663595100,4401,4405.25,4399,4402
1663595400,4402,4412,4401.25,4406.75
1663595700,4406.75,4409.5,4402.5,4405.5
1663596000,4405.75,4406,4397.25,4399
1663596300,4399,4406.75,4398.25,4402.25
1663596600,4402.25,4416.5,4401,4411.25
1663596900,4411.25,4413,4404.25,4405.25
1663597200,4405,4408.25,4401,4408.25
1663597500,4408.25,4414.75,4408,4414.5
1663597800,4414.25,4417,4409.25,4413.25
1663598100,4413.25,4422,4413.25,4421
1663598400,4421,4427.25,4420.25,4426
1663598700,4425.75,4429,4422.75,4423.25
1663599000,4423.25,4424,4417.75,4418
1663599300,4418,4421.75,4416.5,4419.25
1663599600,4419.5,4427,4417.5,4422.25
1663599900,4422.25,4425.25,4420.25,4422
1663600200,4421.75,4424.75,4417.75,4419.5
1663600500,4419.5,4428,4417.75,4421
1663600800,4420.75,4421.5,4413.25,4415.25
1663601100,4415,4416.5,4408.75,4409.25
1663601400,4409,4410,4404.25,4406.5
1663601700,4406.5,4406.5,4398.75,4401.25
1663602000,4401,4405,4399.75,4403.5
1663602300,4403.5,4408.5,4403.25,4407.5
1663602600,4407.25,4410,4404.5,4407.25
1663602900,4407.25,4408.5,4401.25,4402.25
1663603200,4402.25,4407.25,4401.75,4402
1663603500,4402,4407.25,4395.75,4405
1663603800,4405,4407.75,4404,4404.75
1663604100,4404.75,4409,4402.25,4405.5
1663604400,4405.5,4407,4402,4405
1663604700,4404.75,4406.25,4399.5,4402.5
1663605000,4402.75,4407.75,4401.75,4407.5
1663605300,4407.5,4415.5,4407.25,4413.25
1663605600,4413.5,4415,4409.5,4414.75
1663605900,4414.75,4415.25,4411.25,4412.25
1663606200,4412.5,4418.5,4412.25,4418.5
1663606500,4418.25,4420.75,4416.5,4418.5
1663606800,4418.75,4420,4415.75,4416.25
1663607100,4416.25,4418.25,4414,4416.75
1663607400,4417,4417.5,4410.5,4412
1663607700,4412,4413.25,4409,4413.25
1663608000,4413,4416.25,4410.75,4416.25
1663608300,4416,4418.25,4415,4418
1663608600,4418,4418.25,4410.25,4410.75
1663608900,4411,4412.75,4407.25,4411
1663609200,4411,4414,4410.25,4412.75
1663609500,4412.75,4417.75,4412,4414
1663609800,4414,4415.5,4410.75,4413
1663610100,4412.75,4415.25,4410,4411.75
1663610400,4411.75,4414,4408.75,4409.25
1663610700,4409,4412.5,4407,4411.75
1663611000,4411.5,4412.25,4407.25,4407.25
1663611300,4407.25,4414,4407.25,4410
1663611600,4410,4412.25,4404,4405.25
1663611900,4405,4410.5,4404.5,4409.25
1663612200,4409.25,4413,4409.25,4412.5
1663612500,4412.5,4416.75,4410,4415.5
1663612800,4415.75,4415.75,4410.5,4410.75
1663613100,4411,4411.75,4408,4409.5
1663613400,4409.25,4415.5,4408.75,4413.5
1663613700,4413.25,4416.75,4412.75,4416
1663614000,4416.25,4428,4416,4426.75
1663614300,4426.75,4428.5,4425,4427
1663614600,4427,4439.25,4425.5,4435
1663614900,4435.25,4437,4431.25,4432.5
1663615200,4432.5,4436,4430,4435.5
1663615500,4435.25,4441.25,4434.75,4437.5
1663615800,4437.5,4442.5,4437.5,4439.25
1663616100,4439,4443.25,4437.75,4440.5
1663616400,4440.5,4443.25,4439.25,4441
1663616700,4441,4443.25,4436.5,4438.5
1663617000,4438.75,4441.25,4432.5,4441
1663617300,4441,4444,4437.5,4444
1663617600,4443.75,4452.25,4442.25,4447
1663617900,4447,4448.25,4443.5,4444
1663618200,4444,4445.5,4443.25,4444.5
1663618500,4444.5,4445,4442.5,4443
1663618800,4443,4443.25,4441.75,4442.25
1663619100,4442.25,4444.75,4442,4444.75
1663619400,4444.75,4446.5,4444,4446.25
1663619700,4446.25,4448.5,4446.25,4448.5
1663620000,4448.5,4449.75,4447.75,4449.25
1663620300,4449.25,4449.25,4448.25,4449
1663620600,4448.75,4449.75,4448.75,4449.5
1663620900,4449.25,4449.75,4447.75,4448
1663624800,4448.25,4448.75,4446.75,4447.5
1663625100,4447.75,4448,4446.75,4448
1663625400,4448,4449.75,4448,4449
1663625700,4449.25,4451,4448.75,4450.75
1663626000,4450.75,4453.5,4450.5,4451.75
1663626300,4452,4452,4450,4450.25
1663626600,4450,4451,4449.25,4449.25
1663626900,4449.5,4450.5,4449.5,4450.5
1663627200,4450.5,4451.25,4450.25,4450.5
1663627500,4450.5,4451.75,4450.5,4451
1663627800,4451,4451.25,4450.25,4451
1663628100,4451,4451,4449,4449.5
1663628400,4449.5,4450.25,4449.25,4450
1663628700,4450.25,4450.25,4449,4449
1663629000,4449.25,4449.75,4448.75,4449.25
1663629300,4449.5,4451.25,4449.5,4449.5
1663629600,4449.75,4451.25,4449.25,4450.5
1663629900,4450.75,4451.25,4450.25,4451.25
1663630200,4451.25,4455,4451.25,4452.75
1663630500,4452.75,4453.75,4452,4452
1663630800,4452,4452.5,4451.25,4452
1663631100,4452.25,4454.25,4451.75,4454.25
1663631400,4454,4456.25,4453.75,4455.25
1663631700,4455.25,4456.5,4454.5,4456.5
1663632000,4456.25,4458.5,4455,4458
1663632300,4458,4459.75,4458,4458.5
1663632600,4458.5,4458.75,4456.75,4458.75
1663632900,4458.5,4459,4457,4457.5
1663633200,4457.25,4458.25,4456.25,4457.5
1663633500,4457.75,4458,4456.25,4456.25
1663633800,4456,4457,4454.25,4454.5
1663634100,4454.5,4454.5,4452.5,4453.5
1663634400,4453.75,4453.75,4449.75,4450.25
1663634700,4450.5,4451.25,4449,4449.5
1663635000,4449.5,4450.75,4448.5,4450.25
1663635300,4450.25,4451.25,4449.75,4450.75
1663635600,4450.75,4450.75,4448.5,4449.75
1663635900,4450,4450.5,4448.75,4449.5
1663636200,4449.75,4450.25,4447.5,4448.5
1663636500,4448.75,4448.75,4445.25,4445.75
1663636800,4446,4447.25,4445,4447
1663637100,4446.75,4447.75,4446.25,4446.75
1663637400,4446.75,4447.75,4445.5,4447.5
1663637700,4447.5,4447.75,4445.5,4445.75
1663638000,4445.75,4447,4444.5,4446.5
1663638300,4446.75,4447.75,4444.75,4447.5
1663638600,4447.5,4449.5,4447,4449.25
1663638900,4449.5,4450.25,4448.25,4448.5
1663639200,4448.5,4449.25,4447.5,4447.5
1663639500,4447.5,4448.25,4446.5,4448
1663639800,4448,4449.75,4447.5,4449
1663640100,4449,4449.75,4448.75,4449.5
1663640400,4449.5,4449.75,4448.75,4449.25
1663640700,4449.25,4450.5,4448.5,4450.25
1663641000,4450.5,4450.75,4449.25,4449.25
1663641300,4449.5,4449.75,4448.5,4448.75
1663641600,4448.5,4448.5,4447.5,4448
1663641900,4448.25,4449.25,4447.25,4448.75
1663642200,4448.5,4449.5,4448.25,4449.25
1663642500,4449.25,4450.25,4449,4450
1663642800,4450,4450.25,4449,4449.5
1663643100,4449.5,4449.75,4449,4449.5
1663643400,4449.25,4450.5,4449,4450.25
1663643700,4450.25,4451.25,4448.75,4448.75
1663644000,4448.75,4449.25,4448.5,4449
1663644300,4449,4449.75,4448.75,4449.5
1663644600,4449.5,4450.5,4449,4449.75
1663644900,4450,4451,4449.75,4450.75
1663645200,4451,4451,4449.75,4450.75
1663645500,4451,4452.25,4450.25,4452
1663645800,4451.75,4452,4450.5,4450.75
1663646100,4450.75,4451.5,4450.5,4451.5
1663646400,4451.5,4451.75,4451,4451.25
1663646700,4451.5,4451.75,4450.5,4450.75
1663647000,4450.75,4451.5,4450.5,4451.5
1663647300,4451.5,4452.5,4451.25,4451.5
1663647600,4451.5,4451.5,4450.5,4451
1663647900,4451,4451.75,4450.75,4451
1663648200,4451,4452.25,4451,4452
1663648500,4452.25,4452.75,4451.75,4451.75
1663648800,4451.75,4452.25,4451.5,4452.25
1663649100,4452.25,4452.5,4451.75,4452
1663649400,4452,4452,4450.5,4450.75
1663649700,4450.75,4451.5,4450.25,4451.5
1663650000,4451.25,4451.5,4450,4450.75
1663650300,4451,4452.25,4450.5,4452
1663650600,4452,4452.25,4451,4451.25
1663650900,4451.25,4451.25,4450,4451
1663651200,4451,4451.5,4450.5,4451.5
1663651500,4451.5,4454.5,4451.25,4454.5
1663651800,4454.25,4455.25,4453.25,4453.25
1663652100,4453.5,4454.25,4453,4454
1663652400,4454.25,4455,4454,4454.5
1663652700,4454.5,4454.75,4453.5,4453.5
1663653000,4453.75,4454.25,4453,4453
1663653300,4453,4453.75,4452.75,4453.75
1663653600,4453.75,4454,4447.75,4448.5
1663653900,4448.75,4451,4448.25,4450.75
1663654200,4450.5,4451,4449,4450.25
1663654500,4450,4450.75,4449,4450
1663654800,4450,4450.5,4448.5,4449
1663655100,4449,4450.5,4449,4450.25
1663655400,4450,4450.5,4448.25,4448.75
1663655700,4448.75,4451.25,4447.25,4450.25
1663656000,4450.5,4450.75,4448.5,4449
1663656300,4449.25,4449.5,4448,4449.5
1663656600,4449.5,4451.75,4449.25,4451.25
1663656900,4451.25,4453,4449.5,4450.5
1663657200,4450.5,4451.75,4448.5,4451
1663657500,4450.75,4458.5,4450.75,4456.75
1663657800,4457,4460.5,4456.5,4457.25
1663658100,4457.5,4459.75,4457.25,4458.75
1663658400,4458.75,4461.5,4458.5,4459
1663658700,4459,4459.5,4453.75,4455.25
1663659000,4455,4456.75,4450,4451
1663659300,4451,4452,4447.5,4448
1663659600,4447.75,4447.75,4441.25,4442.5
1663659900,4442.5,4445,4439.5,4444
1663660200,4444,4444.5,4440.5,4441.5
1663660500,4441.5,4442.25,4437.5,4440.5
1663660800,4440.25,4440.5,4436.25,4437
1663661100,4437,4437.5,4433,4435
1663661400,4434.75,4435,4431.75,4433.75
1663661700,4433.75,4434.75,4431.5,4433.25
1663662000,4433.25,4433.25,4431.75,4433.25
1663662300,4433.25,4436.25,4431.75,4436.25
1663662600,4436,4440,4435.25,4439.25
1663662900,4439.5,4441,4439,4440.25
1663663200,4440.25,4441.75,4440.25,4440.75
1663663500,4440.75,4441.5,4439,4439
1663663800,4439,4439.75,4436,4436.25
1663664100,4436.25,4437.75,4435.5,4436.5
1663664400,4436.5,4437.75,4435.5,4436.75
1663664700,4437,4437,4432.25,4433.25
1663665000,4433.25,4433.5,4431.25,4432.25
1663665300,4432,4432.25,4429,4429.5
1663665600,4429.5,4430,4426.75,4427
1663665900,4427,4431.75,4426.25,4430
1663666200,4430,4433.25,4429,4430
1663666500,4430,4430.5,4428,4430
1663666800,4430.25,4430.25,4426,4426
1663667100,4426,4426.25,4423.75,4425.25
1663667400,4425.25,4426,4422.5,4424
1663667700,4424,4427,4423.5,4426.5
1663668000,4426.5,4426.5,4421.5,4424.75
1663668300,4424.5,4424.5,4422,4423.5
1663668600,4423.25,4424.25,4421.5,4423.25
1663668900,4423.5,4423.5,4420.5,4422.5
1663669200,4422.5,4424.75,4420.5,4424.5
1663669500,4424.25,4427.25,4424,4426.5
1663669800,4426.5,4427.75,4425.75,4427.75
1663670100,4427.75,4428,4426.75,4427
1663670400,4427,4427.5,4424.25,4424.5
1663670700,4424.75,4426.5,4422.75,4426.5
1663671000,4426.5,4428,4426.25,4427.75
1663671300,4427.5,4427.75,4426.5,4427.5
1663671600,4427.5,4430.75,4426.75,4430
1663671900,4430,4431.25,4428.5,4429.5
1663672200,4429.5,4429.5,4424.5,4426
1663672500,4426,4432,4425.75,4432
1663672800,4431.75,4432,4428,4428.5
1663673100,4428.5,4430.75,4428,4429
1663673400,4428.75,4429.25,4426.75,4428
1663673700,4428,4428.5,4426.75,4428
1663674000,4428,4428,4424.25,4425.5
1663674300,4425.5,4427.25,4423.75,4426.25
1663674600,4426.5,4428.25,4425,4425.5
1663674900,4425.5,4426,4423.75,4423.75
1663675200,4423.75,4425.75,4421.75,4422.25
1663675500,4422.25,4422.5,4417,4417.5
1663675800,4417.5,4420.75,4417.5,4418.75
1663676100,4419,4421.25,4418,4419.75
1663676400,4419.75,4420.25,4414.5,4416.25
1663676700,4416.5,4417.25,4410.5,4411.75
1663677000,4412,4415.75,4412,4414
1663677300,4413.75,4415.75,4413,4414.25
1663677600,4414.25,4417,4414.25,4415.75
1663677900,4415.75,4417.5,4415.25,4416
1663678200,4416,4420,4415.5,4419
1663678500,4419,4419.75,4416,4416
1663678800,4416,4419.25,4415.75,4418
1663679100,4417.75,4418.25,4414.25,4416
1663679400,4415.75,4416.25,4413.25,4414.75
1663679700,4415,4415,4411,4411.5
1663680000,4411.5,4411.5,4409,4410.75
1663680300,4410.75,4412,4407.75,4408
1663680600,4408,4410.25,4402.25,4408
1663680900,4408,4408,4398,4399.75
1663681200,4399.75,4400.25,4392.5,4396.5
1663681500,4396.5,4402.75,4395,4397.25
1663681800,4397.25,4397.75,4390.75,4395.25
1663682100,4395.5,4400.5,4394.25,4395.75
1663682400,4395.75,4399.25,4390,4394.25
1663682700,4394.25,4401.25,4393.5,4399
1663683000,4399,4401.25,4388,4392.25
1663683300,4392.25,4395,4387.75,4391
1663683600,4390.75,4397,4390,4391.25
1663683900,4391.5,4399,4389.5,4397
1663684200,4397,4397.25,4391.25,4392.5
1663684500,4392.5,4394.75,4384.25,4390
1663684800,4389.75,4398.75,4389.25,4395.75
1663685100,4395.5,4399.5,4393,4398.5
1663685400,4398.5,4404.75,4397.75,4402
1663685700,4402,4404,4400.25,4403.5
1663686000,4403.75,4405.75,4398.25,4400.75
1663686300,4400.75,4409.25,4399.25,4408.25
1663686600,4408.25,4409.25,4405.25,4406.25
1663686900,4406,4407.5,4400.75,4403
1663687200,4402.75,4405,4401.25,4402
1663687500,4402,4406,4400.75,4403.25
1663687800,4403,4406.5,4400,4402.5
1663688100,4402.75,4404.25,4399.25,4401.25
1663688400,4401.25,4403.75,4399.5,4402
1663688700,4401.75,4406.75,4401,4405.5
1663689000,4405.5,4413.25,4403,4412.5
1663689300,4412.5,4415.75,4411.75,4414.25
1663689600,4414.25,4417.25,4412.75,4416.5
1663689900,4416.5,4418.5,4413.75,4414.75
1663690200,4414.75,4416.5,4411.75,4414.5
1663690500,4414.5,4416,4410.25,4411.75
1663690800,4412,4413.75,4409.25,4410.5
1663691100,4410.75,4410.75,4402.75,4403
1663691400,4403,4403.75,4396.25,4398.25
1663691700,4398,4400.5,4396,4398.25
1663692000,4398.25,4398.75,4395.5,4397
1663692300,4397,4398.75,4395.25,4397
1663692600,4397,4400.25,4395.75,4400
1663692900,4399.75,4401,4397.75,4399
1663693200,4399.25,4400.25,4395.25,4395.5
1663693500,4395.75,4396.25,4391.5,4393.75
1663693800,4393.5,4394,4390,4391.25
1663694100,4391.25,4391.25,4386.5,4388.5
1663694400,4388.5,4392,4386.5,4390.75
1663694700,4391,4391.5,4382,4383.25
1663695000,4383.25,4383.25,4376.75,4377.75
1663695300,4377.5,4380.5,4377.25,4379.5
1663695600,4379.5,4384.25,4378,4383
1663695900,4382.75,4384,4376.5,4377
1663696200,4377,4377.75,4372.25,4374.5
1663696500,4374.25,4374.75,4368.5,4370.75
1663696800,4370.75,4377.25,4370.25,4375.75
1663697100,4375.5,4379,4374.75,4378.75
1663697400,4378.75,4379,4374.75,4378.25
1663697700,4378.25,4382.25,4373.75,4381.75
1663698000,4381.75,4387.75,4380.25,4386
1663698300,4386,4387,4382.25,4384
1663698600,4384,4384,4376.5,4377
1663698900,4377,4380.25,4375.5,4377.5
1663699200,4377.25,4379.75,4371.75,4378.25
1663699500,4378.25,4393.75,4377,4390
1663699800,4390,4391.25,4385.25,4386.75
1663700100,4387,4393.75,4384.75,4390.5
1663700400,4390.5,4397.5,4388.75,4391.25
1663700700,4391.25,4392.25,4385.5,4387
1663701000,4387,4393.25,4386,4392
1663701300,4392,4395.25,4389.75,4394.25
1663701600,4394.25,4400,4393.5,4398.25
1663701900,4398.5,4402.25,4397.75,4398.75
1663702200,4399,4402.25,4392,4402.25
1663702500,4402.25,4410.25,4400.75,4408.5
1663702800,4408.5,4410,4404.5,4409
1663703100,4409,4412.75,4404.5,4406.25
1663703400,4406.25,4408,4397.75,4402.75
1663703700,4402.75,4403.25,4394.75,4399.25
1663704000,4399,4405.75,4399,4402
1663704300,4402,4406.5,4401.5,4406
1663704600,4406,4407.5,4404.5,4404.75
1663704900,4404.75,4406.75,4403,4403.5
1663705200,4403.5,4404.25,4402.5,4402.5
1663705500,4402.5,4403.75,4402,4402
1663705800,4402.25,4403.25,4401.5,4401.75
1663706100,4401.75,4402.75,4400.25,4402.25
1663706400,4402,4402.5,4401.5,4402.25
1663706700,4402,4403.75,4402,4403.5
1663707000,4403.25,4404,4402.75,4403.75
1663707300,4403.5,4405.25,4403,4405
1663711200,4404,4404.75,4399.25,4401
1663711500,4401,4401.75,4399,4399.75
1663711800,4400,4401,4398.25,4398.5
1663712100,4398.5,4399.25,4398,4398.25
1663712400,4398.5,4399,4397.75,4398.75
1663712700,4398.75,4400.75,4398.5,4399
1663713000,4399,4400.5,4399,4399.75
1663713300,4399.5,4400,4399.25,4399.75
1663713600,4399.75,4401,4399.75,4401
1663713900,4401,4401,4399.25,4400
1663714200,4400,4401.25,4400,4400.25
1663714500,4400,4402,4400,4402
1663714800,4401.75,4403,4401,4401.25
1663715100,4401.25,4401.5,4397.25,4397.5
1663715400,4397.75,4398.5,4395.5,4395.75
1663715700,4395.75,4397.25,4395.5,4396.75
1663716000,4397,4398.5,4397,4397.5
1663716300,4397.5,4399,4397.5,4397.75
1663716600,4398,4400,4397.25,4399.75
1663716900,4400,4400.25,4399.25,4399.75
1663717200,4400,4401.25,4399.75,4400.5
1663717500,4400.75,4401.75,4400.5,4401
1663717800,4401.25,4402,4400,4401.75
1663718100,4401.75,4402,4399.5,4400.75
1663718400,4400.75,4403,4398.5,4402
1663718700,4402,4402.75,4401,4402.5
1663719000,4402.75,4405.25,4402.5,4404
1663719300,4403.75,4403.75,4400.5,4402.5
1663719600,4402.5,4404.75,4402.5,4403.5
1663719900,4403.5,4405,4402.5,4404.25
1663720200,4404.5,4405.25,4403.25,4404
1663720500,4404,4406,4402.5,4404.75
1663720800,4405,4406.25,4404.75,4405.75
1663721100,4405.5,4405.5,4404.25,4405
1663721400,4404.75,4405,4403,4404.75
1663721700,4404.75,4406,4402.75,4403.25
1663722000,4403.25,4403.75,4402,4402.25
1663722300,4402.25,4404.25,4402,4403.25
1663722600,4403.5,4403.75,4402.5,4403.5
1663722900,4403.5,4404.5,4403,4403.75
1663723200,4404,4404,4400,4401.25
1663723500,4401.25,4401.25,4396.5,4397.75
1663723800,4397.75,4398.5,4395.75,4396.5
1663724100,4396.5,4398,4396,4397.5
1663724400,4397.5,4399,4397,4398.75
1663724700,4398.75,4400,4397.75,4399.75
1663725000,4399.5,4399.75,4398,4398
1663725300,4398,4398.25,4396.5,4398
1663725600,4398,4399,4397,4397.75
1663725900,4398,4403.75,4397.75,4403
1663726200,4403,4404,4402.25,4403
1663726500,4402.75,4403.25,4401.75,4402.75
1663726800,4402.75,4403,4402,4402.25
1663727100,4402.5,4404.25,4402.5,4403
1663727400,4402.75,4403,4401.25,4402.75
1663727700,4403,4403.75,4403,4403.5
1663728000,4403.75,4404.75,4402.75,4404.5
1663728300,4404.75,4405.5,4403.5,4403.75
1663728600,4404,4405,4403.75,4404.25
1663728900,4404,4404.25,4403.25,4404
1663729200,4403.75,4404,4402.25,4403
1663729500,4403,4403,4401.75,4401.75
1663729800,4401.75,4403,4401.75,4402.25
1663730100,4402.25,4402.25,4401.25,4401.25
1663730400,4401.5,4402.25,4400.75,4402.25
1663730700,4402.25,4402.25,4401.25,4402
1663731000,4402,4403,4401.75,4401.75
1663731300,4401.75,4403.5,4401.25,4402.25
1663731600,4402.25,4402.25,4401.5,4402.25
1663731900,4402.5,4404.5,4402.5,4403.75
1663732200,4404,4404.5,4403.75,4404.25
1663732500,4404.5,4405,4403.25,4404.75
1663732800,4404.75,4405,4403.5,4403.75
1663733100,4404,4404,4402.25,4402.75
1663733400,4402.75,4403.25,4401.75,4402.5
1663733700,4402.75,4403,4402,4402.75
1663734000,4402.75,4403,4401.25,4401.5
1663734300,4401.5,4401.75,4400.5,4401.25
1663734600,4401.25,4401.25,4400.25,4401
1663734900,4401,4402,4400.5,4402
1663735200,4402,4403.25,4401.75,4402.75
1663735500,4402.75,4403,4402.25,4402.5
1663735800,4402.25,4402.5,4400.75,4401.25
1663736100,4401.25,4402.5,4401.25,4402.25
1663736400,4402.25,4404.5,4402,4404.5
1663736700,4404.25,4405.75,4402.25,4403.5
1663737000,4403.25,4404.25,4403.25,4403.25
1663737300,4403.25,4403.5,4402.5,4403
1663737600,4403.25,4404.25,4402.75,4403.25
1663737900,4403.25,4406,4403,4406
1663738200,4405.75,4408,4405.5,4407.75
1663738500,4408,4408.25,4405.5,4405.75
1663738800,4405.75,4406,4404.25,4404.5
1663739100,4404.5,4405.25,4403.75,4404.75
1663739400,4405,4407.75,4404.75,4406.75
1663739700,4406.75,4407.75,4393.75,4396.75
1663740000,4397,4402.25,4390.25,4402
1663740300,4401.75,4405.25,4399.5,4401.75
1663740600,4401.75,4405,4394.75,4397.5
1663740900,4397.75,4402.5,4396,4399.75
1663741200,4400,4401.5,4397.75,4398.75
1663741500,4398.75,4399,4392.25,4392.25
1663741800,4392.5,4393.75,4387.75,4388.5
1663742100,4388.5,4391,4386,4387
1663742400,4387,4392,4385.5,4391.25
1663742700,4391.25,4396,4391,4394.75
1663743000,4394.75,4394.75,4390,4390.75
1663743300,4390.75,4392.25,4387,4389.5
1663743600,4389.5,4392.5,4384.5,4385.75
1663743900,4385.75,4386.75,4380,4382.75
1663744200,4382.5,4386.25,4380,4385.75
1663744500,4385.5,4393.75,4384.75,4391
1663744800,4391.25,4392.75,4388.75,4392.25
1663745100,4392.25,4400.5,4392,4398.5
1663745400,4398.5,4398.75,4394,4397
1663745700,4397.25,4398.75,4396,4397.5
1663746000,4397.25,4398,4394.5,4396.5
1663746300,4396.25,4402.25,4396.25,4401
1663746600,4401,4403.75,4400,4400.75
1663746900,4400.75,4400.75,4397,4397.25
1663747200,4397.25,4398.25,4395.25,4396.25
1663747500,4396,4398.5,4394.25,4398
1663747800,4398.25,4400.5,4397.25,4397.25
1663748100,4397.5,4402,4397.5,4402
1663748400,4401.75,4403.75,4401.5,4403.5
1663748700,4403.25,4404.25,4400.25,4400.5
1663749000,4400.5,4402.25,4399.75,4401.25
1663749300,4401.5,4403,4401.25,4402.5
1663749600,4402.75,4403.75,4402,4402.5
1663749900,4402.5,4403.5,4401.75,4402.5
1663750200,4402.5,4403.5,4401.25,4402.5
1663750500,4402.25,4402.75,4400.75,4401.25
1663750800,4401,4402,4399.25,4400.5
1663751100,4400.25,4401,4399,4399.25
1663751400,4399.25,4400.25,4398.75,4399.25
1663751700,4399.5,4400.25,4397.25,4398
1663752000,4398.25,4399.75,4397,4398.25
1663752300,4398.25,4401.75,4397.75,4401.5
1663752600,4401.25,4405,4401,4405
1663752900,4405,4406,4403.75,4405.25
1663753200,4405.5,4407.5,4405.25,4405.25
1663753500,4405.5,4410.75,4405.5,4409.5
1663753800,4409.5,4410.75,4407.5,4408.25
1663754100,4408.25,4409.5,4407.5,4409
1663754400,4408.75,4410.25,4407.5,4407.5
1663754700,4407.75,4408.25,4406.5,4407
1663755000,4407,4407.5,4406.25,4407.25
1663755300,4407.5,4409.25,4407,4407.75
1663755600,4407.75,4408,4404.75,4404.75
1663755900,4405,4408,4404.25,4407.5
1663756200,4407.25,4407.25,4401,4402
1663756500,4402.25,4405.25,4399,4404
1663756800,4404,4406.25,4403.75,4405.5
1663757100,4405.75,4409,4405.5,4407.5
1663757400,4407.75,4410.25,4407.25,4409
1663757700,4409,4409,4406.25,4406.5
1663758000,4406.5,4408.5,4406.25,4406.5
1663758300,4406.25,4406.5,4404.25,4405.25
1663758600,4405.25,4405.75,4403.75,4404
1663758900,4404,4407.5,4404,4405.25
1663759200,4405.5,4405.5,4403.25,4405.25
1663759500,4405.25,4405.5,4403.25,4404.5
1663759800,4404.5,4406.75,4403.75,4405
1663760100,4405.25,4408.25,4404.25,4406.75
1663760400,4406.75,4409.25,4406.5,4408
1663760700,4408,4413.75,4408,4412.25
1663761000,4412.25,4415.5,4410.75,4413.5
1663761300,4413.5,4414,4411,4411.75
1663761600,4411.75,4412.5,4410.5,4411.25
1663761900,4411.25,4413.5,4411,4413.25
1663762200,4413,4413.25,4410.25,4411.5
1663762500,4411.25,4412,4409.5,4409.75
1663762800,4410,4412.5,4409.5,4411.75
1663763100,4411.75,4416,4411,4415.5
1663763400,4415.5,4422,4414.75,4420.5
1663763700,4420.5,4421.25,4418.75,4419.75
1663764000,4419.75,4420,4416.5,4418
1663764300,4418,4420.25,4417.25,4419
1663764600,4419,4419.25,4416.75,4417.75
1663764900,4417.5,4418.25,4414.75,4418
1663765200,4418,4420.5,4418,4418.75
1663765500,4418.75,4420.25,4416.5,4420
1663765800,4420,4420.25,4417.75,4420
1663766100,4420.25,4421.75,4419,4419
1663766400,4419.25,4419.25,4418,4419
1663766700,4418.75,4419.75,4415.5,4418.5
1663767000,4418.25,4425,4411.25,4412.25
1663767300,4412.25,4418.25,4412,4416.75
1663767600,4416.75,4420,4412.75,4412.75
1663767900,4413,4426.25,4412.5,4424
1663768200,4424.25,4426.5,4420.75,4422.25
1663768500,4422.25,4424,4417.25,4419.75
1663768800,4419.75,4423.5,4418.25,4422.25
1663769100,4422.5,4425.25,4416,4425
1663769400,4425,4425.75,4420.25,4423.5
1663769700,4423.5,4424,4420,4421.5
1663770000,4421.75,4424.75,4418.75,4424
1663770300,4424,4429.75,4421.5,4429
1663770600,4429.25,4430.25,4421.25,4422.75
1663770900,4422.75,4423,4419.5,4419.75
1663771200,4419.5,4421.5,4416.25,4417
1663771500,4416.75,4419.75,4413,4416
1663771800,4416,4419.75,4415.25,4418.25
1663772100,4418.5,4418.75,4414.75,4417
1663772400,4417.25,4419.75,4412.75,4413.5
1663772700,4413.75,4416.25,4411.25,4413.75
1663773000,4413.5,4417.75,4413.5,4417.75
1663773300,4417.5,4418,4413.75,4414.25
1663773600,4414.5,4416.25,4412.25,4415.75
1663773900,4415.5,4416.75,4413,4415.75
1663774200,4416,4418.25,4415.5,4416.75
1663774500,4416.75,4419.25,4416,4418.5
1663774800,4418.5,4421,4417.25,4420
1663775100,4420,4421.25,4416.25,4416.5
1663775400,4416.25,4418.25,4414.75,4416.75
1663775700,4416.75,4418.25,4415,4417.75
1663776000,4417.5,4418,4415.25,4416.5
1663776300,4416.75,4420.75,4416,4420.25
1663776600,4420.25,4422.25,4419.25,4420.5
1663776900,4420.5,4422.25,4419.25,4421
1663777200,4421,4421.75,4418.75,4420
1663777500,4420,4422.5,4418.75,4422.25
1663777800,4422.25,4424.75,4420.75,4424.75
1663778100,4424.75,4426,4421.5,4421.75
1663778400,4422,4422.75,4420.75,4421
1663778700,4420.75,4422.75,4419.25,4422
1663779000,4422,4422.5,4417.75,4418.25
1663779300,4418.25,4418.5,4416,4416.25
1663779600,4416.25,4418,4415.5,4417.75
1663779900,4417.5,4418.75,4415.25,4417.5
1663780200,4417.5,4418.75,4416.25,4417
1663780500,4417,4417,4413.25,4415
1663780800,4414.75,4415.25,4413,4414.25
1663781100,4414.25,4417.25,4413.25,4417.25
1663781400,4417.25,4420,4416.75,4419.5
1663781700,4419.5,4421.25,4418.25,4421.25
1663782000,4421.25,4423.75,4420.25,4423.25
1663782300,4423.25,4425.25,4420.5,4422.75
1663782600,4422.5,4424.75,4422,4422
1663782900,4422,4430.25,4421.5,4427
1663783200,4427.25,4429.25,4364,4364.5
1663783500,4364.25,4392.5,4358,4384.25
1663783800,4384.25,4388.5,4362,4363.25
1663784100,4363,4373.25,4361.5,4367.75
1663784400,4367.75,4379.25,4367.25,4378.5
1663784700,4378.25,4386.25,4372.75,4374.25
1663785000,4374,4408,4364.25,4403.75
1663785300,4403.75,4412.75,4390.25,4399.25
1663785600,4399,4441.25,4392.5,4436.75
1663785900,4436.75,4450.5,4412.75,4421
1663786200,4421.25,4436.25,4408.25,4434
1663786500,4434,4437.75,4420.5,4431.75
1663786800,4431.75,4437.75,4418,4423.75
1663787100,4423.75,4432.25,4412,4414
1663787400,4414,4415,4381,4413.5
1663787700,4413.75,4421.25,4403,4405
1663788000,4404.75,4405,4391.5,4396.5
1663788300,4396.5,4396.5,4371.25,4371.75
1663788600,4371.5,4376.5,4359,4374.75
1663788900,4374.75,4375.75,4349.75,4352.25
1663789200,4352,4358.5,4345.5,4345.75
1663789500,4345.75,4347,4338.5,4342
1663789800,4342,4351,4340.5,4345.25
1663790100,4345.5,4345.5,4329.25,4329.25
1663790400,4329.25,4331.25,4324.75,4326.5
1663790700,4326.5,4332.75,4325.5,4330.75
1663791000,4330.5,4332.25,4327,4329.5
1663791300,4329.75,4330.75,4325.25,4325.5
1663791600,4325.5,4327.75,4322,4322
1663791900,4322.25,4322.25,4317.25,4317.75
1663792200,4317.75,4323,4317.75,4319
1663792500,4319.25,4320.75,4318,4318.75
1663792800,4318.5,4319.25,4317.25,4318.75
1663793100,4319,4323.75,4319,4323.25
1663793400,4323,4323.25,4320.25,4321.5
1663793700,4321.75,4322.25,4319.5,4322
1663797600,4319.25,4326,4317.25,4324.25
1663797900,4324.25,4324.25,4320.75,4321.25
1663798200,4321.5,4322.5,4318.75,4320.25
1663798500,4320,4321,4318.5,4320.25
1663798800,4320.25,4322.25,4319.75,4322
1663799100,4321.5,4322.75,4320,4322
1663799400,4322,4322.5,4319.75,4320
1663799700,4320,4320.5,4318.75,4320.5
1663800000,4320.5,4320.5,4311.5,4311.75
1663800300,4311.75,4312.25,4309.25,4310.25
1663800600,4310,4311.25,4308,4309.5
1663800900,4309.5,4311.75,4309.25,4309.5
1663801200,4309.5,4311.25,4308.25,4310.5
1663801500,4310.75,4312,4309.5,4310.75
1663801800,4310.5,4311,4305.5,4306.25
1663802100,4306.25,4308,4305.75,4308
1663802400,4308,4310.25,4307.75,4309.5
1663802700,4309.25,4310.5,4307.75,4308.25
1663803000,4308,4308.5,4305.25,4305.5
1663803300,4305.75,4308.25,4305.5,4307
1663803600,4307.25,4308,4305.5,4307.5
1663803900,4307.5,4308.5,4306.5,4307.25
1663804200,4307.25,4309.5,4306.75,4309
1663804500,4308.75,4310.75,4306.5,4306.75
1663804800,4306.5,4310.25,4303.75,4309.25
1663805100,4309,4311.5,4308.5,4309
1663805400,4309,4310.5,4308.25,4308.75
1663805700,4308.75,4309.5,4304.25,4307.25
1663806000,4307.25,4308.5,4306.25,4307.75
1663806300,4307.5,4308.5,4306.75,4307.75
1663806600,4307.75,4309.25,4307,4307.75
1663806900,4307.5,4309.25,4307.25,4308.75
1663807200,4308.75,4309.25,4301.25,4301.75
1663807500,4301.75,4305.25,4301.25,4305
1663807800,4305,4305,4302,4302.25
1663808100,4302.25,4302.25,4297,4299.25
1663808400,4299,4301.25,4297.5,4298.5
1663808700,4298.5,4300.25,4296.25,4296.25
1663809000,4296.25,4297.5,4292,4293.75
1663809300,4293.75,4297.75,4293.5,4297.25
1663809600,4297.25,4297.5,4293.5,4296.5
1663809900,4296.25,4297.25,4294.75,4295.5
1663810200,4295.5,4298,4295,4296.25
1663810500,4296.25,4297,4294.5,4296
1663810800,4296,4298,4295.75,4297.75
1663811100,4297.75,4299.75,4296.5,4299.75
1663811400,4299.5,4301.75,4299.25,4299.5
1663811700,4299.5,4304,4299.5,4303.5
1663812000,4303.5,4306.25,4302.25,4304.5
1663812300,4304.5,4305.75,4301.25,4301.5
1663812600,4301.5,4302.75,4300.5,4302.25
1663812900,4302.25,4303.75,4301.75,4302.5
1663813200,4302.5,4305.5,4302.25,4303
1663813500,4303,4303.5,4301.5,4302.5
1663813800,4302.5,4304.75,4301.5,4302.5
1663814100,4302.25,4306.75,4302,4306
1663814400,4305.75,4308.75,4305,4307.25
1663814700,4307.5,4309.75,4306.75,4309.5
1663815000,4309.25,4312,4308.25,4308.25
1663815300,4308.5,4313.5,4308.5,4309.25
1663815600,4309.25,4309.5,4307.5,4308
1663815900,4308.25,4309.25,4306.25,4307.25
1663816200,4307.25,4307.75,4305.5,4307
1663816500,4307,4307.75,4305.75,4307
1663816800,4307.25,4309,4306.75,4308.5
1663817100,4308.75,4308.75,4307.25,4307.5
1663817400,4307.5,4310,4307.5,4308.5
1663817700,4308.25,4310.25,4308.25,4309.75
1663818000,4309.5,4311.25,4309.25,4310.25
1663818300,4310.5,4310.75,4309,4309.75
1663818600,4310,4310.25,4309.25,4309.5
1663818900,4309.25,4309.5,4307,4308.25
1663819200,4308.25,4309.5,4307.5,4309.25
1663819500,4309.25,4310.75,4309,4309.75
1663819800,4310,4310,4309.25,4309.5
1663820100,4309.25,4310.25,4308.25,4310.25
1663820400,4310.25,4313,4310.25,4311.75
1663820700,4311.75,4313.5,4311.75,4313
1663821000,4312.75,4313.75,4312.25,4312.75
1663821300,4312.5,4313.25,4310.75,4311.5
1663821600,4311.25,4311.5,4310.75,4310.75
1663821900,4310.75,4312.25,4310,4311.25
1663822200,4311.25,4312.25,4310.5,4311.75
1663822500,4311.5,4311.5,4309.75,4310
1663822800,4310,4312.75,4309,4312.25
1663823100,4312.5,4313.25,4311.5,4313.25
1663823400,4313.5,4313.5,4309.5,4309.5
1663823700,4309.5,4311.75,4309.25,4311
1663824000,4310.75,4312.5,4310.25,4312.25
1663824300,4312.25,4313,4311.75,4312.75
1663824600,4312.75,4317.25,4311.25,4316.5
1663824900,4316.5,4317.75,4314.25,4316.75
1663825200,4317,4318,4315.25,4316
1663825500,4316.25,4316.25,4314.25,4314.75
1663825800,4315,4315.25,4313.5,4314.5
1663826100,4314.5,4315.5,4311.5,4311.5
1663826400,4311.75,4315.25,4311.5,4314.5
1663826700,4314.25,4318.75,4313.25,4317.75
1663827000,4317.5,4318.75,4313.75,4314.25
1663827300,4314,4316,4313.25,4314.75
1663827600,4314.5,4318,4314.25,4315.5
1663827900,4315.25,4318,4314.75,4317.5
1663828200,4317.5,4317.5,4310.25,4310.5
1663828500,4310.5,4311.5,4307.25,4308.75
1663828800,4308.5,4308.75,4305.25,4306
1663829100,4305.75,4306,4302,4305.25
1663829400,4305.25,4307.5,4304,4307
1663829700,4307,4308.75,4305.5,4307.25
1663830000,4307.5,4307.5,4302.75,4305.25
1663830300,4305.25,4308.5,4304.75,4306.5
1663830600,4306.25,4308.5,4304.5,4308
1663830900,4308,4314,4307.75,4312.5
1663831200,4312.5,4314.75,4310.75,4312.75
1663831500,4312.75,4319,4312,4316.5
1663831800,4316.25,4319.75,4314.75,4318
1663832100,4318.25,4321,4316,4318.25
1663832400,4318.5,4321.75,4317.25,4321.25
1663832700,4321.5,4336.25,4321.5,4335.75
1663833000,4335.75,4339.5,4333.75,4338
1663833300,4338,4338.75,4335.75,4337.75
1663833600,4337.5,4344,4336,4344
1663833900,4344,4345.25,4338.75,4340.5
1663834200,4340.75,4342.75,4339,4339.25
1663834500,4339.5,4344.5,4339.5,4344.25
1663834800,4344,4347.75,4343.25,4345.5
1663835100,4345.25,4346.75,4343,4344.5
1663835400,4344.5,4348.5,4344.25,4348.25
1663835700,4348.25,4351.5,4347.5,4350.25
1663836000,4350.25,4355.5,4349.5,4355.25
1663836300,4355.25,4358.25,4347.5,4349
1663836600,4349,4351.25,4345.5,4346.75
1663836900,4346.5,4348.25,4345,4347
1663837200,4347,4348,4341.5,4343.5
1663837500,4343.5,4344,4335.25,4336.25
1663837800,4336,4341.5,4336,4340.5
1663838100,4340.75,4342.75,4336.5,4337.25
1663838400,4337.25,4340,4335,4336
1663838700,4336,4338.75,4335,4338.25
1663839000,4338.25,4341.5,4336.75,4336.75
1663839300,4336.75,4337.75,4330.5,4330.75
1663839600,4331,4332,4328,4329.5
1663839900,4329.75,4332.75,4328.75,4329.75
1663840200,4329.5,4332.25,4328.25,4332
1663840500,4331.75,4334.75,4331,4332.75
1663840800,4332.75,4333.75,4326.5,4327.75
1663841100,4327.75,4330.75,4327,4329.25
1663841400,4329.25,4329.75,4327.75,4328.25
1663841700,4328.25,4330,4327.75,4329.75
1663842000,4329.75,4333.25,4328.75,4332.25
1663842300,4332.25,4336.25,4332,4336.25
1663842600,4336.25,4340.5,4335.75,4340
1663842900,4340,4341,4338,4340.25
1663843200,4340,4340,4334.75,4337
1663843500,4336.75,4337.25,4333,4333.5
1663843800,4333.75,4340,4333.5,4338.25
1663844100,4338.25,4339.5,4337,4338.5
1663844400,4338.25,4340.75,4328.5,4335.25
1663844700,4335.25,4336,4326.5,4326.75
1663845000,4326.5,4327.75,4322,4323
1663845300,4323.25,4328.25,4323,4327.25
1663845600,4327.5,4328.5,4321.5,4323.75
1663845900,4323.75,4325.5,4316.75,4317.5
1663846200,4317.25,4321.75,4317,4319.75
1663846500,4320,4326.5,4319.5,4326.25
1663846800,4326,4327.5,4322.25,4326.5
1663847100,4326.75,4326.75,4321.25,4324.25
1663847400,4324.25,4331.25,4324.25,4331
1663847700,4330.75,4335,4330.5,4333
1663848000,4333,4334.25,4329.5,4333.75
1663848300,4333.75,4334.25,4328.75,4333.5
1663848600,4333.5,4340.75,4333.25,4340.75
1663848900,4340.75,4342.75,4338.75,4339.75
1663849200,4339.75,4340,4333.75,4334.25
1663849500,4334.25,4338.5,4333.75,4334
1663849800,4334.25,4334.25,4325.5,4332.25
1663850100,4332,4338,4330,4334.75
1663850400,4334.75,4340.75,4333.75,4338
1663850700,4338.25,4344.25,4337.25,4341.75
1663851000,4341.5,4347.25,4340,4343.5
1663851300,4343.25,4345.5,4338.75,4339
1663851600,4339,4339.75,4332.75,4333
1663851900,4333.25,4335,4332.5,4334
1663852200,4334,4334.5,4328.75,4329.75
1663852500,4329.75,4331.75,4326.75,4327.5
1663852800,4327.5,4328.5,4319.5,4322
1663853100,4321.75,4324,4318.75,4321
1663853400,4321,4332,4320.25,4320.25
1663853700,4320.25,4326.75,4312,4313
1663854000,4313,4316.75,4304.75,4307.25
1663854300,4307.25,4312.75,4303.5,4304.5
1663854600,4304.75,4309.25,4301.5,4303.75
1663854900,4303.75,4307.75,4298.75,4303.75
1663855200,4304,4305.5,4297.25,4300.75
1663855500,4300.75,4310.75,4299.75,4308.5
1663855800,4308.25,4319.5,4303.25,4319.25
1663856100,4319,4320.25,4306,4306.75
1663856400,4306.75,4310,4302,4305.25
1663856700,4305.25,4312,4303.25,4311
1663857000,4311,4316.5,4302.75,4306
1663857300,4306,4312,4302.75,4310.5
1663857600,4310.5,4312,4303,4303.75
1663857900,4304,4308.75,4301.5,4306.25
1663858200,4306.25,4306.5,4299.25,4299.5
1663858500,4299.5,4303.25,4294,4295.25
1663858800,4295.25,4297.5,4292.25,4293.75
1663859100,4293.75,4302.25,4293.5,4300.5
1663859400,4300.25,4300.5,4293.25,4294
1663859700,4293.75,4297.5,4291,4292
1663860000,4292,4294.75,4288.75,4291.75
1663860300,4292,4299.75,4291.5,4297.5
1663860600,4297.5,4304,4295.75,4298.75
1663860900,4299,4302.75,4297.25,4301
1663861200,4300.75,4301.25,4295,4297.5
1663861500,4297.5,4307.25,4296,4306
1663861800,4306,4308.5,4302.5,4304
1663862100,4303.75,4306,4296,4299
1663862400,4299,4306.75,4298,4302.75
1663862700,4302.75,4304.25,4298.75,4303.5
1663863000,4303.25,4304,4296,4299.25
1663863300,4299.25,4303.75,4297.25,4302.5
1663863600,4302.25,4315,4299.25,4313.5
1663863900,4313.75,4314,4304.5,4305
1663864200,4305.25,4305.5,4300.75,4301
1663864500,4301,4308.25,4300.5,4306.5
1663864800,4306.25,4309.5,4304.25,4306.75
1663865100,4306.75,4310,4303.5,4304.25
1663865400,4304.5,4312.5,4303.5,4309
1663865700,4308.75,4314,4305.5,4306.25
1663866000,4306.25,4308.75,4302.25,4304
1663866300,4303.75,4305.75,4299.5,4299.75
1663866600,4299.5,4302.25,4297,4297.25
1663866900,4297.5,4299.75,4294,4298.75
1663867200,4298.5,4301.5,4296.5,4297.75
1663867500,4297.75,4304.25,4297.75,4304
1663867800,4304,4308,4303.25,4307.75
1663868100,4307.5,4309.25,4304.75,4305.75
1663868400,4305.75,4308.5,4302.5,4303
1663868700,4303,4307.25,4301.25,4306
1663869000,4306,4312,4305.25,4311
1663869300,4310.75,4312.5,4307.75,4309
1663869600,4308.75,4311.25,4302.75,4303.25
1663869900,4303.25,4307.5,4300.5,4301.25
1663870200,4301,4302.5,4298,4298.5
1663870500,4298.75,4301.5,4296.75,4298.25
1663870800,4298,4299.5,4291.75,4292.75
1663871100,4292.75,4299.5,4291.5,4297
1663871400,4297,4301.25,4294.25,4298.5
1663871700,4298.75,4303,4296.5,4302.5
1663872000,4302.75,4303.5,4298.75,4300.75
1663872300,4300.5,4300.75,4294.25,4297.75
1663872600,4297.75,4311.25,4297.5,4308
1663872900,4307.75,4311.25,4305.75,4309
1663873200,4308.75,4318.75,4308.75,4315.25
1663873500,4315.5,4318.5,4313.25,4316.25
1663873800,4316.25,4325.25,4316,4324.75
1663874100,4324.75,4325.25,4316.5,4317
1663874400,4317,4318,4310.75,4311.75
1663874700,4311.5,4316,4306.75,4315.5
1663875000,4315.5,4321,4314.5,4319.5
1663875300,4319.5,4323.75,4316.25,4317.5
1663875600,4317.5,4319.25,4313.75,4317.75
1663875900,4317.5,4330.25,4316.75,4328
1663876200,4328,4328,4310.5,4310.75
1663876500,4311,4312.75,4295.75,4296.5
1663876800,4296.75,4298,4293,4297.75
1663877100,4298,4303.25,4298,4302.5
1663877400,4302.75,4303.5,4300,4300
1663877700,4300.25,4301,4298.75,4299.5
1663878000,4299.75,4300,4297.75,4298.5
1663878300,4298.75,4299.25,4297.75,4298.5
1663878600,4298.5,4298.75,4295.25,4295.75
1663878900,4295.75,4298.5,4295.5,4298.5
1663879200,4298.5,4300,4298,4299
1663879500,4299,4300.25,4299,4300
1663879800,4300,4300.75,4299,4300.75
1663880100,4300.75,4301,4299,4299
1663884000,4302.5,4303.25,4300,4300.5
1663884300,4300.5,4301.5,4299.25,4301.5
1663884600,4301.5,4303.5,4299.25,4301.75
1663884900,4301.75,4302.75,4301.25,4302.25
1663885200,4302.25,4304.5,4302.25,4304.25
1663885500,4304.25,4304.75,4303.5,4303.5
1663885800,4303.75,4304,4302.25,4302.5
1663886100,4302.5,4304.5,4302.5,4303.5
1663886400,4303.5,4303.75,4297,4297.75
1663886700,4297.75,4300.25,4297.5,4299
1663887000,4299,4300.75,4299,4299
1663887300,4299,4301.5,4298,4300.75
1663887600,4300.75,4303.5,4299.25,4303.5
1663887900,4303.75,4304,4301.25,4302.75
1663888200,4302.5,4303.25,4301.75,4302.25
1663888500,4301.75,4302.75,4301.5,4302.25
1663888800,4302.5,4302.5,4300.75,4300.75
1663889100,4300.5,4302.75,4300.25,4302.25
1663889400,4302.25,4303.75,4301.5,4303.5
1663889700,4303.25,4303.75,4302.75,4303
1663890000,4303.25,4304.25,4303.25,4303.25
1663890300,4303.5,4304,4301.25,4302
1663890600,4302,4305.25,4301.75,4305
1663890900,4305,4305.25,4303.75,4304.5
1663891200,4304.5,4308.5,4304.5,4306.25
1663891500,4306.25,4306.5,4303.5,4303.5
1663891800,4303.5,4304.5,4302.25,4303.25
1663892100,4303.25,4305.5,4302.75,4304.5
1663892400,4304.5,4306.25,4304.25,4304.75
1663892700,4304.5,4306,4303.25,4305.25
1663893000,4305,4308.25,4304.5,4306
1663893300,4305.75,4305.75,4304.25,4304.75
1663893600,4304.5,4306,4303.75,4305.75
1663893900,4305.5,4307.25,4305.25,4306
1663894200,4306,4306.25,4304.75,4305.25
1663894500,4305.25,4306.25,4304,4304
1663894800,4303.75,4305.5,4302.5,4304.5
1663895100,4304.5,4304.75,4300.75,4301.25
1663895400,4301,4304,4300.75,4303.75
1663895700,4304,4304.25,4301.5,4303.5
1663896000,4303.5,4304.25,4301,4302.75
1663896300,4302.5,4303,4299.75,4300.25
1663896600,4300,4301,4299,4300.5
1663896900,4300.75,4302,4299.5,4299.75
1663897200,4300,4302.25,4300,4301.5
1663897500,4301.5,4302.25,4300.5,4301.75
1663897800,4302,4303,4300.25,4302.25
1663898100,4302.25,4305,4301.75,4304.5
1663898400,4304.5,4304.75,4302,4302.5
1663898700,4302.5,4303.75,4302.5,4303.25
1663899000,4303.25,4303.5,4301.25,4301.25
1663899300,4301.25,4301.25,4298.75,4299.75
1663899600,4299.75,4300.25,4296.5,4297.25
1663899900,4297.25,4297.5,4294.5,4294.75
1663900200,4294.75,4295.5,4290,4291.75
1663900500,4291.5,4293.5,4291.25,4293
1663900800,4293,4293.5,4291.25,4293
1663901100,4293.25,4295,4293,4294.25
1663901400,4294.25,4295.5,4293.5,4295
1663901700,4295,4295.5,4294.25,4294.5
1663902000,4294.5,4295.25,4292.5,4294.75
1663902300,4295,4296.5,4294.75,4296.25
1663902600,4296.25,4296.5,4295.25,4296
1663902900,4296,4297.75,4295.25,4296.25
1663903200,4296.25,4296.25,4293.25,4294.25
1663903500,4294.5,4295.5,4294,4295.5
1663903800,4295.25,4295.5,4293,4293.25
1663904100,4293.25,4293.5,4291.25,4292
1663904400,4292.25,4292.75,4289.5,4291
1663904700,4291,4291.75,4290,4291
1663905000,4291,4291.5,4290.25,4291
1663905300,4290.75,4292,4290.25,4291.25
1663905600,4291.5,4292.5,4290.75,4291.25
1663905900,4291.25,4291.25,4281.75,4282.75
1663906200,4282.75,4284.5,4282.5,4284
1663906500,4283.75,4284.25,4282.5,4283.25
1663906800,4283.25,4286.25,4282.5,4286
1663907100,4286.25,4287.5,4286,4286.75
1663907400,4286.5,4290,4286.25,4288.25
1663907700,4288.25,4289,4286.75,4287.5
1663908000,4287.75,4289.25,4287.75,4288.75
1663908300,4288.5,4290,4286,4286.75
1663908600,4286.5,4288,4286.5,4287.25
1663908900,4287.25,4287.75,4283.75,4284.75
1663909200,4284.75,4289,4284.5,4289
1663909500,4288.75,4294.5,4288.75,4292.25
1663909800,4292.75,4294.75,4291.75,4293.25
1663910100,4293.5,4295.5,4292.5,4293.75
1663910400,4294,4296,4294,4294.75
1663910700,4294.75,4295,4293,4293.75
1663911000,4294,4294.25,4292.75,4293
1663911300,4293,4293.25,4290.5,4292
1663911600,4292,4292.75,4290,4290
1663911900,4290,4291,4288,4290.5
1663912200,4290.5,4293.5,4290.25,4293
1663912500,4293.25,4293.75,4291.5,4291.5
1663912800,4291.5,4295.5,4289,4295
1663913100,4295,4298.25,4293.75,4295.75
1663913400,4295.75,4298,4295.75,4296.5
1663913700,4296.5,4297.25,4294.75,4295
1663914000,4294.75,4295.5,4293,4294
1663914300,4294,4294,4289.25,4289.25
1663914600,4289.5,4294.25,4289.5,4293.75
1663914900,4293.5,4296.75,4293.25,4295.25
1663915200,4295.25,4295.25,4291.25,4291.75
1663915500,4291.75,4292.5,4289.5,4291.5
1663915800,4291.5,4291.75,4290,4290.5
1663916100,4290.5,4290.75,4287.75,4289
1663916400,4288.75,4289.75,4276.25,4279.5
1663916700,4279.25,4282.75,4279,4282
1663917000,4281.75,4285,4279.25,4280
1663917300,4279.75,4284,4279,4282.75
1663917600,4282.5,4282.75,4279.5,4281
1663917900,4280.75,4284.5,4280.5,4282.5
1663918200,4282.5,4283.5,4277.5,4281
1663918500,4281.25,4281.25,4278.25,4278.5
1663918800,4278.5,4280.75,4277.25,4279.5
1663919100,4279.75,4283.5,4277.5,4281.75
1663919400,4281.75,4283.5,4281,4282
1663919700,4282,4283.5,4280,4282
1663920000,4282.25,4287,4281.75,4285.25
1663920300,4285.5,4286.25,4281,4281.5
1663920600,4281.75,4283.25,4276.75,4277
1663920900,4276.75,4279.5,4276.25,4278.75
1663921200,4278.75,4279,4277,4278.25
1663921500,4278.25,4279,4276,4276.75
1663921800,4276.75,4277.75,4273,4277
1663922100,4276.75,4280.5,4276.75,4279.75
1663922400,4279.75,4280.25,4276,4278
1663922700,4277.75,4279,4275.5,4275.75
1663923000,4275.75,4278.25,4274.75,4274.75
1663923300,4274.75,4275.25,4272.25,4272.75
1663923600,4273,4274.25,4270.5,4272
1663923900,4272.25,4272.75,4269.5,4272
1663924200,4271.75,4272.5,4270.25,4271
1663924500,4270.75,4272,4269.75,4270.25
1663924800,4270.25,4271.5,4269.5,4270.75
1663925100,4270.5,4273.25,4268.5,4268.75
1663925400,4268.75,4270,4263.5,4264
1663925700,4264,4264.25,4257.25,4259
1663926000,4258.75,4261.5,4258.5,4260.5
1663926300,4260,4263.5,4258.5,4263.5
1663926600,4263.5,4264,4258.75,4259
1663926900,4259.25,4268.25,4259.25,4267.5
1663927200,4267.5,4267.5,4264.25,4265
1663927500,4265,4267.75,4264,4265.25
1663927800,4265,4266.5,4264,4265
1663928100,4265.25,4267,4264.25,4265.5
1663928400,4265.25,4265.5,4258,4258.75
1663928700,4258.75,4260,4256.5,4257.25
1663929000,4257,4258,4253,4253.5
1663929300,4253.5,4257.25,4253,4257
1663929600,4256.75,4257.25,4251.75,4252.5
1663929900,4252.25,4253,4250.25,4250.75
1663930200,4250.75,4251.5,4248.25,4249.25
1663930500,4249.25,4249.25,4243.25,4244
1663930800,4244.25,4248.75,4244,4245.75
1663931100,4245.75,4248,4243.5,4243.75
1663931400,4244,4245.75,4242.5,4243
1663931700,4243.25,4246,4242.5,4243.5
1663932000,4243.5,4245.25,4242,4244.5
1663932300,4244.5,4248.75,4243.5,4248
1663932600,4248,4248.25,4244,4247
1663932900,4246.75,4249,4245,4247.75
1663933200,4247.5,4248.5,4242.25,4242.5
1663933500,4242.75,4248.25,4242.25,4247.5
1663933800,4247.5,4252,4246.5,4248.75
1663934100,4248.5,4250.5,4247.75,4249.75
1663934400,4250,4253,4248.5,4252
1663934700,4252,4253.25,4249.5,4251.5
1663935000,4251.25,4254,4250.5,4252.5
1663935300,4252.75,4253,4248.5,4251
1663935600,4251,4253.75,4249,4252.5
1663935900,4252.5,4254,4251,4252.5
1663936200,4252.5,4253,4247.75,4250.25
1663936500,4250,4250.5,4245,4246.25
1663936800,4246,4246.25,4243,4245.5
1663937100,4245.5,4248,4243,4243.5
1663937400,4243.25,4246,4240.25,4245.75
1663937700,4245.75,4247,4244.5,4245.25
1663938000,4245,4256,4243.5,4256
1663938300,4255.75,4260.5,4250.75,4260.25
1663938600,4260.25,4262,4257.25,4261.25
1663938900,4261.5,4262,4257.25,4261.75
1663939200,4261.5,4264.75,4260.25,4262.25
1663939500,4262.5,4263,4258.25,4260
1663939800,4260,4260.5,4249,4254
1663940100,4254,4254.25,4242,4243.5
1663940400,4243.25,4248,4237.5,4244.25
1663940700,4244,4251.25,4236.25,4238.75
1663941000,4239,4239.5,4231.25,4234.75
1663941300,4234.75,4238.25,4230.75,4231.75
1663941600,4231.75,4233.5,4227.75,4232.75
1663941900,4232.5,4236.25,4230.5,4234
1663942200,4234,4242,4232.75,4236.25
1663942500,4236.25,4237.25,4231.5,4234.5
1663942800,4234.25,4236.25,4230.25,4232
1663943100,4232,4241.25,4230.25,4241
1663943400,4241,4241.25,4232,4232.25
1663943700,4232.25,4234.75,4230.25,4231.25
1663944000,4231,4235.5,4230.25,4232.5
1663944300,4232.5,4236,4230.25,4230.75
1663944600,4230.75,4236.25,4227,4234.25
1663944900,4234.25,4237.5,4227.5,4228
1663945200,4228,4229.75,4225.25,4228.25
1663945500,4228,4237,4228,4235
1663945800,4235.25,4236.5,4228.5,4229.25
1663946100,4229,4237.5,4228.5,4236.5
1663946400,4236.75,4242,4233.5,4239.25
1663946700,4239.5,4240.25,4229.75,4231.25
1663947000,4231.25,4235.5,4230.75,4232.25
1663947300,4232.25,4234,4227.75,4228
1663947600,4227.75,4229.5,4221.5,4221.75
1663947900,4221.75,4222.25,4214.5,4219.5
1663948200,4219.25,4224.25,4218.25,4221.5
1663948500,4221.5,4223,4219.5,4221.5
1663948800,4221.5,4222.5,4216,4219.5
1663949100,4219.75,4220.75,4211,4213.75
1663949400,4213.75,4214.75,4210.75,4212.75
1663949700,4213,4215.75,4211.25,4214.5
1663950000,4214.75,4216.25,4208.75,4211.25
1663950300,4211,4213.25,4204,4204.5
1663950600,4204.25,4206,4201.25,4203.5
1663950900,4203.5,4208.75,4202.5,4207
1663951200,4206.75,4208.25,4204.25,4205
1663951500,4205,4212.25,4204,4211.5
1663951800,4211.5,4220.25,4211,4219.5
1663952100,4219.25,4220.5,4214.75,4220
1663952400,4219.75,4225,4216.5,4221.25
1663952700,4221,4222.75,4217,4218.5
1663953000,4218.75,4222.75,4218.25,4219.75
1663953300,4219.75,4225,4218.75,4224.5
1663953600,4224.25,4225,4218.75,4219.25
1663953900,4219,4219.5,4210.25,4210.75
1663954200,4211,4216.5,4210.25,4214.25
1663954500,4214.5,4215.5,4210.5,4211
1663954800,4210.75,4212.75,4208,4211.5
1663955100,4211.5,4216.75,4210.25,4213.5
1663955400,4213.75,4214.75,4212,4214.25
1663955700,4214.25,4216.75,4210.75,4214.5
1663956000,4214.75,4217.25,4208.75,4216.25
1663956300,4216,4219.75,4207.5,4208.25
1663956600,4208.25,4210,4197,4199
1663956900,4198.75,4199,4194,4195
1663957200,4195,4203.75,4193.75,4200.5
1663957500,4200.5,4204,4199.25,4201
1663957800,4201,4201.25,4193.25,4198.25
1663958100,4198.25,4199,4192.5,4194
1663958400,4194,4198.25,4191.75,4197.5
1663958700,4197.75,4199.25,4194.25,4195.5
1663959000,4195.5,4197.25,4191.75,4191.75
1663959300,4192,4192,4185.5,4187.75
1663959600,4187.5,4204.25,4186.75,4201.25
1663959900,4201.25,4214,4198.75,4208.75
1663960200,4209,4211.75,4202.25,4207.75
1663960500,4207.75,4218,4207.5,4212.75
1663960800,4212.5,4216.75,4206.75,4208.75
1663961100,4209,4216.5,4206.5,4215
1663961400,4215.25,4223.25,4214.75,4220
1663961700,4220.25,4224.25,4213,4224
1663962000,4223.75,4233.5,4219.5,4231.5
1663962300,4231.5,4233.5,4224.5,4226
1663962600,4226,4230.25,4218.75,4230
1663962900,4230,4236.5,4221.5,4232.75
1663963200,4232.75,4239,4232.25,4232.5
1663963500,4232.5,4232.5,4228.5,4231.5
1663963800,4231.75,4235.25,4230.75,4233.25
1663964100,4233.25,4238.5,4233.25,4238.25
1663964400,4238.25,4238.25,4235.75,4236.75
1663964700,4236.75,4238.5,4236,4237.5
1663965000,4237.25,4238,4236,4236.75
1663965300,4237,4237.75,4235.5,4235.75
1663965600,4235.75,4237,4235,4235.75
1663965900,4235.75,4237.75,4235.5,4237.75
1663966200,4237.5,4238.25,4235.75,4236
1663966500,4236,4237.5,4235.25,4236.75
1664143200,4230.5,4233.75,4213.5,4214.75
1664143500,4214.75,4219.75,4213.5,4217.75
1664143800,4218.25,4224.5,4217.75,4222.75
1664144100,4222.5,4229.5,4222.5,4227.25
1664144400,4227.5,4237,4226.5,4236.75
1664144700,4236.25,4239.75,4233.75,4236.75
1664145000,4236.5,4237.5,4234.75,4234.75
1664145300,4235,4236,4233.25,4234
1664145600,4234,4234.75,4230.5,4231
1664145900,4231,4232.25,4229.25,4232
1664146200,4231.75,4235,4231.5,4234.25
1664146500,4234.5,4235.5,4226.75,4229.5
1664146800,4229.5,4231.25,4227.5,4231.25
1664147100,4231.5,4233.25,4226.25,4228
1664147400,4228.25,4229.75,4227.75,4228.75
1664147700,4229,4229.75,4228.25,4228.5
1664148000,4228.5,4230.25,4227.25,4229.25
1664148300,4229.25,4232.25,4229,4231.75
1664148600,4231.5,4231.75,4229.25,4229.75
1664148900,4229.5,4229.5,4222.5,4223
1664149200,4222.75,4223.25,4220.75,4223.25
1664149500,4223,4226.25,4223,4225.75
1664149800,4225.5,4227.25,4222.5,4225.5
1664150100,4225.5,4227.5,4224,4226.75
1664150400,4226.5,4229,4225.5,4228.5
1664150700,4228.5,4234,4226.75,4232.75
1664151000,4232.75,4234.25,4230.75,4231.75
1664151300,4231.5,4233.25,4226.5,4228.5
1664151600,4229,4229.5,4221.5,4224.75
1664151900,4224.75,4225,4222.5,4224.75
1664152200,4224.75,4228,4224.5,4227.25
1664152500,4227,4229,4226.25,4226.75
1664152800,4226.5,4226.5,4217.5,4218
1664153100,4218.25,4220.25,4216.5,4216.75
1664153400,4216.75,4220.75,4216.5,4218
1664153700,4218,4218.75,4208.75,4210.25
1664154000,4210.25,4212.75,4204.5,4211.5
1664154300,4211.25,4214.5,4210.5,4213
1664154600,4212.75,4213.75,4207.75,4213.25
1664154900,4213.25,4215,4208.25,4209.75
1664155200,4210,4212.25,4206,4206.75
1664155500,4206.5,4209,4204.75,4206
1664155800,4205.5,4212.5,4204.75,4212.25
1664156100,4212.5,4217,4211.25,4217
1664156400,4217,4218.5,4215.25,4218
1664156700,4218,4218.25,4214.75,4216
1664157000,4215.75,4217.25,4214,4215.5
1664157300,4215.5,4217.25,4214.25,4217.25
1664157600,4217.25,4222,4216.5,4221.75
1664157900,4221.75,4222.75,4218.75,4219
1664158200,4218.75,4219.75,4217.25,4219.75
1664158500,4219.5,4224.25,4218.25,4223
1664158800,4222.75,4226.75,4222.25,4225.75
1664159100,4225.5,4227.25,4224.25,4224.25
1664159400,4224.5,4226.25,4222.5,4222.5
1664159700,4222.5,4223.25,4219.5,4220.25
1664160000,4220.25,4223.25,4219.25,4222.5
1664160300,4222.5,4222.75,4218.25,4218.75
1664160600,4218.5,4220.25,4217,4218.75
1664160900,4218.75,4220.25,4215.5,4216
1664161200,4216,4218.75,4215,4217.25
1664161500,4216.75,4221,4216,4220.5
1664161800,4220.25,4220.75,4218.5,4218.5
1664162100,4218.25,4220.25,4217,4219.5
1664162400,4219.25,4223.25,4218.75,4221.5
1664162700,4222,4222,4218,4218.5
1664163000,4218.5,4220,4217.5,4217.75
1664163300,4217.75,4219.5,4217,4218.25
1664163600,4218,4219.5,4212,4212.5
1664163900,4212.5,4214.75,4212.5,4213.5
1664164200,4213.5,4215.25,4213,4214.25
1664164500,4214.5,4215.75,4213.5,4214.25
1664164800,4214,4214.75,4209.5,4211
1664165100,4211.25,4213.75,4211.25,4212
1664165400,4212.25,4213.5,4211.5,4213.5
1664165700,4213,4216.25,4212.5,4214.5
1664166000,4214.5,4216.5,4214.25,4216
1664166300,4216,4217.25,4215,4215
1664166600,4215,4215,4211.5,4212.75
1664166900,4212.75,4214,4212.25,4213
1664167200,4212.75,4213.25,4211,4212
1664167500,4211.75,4212,4208.25,4210.25
1664167800,4210.25,4211.25,4207.75,4207.75
1664168100,4207.75,4208.75,4206,4207.25
1664168400,4207,4210.25,4206.75,4207.5
1664168700,4207.25,4208.25,4205,4207
1664169000,4207,4209.25,4205.5,4208.25
1664169300,4208.5,4209.5,4207,4208.5
1664169600,4208.5,4210,4205.25,4205.25
1664169900,4205.25,4206,4199.75,4201.25
1664170200,4201,4203,4199.5,4202.75
1664170500,4202.5,4202.75,4200.25,4201
1664170800,4200.75,4202.5,4200,4201.75
1664171100,4201.5,4205.5,4200.25,4204
1664171400,4203.75,4206,4203.75,4204
1664171700,4204,4205.25,4202,4202
1664172000,4201.75,4209.5,4201.75,4209
1664172300,4208.75,4209.75,4205,4205
1664172600,4205.25,4205.5,4197.75,4198
1664172900,4198,4203,4198,4202
1664173200,4202,4203.25,4200.25,4202
1664173500,4202,4202.75,4200.5,4202
1664173800,4202,4205.25,4199.75,4204
1664174100,4204,4207,4203.5,4205.75
1664174400,4205.5,4205.75,4200.75,4201.75
1664174700,4201.75,4205.75,4200.5,4205.25
1664175000,4205,4206.25,4202.75,4203
1664175300,4202.5,4205.25,4201.5,4202.75
1664175600,4202.75,4216.25,4201,4213.75
1664175900,4214,4223.25,4212,4221
1664176200,4221,4224.25,4220,4222.5
1664176500,4222.25,4226.5,4217.5,4224.5
1664176800,4224,4239.75,4223.75,4237.75
1664177100,4237.75,4242.75,4234,4236.25
1664177400,4236,4242.5,4232.75,4240.75
1664177700,4240.75,4241.5,4236.75,4238.75
1664178000,4238.5,4243.5,4238.5,4240.75
1664178300,4241,4241.5,4232.5,4233.5
1664178600,4233.5,4236,4227.5,4227.5
1664178900,4227.75,4230.5,4223.25,4224
1664179200,4224.25,4226.25,4219.5,4223.5
1664179500,4223.75,4225.25,4219.75,4222.75
1664179800,4223,4225,4221,4223
1664180100,4223,4224.5,4218.75,4221.25
1664180400,4221,4230.5,4220.75,4230
1664180700,4229.75,4234.75,4229.25,4234
1664181000,4234,4236,4230.75,4231
1664181300,4231,4232,4228.25,4229
1664181600,4229,4231.25,4226.5,4230.25
1664181900,4230,4232.25,4228.25,4229.75
1664182200,4230,4231.75,4228.25,4229.25
1664182500,4229.25,4229.75,4227.5,4228
1664182800,4228,4230.75,4227.25,4228.5
1664183100,4228.5,4228.5,4222.75,4223.25
1664183400,4223.25,4225.25,4223,4223
1664183700,4223,4223.25,4220,4220.5
1664184000,4220.5,4221,4215.5,4215.5
1664184300,4215.25,4215.75,4210.75,4212.75
1664184600,4212.75,4214,4208,4208.75
1664184900,4208.5,4210.25,4201.5,4201.5
1664185200,4201.5,4204.25,4196.75,4202.25
1664185500,4202.25,4203.5,4199.5,4203.5
1664185800,4203.5,4206.75,4200.5,4205
1664186100,4205,4205,4200.25,4202
1664186400,4202.25,4205.5,4202.25,4205.5
1664186700,4205.5,4205.5,4202.25,4203.25
1664187000,4203.25,4204.5,4197,4201.75
1664187300,4201.75,4207.5,4201.75,4205.5
1664187600,4205.5,4207.75,4204.25,4207.25
1664187900,4207.25,4213,4206.5,4211.5
1664188200,4211.5,4212,4209,4210.5
1664188500,4210.5,4211,4206.25,4209
1664188800,4208.75,4210.5,4206.25,4210
1664189100,4210,4212.75,4209.25,4212
1664189400,4212,4212.5,4209.25,4211.75
1664189700,4212,4214,4206.25,4206.25
1664190000,4206.25,4208.75,4204.5,4207.25
1664190300,4207.25,4208.75,4202.25,4202.75
1664190600,4203,4204,4201,4203.75
1664190900,4203.75,4208.5,4203.75,4207.25
1664191200,4207.5,4208.75,4203.5,4208.25
1664191500,4208.25,4210.5,4206.75,4209.5
1664191800,4209.25,4212.25,4207.75,4211.25
1664192100,4211.25,4213.5,4208.75,4212.5
1664192400,4212.5,4212.75,4209,4211.75
1664192700,4212,4212.25,4208.75,4209.75
1664193000,4210,4210.75,4207.75,4209.5
1664193300,4209.5,4213.25,4209.5,4211
1664193600,4211,4213,4206.75,4207.25
1664193900,4207.25,4207.75,4202.75,4204
1664194200,4204,4204.75,4202.75,4203.25
1664194500,4203.25,4205,4202.5,4204.25
1664194800,4204,4213.75,4204,4213.25
1664195100,4213.25,4218,4213,4215.5
1664195400,4215.25,4216.5,4207.75,4209.25
1664195700,4209.5,4216.25,4208,4215
1664196000,4215,4215.75,4212.25,4212.5
1664196300,4212.5,4222.5,4212.5,4221.25
1664196600,4221.25,4227.75,4220.75,4227.25
1664196900,4227.25,4227.5,4221.5,4226
1664197200,4226,4226,4219.75,4221.5
1664197500,4221.5,4221.75,4217.5,4217.75
1664197800,4218,4226,4216.5,4225.25
1664198100,4225.25,4226.75,4222,4226.75
1664198400,4226.75,4228,4223.25,4224.25
1664198700,4224.25,4224.25,4216.5,4217.5
1664199000,4217.25,4232.75,4213.75,4230.75
1664199300,4231,4236.5,4227.5,4232.25
1664199600,4232,4239,4224.25,4225.25
1664199900,4225.5,4235,4224.5,4233.75
1664200200,4233.75,4239.75,4232.25,4235
1664200500,4234.75,4239.25,4230.5,4237.75
1664200800,4237.75,4243.25,4231,4237.75
1664201100,4237.75,4242,4232.75,4234
1664201400,4234,4244.75,4227,4243
1664201700,4243.25,4255,4243,4251.75
1664202000,4252,4255.75,4249.5,4253.5
1664202300,4253.5,4255,4247.75,4251.75
1664202600,4251.75,4252.75,4243,4245
1664202900,4244.75,4248.25,4242.75,4247
1664203200,4247,4247.75,4238.25,4246
1664203500,4245.75,4246.75,4231.25,4236.25
1664203800,4236.25,4239.25,4232.5,4236.75
1664204100,4236.75,4241.25,4233.25,4238
1664204400,4238,4241.75,4234.75,4238.5
1664204700,4238.5,4239,4223.25,4223.5
1664205000,4223.25,4227.25,4220,4227
1664205300,4226.75,4228.75,4221.25,4221.25
1664205600,4221.25,4226.5,4216.75,4219.25
1664205900,4219.25,4220.25,4212.25,4212.5
1664206200,4212.5,4217.5,4211.25,4213.25
1664206500,4213.25,4219.25,4212.5,4215.75
1664206800,4215.75,4222.5,4209,4209
1664207100,4209.25,4217.25,4206.25,4215
1664207400,4215,4215.5,4209.75,4215.25
1664207700,4215.25,4224.75,4214.25,4221.5
1664208000,4221.5,4222,4213,4214.25
1664208300,4214.25,4215.5,4211.25,4214.25
1664208600,4214,4216.5,4212.5,4214.25
1664208900,4214,4217.5,4212,4214.75
1664209200,4214.75,4214.75,4203.25,4203.25
1664209500,4203.25,4204,4197,4199.5
1664209800,4199.5,4200.75,4193.25,4194
1664210100,4194,4199.5,4193.25,4195
1664210400,4195,4196.75,4191.75,4193.25
1664210700,4193.25,4203.25,4192.5,4200
1664211000,4200,4206.25,4199.75,4205
1664211300,4205.25,4212.25,4205.25,4208.75
1664211600,4208.75,4209,4198.75,4199
1664211900,4199.25,4201,4195.25,4196.5
1664212200,4196.5,4197,4188.25,4188.5
1664212500,4188.5,4194,4188,4191.25
1664212800,4191.25,4194.5,4186.75,4188
1664213100,4188,4190.75,4182.75,4189.5
1664213400,4189.25,4197,4188.75,4191.25
1664213700,4191.25,4195.75,4190.75,4192.75
1664214000,4192.75,4194,4187.75,4189.75
1664214300,4189.75,4196.75,4189.25,4193.25
1664214600,4193.25,4200.25,4192.5,4196.25
1664214900,4196,4196,4184.5,4186
1664215200,4186,4201.75,4184.5,4201.25
1664215500,4201.25,4205,4198.75,4203.75
1664215800,4203.75,4204.5,4199.5,4202.5
1664216100,4202.25,4204.75,4199.75,4201.5
1664216400,4201.75,4203.75,4198,4199.25
1664216700,4199.25,4199.5,4190.75,4190.75
1664217000,4191,4197.25,4190.25,4194.75
1664217300,4194.75,4195.5,4187.5,4191.75
1664217600,4192,4194.25,4188.75,4193.5
1664217900,4193.5,4210.25,4192,4209.5
1664218200,4209.25,4212.75,4204,4211.25
1664218500,4211.25,4212.75,4207.25,4208.25
1664218800,4208.25,4215.25,4208,4211.25
1664219100,4211,4215.25,4205.5,4215
1664219400,4214.75,4215.25,4208,4209.5
1664219700,4209.5,4214.75,4201,4210.5
1664220000,4210.5,4213,4203.25,4205.5
1664220300,4205.5,4209.5,4202.75,4207.75
1664220600,4207.75,4208,4200,4203.5
1664220900,4203.5,4211.75,4200.5,4202.75
1664221200,4202.75,4210,4198.5,4206.25
1664221500,4206,4213.25,4203.5,4211
1664221800,4210.75,4222.25,4202.5,4214.5
1664222100,4214.25,4214.5,4192.5,4196.25
1664222400,4196.25,4201,4188,4188
1664222700,4188.25,4190.75,4187.25,4189
1664223000,4189.25,4197.25,4187.75,4192
1664223300,4191.75,4195,4191.5,4192
1664223600,4192,4192.75,4188.75,4189.25
1664223900,4189.25,4192,4188.25,4191.5
1664224200,4191.75,4191.75,4189.25,4191.25
1664224500,4191,4193.5,4191,4192.5
1664224800,4192.5,4193.25,4191.25,4192
1664225100,4192,4194.25,4192,4193.75
1664225400,4194,4194.25,4191.25,4193.25
1664225700,4193.25,4194.25,4192,4192.5
1664229600,4193.25,4197.25,4189,4191.5
1664229900,4192,4194.75,4191.25,4191.75
1664230200,4192,4192.25,4189,4190
1664230500,4189.75,4191.75,4189,4191
1664230800,4191,4196.25,4191,4194
1664231100,4193.75,4196,4193,4195
1664231400,4195,4198.25,4195,4197.75
1664231700,4197.75,4198.25,4196.25,4196.75
1664232000,4196.75,4198,4196.25,4197.5
1664232300,4197.25,4198,4196.25,4197.5
1664232600,4197.75,4197.75,4196,4196.75
1664232900,4196.75,4198.25,4196.25,4197.75
1664233200,4198,4200,4197.5,4199.5
1664233500,4199.5,4200.25,4198.25,4199.25
1664233800,4199.25,4202,4199,4201.25
1664234100,4201.5,4203.75,4200.75,4201.5
1664234400,4201.75,4203.5,4200,4202.5
1664234700,4202.5,4203.25,4201.75,4202.25
1664235000,4202.5,4203.75,4201.5,4203.5
1664235300,4203.75,4204,4201.5,4202.25
1664235600,4202.25,4202.25,4200.25,4200.75
1664235900,4200.75,4201.75,4199.75,4201.5
1664236200,4201.5,4207.25,4201.25,4206
1664236500,4206,4207,4204.5,4204.5
1664236800,4204.75,4207,4204.25,4206.25
1664237100,4206,4208.25,4205,4207.5
1664237400,4207.5,4217,4207.5,4215
1664237700,4215,4217.25,4214,4215
1664238000,4214.75,4216.75,4214,4214.5
1664238300,4214.5,4215,4213,4214
1664238600,4214,4217.25,4211.5,4211.75
1664238900,4211.75,4214.5,4211.5,4213.25
1664239200,4213,4214.75,4211.25,4214.5
1664239500,4214.5,4221.75,4213,4221.5
1664239800,4221.25,4223,4218.5,4219.75
1664240100,4219.5,4220.75,4218.25,4220.5
1664240400,4220.25,4224.75,4220,4223.75
1664240700,4223.75,4224.75,4221.75,4222
1664241000,4222.25,4223,4220.25,4220.5
1664241300,4220.5,4221,4217,4219
1664241600,4218.75,4220.75,4216.75,4216.75
1664241900,4217,4220.25,4216.5,4220
1664242200,4220,4225.25,4219.75,4222.5
1664242500,4222.25,4223.75,4219.75,4222
1664242800,4222,4222.25,4219.5,4219.75
1664243100,4219.25,4220.75,4218,4220
1664243400,4220,4222.25,4218.75,4220
1664243700,4219.75,4222,4218.75,4218.75
1664244000,4219,4221.75,4216,4221.75
1664244300,4221.5,4221.75,4218.25,4219
1664244600,4218.5,4220.75,4217.75,4219.25
1664244900,4219,4221.75,4218.75,4220.25
1664245200,4220.25,4223,4219.75,4222
1664245500,4221.75,4224,4221.5,4223.75
1664245800,4223.5,4223.5,4221.25,4222
1664246100,4222,4222,4219.5,4220.75
1664246400,4220.5,4220.5,4217.75,4218.5
1664246700,4218.5,4220.25,4217,4219.5
1664247000,4219.5,4220.5,4218.5,4219.25
1664247300,4219.5,4220,4218.25,4219.25
1664247600,4219.25,4220.5,4217.75,4218.25
1664247900,4218.25,4218.75,4215.75,4216.5
1664248200,4216.5,4216.5,4215,4215.5
1664248500,4215.25,4217,4213.75,4214
1664248800,4214.25,4214.5,4212.5,4214
1664249100,4214,4217.75,4213.5,4216.75
1664249400,4216.5,4217.25,4215.5,4217.25
1664249700,4217.25,4218.25,4216,4218.25
1664250000,4218.25,4220,4217.5,4219.5
1664250300,4219.75,4221.75,4218.5,4221.5
1664250600,4221.75,4222.75,4220.75,4221.25
1664250900,4221.5,4221.5,4219.5,4220
1664251200,4220,4221.75,4219.75,4221.25
1664251500,4221.25,4221.75,4219.75,4220.5
1664251800,4220.5,4221.5,4220.25,4220.75
1664252100,4220.75,4221.5,4220.5,4221.25
1664252400,4221.25,4222.25,4220.75,4221
1664252700,4220.75,4222.75,4220.75,4222
1664253000,4222,4222.25,4221,4221.5
1664253300,4221.5,4221.5,4218.75,4219.25
1664253600,4219.25,4222.25,4219,4221.75
1664253900,4221.5,4222,4220.25,4220.25
1664254200,4220.5,4221.25,4220.25,4220.5
1664254500,4220.25,4221,4219.75,4220.75
1664254800,4220.75,4222.5,4219.25,4222.25
1664255100,4222,4223,4220.75,4221.75
1664255400,4221.25,4221.5,4219.75,4220.25
1664255700,4220,4220.5,4217.75,4218
1664256000,4218,4219.5,4217.75,4218.25
1664256300,4218,4221,4217.75,4220.75
1664256600,4221,4221,4218,4218.5
1664256900,4218.25,4218.5,4215.75,4216.25
1664257200,4216.25,4220.5,4216,4220.5
1664257500,4220.25,4220.5,4219,4219.5
1664257800,4219.75,4223,4219.75,4222.5
1664258100,4222.75,4225.25,4221.75,4224.75
1664258400,4225,4225.25,4223.25,4225.25
1664258700,4225,4225.25,4223.5,4224
1664259000,4224,4225,4222.5,4224.25
1664259300,4224.25,4236,4223.5,4235.25
1664259600,4235.5,4237.25,4234.25,4236.75
1664259900,4237,4237.25,4233.5,4236.25
1664260200,4236.5,4236.5,4233,4234
1664260500,4234.25,4236,4233.25,4235.5
1664260800,4235.5,4235.5,4231.25,4232.75
1664261100,4232.5,4233.25,4229.25,4230
1664261400,4230,4231,4229,4230.5
1664261700,4230.5,4230.75,4229,4229.25
1664262000,4229.25,4235.25,4229,4234.25
1664262300,4234,4234.75,4229.25,4231.25
1664262600,4231.5,4232,4225.5,4228.25
1664262900,4228.5,4235.5,4228.25,4234.25
1664263200,4234.25,4244,4234,4243.5
1664263500,4243.5,4250.25,4242.75,4250
1664263800,4250,4250.25,4246.25,4247.5
1664264100,4247.25,4250.25,4245.25,4249
1664264400,4248.75,4250.25,4247.75,4249
1664264700,4249.25,4250.25,4247.5,4250
1664265000,4250,4250.25,4248.25,4249
1664265300,4249,4249.25,4244.75,4245.25
1664265600,4245,4247.75,4243,4244.75
1664265900,4244.75,4245.75,4241.75,4242.5
1664266200,4242.5,4242.75,4241,4241.25
1664266500,4241.25,4243,4239.25,4239.25
1664266800,4239.5,4244,4239.25,4243.75
1664267100,4243.75,4244,4240.75,4242.5
1664267400,4242.25,4242.5,4240.75,4241.5
1664267700,4241.5,4241.5,4237.75,4239.25
1664268000,4239.5,4240.25,4236.25,4237.25
1664268300,4237.25,4237.75,4234,4237.25
1664268600,4237.25,4241,4237,4238.5
1664268900,4238.25,4238.5,4234,4234.5
1664269200,4234.25,4235.25,4231.5,4231.75
1664269500,4231.75,4233,4226.25,4226.25
1664269800,4226.25,4226.5,4220.25,4223.25
1664270100,4223,4228.75,4223,4227.5
1664270400,4227.5,4227.5,4222.75,4222.75
1664270700,4222.75,4224,4221.75,4222
1664271000,4222.25,4223.25,4220.75,4221.75
1664271300,4221.5,4224.75,4221.5,4223.5
1664271600,4223.5,4226.25,4223.5,4226.25
1664271900,4226.5,4227.75,4225,4225.5
1664272200,4225.5,4225.75,4220.75,4221.5
1664272500,4221.75,4222,4220.25,4220.5
1664272800,4220.25,4226.25,4220.25,4225
1664273100,4225,4226,4222.25,4222.5
1664273400,4222.5,4229.75,4221,4229.75
1664273700,4229.75,4233.75,4226,4229.75
1664274000,4230,4231.25,4228.5,4231
1664274300,4231,4238.5,4231,4237.25
1664274600,4237.25,4239.25,4234.75,4235
1664274900,4235,4240,4231.5,4237.25
1664275200,4237.5,4238.5,4234.5,4238.25
1664275500,4238.25,4241,4234.75,4241
1664275800,4240.75,4242,4237,4237.75
1664276100,4237.75,4239.75,4236.5,4237.5
1664276400,4237.5,4238.75,4235.75,4237
1664276700,4237,4241,4234.75,4238.5
1664277000,4238.5,4239.25,4235.25,4236.5
1664277300,4236.25,4237.25,4233.5,4234.25
1664277600,4234,4241,4233.75,4240.75
1664277900,4240.5,4241.5,4237.25,4238.5
1664278200,4238.25,4243.75,4237.75,4241.5
1664278500,4241.5,4244.75,4240.5,4244
1664278800,4243.75,4248.5,4242.75,4248.25
1664279100,4248.25,4249.5,4246.75,4248.25
1664279400,4248,4249,4245.5,4247
1664279700,4247.25,4249,4243.75,4245
1664280000,4244.75,4245.5,4241.75,4242.75
1664280300,4243,4244.5,4240.75,4243.75
1664280600,4243.75,4246.5,4242.25,4245.75
1664280900,4245.75,4249.5,4245.75,4247.75
1664281200,4247.75,4248.25,4244.25,4245.75
1664281500,4245.5,4246.5,4241.25,4244
1664281800,4243.5,4247.75,4242.25,4247.25
1664282100,4247.25,4249,4245.75,4247.5
1664282400,4247.5,4248.75,4244,4247.5
1664282700,4247.75,4253,4247.5,4251
1664283000,4251,4251,4242,4242
1664283300,4242,4242.75,4236,4236.5
1664283600,4236.25,4237.25,4233,4233.5
1664283900,4233.75,4239.25,4230.75,4235.75
1664284200,4236,4240.5,4235.75,4238.75
1664284500,4239,4241.25,4237.5,4238.25
1664284800,4238,4240,4234,4234
1664285100,4234,4237.75,4232.25,4233.75
1664285400,4233.75,4245.5,4229,4245.25
1664285700,4245.25,4252,4241.75,4251.75
1664286000,4251.75,4258.25,4247.75,4250.25
1664286300,4250.25,4251,4235,4236.25
1664286600,4236,4244.25,4230.5,4241.25
1664286900,4241.25,4241.75,4233.75,4237.5
1664287200,4237.5,4239,4216.25,4222.75
1664287500,4222.75,4224.5,4211.5,4215
1664287800,4215,4224.5,4213.5,4223.5
1664288100,4223.25,4227,4217.5,4223.5
1664288400,4223.75,4233.25,4221.5,4229.5
1664288700,4229.75,4234.75,4220.5,4221
1664289000,4221,4234.5,4221,4229.5
1664289300,4229.25,4238.5,4227,4228.75
1664289600,4228.75,4240.25,4226,4239.25
1664289900,4239.25,4243,4235.5,4241.25
1664290200,4241.5,4242.25,4234.75,4235.25
1664290500,4235,4238.75,4234.5,4235.75
1664290800,4236,4238.5,4226.5,4227.5
1664291100,4227.5,4237.5,4226,4237.25
1664291400,4237.25,4238.5,4225.75,4226.75
1664291700,4226.75,4229,4222,4223.75
1664292000,4223.75,4225.25,4212.5,4213.75
1664292300,4213.75,4215.25,4200.5,4203.75
1664292600,4204,4211.75,4202,4210
1664292900,4209.75,4211.75,4205.5,4209
1664293200,4208.75,4211.75,4206.25,4206.75
1664293500,4207,4210,4202.5,4204.5
1664293800,4204.5,4208,4195.25,4196.25
1664294100,4196.25,4199.25,4192.5,4193.25
1664294400,4193.25,4194.25,4186.5,4193
1664294700,4193,4193.25,4183.5,4184.5
1664295000,4184.5,4185.5,4172.25,4178.25
1664295300,4178,4178.25,4164.25,4165
1664295600,4165,4171.75,4164,4168.25
1664295900,4168.25,4178.75,4168.25,4174.5
1664296200,4174.5,4180,4172.5,4178.75
1664296500,4178.75,4181,4169.75,4172.25
1664296800,4172.25,4177.25,4170.25,4174.5
1664297100,4174.75,4178.75,4172.5,4177.75
1664297400,4177.75,4182.75,4168.75,4182.5
1664297700,4182.5,4183.5,4178.25,4179.5
1664298000,4179.5,4179.5,4166,4168.25
1664298300,4168.5,4177.75,4168,4171.5
1664298600,4171.5,4173.5,4167.5,4172.75
1664298900,4172.5,4176.25,4171.25,4174.25
1664299200,4174.25,4175.25,4169.75,4170.25
1664299500,4170,4173.75,4167,4171
1664299800,4171,4176,4168.75,4175
1664300100,4174.75,4176,4167.75,4168.25
1664300400,4168.5,4169,4161.25,4166.25
1664300700,4166,4170.75,4165.75,4167.25
1664301000,4167.25,4169.75,4164.5,4165
1664301300,4165.25,4169.75,4160.5,4169.5
1664301600,4169.75,4179.25,4167.5,4176.5
1664301900,4176.25,4176.5,4172,4173.75
1664302200,4173.75,4175.25,4168.25,4168.25
1664302500,4168.25,4171,4166.5,4167.25
1664302800,4167,4172.75,4165.25,4172.5
1664303100,4172.5,4174.5,4170,4173.75
1664303400,4173.75,4175.25,4169,4174.5
1664303700,4174.5,4187.25,4172.25,4185.5
1664304000,4185.75,4193.25,4185.75,4187.75
1664304300,4187.75,4198.5,4184.25,4197.25
1664304600,4197,4197.5,4191.25,4192.25
1664304900,4192.25,4195,4190,4192.5
1664305200,4192.5,4193,4179.75,4186.5
1664305500,4186.5,4190.25,4183,4189.75
1664305800,4189.75,4190.25,4186.25,4188
1664306100,4188,4190.25,4180.25,4190
1664306400,4190,4190.25,4183.75,4186.5
1664306700,4186.25,4187.75,4180,4183.25
1664307000,4183.25,4184.25,4173.75,4176.5
1664307300,4176.25,4180.5,4173,4175.5
1664307600,4175.5,4185.5,4173.75,4184.5
1664307900,4184.25,4185,4178,4182.25
1664308200,4182.25,4191.25,4181.25,4190.25
1664308500,4190.5,4193,4181.5,4186.25
1664308800,4186.25,4187,4177.5,4180.5
1664309100,4180.25,4188,4180,4186.75
1664309400,4187,4191,4186,4188.5
1664309700,4188.5,4190,4187,4188
1664310000,4188.25,4188.5,4184.75,4186.5
1664310300,4186.25,4188.25,4186,4187.5
1664310600,4187.5,4190.75,4186.5,4190.5
1664310900,4190.25,4191.5,4187,4187.75
1664311200,4187.75,4189.25,4184,4184.75
1664311500,4184.75,4189,4184.25,4188.75
1664311800,4188.75,4188.75,4186.5,4188.25
1664312100,4188.5,4190.75,4188.25,4190.5
1664316000,4193.75,4196,4190.25,4193
1664316300,4193,4194.25,4190.75,4191.75
1664316600,4192,4192.25,4189.25,4190
1664316900,4190,4191.75,4188.5,4188.5
1664317200,4188.75,4190.5,4187.25,4187.5
1664317500,4187.25,4188.5,4187.25,4187.75
1664317800,4187.75,4190,4186.25,4189.25
1664318100,4189.25,4192.25,4189.25,4191.75
1664318400,4191.75,4192,4189.5,4190.75
1664318700,4191.25,4191.5,4189.75,4190.5
1664319000,4190.75,4192,4189.75,4191.75
1664319300,4191.5,4193.75,4191.5,4193.5
1664319600,4193.25,4194,4192.25,4193.5
1664319900,4193.5,4194.5,4192.5,4194.25
1664320200,4194.25,4194.75,4193.25,4193.25
1664320500,4193,4193.75,4189.75,4190.25
1664320800,4190.25,4191.25,4188.75,4189
1664321100,4189.25,4190.75,4189,4190.5
1664321400,4190.75,4193,4190.75,4192.5
1664321700,4192.5,4195,4192.5,4194.5
1664322000,4194.5,4197,4194.25,4195.25
1664322300,4195.25,4196.5,4194.25,4194.75
1664322600,4194.75,4194.75,4189.25,4189.25
1664322900,4189.5,4191.5,4187.25,4188
1664323200,4188,4194.75,4188,4192.25
1664323500,4192.25,4194.5,4191.25,4193.75
1664323800,4193.75,4199.5,4193.75,4198.25
1664324100,4198.25,4200,4196.25,4198.5
1664324400,4198.5,4199.5,4197.5,4199
1664324700,4199,4199.25,4194.5,4195.5
1664325000,4195.75,4196.75,4190.25,4192.25
1664325300,4192.25,4194.25,4191,4193.5
1664325600,4193.5,4195.75,4191.5,4192
1664325900,4191.75,4191.75,4187.75,4188.25
1664326200,4188.25,4190.5,4187.75,4190.5
1664326500,4190.5,4192,4188.25,4190
1664326800,4190.25,4191.75,4186.25,4188.25
1664327100,4188,4195.25,4187.25,4194.25
1664327400,4194.25,4194.5,4192.25,4193
1664327700,4193,4193.5,4188.25,4189
1664328000,4189,4189,4181,4181.5
1664328300,4181.75,4183,4170.75,4173
1664328600,4172.75,4176.75,4171.75,4176.5
1664328900,4176.25,4176.5,4171.75,4172.75
1664329200,4172.75,4174,4168.5,4170.25
1664329500,4170,4171.5,4166,4166.5
1664329800,4166.5,4169.25,4165.5,4168
1664330100,4168.25,4171.75,4167.5,4171.5
1664330400,4171.5,4171.75,4167.75,4168
1664330700,4168,4168.75,4162.25,4167
1664331000,4167.25,4167.5,4152.5,4153.75
1664331300,4153.75,4157.25,4152.5,4153
1664331600,4153,4154.75,4148.25,4153
1664331900,4153,4157.25,4151.5,4156.25
1664332200,4156,4157,4152.5,4155.75
1664332500,4155.75,4156,4152.75,4154.25
1664332800,4154.25,4155.75,4152.5,4155.25
1664333100,4155.5,4157.25,4154.25,4155.25
1664333400,4155.25,4156.75,4154,4155.75
1664333700,4156,4156.25,4153.75,4155.25
1664334000,4155.5,4163,4155.5,4161
1664334300,4160.25,4163.5,4160,4162.5
1664334600,4162.5,4165,4161.5,4162
1664334900,4161.75,4163.75,4160.75,4163
1664335200,4163,4166.75,4162.5,4166
1664335500,4166.25,4166.75,4161.75,4164.5
1664335800,4164.5,4164.5,4160.25,4163
1664336100,4163,4163.5,4160.75,4162
1664336400,4162,4162,4158.25,4158.75
1664336700,4158.75,4160.5,4158,4159.25
1664337000,4159,4163,4158.75,4162
1664337300,4162.5,4164.75,4161.75,4163.75
1664337600,4163.75,4164,4159.25,4160
1664337900,4160,4162,4159.5,4160.75
1664338200,4161,4161.75,4158.5,4159.25
1664338500,4159.5,4161.75,4158.5,4161.25
1664338800,4161.5,4164,4161.25,4162.75
1664339100,4162.5,4165.5,4162.5,4165
1664339400,4165,4173,4164.5,4168
1664339700,4168.25,4168.5,4166,4166.25
1664340000,4166.5,4166.75,4163.75,4165.25
1664340300,4165,4166.5,4162.75,4163.5
1664340600,4163.5,4164,4162.25,4163
1664340900,4163,4164.5,4162.25,4164
1664341200,4164,4165.75,4163.25,4163.25
1664341500,4163.25,4163.25,4158.5,4159
1664341800,4159.25,4161,4157,4157.25
1664342100,4157.5,4160.5,4157,4159.25
1664342400,4159.5,4163,4159.5,4162
1664342700,4162,4164.75,4162,4164.25
1664343000,4164.5,4164.5,4161.75,4162.75
1664343300,4162.75,4163.75,4162.25,4162.5
1664343600,4162.75,4168.25,4162.5,4168
1664343900,4168,4168.25,4165.75,4166.75
1664344200,4166.75,4168.75,4166.25,4167.25
1664344500,4167.5,4172.5,4167.25,4172.5
1664344800,4172.75,4179,4169.5,4177
1664345100,4177.25,4179,4172.75,4173.75
1664345400,4174,4176.75,4170.25,4170.5
1664345700,4170.5,4171.5,4165.5,4167.5
1664346000,4167.75,4170,4166,4169.25
1664346300,4169.75,4176,4169,4172
1664346600,4171.75,4172.25,4167.25,4167.75
1664346900,4168,4168.5,4166.25,4167
1664347200,4167.25,4169.75,4166.25,4166.5
1664347500,4166.75,4167.25,4162.75,4165
1664347800,4165.25,4168.75,4164.25,4165
1664348100,4164.75,4166.25,4156.5,4157.75
1664348400,4157.75,4170.75,4157.5,4170.5
1664348700,4170.5,4171.25,4158.5,4159.5
1664349000,4159.5,4162.5,4148.25,4149.5
1664349300,4149.5,4158.25,4148.75,4157.25
1664349600,4157.25,4161.5,4153.25,4153.5
1664349900,4153.5,4157.75,4151.25,4157
1664350200,4157,4164.25,4154.75,4161
1664350500,4161.25,4162.25,4155,4160
1664350800,4159.75,4165.75,4159.5,4164.75
1664351100,4164.75,4168.75,4161.75,4164.5
1664351400,4164.75,4173.75,4163.5,4172.75
1664351700,4173,4174.25,4168.5,4168.75
1664352000,4168.75,4171,4163.25,4163.25
1664352300,4163,4164.75,4160.25,4160.25
1664352600,4160.5,4162.75,4158.5,4161.25
1664352900,4161,4161.75,4157.5,4158.25
1664353200,4158,4165.75,4158,4164
1664353500,4164,4166.75,4155.75,4157
1664353800,4157,4157.75,4153.75,4154.75
1664354100,4154.75,4158.25,4153.25,4153.75
1664354400,4153.75,4156.25,4153.25,4155.75
1664354700,4155.75,4162.75,4154.5,4160.75
1664355000,4160.75,4165,4158.75,4165
1664355300,4165.25,4166.5,4161,4161.75
1664355600,4161.75,4163.25,4159,4160
1664355900,4160,4160.25,4150.25,4150.75
1664356200,4150.75,4153.25,4148.5,4149.25
1664356500,4149.25,4149.5,4140.5,4142.75
1664356800,4142.5,4143.75,4138.25,4141.75
1664357100,4141.75,4145.25,4140.25,4145
1664357400,4145,4149,4143.25,4146.75
1664357700,4146.75,4147,4142,4144.75
1664358000,4144.75,4147.5,4143.5,4146.5
1664358300,4146.75,4148.25,4145,4145.75
1664358600,4145.5,4146.75,4143.25,4145
1664358900,4145,4145.5,4141.5,4142.5
1664359200,4142.25,4171.75,4139.75,4155
1664359500,4154.75,4161.75,4143.75,4160.25
1664359800,4160.25,4172.25,4157.5,4171.5
1664360100,4171.25,4184.75,4168.75,4184.75
1664360400,4184.75,4190.25,4183.25,4188.5
1664360700,4188.75,4188.75,4172.25,4180.5
1664361000,4180.5,4181,4169.5,4173
1664361300,4173,4184.75,4172,4184
1664361600,4184.25,4190.5,4180.25,4185.25
1664361900,4185.25,4185.5,4172.25,4178.25
1664362200,4178.25,4182.5,4175.5,4178
1664362500,4178,4182.5,4173.5,4174.25
1664362800,4174.5,4178,4166.5,4168.75
1664363100,4168.75,4169.75,4160.25,4162.75
1664363400,4162.5,4167.5,4158,4158.5
1664363700,4158.25,4168.75,4158.25,4168.25
1664364000,4168.25,4170,4161.75,4166.75
1664364300,4166.75,4169.75,4164.25,4165
1664364600,4165.25,4174.5,4164.75,4171.25
1664364900,4171.25,4172.25,4160.75,4162.25
1664365200,4162.25,4166.5,4158.75,4165.5
1664365500,4165.75,4165.75,4160.5,4165.25
1664365800,4165.25,4165.75,4161,4163.75
1664366100,4164,4165,4160.25,4164.5
1664366400,4164.5,4174,4163.75,4172.5
1664366700,4172.5,4175.5,4170.5,4170.5
1664367000,4170.5,4171.25,4165.75,4168.5
1664367300,4168.5,4174.5,4167.5,4173.5
1664367600,4173.75,4183.25,4173.25,4182.25
1664367900,4182.25,4183.25,4177.5,4181.5
1664368200,4181.5,4189.5,4177.5,4189.5
1664368500,4189.25,4194.25,4187.25,4193.5
1664368800,4193.25,4202.5,4189.5,4202.5
1664369100,4202.5,4206.25,4197.25,4197.25
1664369400,4197.25,4200,4195.75,4198
1664369700,4197.75,4198.25,4192.5,4195.75
1664370000,4196,4200.25,4193.5,4199
1664370300,4199,4204.25,4188.5,4189.25
1664370600,4189.25,4190.25,4182,4188
1664370900,4188.25,4195.75,4188.25,4194.75
1664371200,4194.75,4201.75,4193,4200.5
1664371500,4200.5,4201.5,4195.25,4195.75
1664371800,4195.5,4197.25,4177.5,4184.25
1664372100,4184.25,4189.25,4179,4183.5
1664372400,4183.5,4198.25,4181.25,4197.25
1664372700,4197.5,4200.75,4188.25,4193
1664373000,4193,4202,4190.75,4194.25
1664373300,4194.25,4202,4193.25,4195.25
1664373600,4195.5,4211.25,4191.75,4194.5
1664373900,4194.25,4198.25,4183.5,4183.75
1664374200,4183.5,4195.5,4183.5,4193.5
1664374500,4193.75,4197.75,4185,4195
1664374800,4195,4209,4194.25,4208
1664375100,4208,4217.5,4203.25,4216.75
1664375400,4216.75,4217.75,4211.5,4216
1664375700,4216.25,4223.25,4212.5,4214.75
1664376000,4214.75,4224.5,4212.75,4220.75
1664376300,4220.75,4227.75,4219.75,4224.5
1664376600,4224.5,4225,4218.75,4222.75
1664376900,4222.75,4224,4216,4217.75
1664377200,4218,4226.75,4213.75,4221
1664377500,4221,4221.75,4215.75,4216.5
1664377800,4216.75,4225.25,4215.5,4220.5
1664378100,4220.75,4224.75,4219,4222.75
1664378400,4222.75,4233.5,4222.25,4232
1664378700,4232.25,4235,4224,4225.25
1664379000,4225.5,4226.5,4218.5,4222.75
1664379300,4223,4226.75,4218.75,4220.25
1664379600,4220.5,4223,4218.25,4223
1664379900,4222.75,4230.25,4219.75,4228
1664380200,4227.75,4234.75,4227.25,4233.25
1664380500,4233.5,4237.25,4233.25,4236.25
1664380800,4236.25,4238.75,4234.25,4237.5
1664381100,4237.5,4238.25,4234.25,4236
1664381400,4235.75,4243.5,4235.75,4242.75
1664381700,4242.75,4248.25,4240,4247.75
1664382000,4248,4248.5,4239.75,4240
1664382300,4239.75,4241,4235.25,4236.5
1664382600,4236.5,4239.75,4234.5,4239.25
1664382900,4239.25,4239.5,4234,4234.75
1664383200,4234.75,4243.75,4234,4243.75
1664383500,4243.5,4246.5,4240,4241.5
1664383800,4241.5,4242.25,4236.25,4240.25
1664384100,4240.25,4242.25,4238.25,4242
1664384400,4242.25,4243,4237,4242
1664384700,4242,4252,4241.75,4251.25
1664385000,4251.25,4251.25,4247.25,4249.5
1664385300,4249.75,4253.25,4249.25,4253
1664385600,4253.25,4253.25,4248.75,4249.5
1664385900,4249.5,4250.25,4244,4245.5
1664386200,4245.5,4247.25,4243.25,4246
1664386500,4246.25,4246.75,4241.25,4244.25
1664386800,4244.25,4248,4243.5,4244.5
1664387100,4244.5,4245.25,4237.25,4239
1664387400,4239.25,4239.5,4235,4239
1664387700,4239.25,4242,4237.5,4240
1664388000,4240,4242.75,4238.75,4242
1664388300,4242.25,4245.5,4241.5,4244
1664388600,4244,4245.5,4241.25,4242.25
1664388900,4242.5,4243.75,4239,4241.5
1664389200,4241.5,4241.75,4239,4239
1664389500,4239.25,4242.5,4236.75,4241.75
1664389800,4241.75,4248.75,4241.5,4248.25
1664390100,4248.5,4251.25,4247.5,4250.25
1664390400,4250.25,4250.5,4240.5,4245
1664390700,4245,4247,4242.5,4247
1664391000,4247,4250.5,4247,4249.25
1664391300,4249,4250.5,4247.5,4248
1664391600,4248,4256.75,4246.75,4256
1664391900,4256,4263.75,4254.25,4260.75
1664392200,4261,4263.75,4259,4261
1664392500,4261.25,4263,4257.25,4258.5
1664392800,4258.5,4261,4256,4259
1664393100,4259.25,4264.5,4258.75,4261.75
1664393400,4261.75,4270,4261.5,4269.25
1664393700,4269,4270.25,4265.5,4267
1664394000,4267,4273.5,4266.75,4271.5
1664394300,4271.25,4276.5,4270,4273.5
1664394600,4273.5,4274.25,4268,4268.75
1664394900,4268.75,4270.25,4255.5,4257.75
1664395200,4257.75,4261.75,4255.25,4257.5
1664395500,4257.75,4260.75,4255.75,4260.75
1664395800,4260.75,4261.25,4259,4260.25
1664396100,4260,4261.25,4259.75,4260.5
1664396400,4260.5,4260.75,4258.5,4258.75
1664396700,4258.5,4259,4257.75,4258.25
1664397000,4258.25,4259.25,4257.25,4258.25
1664397300,4258.25,4258.75,4257.25,4258
1664397600,4258.25,4258.5,4256.25,4256.75
1664397900,4256.5,4256.75,4255.25,4255.5
1664398200,4255.5,4257.75,4254,4256
1664398500,4255.75,4256.25,4255,4255
1664402400,4255.5,4259.25,4255.5,4258.75
1664402700,4258.75,4261.25,4258.5,4259
1664403000,4259.25,4261.25,4258.25,4260.75
1664403300,4260.75,4261,4258.5,4259
1664403600,4259.25,4260.25,4258.75,4259.25
1664403900,4259.5,4261.25,4259,4260.75
1664404200,4260.5,4260.75,4259,4259.5
1664404500,4259.5,4259.75,4258,4258.5
1664404800,4258.25,4259.5,4254.5,4257
1664405100,4257,4257,4251,4252.5
1664405400,4252.5,4252.75,4248.75,4249.5
1664405700,4249.5,4251.75,4249.5,4251.5
1664406000,4251.5,4252.75,4250.75,4251
1664406300,4251,4253.25,4250.25,4253
1664406600,4253,4254,4252.5,4254
1664406900,4253.75,4254.5,4253,4254.25
1664407200,4254,4254,4251.75,4252
1664407500,4251.75,4254,4251.5,4253.75
1664407800,4253.75,4253.75,4252,4252.75
1664408100,4252.5,4252.5,4250.25,4250.5
1664408400,4250.25,4251.75,4250.25,4251
1664408700,4250.75,4253.75,4250.25,4253
1664409000,4253,4254.25,4252,4252.25
1664409300,4252.5,4254,4252,4253
1664409600,4253.25,4259.5,4251.25,4258.25
1664409900,4258.5,4261.25,4257.5,4257.5
1664410200,4257.5,4258.75,4253,4253.5
1664410500,4253.5,4257.25,4253.5,4257.25
1664410800,4257.25,4259.25,4254.25,4256.75
1664411100,4257,4260,4256,4259.5
1664411400,4259.5,4260.25,4258,4259
1664411700,4258.75,4259.5,4257.5,4258.5
1664412000,4258.25,4258.75,4257,4257.5
1664412300,4257.75,4258,4253.75,4255
1664412600,4254.75,4255.25,4252.25,4254.5
1664412900,4254.5,4256.25,4253.75,4255.5
1664413200,4255.25,4256.5,4254,4255.25
1664413500,4255.25,4256.75,4254,4256.5
1664413800,4256.5,4257,4253.75,4255
1664414100,4255,4256.25,4252,4253
1664414400,4253.5,4255.25,4252.75,4254.5
1664414700,4254.5,4255.75,4253.75,4254.25
1664415000,4254.25,4254.75,4253,4254
1664415300,4254,4256,4253,4254
1664415600,4253.75,4256.25,4253.5,4256
1664415900,4255.75,4257,4255,4256
1664416200,4256,4256,4252,4252.75
1664416500,4252.75,4253.25,4250.75,4251.25
1664416800,4251.5,4253.75,4250.25,4250.5
1664417100,4250.75,4250.75,4246,4246.25
1664417400,4246.25,4247.5,4244.5,4245.5
1664417700,4245.5,4249.25,4245.5,4249
1664418000,4249,4249.25,4244.75,4245
1664418300,4245.25,4247.75,4244,4246
1664418600,4246.25,4248,4245.25,4246.75
1664418900,4246.75,4247.75,4246,4247.25
1664419200,4247.25,4249.25,4247.25,4248.5
1664419500,4248.75,4250.25,4248,4249.25
1664419800,4249.5,4250,4248.25,4249.75
1664420100,4250,4250.25,4247.5,4248.25
1664420400,4248,4249,4247,4247.75
1664420700,4248,4250.5,4247.75,4250
1664421000,4250,4251.75,4250,4250.5
1664421300,4250.5,4251.5,4250,4251
1664421600,4251.25,4252.5,4250.25,4251.5
1664421900,4251.5,4252.5,4251,4251.5
1664422200,4251.75,4252,4248.75,4250
1664422500,4250.25,4252.5,4250,4252.5
1664422800,4252.25,4253.75,4252,4253.75
1664423100,4253.5,4255.25,4253,4254.75
1664423400,4255,4256.5,4254.75,4256.5
1664423700,4256.5,4256.75,4254.5,4255.25
1664424000,4255.25,4256,4254.5,4255
1664424300,4255,4255,4254,4254.25
1664424600,4254.5,4257,4254.25,4256
1664424900,4255.75,4256.5,4255.25,4256.5
1664425200,4256.5,4259.25,4256,4259.25
1664425500,4259,4259.5,4258,4259.25
1664425800,4259,4259.75,4258.25,4259.5
1664426100,4259.5,4260.5,4258.25,4260.25
1664426400,4260.25,4261.25,4260,4261
1664426700,4261.25,4261.25,4259.75,4260
1664427000,4260,4260.75,4259.5,4259.5
1664427300,4259.75,4259.75,4257.75,4258.5
1664427600,4258.75,4259.5,4257.5,4258.5
1664427900,4258.75,4260.25,4257.5,4259.75
1664428200,4259.75,4259.75,4256,4256.75
1664428500,4256.5,4257.75,4255,4257
1664428800,4256.75,4258.25,4256.5,4257.75
1664429100,4257.75,4258.25,4256.75,4257.75
1664429400,4257.5,4259,4251.75,4252.25
1664429700,4252.5,4253.75,4250.25,4251.25
1664430000,4251.5,4251.75,4244.5,4244.75
1664430300,4244.5,4247.5,4242,4247.25
1664430600,4247.5,4248.75,4246,4247.5
1664430900,4247.25,4248.5,4244.25,4248.25
1664431200,4248.25,4248.5,4239,4242
1664431500,4242,4242.25,4235.75,4236.75
1664431800,4237,4237.25,4226.5,4228.25
1664432100,4228.25,4230.75,4226.25,4226.5
1664432400,4226.75,4233,4224.25,4231.75
1664432700,4231.75,4233.75,4230.25,4230.5
1664433000,4230.5,4232.25,4228,4229.5
1664433300,4229.25,4234.75,4228.75,4234.5
1664433600,4234.25,4241.25,4233.5,4238.75
1664433900,4238.75,4240,4234.75,4235.5
1664434200,4235.5,4237.75,4235,4236.5
1664434500,4236.5,4236.75,4233.75,4235.75
1664434800,4236.25,4239.25,4222.5,4224
1664435100,4223.75,4224,4217.75,4222.25
1664435400,4222.5,4224,4218.5,4221
1664435700,4221.25,4221.5,4216.75,4218
1664436000,4217.75,4217.75,4210.5,4214.75
1664436300,4215.25,4216.75,4210.75,4215.5
1664436600,4215.5,4215.5,4207.25,4209.75
1664436900,4209.5,4210.25,4205.75,4209.5
1664437200,4209.25,4212.25,4208.25,4209.25
1664437500,4209,4210,4205.75,4209.25
1664437800,4209,4210.75,4202.5,4204.75
1664438100,4204.75,4213.75,4204,4211.25
1664438400,4211.25,4215.25,4205.75,4214.25
1664438700,4214.5,4219.5,4214,4218.75
1664439000,4218.75,4218.75,4215.25,4216.25
1664439300,4216.25,4220,4214.25,4219.5
1664439600,4219.5,4220,4213.75,4214
1664439900,4214,4216.75,4212.5,4213.5
1664440200,4213.5,4218,4213.25,4217
1664440500,4217.25,4217.75,4209.25,4210.25
1664440800,4210.5,4219.25,4210.25,4217.75
1664441100,4217.75,4218.75,4213.5,4215
1664441400,4214.75,4215.5,4211.5,4213.5
1664441700,4213.25,4214,4210.75,4213
1664442000,4212.75,4219.75,4211.5,4218.75
1664442300,4218.75,4224.5,4217.25,4223.25
1664442600,4223.25,4228,4221.75,4225.5
1664442900,4225.5,4229,4221.25,4222.5
1664443200,4222.5,4225.25,4220.5,4223.5
1664443500,4223.75,4225.25,4222.25,4222.75
1664443800,4223,4225.25,4222,4224
1664444100,4224,4225.25,4223,4223.25
1664444400,4223.75,4235,4222.25,4234
1664444700,4234,4234.75,4229.75,4232
1664445000,4232.25,4232.5,4227.5,4229.75
1664445300,4229.5,4229.5,4226,4228.25
1664445600,4228.25,4229.25,4216.25,4217.75
1664445900,4217.75,4220.75,4215.5,4220
1664446200,4219.75,4221.25,4218,4219.25
1664446500,4219.5,4223,4219.25,4222.5
1664446800,4222.5,4224,4220.5,4223.25
1664447100,4223.25,4223.5,4217.75,4218.75
1664447400,4218.75,4221.75,4217.5,4221.25
1664447700,4221.5,4222.5,4219.75,4221
1664448000,4221,4223.75,4220,4221.75
1664448300,4221.75,4225.75,4221.75,4225.25
1664448600,4225.5,4228.25,4224.25,4227.5
1664448900,4227.75,4228.75,4221.5,4221.75
1664449200,4222,4226.75,4222,4224.5
1664449500,4224.25,4227.5,4223.75,4226.5
1664449800,4226.5,4230.75,4224.25,4230.75
1664450100,4230.5,4236.75,4230.5,4235.5
1664450400,4235.5,4236.75,4232.5,4233.5
1664450700,4233.25,4235.25,4232.75,4235
1664451000,4235,4236.25,4233,4233.25
1664451300,4233,4233.75,4227,4228.5
1664451600,4228.5,4233.5,4228,4231.5
1664451900,4231.5,4234.25,4226.5,4227.5
1664452200,4227.25,4230.25,4227,4229.5
1664452500,4229.25,4229.25,4224.25,4224.5
1664452800,4224.75,4225.5,4219.5,4220.25
1664453100,4220.25,4221.75,4217.75,4221
1664453400,4221.25,4221.5,4216,4217.5
1664453700,4217.5,4220.75,4215.25,4220
1664454000,4220.25,4225,4218.5,4224.75
1664454300,4224.5,4228.5,4221.75,4226.25
1664454600,4226.25,4226.5,4205.5,4206
1664454900,4205.75,4211.75,4198.75,4211
1664455200,4211.25,4212,4205.5,4211.75
1664455500,4211.5,4213.25,4207.5,4210
1664455800,4209.75,4213.25,4208.5,4211.5
1664456100,4211.5,4214.25,4207.5,4209.25
1664456400,4209.25,4212.5,4206.25,4208.25
1664456700,4208.25,4216.25,4208,4215.75
1664457000,4215.75,4217.25,4213.25,4215.75
1664457300,4215.5,4225.25,4214.75,4225
1664457600,4225,4225.25,4220.25,4221
1664457900,4221,4221.5,4216.5,4219.5
1664458200,4219.5,4222.75,4209.25,4211.5
1664458500,4211.25,4212,4201.75,4203
1664458800,4203,4204,4184,4184.5
1664459100,4184.75,4187.25,4179.25,4182
1664459400,4182.25,4191.75,4181,4187
1664459700,4186.75,4191,4181.5,4182.75
1664460000,4183,4184.25,4167.5,4170.5
1664460300,4170.25,4176.25,4166.75,4167
1664460600,4167,4172,4160.75,4162.25
1664460900,4162.25,4165.5,4156.5,4160.75
1664461200,4160.75,4171,4159.75,4165
1664461500,4165,4171.5,4163.75,4168.75
1664461800,4168.75,4168.75,4160.25,4161.5
1664462100,4161.75,4167,4158,4164
1664462400,4163.75,4173.25,4163,4169
1664462700,4169,4173.75,4167,4169
1664463000,4169,4178.5,4168.5,4176.5
1664463300,4176.25,4181.5,4175.25,4176.25
1664463600,4176.25,4182.5,4174.5,4176.25
1664463900,4176.25,4190,4173.25,4188.75
1664464200,4188.75,4189.5,4176.75,4179
1664464500,4179,4182.5,4176.25,4180.25
1664464800,4180.5,4180.5,4172.5,4173.25
1664465100,4173,4179.75,4172,4178.5
1664465400,4178.75,4183,4173.75,4180
1664465700,4180,4183.25,4175.5,4180.5
1664466000,4180.5,4185.75,4176.25,4184.5
1664466300,4184.5,4189,4184,4188.25
1664466600,4188.25,4197.75,4185.75,4195.75
1664466900,4195.75,4197.75,4190.5,4191.25
1664467200,4191.25,4192.75,4187.75,4192
1664467500,4192,4195.25,4188.5,4192.5
1664467800,4192.25,4192.75,4186.25,4186.75
1664468100,4186.75,4188.5,4179,4180
1664468400,4180,4181.5,4175.25,4179.25
1664468700,4179.25,4180.25,4177,4179
1664469000,4179,4184.5,4177.75,4184
1664469300,4184,4185.25,4177.75,4184
1664469600,4184,4184.25,4178.25,4183.5
1664469900,4183.5,4184.75,4178.25,4179.5
1664470200,4179.5,4182.25,4176.5,4180.25
1664470500,4180.25,4181,4172.25,4173.25
1664470800,4173.5,4173.5,4168.5,4170
1664471100,4170,4171.75,4166.75,4166.75
1664471400,4166.5,4173.5,4166.5,4172.25
1664471700,4172,4174,4169.5,4169.75
1664472000,4169.5,4170.25,4165.5,4166.75
1664472300,4166.75,4172.5,4164.75,4167.75
1664472600,4168,4173.75,4164.5,4173.25
1664472900,4173,4175.25,4170.5,4172.25
1664473200,4172.25,4172.25,4166,4166.75
1664473500,4166.75,4168.75,4165.5,4165.5
1664473800,4165.75,4167.5,4158.25,4160.25
1664474100,4160,4160.75,4154.75,4155.5
1664474400,4155.75,4155.75,4150.75,4152.25
1664474700,4152.5,4158.75,4152.25,4157
1664475000,4157.25,4157.5,4153.5,4154.25
1664475300,4154.25,4155,4147.75,4148.5
1664475600,4148.25,4152.5,4147.25,4149.75
1664475900,4150,4160.25,4149.75,4158
1664476200,4158,4161,4154.25,4155.25
1664476500,4155.25,4166.5,4154.5,4162.25
1664476800,4162.25,4164,4157.5,4158
1664477100,4157.75,4161.75,4157.25,4158
1664477400,4158,4159,4150,4152.25
1664477700,4152,4155,4149.5,4149.75
1664478000,4149.75,4159.5,4149.25,4156.5
1664478300,4156.25,4161.5,4155.25,4156.25
1664478600,4156.25,4165.75,4154.25,4165.25
1664478900,4165,4170.75,4162.5,4168.75
1664479200,4168.5,4169.5,4165.25,4167.25
1664479500,4167.25,4167.25,4160.25,4163.5
1664479800,4163.5,4177,4162,4174.25
1664480100,4174.5,4183,4169.75,4178
1664480400,4178,4180,4170.75,4177
1664480700,4177,4180,4173.25,4176.25
1664481000,4176.25,4182.75,4173.5,4178.25
1664481300,4178.25,4184,4174.25,4179.75
1664481600,4180,4187.75,4179,4181.5
1664481900,4181.25,4182.5,4178.75,4182.25
1664482200,4182.25,4184.25,4181.25,4181.5
1664482500,4181.5,4183.75,4181.25,4183
1664482800,4182.75,4184,4182,4183.25
1664483100,4183.5,4183.5,4182,4182.5
1664483400,4182.5,4183.25,4181,4181.75
1664483700,4181.5,4183.5,4181.25,4181.75
1664484000,4181.5,4183,4181.5,4181.5
1664484300,4181.5,4183.25,4181.5,4183
1664484600,4183,4184.25,4182,4183.75
1664484900,4183.5,4184.5,4182.5,4184
1664488800,4181.75,4187,4179.25,4185.25
1664489100,4185.75,4190,4185.75,4189.75
1664489400,4189.75,4191.75,4188.5,4188.75
1664489700,4188.75,4193,4188.75,4191.75
1664490000,4191.75,4191.75,4186.75,4187
1664490300,4187.5,4189.25,4186.5,4186.75
1664490600,4186.75,4188,4184.5,4185
1664490900,4185,4187,4183.5,4184.25
1664491200,4184.5,4186.75,4184,4186
1664491500,4186,4186.5,4185.25,4185.25
1664491800,4185.5,4189.5,4184,4189.25
1664492100,4189.25,4190.75,4187.75,4188.75
1664492400,4189,4191.25,4189,4190.5
1664492700,4190.5,4191.25,4190.25,4190.75
1664493000,4190.75,4191,4189,4189.25
1664493300,4189.25,4190.75,4188,4188.5
1664493600,4188.75,4190.5,4188.25,4190.5
1664493900,4190.5,4192.5,4190.5,4192.5
1664494200,4192.25,4194.5,4191.75,4192.5
1664494500,4192.25,4193.5,4191.25,4192.25
1664494800,4192,4196,4192,4194.75
1664495100,4195,4195.25,4193.25,4194
1664495400,4193.75,4194.75,4192.25,4194.75
1664495700,4194.75,4195.25,4193.5,4193.5
1664496000,4193.75,4195.25,4189.25,4191
1664496300,4190.75,4192.75,4190,4190.75
1664496600,4190.5,4193.75,4189.75,4190.75
1664496900,4191,4191.25,4187,4189.25
1664497200,4189.5,4189.75,4185.75,4186.75
1664497500,4186.75,4188,4185.75,4187.25
1664497800,4187.25,4189,4186.5,4187.5
1664498100,4187.25,4188,4178.5,4181
1664498400,4181.25,4182,4178.75,4179.75
1664498700,4179.5,4181.25,4178.25,4178.75
1664499000,4179,4181,4176,4180.75
1664499300,4181,4184.75,4179.75,4183.75
1664499600,4183.75,4185.5,4182,4182
1664499900,4182.25,4182.75,4180,4181.75
1664500200,4181.5,4187.75,4181.5,4187.5
1664500500,4187.5,4188.25,4181.5,4183
1664500800,4183,4184,4181.5,4183.75
1664501100,4184,4186,4181.75,4182.5
1664501400,4182.25,4186,4180,4183
1664501700,4182.75,4187.25,4182.75,4185.5
1664502000,4185.75,4187,4183.25,4186.75
1664502300,4186.75,4187.25,4184.75,4187.25
1664502600,4186.75,4192,4186.5,4189.5
1664502900,4189.5,4190.25,4187,4187.75
1664503200,4187.75,4188,4184.75,4187.5
1664503500,4187.25,4190,4187,4188
1664503800,4187.75,4188.75,4184,4185
1664504100,4184.75,4184.75,4177.5,4178
1664504400,4177.75,4177.75,4172.75,4175
1664504700,4174.75,4176,4171.5,4175.75
1664505000,4175.5,4177.75,4174.25,4175.75
1664505300,4175.5,4179.75,4175.25,4178.75
1664505600,4179,4180.75,4178,4179.75
1664505900,4180,4183.75,4179.25,4183.25
1664506200,4183.25,4183.75,4181.75,4182.25
1664506500,4182,4184,4179,4179.25
1664506800,4179.25,4181.25,4179.25,4180.75
1664507100,4180.75,4181,4177,4177.75
1664507400,4177.5,4178.25,4175.5,4178
1664507700,4177.75,4178.5,4174.25,4174.5
1664508000,4174.5,4179,4174.25,4177.25
1664508300,4177.5,4178.25,4174.5,4174.75
1664508600,4175,4177.75,4172.75,4176.75
1664508900,4176.75,4178.25,4175.25,4175.25
1664509200,4175.25,4177,4174,4176
1664509500,4175.75,4176.5,4172,4172.5
1664509800,4172.5,4172.5,4168,4169.5
1664510100,4169.5,4171,4168.5,4170
1664510400,4169.75,4171.5,4169.25,4169.75
1664510700,4170.25,4170.25,4165.5,4169.75
1664511000,4170,4171.25,4169.5,4170.75
1664511300,4170.5,4172.75,4169,4172
1664511600,4172.25,4173.25,4171,4172
1664511900,4172,4172.25,4167.75,4168.75
1664512200,4169,4171,4168.25,4170.25
1664512500,4170.5,4173.25,4168.75,4173
1664512800,4172.75,4176,4171.5,4175.5
1664513100,4175.25,4175.75,4173.5,4174.75
1664513400,4174.75,4176.75,4173,4174.75
1664513700,4175,4175.5,4173.5,4174
1664514000,4174,4176.5,4173.25,4174.5
1664514300,4174.75,4179,4174.75,4178.5
1664514600,4178.25,4180.75,4178.25,4179.5
1664514900,4179.5,4183.25,4179.5,4180.5
1664515200,4180.5,4184.25,4180.25,4183
1664515500,4182.75,4183.25,4180.25,4183
1664515800,4183.25,4184.75,4180.5,4181
1664516100,4181,4182.25,4179.75,4181.75
1664516400,4181.75,4185.5,4181.75,4184.75
1664516700,4184.75,4185.75,4183.25,4183.5
1664517000,4183.5,4184.25,4181.25,4182
1664517300,4182,4182,4176.5,4176.75
1664517600,4176.75,4184,4176.75,4180.5
1664517900,4180.75,4184,4179.5,4183.75
1664518200,4183.75,4186.5,4182.25,4184
1664518500,4184,4185,4179.5,4181.5
1664518800,4181.25,4182.75,4179.25,4182.25
1664519100,4182,4187.75,4181.75,4186.75
1664519400,4186.75,4188.5,4185.25,4186.75
1664519700,4186.75,4187,4183.25,4185
1664520000,4185,4187.25,4183.25,4184
1664520300,4183.75,4191.25,4183.75,4189.25
1664520600,4189.5,4194,4188.75,4192
1664520900,4191.75,4193.5,4190,4190.25
1664521200,4190.25,4194.75,4190,4194.5
1664521500,4194.75,4198.75,4192.75,4198.25
1664521800,4198,4199.75,4197,4199.25
1664522100,4199,4202,4194.75,4199
1664522400,4199,4206.75,4198.75,4206.25
1664522700,4206,4211.25,4205.75,4207.25
1664523000,4207.5,4211.75,4204.25,4210.5
1664523300,4210.5,4211.25,4207,4209.75
1664523600,4209.75,4211.25,4206,4206.5
1664523900,4206.25,4208.75,4205.25,4207.25
1664524200,4207.5,4210.75,4206.75,4208.5
1664524500,4208.5,4212.5,4208,4211.5
1664524800,4211.25,4213.25,4209.5,4210.75
1664525100,4210.75,4210.75,4205.25,4205.75
1664525400,4205.75,4208.75,4205.25,4208.25
1664525700,4208.5,4213.5,4207.5,4211.5
1664526000,4211.75,4212.5,4207.75,4212.5
1664526300,4212.5,4213.5,4207.75,4208
1664526600,4208,4212.5,4207.25,4210.75
1664526900,4210.75,4211.25,4205.5,4208
1664527200,4208,4209.75,4205.5,4208
1664527500,4208,4211.25,4207.25,4208.25
1664527800,4208.5,4218,4207.75,4216.75
1664528100,4216.75,4219,4215.25,4217
1664528400,4217.25,4217.5,4210.75,4211.5
1664528700,4211.5,4213.5,4209.75,4211
1664529000,4211,4213,4210.25,4210.25
1664529300,4210.5,4211,4204.25,4205
1664529600,4204.75,4206.75,4202.25,4206.75
1664529900,4206.75,4207.5,4202.75,4205.75
1664530200,4205.75,4209.25,4204.75,4207
1664530500,4207,4207.75,4202.25,4203.5
1664530800,4203.25,4204.5,4200.25,4203.25
1664531100,4203,4206.75,4201.75,4203.25
1664531400,4203.5,4206.75,4201.75,4202.25
1664531700,4202.25,4202.75,4199.5,4202.75
1664532000,4202.5,4208.5,4201.5,4208.25
1664532300,4208.25,4210.25,4206.75,4209.75
1664532600,4209.5,4213.75,4209,4213
1664532900,4213,4214.25,4208.5,4208.5
1664533200,4208.5,4209.25,4205.5,4208.5
1664533500,4208.75,4215,4207,4212
1664533800,4212,4212,4209.25,4210
1664534100,4210.25,4213.25,4209,4209.5
1664534400,4209.5,4210.5,4206.5,4207
1664534700,4207,4207,4201,4202.5
1664535000,4202.25,4203,4196.25,4198
1664535300,4198.25,4198.25,4194.25,4197.5
1664535600,4197.5,4199,4193.25,4194
1664535900,4193.75,4195.5,4190.25,4190.5
1664536200,4190.25,4191.5,4187.5,4191
1664536500,4191,4193.25,4189.75,4193
1664536800,4193,4194.5,4191.25,4193.25
1664537100,4193.5,4195.75,4191.5,4195.75
1664537400,4195.75,4195.75,4189.5,4189.75
1664537700,4189.5,4190.25,4186.25,4189
1664538000,4189,4190.25,4187,4187.5
1664538300,4187.5,4187.5,4180.75,4183.75
1664538600,4184,4185,4180.75,4184
1664538900,4183.75,4189,4182.5,4187.75
1664539200,4187.75,4191.75,4187,4188.5
1664539500,4188.75,4189,4185.5,4187.75
1664539800,4187.5,4191,4185.25,4186.25
1664540100,4186.5,4189.75,4184,4187.5
1664540400,4187.5,4189,4185.25,4186.75
1664540700,4186.5,4202.25,4185.5,4199.5
1664541000,4199.5,4200,4166,4178.75
1664541300,4179,4184.5,4176,4180.5
1664541600,4180.5,4195.25,4178.25,4192.25
1664541900,4192.5,4194.25,4183.5,4184
1664542200,4183.75,4187.25,4181.25,4184
1664542500,4184,4190.5,4183.75,4186.5
1664542800,4186.25,4191,4178.25,4178.25
1664543100,4178.5,4179.25,4173.5,4175.5
1664543400,4175.5,4178.5,4174.25,4178
1664543700,4177.75,4178.25,4174.75,4176
1664544000,4176,4178.25,4172.25,4173.5
1664544300,4173.5,4173.75,4168.25,4169.25
1664544600,4169.25,4178.75,4168.5,4175
1664544900,4175,4176.75,4151.75,4156.75
1664545200,4157,4175.75,4151.75,4166
1664545500,4166,4173,4156.75,4165.5
1664545800,4165.75,4180.25,4162,4179.5
1664546100,4179.5,4187.25,4177.75,4181
1664546400,4181.25,4183.5,4172.5,4179.5
1664546700,4179.5,4182,4172,4178.25
1664547000,4178.5,4184.5,4172.25,4177
1664547300,4177,4179.25,4166.25,4176.25
1664547600,4176,4179.75,4171.5,4178.25
1664547900,4178.25,4185.25,4172.75,4180.75
1664548200,4180.75,4193.75,4179.25,4192.5
1664548500,4192.75,4196.75,4189.75,4193
1664548800,4193,4193,4187.75,4190.75
1664549100,4190.75,4192.5,4183,4189.25
1664549400,4189.25,4195.75,4186.75,4191.75
1664549700,4191.75,4193.75,4186.5,4192
1664550000,4192,4198.75,4186,4196.75
1664550300,4197,4207,4195,4206.25
1664550600,4206.25,4209.75,4203.5,4207
1664550900,4207,4209.5,4202.75,4204
1664551200,4204.25,4207.25,4203,4206.25
1664551500,4206.25,4208.5,4202.75,4203.5
1664551800,4203.5,4207,4201.25,4204
1664552100,4204,4204.5,4195.75,4197.25
1664552400,4197.25,4198.25,4186,4186
1664552700,4186.25,4189,4182.5,4183
1664553000,4183,4183,4177.75,4179.25
1664553300,4179.25,4181.25,4177.5,4179.75
1664553600,4180,4180.25,4172.25,4175
1664553900,4175,4177.5,4171.5,4171.5
1664554200,4171.5,4176,4170.75,4175.25
1664554500,4175.25,4178.75,4175,4175.75
1664554800,4175.75,4178,4168.25,4175.75
1664555100,4175.75,4179,4173.75,4174.75
1664555400,4174.75,4178.5,4174,4177.75
1664555700,4177.75,4183.25,4176,4182
1664556000,4182.25,4183.25,4179.75,4182.75
1664556300,4182.5,4184.25,4180.75,4182.75
1664556600,4182.75,4184.25,4177.75,4178
1664556900,4177.75,4180.25,4176.5,4177
1664557200,4176.75,4177.5,4170.75,4174.25
1664557500,4174.25,4179.25,4173.25,4176.25
1664557800,4176.5,4180.25,4173.25,4173.75
1664558100,4173.5,4176.75,4170.75,4172.25
1664558400,4172.25,4176.25,4171.75,4173
1664558700,4172.75,4179.5,4171.25,4177.25
1664559000,4177.25,4179.5,4172,4172
1664559300,4172,4172.25,4164.5,4165.5
1664559600,4165.5,4165.75,4160.75,4160.75
1664559900,4160.75,4161.5,4157.75,4158
1664560200,4157.75,4164.75,4156.75,4161.5
1664560500,4161.5,4163.75,4159.75,4159.75
1664560800,4160,4162,4155.75,4157.75
1664561100,4157.75,4162,4155.5,4160.5
1664561400,4160.5,4165,4160.25,4162.5
1664561700,4162.75,4168,4161.25,4162.25
1664562000,4162.25,4165.25,4158.75,4160.25
1664562300,4160.5,4160.5,4153.5,4157.5
1664562600,4157.5,4162.5,4155.25,4162
1664562900,4162,4162,4154,4157
1664563200,4157.25,4157.25,4147.75,4151.5
1664563500,4151.75,4152.25,4142,4148.75
1664563800,4148.75,4151,4145.75,4147.75
1664564100,4147.5,4147.5,4141.25,4143.25
1664564400,4143.5,4157.75,4141.5,4153
1664564700,4152.75,4157,4148,4149.25
1664565000,4149.25,4153.75,4141.75,4143.75
1664565300,4143.75,4149.5,4140.25,4147
1664565600,4147,4148.75,4141.5,4146.75
1664565900,4146.75,4151.25,4138.75,4151
1664566200,4150.75,4157.25,4142.25,4145
1664566500,4145,4148.25,4139.75,4142.25
1664566800,4142.5,4149,4141.75,4146
1664567100,4146,4150.75,4142.75,4146.25
1664567400,4146.25,4146.25,4131.5,4132.25
1664567700,4132.25,4133.25,4121.75,4122.5
1664568000,4122.5,4132.75,4120.5,4129
1664568300,4128.75,4136.25,4128,4134.75
1664568600,4134.5,4138,4134,4137.5
1664568900,4137.5,4137.75,4132.75,4133.75
1664569200,4133.75,4136,4131.75,4132.5
1664569500,4132.5,4134.25,4132,4133.25
1664569800,4133.25,4133.25,4130.5,4130.75
1664570100,4130.75,4131.25,4128,4128
1664570400,4128.25,4129.75,4127.25,4128.25
1664570700,4128.5,4130,4127.5,4130
1664571000,4129.75,4131.75,4128.75,4129.75
1664571300,4130,4131.25,4129.25,4129.5
1664748000,4118.5,4124.5,4115.5,4118.75
1664748300,4118.5,4121.25,4113.75,4120
1664748600,4120,4132.5,4119.75,4128
1664748900,4128,4135,4125.75,4132.75
1664749200,4132.75,4138.75,4131,4132.75
1664749500,4132.75,4133.75,4128.25,4128.75
1664749800,4129,4133.5,4125.25,4130.5
1664750100,4130.5,4132,4128,4131.5
1664750400,4131.25,4133.5,4129.5,4132
1664750700,4132.25,4134.5,4130.75,4133.25
1664751000,4133.5,4136.25,4132.5,4133.75
1664751300,4133.75,4134.5,4130,4132
1664751600,4132.25,4133.5,4129.5,4130.25
1664751900,4130.5,4133.5,4129.75,4133
1664752200,4133.25,4134.75,4129.5,4129.5
1664752500,4129.75,4130.75,4126.75,4128.25
1664752800,4128.5,4130,4126.75,4127.75
1664753100,4127.75,4129.5,4124.75,4125
1664753400,4124.75,4126.25,4123.25,4123.25
1664753700,4123.75,4126.75,4122.5,4125
1664754000,4125.25,4126.75,4123.5,4124
1664754300,4123.75,4125.25,4121,4122.75
1664754600,4122.75,4124,4106.25,4110
1664754900,4110,4112.75,4106.25,4110.25
1664755200,4110.25,4110.75,4101.75,4105
1664755500,4105,4105,4097.75,4101
1664755800,4100.5,4106.75,4099.75,4105.75
1664756100,4105.75,4107.25,4100.75,4103.5
1664756400,4103.25,4108.5,4100.5,4107.25
1664756700,4107.25,4107.5,4103,4105.25
1664757000,4105.25,4105.25,4102.25,4103.5
1664757300,4103.5,4104.75,4099,4100.5
1664757600,4100.75,4102.25,4099,4099.5
1664757900,4099.5,4103,4099.5,4101.75
1664758200,4101.5,4103,4099.5,4100.5
1664758500,4100.75,4101.75,4097,4101.5
1664758800,4101.5,4105.25,4101.5,4103.75
1664759100,4104,4108.75,4104,4107.25
1664759400,4107.25,4111.75,4107,4109.25
1664759700,4109.25,4110,4105.25,4109.25
1664760000,4109.25,4110.75,4108,4109
1664760300,4109.25,4117.75,4107.75,4116.75
1664760600,4116.75,4119.5,4115.5,4117
1664760900,4117,4119.25,4115.5,4118.25
1664761200,4118,4122.75,4117.25,4122.75
1664761500,4122.5,4130.75,4121,4129
1664761800,4129,4133,4127.25,4130.5
1664762100,4130.5,4131.25,4128.25,4131
1664762400,4131,4131.5,4125.75,4126.25
1664762700,4126.25,4127,4121.75,4123
1664763000,4123.25,4126.25,4122.25,4126
1664763300,4126,4126.75,4122.5,4124
1664763600,4124,4124,4119.5,4121
1664763900,4121,4122.75,4120,4120.5
1664764200,4120.5,4121.75,4119.25,4120.5
1664764500,4120.25,4120.75,4117.5,4120.75
1664764800,4120.5,4122.75,4120.5,4122.5
1664765100,4122.25,4124.75,4120.75,4124.5
1664765400,4124.5,4128,4124.5,4126.75
1664765700,4126.5,4126.5,4116,4116.5
1664766000,4116.5,4120.75,4116.25,4119.25
1664766300,4119.25,4122.5,4118.5,4121.5
1664766600,4121.5,4122.25,4120.75,4122
1664766900,4122,4127.5,4122,4127.25
1664767200,4127,4129,4123.5,4124.75
1664767500,4125,4125.5,4122.25,4122.5
1664767800,4122.5,4124.25,4121,4123.5
1664768100,4123.25,4130,4123.25,4128.25
1664768400,4128,4128,4125.5,4126.5
1664768700,4126.5,4127.25,4124.75,4125.5
1664769000,4125.5,4127.75,4124.5,4127.75
1664769300,4127.75,4128,4123.75,4124.75
1664769600,4124.75,4126,4122.75,4124.75
1664769900,4124.75,4127,4119,4120.25
1664770200,4120,4122.75,4119.25,4122
1664770500,4122.25,4123.75,4120,4122
1664770800,4122,4122,4119,4120.5
1664771100,4120.5,4122.75,4120,4121
1664771400,4121,4122,4120.5,4121.5
1664771700,4121.25,4121.25,4118.25,4118.5
1664772000,4118.5,4121.75,4117.5,4121
1664772300,4121.25,4121.75,4119,4121
1664772600,4121,4122.5,4120.5,4122.5
1664772900,4122.25,4122.75,4121,4121
1664773200,4120.75,4123.25,4119,4121.25
1664773500,4121.25,4122.25,4116.25,4117.75
1664773800,4117.5,4118.25,4114.5,4117
1664774100,4117,4118.25,4114.5,4115.75
1664774400,4115.5,4119,4115.25,4118
1664774700,4118,4118.5,4116.5,4117
1664775000,4117,4119.75,4117,4119.5
1664775300,4119.5,4122.25,4119,4122.25
1664775600,4122.25,4127,4121.5,4126.25
1664775900,4126.25,4129.5,4126.25,4128.75
1664776200,4128.75,4137.25,4128.5,4135.75
1664776500,4135.75,4135.75,4130,4130.5
1664776800,4130.5,4136.25,4130,4135
1664777100,4135,4145,4133.25,4137.75
1664777400,4137.75,4139,4135.25,4136.75
1664777700,4136.5,4137.75,4134.25,4134.75
1664778000,4135,4135,4128.25,4128.5
1664778300,4128.25,4131.75,4126.75,4130.75
1664778600,4130.75,4131.5,4128,4129
1664778900,4129,4130.75,4124.75,4130
1664779200,4130,4130.25,4125.75,4126
1664779500,4126,4126.75,4122,4125.25
1664779800,4125,4128.25,4124.5,4127.5
1664780100,4127.5,4131,4127,4130.75
1664780400,4130.75,4131,4123.75,4128.5
1664780700,4128.25,4138.25,4126.75,4128.75
1664781000,4128.75,4129.25,4117.75,4125.75
1664781300,4125.75,4134.5,4123.75,4134
1664781600,4134.25,4136.75,4131.75,4132.25
1664781900,4132.5,4135.75,4132,4134.5
1664782200,4134.25,4136,4127,4129.25
1664782500,4129,4129.75,4123,4123.5
1664782800,4123.5,4130,4122.25,4126
1664783100,4125.75,4130.25,4124.5,4129.25
1664783400,4129.25,4130,4122.25,4124
1664783700,4124,4129,4122.75,4126.5
1664784000,4126.25,4126.5,4117.75,4118.25
1664784300,4118.5,4119.5,4116.25,4117.75
1664784600,4117.75,4121.5,4116.75,4121.25
1664784900,4121,4123.25,4119.25,4121.75
1664785200,4122,4124.25,4120.5,4123
1664785500,4123,4125,4119,4121.5
1664785800,4121.25,4126.25,4118.5,4126.25
1664786100,4126.25,4126.5,4121.75,4123.25
1664786400,4123.25,4125.5,4122.25,4124
1664786700,4124,4126.5,4122.5,4124.25
1664787000,4124.25,4125.75,4123,4125.25
1664787300,4125.5,4126,4123.5,4124
1664787600,4124,4124.75,4118,4118
1664787900,4117.75,4118.75,4112.75,4114.75
1664788200,4115,4118.75,4114.75,4118.5
1664788500,4118.75,4122.25,4118.75,4121
1664788800,4121,4129,4120.75,4127.75
1664789100,4127.5,4129.25,4125.25,4128.25
1664789400,4128.25,4132,4127.5,4131
1664789700,4131.25,4133,4127.25,4128.25
1664790000,4128,4130,4125.25,4126.5
1664790300,4126.25,4127.25,4124.5,4126.5
1664790600,4126.25,4129,4125.75,4128.5
1664790900,4128.5,4131,4128.25,4130.25
1664791200,4130.5,4132.75,4129,4132
1664791500,4132,4132,4129.5,4131
1664791800,4131,4135,4130.25,4130.5
1664792100,4130.5,4131.25,4129,4131.25
1664792400,4131.5,4133.75,4130.5,4131.75
1664792700,4131.75,4135.75,4130.5,4135.5
1664793000,4135.5,4135.75,4132.75,4133.75
1664793300,4133.75,4134.25,4130,4130.5
1664793600,4130.5,4132,4129.5,4131
1664793900,4131,4138,4130.75,4137.75
1664794200,4137.5,4140,4133.5,4135.5
1664794500,4135.25,4141.75,4135.25,4141.5
1664794800,4141.5,4142.25,4137,4139.75
1664795100,4139.75,4142,4138.75,4139.5
1664795400,4139.75,4142.25,4138,4141.5
1664795700,4141.25,4144,4141,4141
1664796000,4141,4141.5,4138.75,4141
1664796300,4141.25,4141.75,4139.5,4141.75
1664796600,4141.75,4143.75,4139.75,4142
1664796900,4142,4146.5,4141.5,4144.5
1664797200,4144.5,4145.5,4143,4143.25
1664797500,4143,4145.75,4140.5,4140.75
1664797800,4140.5,4141.75,4139,4140.75
1664798100,4141,4150.5,4140.25,4150
1664798400,4150,4154.5,4147.75,4150.5
1664798700,4150.75,4152,4148.25,4150.75
1664799000,4150.5,4150.5,4145.5,4147.25
1664799300,4147.5,4149,4144.5,4145.5
1664799600,4145.5,4151.5,4145,4151
1664799900,4151,4151.5,4150.25,4150.75
1664800200,4150.75,4158.5,4148.75,4156.25
1664800500,4156.5,4156.5,4152.75,4153.75
1664800800,4154,4159.25,4153.75,4158
1664801100,4158,4164,4157.25,4163
1664801400,4163,4167,4162,4162.25
1664801700,4162.5,4163.75,4161,4161.25
1664802000,4161.5,4164.25,4160.75,4164
1664802300,4164,4165.75,4162,4164
1664802600,4164,4168.75,4163,4168
1664802900,4167.75,4170.75,4165.75,4169
1664803200,4169,4169.5,4165,4165.25
1664803500,4165,4165.25,4161,4161.25
1664803800,4161,4164.75,4151.25,4154.75
1664804100,4154.75,4155.25,4147,4147.25
1664804400,4147.5,4156,4142.25,4155.25
1664804700,4155.25,4166.75,4154.25,4163.75
1664805000,4163.75,4164.5,4154.5,4159
1664805300,4159,4161,4150.75,4157.25
1664805600,4157.25,4180.25,4157,4175.5
1664805900,4175.75,4187.5,4175.5,4184
1664806200,4184,4185.75,4180.75,4182.25
1664806500,4182.25,4187.75,4180,4185.25
1664806800,4185.25,4193,4184.5,4192.75
1664807100,4193,4199,4191.25,4194.25
1664807400,4194.25,4197.5,4192.5,4195
1664807700,4195,4197.25,4189.5,4192.75
1664808000,4192.5,4195.25,4189.5,4194.75
1664808300,4194.75,4200.25,4194.5,4199.25
1664808600,4199.5,4199.5,4195.25,4197.5
1664808900,4197.75,4200.25,4193.75,4194
1664809200,4194,4196.25,4191.75,4193
1664809500,4193,4202,4191.5,4201.75
1664809800,4201.75,4205.25,4198.25,4201
1664810100,4201,4203.75,4198.5,4199.25
1664810400,4199.25,4200.75,4197.25,4200.5
1664810700,4200.5,4201.25,4196.75,4200.25
1664811000,4200.25,4203,4197.75,4199
1664811300,4199.25,4199.25,4190.5,4194
1664811600,4194,4194.25,4187.5,4188.75
1664811900,4189,4193,4187.25,4192
1664812200,4192.25,4194.5,4190.25,4190.25
1664812500,4190.25,4191.5,4185,4188.25
1664812800,4188.5,4194.5,4188,4193.5
1664813100,4193.5,4198.75,4191.5,4198.25
1664813400,4198.25,4200.75,4196.5,4197
1664813700,4196.75,4197.75,4192.75,4195
1664814000,4195,4195.75,4189,4195.25
1664814300,4195,4197.75,4187.25,4188
1664814600,4188,4192.25,4184.75,4192
1664814900,4191.75,4192.75,4187.25,4192
1664815200,4192.25,4193.5,4189.5,4192
1664815500,4192.25,4193,4189.25,4190.75
1664815800,4190.75,4191.75,4185,4189
1664816100,4189,4194,4186.75,4193.5
1664816400,4193.75,4196.5,4192.5,4194.5
1664816700,4194.5,4200,4193,4199.25
1664817000,4199.25,4199.5,4195.75,4198
1664817300,4198,4199.25,4196.25,4197
1664817600,4196.75,4207,4196.5,4205.25
1664817900,4205.25,4207.25,4202.75,4204.25
1664818200,4204.25,4212,4203.75,4211.25
1664818500,4211.25,4211.25,4206.75,4207.5
1664818800,4207.75,4210.25,4207.5,4208.5
1664819100,4208.5,4213,4208.5,4210.75
1664819400,4210.75,4211,4207.5,4208
1664819700,4208,4208.5,4206,4207.5
1664820000,4207.75,4212.25,4207.75,4212
1664820300,4212,4216.75,4211.5,4213.5
1664820600,4213.75,4218.5,4213.5,4217.75
1664820900,4217.5,4220,4216.5,4219
1664821200,4219.25,4223,4219,4221.5
1664821500,4221.25,4227.5,4219.5,4226.25
1664821800,4226,4227.5,4224.5,4226.25
1664822100,4226.25,4228,4225.25,4227.5
1664822400,4227.5,4230.75,4227,4230.25
1664822700,4230.25,4232.5,4227.75,4229.75
1664823000,4229.75,4233.5,4229.25,4232.75
1664823300,4232.75,4237,4231.75,4232.5
1664823600,4232.5,4233.25,4229,4230.75
1664823900,4230.75,4234.75,4230.5,4233.5
1664824200,4233.75,4233.75,4228.5,4230.25
1664824500,4230,4230.25,4223.5,4227.25
1664824800,4227,4230.75,4226.25,4230.75
1664825100,4230.5,4233.5,4230.25,4231.25
1664825400,4231.25,4233.75,4227.25,4228
1664825700,4228.25,4230.75,4226.5,4227.5
1664826000,4227.25,4227.5,4221.75,4223.5
1664826300,4223.25,4226,4219.75,4221.5
1664826600,4221.5,4223.25,4215.25,4218.75
1664826900,4218.75,4219.25,4211.25,4216.5
1664827200,4216.75,4222.5,4215.75,4221
1664827500,4221.25,4222.75,4220,4220.5
1664827800,4220.5,4223.25,4219.75,4220.25
1664828100,4220.25,4222,4219.5,4219.75
1664828400,4219.75,4221,4219.5,4220.5
1664828700,4220.5,4222.5,4220,4221.5
1664829000,4221.75,4222.25,4221.25,4221.75
1664829300,4221.75,4222.25,4220.75,4221.25
1664829600,4221.25,4221.5,4220.25,4220.75
1664829900,4220.5,4221,4219.75,4220.25
1664830200,4220.25,4220.25,4219.75,4219.75
1664830500,4219.75,4220.25,4219.25,4219.75
1664834400,4221.75,4225.75,4220.5,4223.25
1664834700,4223.25,4224.5,4222.5,4223.75
1664835000,4224.25,4224.75,4222.5,4222.5
1664835300,4222.5,4222.75,4220.75,4220.75
1664835600,4220.75,4221.25,4219.5,4220.5
1664835900,4220.25,4220.5,4217.25,4218
1664836200,4218,4218.5,4211.5,4213.25
1664836500,4213,4214.5,4211.75,4212.5
1664836800,4212.5,4217.75,4212.25,4216.75
1664837100,4216.75,4217.75,4214.25,4214.25
1664837400,4214.5,4215.75,4214.5,4215.75
1664837700,4215.75,4217.75,4215,4216
1664838000,4215.5,4220.5,4215.25,4219.25
1664838300,4219.25,4220,4217.75,4219.75
1664838600,4219.5,4221,4217.75,4219.75
1664838900,4219.75,4223.25,4219.5,4223
1664839200,4223,4226.75,4222.25,4225.25
1664839500,4225,4226.25,4224,4225.75
1664839800,4225.5,4227.75,4224.5,4225.25
1664840100,4224.75,4225,4223.5,4223.75
1664840400,4224.25,4226.25,4222.75,4224.25
1664840700,4224.5,4228,4223.25,4228
1664841000,4227.75,4229,4224.5,4225.5
1664841300,4225.5,4228.25,4225,4227.75
1664841600,4227.75,4228.25,4225.5,4227.25
1664841900,4227.25,4230.75,4227.25,4230.5
1664842200,4230.75,4234,4229.75,4234
1664842500,4233.75,4243,4233.25,4239
1664842800,4239.25,4240.25,4236.25,4237
1664843100,4237,4239,4235.75,4237.75
1664843400,4237.75,4238.25,4236.5,4236.75
1664843700,4236.5,4236.5,4234.75,4235.25
1664844000,4235.25,4236.5,4233.5,4234.25
1664844300,4234.25,4235.75,4233.5,4235
1664844600,4235,4236.75,4233.75,4236.75
1664844900,4236.75,4239.5,4236.75,4238.75
1664845200,4238.75,4238.75,4237.25,4237.75
1664845500,4238,4238.25,4237.25,4238.25
1664845800,4238.25,4238.5,4235,4235.25
1664846100,4235.25,4238,4234.5,4237.25
1664846400,4237.25,4238,4233,4234.25
1664846700,4234.25,4236.75,4234,4236.5
1664847000,4236.25,4239,4234.5,4235
1664847300,4235,4236.5,4234.75,4235.75
1664847600,4235.5,4235.75,4234.75,4235.25
1664847900,4235,4236.75,4234.5,4236
1664848200,4236.25,4236.75,4234.25,4235.25
1664848500,4235.5,4236.25,4231,4231.75
1664848800,4231.75,4233.25,4230.75,4232
1664849100,4231.75,4232,4227,4227
1664849400,4226.75,4229.5,4226.75,4228.25
1664849700,4228,4229.25,4226.25,4228
1664850000,4228.5,4229,4227.25,4227.5
1664850300,4227.75,4231.5,4227.75,4230.5
1664850600,4230.75,4232.5,4230,4232.5
1664850900,4232.5,4232.75,4231.5,4232.5
1664851200,4232.5,4234,4232,4232.75
1664851500,4233,4233.25,4229.5,4230
1664851800,4230,4235.75,4229.75,4235
1664852100,4234.75,4236,4234.5,4236
1664852400,4236,4236.25,4234.75,4235.5
1664852700,4235.5,4236,4233.75,4234.25
1664853000,4234,4236.25,4234,4235.75
1664853300,4235.75,4237.75,4235.75,4237.5
1664853600,4237.5,4238.25,4236.25,4238
1664853900,4238.25,4238.25,4237.5,4237.75
1664854200,4237.75,4240.75,4237.5,4240.5
1664854500,4240.5,4242.5,4240,4241.75
1664854800,4241.5,4248,4241.25,4245
1664855100,4245,4246.5,4242.5,4243.25
1664855400,4243.25,4246.25,4243,4246.25
1664855700,4246.25,4247.5,4245.25,4246.75
1664856000,4247,4248.75,4246,4246.25
1664856300,4246,4246.5,4243.75,4244.75
1664856600,4244.75,4245,4243,4244.75
1664856900,4244.5,4245.25,4244,4244.75
1664857200,4244.5,4246.75,4243.75,4246
1664857500,4246,4247,4245,4246
1664857800,4246,4252,4245.75,4250
1664858100,4249.75,4254.75,4249.5,4253.75
1664858400,4254,4254.5,4251.75,4252
1664858700,4251.75,4252.75,4251.25,4251.5
1664859000,4251.5,4253.75,4251,4252.5
1664859300,4252.75,4252.75,4249.5,4250
1664859600,4250,4251.25,4248.75,4250.25
1664859900,4250.25,4251.75,4249.25,4251.25
1664860200,4251.25,4254.25,4251.25,4253.75
1664860500,4254,4254.75,4251.25,4251.75
1664860800,4251.75,4252,4249.25,4249.5
1664861100,4249.75,4250.25,4249,4249.5
1664861400,4249.5,4250.25,4247.25,4248.5
1664861700,4248.5,4250.25,4248.5,4250
1664862000,4250,4252.25,4249.5,4252.25
1664862300,4252,4255,4251.25,4254.75
1664862600,4254.75,4255,4252,4252.5
1664862900,4252.75,4253,4250.75,4252.25
1664863200,4252.5,4252.75,4249.5,4251
1664863500,4251,4255,4249.75,4250.75
1664863800,4250.75,4252.75,4250.25,4251.5
1664864100,4251.25,4253.25,4250.25,4250.25
1664864400,4250,4253.5,4249,4253.5
1664864700,4253.25,4253.75,4251.75,4253.5
1664865000,4253.5,4257.75,4252.75,4256
1664865300,4255.75,4256,4253.25,4255.25
1664865600,4255.5,4257,4253.5,4255.5
1664865900,4255.5,4258.75,4255.5,4257.5
1664866200,4257.5,4258.25,4254.25,4258
1664866500,4257.75,4259,4256.25,4258
1664866800,4258,4258.75,4252.5,4254.75
1664867100,4254.5,4263.5,4253.5,4260.75
1664867400,4260.75,4262.25,4257.25,4262
1664867700,4262,4266.75,4261,4266.5
1664868000,4266.25,4268.25,4265,4266.75
1664868300,4266.5,4268,4262.75,4263
1664868600,4262.75,4267.5,4261.5,4266.25
1664868900,4266.5,4271.25,4266.25,4269
1664869200,4269.25,4269.25,4264.75,4266.75
1664869500,4266.75,4270.75,4265.75,4268.5
1664869800,4268.5,4270.75,4268,4268.75
1664870100,4269,4270,4266.25,4269.5
1664870400,4269.5,4271.25,4268.5,4271
1664870700,4271,4271.75,4269.5,4270
1664871000,4270,4271.25,4269.25,4269.75
1664871300,4270,4270.5,4268,4268.75
1664871600,4269,4269.75,4266,4266.5
1664871900,4266.5,4268.75,4265.25,4267.75
1664872200,4268,4269.5,4266.75,4269.25
1664872500,4269.25,4270.5,4267.75,4270
1664872800,4270,4271.75,4265.25,4265.75
1664873100,4265.75,4269.5,4265.5,4269
1664873400,4269,4270.5,4267,4268
1664873700,4268.25,4271,4266.75,4270.5
1664874000,4270.75,4272.25,4268.75,4269
1664874300,4269,4270.25,4263.5,4264.25
1664874600,4264.25,4265,4260.25,4260.75
1664874900,4260.75,4264.5,4260.5,4263.75
1664875200,4263.75,4265.5,4262.75,4265.25
1664875500,4265.25,4271,4265,4270
1664875800,4270,4270.25,4262.5,4265.75
1664876100,4266,4268.75,4264.5,4267.5
1664876400,4267.5,4271,4267.25,4270
1664876700,4270,4270,4267,4269
1664877000,4268.75,4274,4268.75,4272.5
1664877300,4272.5,4275.25,4271.5,4273.5
1664877600,4273.5,4275,4271.5,4273.25
1664877900,4273.25,4275,4270.75,4274.75
1664878200,4274.75,4279.75,4273.5,4276.75
1664878500,4276.75,4283,4275.75,4282.25
1664878800,4282.5,4283,4280.25,4282.5
1664879100,4282.5,4284.25,4280.5,4283
1664879400,4283.25,4286.75,4281.5,4283.75
1664879700,4283.75,4285,4281.5,4282.75
1664880000,4282.75,4284.75,4282,4284
1664880300,4284.25,4284.25,4280.25,4280.5
1664880600,4280.5,4281.75,4278.25,4279
1664880900,4278.75,4280,4276.75,4278.5
1664881200,4278.5,4278.75,4275.25,4275.25
1664881500,4275.5,4277.75,4273.75,4276.75
1664881800,4276.75,4278,4274,4274.75
1664882100,4274.75,4277.5,4274,4276.5
1664882400,4276.5,4277,4272.25,4273
1664882700,4273,4274.25,4271.75,4272.75
1664883000,4272.5,4276.5,4272.5,4276.5
1664883300,4276.5,4278,4274.25,4276
1664883600,4276,4277,4274.25,4276.75
1664883900,4276.5,4277.75,4273.25,4273.75
1664884200,4274,4278.5,4273.5,4278
1664884500,4277.75,4278.75,4275.5,4277.75
1664884800,4278,4280.25,4275.5,4279.75
1664885100,4279.5,4280,4278,4279.25
1664885400,4279,4280.25,4277.25,4278.5
1664885700,4278.5,4280.25,4278.25,4279.5
1664886000,4279.5,4279.75,4271.75,4274.75
1664886300,4274.75,4276,4272,4274.5
1664886600,4274.25,4275.25,4271,4272
1664886900,4272,4275.75,4268.75,4269
1664887200,4269.25,4272,4268.75,4270
1664887500,4269.75,4270,4267,4268.25
1664887800,4268.25,4274.75,4268,4274.75
1664888100,4274.75,4276,4270.75,4275.5
1664888400,4275.5,4276,4272.5,4274
1664888700,4274,4275,4270.5,4271.5
1664889000,4271.5,4271.75,4269.5,4270.5
1664889300,4270.5,4275.25,4270.5,4274.5
1664889600,4274.25,4275,4272.25,4273.5
1664889900,4273.75,4275,4269.5,4274.5
1664890200,4274.5,4289.5,4273.75,4285.75
1664890500,4285.75,4295.75,4285,4295.25
1664890800,4295.25,4297.5,4292,4296.5
1664891100,4296.75,4306.25,4295,4304.75
1664891400,4304.75,4305.25,4299.5,4302.5
1664891700,4302.75,4312.25,4300.5,4311.25
1664892000,4311.25,4323.5,4311,4319.5
1664892300,4319.5,4320.25,4311.5,4316.5
1664892600,4316.25,4320.25,4315.25,4318.75
1664892900,4318.75,4320.25,4317,4317.25
1664893200,4317.25,4318,4312,4314.25
1664893500,4314.5,4317.75,4311.75,4311.75
1664893800,4311.75,4319,4311.5,4318.75
1664894100,4319,4320.25,4317,4317.75
1664894400,4318,4322.25,4314.5,4316.75
1664894700,4316.5,4319.75,4313.25,4316.5
1664895000,4316.5,4318.25,4309.75,4316.75
1664895300,4317,4325.25,4316.5,4323.5
1664895600,4323.5,4326,4320.25,4321.75
1664895900,4322,4325.25,4320.5,4322
1664896200,4322,4322,4315.25,4321
1664896500,4321.25,4324,4321,4322.75
1664896800,4322.75,4325.25,4322,4324.25
1664897100,4324.5,4325.25,4323,4324.75
1664897400,4324.75,4327.75,4316.5,4320.25
1664897700,4320.25,4323.75,4320,4323
1664898000,4323,4324.5,4317.75,4320.25
1664898300,4320.25,4320.5,4315.25,4317.5
1664898600,4317.5,4320.5,4317.25,4318.25
1664898900,4318,4321.5,4315.25,4321.5
1664899200,4321.5,4322.75,4320.25,4322
1664899500,4322,4323.5,4318.25,4319.25
1664899800,4319.25,4322.5,4317.75,4321.75
1664900100,4321.75,4322.75,4319.75,4320.5
1664900400,4320.75,4321.5,4317.75,4319.25
1664900700,4319.25,4327.25,4318.5,4324.25
1664901000,4324.25,4327.25,4323,4326.25
1664901300,4326.25,4326.25,4323.5,4324.5
1664901600,4324.75,4324.75,4319,4320.75
1664901900,4320.75,4321,4312.25,4313
1664902200,4313.25,4314.75,4310.5,4311.5
1664902500,4311.5,4314.5,4309.75,4313
1664902800,4313,4314.25,4308.5,4311.5
1664903100,4311.75,4312,4304.75,4306.25
1664903400,4306,4309.5,4302,4302.25
1664903700,4302.25,4302.25,4293.75,4294.75
1664904000,4294.5,4299.25,4291.75,4297.25
1664904300,4297.25,4305.25,4297,4304.75
1664904600,4305,4308.75,4304,4304.5
1664904900,4304.75,4306.5,4302.25,4304.5
1664905200,4304.5,4308,4303.25,4304.5
1664905500,4304.75,4310.75,4304,4309.25
1664905800,4309.25,4316.5,4308.25,4314.25
1664906100,4314.25,4319,4313.75,4314.25
1664906400,4314.25,4317.75,4313.75,4314.75
1664906700,4315,4317.25,4313.25,4315.5
1664907000,4315.75,4317.25,4311.25,4313
1664907300,4313,4315.75,4311,4311.5
1664907600,4311.75,4316,4310.5,4315
1664907900,4315,4315.75,4306.5,4307
1664908200,4306.75,4315,4305.75,4312.25
1664908500,4312.25,4312.75,4308.5,4311
1664908800,4311,4313.75,4310.5,4313.5
1664909100,4313.5,4321.25,4312.75,4320.5
1664909400,4320.5,4324.5,4320.5,4323.25
1664909700,4323,4325.5,4321.75,4322.5
1664910000,4322.25,4323.75,4317.5,4319.5
1664910300,4319.5,4319.75,4313.75,4314.5
1664910600,4314.5,4314.75,4305.75,4312.25
1664910900,4312.25,4316.25,4311,4312.75
1664911200,4312.75,4315.25,4308.75,4315
1664911500,4315,4320,4313.25,4317
1664911800,4317,4317,4311.75,4314
1664912100,4314,4324.25,4312.25,4321.5
1664912400,4321.5,4322.25,4317,4319
1664912700,4319,4322,4317,4319.5
1664913000,4319.75,4328,4319.75,4327.5
1664913300,4327.5,4331,4321.75,4330
1664913600,4330.25,4334,4327,4331.75
1664913900,4331.75,4333.25,4329.25,4330
1664914200,4330,4331.25,4327,4327
1664914500,4327,4329,4327,4327.25
1664914800,4327,4327.5,4326,4327.25
1664915100,4327.25,4329,4326.75,4328
1664915400,4328.25,4329.5,4327.5,4328.75
1664915700,4328.75,4329.25,4328,4328.75
1664916000,4328.75,4329.25,4327.75,4328.25
1664916300,4328,4328.5,4326.75,4327.5
1664916600,4327.25,4329.75,4327,4328.75
1664916900,4328.75,4330.5,4328,4328.75
1664920800,4326.25,4329.75,4321.5,4323.5
1664921100,4323.5,4323.5,4320.5,4322.75
1664921400,4322.75,4324.5,4322.5,4324.5
1664921700,4324.5,4325.25,4324.25,4325
1664922000,4324.75,4325,4322.75,4324.5
1664922300,4324.5,4324.5,4322.25,4322.5
1664922600,4322.5,4322.5,4320.25,4320.75
1664922900,4321,4321.5,4320.25,4321.25
1664923200,4321.25,4322.75,4321.25,4322
1664923500,4322,4323,4320.25,4320.25
1664923800,4320.25,4321.75,4320.25,4321.5
1664924100,4321.75,4323,4321,4322.25
1664924400,4322.25,4322.25,4320.25,4320.5
1664924700,4320.5,4321.5,4317.75,4321.5
1664925000,4321.5,4323,4320.5,4322.5
1664925300,4322.5,4322.75,4321.25,4321.25
1664925600,4321.5,4322,4320.5,4321.5
1664925900,4321.75,4322,4318,4318.25
1664926200,4318.25,4322,4318.25,4321.75
1664926500,4321.75,4322.5,4320.75,4321.75
1664926800,4321.5,4322.5,4321.25,4321.25
1664927100,4321.25,4321.75,4320.5,4321.5
1664927400,4321.25,4321.75,4320,4320.75
1664927700,4320.75,4321.5,4320.5,4321.5
1664928000,4321.25,4321.5,4317.25,4319
1664928300,4319.25,4320,4315.25,4316
1664928600,4316.25,4318.25,4316,4317.5
1664928900,4317.25,4318.75,4316.5,4317
1664929200,4317,4317,4315.25,4315.5
1664929500,4315.75,4316.5,4315.25,4315.5
1664929800,4315.5,4317.25,4315.25,4316
1664930100,4316.25,4317.25,4315.25,4317.25
1664930400,4317,4318.75,4315.75,4316
1664930700,4316,4317.5,4312,4312.25
1664931000,4312.25,4312.75,4310.25,4312
1664931300,4311.75,4313.75,4310.25,4313.25
1664931600,4313.25,4314.5,4312,4313.75
1664931900,4313.75,4318.75,4313.75,4318.5
1664932200,4318.25,4319.5,4317.75,4319.25
1664932500,4319.25,4319.75,4313.75,4314.75
1664932800,4314.75,4318.5,4314.75,4316.5
1664933100,4316.5,4318.75,4314.75,4317.75
1664933400,4318,4318,4310.75,4311.75
1664933700,4311.75,4314,4310.25,4310.25
1664934000,4310.25,4310.5,4305.5,4309.75
1664934300,4309.75,4310.25,4308,4308.25
1664934600,4308.25,4310.5,4306.75,4306.75
1664934900,4307,4309.5,4306.75,4308.5
1664935200,4308.75,4313,4308.25,4311.5
1664935500,4311.75,4312,4308,4309
1664935800,4308.75,4310,4308,4308.75
1664936100,4309,4311.5,4308.25,4311
1664936400,4311,4312.25,4310,4312
1664936700,4311.75,4314.75,4311.75,4312.75
1664937000,4312.25,4312.75,4308.25,4308.75
1664937300,4308.75,4310.5,4308.5,4309.5
1664937600,4309.25,4309.5,4306.75,4307.75
1664937900,4307.75,4309.75,4305.75,4309
1664938200,4309,4311.75,4309,4310.75
1664938500,4310.75,4311,4308.5,4309.5
1664938800,4309.25,4310.5,4308.75,4310
1664939100,4310,4310.25,4308,4309.5
1664939400,4309.75,4311.25,4309.75,4310.75
1664939700,4310.5,4311.25,4310.5,4310.75
1664940000,4311,4312,4310.25,4312
1664940300,4312,4312,4311,4311.5
1664940600,4311.75,4312.25,4309.25,4309.75
1664940900,4309.75,4311,4309.25,4311
1664941200,4310.75,4311.25,4310.5,4311.25
1664941500,4311.25,4312,4310.75,4311.5
1664941800,4311.5,4312,4310.5,4310.75
1664942100,4310.75,4311.5,4310.5,4311.25
1664942400,4311,4311.25,4309.25,4310.75
1664942700,4310.75,4311,4308.75,4310.5
1664943000,4310.5,4311.5,4309.25,4309.75
1664943300,4309.75,4309.75,4308.25,4308.75
1664943600,4308.75,4309,4307.25,4307.75
1664943900,4307.75,4308.5,4307.5,4308.5
1664944200,4308.5,4310.5,4308.25,4309.5
1664944500,4309.75,4310.25,4308.75,4309
1664944800,4309,4310,4308.25,4309
1664945100,4309,4310,4308.75,4309.75
1664945400,4309.75,4310.25,4308.25,4308.5
1664945700,4308.5,4308.75,4307.5,4308
1664946000,4308,4310.25,4308,4310
1664946300,4310.25,4311.25,4309.75,4310
1664946600,4310,4310.25,4308.25,4310.25
1664946900,4310.25,4312,4310,4311.25
1664947200,4311.25,4311.75,4310.5,4310.75
1664947500,4310.75,4312,4310.5,4310.75
1664947800,4311,4312,4310.5,4312
1664948100,4312,4313,4311.75,4312.5
1664948400,4312.75,4313.25,4312.25,4313.25
1664948700,4313.25,4313.25,4311,4311.75
1664949000,4312,4312,4310.5,4312
1664949300,4312,4313.75,4312,4313.25
1664949600,4313.25,4314,4312.25,4312.5
1664949900,4312.5,4313,4310.5,4312
1664950200,4312,4312.25,4309,4309.25
1664950500,4309.25,4310.75,4308.5,4310
1664950800,4309.75,4310.75,4308.75,4309.75
1664951100,4309.5,4311,4308.5,4309.5
1664951400,4309.5,4312,4309.5,4311.75
1664951700,4311.75,4313.5,4311.5,4312.75
1664952000,4313,4313.5,4312,4313.25
1664952300,4313.25,4313.5,4311.25,4312
1664952600,4312,4312.25,4311.25,4311.75
1664952900,4311.75,4312.25,4307.75,4309
1664953200,4309,4310.75,4305.25,4309.75
1664953500,4309.75,4311.25,4305.25,4305.5
1664953800,4305.25,4310.5,4305.25,4307
1664954100,4307,4308.75,4305.25,4305.75
1664954400,4305.75,4307.5,4301.75,4302.25
1664954700,4302.25,4305.5,4301.75,4302.75
1664955000,4302.75,4311,4302.5,4308.25
1664955300,4308.5,4312.5,4308.25,4309.25
1664955600,4309.25,4312,4307.5,4309.5
1664955900,4309.5,4311,4307.5,4310.5
1664956200,4310.25,4311.25,4306.25,4306.75
1664956500,4307,4307.75,4302,4303
1664956800,4302.75,4305.75,4302,4303.75
1664957100,4303.75,4304.25,4301.75,4302
1664957400,4302,4302.25,4298.5,4299.75
1664957700,4299.75,4301.5,4296.25,4296.25
1664958000,4296.25,4297,4291.25,4291.75
1664958300,4291.75,4294.25,4291.5,4293.25
1664958600,4293,4298.5,4290.25,4296.25
1664958900,4296.25,4300.25,4296.25,4298.75
1664959200,4299,4300.25,4296.25,4298.5
1664959500,4298.5,4302,4297.25,4301.5
1664959800,4302,4303.75,4300.25,4301.5
1664960100,4301.5,4303,4299.5,4300
1664960400,4300,4300.75,4296,4298.5
1664960700,4298.5,4299.75,4295,4297.75
1664961000,4297.5,4300.75,4297,4299.5
1664961300,4299.5,4302.5,4298.5,4299.5
1664961600,4299.25,4301.5,4297.25,4299.75
1664961900,4299.75,4300.75,4297.5,4300.25
1664962200,4300.5,4301,4298.25,4300
1664962500,4300,4300,4296.25,4296.5
1664962800,4296.5,4297.25,4293.75,4294
1664963100,4294,4295,4291.75,4292
1664963400,4292.25,4293,4289,4289.25
1664963700,4289.5,4292,4288.5,4291.5
1664964000,4291.75,4296.25,4290.5,4296.25
1664964300,4296,4296.75,4294,4294.75
1664964600,4294.75,4295,4293.5,4294.75
1664964900,4294.75,4295.25,4291.75,4292
1664965200,4292,4295.75,4291.25,4294.75
1664965500,4294.75,4298.25,4294,4298.25
1664965800,4298.5,4302,4298.25,4299.25
1664966100,4299.25,4301,4296.75,4299.25
1664966400,4299,4302.75,4298.5,4300.75
1664966700,4300.75,4301.5,4298.75,4299.75
1664967000,4300,4303,4299.75,4301.75
1664967300,4302,4303.75,4301.25,4303.5
1664967600,4303.75,4304.25,4301.75,4302.75
1664967900,4303,4303.25,4300.5,4301.75
1664968200,4301.5,4301.75,4296.25,4298.25
1664968500,4298.25,4300.5,4296.5,4297.5
1664968800,4297.25,4297.5,4294,4295.5
1664969100,4295.75,4299.75,4295.75,4299.75
1664969400,4299.5,4304.5,4297.5,4298.75
1664969700,4298.75,4298.75,4293.75,4294
1664970000,4294.25,4297.25,4293.25,4294.75
1664970300,4295,4297.25,4294,4294
1664970600,4294,4295.75,4293.5,4294.5
1664970900,4294.25,4297.25,4291.5,4295.25
1664971200,4295.25,4297,4294.5,4295.5
1664971500,4295.75,4296.25,4291.75,4292.75
1664971800,4292.75,4297.5,4291.75,4297.5
1664972100,4297,4298,4291.5,4295
1664972400,4294.75,4294.75,4289.25,4290.5
1664972700,4290.5,4293,4287.75,4292.25
1664973000,4292,4296,4290.25,4294.25
1664973300,4294.25,4297,4292,4294.75
1664973600,4294.5,4295.75,4290.75,4292.5
1664973900,4292.5,4292.75,4290.75,4291.75
1664974200,4291.75,4293,4291,4291.5
1664974500,4291.5,4291.75,4287.25,4290.5
1664974800,4290.25,4293,4289.5,4293
1664975100,4293,4293.25,4284.25,4285
1664975400,4285,4286.5,4282.25,4282.5
1664975700,4282.25,4285.5,4282.25,4284
1664976000,4284.25,4286,4283.75,4284.75
1664976300,4284.5,4285.25,4282.5,4284
1664976600,4284.25,4298.75,4283.5,4296.75
1664976900,4297,4302.5,4288.25,4290.5
1664977200,4290.75,4294.25,4285,4286.75
1664977500,4286.5,4299,4285.25,4294.5
1664977800,4294.5,4298,4288.5,4289.75
1664978100,4289.75,4296.5,4289.75,4291.25
1664978400,4291.5,4293.75,4273.25,4275.25
1664978700,4275,4278.75,4270.75,4271.75
1664979000,4271.5,4279,4270.25,4273.25
1664979300,4273.25,4273.25,4265.5,4267.5
1664979600,4267.5,4274.25,4265.25,4266.75
1664979900,4266.5,4270.5,4264.75,4265.5
1664980200,4265.25,4268.75,4259.25,4261.75
1664980500,4262,4268.75,4261,4267.75
1664980800,4267.75,4273,4265,4271
1664981100,4271,4273,4267.5,4268
1664981400,4268,4269.25,4263,4268.75
1664981700,4268.5,4269.25,4261.75,4263.75
1664982000,4263.75,4272.25,4262.25,4270.75
1664982300,4270.75,4271,4264.75,4267.25
1664982600,4267,4272,4264.25,4271.25
1664982900,4271,4276.25,4267.75,4275.75
1664983200,4275.75,4277.5,4272.5,4277
1664983500,4277,4278.5,4273,4276
1664983800,4275.75,4277.25,4272.75,4275.75
1664984100,4275.75,4284.75,4275.5,4283.5
1664984400,4283.75,4284.25,4280.25,4280.75
1664984700,4281,4282.75,4276.75,4277
1664985000,4277.25,4281.75,4275.75,4280.25
1664985300,4280.25,4282.25,4278.5,4280.5
1664985600,4280.75,4281.25,4272.5,4276
1664985900,4276.25,4290.75,4276,4288.5
1664986200,4288.75,4297.75,4288,4293.5
1664986500,4293.75,4302.5,4293.5,4299.25
1664986800,4299.5,4300,4295.5,4298.5
1664987100,4298.75,4298.75,4293.5,4295.25
1664987400,4295.25,4297.25,4292.75,4293.75
1664987700,4293.75,4296.5,4292.25,4296.5
1664988000,4296.5,4299,4293.25,4298.75
1664988300,4298.5,4309.25,4296.5,4309
1664988600,4308.75,4310.75,4305.25,4308.5
1664988900,4308.5,4308.75,4302.25,4303.25
1664989200,4303.25,4307,4301.75,4306
1664989500,4306,4313.75,4305.75,4309.25
1664989800,4309.25,4313.75,4309.25,4313.75
1664990100,4313.75,4320.25,4312.75,4320
1664990400,4320.25,4326.25,4319.25,4319.25
1664990700,4319.25,4320.5,4316.25,4317.25
1664991000,4317,4318.5,4312.75,4313.25
1664991300,4313.5,4317.25,4311.75,4317
1664991600,4317,4317,4311.75,4316.25
1664991900,4316,4320.75,4313.5,4319
1664992200,4319,4320,4313,4315
1664992500,4315,4316.25,4308.5,4308.75
1664992800,4308.75,4315.5,4307.5,4313.5
1664993100,4313.75,4316.5,4312,4312.75
1664993400,4312.5,4319.25,4312.25,4317
1664993700,4317,4323,4314.5,4321.75
1664994000,4322,4322,4318.5,4321
1664994300,4320.75,4322.75,4315.5,4320.5
1664994600,4320.75,4322.5,4315.25,4316.25
1664994900,4316.5,4324,4315.75,4321.25
1664995200,4321.5,4323,4319.25,4322.5
1664995500,4322.75,4325.5,4320.75,4321.5
1664995800,4321.5,4327,4319.25,4323.5
1664996100,4323.75,4328.25,4323,4327.25
1664996400,4327.5,4336.25,4327.5,4335
1664996700,4335,4335.75,4330.25,4333.75
1664997000,4333.75,4340,4331.25,4339.5
1664997300,4339.75,4345.25,4337.5,4341.75
1664997600,4342,4342.75,4337.5,4340.75
1664997900,4340.75,4341,4335.25,4336
1664998200,4336,4339.5,4335.25,4336
1664998500,4336,4338.75,4332.75,4334
1664998800,4333.75,4336,4331.5,4335
1664999100,4334.75,4337,4329.75,4330.5
1664999400,4330.5,4330.5,4315.75,4319
1664999700,4319.25,4323.75,4315.25,4322.25
1665000000,4322.25,4328.75,4321.25,4326
1665000300,4325.75,4328.5,4325.5,4327.75
1665000600,4327.75,4328.75,4326.25,4327.75
1665000900,4327.75,4328.5,4327,4327
1665001200,4327.25,4327.75,4324.5,4324.75
1665001500,4324.5,4324.75,4321.5,4322.25
1665001800,4322.25,4324.25,4321.75,4323
1665002100,4323,4324.5,4321,4323
1665002400,4323,4323.25,4320.75,4321.75
1665002700,4322,4323,4321.25,4321.5
1665003000,4321.5,4321.75,4320.5,4320.5
1665003300,4320.75,4321.75,4320.25,4321
1665007200,4321,4321,4317,4318.5
1665007500,4318.5,4319,4317.25,4317.75
1665007800,4317.75,4319.5,4316.5,4318.25
1665008100,4318.25,4322.75,4318.25,4321.75
1665008400,4322,4322.25,4319.5,4321.75
1665008700,4321.75,4321.75,4319.75,4320.75
1665009000,4320.75,4321.25,4319.25,4320.75
1665009300,4320.75,4324.5,4320.75,4324
1665009600,4324.25,4324.75,4323,4323.5
1665009900,4323.5,4324.5,4323.5,4324.25
1665010200,4324.5,4326.5,4323,4325.75
1665010500,4325.75,4326.25,4324.5,4325.25
1665010800,4325,4326.25,4323.25,4323.5
1665011100,4323.5,4324,4322.5,4323.5
1665011400,4323.25,4326,4323.25,4325.25
1665011700,4325,4328.25,4325,4326.75
1665012000,4326.75,4328.75,4326.75,4328.25
1665012300,4328,4328.5,4326,4326.75
1665012600,4326.5,4327.75,4325.75,4327.75
1665012900,4327.5,4328.75,4327.25,4328.5
1665013200,4328.5,4330.5,4327.75,4330
1665013500,4330.5,4332.5,4330.5,4332.25
1665013800,4332.25,4338.5,4331.25,4335.75
1665014100,4335.75,4337.75,4335.25,4336.5
1665014400,4336.75,4337.25,4334.5,4336.75
1665014700,4336.75,4337,4333.5,4335
1665015000,4335,4342.25,4334.75,4340.25
1665015300,4340,4344.25,4339.75,4344
1665015600,4344,4344.75,4341,4342
1665015900,4341.75,4344.25,4341,4343.75
1665016200,4343.75,4344.5,4341.5,4341.75
1665016500,4341.75,4342.25,4340.25,4341.75
1665016800,4341.75,4344,4341.25,4342.75
1665017100,4342.75,4344.25,4342.75,4343.5
1665017400,4343.5,4343.5,4341,4341.5
1665017700,4341.5,4341.75,4339,4339.75
1665018000,4340,4340.75,4337.75,4339.75
1665018300,4339.75,4341.75,4338.75,4339.5
1665018600,4339.5,4339.75,4335.75,4336.25
1665018900,4336.25,4340.75,4335.75,4340
1665019200,4340,4340,4333.5,4333.5
1665019500,4333.5,4335.5,4332.75,4333.25
1665019800,4333,4336,4330.25,4335.5
1665020100,4335.75,4336,4332.5,4335
1665020400,4334.75,4335,4331.75,4334.75
1665020700,4334.75,4338,4334.25,4336.25
1665021000,4336.5,4342,4336.25,4338
1665021300,4338,4339.25,4336,4337
1665021600,4336.75,4339,4335.75,4338.75
1665021900,4338.5,4339.5,4335.25,4335.5
1665022200,4335.5,4336.5,4333.5,4334.75
1665022500,4335,4336.25,4333.25,4335.75
1665022800,4335.5,4337.25,4333.5,4333.75
1665023100,4333.5,4336,4333.5,4335
1665023400,4334.75,4337.25,4333.25,4336.5
1665023700,4336.5,4336.75,4334.75,4335.75
1665024000,4335.75,4337.25,4335.25,4335.75
1665024300,4335.75,4337.75,4335.75,4337
1665024600,4337,4338.25,4336.25,4337.75
1665024900,4337.75,4340.25,4337,4337.25
1665025200,4337.5,4340.75,4337.5,4338.75
1665025500,4338.75,4339.75,4337.75,4338.5
1665025800,4338.75,4341.5,4338,4341.25
1665026100,4341.25,4342.25,4340.75,4341.5
1665026400,4341.75,4341.75,4340.5,4341
1665026700,4341.25,4343.75,4340.75,4342.75
1665027000,4342.75,4342.75,4340,4340
1665027300,4339.75,4340.5,4338.75,4339
1665027600,4339,4339.25,4338,4338.5
1665027900,4338.5,4339,4337.5,4337.5
1665028200,4337.25,4338.25,4336.5,4338
1665028500,4338,4338.75,4337.5,4337.75
1665028800,4338,4338,4335.5,4337
1665029100,4336.75,4337,4335.75,4336.75
1665029400,4336.75,4337.75,4336.25,4336.25
1665029700,4336.25,4337.75,4334.25,4337.25
1665030000,4337.25,4339,4337.25,4337.75
1665030300,4337.75,4338.25,4334.75,4336.75
1665030600,4336.75,4337,4335,4336.25
1665030900,4336.25,4337.25,4335.25,4335.5
1665031200,4335.75,4337,4335.5,4336.75
1665031500,4337,4338.5,4336.75,4338
1665031800,4338,4339.75,4338,4338.75
1665032100,4338.75,4339.5,4337.75,4339.25
1665032400,4339.5,4340,4337.75,4338.5
1665032700,4338.5,4339,4337.5,4338.25
1665033000,4338.25,4340.75,4338,4339.75
1665033300,4339.75,4340,4338.25,4338.75
1665033600,4339,4339.5,4337.75,4339.5
1665033900,4339.25,4341.5,4339,4341.5
1665034200,4341.25,4342.75,4340.75,4342
1665034500,4342,4343.25,4341.5,4342.25
1665034800,4342.25,4342.5,4340.25,4340.75
1665035100,4340.5,4342.25,4340.5,4341
1665035400,4341,4342.25,4341,4341.5
1665035700,4341.5,4342.5,4340.25,4341
1665036000,4341,4341,4333.75,4334.25
1665036300,4334.25,4336,4331.25,4335.5
1665036600,4335.5,4335.5,4330.75,4332.5
1665036900,4332.5,4332.5,4327.5,4328.25
1665037200,4328.5,4331.75,4328.25,4330.75
1665037500,4330.75,4331,4327.75,4328
1665037800,4327.75,4332.25,4327.75,4332
1665038100,4332,4332.25,4328.5,4329.25
1665038400,4329.25,4333.25,4328.25,4332
1665038700,4332.25,4332.75,4331,4332
1665039000,4332,4332,4328.25,4329.5
1665039300,4329.5,4330.25,4318,4318.75
1665039600,4318.75,4321.5,4314.5,4318.5
1665039900,4318.5,4322.5,4316.75,4321
1665040200,4321.25,4326.75,4320.5,4326.25
1665040500,4326,4329,4325.25,4325.5
1665040800,4325.25,4325.5,4317.25,4318.25
1665041100,4318.25,4326.75,4316.75,4326.5
1665041400,4326.25,4327,4320.25,4323.25
1665041700,4323,4324,4318.75,4320
1665042000,4320.25,4322.75,4318,4318
1665042300,4317.75,4319.25,4312,4318.75
1665042600,4318.75,4320.75,4316.75,4320.5
1665042900,4320.5,4323.5,4317.75,4319.5
1665043200,4319.25,4320.5,4316.75,4319.75
1665043500,4319.75,4324,4318.25,4318.75
1665043800,4318.5,4318.5,4311.75,4313.25
1665044100,4313,4316.75,4312.5,4314.25
1665044400,4314.25,4315,4306.75,4307
1665044700,4307.25,4309,4306.5,4308.5
1665045000,4308.5,4310.5,4307.25,4309
1665045300,4309.25,4311.75,4308,4308.5
1665045600,4308.5,4309.25,4302.75,4303.5
1665045900,4303.5,4307.5,4302.5,4305.5
1665046200,4305.75,4307.25,4302.75,4306.75
1665046500,4306.75,4306.75,4303.5,4306
1665046800,4306.25,4306.5,4300.5,4302.5
1665047100,4302.5,4307.75,4302.25,4306.75
1665047400,4306.75,4307.5,4303.75,4304.5
1665047700,4304.25,4304.5,4301.5,4303.75
1665048000,4303.5,4305.5,4302.75,4304.75
1665048300,4304.5,4305.5,4303.5,4304.25
1665048600,4304.25,4305,4303.25,4303.75
1665048900,4303.75,4303.75,4301,4302.5
1665049200,4302.25,4303.5,4301,4301.75
1665049500,4301.75,4302,4298.25,4300
1665049800,4299.75,4299.75,4296.75,4297.75
1665050100,4297.75,4298.25,4293.75,4294.75
1665050400,4294.75,4295.75,4292,4293.75
1665050700,4293.75,4294.75,4289,4290
1665051000,4290.25,4294.75,4289.25,4293.75
1665051300,4293.75,4294.75,4292,4292.5
1665051600,4292.5,4295,4292.25,4293.25
1665051900,4293.25,4294,4289.5,4292.25
1665052200,4292.5,4295.75,4291.5,4295.5
1665052500,4295.25,4297,4292.75,4294
1665052800,4294,4294.5,4291.5,4293.25
1665053100,4293,4293.5,4291.25,4293.25
1665053400,4293.25,4293.25,4292,4292.75
1665053700,4292.75,4294.25,4291.75,4293.75
1665054000,4293.75,4302.25,4293.25,4301.75
1665054300,4301.75,4302,4299.25,4299.75
1665054600,4300,4301,4297.75,4298.75
1665054900,4298.75,4302,4297.75,4299.5
1665055200,4299.25,4301.25,4297.25,4297.75
1665055500,4297.75,4299,4296.5,4298
1665055800,4297.75,4304.25,4297.75,4303
1665056100,4303.25,4303.75,4301.75,4303.25
1665056400,4303.25,4303.5,4300.5,4301.25
1665056700,4301.25,4301.5,4299.25,4301
1665057000,4300.75,4301.75,4298.75,4300
1665057300,4300,4302.75,4300,4300.75
1665057600,4301,4303.25,4298.75,4300.5
1665057900,4300.5,4300.5,4295,4297
1665058200,4297,4304.25,4297,4304
1665058500,4304.25,4306.25,4303,4306
1665058800,4305.75,4309.75,4305.75,4308.5
1665059100,4308.75,4308.75,4305,4306
1665059400,4306.25,4323,4306.25,4319.5
1665059700,4319.25,4320.25,4317,4319.75
1665060000,4319.75,4320.25,4317,4317
1665060300,4317.25,4318.25,4311.25,4311.25
1665060600,4311.25,4313.75,4309,4310.25
1665060900,4310.25,4313,4308.75,4313
1665061200,4313,4313,4305.25,4306.25
1665061500,4306.5,4310.75,4305.25,4309
1665061800,4309.25,4310.75,4306.75,4310.5
1665062100,4310.5,4310.5,4306.5,4308
1665062400,4308,4309,4302.75,4304
1665062700,4304,4307,4302.5,4305.75
1665063000,4305.75,4320,4302.75,4317.75
1665063300,4318,4325.75,4311,4325.75
1665063600,4325.5,4336.75,4324,4329.75
1665063900,4329.75,4331.75,4317.75,4321
1665064200,4321,4331.25,4319,4327
1665064500,4327,4327,4309.25,4311.5
1665064800,4311.75,4312,4296.75,4300.25
1665065100,4300.25,4300.75,4291.25,4296.75
1665065400,4296.5,4296.75,4286.75,4291.25
1665065700,4291.25,4301.5,4291,4295.5
1665066000,4295.75,4297.5,4290,4293.75
1665066300,4293.75,4297.5,4285.25,4285.75
1665066600,4285.75,4292.5,4283.5,4284.25
1665066900,4284.25,4294.75,4283.25,4291.25
1665067200,4291,4298.75,4290.75,4296
1665067500,4295.75,4307.5,4292.75,4306.75
1665067800,4306.75,4309,4303,4307.75
1665068100,4307.75,4314.5,4303.75,4313.75
1665068400,4313.75,4315,4300.25,4302
1665068700,4302,4310,4301.75,4305
1665069000,4305.25,4306,4298.5,4299.5
1665069300,4299.25,4314.25,4298.5,4312.5
1665069600,4312.5,4318,4310.25,4315.5
1665069900,4315.5,4316,4309.75,4314.5
1665070200,4314.5,4315,4308.75,4309
1665070500,4309,4314.5,4305.75,4306.25
1665070800,4306.25,4310.5,4304,4305.75
1665071100,4305.75,4314.25,4305.75,4311.75
1665071400,4311.75,4319.25,4310.25,4313.5
1665071700,4313.5,4315.75,4295,4296.25
1665072000,4296,4298.75,4291.75,4293
1665072300,4293,4295.25,4291.75,4293.25
1665072600,4293.25,4295.5,4290.25,4291.25
1665072900,4291.25,4294.75,4288.5,4293.25
1665073200,4293.25,4300,4292.5,4298.75
1665073500,4298.75,4303.25,4298.5,4302.5
1665073800,4302.5,4303.25,4296.5,4302.25
1665074100,4302.25,4305,4300,4304.5
1665074400,4304.5,4309.25,4301.75,4308.75
1665074700,4308.75,4312.75,4305.75,4309.25
1665075000,4309.25,4309.5,4305,4305.75
1665075300,4305.75,4307.75,4303.75,4304.25
1665075600,4304.25,4307.25,4299.25,4301.75
1665075900,4301.75,4303.25,4296.5,4297.5
1665076200,4297.25,4306.5,4296.5,4305.5
1665076500,4305.5,4308.5,4303,4305
1665076800,4305,4309.25,4304.25,4305
1665077100,4305.25,4307.75,4302.25,4307.25
1665077400,4307.25,4307.5,4298,4300.25
1665077700,4300.25,4301.25,4296.5,4297.5
1665078000,4297.25,4303.5,4297.25,4303.25
1665078300,4303,4304.75,4301.75,4304.5
1665078600,4304.5,4305.5,4300.5,4303.5
1665078900,4303.5,4306.75,4302.75,4303.75
1665079200,4303.5,4304,4296,4296.25
1665079500,4296.25,4297,4292.75,4295
1665079800,4295,4297,4292.75,4295
1665080100,4295.25,4295.25,4289.75,4290.5
1665080400,4290.75,4295.5,4290.5,4294.25
1665080700,4294,4297,4292.5,4293.5
1665081000,4293.5,4299,4289.5,4291.25
1665081300,4291.5,4297,4291,4292.25
1665081600,4292.25,4295,4289.25,4289.25
1665081900,4289,4289.5,4281,4281.5
1665082200,4281.25,4283.25,4276,4282.25
1665082500,4282.25,4288,4281.75,4283.75
1665082800,4284,4285.25,4278,4283.75
1665083100,4283.5,4283.75,4279,4282.25
1665083400,4282,4285,4276.25,4284.5
1665083700,4284.5,4287,4280.25,4283.5
1665084000,4283.5,4292.75,4281.75,4287.5
1665084300,4287.5,4294.5,4286.5,4294.25
1665084600,4294,4295.5,4288.75,4290.75
1665084900,4290.5,4292,4287,4288.5
1665085200,4288.5,4290.75,4285.5,4288.5
1665085500,4288.75,4292.5,4284.25,4285.25
1665085800,4285,4289.75,4282,4286.75
1665086100,4286.5,4290.75,4278.5,4281.25
1665086400,4281.5,4284.25,4279,4284
1665086700,4284,4286.25,4282.25,4282.75
1665087000,4282.75,4283,4280.25,4280.25
1665087300,4280.5,4282.25,4275.25,4276.25
1665087600,4276.5,4279.75,4276,4278.75
1665087900,4279,4279,4276,4276.75
1665088200,4277,4278.25,4275.5,4276
1665088500,4275.75,4278.5,4275.5,4276.5
1665088800,4276.75,4279.5,4276.25,4277.75
1665089100,4277.75,4279.5,4275.5,4276.5
1665089400,4276.75,4278,4275.5,4277.25
1665089700,4277.25,4278.5,4276.25,4276.25
1665093600,4271,4275.25,4267.75,4274.75
1665093900,4275,4275.25,4271,4273.75
1665094200,4273.75,4276,4272.25,4275.25
1665094500,4275,4275.75,4274.75,4275.75
1665094800,4275.75,4277,4273.5,4273.5
1665095100,4273.5,4274.75,4272.75,4273.75
1665095400,4273.5,4277.25,4273.5,4274.75
1665095700,4275,4276.25,4274.5,4274.75
1665096000,4274.75,4276.5,4274.5,4274.75
1665096300,4275,4276,4273.75,4273.75
1665096600,4273.75,4274.5,4272,4272.25
1665096900,4272,4273,4270.25,4271.25
1665097200,4271.25,4275.5,4270.5,4275
1665097500,4274.75,4276,4273.75,4274
1665097800,4274,4275,4273.5,4274.75
1665098100,4275,4275.5,4273.75,4274.75
1665098400,4274.75,4275.5,4274.25,4275.5
1665098700,4275.25,4279,4275,4278.25
1665099000,4278.5,4279,4276.5,4276.75
1665099300,4276.75,4276.75,4272.75,4273.25
1665099600,4273.25,4273.25,4271.5,4272.25
1665099900,4272.5,4273.5,4271.5,4272.5
1665100200,4272.5,4273.5,4270.5,4271
1665100500,4271,4271.75,4268.75,4271.25
1665100800,4271,4274,4270.75,4272.25
1665101100,4272,4275.75,4270.75,4274.75
1665101400,4274.5,4275.5,4273.25,4274.25
1665101700,4274.25,4276,4273.5,4275.75
1665102000,4275.75,4278.25,4275.75,4277
1665102300,4277.25,4279.5,4276.75,4276.75
1665102600,4276.75,4279,4276.75,4278.25
1665102900,4278.25,4279.25,4276,4278.25
1665103200,4278.25,4278.5,4276.5,4277.5
1665103500,4277.75,4278,4274,4275.25
1665103800,4275.5,4277,4274.75,4275.75
1665104100,4275.75,4276.5,4273.5,4275.75
1665104400,4276,4277,4274.25,4275
1665104700,4275.25,4276.75,4275,4276.75
1665105000,4276.75,4277.25,4276,4276.25
1665105300,4276.5,4276.75,4273.75,4276.75
1665105600,4276.75,4279.75,4275.75,4279
1665105900,4279.25,4280.5,4278.75,4279.25
1665106200,4279,4279.25,4276.75,4277
1665106500,4277.25,4281,4276.75,4280.5
1665106800,4280.75,4282,4279.75,4280.75
1665107100,4280.75,4280.75,4278.75,4279
1665107400,4279,4280.25,4278.25,4280
1665107700,4280,4280.75,4279,4280.5
1665108000,4280.5,4281.5,4279.75,4280.5
1665108300,4280.25,4280.5,4278,4278.5
1665108600,4278.75,4280,4278.25,4279.75
1665108900,4279.5,4283.25,4279.5,4282.5
1665109200,4282.5,4283,4280.75,4281.5
1665109500,4281.5,4284.25,4279.5,4280.25
1665109800,4280.5,4281.75,4279.75,4280.5
1665110100,4280.5,4283.75,4280.25,4283.25
1665110400,4283,4285.25,4282,4284.5
1665110700,4284.5,4287.25,4283,4286
1665111000,4285.75,4286,4283.75,4284
1665111300,4283.75,4285,4283.5,4283.75
1665111600,4284,4285.25,4282.5,4283
1665111900,4283,4283.5,4282,4282
1665112200,4282.25,4283.5,4280.25,4281
1665112500,4281,4283.25,4281,4282.5
1665112800,4282.75,4283.75,4279.25,4280.75
1665113100,4281,4282,4278.75,4278.75
1665113400,4279,4279.25,4276,4276
1665113700,4276.25,4277,4275.5,4276.25
1665114000,4276.25,4278.5,4276.25,4277.75
1665114300,4278,4278.5,4276.5,4277
1665114600,4277,4278.5,4276.75,4277
1665114900,4277,4278,4276.25,4277.5
1665115200,4277.5,4278.5,4276.25,4277.75
1665115500,4277.75,4279.25,4277.5,4278.5
1665115800,4278.5,4279,4277.5,4278
1665116100,4278,4279,4278,4278.5
1665116400,4278.5,4278.5,4277.5,4278
1665116700,4277.75,4279,4277.25,4278.5
1665117000,4278.75,4279.25,4273.25,4273.25
1665117300,4273.25,4274.5,4272.25,4273.25
1665117600,4273.5,4274.25,4272.5,4274
1665117900,4274.25,4274.5,4273.5,4274.25
1665118200,4274,4274,4271.5,4273.25
1665118500,4273,4273.75,4271.75,4272.25
1665118800,4272.25,4273.75,4271.5,4272.25
1665119100,4272.5,4273.75,4271.75,4272.5
1665119400,4272.5,4273.25,4270.25,4270.5
1665119700,4270.75,4272.25,4270.25,4270.75
1665120000,4271,4274.25,4270.75,4273.75
1665120300,4273.75,4274,4269.25,4271.75
1665120600,4271.75,4271.75,4269.25,4270.25
1665120900,4270.25,4273.75,4270,4273.25
1665121200,4273.25,4274.25,4272.75,4273.5
1665121500,4273.75,4278.25,4273.5,4275.5
1665121800,4275.25,4276.5,4273.75,4275.75
1665122100,4275.75,4276.75,4274,4274
1665122400,4273.75,4274.75,4270.25,4271.25
1665122700,4271,4276.75,4270.25,4275.75
1665123000,4275.75,4276.25,4273,4273.25
1665123300,4273.5,4274.25,4271.5,4272.75
1665123600,4272.5,4273,4263,4264
1665123900,4263.75,4264.5,4257.5,4260.75
1665124200,4260.5,4264,4260,4262.75
1665124500,4262.75,4263.25,4260,4260.5
1665124800,4260.5,4263.75,4260.5,4262.25
1665125100,4262.5,4264.5,4260,4263
1665125400,4263.25,4265.75,4263,4264.5
1665125700,4264.5,4265.75,4260.75,4264.5
1665126000,4264.5,4271.75,4262.25,4271.25
1665126300,4271.5,4278.75,4270.25,4277.75
1665126600,4277.5,4279.25,4275.5,4278.25
1665126900,4278.25,4279.25,4276,4277.25
1665127200,4277,4279.75,4274.25,4278
1665127500,4278,4279,4273.25,4275.25
1665127800,4275.25,4275.5,4271,4272.5
1665128100,4272.75,4276.5,4272.75,4276.5
1665128400,4276.25,4278.25,4271.75,4272.5
1665128700,4272.5,4273.25,4269,4272.25
1665129000,4272.5,4274.25,4271,4272.5
1665129300,4272.5,4274.5,4270.25,4271.25
1665129600,4271,4271.75,4266,4270.5
1665129900,4270.25,4272,4268.25,4271
1665130200,4271,4273.75,4270.25,4272
1665130500,4271.75,4272.25,4270.25,4271
1665130800,4271,4275.75,4270.75,4275
1665131100,4275.25,4275.75,4271.5,4272
1665131400,4272,4274.25,4272,4274
1665131700,4273.75,4276,4270.5,4272.75
1665132000,4273,4275.5,4272.75,4274.25
1665132300,4274,4276.25,4273,4276.25
1665132600,4276,4277.25,4275.5,4276.25
1665132900,4276.5,4277.75,4276.5,4277.5
1665133200,4277.25,4281.75,4276.25,4280.75
1665133500,4280.75,4282.5,4279.75,4282.5
1665133800,4282.25,4282.5,4280.25,4281.25
1665134100,4281,4283.25,4281,4283
1665134400,4283,4284.75,4281.5,4284.25
1665134700,4284.25,4284.25,4280.5,4282.25
1665135000,4282,4284.25,4281,4284
1665135300,4284.25,4286,4281.5,4285.5
1665135600,4285.5,4285.75,4283,4284
1665135900,4284.25,4284.25,4281.75,4283.25
1665136200,4283.5,4285.25,4283,4284.75
1665136500,4285,4285,4283.25,4283.5
1665136800,4283.5,4284.5,4279.25,4279.25
1665137100,4279.25,4282.75,4278.75,4282.5
1665137400,4282.5,4283.75,4277.25,4278.25
1665137700,4278.5,4279.25,4276.25,4277.25
1665138000,4277.25,4278,4276.25,4277.5
1665138300,4277.25,4277.5,4274.75,4276.25
1665138600,4276,4277,4274.5,4276.5
1665138900,4276.5,4278.25,4276.25,4278.25
1665139200,4278.25,4279.75,4277,4279.25
1665139500,4279.25,4281.5,4278.75,4280.25
1665139800,4280.25,4280.5,4278.25,4278.5
1665140100,4278.25,4281,4278.25,4280.25
1665140400,4280.25,4282,4278.75,4281.5
1665140700,4281.75,4284,4281.25,4283.25
1665141000,4283.25,4284.75,4282.5,4283
1665141300,4283,4283.75,4282.25,4283
1665141600,4283,4283,4280,4280.25
1665141900,4280.5,4281.5,4280,4280.5
1665142200,4280.25,4283.75,4280,4283.75
1665142500,4283.75,4284,4277.5,4278
1665142800,4278,4280.5,4278,4279.25
1665143100,4279.25,4282.5,4279,4282
1665143400,4281.75,4283.75,4281,4283.25
1665143700,4283.25,4283.75,4279.5,4281
1665144000,4281,4282.25,4279.25,4281.5
1665144300,4281.5,4282.75,4280.25,4281.25
1665144600,4281,4283.75,4279.75,4283.5
1665144900,4283.5,4289.25,4282.5,4287.75
1665145200,4287.75,4289.25,4284.5,4288.5
1665145500,4288.5,4295.75,4281.5,4295.75
1665145800,4293.5,4294.25,4235.5,4261.25
1665146100,4261.25,4267.75,4249.5,4254.5
1665146400,4254.75,4255,4240.5,4241
1665146700,4241,4244.5,4232.25,4232.75
1665147000,4232.5,4233.75,4225.5,4230.5
1665147300,4230.5,4241.5,4229.25,4239.75
1665147600,4239.75,4244,4233.25,4236.25
1665147900,4236.25,4240,4231.5,4238.75
1665148200,4238.75,4245.25,4237.75,4244
1665148500,4243.75,4248.25,4241,4246.5
1665148800,4246.25,4246.5,4239.75,4240.25
1665149100,4240.25,4242.25,4238.25,4239
1665149400,4239,4242.75,4226.5,4234
1665149700,4234.25,4238.5,4227.75,4232.5
1665150000,4232.75,4239.75,4215.75,4217.25
1665150300,4217.5,4220.5,4211,4211.75
1665150600,4212,4216,4207.5,4209.75
1665150900,4209.5,4211,4201.75,4203.5
1665151200,4203.5,4207.25,4196,4198
1665151500,4197.75,4207.75,4197,4203.5
1665151800,4203.5,4208.75,4202.5,4204.5
1665152100,4204.5,4211.75,4203.25,4210.75
1665152400,4211,4217.75,4209.25,4212.5
1665152700,4212.5,4215.75,4209.25,4210.5
1665153000,4210.75,4212.75,4206.5,4207.75
1665153300,4207.75,4208.5,4203.75,4204.5
1665153600,4204.5,4214.75,4204.5,4214
1665153900,4213.75,4220,4212.5,4216.5
1665154200,4216.5,4217.5,4208.75,4215.25
1665154500,4215.5,4218.75,4211.25,4213
1665154800,4213,4219.5,4212.25,4217.5
1665155100,4217.5,4217.75,4209,4209.75
1665155400,4209.75,4214,4207.25,4210
1665155700,4210,4212,4201.75,4202
1665156000,4202.25,4205.25,4199.25,4203.75
1665156300,4203.75,4207.5,4202,4206.75
1665156600,4206.75,4209.75,4201.75,4202.5
1665156900,4202.75,4208,4202.25,4204.75
1665157200,4204.5,4207.25,4198.25,4201.5
1665157500,4201.25,4203.5,4197.5,4197.75
1665157800,4198,4203.5,4196.75,4198
1665158100,4198,4203.25,4197.5,4201
1665158400,4201,4203,4197.5,4202
1665158700,4202,4205,4200.25,4203.5
1665159000,4203.25,4206.5,4200.25,4200.5
1665159300,4200.75,4202.5,4199,4199.5
1665159600,4199.5,4200.5,4191,4191.25
1665159900,4191.25,4194.25,4190.25,4191.25
1665160200,4191.5,4191.5,4187.75,4188.75
1665160500,4189,4191,4187.75,4190.25
1665160800,4190.25,4190.75,4185.5,4186.75
1665161100,4186.75,4187,4183.25,4184.25
1665161400,4184.25,4186.5,4182.5,4184.25
1665161700,4184.25,4187.25,4184,4186.25
1665162000,4186.5,4186.5,4180,4182.5
1665162300,4182.25,4184.25,4179.25,4180
1665162600,4179.75,4186,4179.75,4186
1665162900,4186,4190.5,4185,4189.25
1665163200,4189,4189.5,4185.25,4185.5
1665163500,4185.5,4190,4185.25,4186.5
1665163800,4186.5,4187,4182.5,4184
1665164100,4184,4187.25,4183.75,4185.75
1665164400,4185.75,4192,4185.25,4189.25
1665164700,4189,4190.75,4185,4185.75
1665165000,4185.5,4188.5,4183,4184.25
1665165300,4184,4186.75,4180.5,4182.5
1665165600,4182.5,4185.75,4180.5,4183.5
1665165900,4183.5,4186,4182,4183.5
1665166200,4183.5,4185,4178.75,4185
1665166500,4184.75,4186.75,4181.25,4181.25
1665166800,4181,4182.25,4176,4176.75
1665167100,4177,4179,4174.25,4175
1665167400,4175,4176,4171.75,4175.25
1665167700,4175.25,4179.5,4175,4176.5
1665168000,4176.5,4178.75,4173,4173.5
1665168300,4173.5,4175.25,4171,4175
1665168600,4175,4176.5,4173.5,4175.5
1665168900,4175.5,4177.25,4173.25,4176
1665169200,4176,4183.5,4176,4183.25
1665169500,4183.25,4183.25,4176.25,4177
1665169800,4177,4180,4172,4172.5
1665170100,4172.5,4174.5,4169,4170.25
1665170400,4170.25,4172,4166.25,4168.75
1665170700,4168.75,4169,4161,4164.5
1665171000,4164.5,4164.5,4157.75,4159.5
1665171300,4159.5,4171,4158,4170.75
1665171600,4170.5,4177.25,4168.25,4174.25
1665171900,4174,4175,4168.5,4170
1665172200,4169.75,4181,4169.75,4175.25
1665172500,4175.5,4181,4171,4176.5
1665172800,4176.25,4178,4174,4175.5
1665173100,4175.25,4175.75,4172.25,4173
1665173400,4172.75,4175.5,4171.75,4174.75
1665173700,4174.75,4175,4172.5,4172.75
1665174000,4172.75,4174,4172.75,4173.5
1665174300,4173.5,4174.25,4173.25,4173.5
1665174600,4173.5,4174.25,4173,4174
1665174900,4174,4176,4174,4174.75
1665175200,4175,4175.5,4173.75,4174
1665175500,4174.25,4175.25,4173.75,4175
1665175800,4174.75,4175.5,4174.25,4175
1665176100,4175.25,4177,4175,4176
1665352800,4164,4167.5,4155.75,4157.75
1665353100,4157.75,4162.75,4156.75,4162.25
1665353400,4162.25,4163,4157,4160.5
1665353700,4160.5,4161.75,4157.75,4159.75
1665354000,4159.75,4161.5,4151.25,4153.5
1665354300,4153.75,4155,4144.5,4151.25
1665354600,4151,4153.25,4146,4149
1665354900,4149,4153.5,4148.5,4149.25
1665355200,4149.25,4154.75,4149,4151
1665355500,4150.75,4154.75,4150.75,4152.25
1665355800,4152.5,4154.25,4150.5,4153
1665356100,4153,4153.25,4147.25,4147.25
1665356400,4147.25,4153.75,4143.25,4151.75
1665356700,4152,4157.25,4151.25,4156.25
1665357000,4156,4157.75,4153,4154.5
1665357300,4154.25,4156.25,4154,4155.5
1665357600,4155.5,4156.75,4154.5,4155
1665357900,4155.25,4156.25,4152.75,4153.75
1665358200,4153.5,4153.5,4145.5,4150
1665358500,4150,4155.25,4149.25,4154.75
1665358800,4154.75,4158.5,4153.75,4158
1665359100,4157.75,4158.5,4155,4156
1665359400,4156,4159,4155.25,4157
1665359700,4157,4162.75,4157,4158.75
1665360000,4159,4161.75,4153.5,4155.75
1665360300,4155.75,4157.75,4151.5,4152.5
1665360600,4152.75,4160,4152.75,4159
1665360900,4159,4164,4158.75,4159.25
1665361200,4159.75,4162.75,4158.5,4159.25
1665361500,4159.5,4161.25,4156.25,4159.5
1665361800,4159.75,4161.25,4157.5,4157.75
1665362100,4158,4162.25,4157.25,4159.5
1665362400,4159.5,4165.25,4159.25,4164
1665362700,4164,4165,4162.5,4164.25
1665363000,4164.25,4166.75,4163.5,4164
1665363300,4163.75,4164,4160.5,4161.75
1665363600,4161.5,4163.25,4159.75,4162
1665363900,4162.25,4165,4160.75,4161.25
1665364200,4161.25,4163,4160.5,4163
1665364500,4163.25,4163.75,4159.75,4161
1665364800,4161,4162.5,4160.25,4160.25
1665365100,4160.5,4160.5,4157.5,4159.5
1665365400,4159.5,4162.5,4158.75,4162.25
1665365700,4162.5,4164,4161,4163.25
1665366000,4163,4167.75,4162.75,4166.5
1665366300,4166.5,4167.25,4165.5,4166.5
1665366600,4166.25,4171,4166.25,4168
1665366900,4168,4168.75,4165.75,4166.5
1665367200,4166.25,4166.5,4163.75,4165.25
1665367500,4165,4165.5,4164,4164.5
1665367800,4164.5,4165,4162.25,4164.25
1665368100,4164,4166.5,4162.5,4162.75
1665368400,4162.75,4164,4161.5,4163.75
1665368700,4163.75,4165.75,4163.5,4165.75
1665369000,4165.75,4166,4164,4165
1665369300,4165,4166,4164.25,4165
1665369600,4164.75,4166,4163.25,4164
1665369900,4163.75,4164.75,4162,4163.5
1665370200,4163.5,4164.75,4163,4164.25
1665370500,4164.5,4166.5,4164,4165.25
1665370800,4165,4166.5,4165,4166
1665371100,4165.75,4165.75,4162.75,4163.5
1665371400,4163.75,4165.5,4163,4165.25
1665371700,4165.5,4166,4162.25,4163
1665372000,4163,4163,4159.25,4160
1665372300,4160.25,4161.5,4159.75,4161.25
1665372600,4161.25,4161.75,4159.25,4159.75
1665372900,4160,4160.25,4158.25,4159.5
1665373200,4159.5,4162,4159.25,4161.25
1665373500,4161.25,4162,4160.5,4161.25
1665373800,4161,4161.75,4160,4160.75
1665374100,4160.5,4162,4160.25,4161.5
1665374400,4161.75,4162,4160.25,4161.75
1665374700,4161.75,4163,4161.25,4162
1665375000,4161.75,4163.5,4161.75,4163
1665375300,4163,4165.25,4163,4164.5
1665375600,4164.25,4164.75,4163.25,4163.5
1665375900,4163.75,4164,4161.5,4163
1665376200,4163,4163.5,4161.75,4162.25
1665376500,4162.25,4163.75,4162,4163.5
1665376800,4163.5,4165.25,4163.25,4165
1665377100,4165,4166.5,4164.25,4166.25
1665377400,4166,4167,4165.75,4166.25
1665377700,4166.25,4167.5,4165.5,4166
1665378000,4166,4167,4165,4166
1665378300,4166.25,4166.5,4163.5,4164.5
1665378600,4164.5,4165.75,4163,4163.25
1665378900,4163.25,4166,4163.25,4165.75
1665379200,4165.75,4166,4164.75,4164.75
1665379500,4165,4169,4165,4167.25
1665379800,4167.5,4167.5,4159,4160.75
1665380100,4160.5,4162.25,4159.75,4160.25
1665380400,4160,4162,4160,4160
1665380700,4160,4161.5,4157.25,4157.5
1665381000,4157.5,4159.5,4156.75,4157
1665381300,4157,4159.25,4156.75,4157.25
1665381600,4157.25,4162.5,4157.25,4159
1665381900,4159.25,4164.25,4159.25,4161.5
1665382200,4161.75,4166.5,4161.5,4165
1665382500,4165,4166.75,4162.75,4163
1665382800,4163.25,4164.5,4161,4161
1665383100,4161.25,4163.75,4160.5,4161.75
1665383400,4161.75,4162.5,4157,4157
1665383700,4157,4160.5,4155.5,4159.75
1665384000,4160,4160.25,4158.25,4159.25
1665384300,4159.25,4160.25,4155.75,4156.5
1665384600,4156.25,4158.5,4151.75,4153
1665384900,4153.25,4156.25,4152.25,4156
1665385200,4156.25,4164,4155.75,4163.5
1665385500,4163.5,4166.5,4161.75,4165
1665385800,4165,4171,4162.5,4170
1665386100,4170.25,4171,4166,4169.5
1665386400,4169.5,4174,4169,4173.75
1665386700,4174,4174.25,4168,4168.25
1665387000,4168.25,4170,4166,4168
1665387300,4168,4173,4167.5,4170.25
1665387600,4170.25,4172.25,4168.75,4169.25
1665387900,4169.25,4172,4168.5,4168.5
1665388200,4168.5,4169.5,4165,4165
1665388500,4164.75,4165.25,4161.25,4163
1665388800,4162.75,4164.5,4159.75,4160.5
1665389100,4160.5,4162.25,4159,4160.25
1665389400,4160.25,4161.5,4157.5,4158.25
1665389700,4158,4158.75,4152.25,4154.75
1665390000,4154.75,4157,4154,4155.25
1665390300,4155.25,4156,4152.25,4152.5
1665390600,4152.25,4154.5,4148.75,4151
1665390900,4150.5,4153.25,4149.75,4152.25
1665391200,4152.25,4154,4152,4153.75
1665391500,4153.75,4156.5,4152.5,4155.5
1665391800,4155.5,4157.5,4154.75,4157
1665392100,4157.25,4157.5,4155,4155.5
1665392400,4155.75,4164.25,4155.75,4162
1665392700,4162.25,4163,4160.5,4161.75
1665393000,4161.75,4163,4160.5,4161.75
1665393300,4161.75,4166,4161.25,4163
1665393600,4163.25,4165,4163,4164
1665393900,4164.25,4166.5,4163.25,4165.5
1665394200,4165.5,4168,4164.75,4165
1665394500,4165.25,4165.25,4162.75,4163
1665394800,4163.25,4170.75,4163.25,4170.25
1665395100,4170,4173.5,4169.75,4172.75
1665395400,4172.5,4174.5,4170,4174
1665395700,4174,4174.25,4172.5,4173.5
1665396000,4173.5,4175,4172.25,4175
1665396300,4175.25,4175.5,4170.5,4172.25
1665396600,4172.25,4172.5,4170.25,4170.5
1665396900,4170.5,4171,4168.25,4168.5
1665397200,4168.5,4169.75,4166.75,4169.5
1665397500,4169.5,4169.5,4166,4167
1665397800,4167,4169.5,4166.75,4167.25
1665398100,4167,4169.25,4166.75,4169
1665398400,4169,4170.75,4166,4167.25
1665398700,4167.25,4168,4166,4166.5
1665399000,4166.5,4169,4164.75,4165.75
1665399300,4165.75,4166.25,4163,4165
1665399600,4164.75,4170.25,4164.5,4169.75
1665399900,4169.75,4170,4168.25,4170
1665400200,4170,4170.25,4167.25,4168.5
1665400500,4168.25,4172.5,4168,4171.5
1665400800,4171.5,4174,4171.5,4173
1665401100,4173.5,4175.5,4173.25,4175.25
1665401400,4175.25,4175.5,4171.75,4174.5
1665401700,4174.5,4175,4173.5,4174
1665402000,4174,4174,4169.75,4172.5
1665402300,4172.25,4172.5,4169.5,4171
1665402600,4171,4174.25,4169.5,4171.5
1665402900,4171.5,4173,4169.25,4171
1665403200,4171.25,4173,4170,4170.75
1665403500,4170.5,4175,4169.5,4172.5
1665403800,4172.5,4173.75,4169.5,4169.75
1665404100,4170,4171,4168.25,4169.5
1665404400,4169.75,4173.75,4169.75,4172.75
1665404700,4173,4174.75,4171,4174.5
1665405000,4174.5,4176.75,4172,4176.5
1665405300,4176.25,4182.5,4176,4180.25
1665405600,4180.25,4180.5,4177.75,4179.5
1665405900,4179.5,4183.5,4178.75,4181.75
1665406200,4181.5,4183.5,4180.75,4181.25
1665406500,4181.25,4190.5,4180.75,4190
1665406800,4190,4191.5,4188.5,4189.75
1665407100,4189.75,4192.75,4187.5,4189.75
1665407400,4189.75,4190.25,4188.25,4190
1665407700,4189.75,4192.5,4188.75,4190.5
1665408000,4190.5,4190.75,4187.5,4188.5
1665408300,4188.25,4191,4187.5,4188.25
1665408600,4188.25,4190.75,4176.5,4181.5
1665408900,4181.75,4186.75,4173.25,4175.5
1665409200,4175.5,4183.75,4171,4178.25
1665409500,4178.25,4185.5,4176.25,4177.75
1665409800,4177.75,4181.25,4165.75,4166
1665410100,4166.25,4170.5,4163.75,4165
1665410400,4165,4167,4159,4162
1665410700,4162,4169.5,4157.75,4159
1665411000,4158.75,4163.75,4158.5,4161
1665411300,4161.25,4166.75,4159.75,4165
1665411600,4164.75,4168.5,4164.75,4166.25
1665411900,4166,4178.75,4163.5,4173.25
1665412200,4173.25,4178.25,4160.75,4164.25
1665412500,4164.25,4165.75,4150.25,4150.5
1665412800,4150.25,4153.5,4148.75,4151.5
1665413100,4151.75,4155.75,4149.75,4151.75
1665413400,4151.75,4154.25,4145.75,4147
1665413700,4147,4151.25,4144.5,4150.25
1665414000,4150.25,4150.5,4141.25,4141.5
1665414300,4141.5,4147.5,4141.5,4145.25
1665414600,4145.25,4152,4144.25,4151.75
1665414900,4151.5,4152.5,4145.25,4147.25
1665415200,4147.25,4159.5,4146,4157.75
1665415500,4157.75,4158,4150,4151.75
1665415800,4151.75,4153.5,4149.25,4153
1665416100,4153,4153.75,4148.5,4149.25
1665416400,4149.25,4153.25,4145.75,4152.5
1665416700,4152.5,4156.75,4150.75,4156.25
1665417000,4156,4163,4154.75,4160.75
1665417300,4160.75,4162.5,4155.75,4156.25
1665417600,4156.25,4157.25,4154.5,4155.75
1665417900,4156,4158.5,4149.75,4151
1665418200,4150.75,4152,4148.25,4151
1665418500,4151,4153.25,4147.75,4147.75
1665418800,4147.75,4148.25,4139.5,4140.5
1665419100,4140.5,4142.75,4137,4138.5
1665419400,4138.75,4141.75,4136.75,4137.25
1665419700,4137.5,4140,4135.75,4140
1665420000,4140,4141.75,4137.75,4139.25
1665420300,4139.25,4140.25,4136.5,4137.75
1665420600,4137.75,4137.75,4132.75,4134.25
1665420900,4134.25,4137.75,4131.5,4131.75
1665421200,4131.75,4132,4127,4128
1665421500,4128.25,4129.75,4126.25,4128.25
1665421800,4128.25,4137.75,4125.25,4135.25
1665422100,4135,4138.5,4131,4134.5
1665422400,4134.5,4139.5,4134.25,4136.25
1665422700,4136.25,4139.25,4135,4137.75
1665423000,4138,4146.5,4137.25,4142.5
1665423300,4142.75,4148,4142.5,4147
1665423600,4147.25,4148,4143.5,4144
1665423900,4143.75,4168.75,4143.5,4164.75
1665424200,4164.75,4172.25,4163,4170.25
1665424500,4170.25,4171.75,4163,4163.5
1665424800,4163.5,4165,4160.5,4162.5
1665425100,4162.5,4162.5,4156,4157.5
1665425400,4157.5,4159.25,4152.5,4153.75
1665425700,4153.75,4154.5,4150.5,4153
1665426000,4153,4156,4147.5,4150.5
1665426300,4150.5,4156.25,4150,4154.5
1665426600,4154.75,4163,4152,4160.75
1665426900,4160.5,4164.5,4159.25,4164.25
1665427200,4164.5,4165.25,4157,4159
1665427500,4159,4159.25,4152.75,4154.5
1665427800,4154.5,4159.25,4153.25,4157.75
1665428100,4157.75,4158,4150.5,4153.75
1665428400,4153.75,4158.75,4148.75,4151.5
1665428700,4151.25,4155.5,4149.25,4155.5
1665429000,4155.25,4160.25,4152.25,4159.75
1665429300,4159.75,4167,4158,4165.75
1665429600,4165.75,4168.25,4161,4164.5
1665429900,4164.5,4164.5,4153.75,4156.25
1665430200,4156.5,4161,4153.75,4159.25
1665430500,4159.25,4165.75,4157.25,4161.75
1665430800,4161.75,4163,4155.25,4157.5
1665431100,4157.5,4164,4155.25,4161
1665431400,4161,4164.25,4153.5,4161
1665431700,4161.25,4161.25,4148.5,4148.75
1665432000,4148.75,4151.75,4148.5,4150.75
1665432300,4150.75,4153.75,4150.25,4153.25
1665432600,4153.25,4153.25,4151.25,4151.25
1665432900,4151.5,4152.5,4151.25,4151.75
1665433200,4151.75,4152.5,4151.75,4152
1665433500,4152,4152.75,4151.25,4151.75
1665433800,4151.75,4153,4151.5,4153
1665434100,4153,4153.25,4152,4153
1665434400,4153,4153.5,4152.5,4153
1665434700,4153,4153.5,4152.5,4153.25
1665435000,4153.25,4153.25,4152.5,4152.5
1665435300,4152.75,4153,4152,4152.75
1665439200,4150,4154.5,4150,4151.5
1665439500,4151.5,4151.75,4149.25,4150.25
1665439800,4150.5,4150.75,4149.25,4150.25
1665440100,4150.25,4152,4150.25,4152
1665440400,4152,4154,4152,4154
1665440700,4153.75,4155,4152.75,4154.75
1665441000,4154.75,4155.25,4153.25,4154
1665441300,4153.75,4154,4152,4153.25
1665441600,4153,4153.75,4152.75,4153.25
1665441900,4153.25,4156,4153,4154.5
1665442200,4154.75,4156.25,4154.25,4155.75
1665442500,4155.75,4156.25,4154.75,4154.75
1665442800,4154.75,4158.75,4154.75,4156.75
1665443100,4156.75,4158.25,4156.75,4158.25
1665443400,4158,4158.75,4157.5,4157.75
1665443700,4157.75,4160.25,4157.75,4160
1665444000,4159.75,4161.25,4159.5,4159.75
1665444300,4159.75,4160.25,4157.25,4157.5
1665444600,4157.75,4158.75,4156.5,4156.75
1665444900,4156.75,4159.25,4156.5,4158.5
1665445200,4158.75,4159.75,4157.75,4159.25
1665445500,4159,4159.75,4157,4158.75
1665445800,4159,4159.5,4156.25,4156.5
1665446100,4156.5,4157.75,4155.75,4157.25
1665446400,4157.25,4157.25,4146.5,4149.75
1665446700,4149.75,4151,4144,4148
1665447000,4148.25,4149.25,4146.25,4146.25
1665447300,4146.5,4149.5,4144,4149.25
1665447600,4149,4153.25,4149,4150.75
1665447900,4151,4153.25,4150.25,4152.25
1665448200,4152.25,4156.25,4151.75,4155
1665448500,4155,4158.25,4153.5,4154
1665448800,4153.75,4155.25,4153,4154.25
1665449100,4154.25,4156.25,4151.75,4153
1665449400,4153,4157.5,4152.75,4156.75
1665449700,4156.75,4157.5,4153.25,4156.25
1665450000,4156.25,4156.75,4153.25,4155
1665450300,4155.25,4160,4155,4158.75
1665450600,4158.5,4160.75,4158,4158.25
1665450900,4158.25,4159,4155.5,4157.5
1665451200,4157.25,4159,4156.25,4157.25
1665451500,4157.25,4158.75,4155.5,4156
1665451800,4156,4157.5,4153.75,4155.5
1665452100,4155.25,4156.5,4149.25,4150.75
1665452400,4150.75,4150.75,4139,4144
1665452700,4143.75,4143.75,4139,4142
1665453000,4142.25,4143.75,4137.5,4140.25
1665453300,4140.25,4142,4137.75,4140.75
1665453600,4140.5,4142.5,4133.25,4133.25
1665453900,4133.5,4138.25,4133.25,4135.75
1665454200,4135.75,4136,4129.75,4132.75
1665454500,4132.5,4134.75,4129.25,4133.5
1665454800,4133.25,4134.75,4130.5,4133
1665455100,4133,4134.75,4132.25,4134
1665455400,4133.75,4134.75,4132.75,4134.5
1665455700,4134.25,4137,4133.75,4135.75
1665456000,4135.75,4137.25,4130,4131.25
1665456300,4131.75,4135.75,4131.25,4134.25
1665456600,4134,4135.25,4131.25,4132
1665456900,4132,4132.25,4130.5,4132
1665457200,4132,4133.5,4131,4132.5
1665457500,4132.25,4134,4130.5,4133.75
1665457800,4133.75,4134.75,4132.75,4133.25
1665458100,4133.25,4134.5,4132,4134.25
1665458400,4134.25,4136.25,4133,4135.75
1665458700,4136.25,4138.75,4134.75,4135
1665459000,4134.75,4137,4134.75,4136.75
1665459300,4136.75,4137,4132.25,4132.5
1665459600,4132.5,4134.5,4131.5,4132.25
1665459900,4132.5,4133.75,4130.75,4132.5
1665460200,4132.5,4133.25,4131.5,4131.5
1665460500,4131.25,4132.75,4130.75,4132
1665460800,4132,4133.5,4131.25,4132.25
1665461100,4132.5,4133.75,4131.75,4133.75
1665461400,4133.75,4135.5,4133.75,4134
1665461700,4134.25,4134.5,4130,4130.25
1665462000,4130.25,4131.5,4128.75,4130
1665462300,4130,4130.25,4127,4128
1665462600,4128,4128.5,4126.25,4128.25
1665462900,4128.25,4130,4128.25,4129
1665463200,4129.25,4130,4128.5,4129.75
1665463500,4130,4130,4127.75,4128
1665463800,4128,4131,4127,4130.5
1665464100,4130.5,4131.25,4128.5,4130
1665464400,4130,4130.25,4127.5,4128.25
1665464700,4128,4132,4127.75,4131.75
1665465000,4131.5,4131.75,4129.75,4130.75
1665465300,4130.75,4131.5,4129.5,4130.5
1665465600,4130.5,4131.75,4129.5,4130.75
1665465900,4130.5,4134,4130.5,4132.5
1665466200,4132.25,4133,4130.75,4131.75
1665466500,4131.75,4132.75,4129.5,4130
1665466800,4129.75,4134.5,4129.5,4133.25
1665467100,4133.25,4134.25,4130.5,4132.25
1665467400,4132,4133.75,4130.5,4133.75
1665467700,4133.25,4133.75,4130.25,4130.75
1665468000,4130.5,4136.25,4130,4135
1665468300,4134.75,4136.5,4131.75,4132.25
1665468600,4132.25,4133.75,4128.5,4133.75
1665468900,4133.5,4136,4133,4134
1665469200,4133.75,4135.5,4132,4132.75
1665469500,4133,4135.5,4131.5,4134.25
1665469800,4134.5,4140.75,4134.25,4138.5
1665470100,4138.5,4140,4137,4137.75
1665470400,4137.5,4139.25,4133.25,4134.25
1665470700,4134.25,4135.5,4132.75,4133.5
1665471000,4134,4134.25,4130,4130.25
1665471300,4130.25,4130.25,4118.75,4121.25
1665471600,4121.25,4122.5,4110.5,4118.75
1665471900,4118.75,4120.25,4115.25,4119.5
1665472200,4119.25,4119.25,4110,4117.5
1665472500,4117.25,4128.5,4115.5,4128.25
1665472800,4128.25,4129,4123.75,4126.5
1665473100,4126.5,4138.25,4126.5,4133
1665473400,4133.25,4135.75,4127,4127.75
1665473700,4127.75,4135,4127.5,4129.75
1665474000,4130,4131,4122.25,4123.5
1665474300,4123.5,4126,4121.5,4124.25
1665474600,4124,4125.25,4120,4120.25
1665474900,4120,4124.5,4116.25,4123
1665475200,4123,4128,4121.5,4125.25
1665475500,4125.5,4133.5,4125.5,4132
1665475800,4131.75,4134.5,4130.25,4132.75
1665476100,4133,4133.75,4127.75,4128.5
1665476400,4128.75,4132.75,4126.5,4128
1665476700,4128,4131.25,4125.75,4127.25
1665477000,4127,4127,4121.25,4124.5
1665477300,4124.5,4124.75,4118.75,4120.75
1665477600,4120.75,4124,4117.75,4122.75
1665477900,4123.25,4123.5,4119.25,4120.25
1665478200,4120.25,4122,4113,4113.75
1665478500,4113.75,4118.25,4113.5,4117
1665478800,4117,4122,4116,4120.75
1665479100,4121,4123,4114.75,4121.5
1665479400,4121.25,4122.25,4120,4121.75
1665479700,4121.75,4123.5,4120.5,4121.75
1665480000,4121.75,4122.5,4119.25,4121.75
1665480300,4121.75,4122.5,4118,4120
1665480600,4120,4120.25,4114.5,4114.75
1665480900,4114.75,4118.75,4114.75,4117
1665481200,4117.25,4118,4115,4116.75
1665481500,4116.75,4117,4113.5,4115
1665481800,4115,4118.75,4112.5,4117.75
1665482100,4117.75,4119.25,4115.25,4116.75
1665482400,4116.75,4117.25,4111,4112.5
1665482700,4112.5,4114.75,4109.5,4114.25
1665483000,4114.25,4118,4112.75,4117
1665483300,4117.25,4117.25,4112.5,4115.75
1665483600,4115.75,4118,4113,4117.75
1665483900,4117.75,4124.75,4117.75,4118.5
1665484200,4118.75,4121,4117.25,4119.5
1665484500,4119.5,4122.25,4118,4119.5
1665484800,4119.75,4122.75,4119,4120.25
1665485100,4120.25,4122,4119.25,4120.25
1665485400,4120.25,4124,4120.25,4123
1665485700,4123,4126.25,4122.5,4125.75
1665486000,4125.75,4130.75,4125,4126.75
1665486300,4127,4130.75,4126.5,4128.5
1665486600,4128.5,4129.25,4126.5,4128
1665486900,4128,4131.5,4127.75,4131.5
1665487200,4131.25,4135.75,4127.25,4135
1665487500,4135.25,4135.5,4131.25,4131.5
1665487800,4131.5,4133.25,4129.5,4132
1665488100,4131.75,4134.75,4131,4132
1665488400,4132,4135.25,4131.75,4132
1665488700,4132,4132,4128.75,4129.25
1665489000,4129.25,4131.75,4127.25,4131.5
1665489300,4131.25,4137.25,4129.75,4136.25
1665489600,4136,4140.25,4133.5,4138.5
1665489900,4138.5,4142,4137.5,4139.75
1665490200,4139.75,4144.25,4138.25,4141.25
1665490500,4141.5,4144.75,4140.5,4142.25
1665490800,4142.25,4144.75,4141.5,4143.25
1665491100,4143.25,4149.5,4142.75,4148.75
1665491400,4148.5,4153.5,4145.5,4152.25
1665491700,4152.5,4153,4146.75,4147.25
1665492000,4147.25,4148.75,4141.25,4143
1665492300,4143,4144.25,4140.5,4143.5
1665492600,4143.25,4146.25,4142.5,4143.5
1665492900,4143.25,4143.5,4139.25,4139.75
1665493200,4139.75,4142,4136,4141.5
1665493500,4141.25,4143.25,4137.75,4139
1665493800,4139,4141,4137.5,4139
1665494100,4139,4140.5,4136,4139.75
1665494400,4139.75,4142,4133.25,4134.25
1665494700,4134.25,4134.25,4129.25,4129.75
1665495000,4130,4136.75,4124,4125.75
1665495300,4126,4126.75,4119.75,4121.5
1665495600,4121.75,4125.75,4118.25,4123.75
1665495900,4123.5,4129.25,4115.25,4120
1665496200,4120.25,4124,4116,4117
1665496500,4116.75,4119.5,4112.5,4113.5
1665496800,4113.75,4113.75,4105.5,4110.5
1665497100,4110.5,4113.5,4107.25,4109.75
1665497400,4109.75,4117,4107.25,4116.25
1665497700,4116.25,4122.25,4113,4116.75
1665498000,4116.5,4117.5,4112.75,4113
1665498300,4113,4119.75,4112,4115.5
1665498600,4115.25,4123.75,4110.25,4121.25
1665498900,4121.5,4126.75,4118.75,4125.75
1665499200,4125.75,4133.75,4125.25,4130.25
1665499500,4130.5,4132.5,4125.5,4126.75
1665499800,4126.5,4131.5,4126.25,4128.75
1665500100,4128.5,4134.75,4122.5,4123
1665500400,4123.25,4142.75,4122.25,4140
1665500700,4140.25,4140.5,4130.75,4134.25
1665501000,4134.5,4138,4130.75,4136.25
1665501300,4136,4143.25,4136,4138.75
1665501600,4139,4142.75,4136.5,4139.25
1665501900,4139.25,4143.5,4134.5,4141.25
1665502200,4141.5,4147,4139.75,4146.25
1665502500,4146,4151.25,4144.25,4146
1665502800,4146,4156.25,4144,4156
1665503100,4156,4163.25,4153.75,4159.75
1665503400,4159.75,4162.75,4154.75,4155
1665503700,4155,4158.75,4152.75,4155.5
1665504000,4155.75,4156.25,4147.75,4148.25
1665504300,4148.25,4148.75,4142.5,4145.5
1665504600,4145.5,4152.75,4145,4152.5
1665504900,4152.5,4160.75,4150.5,4160.5
1665505200,4160.5,4165.75,4158.5,4163.5
1665505500,4163.75,4164,4158.75,4160.75
1665505800,4161,4166.5,4160,4164.5
1665506100,4164.25,4166.75,4161.25,4166.5
1665506400,4166.5,4174.75,4165.25,4174.25
1665506700,4174.5,4178.5,4173,4175.25
1665507000,4175.25,4176.75,4168.5,4169.25
1665507300,4169.25,4172.25,4167.5,4169.75
1665507600,4169.75,4171.75,4168.25,4168.25
1665507900,4168.25,4171.5,4165.25,4170.5
1665508200,4170.75,4172,4166.25,4167.5
1665508500,4167.5,4170,4162.25,4166.75
1665508800,4166.75,4170.25,4165.25,4170.25
1665509100,4170.25,4170.75,4159,4162
1665509400,4162.25,4164.25,4156.5,4164
1665509700,4164,4165,4160,4163.25
1665510000,4163.25,4166.25,4161.5,4164.5
1665510300,4164.5,4169.75,4163.25,4164.25
1665510600,4164,4169.5,4161.25,4164.5
1665510900,4164.25,4167.75,4163,4166.75
1665511200,4166.75,4168.75,4163.5,4166.75
1665511500,4166.5,4169.25,4158.75,4161.75
1665511800,4161.75,4162,4154.5,4159
1665512100,4158.75,4159.5,4153,4153.25
1665512400,4153.5,4159.25,4152.5,4159.25
1665512700,4159,4162.75,4157.25,4161
1665513000,4161.25,4166.5,4160,4164.75
1665513300,4164.75,4165,4158.5,4162
1665513600,4162.25,4165,4153.5,4153.75
1665513900,4153.75,4154.75,4136.75,4140.75
1665514200,4140.5,4142.25,4128,4130
1665514500,4130,4130.25,4119,4120.75
1665514800,4121,4123.75,4114.25,4117.25
1665515100,4117.5,4121.75,4113.25,4114.75
1665515400,4114.75,4116.75,4107.25,4112.25
1665515700,4112.25,4118,4104.25,4114.75
1665516000,4114.75,4122.75,4114.75,4119.5
1665516300,4119.75,4122,4111.75,4118.75
1665516600,4118.5,4121.25,4111.75,4117.75
1665516900,4117.75,4128,4117,4127.25
1665517200,4127.5,4127.5,4118.75,4125.5
1665517500,4125.75,4129.5,4121.75,4128
1665517800,4128,4128.75,4116.5,4125.75
1665518100,4125.75,4130.25,4122.25,4125
1665518400,4125.25,4128,4123.5,4124.25
1665518700,4124,4128,4124,4127.75
1665519000,4127.75,4129.5,4126.5,4127.5
1665519300,4127.5,4128.25,4126,4127.75
1665519600,4128,4128.75,4127.25,4128
1665519900,4128.25,4128.75,4127,4128.75
1665520200,4128.75,4129,4126.5,4129
1665520500,4129,4129.5,4128,4128
1665520800,4128,4129,4127.75,4128.75
1665521100,4129,4132.5,4129,4132
1665521400,4131.75,4133.25,4131.5,4133.25
1665521700,4133,4134.25,4132,4133.5
1665525600,4132.25,4133.25,4129.25,4130.5
1665525900,4130.75,4132,4130.5,4132
1665526200,4132,4132.75,4129.5,4130.75
1665526500,4130.75,4133,4130.25,4132.75
1665526800,4132.75,4133,4131,4131.75
1665527100,4131.75,4132,4128.75,4129
1665527400,4129,4129.75,4126.5,4126.75
1665527700,4127,4129.25,4126.25,4129
1665528000,4129,4130.75,4128.75,4130.75
1665528300,4130.75,4131,4128.75,4129.25
1665528600,4129.25,4130.25,4128.75,4129.75
1665528900,4130,4130.5,4128.75,4129.5
1665529200,4129.75,4132.5,4129.75,4131.75
1665529500,4131.75,4132.5,4131.25,4131.25
1665529800,4131.25,4131.25,4129.5,4129.75
1665530100,4129.75,4131.25,4128.5,4130.75
1665530400,4130.75,4131.25,4128.25,4128.5
1665530700,4128.25,4128.75,4125.25,4126
1665531000,4126,4128.75,4125.75,4128.25
1665531300,4128,4129,4127.25,4127.75
1665531600,4127.75,4129,4127.5,4128.5
1665531900,4128.25,4130.75,4128.25,4130
1665532200,4130,4130,4127.75,4128.25
1665532500,4128.25,4130.5,4128.25,4130.25
1665532800,4130.25,4133.5,4123.5,4127.5
1665533100,4127.5,4127.5,4123,4124
1665533400,4124,4124.5,4121.5,4124.5
1665533700,4124.5,4128.25,4124.5,4127.5
1665534000,4127.5,4135,4127.25,4132.25
1665534300,4132,4133,4128.75,4128.75
1665534600,4129,4132.25,4128.25,4132.25
1665534900,4132,4132,4129.75,4130.5
1665535200,4130.75,4134.75,4130,4133.75
1665535500,4133.75,4141.5,4132.75,4140.5
1665535800,4140.5,4140.75,4136.75,4138
1665536100,4138,4138.75,4136.5,4137.5
1665536400,4137.5,4139.25,4134.5,4134.75
1665536700,4134.75,4135.75,4132.75,4132.75
1665537000,4133,4134.75,4132.25,4134.5
1665537300,4134.5,4136.75,4133.25,4134.25
1665537600,4134.5,4137.25,4134,4134.25
1665537900,4134.5,4137,4130.5,4131
1665538200,4131,4131,4125.75,4127
1665538500,4127,4128.25,4125.75,4128.25
1665538800,4128,4129.25,4125.75,4126.5
1665539100,4126.5,4127.5,4124.5,4127
1665539400,4127.25,4128.5,4122.75,4123.25
1665539700,4123,4128.75,4122.75,4128.5
1665540000,4128.5,4132.25,4127.25,4130.75
1665540300,4130.75,4131.5,4126.25,4126.75
1665540600,4126.5,4128.25,4125.75,4128
1665540900,4127.75,4129,4123.25,4126.5
1665541200,4126.5,4129.75,4126,4129.25
1665541500,4129.5,4131.75,4128.5,4128.75
1665541800,4128.75,4132.75,4128.25,4131.75
1665542100,4132,4132.5,4126.25,4126.75
1665542400,4126.75,4128,4126.25,4127.25
1665542700,4127.5,4131.25,4127.5,4130.5
1665543000,4130.25,4133.5,4130.25,4131.5
1665543300,4131.75,4134.25,4131.5,4133.25
1665543600,4133,4135.25,4131.75,4132.25
1665543900,4132.25,4133.5,4131.25,4131.75
1665544200,4131.75,4134.75,4131.25,4133.25
1665544500,4133.5,4135,4132.75,4134.25
1665544800,4134.5,4134.5,4130,4133
1665545100,4133,4134.25,4132,4133.75
1665545400,4133.5,4133.75,4129.5,4130
1665545700,4129.75,4131.25,4129.5,4130
1665546000,4130,4131,4129.25,4129.75
1665546300,4129.75,4130.25,4128.25,4129
1665546600,4129,4131,4128.25,4130.5
1665546900,4130.75,4132.75,4129.25,4130.25
1665547200,4130.5,4147.5,4128.75,4147
1665547500,4147,4149.25,4138.25,4139.75
1665547800,4139.75,4144.75,4139,4142
1665548100,4142.25,4144.5,4141.5,4142.5
1665548400,4142.5,4144.75,4141,4143.25
1665548700,4143.5,4145.75,4142,4143.75
1665549000,4143.75,4144.25,4139.75,4140.5
1665549300,4140,4141,4138.75,4139.25
1665549600,4139.25,4142.25,4139.25,4141.5
1665549900,4141,4143.25,4140.75,4142.5
1665550200,4142.5,4144,4142.25,4142.75
1665550500,4142.75,4143.25,4141,4142
1665550800,4142,4143.5,4135.25,4135.75
1665551100,4136,4139,4135.25,4137.75
1665551400,4137.5,4141.75,4137.25,4140.5
1665551700,4140.5,4141,4137.75,4138.75
1665552000,4139,4140.25,4137.75,4140.25
1665552300,4140.25,4140.5,4137.25,4138.75
1665552600,4138.75,4141,4138,4139.75
1665552900,4139.5,4140.25,4138,4138.25
1665553200,4138,4143.25,4137.25,4143
1665553500,4143,4148.5,4142.5,4147.5
1665553800,4147.25,4148.75,4145.25,4148.25
1665554100,4148,4148.25,4145.75,4146.75
1665554400,4146.75,4149.75,4142.25,4144
1665554700,4143.75,4148.5,4143.5,4146.25
1665555000,4146.75,4151,4146,4149
1665555300,4148.75,4151.5,4148,4148.25
1665555600,4148.25,4149.75,4144.25,4149
1665555900,4149.25,4154.5,4148.25,4154
1665556200,4153.75,4155,4151.75,4154.25
1665556500,4154.25,4158,4152,4155.25
1665556800,4155,4157,4152.75,4155.75
1665557100,4155.75,4160.5,4155,4157.75
1665557400,4158,4158.25,4151.25,4152.25
1665557700,4152.5,4152.75,4149.25,4149.75
1665558000,4149.5,4150.75,4140.75,4143.25
1665558300,4143.5,4150.75,4142.25,4143.25
1665558600,4143,4145,4138.75,4143.5
1665558900,4143.25,4146.5,4141.75,4144.75
1665559200,4145,4151.75,4144.5,4150
1665559500,4150.25,4150.5,4133,4136.25
1665559800,4136,4137.25,4130.25,4135
1665560100,4135.25,4140.5,4134.5,4137.75
1665560400,4138,4139,4133.75,4137
1665560700,4136.75,4142.75,4135.5,4138.75
1665561000,4138.75,4143.25,4137.25,4141.75
1665561300,4142,4142,4136.5,4137.25
1665561600,4137.25,4144.25,4135.5,4143.25
1665561900,4143,4146.25,4141.75,4143
1665562200,4143,4143.25,4138.25,4138.5
1665562500,4138.5,4145.5,4137.75,4142
1665562800,4142.25,4145.75,4140.25,4144.5
1665563100,4144.5,4148.75,4142.25,4148.25
1665563400,4147.75,4148.5,4141.75,4141.75
1665563700,4142.25,4144,4139.5,4142.25
1665564000,4142.25,4145.75,4141.5,4143.25
1665564300,4143.25,4147.75,4141.5,4145.25
1665564600,4145.75,4146,4142.75,4145.25
1665564900,4145.5,4147,4143.5,4144
1665565200,4143.75,4150.75,4140.5,4148.75
1665565500,4149,4149.25,4145.5,4147
1665565800,4147.25,4150,4146.75,4149.5
1665566100,4149.25,4153.25,4149,4151.5
1665566400,4151.5,4155,4150.5,4153.5
1665566700,4153.25,4160,4153.25,4159.5
1665567000,4159.25,4160,4155.75,4156.75
1665567300,4156.75,4157,4153.5,4156
1665567600,4156,4157.5,4153.5,4154.5
1665567900,4154.25,4154.25,4151,4151
1665568200,4151,4152,4149.75,4150.5
1665568500,4150.5,4153.5,4150.25,4152.75
1665568800,4153,4157.75,4152.25,4155.25
1665569100,4155.25,4155.75,4152.75,4152.75
1665569400,4153,4154,4150.75,4152.25
1665569700,4152.25,4154.25,4149.75,4150.75
1665570000,4150.5,4151,4146.75,4146.75
1665570300,4147,4147.25,4144.25,4146.75
1665570600,4146.75,4146.75,4142,4144.25
1665570900,4144.25,4147.25,4142.75,4146
1665571200,4146,4146.25,4140.5,4142.75
1665571500,4142.5,4145,4140.25,4140.75
1665571800,4140.75,4142.75,4138.25,4142.5
1665572100,4142.5,4146.5,4140.75,4146.25
1665572400,4146.25,4148.5,4144.75,4146.5
1665572700,4146.25,4148.5,4146.25,4147.25
1665573000,4147.25,4150.5,4144,4149.75
1665573300,4150,4150.25,4145.25,4148.25
1665573600,4148,4149.75,4146.25,4149
1665573900,4149,4152.25,4147.75,4151.75
1665574200,4151.5,4152.5,4150.25,4151
1665574500,4151,4155,4149.75,4153.5
1665574800,4153.25,4153.75,4149.25,4150.5
1665575100,4150.25,4150.5,4146.5,4148.5
1665575400,4148.5,4150,4145.75,4148.5
1665575700,4148.5,4151,4146.75,4146.75
1665576000,4147,4150.25,4147,4148
1665576300,4148.25,4151,4145.5,4150
1665576600,4149.75,4151.25,4148,4149.75
1665576900,4149.75,4153.25,4149.25,4152
1665577200,4152,4155.5,4148.5,4155.25
1665577500,4155.5,4158,4152,4153.5
1665577800,4153.25,4153.25,4127.5,4131
1665578100,4130.75,4134,4126.25,4131.25
1665578400,4131.5,4142,4128.5,4139.25
1665578700,4139.5,4140,4133,4134.75
1665579000,4134.75,4138.75,4131.25,4133.5
1665579300,4133.75,4136.5,4131.5,4133.75
1665579600,4133.5,4134.25,4127,4129
1665579900,4129.25,4129.25,4121.75,4123
1665580200,4123,4128.25,4122.5,4125.75
1665580500,4126,4131,4124.5,4130.75
1665580800,4130.75,4131.25,4127.5,4130.75
1665581100,4130.5,4130.5,4126.25,4129
1665581400,4129.25,4131.75,4110.75,4116.75
1665581700,4117,4139.25,4116,4135.5
1665582000,4135.5,4142.75,4128,4141.75
1665582300,4141.75,4146,4131.75,4133
1665582600,4133.25,4137,4128.75,4130.75
1665582900,4130.75,4140,4130,4135.75
1665583200,4136,4142.5,4133.5,4137.25
1665583500,4137,4138.5,4126,4130.5
1665583800,4130.5,4131.75,4125.25,4126.25
1665584100,4126.25,4132.25,4123.5,4129.25
1665584400,4129.5,4129.5,4117.75,4123.5
1665584700,4123.25,4135.75,4122,4131.75
1665585000,4131.75,4139.5,4128.75,4135.25
1665585300,4135,4135,4125.75,4126.25
1665585600,4126.25,4126.5,4121.5,4122
1665585900,4122,4127,4118,4125.5
1665586200,4125.25,4131,4124,4129.75
1665586500,4130,4131.5,4125.25,4126.25
1665586800,4126.25,4135,4125,4131.25
1665587100,4131,4135,4129.5,4133
1665587400,4133,4137,4132.25,4135.5
1665587700,4135.75,4139.25,4133.25,4137.5
1665588000,4137.5,4139.75,4132.25,4134.25
1665588300,4134.5,4135.5,4130.25,4135.25
1665588600,4135.5,4136.25,4128.75,4130.5
1665588900,4130.25,4137.25,4129.75,4131
1665589200,4131.25,4141.5,4130,4137.25
1665589500,4137,4137.5,4133.25,4135.75
1665589800,4135.75,4140.75,4135,4139.75
1665590100,4139.75,4142.25,4137.25,4139.75
1665590400,4139.75,4142.25,4137.5,4138.75
1665590700,4138.75,4145.75,4134.75,4135.75
1665591000,4135.75,4137,4129.5,4133
1665591300,4133.25,4135.75,4132.25,4135.5
1665591600,4135.75,4137,4132.25,4133.5
1665591900,4133.5,4135.75,4127.75,4129.5
1665592200,4129.5,4131,4126.5,4130.5
1665592500,4130.5,4131.5,4123.75,4125.25
1665592800,4125,4125.25,4123.75,4125
1665593100,4124.75,4130.25,4124.75,4129.25
1665593400,4129.25,4132,4128.75,4131.5
1665593700,4131.75,4134.75,4131,4133.25
1665594000,4133.25,4135.75,4129.75,4130.5
1665594300,4130.75,4134.75,4129.75,4133.75
1665594600,4133.75,4134.5,4132.25,4134
1665594900,4134,4134,4128.25,4128.5
1665595200,4128.25,4129.25,4127.25,4127.25
1665595500,4127.25,4131.25,4126.75,4130.75
1665595800,4130.75,4131,4123,4123.75
1665596100,4123.5,4124.5,4120.75,4124
1665596400,4124.25,4125.25,4121.25,4123.75
1665596700,4123.5,4127,4121.75,4125.5
1665597000,4125.5,4126.25,4121.75,4123.5
1665597300,4123.75,4124.5,4120.75,4123.25
1665597600,4123.25,4133.75,4118,4122.5
1665597900,4122.25,4135.5,4120,4130.25
1665598200,4130.25,4139,4125,4136.75
1665598500,4136.75,4138.25,4129.25,4133.75
1665598800,4134,4134.75,4125.75,4131
1665599100,4131,4140.25,4128.5,4138.25
1665599400,4138.5,4141.5,4132.25,4137
1665599700,4137,4140,4134.5,4136.75
1665600000,4136.75,4138.25,4132.5,4133.25
1665600300,4133.25,4135.25,4127.25,4128.75
1665600600,4128.75,4130.25,4123.25,4125.75
1665600900,4125.5,4128,4121.75,4124
1665601200,4124.25,4126.25,4118.75,4120.5
1665601500,4120.75,4125.75,4119,4122.75
1665601800,4123,4126,4122.5,4124.25
1665602100,4124.25,4128,4119.5,4127.5
1665602400,4127.5,4129,4124,4124.5
1665602700,4124.5,4127.25,4123,4123.25
1665603000,4123.5,4128.75,4122,4127.75
1665603300,4128,4130.25,4126.5,4127.25
1665603600,4127.5,4128.5,4125,4128
1665603900,4127.75,4128,4122.25,4122.75
1665604200,4122.75,4124.5,4119.25,4121.5
1665604500,4121.5,4121.75,4112.5,4112.75
1665604800,4112.75,4117,4112.5,4114.75
1665605100,4114.5,4117.25,4113.5,4117.25
1665605400,4117,4118.5,4116.25,4117
1665605700,4116.75,4118,4116,4117
1665606000,4117.25,4118.75,4117.25,4118.25
1665606300,4118.25,4119,4117.25,4117.25
1665606600,4117.25,4118.25,4116.75,4117.5
1665606900,4117.25,4117.75,4116.5,4117.5
1665607200,4117.5,4118.5,4116.25,4117.25
1665607500,4117.25,4118.75,4117.25,4118.75
1665607800,4118.5,4119,4117.75,4118.75
1665608100,4118.75,4119.25,4118.25,4118.5
1665612000,4121.5,4123.5,4120,4122.75
1665612300,4122.75,4122.75,4120.5,4121.5
1665612600,4121.5,4121.75,4119.5,4120.25
1665612900,4120.25,4121.25,4119.25,4119.5
1665613200,4119.75,4121.25,4119,4120
1665613500,4119.75,4120.75,4119.5,4120.5
1665613800,4120.75,4121,4119.25,4119.75
1665614100,4119.75,4120,4118.75,4119.25
1665614400,4119.25,4120.5,4119.25,4120
1665614700,4120.25,4120.25,4120,4120.25
1665615000,4120,4120.75,4119.25,4120.25
1665615300,4120.25,4120.25,4119.75,4120
1665615600,4120,4120.5,4118.75,4119.25
1665615900,4119.25,4119.5,4118.5,4118.75
1665616200,4119,4121.25,4118.75,4121.25
1665616500,4121.25,4121.75,4120.75,4121
1665616800,4121.25,4122,4120.75,4120.75
1665617100,4120.5,4121.5,4120.25,4121
1665617400,4121.25,4121.75,4121.25,4121.25
1665617700,4121.25,4121.75,4121,4121.25
1665618000,4121.25,4122.25,4121.25,4121.75
1665618300,4121.75,4123,4121.25,4122.75
1665618600,4122.75,4125,4122.75,4123
1665618900,4123,4124.5,4122.75,4123.5
1665619200,4123.25,4124,4119.5,4123.5
1665619500,4123.25,4125.75,4123,4125.5
1665619800,4125.5,4125.5,4123.75,4124
1665620100,4124,4125,4123.25,4124
1665620400,4123.75,4125.75,4123.75,4125
1665620700,4125,4126.5,4124.25,4124.25
1665621000,4124.25,4126,4124.25,4124.75
1665621300,4124.75,4125.75,4123.5,4123.75
1665621600,4123.75,4124.5,4123.25,4123.5
1665621900,4123.5,4123.5,4122,4123.25
1665622200,4123.25,4126.75,4123.25,4126.25
1665622500,4126.5,4127.5,4125.5,4126.25
1665622800,4126.25,4127.75,4126,4126.5
1665623100,4126.25,4127,4125.5,4126
1665623400,4125.75,4127,4125.25,4125.75
1665623700,4126,4126,4124.25,4125.75
1665624000,4125.5,4126.25,4121.5,4122
1665624300,4122,4123.5,4121.75,4122.5
1665624600,4122.5,4124,4121.5,4122.25
1665624900,4122,4123.75,4121.25,4121.5
1665625200,4121.5,4123,4120.5,4122.75
1665625500,4122.5,4124.5,4122,4123.75
1665625800,4123.75,4125.5,4123.25,4123.25
1665626100,4123.5,4124,4121,4121.75
1665626400,4121.5,4122.25,4120.5,4121
1665626700,4121,4122.25,4120.25,4121.75
1665627000,4121.5,4121.5,4116.5,4117.5
1665627300,4117.25,4117.75,4115.75,4116.75
1665627600,4116.75,4117.75,4115.5,4117.5
1665627900,4117.25,4117.75,4116,4116.5
1665628200,4116.25,4118.5,4116,4118
1665628500,4118,4119.25,4117.75,4118.25
1665628800,4118,4119.5,4117.75,4119.25
1665629100,4119.25,4119.5,4118,4118.5
1665629400,4118.25,4121.75,4118,4119.75
1665629700,4119.75,4120,4118.25,4119
1665630000,4119.25,4120.5,4119,4119.5
1665630300,4119.25,4120.5,4118.75,4120.25
1665630600,4120.25,4121,4119.5,4121
1665630900,4120.75,4121,4119.75,4120.25
1665631200,4120.25,4120.25,4118.5,4118.5
1665631500,4118.75,4120,4118.5,4119.75
1665631800,4120,4120,4119.25,4119.75
1665632100,4119.75,4120.75,4119.75,4120
1665632400,4120.25,4120.25,4119.5,4119.75
1665632700,4120,4120,4119,4119.5
1665633000,4119.75,4119.75,4119.25,4119.5
1665633300,4119.5,4120,4118.75,4119
1665633600,4119,4119.75,4118.75,4119
1665633900,4119,4119,4117.5,4118.5
1665634200,4118.75,4119.75,4118.25,4119.25
1665634500,4119.5,4120.5,4119.25,4120.25
1665634800,4120.25,4120.25,4118.75,4119.25
1665635100,4119.25,4119.25,4117.75,4118.5
1665635400,4118.5,4119.75,4118.25,4119.25
1665635700,4119,4119,4117.5,4117.75
1665636000,4117.75,4118.25,4117,4117
1665636300,4117.25,4117.5,4116.25,4117.5
1665636600,4117.5,4117.75,4116.75,4116.75
1665636900,4117,4117.75,4116.75,4117.25
1665637200,4117.25,4117.25,4114.5,4115.25
1665637500,4115.25,4116.25,4114.5,4116.25
1665637800,4115.75,4117.75,4115.25,4117.5
1665638100,4117.5,4117.75,4115.75,4115.75
1665638400,4115.75,4116.5,4113.5,4115.25
1665638700,4115.5,4117,4114.75,4116.75
1665639000,4116.75,4118.75,4116,4118.5
1665639300,4118.5,4119.25,4118,4118.75
1665639600,4118.5,4122,4118.25,4120
1665639900,4119.75,4119.75,4117.25,4118
1665640200,4117.75,4118.75,4116.75,4117.25
1665640500,4117.25,4117.25,4113.25,4114
1665640800,4113.75,4117.25,4111.25,4116
1665641100,4116,4117.25,4115,4115.5
1665641400,4115.75,4117,4111.5,4112.75
1665641700,4112.75,4116,4111.25,4114.25
1665642000,4114.25,4116,4112.75,4113.5
1665642300,4113.5,4114,4111.75,4112.5
1665642600,4112.5,4115.5,4111.5,4114.25
1665642900,4114.25,4114.25,4111.5,4112.25
1665643200,4112.25,4114,4112.25,4112.75
1665643500,4112.5,4115,4112.5,4114.75
1665643800,4114.5,4117,4114.5,4116.5
1665644100,4116.75,4117,4114.25,4114.25
1665644400,4114,4114.5,4107.75,4109.5
1665644700,4109.25,4112.25,4107,4110.75
1665645000,4110.75,4116,4109.25,4116
1665645300,4116,4120.5,4115.75,4119.25
1665645600,4119,4120.5,4116.75,4119
1665645900,4119,4122,4117.75,4121.75
1665646200,4121.5,4121.5,4115.5,4117.75
1665646500,4117.75,4118.5,4115.5,4117.75
1665646800,4117.75,4123.25,4117.5,4121
1665647100,4120.75,4122,4119,4119.75
1665647400,4119.75,4121.5,4118.75,4120.5
1665647700,4120.5,4121.75,4119.25,4119.75
1665648000,4119.75,4120.75,4117.5,4118.75
1665648300,4119,4120,4116.25,4116.75
1665648600,4116.75,4117.75,4115.5,4116.75
1665648900,4116.75,4118.25,4115.75,4117.25
1665649200,4117.25,4117.75,4115.75,4117
1665649500,4117,4120.5,4115.5,4120.25
1665649800,4120.25,4124,4119.25,4122.5
1665650100,4122.5,4124.5,4121.5,4124.5
1665650400,4124.5,4126.25,4124.5,4125
1665650700,4125,4126,4123.75,4125.75
1665651000,4125.75,4127.75,4125.5,4127.25
1665651300,4127.25,4129,4127,4127.25
1665651600,4127.25,4129.75,4127,4129.75
1665651900,4129.75,4131.5,4128.75,4130.5
1665652200,4130.75,4135.25,4130,4134.75
1665652500,4134.5,4135.75,4133,4134.5
1665652800,4134.5,4136.5,4131.75,4133
1665653100,4133.25,4134.25,4132.25,4133.25
1665653400,4133,4135.5,4132.75,4134.75
1665653700,4134.25,4134.25,4130.75,4132.75
1665654000,4132.75,4133.5,4131.5,4131.5
1665654300,4131.5,4134,4131,4131.5
1665654600,4131.5,4131.75,4130.25,4130.5
1665654900,4130.5,4130.75,4128.25,4129.75
1665655200,4129.5,4130.5,4128.5,4129.25
1665655500,4129.5,4129.5,4127.25,4127.75
1665655800,4127.75,4129.75,4127.25,4129.25
1665656100,4129,4129.75,4128,4128.75
1665656400,4129,4130.75,4128,4130
1665656700,4130.25,4132,4130.25,4130.25
1665657000,4130.5,4131,4129.25,4130.75
1665657300,4130.75,4131.75,4130,4131.5
1665657600,4131.5,4134.5,4131.5,4133.5
1665657900,4133.75,4135.5,4132,4135
1665658200,4135,4135,4131.75,4132
1665658500,4132.25,4133.25,4131.75,4132.5
1665658800,4132.75,4133.25,4131.5,4132.5
1665659100,4132.75,4134.5,4132.5,4132.75
1665659400,4132.75,4136.25,4132.75,4136
1665659700,4136,4138.25,4135,4136.75
1665660000,4136.75,4137.25,4133.75,4134
1665660300,4134,4138.25,4133.75,4137
1665660600,4136.75,4143.25,4136,4139.5
1665660900,4139.5,4156.75,4139.25,4153
1665661200,4153,4157.75,4147.75,4149
1665661500,4149.25,4150.25,4145.25,4148.5
1665661800,4148.75,4150.5,4146.25,4150
1665662100,4149.75,4151,4147.5,4148.25
1665662400,4148.5,4153.75,4148,4152.25
1665662700,4152.5,4155,4149.25,4150.25
1665663000,4150,4151,4148,4149.75
1665663300,4149.5,4154,4149,4152.75
1665663600,4152.5,4154.25,4149.75,4152.75
1665663900,4152.5,4170,4148.75,4149.5
1665664200,4149.25,4152.25,4035.5,4048.5
1665664500,4048.5,4055.75,4045.25,4049.5
1665664800,4049.5,4052.75,4039.25,4040.5
1665665100,4040.75,4041.25,4032,4036.5
1665665400,4036.75,4045.5,4033.5,4040.25
1665665700,4040,4046.5,4037.5,4045.75
1665666000,4045.75,4050.75,4040.5,4042
1665666300,4041.75,4043.5,4037.75,4041
1665666600,4041,4044.25,4036.5,4039.25
1665666900,4039.25,4039.5,4029,4030
1665667200,4029.75,4039.25,4029.5,4035.5
1665667500,4035.25,4040,4034.25,4038.5
1665667800,4038.5,4045.25,4027.25,4045.25
1665668100,4045,4045.75,4031.25,4036.25
1665668400,4036.25,4048.25,4032.25,4037.75
1665668700,4038,4056.25,4034.75,4054.75
1665669000,4055,4071.25,4053.5,4064.25
1665669300,4064.25,4067,4057.5,4065.5
1665669600,4065.75,4073,4060.25,4072.5
1665669900,4072.5,4082,4067.75,4077.25
1665670200,4077.25,4084.75,4070,4084
1665670500,4084.25,4087.75,4075.25,4076.25
1665670800,4076.25,4079.25,4071.5,4073.75
1665671100,4073.5,4076,4063.25,4066
1665671400,4066,4078.75,4063.75,4068.75
1665671700,4068.75,4076.5,4064.5,4075.5
1665672000,4075.5,4082.75,4071.75,4077.25
1665672300,4077,4089,4075.25,4085.75
1665672600,4085.75,4087.5,4077,4083.75
1665672900,4083.75,4093.5,4081.75,4081.75
1665673200,4082.25,4090.75,4079.75,4090
1665673500,4090.25,4114.75,4089.25,4111.5
1665673800,4111.5,4116.75,4105.5,4116.25
1665674100,4116.25,4150.75,4111,4136.75
1665674400,4137,4173.75,4136,4146
1665674700,4146,4151.75,4137.5,4149.5
1665675000,4149.5,4156,4144.5,4152
1665675300,4152,4195.25,4151.75,4185
1665675600,4185,4200.75,4175.25,4176.5
1665675900,4176.75,4179.25,4167,4168.5
1665676200,4168.5,4179.25,4162.75,4175.5
1665676500,4175.5,4179.75,4167.25,4175.75
1665676800,4175.75,4187.25,4175,4185.5
1665677100,4185.5,4187,4174.75,4176
1665677400,4176.25,4178.5,4163,4166.5
1665677700,4166.75,4171.25,4159.25,4160.75
1665678000,4160.5,4169.25,4156.75,4164
1665678300,4164,4166,4157.5,4160.5
1665678600,4160.75,4167.75,4158.25,4166.25
1665678900,4166.25,4168.5,4161.5,4164
1665679200,4164,4179.5,4163.25,4177.5
1665679500,4177.5,4181.25,4172.5,4180.75
1665679800,4181,4184.75,4175.25,4176
1665680100,4176,4179.5,4173,4177
1665680400,4177.25,4186.75,4176.75,4185.5
1665680700,4185.5,4187,4179.75,4180.5
1665681000,4180.5,4183.75,4177.25,4180.75
1665681300,4180.75,4187.75,4180.25,4185.5
1665681600,4185.75,4197,4185.5,4195.75
1665681900,4195.5,4205.25,4194,4200.75
1665682200,4201,4213,4201,4210.5
1665682500,4210.25,4211.75,4202.25,4205.75
1665682800,4206,4207,4198,4200
1665683100,4200,4203,4196.25,4202
1665683400,4202.25,4206.25,4200,4203.25
1665683700,4203.5,4204.25,4199.5,4203.25
1665684000,4203.25,4203.25,4197.75,4202
1665684300,4202,4204.75,4196.75,4199.25
1665684600,4199.25,4201.75,4193.75,4199.5
1665684900,4199.5,4203.5,4198.5,4200.5
1665685200,4200.75,4201.25,4197,4199
1665685500,4198.75,4199,4187.5,4189
1665685800,4189,4194.5,4188.75,4194.25
1665686100,4194.25,4202.75,4193.25,4201.25
1665686400,4201,4204.75,4198,4204.25
1665686700,4204.5,4210,4202.75,4206.5
1665687000,4206.25,4215.25,4205.25,4212
1665687300,4212.25,4219.25,4211,4216
1665687600,4216,4216.25,4210,4212.75
1665687900,4212.75,4223,4212,4222.5
1665688200,4222.5,4223,4215.75,4216
1665688500,4216.25,4221.25,4215.25,4217.25
1665688800,4217.25,4217.5,4210.75,4213.25
1665689100,4213.25,4215,4207.75,4208.75
1665689400,4208.5,4214.5,4200.25,4202.75
1665689700,4202.75,4205.75,4198.25,4205
1665690000,4204.75,4211,4200.5,4209.5
1665690300,4209.25,4214.5,4205.75,4210.25
1665690600,4210.5,4220.25,4204.25,4214.75
1665690900,4214.5,4215.75,4205.25,4207.25
1665691200,4207.5,4213.5,4206.25,4209.25
1665691500,4209,4211,4208.25,4208.25
1665691800,4208.25,4209,4203.5,4204
1665692100,4203.75,4207.75,4203.5,4207.75
1665692400,4207.75,4208,4205.75,4206
1665692700,4206,4208.25,4205.75,4208
1665693000,4207.75,4209,4207.25,4208.5
1665693300,4208.25,4209,4207.25,4207.75
1665693600,4208,4208,4206.25,4206.75
1665693900,4206.5,4206.75,4205.25,4206
1665694200,4206.25,4208.25,4206,4206.5
1665694500,4206.5,4207,4205.25,4205.5
1665698400,4205.5,4210.25,4205.5,4207.5
1665698700,4207.75,4209,4206.5,4208.25
1665699000,4208.25,4209,4206.5,4208
1665699300,4208,4211.25,4208,4210.5
1665699600,4210.5,4210.75,4204.5,4205
1665699900,4205.25,4205.5,4203.25,4205
1665700200,4205,4206.75,4204.75,4206.75
1665700500,4206.75,4207,4206,4206.75
1665700800,4206.5,4208.25,4206.25,4208.25
1665701100,4208.25,4211,4207.25,4209.5
1665701400,4209.75,4210.75,4208,4208.75
1665701700,4208.5,4210.5,4207.75,4208.25
1665702000,4208.25,4208.5,4206.25,4206.5
1665702300,4206.5,4207.5,4205.75,4206.25
1665702600,4206.5,4208.25,4206.25,4208
1665702900,4207.75,4209.25,4207.5,4209
1665703200,4208.75,4209,4207,4207.25
1665703500,4207.5,4208.75,4207.25,4208
1665703800,4208.25,4209.75,4207.5,4207.75
1665704100,4207.75,4208.5,4206,4206.25
1665704400,4206.25,4206.5,4204.75,4205.5
1665704700,4205.5,4208.75,4205.5,4208.25
1665705000,4208.25,4209.25,4206.75,4207.75
1665705300,4207.25,4208,4205,4205
1665705600,4205,4205,4202.25,4203.75
1665705900,4204,4206.25,4200,4200.5
1665706200,4200.75,4200.75,4196.25,4197.25
1665706500,4197.25,4198.5,4195.5,4196.75
1665706800,4196.75,4199.25,4196.25,4198.75
1665707100,4198.5,4203.5,4198.5,4203.5
1665707400,4203.5,4204,4201.5,4203.75
1665707700,4203.75,4205.25,4203.25,4204.75
1665708000,4205,4206.75,4201.75,4203.25
1665708300,4203,4205.25,4201.75,4204.5
1665708600,4204.5,4205.75,4202.75,4204
1665708900,4204,4205.5,4202.25,4204.25
1665709200,4204.5,4206.75,4204,4206.25
1665709500,4206.25,4207,4203.5,4204.5
1665709800,4204.25,4205,4202.75,4203.5
1665710100,4203.25,4205.5,4203.25,4205.25
1665710400,4205.25,4208.5,4204.25,4204.75
1665710700,4204.75,4205.5,4202.25,4204
1665711000,4204.25,4213.25,4204.25,4211
1665711300,4210.75,4215.75,4209.5,4214.75
1665711600,4214.5,4224.75,4213.75,4224.75
1665711900,4224.5,4231.25,4223.25,4229
1665712200,4228.75,4230,4226.25,4229.25
1665712500,4229.5,4230.5,4227.5,4228.75
1665712800,4228.75,4229.25,4226,4227.25
1665713100,4227.25,4228.75,4226,4226.5
1665713400,4226.5,4227.25,4224.75,4226
1665713700,4226.25,4228.75,4225.25,4227.5
1665714000,4227.5,4229,4226.25,4228.5
1665714300,4228.5,4228.5,4227.25,4228.25
1665714600,4228.25,4230.75,4227.75,4230.75
1665714900,4230.75,4236,4230,4231
1665715200,4231,4232.25,4227.75,4228.75
1665715500,4229,4229.25,4226.5,4227
1665715800,4227,4227,4225.25,4226.75
1665716100,4226.5,4228.5,4226.25,4228
1665716400,4228,4229.75,4227.75,4228.5
1665716700,4228.25,4229.25,4226.75,4227
1665717000,4227,4229.25,4226.5,4228.75
1665717300,4228.75,4229.25,4226,4226.75
1665717600,4227,4228.25,4226.75,4228
1665717900,4228,4230.25,4227.5,4230
1665718200,4230.25,4233.5,4229.25,4233.25
1665718500,4233.25,4233.75,4231.5,4232.75
1665718800,4233,4235.5,4232.5,4235
1665719100,4235.25,4240.75,4235,4236.75
1665719400,4237,4237.75,4234.75,4235
1665719700,4235,4235.5,4233.5,4235
1665720000,4235,4235.5,4233.5,4234.25
1665720300,4234.25,4235.25,4233.5,4234
1665720600,4234,4236,4233.5,4235.25
1665720900,4235,4235.75,4233,4233
1665721200,4233,4234,4232.75,4234
1665721500,4234,4234.25,4232,4232.5
1665721800,4232.5,4233,4229,4231
1665722100,4231,4231.75,4230.5,4231
1665722400,4231.25,4231.25,4229,4229.75
1665722700,4229.75,4232,4229.5,4231
1665723000,4230.75,4231.5,4229.25,4231.25
1665723300,4231,4231,4229.5,4230.25
1665723600,4230,4231,4227.75,4230
1665723900,4230,4231.25,4227.25,4230.75
1665724200,4230.75,4231,4227.25,4228.75
1665724500,4228.75,4230.75,4228,4230.75
1665724800,4230.75,4231.75,4229.25,4229.75
1665725100,4229.75,4230,4227.5,4228.25
1665725400,4228.25,4230.25,4226.25,4230.25
1665725700,4230.25,4232.25,4229,4232.25
1665726000,4232.25,4233.75,4231.25,4231.25
1665726300,4231.5,4232.75,4230.25,4231.5
1665726600,4231.5,4233,4229,4232.25
1665726900,4232,4232,4228,4229.25
1665727200,4229.25,4231.5,4226.75,4229
1665727500,4229.25,4230,4226.5,4227.75
1665727800,4228,4229.25,4224.75,4225.75
1665728100,4225.75,4231,4224.25,4230.25
1665728400,4230.5,4230.5,4225.75,4227.5
1665728700,4227.25,4235.75,4227,4234.75
1665729000,4234.5,4234.75,4231,4233.25
1665729300,4233.5,4237.25,4233.25,4234.5
1665729600,4234.25,4238.25,4233.5,4236.75
1665729900,4236.5,4238.75,4232.5,4233.25
1665730200,4233.25,4233.75,4228.75,4229.5
1665730500,4229.5,4231,4228.5,4230
1665730800,4229.75,4231,4225.25,4226.25
1665731100,4226.25,4230,4223.5,4228.75
1665731400,4228.5,4230,4225.75,4227.25
1665731700,4227.5,4227.5,4222.5,4223.5
1665732000,4224,4224.5,4214,4214.25
1665732300,4214,4217.25,4211.75,4216
1665732600,4216,4216,4209,4209.5
1665732900,4209.5,4212.25,4207,4212.25
1665733200,4212.25,4220.5,4211.25,4217
1665733500,4217,4217.25,4210.75,4212.75
1665733800,4212.5,4217.25,4210,4217
1665734100,4217,4220,4215.25,4216.25
1665734400,4216.25,4216.5,4209.5,4211.5
1665734700,4211.25,4212.75,4209,4209.75
1665735000,4210,4212.75,4208,4212
1665735300,4211.75,4212.75,4207,4207.75
1665735600,4208,4209,4200,4200.75
1665735900,4201,4201.75,4198.25,4199.75
1665736200,4199.75,4202,4198.75,4200
1665736500,4200,4202.5,4199.25,4202
1665736800,4202,4202.75,4198.75,4199.25
1665737100,4199.25,4200,4195.5,4196.25
1665737400,4196.5,4197.5,4191.75,4193.5
1665737700,4193.5,4194,4190.25,4192.5
1665738000,4192.5,4192.5,4190.25,4190.5
1665738300,4190.5,4194.25,4190.25,4192.25
1665738600,4192.5,4195,4192,4193.5
1665738900,4193.5,4196.75,4191.75,4195.75
1665739200,4195.5,4198.25,4194.25,4195.75
1665739500,4196,4196.25,4190.25,4190.5
1665739800,4190.5,4193,4190.25,4191
1665740100,4191.25,4193,4190.25,4192.75
1665740400,4192.75,4193,4190.25,4190.75
1665740700,4190.5,4199,4185.5,4196.25
1665741000,4196.25,4196.5,4190,4194
1665741300,4194,4201.5,4193.5,4200.25
1665741600,4200.25,4208.5,4198.5,4205.75
1665741900,4206,4211.25,4204.75,4207.75
1665742200,4207.75,4209,4204.75,4205.75
1665742500,4205.75,4206.75,4202.25,4206.25
1665742800,4206,4211.25,4203,4210
1665743100,4210.25,4229.25,4207.5,4219
1665743400,4219.25,4223.5,4213.5,4216
1665743700,4216.25,4218.5,4213.75,4214.5
1665744000,4214.75,4215.25,4212,4215.25
1665744300,4215,4219.75,4213,4219.75
1665744600,4219.75,4224,4218.25,4219.75
1665744900,4219.75,4224,4218.5,4223.5
1665745200,4223.5,4223.75,4217.75,4218.5
1665745500,4218.75,4223.5,4218,4223.5
1665745800,4223.5,4227.75,4222.75,4225.75
1665746100,4225.5,4227.75,4222.25,4223
1665746400,4223,4227.25,4223,4226
1665746700,4226.5,4226.75,4220.25,4220.75
1665747000,4220.75,4220.75,4214.25,4216.5
1665747300,4216.75,4219.5,4214.25,4215.5
1665747600,4215.5,4217.75,4208.25,4209
1665747900,4209,4212,4205.5,4206.25
1665748200,4206.25,4207,4201.5,4202.25
1665748500,4202,4203.5,4198,4198.75
1665748800,4199,4204.75,4197.75,4203.75
1665749100,4204,4208,4202.75,4208
1665749400,4207.75,4208.75,4202.5,4202.75
1665749700,4203,4207.75,4202.25,4207.25
1665750000,4207.5,4213.75,4207.25,4213
1665750300,4213,4215.5,4209,4209.5
1665750600,4209.5,4220.75,4200,4214.75
1665750900,4215,4219.25,4210,4217
1665751200,4217,4218,4211.25,4217.5
1665751500,4217.5,4229,4217.5,4228.5
1665751800,4228.25,4245.25,4227.25,4244.25
1665752100,4244.25,4259,4243.25,4248.75
1665752400,4248.75,4250,4240.75,4248.25
1665752700,4248.25,4249.75,4241,4248.75
1665753000,4248.75,4251.5,4241.25,4242.25
1665753300,4242.25,4243,4237.5,4240.5
1665753600,4240.5,4241.25,4238,4238.5
1665753900,4238.5,4238.5,4230.25,4232.75
1665754200,4232.75,4239.75,4221.5,4226.25
1665754500,4226.5,4250.5,4224,4248.25
1665754800,4248.5,4249.25,4219.25,4220.25
1665755100,4220.5,4220.5,4208.75,4214.5
1665755400,4214.5,4224.25,4207,4212.25
1665755700,4212.5,4220,4211.5,4213.25
1665756000,4213.75,4214.25,4178.75,4196
1665756300,4196,4205.75,4186,4188.75
1665756600,4189,4193,4164,4168.5
1665756900,4168.25,4174.5,4164,4170.5
1665757200,4170.75,4170.75,4153.25,4156.5
1665757500,4156.75,4171.5,4153.25,4166.75
1665757800,4166.75,4175.75,4163.75,4165.5
1665758100,4165.5,4173,4162.5,4167.75
1665758400,4167.75,4174.25,4150.25,4150.75
1665758700,4150.75,4160.25,4150.25,4152.25
1665759000,4152.25,4167.25,4150.25,4163.5
1665759300,4163.25,4170.75,4160.25,4167.25
1665759600,4167.5,4182,4167,4179.75
1665759900,4179.75,4179.75,4168,4170
1665760200,4170,4172,4159.25,4161.25
1665760500,4161,4163.75,4153,4155
1665760800,4155,4167,4154.75,4163.75
1665761100,4163.75,4170.25,4163.25,4168.25
1665761400,4168.5,4168.5,4156,4157.25
1665761700,4157.25,4161,4151.75,4159.5
1665762000,4159.25,4163,4150.25,4154.25
1665762300,4154.5,4154.5,4143.75,4147.5
1665762600,4147.25,4151.75,4139.25,4146
1665762900,4145.75,4149.5,4143,4143.5
1665763200,4143.75,4157.25,4141.5,4154.25
1665763500,4154.25,4154.25,4134.5,4135
1665763800,4135,4140.75,4132.5,4134
1665764100,4134,4139.75,4130.75,4138.5
1665764400,4138.25,4142,4134.5,4139.25
1665764700,4139,4143.75,4137.5,4143.25
1665765000,4143.25,4147.5,4139,4139.75
1665765300,4139.5,4149.5,4138.5,4146.25
1665765600,4146.25,4154.5,4145,4152.25
1665765900,4152,4152.5,4143.25,4143.5
1665766200,4143.5,4143.75,4137.25,4139.25
1665766500,4139.25,4141,4137.5,4139.75
1665766800,4140,4148.75,4138.5,4144.5
1665767100,4144.25,4144.5,4134.25,4136.25
1665767400,4136.5,4141,4134,4134.25
1665767700,4134,4139.5,4134,4136.5
1665768000,4136.5,4140.5,4131.25,4137.5
1665768300,4137.25,4141.5,4134,4140.25
1665768600,4140.5,4145.75,4138.75,4143.5
1665768900,4143.25,4145.75,4137.75,4143.25
1665769200,4143.25,4146.75,4139.25,4140
1665769500,4140.25,4145.75,4139.75,4143
1665769800,4143,4143,4138.5,4142.25
1665770100,4142.25,4148.25,4140.25,4147.75
1665770400,4148,4148,4140.5,4143
1665770700,4143,4144.25,4136.5,4139.5
1665771000,4139.5,4139.75,4133,4133.75
1665771300,4133.5,4135,4127,4127.25
1665771600,4127.5,4131,4127,4129.5
1665771900,4129.25,4131,4124,4130
1665772200,4130,4131.5,4126.5,4128
1665772500,4127.75,4130.25,4126.25,4127.75
1665772800,4127.75,4129.25,4121.75,4127.5
1665773100,4127.25,4129.5,4123.25,4129
1665773400,4128.75,4130,4126.5,4127.25
1665773700,4127,4131.25,4125.5,4131
1665774000,4131,4140.25,4130.5,4136.5
1665774300,4136.25,4137.25,4127.25,4129.5
1665774600,4129.25,4131.5,4123.75,4125
1665774900,4124.75,4125.25,4120.25,4124.75
1665775200,4124.75,4131,4122.75,4129.5
1665775500,4129.5,4134.75,4127.5,4133.25
1665775800,4133.5,4139,4128.75,4138.75
1665776100,4139,4141,4130,4132.5
1665776400,4132.75,4133.25,4127.75,4131.75
1665776700,4131.75,4131.75,4124.75,4129.5
1665777000,4129.25,4133.75,4125.5,4129.5
1665777300,4129.5,4129.75,4116.5,4124.5
1665777600,4124.5,4126.5,4122,4123
1665777900,4122.75,4125.25,4122.25,4124.75
1665778200,4124.75,4126.75,4123.75,4125.75
1665778500,4126,4126.5,4124.25,4126.25
1665778800,4126,4126.25,4123.5,4124.25
1665779100,4124.25,4124.75,4122.75,4122.75
1665779400,4122.75,4124,4122.25,4123.75
1665779700,4123.75,4124.75,4123.25,4124.5
1665780000,4124.75,4125,4123.75,4124
1665780300,4124,4124.75,4122.75,4123
1665780600,4123,4123.5,4121.75,4122.25
1665780900,4122.5,4125.75,4121.75,4121.75
1665957600,4116.25,4131.25,4115.75,4129.75
1665957900,4129.5,4134.5,4127.75,4132
1665958200,4132.25,4133.5,4131.25,4133.25
1665958500,4133.5,4134.25,4129.5,4130.5
1665958800,4130.75,4131.75,4129.5,4131.5
1665959100,4131.25,4136.25,4131,4134
1665959400,4134,4136,4133.25,4134.25
1665959700,4134.25,4136.75,4134,4134.25
1665960000,4134.5,4134.75,4132.75,4133
1665960300,4133.25,4137.75,4133,4136.75
1665960600,4136.5,4137.25,4134.5,4134.5
1665960900,4134.25,4135.75,4134.25,4135.25
1665961200,4135.25,4136.75,4135,4136
1665961500,4136,4136.5,4133.25,4134
1665961800,4134,4135.75,4134,4135
1665962100,4135,4136.5,4132.75,4132.75
1665962400,4133,4133.25,4130,4131.25
1665962700,4131.5,4133.75,4131,4133.5
1665963000,4133.25,4136.5,4133,4136.25
1665963300,4136.25,4140.25,4136.25,4137.25
1665963600,4137,4138.25,4136,4137
1665963900,4137,4140,4137,4139
1665964200,4139.25,4141.75,4138.5,4141.5
1665964500,4141.5,4141.75,4139,4140.25
1665964800,4140,4141.25,4138.25,4140.75
1665965100,4140.5,4141.75,4139,4140.25
1665965400,4140.25,4140.25,4136.5,4136.75
1665965700,4136.75,4136.75,4131.25,4131.5
1665966000,4131.75,4135.25,4131.25,4135.25
1665966300,4135.5,4135.75,4132.5,4133.5
1665966600,4133.25,4137,4132.5,4135.25
1665966900,4135,4138.75,4134,4136
1665967200,4136.25,4139.25,4135.25,4138.25
1665967500,4138.25,4139.25,4135.5,4137.25
1665967800,4137.5,4137.75,4133.5,4136
1665968100,4136,4137,4134,4137
1665968400,4137.25,4138.75,4132.25,4136.25
1665968700,4136,4137.75,4133.5,4134
1665969000,4133.75,4136,4133.25,4133.5
1665969300,4133.75,4136.75,4133,4136.75
1665969600,4136.75,4138.75,4136.5,4138
1665969900,4138.25,4140.75,4137.75,4139.25
1665970200,4139,4141.5,4138,4140.5
1665970500,4140.25,4140.5,4138,4139.5
1665970800,4139.25,4140,4138.25,4139.25
1665971100,4139.25,4140.5,4138,4140
1665971400,4140,4140.25,4137,4138
1665971700,4137.75,4139.25,4135.75,4136.5
1665972000,4136.25,4138.75,4134.5,4136.5
1665972300,4136.5,4139.25,4136.5,4138.75
1665972600,4139,4140,4138,4138.75
1665972900,4138.75,4139.25,4136.25,4136.5
1665973200,4136.5,4136.75,4134.25,4136.25
1665973500,4136.5,4137,4135.5,4136.75
1665973800,4136.75,4137.5,4135.75,4136
1665974100,4136,4137,4134.5,4136.75
1665974400,4136.5,4138.75,4136,4138.25
1665974700,4138.5,4139.5,4137.5,4139.25
1665975000,4139.25,4139.25,4137.5,4138.5
1665975300,4138.25,4138.75,4137,4137.5
1665975600,4137.25,4139.5,4136.5,4137.25
1665975900,4137.25,4138.5,4137,4137.75
1665976200,4138,4138.5,4136.25,4138.25
1665976500,4138.25,4140,4138.25,4139.25
1665976800,4139.5,4141.25,4139.25,4140.25
1665977100,4140.25,4141.5,4140.25,4140.75
1665977400,4141,4141,4138.5,4138.5
1665977700,4138.75,4140.75,4138.75,4140.25
1665978000,4140.5,4140.75,4139,4139.5
1665978300,4139.5,4140.25,4138,4138
1665978600,4138.25,4138.75,4138,4138.5
1665978900,4138.25,4138.75,4137.5,4137.75
1665979200,4137.5,4137.75,4135.75,4136.25
1665979500,4136,4136.75,4135.75,4135.75
1665979800,4136,4137.5,4135.5,4136.75
1665980100,4137,4137,4136.25,4136.75
1665980400,4137,4137.25,4136.5,4136.5
1665980700,4136.5,4136.75,4135.25,4135.5
1665981000,4135.75,4138,4135.5,4137.75
1665981300,4137.5,4139.25,4137.25,4138.5
1665981600,4138.5,4139.5,4138.25,4139.25
1665981900,4139.25,4140,4138.25,4139.75
1665982200,4139.75,4140,4139.25,4139.75
1665982500,4139.5,4140,4138.75,4139.25
1665982800,4139,4141,4138.75,4140.75
1665983100,4140.75,4144.5,4140.25,4143.25
1665983400,4143.25,4146,4143.25,4144.75
1665983700,4144.75,4147.5,4144.5,4146.5
1665984000,4146.5,4147.25,4144.5,4145
1665984300,4144.75,4145.75,4144,4145.5
1665984600,4145.5,4145.5,4143.75,4144.25
1665984900,4144.5,4144.75,4143,4144
1665985200,4143.75,4146.25,4143.5,4146
1665985500,4146,4146.25,4144.5,4144.75
1665985800,4144.75,4149.5,4144.75,4148.75
1665986100,4148.75,4152.75,4148.25,4149.5
1665986400,4149.5,4152.25,4148.5,4150.25
1665986700,4150.5,4151.25,4148.25,4148.5
1665987000,4148.5,4154,4148.25,4153.5
1665987300,4153.25,4154.25,4151,4152.25
1665987600,4152.25,4152.5,4148,4149
1665987900,4149,4150.5,4148,4150.5
1665988200,4150.25,4153,4147.5,4148.75
1665988500,4148.75,4150.5,4146.75,4148
1665988800,4148,4151.25,4148,4151
1665989100,4151,4152,4149.25,4151.25
1665989400,4151.25,4151.5,4147.75,4148.75
1665989700,4148.75,4151,4148.5,4149.75
1665990000,4149.75,4164,4148.75,4163.5
1665990300,4163.25,4163.5,4158.75,4162
1665990600,4161.75,4162.5,4155.5,4155.75
1665990900,4155.75,4158.75,4145,4146
1665991200,4146,4148.25,4141.75,4146.5
1665991500,4146.75,4152,4146,4151.75
1665991800,4151.75,4154.25,4148.25,4149.25
1665992100,4149.5,4151.75,4146.75,4148
1665992400,4147.75,4156.75,4147.5,4154
1665992700,4153.75,4157.75,4153.75,4156.75
1665993000,4156.75,4162.5,4155,4162
1665993300,4162,4165.25,4160.25,4160.5
1665993600,4160.5,4161.75,4156.75,4157.5
1665993900,4157.75,4159.75,4155.75,4159.75
1665994200,4159.25,4159.75,4155.75,4156
1665994500,4155.75,4156.5,4152,4156
1665994800,4156,4157.5,4155,4155.75
1665995100,4155.75,4156,4149.5,4149.5
1665995400,4149.5,4152,4148.5,4149.5
1665995700,4149.25,4156.5,4148.75,4155.25
1665996000,4155.5,4156.25,4152.75,4153.75
1665996300,4153.75,4156,4149.75,4152.25
1665996600,4152.5,4157.5,4152.5,4156.75
1665996900,4156.75,4158.5,4153.5,4155.5
1665997200,4155.75,4157.25,4154.5,4157
1665997500,4156.75,4157.5,4153,4156.25
1665997800,4156.25,4159,4154.75,4159
1665998100,4159,4159,4157,4157.75
1665998400,4157.5,4158.25,4156,4158.25
1665998700,4157.75,4160.75,4157.25,4160.25
1665999000,4160.5,4163.75,4159.75,4161
1665999300,4160.75,4162.5,4160.5,4161.5
1665999600,4161.5,4162.25,4160.25,4160.75
1665999900,4160.75,4164,4160.5,4163.25
1666000200,4163.25,4164.5,4161.75,4163
1666000500,4162.75,4163.75,4161.5,4163.5
1666000800,4163.25,4167.25,4161.75,4165
1666001100,4165,4173,4163.75,4171
1666001400,4171,4173.5,4168.5,4171.75
1666001700,4171.5,4172.25,4168,4169.5
1666002000,4169.25,4169.5,4166.25,4166.75
1666002300,4166.75,4167.25,4165.25,4165.5
1666002600,4165.25,4168.5,4165.25,4167
1666002900,4166.75,4167.25,4161.25,4162.25
1666003200,4162.25,4163.5,4161,4162
1666003500,4162,4165,4161.25,4163.75
1666003800,4163.5,4166.75,4163.25,4164.75
1666004100,4164.75,4170,4164.25,4168.5
1666004400,4168.5,4169.25,4161.75,4162.25
1666004700,4162.5,4164.75,4162,4164.5
1666005000,4164.75,4165.75,4164,4165.25
1666005300,4165,4167.5,4165,4167
1666005600,4167.25,4168.75,4166.75,4167.75
1666005900,4168,4170.75,4165,4165.5
1666006200,4165.25,4168,4165,4165
1666006500,4165,4166.5,4164.25,4166
1666006800,4166,4166.25,4162.5,4163
1666007100,4163,4165.25,4163,4164.5
1666007400,4164.5,4165.5,4164,4164.75
1666007700,4164.75,4167.75,4164.75,4166.5
1666008000,4166.5,4169,4164.5,4164.75
1666008300,4164.75,4165.25,4163,4164
1666008600,4163.75,4164.5,4159.25,4160
1666008900,4160.25,4163.75,4159.75,4161.5
1666009200,4161.5,4167.25,4161.25,4166.5
1666009500,4166.5,4168,4163,4166.25
1666009800,4166.25,4170.25,4162.75,4168
1666010100,4168,4169.5,4166,4167
1666010400,4167,4175.75,4167,4174
1666010700,4174,4175.75,4172.5,4173.25
1666011000,4173.25,4175.25,4172,4174
1666011300,4174.25,4175.5,4172.5,4174
1666011600,4174,4183,4174,4181.75
1666011900,4181.5,4182,4178.75,4180.25
1666012200,4180,4183.75,4180,4183.5
1666012500,4183.5,4185,4182.5,4184
1666012800,4184.25,4185,4180.5,4181.75
1666013100,4181.75,4188.5,4181.25,4187.75
1666013400,4187.5,4203.75,4186.75,4200
1666013700,4200.25,4213,4199.75,4212.75
1666014000,4212.75,4221.5,4212.75,4214.5
1666014300,4214.25,4217,4208,4217
1666014600,4217,4219.75,4209.25,4213
1666014900,4213,4214,4202.75,4206
1666015200,4206.25,4211.75,4203.25,4210.75
1666015500,4210.5,4215,4206.25,4209.25
1666015800,4209.25,4226.25,4209,4225.5
1666016100,4225.75,4227,4221.75,4223.25
1666016400,4223.25,4227.75,4216.75,4217.25
1666016700,4217.25,4217.75,4212.75,4215
1666017000,4215,4218.5,4209.25,4210.5
1666017300,4210.75,4219,4210.75,4216.5
1666017600,4216.75,4218,4213.75,4214.75
1666017900,4214.75,4216.5,4209.5,4211.5
1666018200,4211.5,4211.75,4198.25,4201
1666018500,4201,4203.5,4196.25,4201.75
1666018800,4202,4208.5,4201.5,4204.75
1666019100,4205,4206.25,4197.25,4198.5
1666019400,4198.25,4204.75,4197.75,4199.25
1666019700,4199.5,4199.5,4193.5,4195.5
1666020000,4195.25,4206.25,4195,4205.75
1666020300,4205.75,4212.25,4204,4211.25
1666020600,4211.25,4213.75,4208.25,4212.25
1666020900,4212.5,4214.5,4209.5,4213.75
1666021200,4214,4220,4213.5,4216
1666021500,4216,4217.5,4213.75,4217
1666021800,4217,4222.75,4215,4221.5
1666022100,4221.5,4221.75,4216,4216.5
1666022400,4216.75,4220,4214.75,4215.75
1666022700,4215.5,4223.75,4215,4223
1666023000,4223.25,4223.5,4211,4216.25
1666023300,4216.25,4217.25,4211.75,4212
1666023600,4212,4213.75,4209.25,4213.25
1666023900,4213.25,4218.5,4212,4216
1666024200,4216.25,4222,4215.25,4220.5
1666024500,4220.5,4222,4214.75,4217
1666024800,4217,4217.25,4206.75,4211.5
1666025100,4211.75,4215,4207.25,4213.25
1666025400,4213,4217,4211.5,4216.5
1666025700,4216.5,4216.75,4210.75,4212.5
1666026000,4212.75,4215,4206.75,4211
1666026300,4211,4216.25,4211,4213.75
1666026600,4213.5,4216.25,4212.25,4214.25
1666026900,4214,4218.25,4211,4211.75
1666027200,4211.75,4221,4210.25,4220.25
1666027500,4220,4220,4216,4218
1666027800,4218.25,4219.75,4217,4218.5
1666028100,4218.75,4220.25,4217.25,4220
1666028400,4220,4220.25,4216.5,4217.25
1666028700,4217,4224.75,4216.75,4222.75
1666029000,4222.75,4224.5,4221.75,4222.75
1666029300,4222.75,4223.25,4220,4222
1666029600,4222,4227.5,4218.25,4219.75
1666029900,4220,4220.75,4217,4220.25
1666030200,4220.25,4221.75,4216,4217.5
1666030500,4217.5,4218.25,4214.25,4218
1666030800,4218,4218,4212.25,4214
1666031100,4213.75,4216,4210.25,4215.25
1666031400,4215,4215.75,4211.5,4212.75
1666031700,4212.75,4219.25,4212.5,4218.75
1666032000,4219,4221.5,4217.75,4220.25
1666032300,4220,4221.25,4217.5,4219.25
1666032600,4219,4219.25,4215.25,4216.5
1666032900,4216.5,4219,4214.75,4215.75
1666033200,4215.75,4218.25,4211.25,4213.5
1666033500,4213.5,4216.75,4210.5,4212
1666033800,4212,4214.75,4210.25,4213.75
1666034100,4213.5,4214.75,4209.5,4214.25
1666034400,4214,4217.5,4209.75,4217.25
1666034700,4217,4218,4214.5,4217.5
1666035000,4217.5,4220.75,4214.75,4219
1666035300,4219,4219,4216,4217
1666035600,4217,4223.5,4215.25,4222.5
1666035900,4222.5,4223.25,4218.25,4218.75
1666036200,4219,4223.5,4218.5,4221
1666036500,4220.75,4221,4210.5,4215.25
1666036800,4215.5,4218,4213.75,4217.5
1666037100,4217.75,4221.5,4217.75,4221
1666037400,4221.25,4221.25,4220.25,4221
1666037700,4220.75,4225.5,4220.5,4225
1666038000,4225,4225.25,4222.75,4223.75
1666038300,4224,4224.5,4223.5,4223.5
1666038600,4223.75,4224.25,4223,4224
1666038900,4224,4225.25,4223.25,4224.75
1666039200,4224.5,4227.25,4224.25,4227
1666039500,4227,4227.5,4225.75,4226.5
1666039800,4226.75,4226.75,4224.5,4225.5
1666040100,4225.25,4226.25,4224.25,4224.75
1666044000,4231.5,4238.75,4231.25,4233
1666044300,4233,4233.25,4231.75,4232.5
1666044600,4232.75,4234.25,4232,4232.75
1666044900,4232.5,4237,4231.75,4236.5
1666045200,4236.5,4238,4234.25,4237.75
1666045500,4237.75,4242.25,4237.5,4240
1666045800,4239.75,4240,4237.75,4238.5
1666046100,4238.25,4238.25,4236.5,4236.75
1666046400,4236.5,4237.5,4235.5,4237
1666046700,4237,4239,4236.5,4238.5
1666047000,4238.5,4239.5,4237.5,4238.75
1666047300,4238.75,4239.5,4238.25,4238.5
1666047600,4238.5,4239.5,4238,4239
1666047900,4238.75,4240,4238.5,4240
1666048200,4239.75,4242,4239.75,4241.5
1666048500,4241.5,4242.5,4240.5,4241.75
1666048800,4241.75,4242.5,4241.25,4242
1666049100,4242.25,4244.25,4241.75,4243.75
1666049400,4243.75,4244.75,4241.75,4242.25
1666049700,4242.25,4244.75,4242,4244.75
1666050000,4244.75,4247.25,4244.75,4246
1666050300,4246,4246.5,4244.25,4246.25
1666050600,4246.25,4247.75,4244,4244
1666050900,4244,4245.25,4243.75,4245.25
1666051200,4245,4245.75,4241,4242
1666051500,4242,4244.25,4240.5,4244
1666051800,4244.25,4245.25,4242.75,4244.25
1666052100,4244.5,4244.5,4242.25,4243.5
1666052400,4243.5,4244.25,4241.5,4242.5
1666052700,4242.5,4245,4242.5,4244.25
1666053000,4244,4245,4241.75,4242.75
1666053300,4242.5,4242.75,4240.5,4242
1666053600,4241.75,4242.75,4241.25,4241.75
1666053900,4241.75,4243,4241,4242
1666054200,4242,4242,4239.75,4241
1666054500,4241,4244.25,4240,4244
1666054800,4244,4244.25,4241.75,4242.5
1666055100,4242.5,4244.75,4241.75,4244.5
1666055400,4244.5,4245.5,4243.5,4244.5
1666055700,4244.75,4244.75,4240.5,4241.5
1666056000,4241.25,4241.75,4239,4240.75
1666056300,4240.25,4241,4240,4240.75
1666056600,4240.75,4241.25,4237.5,4238.25
1666056900,4238.25,4240.5,4237.5,4239.5
1666057200,4239.5,4241.5,4239.25,4240
1666057500,4240,4240.75,4238.75,4240
1666057800,4239.75,4239.75,4238.25,4239
1666058100,4239.25,4239.5,4237.5,4239
1666058400,4239.25,4239.25,4237.5,4239
1666058700,4238.75,4239,4236.75,4237.5
1666059000,4237.5,4238.25,4236.75,4237.75
1666059300,4237.75,4239,4237.5,4238.25
1666059600,4238.25,4238.25,4237.25,4237.25
1666059900,4237.25,4238.75,4236.5,4238.5
1666060200,4238.5,4239,4237.75,4238
1666060500,4238.25,4238.25,4237.25,4237.75
1666060800,4237.75,4238.5,4236.5,4236.5
1666061100,4236.75,4237,4236,4236.75
1666061400,4236.75,4238.75,4236.5,4238.25
1666061700,4238.5,4239.25,4238,4238.25
1666062000,4238.25,4240.25,4238,4240
1666062300,4239.75,4241.5,4239.5,4240.75
1666062600,4240.75,4241.25,4239.75,4240.25
1666062900,4240.5,4244,4240.25,4243.5
1666063200,4243.75,4243.75,4241.5,4242.75
1666063500,4243,4243.5,4241.75,4243.5
1666063800,4243.5,4255,4242.75,4251.5
1666064100,4251.75,4255,4250.75,4254.75
1666064400,4254.5,4269.5,4254,4268
1666064700,4268,4273,4265.25,4271
1666065000,4270.75,4272.75,4268,4271.25
1666065300,4271.25,4271.5,4267.5,4267.75
1666065600,4267.75,4273,4267.25,4271.25
1666065900,4271.5,4274.25,4269.75,4270.25
1666066200,4270.25,4276.5,4269.5,4274.75
1666066500,4274.75,4282.25,4274.5,4279.75
1666066800,4279.75,4284.5,4279.5,4284.25
1666067100,4284.25,4289.25,4284,4286.25
1666067400,4286,4290,4284,4289
1666067700,4288.75,4289,4283,4283.75
1666068000,4283.75,4284.25,4280.5,4281.25
1666068300,4281.25,4282.25,4279.75,4279.75
1666068600,4280,4281,4278.5,4279
1666068900,4279,4280.25,4277.75,4279
1666069200,4279,4281,4277.75,4280.5
1666069500,4280.5,4281.25,4275,4275.25
1666069800,4275,4277.25,4273.5,4277.25
1666070100,4277.25,4277.25,4274.5,4275.5
1666070400,4275.5,4276.5,4274,4275
1666070700,4274.75,4276.25,4273.75,4274.75
1666071000,4274.5,4276.5,4274,4276.5
1666071300,4276.25,4277.75,4275,4277
1666071600,4277.25,4278.25,4274.5,4276.25
1666071900,4276,4276.5,4274.5,4275.25
1666072200,4275.25,4276.25,4274.25,4275
1666072500,4275,4275,4269.25,4271.25
1666072800,4271.5,4271.5,4267.75,4268.5
1666073100,4268.75,4269.25,4267.25,4268.5
1666073400,4268.5,4273,4268.5,4273
1666073700,4273.25,4275.75,4271.5,4273.25
1666074000,4273.5,4277.5,4272,4275.25
1666074300,4275.5,4277.75,4275,4276.75
1666074600,4277,4277,4273,4275.75
1666074900,4275.5,4277.5,4275.5,4277
1666075200,4277.25,4285.5,4277,4285.5
1666075500,4285.25,4285.5,4279,4279
1666075800,4279,4279.75,4274.5,4276
1666076100,4276,4276.5,4273.5,4274.5
1666076400,4274.25,4274.25,4269.25,4269.75
1666076700,4269.5,4270.5,4260.75,4262.5
1666077000,4262.5,4269,4262.25,4265
1666077300,4265,4267.5,4262.5,4264.25
1666077600,4264.25,4269,4258.75,4268.75
1666077900,4268.75,4271.25,4266.25,4268.25
1666078200,4268.25,4274.5,4267.75,4272.5
1666078500,4272.25,4273.25,4270.5,4272
1666078800,4271.75,4274.5,4271.5,4272.25
1666079100,4272.5,4275,4270.75,4274.5
1666079400,4274.5,4277,4273.25,4276.5
1666079700,4276.5,4281,4275.75,4278.25
1666080000,4278.25,4279.5,4275.25,4276
1666080300,4276,4278.5,4273.75,4274.75
1666080600,4275,4276.5,4273.75,4274.25
1666080900,4274.5,4275.75,4273.5,4274
1666081200,4274,4274.25,4269.75,4271.5
1666081500,4271.5,4274.75,4270.25,4272.25
1666081800,4272.5,4274.75,4271.5,4272
1666082100,4271.75,4272,4267.75,4269
1666082400,4269.25,4270,4262.75,4263.25
1666082700,4263,4267.25,4262.25,4266.25
1666083000,4266.25,4267.25,4263.75,4263.75
1666083300,4264,4264.5,4255,4255.75
1666083600,4256,4259.75,4251.25,4257.25
1666083900,4257.5,4257.5,4249.75,4251.75
1666084200,4251.75,4256.75,4250.75,4255.25
1666084500,4255,4259,4254,4257
1666084800,4257,4257,4250.75,4252.5
1666085100,4252.25,4254.75,4250.25,4254.75
1666085400,4255,4257.5,4249,4250.25
1666085700,4250,4253.25,4249.25,4250.75
1666086000,4250.75,4252.5,4248.75,4252.25
1666086300,4252.25,4257.75,4251.5,4256.25
1666086600,4256,4258.5,4254.5,4258
1666086900,4258,4262.75,4257.5,4262.25
1666087200,4262,4265.5,4261.25,4264.25
1666087500,4264.25,4266,4260.25,4262.25
1666087800,4262,4264.75,4259.75,4264.25
1666088100,4264.25,4266,4264,4265.5
1666088400,4265.75,4270,4265.5,4269
1666088700,4269,4271.25,4265.25,4267.25
1666089000,4267.25,4268,4264,4267.25
1666089300,4267,4277.75,4266.5,4273.75
1666089600,4273.5,4274.75,4267.75,4269
1666089900,4269,4271.25,4267,4267.75
1666090200,4267.75,4268,4263.5,4265.5
1666090500,4265.5,4267.25,4262.25,4264.75
1666090800,4264.75,4272.25,4263.25,4270
1666091100,4269.75,4275.25,4269.25,4273
1666091400,4273.25,4276,4271.75,4273.5
1666091700,4273.25,4273.75,4271,4271.25
1666092000,4271.25,4276.75,4271.25,4274.5
1666092300,4274.75,4275.75,4271.25,4274.25
1666092600,4274,4280,4273.5,4277.25
1666092900,4277.5,4279.5,4275,4279.5
1666093200,4279.5,4285,4278.5,4282.5
1666093500,4282.5,4287.25,4280,4286.25
1666093800,4286,4286.5,4282.5,4283
1666094100,4282.75,4284.75,4281.25,4282.75
1666094400,4283,4285.5,4281.75,4283.75
1666094700,4283.75,4286.5,4282.5,4286.25
1666095000,4286,4294.5,4286,4293
1666095300,4293.25,4296,4289.75,4290.75
1666095600,4291,4293,4287.25,4287.75
1666095900,4288,4290.25,4285.5,4290
1666096200,4290,4298.75,4289.75,4296.75
1666096500,4296.75,4298.5,4294.75,4297.5
1666096800,4297.5,4299.75,4295.25,4296.25
1666097100,4296.25,4299.75,4294,4299
1666097400,4298.75,4301,4296.75,4297.5
1666097700,4297.25,4301.25,4297.25,4298.75
1666098000,4298.75,4300.5,4294.5,4295
1666098300,4295,4295.25,4290.5,4292
1666098600,4291.75,4294.25,4288.25,4289
1666098900,4289,4291,4285.75,4287.5
1666099200,4287.5,4292.5,4287.25,4292
1666099500,4292,4299.25,4291.5,4298.75
1666099800,4298.75,4302.5,4290.25,4290.75
1666100100,4290.75,4298.25,4290.25,4292.5
1666100400,4292.5,4295.25,4286.25,4289
1666100700,4289.25,4290,4280.25,4287.5
1666101000,4287.5,4290.75,4272.25,4272.5
1666101300,4272.75,4282.25,4272.5,4278.75
1666101600,4278.75,4287.75,4278.25,4286.5
1666101900,4286.5,4291.5,4281.5,4289.75
1666102200,4289.75,4291.5,4285.25,4285.5
1666102500,4285.75,4288.75,4278.25,4281.75
1666102800,4281.75,4282,4270.75,4272.25
1666103100,4272.25,4275,4266.75,4267.25
1666103400,4267.25,4269.75,4264.25,4267
1666103700,4267,4267.75,4257.25,4258.75
1666104000,4258.75,4267.25,4258.5,4266.75
1666104300,4266.75,4273,4263.5,4270.75
1666104600,4270.5,4270.5,4265,4267.75
1666104900,4268,4268,4262,4262.75
1666105200,4262.75,4265.75,4257.75,4264.75
1666105500,4264.5,4267.5,4252,4253.75
1666105800,4253.75,4255.25,4240.75,4241.75
1666106100,4242,4246,4239.25,4240.25
1666106400,4240,4241.75,4230,4231.5
1666106700,4231.5,4237,4228.5,4234.5
1666107000,4234.5,4236,4228.75,4233.75
1666107300,4233.75,4235.25,4222.5,4229
1666107600,4229,4232,4223.25,4231.25
1666107900,4231.5,4238.25,4229.25,4237.5
1666108200,4237.5,4240.25,4235.5,4238.5
1666108500,4238.25,4240.25,4234.5,4239.25
1666108800,4239.5,4240.25,4237,4240.25
1666109100,4240.25,4249.25,4232.75,4248.5
1666109400,4248.25,4254,4247.25,4251
1666109700,4250.75,4255.25,4246.5,4252.25
1666110000,4252.25,4252.5,4244.5,4245.25
1666110300,4245.25,4247.75,4242,4246.75
1666110600,4246.75,4250.75,4243,4249.25
1666110900,4249,4259.75,4249,4257.25
1666111200,4257.25,4261.5,4256.25,4256.5
1666111500,4256.5,4257,4251.75,4255
1666111800,4255,4262,4254,4260.75
1666112100,4260.75,4261.5,4251.75,4251.75
1666112400,4251.75,4254,4239,4240.25
1666112700,4240.5,4250.75,4240,4246.5
1666113000,4246.5,4255.5,4244.5,4254.75
1666113300,4255,4255.75,4251.75,4253.75
1666113600,4254,4257.75,4249,4253.75
1666113900,4253.75,4260.5,4253.5,4259.75
1666114200,4259.75,4268.75,4257.25,4268.75
1666114500,4268.5,4269.5,4264.25,4266
1666114800,4266,4267.75,4263,4265
1666115100,4265,4266.5,4259,4266.25
1666115400,4266.5,4268.25,4263.25,4268
1666115700,4268.25,4271.75,4264.5,4267.75
1666116000,4268,4270.5,4261.5,4262.5
1666116300,4262.5,4267,4260,4262
1666116600,4262,4265.25,4262,4263.5
1666116900,4263.5,4264,4258.5,4260.25
1666117200,4260,4265,4257.5,4264.75
1666117500,4264.75,4268,4261,4267
1666117800,4267,4267.5,4261.75,4264.25
1666118100,4264.25,4265.75,4248.25,4251
1666118400,4250.75,4252.25,4235.5,4236.75
1666118700,4236.75,4240.5,4228.5,4235.75
1666119000,4235.75,4240.75,4231.75,4239.5
1666119300,4239.25,4243.75,4237.25,4241.5
1666119600,4241.5,4242.75,4232,4235.75
1666119900,4235.75,4241.25,4234.75,4236.25
1666120200,4236.5,4240,4232.5,4235
1666120500,4235,4239,4231.25,4237.25
1666120800,4237,4243.75,4234.5,4242.5
1666121100,4242.75,4245.5,4239,4244
1666121400,4244.25,4257.25,4242,4255
1666121700,4255.25,4256,4248.5,4252.25
1666122000,4252.25,4257.75,4251.25,4256
1666122300,4255.75,4255.75,4251,4254.25
1666122600,4254.25,4260.75,4251,4252.75
1666122900,4252.75,4260.25,4248,4259
1666123200,4259,4272.75,4248.75,4270.5
1666123500,4270.5,4273.5,4267,4270
1666123800,4269.75,4274,4269,4271.5
1666124100,4271.5,4281.75,4271.5,4281
1666124400,4281,4281.5,4278.5,4280.5
1666124700,4280.5,4281.5,4279,4280.75
1666125000,4281,4282.25,4279,4279.75
1666125300,4280,4284.75,4279.5,4284.25
1666125600,4284.5,4287,4284.25,4286.25
1666125900,4286.25,4287,4285.25,4286.25
1666126200,4286,4286.5,4283.25,4283.25
1666126500,4283.5,4284.5,4281.5,4283.25
1666130400,4285,4287,4280.25,4281
1666130700,4281,4281.75,4280.25,4280.5
1666131000,4280.5,4281.75,4280.25,4281.5
1666131300,4281.5,4281.5,4277.5,4278
1666131600,4278,4279.25,4277,4279
1666131900,4279.25,4280.75,4278,4280.5
1666132200,4280.5,4282.25,4279.5,4281.25
1666132500,4281.25,4281.75,4280.75,4281.5
1666132800,4281.5,4284.5,4281.25,4284
1666133100,4283.75,4284.25,4282.75,4284
1666133400,4284,4285.75,4283.5,4284.75
1666133700,4284.75,4285.75,4284.5,4285
1666134000,4285.25,4286.5,4284.75,4286.25
1666134300,4286.5,4294.25,4285.75,4293.75
1666134600,4293.75,4298,4292.75,4297.5
1666134900,4297.5,4298,4294.5,4295
1666135200,4295,4298.5,4295,4296.75
1666135500,4297,4297,4292.75,4292.75
1666135800,4292.75,4296.5,4292.75,4295.75
1666136100,4296,4296,4289.5,4290.25
1666136400,4290.25,4291.75,4287.5,4289
1666136700,4289.25,4290.5,4287.5,4290.25
1666137000,4290.25,4291.5,4289,4289
1666137300,4289,4290,4287.25,4288.75
1666137600,4288.5,4294,4286.25,4290.5
1666137900,4290.75,4294.25,4290.5,4291.25
1666138200,4291.5,4291.75,4284.75,4286.75
1666138500,4286.75,4287.25,4282.5,4286.75
1666138800,4287,4287.75,4283.5,4287.25
1666139100,4287,4290,4286.25,4289
1666139400,4289,4290.5,4286,4287.25
1666139700,4287.25,4292,4287.25,4290
1666140000,4290,4292.75,4289.25,4291.75
1666140300,4291.75,4294,4289.25,4290.5
1666140600,4290.75,4292.25,4289.75,4291
1666140900,4290.75,4293.75,4290.75,4291.75
1666141200,4291.75,4292.5,4288.75,4289.75
1666141500,4289.5,4290.5,4288,4289.75
1666141800,4289.75,4290.75,4288.5,4290
1666142100,4290.25,4291.25,4289.25,4291
1666142400,4291,4291.75,4288.5,4290.75
1666142700,4290.5,4290.5,4287.75,4288.75
1666143000,4289,4293,4288.25,4293
1666143300,4293,4299.5,4292,4298.5
1666143600,4298.5,4298.5,4294.25,4295.75
1666143900,4295.75,4296.5,4293.5,4295
1666144200,4295,4296.5,4293.25,4295.25
1666144500,4295,4297.5,4294.75,4295.5
1666144800,4295.5,4295.75,4293.25,4293.5
1666145100,4293.75,4294,4290.75,4291.75
1666145400,4291.75,4293.25,4290.75,4292.5
1666145700,4292.5,4293.75,4290.5,4292.5
1666146000,4292.5,4292.5,4291,4291.25
1666146300,4291,4293.75,4291,4293
1666146600,4292.75,4293.25,4287.75,4288
1666146900,4288,4288.25,4285.75,4287
1666147200,4287,4287.75,4285.25,4286.75
1666147500,4286.75,4287.75,4284.75,4287.75
1666147800,4287.75,4288.75,4287.5,4288.5
1666148100,4288.5,4289,4288.25,4288.75
1666148400,4288.75,4290.25,4287.75,4288
1666148700,4288.25,4288.25,4285.5,4286
1666149000,4286,4286.5,4283.25,4283.75
1666149300,4283.5,4287.75,4283.5,4287.75
1666149600,4287.5,4289.25,4286.75,4287.75
1666149900,4287.75,4287.75,4285.75,4286.75
1666150200,4286.75,4288.75,4286.5,4288
1666150500,4288.25,4290.25,4287.5,4287.75
1666150800,4287.75,4289.25,4287.5,4288
1666151100,4288,4289,4286,4288.25
1666151400,4288.5,4289.75,4287.25,4288.25
1666151700,4288.5,4288.75,4286.5,4287.25
1666152000,4287,4288.5,4286.5,4287.25
1666152300,4287.5,4287.5,4284.75,4285.5
1666152600,4285.5,4287.25,4285.25,4287.25
1666152900,4287.25,4287.75,4286.5,4286.5
1666153200,4286.75,4287.5,4285.25,4285.5
1666153500,4285.25,4285.25,4283.25,4284.25
1666153800,4284,4284.75,4283.25,4283.75
1666154100,4283.75,4285,4283.25,4284
1666154400,4283.75,4284.75,4283.75,4284.25
1666154700,4284.25,4286,4284,4285
1666155000,4285.25,4285.25,4283.5,4284
1666155300,4284,4284.75,4283.75,4284.5
1666155600,4284.5,4285.25,4282.75,4284.75
1666155900,4284.75,4286.25,4284.25,4285.5
1666156200,4285.5,4286.75,4284.5,4284.75
1666156500,4285,4285.5,4283,4283
1666156800,4283,4283.5,4280.75,4281
1666157100,4281.25,4281.5,4279,4280.75
1666157400,4281,4281,4276.5,4277
1666157700,4277,4278.75,4275.5,4278
1666158000,4277.75,4279.75,4277,4279.75
1666158300,4279.75,4281,4279.25,4280.75
1666158600,4280.5,4282.5,4279.25,4281
1666158900,4281.25,4282.5,4277.5,4278
1666159200,4277.75,4278,4270.25,4270.5
1666159500,4270.75,4277.5,4269.75,4277
1666159800,4276.75,4279,4275.5,4276
1666160100,4276,4276.75,4272.5,4275
1666160400,4274.75,4276,4269.5,4270
1666160700,4270,4270.75,4268,4270.25
1666161000,4270,4272,4266.5,4267.75
1666161300,4268,4271,4268,4268.5
1666161600,4268.5,4269.75,4263.25,4264.75
1666161900,4264.75,4270.5,4264.5,4268.75
1666162200,4269,4270.25,4266.75,4268.5
1666162500,4268.5,4268.75,4261.25,4263.5
1666162800,4263.25,4267.75,4260.25,4260.75
1666163100,4260.75,4264,4258.5,4261.75
1666163400,4262,4268.5,4261.25,4263
1666163700,4263,4268,4262.5,4267
1666164000,4267.25,4268.75,4266,4266.5
1666164300,4266.5,4267.5,4258.75,4260.25
1666164600,4260.5,4261.25,4254.75,4255.5
1666164900,4255.5,4259.25,4252.5,4257.75
1666165200,4257.75,4263,4257.75,4261
1666165500,4260.75,4264.25,4259.5,4262.25
1666165800,4262.5,4269.25,4261.75,4267.5
1666166100,4267.75,4269.25,4265.5,4267.75
1666166400,4268,4268,4263.25,4264
1666166700,4263.75,4264.75,4260,4261
1666167000,4261,4261.25,4256,4257
1666167300,4256.75,4257.25,4252.5,4253
1666167600,4253.25,4253.25,4247.5,4249.5
1666167900,4249.5,4250.25,4246.75,4249.75
1666168200,4249.5,4254.5,4249.25,4254
1666168500,4254,4254.25,4249,4249.75
1666168800,4249.75,4255.5,4249.5,4254.5
1666169100,4254.5,4255,4251.25,4252
1666169400,4251.75,4257.25,4250.75,4256.25
1666169700,4256,4257,4253,4256
1666170000,4256,4258.75,4254.5,4257.5
1666170300,4257.75,4265,4257.25,4264.5
1666170600,4264.25,4264.75,4261.25,4263.25
1666170900,4263,4264.25,4261.25,4261.5
1666171200,4261.75,4262.5,4259.5,4259.75
1666171500,4259.75,4263.5,4258,4263
1666171800,4263,4269.75,4262.5,4268.75
1666172100,4268.75,4269.25,4265.25,4265.75
1666172400,4265.75,4269.75,4265.25,4269.25
1666172700,4269.25,4271.25,4267.25,4269.75
1666173000,4269.75,4273.75,4269,4273
1666173300,4273,4277.75,4273,4277.75
1666173600,4277.5,4278.5,4273.25,4275.5
1666173900,4275.25,4276.25,4274.25,4275
1666174200,4274.75,4275.75,4269.5,4271
1666174500,4271.25,4273.75,4270.5,4273.25
1666174800,4273.5,4273.5,4267.75,4269.5
1666175100,4269.5,4270.75,4264.5,4264.75
1666175400,4265,4267.25,4263.5,4265.5
1666175700,4265.5,4267.75,4261.25,4261.5
1666176000,4261.5,4262,4253.25,4253.75
1666176300,4253.5,4258.25,4253.5,4256.75
1666176600,4257,4259.5,4256.5,4257.75
1666176900,4258,4259.75,4255.75,4259.5
1666177200,4259.5,4264,4259.5,4263.25
1666177500,4263.25,4264.5,4259.5,4260.25
1666177800,4260.25,4260.5,4247.25,4248.75
1666178100,4248.75,4252.25,4242.5,4243.75
1666178400,4243.5,4249,4243.5,4246.25
1666178700,4246.5,4246.5,4238.25,4239.25
1666179000,4239,4240.75,4236.25,4238.5
1666179300,4238.5,4245.25,4238.25,4242.5
1666179600,4242.75,4244,4238,4240
1666179900,4240,4244.75,4237.5,4244
1666180200,4244.25,4246.75,4241,4241.75
1666180500,4241.75,4247.25,4241.5,4246.25
1666180800,4246.25,4246.75,4238,4238.25
1666181100,4238.5,4240.25,4229.75,4234.5
1666181400,4234.5,4240,4234.25,4239.5
1666181700,4239.5,4241.5,4237.5,4239.5
1666182000,4239.5,4240,4236.75,4239.75
1666182300,4239.5,4240.25,4233.25,4237.5
1666182600,4237.5,4237.75,4227,4231.75
1666182900,4232,4234.5,4230.25,4231.5
1666183200,4231.5,4236,4227.25,4227.75
1666183500,4227.75,4234.25,4227.5,4234
1666183800,4233.75,4239.25,4233,4233.75
1666184100,4233.75,4237.75,4232.75,4235.5
1666184400,4235.5,4237.75,4233.25,4235.25
1666184700,4235,4237.75,4228.5,4231
1666185000,4231,4237,4229.25,4236.25
1666185300,4236.5,4238.75,4233.25,4237.5
1666185600,4237.75,4237.75,4233.5,4236
1666185900,4236,4237.75,4233.75,4237.25
1666186200,4237.25,4254,4233.75,4253.5
1666186500,4253.5,4257,4247,4248.75
1666186800,4248.5,4251,4232.75,4238.75
1666187100,4238.75,4240.5,4225.75,4227.75
1666187400,4227.75,4241.5,4227.25,4239.25
1666187700,4239.25,4242.5,4231,4233.25
1666188000,4233,4238.5,4229.5,4238
1666188300,4238,4244.75,4237,4241.5
1666188600,4241.5,4249.5,4235.5,4248.25
1666188900,4248,4256,4248,4251.75
1666189200,4251.75,4263.75,4250.75,4261.75
1666189500,4262,4265.75,4258.5,4263.5
1666189800,4263.5,4266,4256.75,4257.25
1666190100,4257.5,4260,4254.75,4260
1666190400,4260,4260,4249.25,4253
1666190700,4252.75,4255.25,4247.75,4250.25
1666191000,4250,4251.75,4243.75,4245.25
1666191300,4245,4245.25,4240.5,4244
1666191600,4244,4247.75,4239,4240.25
1666191900,4240,4247.75,4240,4246
1666192200,4245.75,4253.25,4244.75,4249.75
1666192500,4249.75,4254.75,4248.5,4252
1666192800,4252.25,4254.25,4246,4246.5
1666193100,4246.25,4246.5,4240.25,4242.75
1666193400,4242.75,4245,4237.5,4240.25
1666193700,4240.25,4245,4233.75,4245
1666194000,4244.75,4245.75,4239,4241
1666194300,4241.25,4246.5,4240.5,4245
1666194600,4245.25,4250.75,4243.25,4249
1666194900,4249,4250.25,4244,4244.5
1666195200,4244.75,4245.5,4238.25,4239
1666195500,4239,4239.25,4232,4234.25
1666195800,4234.5,4237,4231.75,4234
1666196100,4234.25,4237.25,4231.75,4236.5
1666196400,4236.5,4236.75,4232.25,4234
1666196700,4233.75,4234,4227.25,4229.25
1666197000,4229.25,4234.75,4227.75,4234
1666197300,4233.75,4236.5,4230.75,4231.5
1666197600,4231.5,4232.25,4222.5,4223.75
1666197900,4223.75,4224,4215.5,4217
1666198200,4217,4222,4216.5,4219.75
1666198500,4220,4221,4216.5,4219.5
1666198800,4219.5,4221.75,4204.5,4205.5
1666199100,4205.25,4210.5,4202,4208
1666199400,4208,4210.5,4206,4208.5
1666199700,4208.5,4211.25,4206.25,4208.5
1666200000,4208.25,4213.75,4208.25,4212.25
1666200300,4212.25,4218.25,4211.25,4212.75
1666200600,4212.5,4216.25,4210.75,4213
1666200900,4212.75,4215,4209,4209.5
1666201200,4209.5,4214.75,4207.75,4214.25
1666201500,4214,4215.75,4208.25,4209.75
1666201800,4209.75,4214,4207.5,4214
1666202100,4213.75,4216.75,4210.25,4216
1666202400,4216,4224,4212.5,4221.75
1666202700,4221.75,4228,4219.25,4224.75
1666203000,4224.75,4227.5,4222.5,4227
1666203300,4227,4231.75,4225.5,4226.25
1666203600,4226,4227,4223,4225.25
1666203900,4225.5,4228.75,4223.75,4228
1666204200,4228,4230,4224.5,4228
1666204500,4228,4229,4224,4224.5
1666204800,4224.5,4226.5,4220.75,4221.25
1666205100,4221.25,4223.75,4218.5,4219.75
1666205400,4219.75,4220.5,4218,4219
1666205700,4218.75,4221,4217.5,4218.5
1666206000,4218.75,4224.5,4217,4218.75
1666206300,4218.75,4223.75,4215.75,4223.5
1666206600,4223.5,4227.75,4222.75,4225
1666206900,4225,4234,4223.5,4231.5
1666207200,4231.75,4233,4226,4226.5
1666207500,4226.5,4228.5,4221.25,4223.75
1666207800,4224,4225.5,4220.75,4225.5
1666208100,4225.25,4227.25,4222.25,4223
1666208400,4222.75,4227.75,4222.25,4225.5
1666208700,4225.5,4227.5,4219.75,4223.75
1666209000,4223.75,4229,4220.5,4228.5
1666209300,4228.25,4233.75,4226.75,4232.25
1666209600,4232.5,4244.25,4229.75,4241.25
1666209900,4241.25,4246.5,4225.75,4230.75
1666210200,4230.5,4234.75,4229.25,4233
1666210500,4233,4233.75,4228.25,4232
1666210800,4232,4232.5,4229.25,4229.5
1666211100,4229.75,4232.75,4229,4232.75
1666211400,4232.75,4239.25,4232.25,4237
1666211700,4236.75,4238.75,4235.75,4236.75
1666212000,4236.75,4236.75,4233.5,4234
1666212300,4234,4237.25,4234,4236.25
1666212600,4236.25,4237,4233.75,4234.25
1666212900,4234,4236.5,4234,4235.5
1666216800,4233.25,4235.25,4227.5,4231
1666217100,4231.25,4232.25,4228.25,4230
1666217400,4230.25,4233.75,4230.25,4233.25
1666217700,4233.25,4235.25,4233,4234.75
1666218000,4235,4235.5,4232.5,4234.5
1666218300,4234.5,4235,4232.25,4234.25
1666218600,4234.25,4235.25,4233,4233
1666218900,4233.25,4234,4230.5,4230.75
1666219200,4230.75,4230.75,4228.75,4229.5
1666219500,4229.25,4229.25,4226.5,4226.5
1666219800,4226.5,4227.25,4223.25,4223.75
1666220100,4224,4224,4221.5,4223.5
1666220400,4223.5,4224.5,4220.5,4220.5
1666220700,4220.75,4222.75,4220,4222.5
1666221000,4222.25,4223.5,4221.5,4222
1666221300,4222,4222,4218.25,4219.5
1666221600,4219.75,4221.25,4218.5,4221.25
1666221900,4221.25,4221.75,4218.5,4218.75
1666222200,4218.75,4219.25,4217.75,4218.5
1666222500,4218.5,4219.25,4217.75,4218.75
1666222800,4218.75,4219.75,4218.25,4219.5
1666223100,4219.25,4219.75,4218,4218.25
1666223400,4218,4221.5,4218,4220.75
1666223700,4220.75,4223,4220.75,4222
1666224000,4222,4224.5,4220.25,4220.25
1666224300,4220.25,4223,4218.75,4222.5
1666224600,4222.5,4228.5,4221.75,4227.75
1666224900,4227.5,4228,4225,4225.5
1666225200,4225.75,4226.75,4223.75,4225
1666225500,4224.75,4225.25,4223.25,4224.25
1666225800,4224,4228.75,4220.75,4221.5
1666226100,4221.5,4222.5,4221,4221.25
1666226400,4221.25,4222,4210,4213.25
1666226700,4213.25,4215.5,4211.25,4213.75
1666227000,4213.5,4217.75,4213.5,4216
1666227300,4216,4216.75,4213.25,4216
1666227600,4215.75,4215.75,4211.75,4215
1666227900,4215,4215.75,4212,4213.5
1666228200,4213.5,4213.75,4206,4209
1666228500,4208.75,4212,4206.25,4210.75
1666228800,4211,4211.25,4206.75,4208.5
1666229100,4208.5,4210,4205.5,4209.25
1666229400,4209,4209.25,4202.25,4206
1666229700,4206,4210.25,4205.25,4208
1666230000,4208,4211,4207.25,4210
1666230300,4210,4211.75,4209.5,4211.25
1666230600,4211.5,4212.75,4209.5,4210.5
1666230900,4210.75,4211.5,4208,4209.25
1666231200,4209.25,4210.75,4206.75,4208.25
1666231500,4208.5,4210.5,4207.75,4210.25
1666231800,4210.25,4211.25,4208,4208.5
1666232100,4208.5,4212,4207.5,4211.75
1666232400,4211.75,4212.5,4209.75,4211
1666232700,4210.75,4212.75,4210,4212
1666233000,4212.25,4214.25,4210.75,4213.75
1666233300,4213.75,4214.5,4211.75,4212
1666233600,4212,4216.25,4211.75,4213.25
1666233900,4213.5,4214.5,4211.25,4213
1666234200,4213,4215.5,4212.75,4213.5
1666234500,4213.75,4215.75,4213.25,4214.75
1666234800,4214.75,4216.75,4212,4212
1666235100,4212,4213,4209.5,4209.75
1666235400,4209.75,4211.5,4209,4210
1666235700,4210,4212,4209.75,4210.75
1666236000,4210.75,4212.25,4210.25,4211.75
1666236300,4212,4212,4209.25,4210.5
1666236600,4210.25,4210.25,4206.75,4207
1666236900,4207,4207.5,4204,4204.5
1666237200,4204.75,4207,4204.75,4206.75
1666237500,4206.75,4207.5,4205.25,4207.25
1666237800,4207.25,4208.75,4207.25,4208.5
1666238100,4208.25,4210.25,4208,4208.5
1666238400,4208.5,4209.25,4206.75,4207
1666238700,4207.25,4208.25,4206.5,4207.5
1666239000,4207.5,4208,4205.5,4207.75
1666239300,4207.75,4230.25,4207.5,4225.5
1666239600,4225.5,4227,4218,4227
1666239900,4227,4227.75,4220,4221
1666240200,4221,4221.25,4217,4218
1666240500,4218,4219.25,4216.75,4217
1666240800,4216.75,4217.25,4214.75,4216.75
1666241100,4216.5,4221,4216.5,4221
1666241400,4220.75,4224,4219.25,4223
1666241700,4223.25,4224.5,4221.25,4223.25
1666242000,4223.25,4225.25,4217.5,4218
1666242300,4218.25,4226.25,4217.5,4226
1666242600,4226,4244.25,4225,4240.5
1666242900,4240.5,4240.5,4236.25,4236.25
1666243200,4236.25,4240.75,4233,4234.25
1666243500,4234,4234.75,4231.25,4233.5
1666243800,4233.75,4234.5,4230.25,4231.75
1666244100,4231.75,4233,4229.25,4229.75
1666244400,4229.75,4232.25,4229.25,4231.5
1666244700,4231.25,4231.25,4226.5,4227.75
1666245000,4227.5,4228.25,4225.25,4227.75
1666245300,4227.75,4229,4225.75,4227.25
1666245600,4227.25,4228.75,4223.75,4226.25
1666245900,4226,4230.25,4225.75,4229.5
1666246200,4229.25,4229.75,4225,4228
1666246500,4228.25,4228.25,4223,4224.5
1666246800,4224.75,4226,4219.5,4220.75
1666247100,4220.75,4223.5,4220.5,4221.75
1666247400,4221.75,4221.75,4215.5,4216.25
1666247700,4216.25,4217.75,4214.5,4216.5
1666248000,4216.5,4220.75,4216.5,4219.75
1666248300,4219.75,4221,4218,4221
1666248600,4221,4225,4220.25,4223.75
1666248900,4223.75,4226,4223.75,4224.25
1666249200,4224.5,4228,4217.75,4218.25
1666249500,4218.5,4220,4211.5,4213
1666249800,4213,4215.25,4209.75,4212.25
1666250100,4211.75,4218.25,4211.25,4215.5
1666250400,4215.25,4220.75,4215.25,4220
1666250700,4220,4222.25,4213.5,4214.25
1666251000,4214.25,4217.25,4211.75,4216
1666251300,4216.25,4217,4206.75,4207
1666251600,4207,4212.5,4205.5,4212.5
1666251900,4212.25,4213,4208,4208
1666252200,4208.25,4214.25,4207.75,4212
1666252500,4212,4212.5,4207.5,4209.75
1666252800,4209.75,4213,4207,4213
1666253100,4212.75,4217.25,4212.75,4213.25
1666253400,4213.25,4213.25,4207.25,4208.25
1666253700,4208.5,4213.75,4208.5,4213
1666254000,4213,4214.5,4211.5,4212.5
1666254300,4212.5,4213,4208.75,4210.25
1666254600,4210.25,4214.25,4208.25,4213
1666254900,4212.75,4217,4212.75,4214.75
1666255200,4215,4217,4213.75,4217
1666255500,4216.75,4217.75,4215.75,4217
1666255800,4217.25,4218.25,4214.25,4215.25
1666256100,4214.75,4214.75,4210.5,4212.25
1666256400,4212.5,4214.75,4211.75,4213.25
1666256700,4213.25,4218,4212.75,4217.25
1666257000,4217.25,4218.25,4214.75,4216
1666257300,4216.25,4220.25,4215.5,4217.5
1666257600,4217.5,4218.75,4215.25,4215.75
1666257900,4215.75,4217.5,4214.25,4216.25
1666258200,4216.5,4222.5,4216.5,4221.75
1666258500,4221.75,4225,4221.25,4221.75
1666258800,4222.25,4223,4220,4220.5
1666259100,4220.5,4226,4220.5,4225.75
1666259400,4225.5,4225.75,4222.5,4224.5
1666259700,4224.75,4225.25,4220.75,4221.25
1666260000,4221.25,4222.5,4218.25,4218.5
1666260300,4218.5,4222.25,4218.5,4219
1666260600,4219,4220,4217.75,4219.5
1666260900,4219.25,4220.75,4218.75,4219.75
1666261200,4220,4222.25,4218.25,4222
1666261500,4222,4224.75,4221.75,4222.75
1666261800,4223,4225.75,4222.75,4224.25
1666262100,4224.25,4229.25,4224.25,4228
1666262400,4228,4236.5,4227.75,4234.25
1666262700,4234.5,4235,4229.5,4232.5
1666263000,4232.75,4245.5,4232.5,4244.25
1666263300,4244.5,4246.5,4237,4241
1666263600,4241,4246.75,4238.25,4246.5
1666263900,4246.25,4246.75,4241.5,4244.5
1666264200,4244.25,4250,4243.25,4244.25
1666264500,4244,4248.25,4243.5,4246.25
1666264800,4246.5,4247.75,4241.75,4242.75
1666265100,4242.75,4243.5,4240.25,4241
1666265400,4241,4243.75,4238.25,4240
1666265700,4240,4240.75,4237,4238.5
1666266000,4238.5,4238.5,4233.25,4233.25
1666266300,4233.25,4239.75,4233,4238
1666266600,4238,4238.25,4234,4237.5
1666266900,4237.75,4241.75,4237.5,4240.5
1666267200,4240.25,4245,4238.75,4244.5
1666267500,4244.5,4244.5,4236.5,4238.75
1666267800,4238.5,4239.75,4235.75,4237.75
1666268100,4238,4243,4237.75,4241.5
1666268400,4241.5,4254,4241.25,4252
1666268700,4252,4253.25,4246.5,4248.25
1666269000,4248.5,4255.25,4240.5,4242
1666269300,4242,4243,4228.5,4236.25
1666269600,4236,4237.75,4224.25,4226.25
1666269900,4226.25,4229.75,4223.25,4228.5
1666270200,4228.5,4235.25,4228.25,4231
1666270500,4231,4231.75,4219.5,4219.5
1666270800,4219.75,4225.25,4218.75,4222.25
1666271100,4222.25,4229.75,4221.5,4229.25
1666271400,4229.25,4229.5,4225.5,4227.75
1666271700,4227.5,4232.5,4227,4230.75
1666272000,4231,4233.25,4230.5,4231.25
1666272300,4231,4231,4225.5,4225.75
1666272600,4225.5,4232.75,4221.25,4229.5
1666272900,4229.5,4229.75,4217.25,4219
1666273200,4219.25,4229.5,4215.5,4228.75
1666273500,4228.75,4237.5,4227.25,4235
1666273800,4235.25,4243.5,4234,4239.25
1666274100,4239,4244.25,4236.75,4237
1666274400,4236.75,4251,4235.5,4250.5
1666274700,4250.75,4261.75,4250,4260.5
1666275000,4260.5,4264,4255,4257
1666275300,4256.75,4271.5,4256.75,4268.75
1666275600,4268.75,4273.25,4266.25,4269
1666275900,4269.25,4270,4262.5,4267.75
1666276200,4268,4271.25,4256,4258.5
1666276500,4258.5,4260.25,4256.75,4259.5
1666276800,4259.75,4260.25,4252.75,4257
1666277100,4257,4261.5,4256.25,4259.25
1666277400,4259,4262.5,4256.25,4256.25
1666277700,4256.25,4266.25,4256,4266
1666278000,4265.75,4267.75,4258.75,4259.75
1666278300,4260,4264.25,4259,4263.5
1666278600,4263.75,4265.5,4261.25,4263.25
1666278900,4263.25,4263.75,4253.75,4254.5
1666279200,4254.75,4258.25,4253,4256
1666279500,4255.75,4257.25,4244.75,4249.25
1666279800,4249.25,4256.25,4248.25,4253
1666280100,4253,4260.25,4251.75,4258.75
1666280400,4258.5,4260.75,4256.25,4257.5
1666280700,4257.5,4258.25,4253.5,4257
1666281000,4256.75,4259.25,4255,4255.25
1666281300,4255.25,4255.75,4247.75,4248.5
1666281600,4248.5,4250,4240.25,4242.25
1666281900,4242,4243.5,4232.25,4233.75
1666282200,4233.5,4236,4230.5,4233
1666282500,4233,4239,4232.25,4236.5
1666282800,4236.75,4236.75,4227.5,4231.25
1666283100,4231,4231.25,4224.25,4227.5
1666283400,4227.75,4231,4225.5,4226.75
1666283700,4226.5,4229,4222.5,4223.75
1666284000,4223.5,4227.5,4222.5,4224
1666284300,4224.25,4224.25,4217.75,4222.75
1666284600,4222.5,4224,4218.75,4220.5
1666284900,4220.25,4225.5,4219,4225
1666285200,4225,4226.5,4220.75,4225.25
1666285500,4225.25,4225.75,4209.25,4212
1666285800,4211.75,4219.25,4210.25,4215.5
1666286100,4215.5,4216.5,4211.5,4212.75
1666286400,4212.5,4219.5,4211.25,4214.25
1666286700,4214,4218.75,4214,4217
1666287000,4217,4217.75,4212,4214.25
1666287300,4214,4218,4213,4215
1666287600,4214.75,4216,4208.75,4212.5
1666287900,4212.25,4213.5,4202.5,4203.5
1666288200,4203.25,4205.25,4199,4203.5
1666288500,4203.25,4207,4200.25,4206.5
1666288800,4206.75,4208.25,4202.5,4203.75
1666289100,4204,4204.5,4196.5,4199
1666289400,4199,4201,4195,4196
1666289700,4196,4199.75,4194.25,4198
1666290000,4198,4199,4193.75,4194.75
1666290300,4194.5,4196.25,4192.5,4193.25
1666290600,4193,4202,4192.25,4201
1666290900,4201,4202.5,4198,4199.5
1666291200,4199.5,4200,4192.5,4193
1666291500,4193,4198.25,4192.25,4196
1666291800,4196.25,4203,4193.75,4201.75
1666292100,4201.75,4207.75,4200.5,4201.75
1666292400,4201.75,4205.5,4201.25,4201.75
1666292700,4201.75,4211.75,4201.5,4209.5
1666293000,4209.25,4211,4204.5,4207.75
1666293300,4207.75,4208,4200.75,4201
1666293600,4201.25,4202,4195.75,4198.75
1666293900,4198.75,4200.25,4194.75,4198.25
1666294200,4198.5,4199.25,4192.5,4192.75
1666294500,4192.75,4199.25,4191.5,4195.5
1666294800,4195.25,4202.25,4194,4201.25
1666295100,4201.25,4205,4197.25,4203.25
1666295400,4203.25,4211.25,4201.25,4207.75
1666295700,4207.75,4209.75,4199,4199.75
1666296000,4200,4204.25,4199,4203.5
1666296300,4203.5,4207.75,4202.25,4207.25
1666296600,4207,4208.5,4199.5,4207.25
1666296900,4207.25,4207.5,4201.25,4203
1666297200,4203.25,4203.5,4199.5,4199.75
1666297500,4200,4201,4198.25,4201
1666297800,4201,4204,4198,4201.5
1666298100,4201.5,4203,4200.5,4201.5
1666298400,4201.5,4203,4200.25,4202.25
1666298700,4202,4203,4200.75,4202
1666299000,4202.25,4203,4200.75,4202
1666299300,4201.75,4204.75,4200,4202
1666303200,4203,4203.25,4196.5,4199.75
1666303500,4199.75,4199.75,4195,4195.25
1666303800,4195.5,4198,4194.25,4196.5
1666304100,4196.25,4197.75,4195.25,4195.25
1666304400,4195.5,4198,4194.5,4198
1666304700,4198,4198,4193,4193
1666305000,4193.25,4193.75,4187,4189.5
1666305300,4189.75,4190,4187.75,4189
1666305600,4189.25,4189.5,4188.25,4188.5
1666305900,4188.5,4188.5,4185.75,4186.5
1666306200,4186.5,4189,4186.25,4189
1666306500,4188.75,4189,4187.25,4187.5
1666306800,4187.75,4189,4186.75,4187.75
1666307100,4187.75,4187.75,4182.5,4184.25
1666307400,4184.25,4184.5,4181.75,4182.5
1666307700,4182.25,4184,4181.75,4183.5
1666308000,4183.75,4184.5,4182.75,4182.75
1666308300,4182.75,4184,4181.75,4182.25
1666308600,4182.25,4187.25,4181.75,4184.5
1666308900,4184.5,4186.25,4183.75,4186
1666309200,4186,4187,4185.25,4187
1666309500,4187,4187.25,4185.25,4185.25
1666309800,4185.5,4186,4184.5,4184.75
1666310100,4185,4187.5,4185,4187.25
1666310400,4187.5,4187.5,4185.25,4186.25
1666310700,4186.25,4186.75,4182,4183.5
1666311000,4183.25,4184.5,4180.75,4183.25
1666311300,4183,4185.25,4183,4184.25
1666311600,4184.5,4184.75,4183.25,4183.25
1666311900,4183.25,4184.75,4183.25,4183.75
1666312200,4183.75,4184.75,4180.75,4182.75
1666312500,4182.75,4189.75,4182.5,4189.5
1666312800,4189.5,4191,4188,4190.5
1666313100,4190.5,4191.5,4189.75,4190.75
1666313400,4190.75,4193.75,4189.75,4193
1666313700,4193,4193.5,4190.25,4191.25
1666314000,4191.25,4192,4189,4190
1666314300,4190,4190,4186,4187
1666314600,4187,4189,4186.25,4188.5
1666314900,4188.5,4194.5,4188.5,4193.25
1666315200,4193.25,4193.25,4189.5,4190.25
1666315500,4190.25,4191.75,4188.75,4191.5
1666315800,4191.5,4192.75,4189.5,4190.25
1666316100,4190.25,4193.75,4188.5,4191.75
1666316400,4192,4193,4190,4191.5
1666316700,4191.5,4192.75,4189.75,4192
1666317000,4192,4192,4190,4190.75
1666317300,4190.75,4192,4188.75,4189.25
1666317600,4189.25,4192,4188.25,4190.5
1666317900,4190.5,4191.5,4189,4189.5
1666318200,4189.5,4191.75,4189.25,4190
1666318500,4189.75,4192.75,4189.75,4192.75
1666318800,4192.75,4196.75,4192,4194.5
1666319100,4194.5,4195.5,4194.25,4195.5
1666319400,4195.5,4199,4195.25,4197.25
1666319700,4197.25,4197.25,4195.75,4196.5
1666320000,4196.25,4196.75,4194.25,4196.25
1666320300,4196.25,4198.25,4195.5,4195.5
1666320600,4195.75,4196.25,4194.75,4195.5
1666320900,4195.5,4198.25,4195,4197.75
1666321200,4197.5,4200.25,4197,4200
1666321500,4199.75,4200.25,4198.5,4199
1666321800,4199,4200.75,4198.75,4200
1666322100,4200.25,4201.25,4199.5,4199.75
1666322400,4200,4200,4198.25,4198.5
1666322700,4198.75,4200.25,4198.75,4199.25
1666323000,4199.25,4199.5,4195.75,4195.75
1666323300,4196,4196.5,4192.25,4192.25
1666323600,4192.5,4193.25,4189,4189.25
1666323900,4189.25,4191.75,4189,4191.75
1666324200,4191.5,4192.25,4190,4191
1666324500,4191,4191.25,4188.25,4190.75
1666324800,4190.5,4190.5,4188.75,4188.75
1666325100,4188.75,4189.5,4187.25,4188
1666325400,4188,4188.75,4187.25,4187.25
1666325700,4187.5,4189.25,4186.75,4189
1666326000,4189.25,4191,4189.25,4190.75
1666326300,4190.75,4192.5,4190.5,4191.25
1666326600,4191.25,4191.75,4189,4190.5
1666326900,4190.5,4190.5,4188.75,4189
1666327200,4189.25,4190.5,4188.75,4190.5
1666327500,4190.5,4191.75,4190,4190
1666327800,4189.75,4190,4188,4188.25
1666328100,4188.25,4190.5,4187,4190.5
1666328400,4190.5,4191.25,4188.75,4190.25
1666328700,4190.5,4190.5,4186.75,4187.75
1666329000,4188,4188.5,4186.75,4187.5
1666329300,4187.25,4187.75,4186,4186.75
1666329600,4187,4188.25,4185.25,4186.5
1666329900,4186.75,4188.25,4186.25,4186.25
1666330200,4186.25,4186.75,4185.5,4186
1666330500,4186,4189,4186,4188.75
1666330800,4188.5,4189.25,4186.75,4188.25
1666331100,4188.25,4190.5,4187.75,4188.25
1666331400,4188.25,4189,4187,4188
1666331700,4188.25,4188.75,4186.75,4187.25
1666332000,4187.25,4189.5,4184.75,4188.25
1666332300,4188.25,4193.75,4186.75,4191.75
1666332600,4191.5,4194.25,4191,4193.75
1666332900,4193.75,4194,4187.5,4187.75
1666333200,4188,4190.5,4187.5,4188.75
1666333500,4189,4189.75,4187.5,4188
1666333800,4187.75,4192.25,4187,4188.75
1666334100,4188.5,4191.25,4188.5,4191
1666334400,4190.75,4195,4190.5,4194.25
1666334700,4194.25,4197.25,4194,4197
1666335000,4197,4197,4194,4194.5
1666335300,4194.25,4194.75,4192.25,4193.25
1666335600,4193.5,4193.5,4189.5,4191
1666335900,4191.25,4191.25,4184.25,4186.75
1666336200,4186.5,4189.5,4185.25,4185.75
1666336500,4185.5,4194,4184.75,4193
1666336800,4193,4205,4192.75,4203.25
1666337100,4203.25,4204.75,4198.25,4200.25
1666337400,4200,4201.25,4197.75,4199.25
1666337700,4199.5,4200.5,4197.5,4199.25
1666338000,4199.25,4200,4197.25,4198.5
1666338300,4198.5,4199,4192.5,4194.25
1666338600,4194,4194.5,4189.5,4190
1666338900,4190,4191.75,4186.75,4187
1666339200,4186.75,4187.5,4183.5,4184.75
1666339500,4185,4185.25,4181.5,4182.75
1666339800,4182.75,4185.25,4181.75,4182.5
1666340100,4182.5,4186,4179.75,4183
1666340400,4183,4183,4177.75,4179.5
1666340700,4179,4180.25,4177.5,4179.75
1666341000,4180,4180,4176.5,4177.5
1666341300,4177.5,4179.75,4176.75,4177.25
1666341600,4177.25,4177.75,4176,4176.75
1666341900,4176.75,4179.25,4176,4179.25
1666342200,4179.25,4179.5,4176,4176.25
1666342500,4176.25,4178,4176,4177.5
1666342800,4177.75,4180.75,4177.25,4177.5
1666343100,4177.5,4178.75,4173.25,4178
1666343400,4177.75,4180.5,4176.25,4177.75
1666343700,4177.75,4178.25,4174,4174
1666344000,4174.25,4176.5,4172.25,4174
1666344300,4174,4179,4173.5,4178.5
1666344600,4178.5,4179.75,4175,4177.25
1666344900,4177.5,4180,4175.5,4177
1666345200,4176.75,4177,4174,4175.75
1666345500,4175.75,4179,4175,4178.25
1666345800,4178.25,4183.5,4176.75,4182.5
1666346100,4182.5,4183,4180.5,4181.75
1666346400,4181.75,4184,4180.25,4183.25
1666346700,4183.25,4183.75,4179.75,4181
1666347000,4181.25,4181.25,4178.25,4179.25
1666347300,4179,4179.5,4177,4178.25
1666347600,4178.5,4180.25,4177,4177.25
1666347900,4177.25,4179,4176.5,4178.75
1666348200,4178.75,4179.75,4176.25,4176.75
1666348500,4177,4180.5,4176.5,4179.75
1666348800,4179.75,4181,4177.5,4178.25
1666349100,4178,4179.25,4176.5,4178.5
1666349400,4178.25,4184.75,4177.5,4183.75
1666349700,4183.75,4186.5,4183,4184.75
1666350000,4184.5,4185.75,4181.5,4183.25
1666350300,4183,4186.5,4182.5,4183.5
1666350600,4183.5,4183.5,4179.75,4180.25
1666350900,4180.5,4186.25,4180.5,4186
1666351200,4186,4190,4184.5,4187
1666351500,4187.25,4188.75,4185.75,4187.5
1666351800,4187.5,4188.5,4185,4187.5
1666352100,4187.5,4190.25,4186.25,4187
1666352400,4187.25,4188.25,4185,4185.75
1666352700,4185.75,4188.75,4184.5,4185.5
1666353000,4185.25,4186.5,4181.5,4182
1666353300,4182.25,4182.25,4178.25,4178.75
1666353600,4178.75,4180.5,4174.75,4176.25
1666353900,4176.25,4177.5,4175.25,4176.75
1666354200,4177,4177,4172.5,4173.25
1666354500,4173.25,4174.75,4168.25,4170.5
1666354800,4170.5,4172.25,4167.5,4171.25
1666355100,4171.25,4173.5,4170.5,4171.25
1666355400,4171,4173,4168.25,4170.75
1666355700,4170.5,4172.5,4169,4171.25
1666356000,4171.25,4176.25,4169.75,4173.75
1666356300,4173.75,4175.75,4170,4171
1666356600,4170.75,4171.5,4166.75,4170.25
1666356900,4170,4183,4168,4181
1666357200,4180.75,4209,4180.25,4194.25
1666357500,4194.25,4214.5,4193,4210.25
1666357800,4210.25,4214,4190.75,4194.5
1666358100,4194.5,4198.5,4188.25,4189.25
1666358400,4189.25,4201,4188.25,4194.25
1666358700,4194,4199.75,4193.25,4196.75
1666359000,4196.75,4203,4180.75,4191
1666359300,4191.25,4203.75,4184.5,4198.5
1666359600,4198.5,4210.5,4185.75,4209.25
1666359900,4209.25,4224.5,4206.75,4218
1666360200,4218.25,4230,4210.25,4226.5
1666360500,4226.5,4236.75,4222,4236.75
1666360800,4236.75,4241.25,4233.25,4239
1666361100,4239.25,4252.5,4236.25,4246.25
1666361400,4246.25,4249.25,4240.5,4244
1666361700,4244.25,4247,4238,4240
1666362000,4240,4243.75,4226.25,4227
1666362300,4227,4227.75,4218.5,4219
1666362600,4219.25,4227.5,4215.75,4216.75
1666362900,4216.75,4219.25,4208.25,4216.5
1666363200,4216.5,4223.5,4212.25,4218.5
1666363500,4218.5,4227.75,4216.25,4227
1666363800,4227,4230.5,4224,4225.75
1666364100,4225.75,4227.25,4210.25,4213.5
1666364400,4213.5,4214.75,4203,4207.5
1666364700,4207.5,4213.5,4204.5,4212
1666365000,4212,4220,4211.25,4214.25
1666365300,4214.25,4219.5,4211.75,4213.25
1666365600,4213.25,4222.75,4208,4216.25
1666365900,4216,4226.5,4216,4223
1666366200,4223.25,4236.25,4222.25,4232.25
1666366500,4232.25,4234.25,4221.75,4223.5
1666366800,4223.75,4240.25,4221.75,4236.5
1666367100,4236.5,4242.25,4232.25,4241
1666367400,4241,4244.5,4235.75,4239.5
1666367700,4239.5,4246.5,4236.25,4246.25
1666368000,4246.5,4258,4246.5,4255.5
1666368300,4255.75,4255.75,4247.5,4249
1666368600,4249.25,4250.25,4241.75,4249.5
1666368900,4249.5,4249.75,4240.75,4242.25
1666369200,4242.25,4250.5,4238.5,4249.25
1666369500,4249.25,4251.75,4238.25,4239.75
1666369800,4240,4249.25,4238.25,4248.25
1666370100,4248.25,4255.5,4243,4245
1666370400,4245,4255.25,4244.75,4253.25
1666370700,4253.25,4263,4252.5,4261
1666371000,4261,4265.25,4261,4263.75
1666371300,4264,4265,4257,4259.25
1666371600,4259.25,4266.25,4258.25,4264.5
1666371900,4264.75,4265.75,4258.25,4259.25
1666372200,4259.25,4261,4257,4257.5
1666372500,4257.5,4262,4253,4261.5
1666372800,4261.5,4263.25,4254.25,4254.75
1666373100,4255,4262,4254,4259.75
1666373400,4259.75,4266,4259.75,4260
1666373700,4260.25,4263.25,4258.25,4261.5
1666374000,4261.75,4268,4261.5,4263.25
1666374300,4263.5,4269.75,4263.25,4269.75
1666374600,4269.75,4273.25,4269,4270.25
1666374900,4270.5,4272.75,4268.25,4272.5
1666375200,4272.75,4276.25,4271.75,4275
1666375500,4275,4279.5,4274.5,4278.5
1666375800,4278.75,4280,4271.5,4272.25
1666376100,4272.25,4275,4266.5,4269.75
1666376400,4269.75,4272,4267.75,4268.25
1666376700,4268.5,4272.75,4266.75,4272.25
1666377000,4272.25,4276.75,4272,4272.75
1666377300,4272.75,4274.75,4269.75,4273.25
1666377600,4273.25,4275,4268.5,4268.75
1666377900,4269,4272.25,4267.25,4272.25
1666378200,4272.25,4273.25,4267.25,4268.25
1666378500,4268.25,4276,4267.75,4275.25
1666378800,4275.5,4280.75,4273.75,4279.5
1666379100,4279.5,4280.25,4277,4279
1666379400,4279.25,4283.75,4277.75,4283.5
1666379700,4283.5,4287.25,4281.75,4286.5
1666380000,4286.25,4290,4285.25,4290
1666380300,4290,4293.25,4289.75,4292.75
1666380600,4292.75,4294.25,4288.25,4289.5
1666380900,4289.5,4292.5,4287.5,4291.75
1666381200,4292,4294.75,4289.5,4292.75
1666381500,4292.5,4292.75,4289.25,4291.25
1666381800,4291.25,4293.75,4287.25,4289.25
1666382100,4289.25,4290.75,4285,4289
1666382400,4289,4293.75,4287.5,4291
1666382700,4291.25,4292,4289.25,4290.5
1666383000,4290.25,4291.5,4289.5,4290.5
1666383300,4290.75,4293.25,4290.5,4293
1666383600,4293,4294.25,4292.75,4294
1666383900,4294.25,4297.25,4294,4296.5
1666384200,4296.75,4296.75,4296,4296.5
1666384500,4296.5,4297.25,4296,4296
1666384800,4296,4296.5,4296,4296
1666385100,4296,4296.75,4296,4296
1666385400,4296.25,4297,4296,4296.75
1666385700,4296.75,4298.5,4296.25,4297.25
1666562400,4296.25,4332.75,4296,4328.5
1666562700,4328.75,4338.5,4327.75,4332.75
1666563000,4333,4334,4326.75,4327.5
1666563300,4327.5,4328.25,4323.75,4326
1666563600,4326,4327.75,4321.5,4322.75
1666563900,4322.75,4326.75,4322.5,4324.5
1666564200,4324.75,4324.75,4321.25,4323.5
1666564500,4323.25,4324.75,4319,4319.75
1666564800,4320,4321.5,4317.75,4320.75
1666565100,4320.5,4320.75,4316.75,4317.75
1666565400,4317.75,4321,4317,4320
1666565700,4320,4322,4318.75,4319.5
1666566000,4319.25,4321.75,4318.5,4319.75
1666566300,4319.75,4321.5,4318,4321.25
1666566600,4321.5,4321.75,4318.5,4318.5
1666566900,4318.75,4321,4318.75,4320.5
1666567200,4320.25,4320.75,4315.75,4316.25
1666567500,4316.25,4317,4313.75,4315
1666567800,4315.25,4317.25,4314.25,4315.25
1666568100,4315,4323.25,4314.25,4321.5
1666568400,4321.5,4325.25,4319,4324.75
1666568700,4324.75,4326.75,4317.75,4317.75
1666569000,4317.75,4319.75,4315.25,4319
1666569300,4318.75,4319.75,4311.75,4311.75
1666569600,4311.75,4314,4307,4311
1666569900,4311.25,4315.25,4309.75,4315
1666570200,4315,4316.75,4312.75,4313.5
1666570500,4313.5,4313.75,4309,4313.25
1666570800,4313.5,4314.75,4310.5,4312
1666571100,4311.75,4315.5,4311.25,4314.5
1666571400,4315,4316,4312.25,4313.5
1666571700,4313.5,4318.25,4313.5,4316.25
1666572000,4316.5,4316.75,4311,4312.5
1666572300,4312.25,4312.25,4307.5,4307.75
1666572600,4308,4310.25,4307.5,4308.25
1666572900,4308.25,4309.75,4306.75,4309
1666573200,4309,4309.25,4306.75,4309
1666573500,4309,4310,4307.25,4308.25
1666573800,4308.25,4309.25,4306.75,4309.25
1666574100,4309.25,4309.25,4300.5,4301
1666574400,4301,4303.25,4299,4299.5
1666574700,4299.5,4303.25,4299,4302.5
1666575000,4302.5,4308,4299.5,4307.75
1666575300,4307.5,4311.5,4307.25,4308.5
1666575600,4308.25,4309.75,4305.75,4307.25
1666575900,4307.25,4308.75,4305,4305.5
1666576200,4305.75,4307.25,4304.5,4305.75
1666576500,4306,4307,4303,4304.25
1666576800,4304.25,4304.5,4298.25,4298.5
1666577100,4298.5,4300.5,4298,4299.75
1666577400,4300,4301.5,4297.5,4299
1666577700,4299,4302.25,4297.5,4301.75
1666578000,4301.75,4301.75,4299,4299.25
1666578300,4299.5,4302.25,4298.25,4302
1666578600,4302,4303.25,4301,4301.75
1666578900,4301.5,4303.25,4299.5,4299.75
1666579200,4299.5,4301.75,4299.5,4300.5
1666579500,4300.5,4304.25,4300.5,4302.75
1666579800,4302.75,4304.25,4302.5,4303
1666580100,4303,4304,4299.75,4300.5
1666580400,4300.75,4301.5,4299,4299.25
1666580700,4299.25,4299.75,4292.5,4292.75
1666581000,4292.75,4294.25,4289.25,4290.25
1666581300,4290,4292.25,4289.75,4291.25
1666581600,4291.25,4292.75,4290.75,4292
1666581900,4292.25,4293.75,4291.25,4293
1666582200,4293,4294.25,4291.75,4292.75
1666582500,4292.75,4293.75,4291,4291.25
1666582800,4291.5,4292,4288.5,4290
1666583100,4290,4293.25,4289.75,4293.25
1666583400,4293,4293.5,4291.75,4292.25
1666583700,4292,4293,4289.75,4291.75
1666584000,4291.75,4292.75,4291,4291.5
1666584300,4291.5,4291.5,4288.75,4288.75
1666584600,4288.75,4292.75,4288.5,4291.25
1666584900,4291.25,4293.75,4289,4293.25
1666585200,4293.25,4294.5,4293.25,4294.25
1666585500,4294.5,4294.5,4293.25,4293.75
1666585800,4293.75,4302.25,4293.75,4299.25
1666586100,4299,4302.25,4298.75,4300.5
1666586400,4300.5,4302.25,4299,4302
1666586700,4302,4310.75,4302,4307
1666587000,4307,4307.5,4304.25,4304.25
1666587300,4304.5,4306.25,4303.5,4304.75
1666587600,4304.5,4305.75,4303.25,4303.75
1666587900,4303.75,4303.75,4297.75,4298
1666588200,4298,4298.25,4291.25,4293
1666588500,4293,4295.25,4292,4292.25
1666588800,4292.25,4294.75,4292.25,4294
1666589100,4294,4294.5,4292,4294
1666589400,4293.75,4295.5,4292.75,4295
1666589700,4295,4295.5,4292.25,4294.25
1666590000,4294.25,4295,4292.5,4293.25
1666590300,4293.25,4295,4292.75,4294.5
1666590600,4294.5,4295,4289.25,4289.5
1666590900,4289.5,4290.75,4287.25,4290.75
1666591200,4290.5,4291.75,4287.5,4291
1666591500,4291.25,4291.25,4287.75,4288.75
1666591800,4289,4292.25,4288,4288.5
1666592100,4288.25,4297,4287.25,4292.5
1666592400,4292.5,4299.25,4292.5,4295.25
1666592700,4295.25,4298.75,4295.25,4297.75
1666593000,4298,4302,4294.25,4296.5
1666593300,4296.25,4299,4293.5,4298.5
1666593600,4298.25,4299.5,4296,4296
1666593900,4295.75,4297.5,4292,4292.25
1666594200,4292.25,4294.75,4288.75,4290
1666594500,4290,4292.5,4288,4291.5
1666594800,4291.5,4304,4291.25,4299.75
1666595100,4299.5,4305.75,4296.25,4296.5
1666595400,4296.25,4297.75,4289.5,4293
1666595700,4292.75,4293,4279.5,4281
1666596000,4280.75,4283.25,4276.75,4277
1666596300,4276.75,4278,4272.5,4275.5
1666596600,4275.5,4282.25,4274.5,4281.75
1666596900,4281.75,4285,4278.5,4281.5
1666597200,4281.5,4283.25,4276.5,4278
1666597500,4278.25,4281.75,4272.75,4281.5
1666597800,4281.25,4285,4280.25,4282.5
1666598100,4282.5,4283.5,4280,4280
1666598400,4280,4282.75,4274.25,4276.75
1666598700,4276.75,4278.75,4272.5,4277.75
1666599000,4277.75,4278.5,4271,4275.5
1666599300,4275.25,4278,4268,4270
1666599600,4269.75,4270.75,4264.5,4266.25
1666599900,4266,4267.5,4262.75,4265
1666600200,4264.75,4267,4262.25,4266.5
1666600500,4266.75,4268.75,4264,4266.5
1666600800,4266.5,4268.75,4261.75,4268.75
1666601100,4268.5,4270.75,4267.25,4270.25
1666601400,4270.5,4274.25,4269.5,4273.75
1666601700,4273.75,4278.75,4273.5,4274.25
1666602000,4274.25,4275.75,4272.25,4275.75
1666602300,4275.5,4277.25,4273.25,4275.25
1666602600,4275.25,4278,4272.75,4272.75
1666602900,4272.75,4273,4267.75,4269
1666603200,4269,4271,4267.75,4269.25
1666603500,4269,4272.25,4267.75,4268
1666603800,4268,4274.75,4266.75,4273.25
1666604100,4273.25,4276.75,4271,4275.25
1666604400,4275,4279.5,4274.5,4279.5
1666604700,4279.25,4283.25,4278.25,4283
1666605000,4282.75,4290.75,4281,4290
1666605300,4289.75,4293,4288.5,4291
1666605600,4291.25,4296.5,4289.75,4290.5
1666605900,4290.25,4291,4285.5,4287.25
1666606200,4287.25,4292,4286.75,4289.5
1666606500,4289.5,4299.25,4289.25,4299.25
1666606800,4299,4302,4297.25,4299.75
1666607100,4300,4301.25,4297,4297
1666607400,4297.25,4304.5,4297.25,4299.5
1666607700,4299.75,4302.25,4298,4300
1666608000,4300,4301,4295.25,4296
1666608300,4296,4296.25,4293.75,4295.5
1666608600,4295.25,4301.25,4295.25,4299.5
1666608900,4299.25,4307,4299.25,4306
1666609200,4306,4307.75,4303.25,4306.5
1666609500,4306.5,4308.5,4299.25,4299.5
1666609800,4299.5,4303.75,4298.25,4301
1666610100,4301,4305.75,4300,4303.5
1666610400,4303.5,4306.75,4301.75,4305.25
1666610700,4305.25,4311.25,4303.5,4309.25
1666611000,4309.25,4318.25,4307.75,4316.25
1666611300,4316,4318.75,4314.75,4315.25
1666611600,4315.25,4321.25,4313.75,4320.25
1666611900,4320.25,4327.75,4318.75,4322.75
1666612200,4323,4323.25,4316.25,4317
1666612500,4317.25,4321.75,4316.5,4316.75
1666612800,4316.75,4318.25,4313.25,4315.5
1666613100,4315.75,4320.25,4315.5,4317
1666613400,4316.75,4319.75,4316.5,4317.25
1666613700,4317,4318.75,4310.75,4311.5
1666614000,4311.5,4311.5,4303,4304.25
1666614300,4304.25,4306.75,4302.5,4306.25
1666614600,4306.5,4306.5,4301.5,4303.5
1666614900,4303.5,4308.25,4301.25,4308
1666615200,4307.75,4313.75,4307.5,4313.5
1666615500,4313.5,4316,4311.5,4312
1666615800,4312.25,4319.5,4311.5,4314.25
1666616100,4314.25,4318.25,4312.5,4318
1666616400,4318,4318.25,4313.25,4317.25
1666616700,4317.25,4317.5,4308.75,4313.25
1666617000,4313.5,4313.75,4309.5,4311
1666617300,4311,4311.25,4305,4307.5
1666617600,4307.25,4309.75,4305.5,4307.5
1666617900,4307.25,4308,4303.5,4304.75
1666618200,4304.75,4307.25,4297,4303
1666618500,4303,4324.75,4302,4316
1666618800,4316,4316,4299.25,4306.75
1666619100,4306.75,4334,4306.75,4314.75
1666619400,4314.75,4326.25,4310.5,4325.5
1666619700,4325.75,4329.25,4316.25,4323.25
1666620000,4323,4323.75,4295.5,4295.75
1666620300,4296,4303.5,4287.25,4290.25
1666620600,4290.25,4301.25,4289.25,4300.25
1666620900,4300.5,4300.75,4287.75,4295.75
1666621200,4295.75,4296,4277,4281
1666621500,4281,4293,4278.5,4292
1666621800,4292.25,4299.75,4287.5,4299.25
1666622100,4299.25,4309.5,4299,4305
1666622400,4305,4308.25,4294.5,4299.25
1666622700,4299.25,4300,4291.5,4294.25
1666623000,4294,4310.75,4293.5,4307.75
1666623300,4307.75,4314.5,4301.75,4312.5
1666623600,4312.25,4316.5,4306,4309.5
1666623900,4309.75,4315.25,4304.25,4306
1666624200,4306.25,4313,4304,4311.25
1666624500,4311.25,4316.25,4300.5,4305
1666624800,4305,4314.75,4305,4314.25
1666625100,4314,4315.75,4308.5,4313.75
1666625400,4313.75,4314.75,4309,4311.5
1666625700,4311.75,4319.75,4309.75,4317.25
1666626000,4317.5,4319.5,4313,4314
1666626300,4314.25,4315.75,4308,4315.25
1666626600,4315.5,4327.5,4314.25,4326.5
1666626900,4326.5,4328.5,4324,4327.25
1666627200,4327.5,4330,4320.75,4322.5
1666627500,4322.75,4326,4320.75,4322.5
1666627800,4322.5,4326.5,4322.5,4325.25
1666628100,4325.25,4331,4323.25,4330
1666628400,4330,4333.25,4325.25,4332.75
1666628700,4332.75,4333,4326.5,4327.5
1666629000,4327.5,4328.75,4324,4326.25
1666629300,4326.25,4329,4323.25,4324.5
1666629600,4324.75,4327.5,4320.75,4327.5
1666629900,4327.5,4328.75,4325.5,4327.75
1666630200,4327.5,4330.5,4326.75,4329.75
1666630500,4330,4330.25,4322.5,4323.25
1666630800,4323.5,4324,4319,4323.25
1666631100,4323.25,4324.25,4319.5,4324.25
1666631400,4324.25,4324.5,4317.5,4320
1666631700,4320.25,4320.75,4317,4318.25
1666632000,4318.25,4318.5,4313,4316.25
1666632300,4316.5,4319.25,4314.25,4316.5
1666632600,4316.5,4317.5,4312.5,4315.5
1666632900,4315.5,4316.5,4312.75,4316.25
1666633200,4316.25,4320.5,4316,4320
1666633500,4320,4322.25,4316.5,4319
1666633800,4319,4321.5,4317.25,4320
1666634100,4320,4321.75,4316.5,4318
1666634400,4318,4324.75,4316.75,4324.25
1666634700,4324.25,4326.25,4323.25,4324.75
1666635000,4324.5,4325.25,4322,4324.5
1666635300,4324.5,4326.25,4324,4324.5
1666635600,4324.5,4325.75,4322.75,4325.5
1666635900,4325.5,4328.75,4324.5,4326.75
1666636200,4326.75,4329.5,4326.25,4329
1666636500,4328.75,4330.5,4327,4330
1666636800,4330,4338.25,4327.25,4336
1666637100,4336,4338.5,4334,4338.25
1666637400,4338,4338.25,4334.75,4337.5
1666637700,4337.5,4341.5,4336,4340
1666638000,4340.25,4343,4338.75,4342.5
1666638300,4342.5,4343.25,4339.75,4341
1666638600,4341,4344,4340.75,4343.75
1666638900,4343.75,4347.25,4343.25,4346.25
1666639200,4346.5,4346.5,4341,4343
1666639500,4343.25,4346.25,4342,4343
1666639800,4343,4344.25,4339.5,4341.25
1666640100,4341.25,4342,4338.5,4339.25
1666640400,4339.5,4339.5,4336,4336.25
1666640700,4336,4338.75,4333.5,4334
1666641000,4334.25,4336.25,4328.25,4328.5
1666641300,4328.25,4336.25,4327.75,4334.75
1666641600,4334.75,4335.5,4333,4333.75
1666641900,4333.75,4334.75,4331.75,4332.25
1666642200,4332.25,4334.5,4331.5,4332.75
1666642500,4332.75,4335.25,4332.75,4335
1666642800,4335,4335.25,4333.25,4333.5
1666643100,4333.75,4333.75,4332.75,4333
1666643400,4333,4333.5,4332.75,4333
1666643700,4332.75,4333,4328.75,4329
1666644000,4328.75,4330,4328.5,4329
1666644300,4329,4331,4328.5,4330.25
1666644600,4330.5,4330.75,4329.5,4330
1666644900,4329.75,4331.25,4329.5,4330.75
1666648800,4328.5,4331.25,4328.5,4329.25
1666649100,4329.25,4331,4328.75,4331
1666649400,4331,4332.5,4331,4332.25
1666649700,4332.25,4332.25,4330.25,4331.25
1666650000,4331.25,4334,4331,4333
1666650300,4333.25,4333.5,4332,4332.5
1666650600,4332.5,4334.25,4331.25,4332.75
1666650900,4333,4335.25,4332.25,4334.5
1666651200,4334.5,4338.25,4334,4337.25
1666651500,4337.5,4338.5,4337.25,4337.75
1666651800,4337.75,4338,4336.5,4337.75
1666652100,4337.5,4339,4337.5,4339
1666652400,4339,4339,4337.25,4337.5
1666652700,4337.5,4340,4337.5,4340
1666653000,4339.75,4341.25,4337.75,4339.25
1666653300,4339.25,4339.25,4337.25,4337.5
1666653600,4337.5,4338,4336.75,4337.75
1666653900,4338,4338.5,4337.25,4337.25
1666654200,4337.25,4338.5,4336.75,4338
1666654500,4338,4338,4336.5,4336.75
1666654800,4336.75,4337,4335.5,4335.75
1666655100,4335.5,4335.75,4333.25,4334.25
1666655400,4334,4336,4334,4335.25
1666655700,4335.25,4336,4334.75,4335
1666656000,4335,4335.25,4329,4329.75
1666656300,4329.5,4335,4328.75,4334.25
1666656600,4334.5,4335.25,4332,4333.25
1666656900,4333,4334,4331.25,4331.25
1666657200,4331.5,4334.25,4331,4333.5
1666657500,4333.75,4339.75,4333.5,4337.5
1666657800,4337.5,4342,4337.5,4338.5
1666658100,4338.75,4339.75,4337.5,4338.25
1666658400,4338,4340,4338,4339
1666658700,4339.25,4341.25,4338.25,4339.5
1666659000,4339.5,4339.75,4335.75,4337
1666659300,4337,4339.5,4337,4338.25
1666659600,4338.25,4339.5,4336.5,4336.75
1666659900,4336.75,4337.75,4330.5,4331
1666660200,4331,4333,4330.25,4330.5
1666660500,4330.75,4330.75,4320.75,4326.25
1666660800,4326.25,4327.75,4324.5,4326
1666661100,4325.75,4328.5,4325.25,4327.25
1666661400,4327.5,4328.75,4323.5,4327.25
1666661700,4327.5,4328,4321.75,4323.25
1666662000,4323.25,4328.75,4323.25,4328
1666662300,4327.75,4329.75,4327.75,4328.25
1666662600,4328.25,4331.5,4328,4330.75
1666662900,4330.5,4331,4327.75,4329
1666663200,4329,4329.25,4326.75,4327.5
1666663500,4327.5,4328.75,4326.75,4327.5
1666663800,4327.25,4328.75,4326,4326.25
1666664100,4326.25,4327.75,4325.25,4326.5
1666664400,4326.25,4328.75,4325.25,4328.75
1666664700,4328.5,4330,4327.25,4328.25
1666665000,4328.25,4330,4326.75,4327.5
1666665300,4327.5,4327.75,4323.75,4326.25
1666665600,4326.25,4328.5,4326,4328
1666665900,4328.25,4329.75,4328.25,4329.25
1666666200,4329,4329.5,4327.75,4328.75
1666666500,4328.75,4330.25,4328.25,4330
1666666800,4330,4330.5,4328,4328.5
1666667100,4328.25,4331.25,4328.25,4331
1666667400,4331,4331.25,4329,4330.25
1666667700,4330.25,4334.25,4330,4334.25
1666668000,4334,4336,4333,4335.5
1666668300,4335.5,4338,4335,4336.5
1666668600,4336.75,4339,4336.5,4337
1666668900,4336.75,4337.75,4335.25,4335.75
1666669200,4335.75,4336.25,4335,4335.25
1666669500,4335.5,4336.25,4334.5,4335
1666669800,4335,4336.5,4334.5,4335.5
1666670100,4335.5,4335.5,4334.25,4335.25
1666670400,4335.25,4337.25,4334.25,4337.25
1666670700,4337.25,4338.25,4337,4338
1666671000,4338.25,4338.75,4336.5,4337.25
1666671300,4337.5,4337.75,4335.5,4337.75
1666671600,4338,4340.5,4337.75,4340.25
1666671900,4340,4340.75,4338.25,4339
1666672200,4338.75,4340.25,4338.5,4338.5
1666672500,4338.5,4338.5,4336.75,4337
1666672800,4337,4337.5,4336.5,4337.25
1666673100,4337.25,4337.5,4336.25,4336.5
1666673400,4336.75,4337.25,4336.5,4336.5
1666673700,4336.5,4337.25,4336,4337.25
1666674000,4337.25,4338.75,4335.5,4336.75
1666674300,4336.75,4337.25,4332.5,4332.75
1666674600,4332.75,4334,4331.25,4333.25
1666674900,4333,4335,4332.75,4333
1666675200,4333.25,4336.25,4331.5,4335
1666675500,4335.25,4335.75,4332.25,4332.5
1666675800,4332.75,4334,4331.25,4333.5
1666676100,4333.75,4335,4333,4334.75
1666676400,4334.75,4334.75,4332.25,4333
1666676700,4332.75,4333.5,4332,4332
1666677000,4332.25,4333.75,4331,4331
1666677300,4331,4335.5,4330.75,4334.5
1666677600,4334.5,4341.25,4333.75,4339.75
1666677900,4340,4340.5,4337,4338.75
1666678200,4338.75,4340.25,4337.25,4337.5
1666678500,4337.5,4340,4337.5,4339.75
1666678800,4339.75,4340.25,4337.75,4340
1666679100,4340,4343,4339.75,4342.25
1666679400,4342.25,4343.5,4337.5,4338
1666679700,4338,4338.25,4336,4337.5
1666680000,4337.75,4339.75,4336.5,4339.5
1666680300,4339.5,4340.5,4337.75,4337.75
1666680600,4337.5,4339,4335,4335.75
1666680900,4335.75,4338.75,4334.75,4337.75
1666681200,4338,4342.75,4334,4335
1666681500,4335,4341.75,4334.25,4340
1666681800,4339.75,4341,4333,4335
1666682100,4335,4342,4333.25,4338
1666682400,4338.25,4339.25,4336,4336.5
1666682700,4336.75,4337.25,4331,4331.25
1666683000,4331.25,4334,4329.75,4333.75
1666683300,4333.75,4335,4332,4334.75
1666683600,4334.75,4334.75,4329.75,4331
1666683900,4331.25,4332.5,4329.5,4332
1666684200,4332.25,4335,4331.75,4331.75
1666684500,4332,4335.5,4331.25,4334.75
1666684800,4334.75,4336.25,4332.25,4336
1666685100,4336,4338.75,4334.5,4336.5
1666685400,4336.75,4339,4335,4338.5
1666685700,4338.75,4339,4334.75,4335.25
1666686000,4335.25,4335.75,4332.75,4333
1666686300,4332.75,4333.5,4332,4332.25
1666686600,4332,4334,4331.5,4333.5
1666686900,4333.5,4334.25,4332.5,4334
1666687200,4334,4337,4333,4333.5
1666687500,4333.5,4334,4331.5,4331.5
1666687800,4331.5,4332.75,4329.75,4330
1666688100,4330,4331,4326.5,4328
1666688400,4328,4328.25,4324,4324.75
1666688700,4324.5,4325.75,4323.75,4323.75
1666689000,4324,4326.5,4323,4324.25
1666689300,4324.25,4326,4324,4325
1666689600,4325,4326.25,4323.25,4324.75
1666689900,4325,4326,4322.5,4322.5
1666690200,4322.75,4323.25,4319.5,4320.5
1666690500,4320.25,4320.5,4316.75,4319.25
1666690800,4319.5,4320.25,4316.75,4317.5
1666691100,4317.75,4320,4315.75,4317.25
1666691400,4317.5,4321,4316.75,4321
1666691700,4321,4323,4319.25,4319.25
1666692000,4319.5,4323,4318.25,4322.75
1666692300,4322.5,4323.5,4320.25,4322.5
1666692600,4322.25,4322.75,4316.5,4318.5
1666692900,4318.5,4319.5,4315.75,4316.25
1666693200,4316,4319.25,4315.25,4319
1666693500,4319,4322,4318,4321
1666693800,4321,4321.5,4319.5,4320
1666694100,4319.75,4322.75,4319.25,4321.75
1666694400,4321.75,4323.75,4321,4323.75
1666694700,4323.5,4325.25,4322.75,4323.25
1666695000,4323.25,4325,4321.75,4322.75
1666695300,4322.75,4325.25,4322.5,4325
1666695600,4325,4325.25,4320.75,4321
1666695900,4321,4324,4320.5,4324
1666696200,4323.75,4325,4322.5,4324.25
1666696500,4324.25,4325.25,4322.75,4323.5
1666696800,4323.5,4325.25,4323,4324.5
1666697100,4324.25,4329.75,4324.25,4329
1666697400,4328.75,4328.75,4327,4327.25
1666697700,4327,4329.5,4327,4329.25
1666698000,4329.5,4330.25,4326.5,4326.75
1666698300,4326.5,4327.25,4323.5,4324.25
1666698600,4324.5,4325,4322.75,4323.5
1666698900,4323.5,4323.5,4321.25,4321.25
1666699200,4321.5,4322.5,4318.75,4318.75
1666699500,4319,4319.25,4315.75,4316.75
1666699800,4316.75,4319,4315.75,4318.75
1666700100,4318.75,4321.5,4317,4320.75
1666700400,4320.5,4321,4318.5,4320.5
1666700700,4320.5,4321.75,4319,4320.25
1666701000,4320.25,4321.25,4318,4318.5
1666701300,4318.75,4321.25,4316.5,4316.5
1666701600,4316.5,4320,4315.5,4319
1666701900,4318.75,4322.5,4318,4322.5
1666702200,4322.25,4323.5,4321,4321.25
1666702500,4321.25,4324.5,4320.25,4324.25
1666702800,4324,4327.5,4324,4326
1666703100,4326,4329.5,4326,4328
1666703400,4328,4333.75,4327.5,4333.25
1666703700,4333.25,4335.25,4331.25,4335.25
1666704000,4335.25,4336.75,4332.25,4335.75
1666704300,4335.5,4337.25,4332.75,4333.75
1666704600,4334,4349,4332.25,4345.5
1666704900,4345.5,4346.5,4339.25,4342.25
1666705200,4342.5,4347.5,4337.25,4346.25
1666705500,4346.5,4364,4346,4363.5
1666705800,4363.5,4369.5,4358.5,4368.5
1666706100,4368.5,4372.75,4366.75,4370
1666706400,4370,4373.5,4365.25,4366.75
1666706700,4366.75,4367,4360.25,4364.75
1666707000,4364.75,4368.25,4359.25,4365.75
1666707300,4366,4371,4364.75,4367.5
1666707600,4367.5,4370,4364,4369.25
1666707900,4369.5,4374.25,4369,4374.25
1666708200,4374.25,4374.5,4368.25,4371.25
1666708500,4371.5,4371.5,4364.5,4365.25
1666708800,4365.5,4369.25,4364.25,4366.75
1666709100,4366.75,4373.25,4366,4372.75
1666709400,4372.75,4376.5,4372,4374.25
1666709700,4374.25,4375.25,4368,4368.75
1666710000,4368.75,4372,4366.75,4371.5
1666710300,4371.75,4380,4370.75,4379
1666710600,4378.75,4379.25,4374,4375.75
1666710900,4376,4379.25,4375,4378.75
1666711200,4378.75,4380.5,4376.5,4380.25
1666711500,4380.25,4380.5,4377.5,4379
1666711800,4379,4381.25,4377,4380.25
1666712100,4380.25,4385,4379.25,4384.25
1666712400,4384.5,4385,4380.25,4384.25
1666712700,4384,4385,4381.5,4384.75
1666713000,4384.5,4385.5,4383.25,4384.75
1666713300,4384.75,4385,4380.25,4381.5
1666713600,4381.5,4382.5,4378.75,4379.75
1666713900,4380,4385.75,4378.75,4383
1666714200,4383,4384.75,4381.75,4384.25
1666714500,4384.25,4388.25,4383.5,4388
1666714800,4388.25,4388.75,4385.25,4385.75
1666715100,4385.75,4386,4382.75,4383.5
1666715400,4383.5,4385,4382,4382.25
1666715700,4382.5,4383.75,4380.75,4382.5
1666716000,4382.25,4383.5,4381,4383.25
1666716300,4383.25,4383.75,4377.75,4378
1666716600,4378,4380,4377,4377.25
1666716900,4377.25,4378.75,4376,4377.25
1666717200,4377.25,4381.5,4372.25,4373
1666717500,4372.75,4379.25,4371.75,4376.75
1666717800,4376.75,4377.75,4373.25,4373.5
1666718100,4373.5,4375.5,4369.5,4373.5
1666718400,4373.25,4374,4370.75,4372
1666718700,4372,4377.5,4371.75,4376.5
1666719000,4376.25,4382.5,4376.25,4380.5
1666719300,4380.25,4380.5,4373.5,4374
1666719600,4374,4375.5,4371.25,4373
1666719900,4373,4375.25,4371.5,4374.5
1666720200,4374.75,4376,4372.75,4376
1666720500,4376,4377,4373.25,4376.25
1666720800,4376.5,4381.5,4375.5,4380.75
1666721100,4380.75,4384.25,4379.75,4383
1666721400,4382.75,4383.5,4381,4381.5
1666721700,4381.75,4387,4380.5,4386.25
1666722000,4386.25,4387,4384.25,4386.5
1666722300,4386.75,4387,4384.75,4386.75
1666722600,4386.75,4391.5,4385.5,4391.5
1666722900,4391.25,4391.5,4388.5,4389.5
1666723200,4389.75,4391.25,4384.25,4384.75
1666723500,4384.75,4384.75,4381.5,4383.75
1666723800,4383.75,4386,4383.25,4385.75
1666724100,4385.75,4386.75,4382.25,4382.25
1666724400,4382.25,4386.5,4381.75,4386.25
1666724700,4386.5,4389.25,4385.75,4389.25
1666725000,4389.25,4391,4387.75,4390.75
1666725300,4390.75,4391,4387.5,4389.25
1666725600,4389.5,4391.25,4388,4391
1666725900,4391,4394.75,4391,4394.5
1666726200,4394.25,4399.5,4393.25,4397
1666726500,4397,4397.75,4394.75,4397
1666726800,4397,4398.25,4394,4397.5
1666727100,4397.5,4398,4394.75,4397.5
1666727400,4397.5,4398.5,4391.75,4391.75
1666727700,4391.75,4397.25,4391.25,4395.25
1666728000,4395.5,4397.25,4374.5,4377
1666728300,4376.75,4384,4376.75,4380.25
1666728600,4380,4380.75,4375.25,4375.5
1666728900,4375.25,4376.25,4372.5,4373
1666729200,4372.75,4373.5,4370.25,4371.5
1666729500,4371.25,4374.75,4370.25,4374.25
1666729800,4374.25,4376.25,4373.5,4376
1666730100,4376,4379,4375.25,4378.25
1666730400,4378.25,4379.75,4377.75,4379
1666730700,4378.75,4380.25,4377.25,4377.75
1666731000,4377.75,4378.25,4376.75,4376.75
1666731300,4377,4379.5,4376.75,4378.5
1666735200,4366.25,4366.75,4358.5,4359.25
1666735500,4359.25,4363.75,4358.25,4362.5
1666735800,4362.5,4363.5,4359.75,4360.5
1666736100,4360.75,4367.5,4359.75,4366
1666736400,4366,4367,4363.75,4364.25
1666736700,4364.5,4365.75,4362.25,4365.75
1666737000,4365.5,4366.75,4362.25,4363.25
1666737300,4363.25,4363.75,4361,4361.5
1666737600,4361.5,4361.75,4358.75,4359.75
1666737900,4359.5,4361.25,4359,4360
1666738200,4359.75,4361.75,4358.25,4358.25
1666738500,4358.5,4360,4358.25,4358.5
1666738800,4358.5,4359,4356.5,4356.75
1666739100,4357,4358.25,4354,4354.25
1666739400,4354.5,4355.5,4352.75,4353.5
1666739700,4353.5,4357,4353.25,4357
1666740000,4356.75,4357.25,4355.75,4356.5
1666740300,4356.5,4356.75,4355.25,4355.5
1666740600,4355.75,4357.25,4355,4356.75
1666740900,4357,4358,4356.75,4357.5
1666741200,4357.5,4357.5,4356.25,4356.5
1666741500,4356.5,4358.5,4356.5,4358.25
1666741800,4358,4360.25,4358,4359.75
1666742100,4359.75,4359.75,4358,4358
1666742400,4358,4360.25,4357.75,4359.5
1666742700,4359.75,4360.25,4354.5,4354.5
1666743000,4354.75,4356.25,4352.75,4355.25
1666743300,4355.25,4358.75,4355.25,4358
1666743600,4358,4358.25,4356.5,4356.5
1666743900,4356.75,4358,4356,4357
1666744200,4357.25,4357.5,4353,4353.5
1666744500,4353.75,4356.25,4353,4355.25
1666744800,4355.5,4356.75,4353,4353.25
1666745100,4353.25,4354,4350.25,4351.5
1666745400,4351.5,4352.5,4350.75,4351.25
1666745700,4351.25,4352.75,4350.75,4352
1666746000,4352,4353.25,4351.5,4352.25
1666746300,4352,4352.25,4349.5,4350.75
1666746600,4350.5,4353,4349.75,4352.5
1666746900,4352.5,4356.5,4352.5,4355.75
1666747200,4355.5,4356.75,4353.5,4354
1666747500,4353.5,4354.5,4352.25,4353.5
1666747800,4353.5,4357.5,4353.5,4356.75
1666748100,4357,4359,4356.25,4359
1666748400,4359,4360,4357,4357.75
1666748700,4357.75,4361.25,4357.75,4360.75
1666749000,4360.5,4361.5,4359.25,4359.5
1666749300,4359.25,4360,4358.25,4359.25
1666749600,4359.25,4362.5,4359.25,4361
1666749900,4361.25,4362,4360,4361
1666750200,4361.25,4361.75,4360.25,4361.5
1666750500,4361.5,4363.75,4360.5,4362.75
1666750800,4362.75,4363,4360,4360.25
1666751100,4360.25,4362.75,4360.25,4361.75
1666751400,4361.5,4362,4360.25,4361
1666751700,4361,4361.25,4360.25,4361
1666752000,4361,4364,4360.75,4363.25
1666752300,4363.5,4364.75,4363,4364.5
1666752600,4364.5,4364.75,4361.75,4362.25
1666752900,4362.25,4363.25,4361.5,4362.25
1666753200,4362.5,4363,4360.5,4360.5
1666753500,4360.5,4362,4360.5,4361
1666753800,4361,4361.25,4360,4360.5
1666754100,4360.25,4362.75,4359.25,4362.25
1666754400,4362.25,4363,4362,4362.5
1666754700,4362.5,4363.5,4361.75,4362.75
1666755000,4362.75,4363.25,4361.25,4361.25
1666755300,4361.25,4361.25,4359.5,4360.25
1666755600,4360.25,4360.25,4359,4360
1666755900,4359.75,4361,4359.5,4360.75
1666756200,4360.75,4362,4360,4361.5
1666756500,4361.75,4362.25,4360.75,4361.25
1666756800,4361.25,4362,4360.25,4361
1666757100,4361,4361.75,4360,4360.75
1666757400,4360.75,4361.25,4360,4360.25
1666757700,4360.25,4361,4359.75,4360.5
1666758000,4360.5,4361,4360,4360.75
1666758300,4360.5,4361.75,4359.75,4361.75
1666758600,4361.75,4363.75,4361.5,4363.5
1666758900,4363.5,4363.5,4361,4361.5
1666759200,4361.75,4361.75,4360.5,4361
1666759500,4361,4361.5,4360.25,4360.25
1666759800,4360.25,4361.25,4360.25,4361.25
1666760100,4361.25,4361.75,4360.5,4360.75
1666760400,4360.5,4363.75,4360.25,4362.5
1666760700,4362.75,4362.75,4359,4359.5
1666761000,4359.75,4360,4357.75,4358
1666761300,4357.75,4358.75,4356.5,4357.25
1666761600,4357.25,4358.25,4356.5,4357.75
1666761900,4357.75,4359.75,4357.75,4359.5
1666762200,4359.5,4359.5,4357.5,4357.5
1666762500,4357.5,4358.5,4357,4358.25
1666762800,4358,4360.5,4358,4360.25
1666763100,4360.25,4360.5,4359.25,4359.75
1666763400,4359.75,4360,4357,4357.75
1666763700,4357.5,4358.5,4356.5,4357
1666764000,4357,4359,4355.5,4359
1666764300,4359,4359.25,4357,4358.25
1666764600,4358.5,4364.5,4358.25,4362
1666764900,4362,4363.5,4361.25,4362.25
1666765200,4362.25,4362.5,4357,4357
1666765500,4357.25,4358.25,4356,4356.75
1666765800,4356.75,4358.75,4355.5,4357.75
1666766100,4357.5,4358.5,4356.5,4358.25
1666766400,4358.25,4358.25,4355.75,4356.75
1666766700,4356.5,4357.75,4355.5,4356
1666767000,4356,4359.5,4356,4358
1666767300,4358,4361,4357.75,4359.5
1666767600,4359.5,4365,4359.5,4361
1666767900,4361,4363.25,4358.5,4362
1666768200,4361.75,4361.75,4358.25,4359.25
1666768500,4359.5,4364.25,4359,4363.25
1666768800,4363.25,4368.75,4363,4368
1666769100,4368.25,4368.25,4363.75,4367.5
1666769400,4367.25,4369.25,4365,4368
1666769700,4367.75,4369,4365.25,4367.5
1666770000,4367.5,4369,4365.5,4367.75
1666770300,4367.75,4370.25,4366,4368.75
1666770600,4369,4370.75,4366.5,4370
1666770900,4369.75,4372,4368.25,4369
1666771200,4369,4375.25,4368,4374.75
1666771500,4374.75,4375.75,4373.25,4375.25
1666771800,4375.25,4375.25,4369.75,4371
1666772100,4371,4371.75,4367.75,4369
1666772400,4369.25,4370.75,4367.75,4370.5
1666772700,4370.5,4374.75,4370,4373.25
1666773000,4373.25,4374.75,4372.25,4374.5
1666773300,4374.5,4378.75,4373.5,4377.25
1666773600,4377.25,4377.5,4371.75,4372
1666773900,4372.25,4374.25,4370.75,4373
1666774200,4373.5,4377,4373.25,4376.5
1666774500,4376.75,4377.75,4375,4377
1666774800,4376.75,4376.75,4374.75,4375.25
1666775100,4375.5,4376,4374.25,4374.5
1666775400,4374.75,4375.5,4367.75,4369.5
1666775700,4369.5,4371.5,4368.5,4370.25
1666776000,4370.25,4370.25,4366.25,4367.5
1666776300,4368,4368.75,4366,4366.25
1666776600,4366.5,4367.5,4364.5,4367.25
1666776900,4367.25,4368.75,4365.5,4368.25
1666777200,4368,4369.75,4367,4368
1666777500,4368,4370.25,4365,4369.25
1666777800,4369,4370.25,4365.75,4366.75
1666778100,4367,4368.75,4364.25,4364.5
1666778400,4364.5,4365.5,4361,4364
1666778700,4364,4367.5,4364,4365.5
1666779000,4365.5,4367.25,4362,4366.25
1666779300,4366.25,4367.5,4364.5,4365.75
1666779600,4365.75,4367,4363.75,4366
1666779900,4365.75,4369.25,4365.5,4367.75
1666780200,4367.75,4371.75,4366.75,4369.25
1666780500,4369,4369.5,4367,4367.25
1666780800,4367.25,4373,4367.25,4372
1666781100,4372.25,4373.5,4371,4371.25
1666781400,4371,4372.5,4370.25,4370.75
1666781700,4370.5,4372.5,4369,4371.75
1666782000,4371.75,4373.5,4370.25,4372.75
1666782300,4372.75,4373,4368,4368.75
1666782600,4369,4370.5,4368,4369.5
1666782900,4369.5,4373.5,4368,4372.25
1666783200,4372,4377,4370.75,4375.75
1666783500,4375.5,4377.25,4372,4375
1666783800,4374.75,4379.25,4373.75,4374.25
1666784100,4374.25,4374.25,4370.75,4372.25
1666784400,4372.25,4372.25,4368.75,4369.75
1666784700,4369.75,4370.5,4366,4366
1666785000,4366,4367.25,4363.25,4364.5
1666785300,4364.5,4367.5,4363.5,4366.25
1666785600,4366.25,4368.25,4365,4368
1666785900,4367.75,4369.25,4364.5,4367.25
1666786200,4367.25,4372,4367.25,4370.75
1666786500,4370.5,4372.25,4366.75,4368
1666786800,4368,4368.75,4361.75,4363.75
1666787100,4363.5,4365.5,4362.25,4363.5
1666787400,4363.5,4364.75,4359.5,4363.5
1666787700,4363.5,4364.25,4358,4359.5
1666788000,4359.5,4361,4357.75,4358.5
1666788300,4358.5,4361.25,4356.75,4360.5
1666788600,4360.5,4362.75,4359.25,4360.75
1666788900,4360.75,4363.75,4360,4363.25
1666789200,4363.25,4366.75,4362.25,4365.25
1666789500,4365.25,4365.25,4360,4364
1666789800,4364,4369.25,4362.75,4367
1666790100,4367.25,4368.5,4364,4364.5
1666790400,4364.75,4366,4360.75,4363.25
1666790700,4363.25,4365,4361.25,4362.25
1666791000,4362.5,4375.75,4359.5,4373.25
1666791300,4373.25,4378,4368,4377.5
1666791600,4377.75,4377.75,4363.25,4363.5
1666791900,4363.5,4376.75,4362.25,4371.75
1666792200,4372,4374.25,4364.75,4365.5
1666792500,4365.75,4371.25,4361.25,4363.25
1666792800,4363.75,4387.25,4363.75,4374.75
1666793100,4374.75,4387.25,4371.25,4383.25
1666793400,4383.5,4388.5,4379.25,4384.75
1666793700,4384.75,4391.25,4380.5,4390.25
1666794000,4390.25,4391,4381.5,4382
1666794300,4382.25,4395.5,4381.5,4393
1666794600,4392.75,4395.5,4387.25,4390
1666794900,4390,4397,4388.5,4396
1666795200,4396,4402.5,4395.75,4401.75
1666795500,4401.75,4406.25,4399.75,4404
1666795800,4404.25,4404.75,4399.75,4402.75
1666796100,4402.75,4402.75,4396.75,4397.25
1666796400,4397,4411,4397,4408.5
1666796700,4408.75,4414.75,4405.75,4412.5
1666797000,4412.5,4417,4410.25,4416.25
1666797300,4416.25,4418.25,4413.5,4415.75
1666797600,4415.75,4418,4413,4415
1666797900,4415.25,4418.25,4413.5,4415.25
1666798200,4415.25,4421.25,4414.5,4419.25
1666798500,4419.5,4420.5,4416.25,4419.5
1666798800,4419.5,4422.75,4418.25,4419.25
1666799100,4419.25,4419.25,4415.25,4417.25
1666799400,4417.25,4418,4412.25,4412.5
1666799700,4412.5,4415.25,4411.5,4415
1666800000,4414.75,4419.25,4414.5,4416.75
1666800300,4416.75,4416.75,4411.25,4412.25
1666800600,4412.25,4416.25,4411.75,4412.25
1666800900,4412.25,4415.25,4408.5,4413.75
1666801200,4414,4415.75,4412.5,4414
1666801500,4414,4414.75,4407,4409
1666801800,4409,4414.5,4408.75,4410.25
1666802100,4410.5,4412,4407,4408.5
1666802400,4408.5,4409.5,4403.5,4403.75
1666802700,4403.75,4405.25,4398.25,4399.25
1666803000,4399.25,4401.25,4396.25,4397
1666803300,4396.75,4398.5,4387.25,4390.25
1666803600,4390.25,4391.25,4383.5,4389
1666803900,4389,4390.5,4384.5,4387.25
1666804200,4387.25,4391.25,4385,4386
1666804500,4386,4387.75,4382.25,4387
1666804800,4386.75,4388.5,4381.5,4383
1666805100,4383,4383.25,4378.25,4379
1666805400,4378.75,4379.75,4373.75,4375.5
1666805700,4375.5,4380.25,4375.25,4380
1666806000,4380,4383.5,4378.5,4382.25
1666806300,4382,4382.75,4378.5,4378.5
1666806600,4378.5,4385.25,4378.25,4384.75
1666806900,4384.75,4386,4380.5,4384.25
1666807200,4384.5,4388.5,4383.25,4388
1666807500,4388.25,4389,4386.5,4387.25
1666807800,4387,4390.25,4385.75,4386.5
1666808100,4386.5,4386.75,4380.75,4381
1666808400,4381,4382,4376.25,4377.5
1666808700,4377.5,4380,4373.25,4374.25
1666809000,4374,4375,4372.5,4373.25
1666809300,4373,4378.75,4372.25,4377.75
1666809600,4377.5,4377.75,4368.5,4368.75
1666809900,4368.75,4371.75,4367.75,4370
1666810200,4369.75,4370.5,4366.75,4370.25
1666810500,4370,4373,4366.25,4370.5
1666810800,4370.5,4370.5,4361.5,4362.25
1666811100,4362.25,4367.25,4361.5,4366.75
1666811400,4366.75,4368.25,4362.25,4368.25
1666811700,4368,4373,4367,4372.25
1666812000,4372.25,4372.5,4367.25,4368.25
1666812300,4368.25,4370.5,4365.5,4369.5
1666812600,4369.5,4373.5,4368.75,4369
1666812900,4369,4371.75,4366.5,4370.25
1666813200,4370,4375.25,4369.75,4375.25
1666813500,4375,4377,4371.25,4373.25
1666813800,4373,4374,4367.5,4372.75
1666814100,4372.75,4373,4363.75,4367.25
1666814400,4367.25,4374,4367,4373
1666814700,4373.25,4381.5,4365.75,4368.5
1666815000,4368.75,4375,4368.5,4373.5
1666815300,4373.5,4374.5,4371.25,4371.5
1666815600,4371.5,4372.5,4370.5,4371.5
1666815900,4371.25,4375.75,4370.25,4373.75
1666816200,4373.5,4376.5,4373.25,4373.75
1666816500,4373.75,4375.25,4373.25,4375
1666816800,4374.75,4375.75,4374.25,4375.5
1666817100,4375.75,4378.5,4375,4378.25
1666817400,4378.25,4379.75,4377.75,4378.5
1666817700,4378.5,4383,4377,4379
1666821600,4369.5,4372.75,4367.25,4368.75
1666821900,4369,4370.75,4367.75,4370.75
1666822200,4370.75,4370.75,4369.75,4370.25
1666822500,4370,4370.25,4368.75,4370
1666822800,4370,4374,4369.75,4373.75
1666823100,4373.5,4376.75,4373.25,4376.5
1666823400,4376.5,4377.25,4374.25,4374.75
1666823700,4375,4375.75,4374.25,4375.5
1666824000,4375.5,4375.75,4374.25,4374.25
1666824300,4374.5,4375.75,4374.25,4375.5
1666824600,4375.25,4378.5,4374.75,4378.25
1666824900,4378.25,4378.25,4375.75,4377.5
1666825200,4377.5,4386,4377.5,4383.75
1666825500,4383.5,4383.5,4381.5,4381.5
1666825800,4381.5,4383,4380.5,4381.5
1666826100,4381.5,4382,4380.25,4380.5
1666826400,4380.5,4382.75,4380.5,4382.5
1666826700,4382.25,4383,4381.5,4381.75
1666827000,4381.75,4388,4381,4385.75
1666827300,4385.75,4386,4383.5,4384.75
1666827600,4384.5,4385.25,4383.75,4384.25
1666827900,4384.5,4385.25,4382.5,4383.5
1666828200,4383.25,4383.5,4381.75,4383
1666828500,4383,4386.25,4382.75,4386
1666828800,4385.75,4386.25,4380.25,4382
1666829100,4382,4383.5,4381,4382.25
1666829400,4382.25,4385.25,4381.5,4384.5
1666829700,4384.75,4389,4383.75,4388.75
1666830000,4388.75,4393.25,4388.25,4390
1666830300,4390,4390.25,4385.75,4386.5
1666830600,4386.5,4386.5,4383.5,4385
1666830900,4385.25,4385.25,4379.5,4381.5
1666831200,4381.5,4382.75,4379.75,4382.25
1666831500,4382.5,4383,4380.5,4381.5
1666831800,4381.5,4382,4379.75,4380.5
1666832100,4380.25,4382.75,4380,4382.5
1666832400,4382.5,4390.25,4381.5,4387.25
1666832700,4387.5,4389.25,4384.75,4385.25
1666833000,4385.5,4386.25,4384.25,4385.5
1666833300,4385.75,4387.25,4381.5,4387
1666833600,4386.75,4387.5,4383,4383.75
1666833900,4383.5,4385,4382,4384
1666834200,4384.25,4385.75,4382.75,4383.75
1666834500,4384,4387,4383.25,4386.75
1666834800,4386.75,4388.25,4385.5,4386.25
1666835100,4386.25,4387,4384,4384.5
1666835400,4384.5,4386.5,4384,4386.25
1666835700,4386.25,4387.25,4385.25,4385.5
1666836000,4385.25,4385.5,4382.75,4384
1666836300,4384,4385.25,4383.5,4384.5
1666836600,4384.25,4384.5,4381.5,4382.75
1666836900,4383,4383.5,4380.25,4381
1666837200,4381,4381,4376.75,4379
1666837500,4378.75,4379,4376.25,4377
1666837800,4377,4378.75,4376.25,4378
1666838100,4378.25,4378.5,4376.25,4377.25
1666838400,4377,4378,4375.75,4376.75
1666838700,4376.75,4380.75,4376.75,4379.75
1666839000,4379.75,4380.25,4378,4378.5
1666839300,4378.25,4380.75,4378.25,4379.5
1666839600,4379.75,4382,4379.75,4381.5
1666839900,4381.5,4385,4380.75,4385
1666840200,4385.25,4385.25,4382.75,4383.5
1666840500,4383.75,4384.25,4383.25,4383.25
1666840800,4383.25,4383.25,4382,4382.25
1666841100,4382.5,4383,4380.5,4381.25
1666841400,4381.25,4384,4381,4383.5
1666841700,4383.5,4385,4383,4384.5
1666842000,4384.25,4385,4383.75,4384.5
1666842300,4384.25,4384.75,4383.75,4384.75
1666842600,4384.75,4386.75,4384.5,4386.25
1666842900,4386,4387,4386,4387
1666843200,4386.75,4387,4384.75,4385.25
1666843500,4385,4386.5,4384.75,4386
1666843800,4386,4387,4386,4386.25
1666844100,4386.25,4386.75,4385.75,4386.75
1666844400,4386.5,4387.75,4386.25,4387
1666844700,4387.25,4387.75,4386.5,4387.5
1666845000,4387.5,4387.5,4386,4386.25
1666845300,4386.25,4386.75,4384.25,4385.75
1666845600,4385.5,4386.75,4385.25,4385.25
1666845900,4385.25,4387.75,4384.75,4386.75
1666846200,4386.75,4388.75,4386,4388.5
1666846500,4388.5,4389.25,4387.25,4388
1666846800,4388,4388.5,4386.75,4387.25
1666847100,4387,4387.25,4385,4386.25
1666847400,4386,4386.75,4384.25,4386.25
1666847700,4386,4386.5,4383.75,4384.25
1666848000,4384.25,4385.5,4382.75,4385.5
1666848300,4385.25,4385.5,4382.25,4383
1666848600,4383,4385.25,4382.5,4385.25
1666848900,4385.25,4389,4384.75,4387.5
1666849200,4387.5,4393,4387.25,4390.75
1666849500,4391,4392.25,4389.5,4389.75
1666849800,4389.75,4391,4389,4390
1666850100,4390,4391.75,4389.5,4390.25
1666850400,4390.25,4392,4387,4387.5
1666850700,4387.75,4388,4386.25,4387.25
1666851000,4387,4387.25,4384.5,4385.5
1666851300,4385.5,4386.5,4384,4386.5
1666851600,4386.5,4386.5,4380.75,4382.5
1666851900,4382.5,4387,4382.25,4385.5
1666852200,4385.5,4385.5,4379.5,4380
1666852500,4380.25,4381.5,4378.75,4379.25
1666852800,4379.25,4381,4376.5,4377.5
1666853100,4377.5,4380.75,4377.5,4378.75
1666853400,4379,4380.5,4378,4378.75
1666853700,4379,4380.25,4375.75,4377
1666854000,4377,4378.5,4372,4375.5
1666854300,4375.5,4379,4373.75,4378
1666854600,4378.25,4381.5,4377.5,4377.5
1666854900,4377.75,4380.25,4375.75,4377.25
1666855200,4377.25,4382,4377.25,4377.5
1666855500,4377.5,4381.5,4372,4372.75
1666855800,4372.75,4375.5,4372,4373.5
1666856100,4373.5,4375.5,4371.25,4373
1666856400,4372.75,4375,4372.5,4374.25
1666856700,4374.25,4375,4371.5,4373
1666857000,4373,4375.25,4373,4374.5
1666857300,4374.5,4375.75,4373,4374.5
1666857600,4374.5,4377.75,4372.75,4376.5
1666857900,4376.25,4376.5,4371.25,4372.75
1666858200,4372.5,4378.75,4371.75,4378.25
1666858500,4378.5,4385.25,4378.25,4381.75
1666858800,4381.5,4381.5,4377.25,4378
1666859100,4378,4381.75,4377.75,4379.25
1666859400,4379.25,4381.75,4378.75,4381
1666859700,4380.75,4381,4379,4379.5
1666860000,4379.5,4380,4375.75,4378.5
1666860300,4378.5,4380.5,4376.75,4379.75
1666860600,4380,4381.75,4378.25,4378.5
1666860900,4378.75,4379.5,4376.75,4376.75
1666861200,4377,4377.5,4375.25,4376
1666861500,4375.75,4375.75,4370.5,4373
1666861800,4372.75,4374.5,4369.75,4370
1666862100,4370,4375,4370,4374
1666862400,4374,4376.5,4373.75,4374.25
1666862700,4374.25,4374.5,4371.5,4373.25
1666863000,4373.25,4374.75,4369.5,4370.5
1666863300,4370.5,4372.5,4368.75,4369.25
1666863600,4369.5,4371.5,4369,4369.5
1666863900,4369.5,4370.25,4368.25,4369.5
1666864200,4369.5,4373.25,4369.25,4369.75
1666864500,4370,4370.25,4366.25,4366.25
1666864800,4366.5,4368,4365.5,4367.75
1666865100,4367.75,4370.25,4367.5,4368.25
1666865400,4368.5,4370.5,4367.75,4370
1666865700,4370,4370,4368.25,4369
1666866000,4369.25,4369.75,4366.5,4368.75
1666866300,4368.75,4369,4365.5,4366.75
1666866600,4366.75,4370.75,4366.25,4369.25
1666866900,4369.25,4369.25,4364.5,4366.5
1666867200,4366.5,4367.5,4363,4364
1666867500,4364.25,4366.5,4363,4365.5
1666867800,4365.5,4366.25,4363,4364.5
1666868100,4364.5,4365,4363,4363.75
1666868400,4363.5,4369,4363,4367.5
1666868700,4367.5,4368.25,4363.25,4368.25
1666869000,4368,4369,4366.75,4367.75
1666869300,4367.75,4371.25,4366.25,4370.75
1666869600,4371,4371.75,4368.75,4370.25
1666869900,4370.5,4370.5,4368.5,4369.75
1666870200,4369.5,4370.25,4367,4370
1666870500,4370,4370.25,4366.5,4368.25
1666870800,4368.25,4369.5,4365.25,4365.75
1666871100,4366,4366.5,4363.25,4363.25
1666871400,4363.25,4364.75,4361.25,4361.5
1666871700,4361.25,4362.75,4359.75,4362.25
1666872000,4362.25,4364,4360.25,4363
1666872300,4363,4364.75,4361.75,4362.25
1666872600,4362.5,4364,4361.5,4364
1666872900,4363.75,4369,4359.5,4363.75
1666873200,4363.75,4371.75,4359.5,4369
1666873500,4369.25,4371.25,4366.5,4369
1666873800,4369.25,4388,4366,4376.5
1666874100,4376.5,4379.75,4366.5,4368.5
1666874400,4368.75,4373,4367.25,4372.25
1666874700,4372.25,4379.5,4365.25,4369.75
1666875000,4370,4376,4368,4373.25
1666875300,4373,4383.5,4373,4380.75
1666875600,4380.5,4382.5,4374.5,4380.75
1666875900,4380.5,4385.75,4379,4384.5
1666876200,4384.5,4386,4380,4382.5
1666876500,4382.75,4391,4381.25,4384
1666876800,4384,4387,4377.5,4380
1666877100,4379.75,4382.75,4375.75,4376
1666877400,4376,4389,4375.75,4382.25
1666877700,4382.25,4387.25,4377.75,4378.25
1666878000,4378.5,4380,4370.25,4379.25
1666878300,4379.5,4380.5,4360.75,4362
1666878600,4361.75,4364.5,4351.5,4353.25
1666878900,4353.25,4358,4350.75,4357.25
1666879200,4357.5,4365,4353.75,4364
1666879500,4364.25,4374,4363.5,4372.75
1666879800,4372.75,4388.25,4365.75,4385.5
1666880100,4385.5,4389.75,4383,4388.25
1666880400,4388.25,4391.5,4384.5,4387.25
1666880700,4387.25,4392.75,4386.25,4391.25
1666881000,4391.25,4396,4387.5,4388.5
1666881300,4388.5,4389.75,4378.25,4381.25
1666881600,4381,4382,4372.75,4373.5
1666881900,4373.5,4378.75,4371.5,4374.25
1666882200,4374,4382,4373.75,4380
1666882500,4380,4381,4367.25,4367.5
1666882800,4367.5,4375.25,4365.75,4372
1666883100,4372,4376.75,4367.75,4374.75
1666883400,4374.5,4380.25,4372.75,4373.75
1666883700,4373.75,4375,4364.5,4367.75
1666884000,4367.5,4374,4365.75,4373
1666884300,4373,4374.5,4366,4370
1666884600,4370,4374.25,4363.75,4369.25
1666884900,4369.25,4375.25,4359,4359.75
1666885200,4359.75,4362,4354.75,4357.25
1666885500,4357.5,4362,4354.25,4360.75
1666885800,4360.5,4361.75,4357,4360.5
1666886100,4360.5,4362,4356.5,4359.25
1666886400,4359.25,4367.25,4356.5,4365.25
1666886700,4365.25,4369.75,4364.25,4365
1666887000,4364.75,4366.5,4361.5,4364.75
1666887300,4364.75,4367.5,4359.75,4360.5
1666887600,4360.25,4361.75,4356,4358.25
1666887900,4358.5,4359.5,4347,4347.5
1666888200,4347.5,4356,4346.75,4355
1666888500,4354.75,4356.75,4352.5,4354.25
1666888800,4354.5,4357.25,4353,4354.25
1666889100,4354.25,4360.75,4353,4358.75
1666889400,4358.75,4361,4357.25,4359.75
1666889700,4360,4362.25,4357.25,4361
1666890000,4361,4362.5,4356.25,4359.5
1666890300,4359.75,4370.75,4359.25,4370.25
1666890600,4370.5,4371.5,4367.25,4368.75
1666890900,4368.5,4370.75,4363.75,4369.25
1666891200,4369.25,4373.5,4367.75,4368.25
1666891500,4368.5,4368.5,4361.5,4362
1666891800,4362,4363.75,4358.5,4358.75
1666892100,4359,4362.25,4357.75,4357.75
1666892400,4357.75,4362.5,4357.5,4360.25
1666892700,4360.25,4362,4356.75,4358.75
1666893000,4358.75,4358.75,4355.5,4356.25
1666893300,4356.25,4358.25,4352.75,4353.5
1666893600,4353.5,4356,4351.5,4354.75
1666893900,4354.5,4354.5,4349.25,4349.75
1666894200,4349.75,4350.75,4346,4349.75
1666894500,4349.75,4352,4348.25,4351.5
1666894800,4351.5,4353.75,4349.75,4353.75
1666895100,4353.5,4354,4351,4351.5
1666895400,4351.5,4353,4347.75,4352
1666895700,4351.75,4351.75,4349,4350
1666896000,4349.75,4352.75,4347.75,4349.25
1666896300,4349.5,4352,4348.25,4348.5
1666896600,4348.5,4351,4347.25,4349.5
1666896900,4349.75,4350.25,4343.5,4346.5
1666897200,4346.5,4353.25,4346,4352
1666897500,4351.75,4353,4341.25,4341.75
1666897800,4341.75,4348.75,4340.75,4347.5
1666898100,4347.25,4351,4347.25,4349.75
1666898400,4349.75,4353,4348.75,4352
1666898700,4352,4353.75,4349,4352.75
1666899000,4353,4358.75,4349.5,4357
1666899300,4356.75,4357,4351.5,4352
1666899600,4351.75,4355,4350.5,4352
1666899900,4352,4353.5,4347.25,4350
1666900200,4350,4353,4339.75,4341.25
1666900500,4341,4347.75,4338.75,4345.25
1666900800,4345.25,4348.75,4311.25,4317.25
1666901100,4317.25,4322.75,4303.5,4305
1666901400,4304.75,4310.75,4301.25,4308.5
1666901700,4308.5,4309,4298.25,4300.5
1666902000,4300.75,4301,4290.25,4292.75
1666902300,4292.75,4299.25,4292,4297.75
1666902600,4297.75,4321.25,4282.75,4315.75
1666902900,4316.25,4320.75,4303,4312
1666903200,4312.5,4319.25,4309,4312.75
1666903500,4312.75,4321.5,4312.5,4318.75
1666903800,4318.75,4323.5,4315.25,4319.25
1666904100,4319,4321.25,4315.75,4316.75
1666908000,4323.5,4325.25,4319.75,4321.5
1666908300,4321.75,4329,4320,4328.75
1666908600,4329,4333.25,4324.75,4325.25
1666908900,4325.25,4327.25,4322.25,4323
1666909200,4323,4326.25,4322.75,4325
1666909500,4325,4325.75,4323.5,4325
1666909800,4325,4326.5,4323.25,4326.25
1666910100,4326.25,4326.25,4323.75,4325.25
1666910400,4325,4331,4325,4329.5
1666910700,4329.5,4329.5,4324.25,4327
1666911000,4326.75,4327.25,4324.5,4326
1666911300,4326,4327,4323.75,4324.5
1666911600,4324.5,4324.75,4321.25,4322.75
1666911900,4323,4325.75,4322.75,4324.5
1666912200,4324.25,4327.25,4323.5,4326.75
1666912500,4326.5,4327.75,4325.5,4325.5
1666912800,4325.5,4325.5,4322.5,4323.25
1666913100,4323.25,4325.25,4323.25,4324.25
1666913400,4324.25,4325,4320,4323.75
1666913700,4323.75,4324.25,4320.75,4321.75
1666914000,4321.5,4324.5,4321.5,4324.5
1666914300,4324.5,4324.75,4321,4321
1666914600,4321,4322.25,4320.5,4321
1666914900,4321,4321.5,4318.5,4320.5
1666915200,4320.5,4322.25,4319,4321
1666915500,4321.25,4322.25,4318.5,4319.5
1666915800,4319.5,4320.5,4316,4319
1666916100,4318.75,4321,4318.25,4318.25
1666916400,4318.25,4320.25,4317.5,4319.5
1666916700,4319.75,4321,4318.75,4320.5
1666917000,4320.25,4323.75,4319.5,4323.5
1666917300,4323.5,4326,4322.75,4324.25
1666917600,4324,4324,4321.25,4321.5
1666917900,4321.75,4323.25,4319.75,4322.75
1666918200,4322.75,4323,4321.25,4322
1666918500,4322.25,4324,4321.5,4323.25
1666918800,4323.5,4326.5,4323.5,4326
1666919100,4326.25,4327.25,4325.25,4327
1666919400,4327,4332.25,4327,4332
1666919700,4332.25,4334.5,4330.25,4332
1666920000,4332,4333.25,4330.75,4332.25
1666920300,4332.5,4333,4330.5,4333
1666920600,4333,4333.75,4329.75,4330.25
1666920900,4330.25,4332.5,4329.25,4332
1666921200,4332,4335.25,4331.75,4332.75
1666921500,4332.75,4333.75,4331.25,4331.5
1666921800,4331.5,4335.25,4331.5,4334
1666922100,4334,4338.25,4333.75,4335.75
1666922400,4335.75,4336.75,4334.5,4334.75
1666922700,4334.5,4335.75,4333,4334.25
1666923000,4334,4335,4331.5,4332
1666923300,4332,4333.75,4331.5,4333
1666923600,4333.25,4334.25,4331.25,4331.25
1666923900,4331.25,4332,4330,4331.25
1666924200,4331.25,4333,4330.75,4331.25
1666924500,4331.25,4331.5,4329.75,4330
1666924800,4330,4332.5,4329.75,4330.25
1666925100,4330.25,4330.5,4327.5,4328.5
1666925400,4328.25,4330.25,4327.25,4328.75
1666925700,4329,4331,4327.25,4331
1666926000,4330.75,4333.25,4330,4330.25
1666926300,4330,4330.5,4328.5,4330
1666926600,4329.75,4330.5,4327.75,4328.75
1666926900,4328.75,4328.75,4326.5,4327.25
1666927200,4327,4328.75,4327,4327.5
1666927500,4327.5,4328.5,4327,4327.5
1666927800,4327.5,4329.25,4326.25,4328.25
1666928100,4328,4329,4326.75,4328.75
1666928400,4328.5,4330.75,4328.5,4330.25
1666928700,4330,4331,4327.25,4327.75
1666929000,4327.75,4329.5,4327.25,4329.25
1666929300,4329.5,4330,4327.25,4329.5
1666929600,4329.5,4330.25,4328.5,4330
1666929900,4330,4330.75,4328.75,4330.25
1666930200,4330.5,4330.75,4329.75,4330
1666930500,4329.75,4330.25,4329,4329
1666930800,4329,4329,4323.75,4323.75
1666931100,4324,4326.25,4323.75,4325
1666931400,4325,4326,4322.75,4325.25
1666931700,4325,4325.5,4324,4324.5
1666932000,4324.75,4325,4324,4324.25
1666932300,4324,4325,4323,4325
1666932600,4324.75,4325.5,4323.75,4324.25
1666932900,4324.25,4325,4323.75,4324.75
1666933200,4325,4325,4323.25,4324.25
1666933500,4324.25,4324.25,4321,4321.75
1666933800,4322,4322.75,4319,4321
1666934100,4321,4322.25,4319.5,4320
1666934400,4320,4320.75,4319,4320.25
1666934700,4320.5,4322,4320.5,4321.25
1666935000,4321,4322.25,4317.25,4320.25
1666935300,4320.25,4320.75,4314.5,4316.5
1666935600,4316.25,4317,4313.75,4314.75
1666935900,4314.5,4316.5,4313.75,4314.5
1666936200,4314.25,4316.5,4314,4315.75
1666936500,4315.75,4317.5,4315.25,4316
1666936800,4316,4318.25,4315,4317.5
1666937100,4317.75,4318.75,4313,4314.75
1666937400,4314.75,4315.5,4312,4314.25
1666937700,4314.5,4314.5,4311,4313
1666938000,4313.25,4316,4312.5,4312.5
1666938300,4312.5,4316.5,4311.5,4315.75
1666938600,4316,4316.25,4314.5,4315.25
1666938900,4315.25,4316.75,4313.5,4315
1666939200,4315,4317.25,4314.5,4315.75
1666939500,4315.75,4315.75,4308.75,4308.75
1666939800,4308.75,4311.25,4307,4310.75
1666940100,4310.5,4312,4307,4309
1666940400,4309.25,4312.75,4306.75,4311.5
1666940700,4311.75,4316,4311,4315.25
1666941000,4315.5,4316.5,4309.5,4311
1666941300,4311.25,4313,4308.5,4310
1666941600,4310,4310,4304.25,4305.5
1666941900,4305.5,4306.5,4304.25,4305
1666942200,4305,4307.75,4302,4307.25
1666942500,4307.25,4310,4305.75,4307.5
1666942800,4307.25,4309.75,4305.5,4307
1666943100,4307.25,4307.5,4303.75,4304.75
1666943400,4305,4306.75,4302.75,4303.25
1666943700,4303.25,4308.5,4303,4307.25
1666944000,4307.5,4309.5,4304,4304.75
1666944300,4304.5,4311.75,4304.25,4311.5
1666944600,4311.5,4316.75,4311.25,4315.75
1666944900,4315.75,4316,4313.75,4314
1666945200,4314.25,4315.25,4312.75,4313
1666945500,4313,4315,4312,4312.25
1666945800,4312.25,4316.25,4311,4312.5
1666946100,4312.5,4314.5,4311.5,4312.25
1666946400,4312.5,4315.5,4312.5,4314
1666946700,4314,4319,4313.5,4318.25
1666947000,4318,4320,4317.5,4319.75
1666947300,4319.75,4320.25,4317,4317
1666947600,4317,4317.25,4313,4313
1666947900,4312.75,4314,4311.25,4312.5
1666948200,4312.5,4314.25,4311,4312
1666948500,4312.25,4314.75,4309.5,4314.5
1666948800,4314.5,4318.25,4314,4317
1666949100,4316.75,4318.25,4315.5,4316
1666949400,4316,4317.75,4314,4314.25
1666949700,4314.25,4314.5,4310.25,4311.25
1666950000,4311.25,4314,4310.25,4313.25
1666950300,4313.5,4316.75,4313.25,4316.25
1666950600,4316.25,4319.5,4315.75,4318.5
1666950900,4318.5,4322,4317,4321.5
1666951200,4321.5,4321.75,4319.25,4320
1666951500,4320,4320.75,4318.5,4320.25
1666951800,4320.5,4320.75,4317.75,4318
1666952100,4318,4319,4316.25,4318
1666952400,4318,4320.75,4317.75,4320.5
1666952700,4320.25,4320.75,4318.75,4319.5
1666953000,4319.5,4323.75,4318,4323.75
1666953300,4323.75,4324.5,4321.75,4322.5
1666953600,4322.5,4323.75,4321,4321.5
1666953900,4321.5,4322.25,4319,4320.5
1666954200,4320.25,4322.75,4318.5,4322.5
1666954500,4322.5,4323.75,4321,4322
1666954800,4322,4323.75,4321.5,4321.5
1666955100,4321.75,4322.25,4315.75,4318.5
1666955400,4318.5,4320.75,4318,4320.25
1666955700,4320.5,4323.75,4319.75,4323.5
1666956000,4323.25,4327,4322.25,4326
1666956300,4326,4329,4325.75,4328.75
1666956600,4328.5,4328.75,4324.75,4326.75
1666956900,4326.75,4330.75,4326,4327
1666957200,4326.75,4327.5,4324.25,4324.75
1666957500,4324.75,4330.5,4324.75,4329.75
1666957800,4329.75,4330,4325.75,4328.5
1666958100,4328.25,4328.5,4324.75,4324.75
1666958400,4325,4325.5,4322.75,4325.5
1666958700,4325.5,4325.75,4319.25,4321.5
1666959000,4321.5,4323,4320,4320.75
1666959300,4320.75,4325,4320.25,4324
1666959600,4324,4326,4323,4323.5
1666959900,4323.75,4324.25,4319.25,4320.25
1666960200,4319.75,4353.25,4312.25,4337.75
1666960500,4337.75,4341.25,4332.25,4335
1666960800,4335,4335.5,4328.5,4330.5
1666961100,4330.5,4331.5,4321.25,4323.25
1666961400,4323.25,4327.25,4320.5,4325.5
1666961700,4325.5,4332,4323.5,4331.5
1666962000,4331.25,4336.5,4328.5,4335.25
1666962300,4335.25,4343.25,4334.75,4341.25
1666962600,4341.5,4345.5,4340.5,4341.25
1666962900,4341.25,4344.25,4338.25,4343.75
1666963200,4344,4345.75,4341.75,4344
1666963500,4343.75,4349,4341.25,4343.75
1666963800,4343.75,4367.5,4341.75,4361.25
1666964100,4361,4369.25,4360,4367.75
1666964400,4368,4375.25,4367.75,4370.5
1666964700,4370.5,4375,4367.25,4373
1666965000,4373,4375.25,4367.5,4373.25
1666965300,4373.25,4379.25,4369.5,4371.25
1666965600,4371.25,4380.25,4361.75,4365.5
1666965900,4365.5,4371.75,4362.75,4365.75
1666966200,4365.75,4368.5,4354.75,4365.5
1666966500,4365.75,4377.75,4363,4373.5
1666966800,4373.25,4376.25,4369.75,4375.25
1666967100,4375.25,4389.5,4374.75,4385.25
1666967400,4385.25,4393,4385,4386.75
1666967700,4386.75,4390.25,4383.75,4389.25
1666968000,4389.25,4394.75,4386.25,4393.5
1666968300,4393.25,4403,4393,4402
1666968600,4402,4403,4398.75,4402
1666968900,4402.25,4404.25,4400.5,4403
1666969200,4403,4406.75,4398.5,4399.75
1666969500,4400,4404,4396.5,4402.25
1666969800,4402,4408.75,4402,4404.25
1666970100,4404.25,4404.5,4398.25,4402.5
1666970400,4402.5,4404.75,4399,4401
1666970700,4401.25,4402,4397.25,4398.25
1666971000,4398.25,4401,4396.75,4397.25
1666971300,4397.25,4401.75,4394.5,4401
1666971600,4401,4406.5,4400.5,4405.5
1666971900,4405.25,4408,4404,4406.5
1666972200,4406.75,4408.5,4404.75,4405
1666972500,4405,4407.25,4402.5,4403.5
1666972800,4403.5,4407,4401,4401.25
1666973100,4401.25,4402.75,4396,4400.25
1666973400,4400.5,4407.75,4400,4407.75
1666973700,4407.5,4413,4407.25,4410.5
1666974000,4410.75,4415.5,4410.25,4414.75
1666974300,4415,4416.75,4413.25,4416.25
1666974600,4416.25,4419,4415,4418.25
1666974900,4418.5,4420.25,4415,4415.25
1666975200,4415.25,4416.75,4411.5,4414.75
1666975500,4414.75,4415.75,4410.5,4415.75
1666975800,4415.5,4419.75,4414.75,4419.5
1666976100,4419.5,4419.5,4415.75,4417.5
1666976400,4417.75,4419.75,4416.5,4417.5
1666976700,4417.5,4423.25,4417.25,4422
1666977000,4422,4424,4420.75,4422.75
1666977300,4422.75,4424,4419.75,4419.75
1666977600,4419.75,4422,4418.75,4421
1666977900,4420.75,4422.25,4419.25,4420.25
1666978200,4420.25,4422.75,4420,4422.25
1666978500,4422.5,4426.75,4421.75,4424.5
1666978800,4424.5,4425.5,4422.5,4423.5
1666979100,4423.75,4427.25,4423.5,4423.75
1666979400,4423.5,4425.5,4423.5,4424.75
1666979700,4424.75,4425.75,4421,4421.5
1666980000,4421.5,4424.25,4418.75,4420.25
1666980300,4420,4422.75,4418,4418.75
1666980600,4418.75,4422,4418.25,4421.75
1666980900,4422,4426.75,4421,4424.5
1666981200,4424.75,4426,4424.25,4425
1666981500,4425,4426,4423,4424
1666981800,4424.25,4430,4423.25,4429.75
1666982100,4429.75,4432,4429.5,4432
1666982400,4432,4434.5,4430.5,4433
1666982700,4433,4435.25,4432.75,4434.5
1666983000,4434.5,4437,4432,4433
1666983300,4433,4435.25,4433,4434.75
1666983600,4435,4439,4433,4433.5
1666983900,4433.25,4434.5,4429.25,4433.5
1666984200,4433.75,4436.5,4433.25,4435.25
1666984500,4435.25,4436,4432.25,4433
1666984800,4433,4434.25,4431.25,4434
1666985100,4434,4438,4433.25,4436.25
1666985400,4436.25,4437.5,4433.75,4436.5
1666985700,4436.5,4436.5,4432.5,4434.5
1666986000,4434.5,4437.75,4433.75,4436.25
1666986300,4436,4436.25,4434.25,4435.5
1666986600,4435.5,4441.75,4433.5,4439
1666986900,4438.75,4440,4433.25,4436
1666987200,4436,4440.25,4435,4439.25
1666987500,4439.5,4439.75,4437.5,4438
1666987800,4438,4441.75,4437.75,4441.75
1666988100,4441.5,4445.75,4441.25,4444.75
1666988400,4444.75,4446,4444.5,4445.25
1666988700,4445.25,4447.75,4445.25,4447.5
1666989000,4447.5,4449,4446.75,4447
1666989300,4447.25,4448.5,4447,4447.75
1666989600,4447.75,4448.75,4447.75,4447.75
1666989900,4447.75,4448,4447.25,4447.5
1666990200,4447.5,4449.5,4447.5,4448.25
1666990500,4448.25,4448.75,4448,4448.25
1667167200,4436.75,4440,4429.25,4430.75
1667167500,4431,4431,4427,4430
1667167800,4430,4431,4428.25,4430.25
1667168100,4430.25,4431.5,4429.5,4431.5
1667168400,4431.5,4431.5,4430.25,4431.5
1667168700,4431.5,4431.75,4429.5,4430
1667169000,4430,4431,4429,4429.75
1667169300,4429.5,4430.25,4429,4430
1667169600,4430.25,4433.25,4429.25,4429.75
1667169900,4429.75,4435.5,4429.5,4432.25
1667170200,4432.25,4434.5,4432,4433
1667170500,4432.75,4433.5,4432,4433
1667170800,4433.25,4435.25,4432.25,4433.75
1667171100,4434,4436,4433.5,4434.25
1667171400,4434.25,4435.25,4432.75,4435.25
1667171700,4435.25,4436.75,4433,4433.75
1667172000,4433.5,4436.25,4433.5,4435.25
1667172300,4435,4436,4432,4432
1667172600,4432.25,4433.75,4431.25,4433.25
1667172900,4433,4435.75,4432.5,4434.75
1667173200,4434.75,4435,4431.5,4432
1667173500,4431.75,4432.5,4430.5,4431
1667173800,4431,4432.5,4430.5,4431.5
1667174100,4431.75,4431.75,4430.25,4431
1667174400,4431,4433,4430.75,4432.25
1667174700,4432.25,4433.75,4431.75,4432
1667175000,4432,4433.25,4430,4431
1667175300,4430.75,4432.25,4430.75,4430.75
1667175600,4430.75,4430.75,4427.75,4428
1667175900,4428,4429.25,4427.25,4429.25
1667176200,4429,4429.25,4427,4427.5
1667176500,4427.25,4427.5,4425.25,4426
1667176800,4425.75,4426.25,4425,4425
1667177100,4424.75,4424.75,4421.5,4424
1667177400,4424.25,4425.5,4423.25,4425.5
1667177700,4425.75,4426.25,4424.25,4424.75
1667178000,4424.75,4426,4423.75,4424.5
1667178300,4424.75,4426,4424.75,4425.25
1667178600,4425.5,4426.25,4424.5,4425.25
1667178900,4425.25,4425.5,4421.75,4424.75
1667179200,4424.5,4425.75,4424.25,4425.5
1667179500,4425.5,4427.5,4425,4425.25
1667179800,4425.25,4425.5,4420.75,4422.75
1667180100,4422.75,4425.25,4422.25,4424.75
1667180400,4425,4425.25,4424.25,4424.75
1667180700,4424.75,4429.25,4424.75,4428.25
1667181000,4428,4430,4427,4429
1667181300,4429,4431.25,4429,4429.5
1667181600,4429.5,4431,4427.5,4427.75
1667181900,4427.75,4428,4426.5,4427
1667182200,4427,4427.5,4426.25,4426.75
1667182500,4426.75,4427.75,4426.25,4427.25
1667182800,4427,4427.25,4426,4426.5
1667183100,4426.5,4429,4426,4427.75
1667183400,4427.75,4431.25,4427.25,4430.25
1667183700,4430.25,4431.75,4430,4431
1667184000,4431.25,4432.25,4430.5,4430.5
1667184300,4430.75,4431.5,4430.25,4430.5
1667184600,4430.75,4430.75,4429.25,4430.25
1667184900,4430,4430,4429,4429.5
1667185200,4429.5,4430.25,4429.25,4430
1667185500,4430,4432,4429.5,4431.75
1667185800,4432,4432.75,4431.5,4431.5
1667186100,4431.5,4432,4430.75,4431
1667186400,4431,4431.75,4430.5,4431
1667186700,4431.25,4432,4428.5,4428.5
1667187000,4428.25,4429.75,4427.25,4429.25
1667187300,4429,4429.75,4428,4428.75
1667187600,4429,4429.75,4428.5,4429.5
1667187900,4429.25,4432.75,4429,4432.25
1667188200,4432.5,4436,4432.25,4433.5
1667188500,4433.75,4435,4432.75,4432.75
1667188800,4433,4433.75,4432.5,4433.5
1667189100,4433.25,4434.25,4432.25,4433
1667189400,4433,4433,4431,4431.75
1667189700,4431.75,4432,4431.25,4431.5
1667190000,4431.5,4431.75,4430.5,4430.75
1667190300,4430.75,4431,4429.75,4430.75
1667190600,4430.5,4431,4429.5,4430.25
1667190900,4430.25,4432,4429.75,4431
1667191200,4431,4432.75,4430.75,4431
1667191500,4431.25,4431.75,4430.25,4430.25
1667191800,4430.25,4431,4429.25,4429.75
1667192100,4429.5,4430.25,4429,4429.75
1667192400,4429.75,4431.75,4428.25,4431
1667192700,4431,4434.5,4431,4433
1667193000,4433,4433,4430.25,4431
1667193300,4431,4431.25,4429.75,4430.75
1667193600,4431,4431.5,4430.25,4430.25
1667193900,4430.25,4432.5,4430.25,4432.25
1667194200,4432.25,4432.25,4430.25,4431.75
1667194500,4431.5,4433.75,4431,4431
1667194800,4431,4431.75,4430.5,4430.75
1667195100,4430.5,4431,4427.75,4428.25
1667195400,4428.25,4430,4427.5,4430
1667195700,4430,4431,4428.75,4430
1667196000,4430,4431.75,4428.75,4429.75
1667196300,4429.75,4430.5,4429.25,4429.75
1667196600,4429.75,4429.75,4426.25,4427.75
1667196900,4427.75,4428.75,4425.5,4426
1667197200,4425.75,4427.5,4425,4427.25
1667197500,4427.5,4428,4426.25,4426.5
1667197800,4426.25,4427,4425.25,4425.5
1667198100,4425.25,4426.5,4424.75,4425
1667198400,4425.25,4428,4425,4427.75
1667198700,4427.75,4428.5,4426.25,4426.5
1667199000,4426.25,4428.5,4425.75,4427.75
1667199300,4428,4428.75,4426.5,4427.5
1667199600,4427.5,4428.5,4425.25,4426.25
1667199900,4426.25,4426.5,4423,4423.75
1667200200,4423.75,4425,4422.25,4423
1667200500,4422.75,4424.75,4422,4424
1667200800,4424,4425,4422.25,4423.5
1667201100,4423.25,4425.5,4422.75,4425.25
1667201400,4425.25,4427.75,4425.25,4427.25
1667201700,4427.25,4428,4426.5,4427
1667202000,4427,4428.25,4427,4427.75
1667202300,4427.75,4428,4426.25,4426.25
1667202600,4426.25,4428.75,4426.25,4428.5
1667202900,4428.5,4431.5,4428.5,4431
1667203200,4431.25,4431.5,4421.25,4421.75
1667203500,4422,4422,4417.25,4418.25
1667203800,4418.25,4419.5,4416.25,4417.75
1667204100,4417.75,4418.75,4416.25,4417.75
1667204400,4417.75,4419.25,4417.25,4418.75
1667204700,4418.75,4419.75,4415.5,4415.5
1667205000,4415.5,4415.5,4411.75,4411.75
1667205300,4412,4413.75,4411.5,4413.75
1667205600,4413.5,4414,4412,4413
1667205900,4413,4413,4409.5,4410.75
1667206200,4410.75,4411.25,4409.25,4410
1667206500,4410,4414.75,4410,4413.5
1667206800,4413.75,4414.5,4411,4411.75
1667207100,4411.5,4412.5,4410.5,4411.5
1667207400,4411.5,4411.5,4410.25,4411
1667207700,4410.75,4413,4410.25,4412.75
1667208000,4412.75,4415,4412.75,4414.75
1667208300,4414.5,4415,4412.5,4414.25
1667208600,4414.25,4418.5,4414.25,4417.75
1667208900,4417.5,4418.25,4416.75,4418
1667209200,4418,4419,4417,4418.25
1667209500,4418.25,4420.75,4418.25,4419.75
1667209800,4419.5,4420,4418,4418.25
1667210100,4418.25,4418.5,4415.25,4416.5
1667210400,4416.5,4417,4414.5,4415.25
1667210700,4415.25,4419.25,4415.25,4418
1667211000,4418,4418.25,4415.25,4416.75
1667211300,4416.5,4417.25,4414.25,4414.75
1667211600,4414.75,4416.75,4412.75,4416.75
1667211900,4416.5,4416.75,4415.5,4416
1667212200,4416,4416,4413.5,4415.25
1667212500,4415,4416.75,4414.5,4416
1667212800,4416,4416.25,4413.5,4414.25
1667213100,4414.25,4415.75,4414,4414.5
1667213400,4414.5,4415.25,4413.25,4414.25
1667213700,4414.25,4418.75,4414,4418.5
1667214000,4418.25,4424.75,4418.25,4421
1667214300,4421,4422.5,4420.25,4421.5
1667214600,4421.75,4425.25,4421.75,4423.75
1667214900,4423.75,4426.25,4423.5,4424
1667215200,4423.75,4424.5,4422.5,4424.25
1667215500,4424.25,4427.75,4424.25,4427.5
1667215800,4427.25,4427.5,4423,4423.25
1667216100,4423.25,4423.75,4421,4422.25
1667216400,4422.25,4425.25,4422.25,4424.25
1667216700,4424.25,4426.25,4422.75,4423.75
1667217000,4423.75,4424,4418.5,4419.5
1667217300,4419.75,4421,4419,4420.25
1667217600,4420.5,4421.25,4416.5,4418
1667217900,4418,4418,4414.75,4415.75
1667218200,4415.5,4417.75,4414.5,4417.5
1667218500,4417.25,4418.5,4415.75,4416
1667218800,4416,4417.5,4414.5,4416.5
1667219100,4416.75,4418.75,4415.25,4415.25
1667219400,4415.25,4416,4413,4414
1667219700,4413.75,4414,4410.75,4411.75
1667220000,4411.5,4414,4411.25,4413.5
1667220300,4413.5,4415,4413,4413.75
1667220600,4413.75,4415.5,4412.5,4413.5
1667220900,4413.75,4415.25,4411.75,4414.75
1667221200,4414.75,4417.25,4413,4416.75
1667221500,4416.5,4418,4415.5,4417.25
1667221800,4417.25,4419,4415.75,4416.25
1667222100,4416.5,4418.25,4413.75,4414
1667222400,4414,4414.75,4413,4413.5
1667222700,4413.5,4413.5,4408,4409.5
1667223000,4409.5,4415.25,4406.5,4414
1667223300,4414,4420,4411,4416.75
1667223600,4416.75,4419,4411.5,4416
1667223900,4416,4416.25,4403.25,4403.25
1667224200,4403.5,4406.25,4400,4405
1667224500,4405,4405.75,4399.75,4399.75
1667224800,4400,4408,4398.25,4407.25
1667225100,4407.5,4407.5,4397.5,4400.75
1667225400,4400.5,4406,4398.25,4405.5
1667225700,4405.25,4414.25,4404.75,4411.25
1667226000,4411,4412.75,4405.5,4405.75
1667226300,4405.75,4407.25,4401.5,4403.25
1667226600,4403.25,4405.5,4400.25,4402.5
1667226900,4402.75,4403.25,4398.75,4403.25
1667227200,4403,4408.75,4402,4408
1667227500,4408,4412.75,4405.75,4406.5
1667227800,4406.5,4410.25,4404.5,4406
1667228100,4406,4408.5,4403,4406.5
1667228400,4406.5,4413.5,4405.5,4410.75
1667228700,4411,4418.5,4408.5,4414.25
1667229000,4414.5,4417.25,4411.75,4413.5
1667229300,4413.75,4416.5,4412.25,4413.75
1667229600,4413.75,4421,4411.25,4419.75
1667229900,4419.75,4421.25,4418,4418.75
1667230200,4418.75,4420.25,4416.25,4419.25
1667230500,4419.25,4420,4416,4416.5
1667230800,4416.5,4424.25,4416.25,4424.25
1667231100,4424.25,4425.25,4421.5,4424.5
1667231400,4424.25,4428.5,4424,4427.75
1667231700,4427.75,4429.75,4408.25,4416
1667232000,4416,4418.25,4410.75,4418
1667232300,4417.75,4418.75,4409.5,4409.75
1667232600,4409.5,4418.75,4409.25,4418.25
1667232900,4418.25,4425.25,4416.75,4421.25
1667233200,4421.25,4422.25,4416.25,4417.25
1667233500,4417.25,4418.25,4413.75,4414.75
1667233800,4414.75,4414.75,4406.5,4408
1667234100,4408,4410.5,4405.75,4408
1667234400,4408.25,4410,4402.75,4406
1667234700,4406.25,4406.5,4403.5,4405
1667235000,4405.25,4408.75,4403.25,4404
1667235300,4404,4408.5,4403,4407.75
1667235600,4408,4411,4405.5,4405.75
1667235900,4405.75,4411.75,4403,4411
1667236200,4411,4412.25,4408,4410.5
1667236500,4410.5,4415.5,4408,4415.5
1667236800,4415.5,4417.75,4414.25,4416
1667237100,4416,4419.75,4413.25,4418.5
1667237400,4418.75,4420.5,4417.25,4420.25
1667237700,4420.25,4421.25,4418.5,4419
1667238000,4419,4419.25,4414.75,4417.75
1667238300,4417.5,4417.75,4412.5,4412.75
1667238600,4413,4415,4410.5,4412.5
1667238900,4412.75,4416.25,4412.25,4416
1667239200,4415.75,4419.75,4414.25,4418
1667239500,4418,4418,4413.25,4413.75
1667239800,4413.5,4416,4411.75,4414.5
1667240100,4414.25,4417.75,4412.25,4416.5
1667240400,4416.5,4417.5,4414.75,4415.75
1667240700,4415.75,4418.5,4414.75,4415.25
1667241000,4415,4419.25,4413.25,4418
1667241300,4418,4422.75,4416.75,4421.5
1667241600,4421.25,4422,4419.75,4420.75
1667241900,4420.5,4422.75,4416.75,4418
1667242200,4418,4420.75,4416.5,4420.5
1667242500,4420.25,4421.75,4410.5,4414.5
1667242800,4414.5,4414.75,4405.25,4405.25
1667243100,4405.25,4408.5,4400.5,4401.75
1667243400,4402,4407.25,4402,4405.5
1667243700,4405.5,4407.5,4402.25,4406.75
1667244000,4406.5,4411.75,4404.75,4410
1667244300,4409.75,4412.75,4409.25,4412.25
1667244600,4412.25,4417,4409.75,4417
1667244900,4416.75,4419,4415.25,4418
1667245200,4418.25,4420.5,4417.75,4418.5
1667245500,4418.5,4419.5,4413.25,4414
1667245800,4414,4414.5,4406,4407.75
1667246100,4408,4411.25,4405.75,4408
1667246400,4408,4410.5,4405,4406
1667246700,4405.75,4410.25,4405.5,4408.5
1667247000,4408.5,4409,4406,4407.75
1667247300,4407.75,4410.75,4407.25,4410
1667247600,4410,4411,4408.75,4410
1667247900,4409.75,4410.5,4408.5,4409.5
1667248200,4409.5,4410.75,4409,4410.25
1667248500,4410.5,4411.5,4410.25,4411.25
1667248800,4411.25,4412.25,4410.25,4411.25
1667249100,4411.25,4412,4410.5,4411
1667249400,4411,4412,4409.75,4410
1667249700,4410,4410,4407.25,4408
1667253600,4409.25,4410.75,4407,4407.5
1667253900,4407.5,4408.25,4406.25,4407.25
1667254200,4407.5,4410,4407.25,4410
1667254500,4410,4411.5,4409.5,4409.75
1667254800,4410,4411.75,4410,4411.25
1667255100,4411.25,4412.25,4410.75,4411.5
1667255400,4411.75,4413,4411.25,4412
1667255700,4412,4412.25,4411.25,4411.75
1667256000,4411.75,4412.25,4410.75,4412
1667256300,4412,4412.25,4411.5,4412.25
1667256600,4412,4412.75,4411.25,4411.5
1667256900,4411.5,4411.75,4410.25,4410.75
1667257200,4410.75,4414,4410.75,4413.75
1667257500,4413.75,4416,4413.75,4414.5
1667257800,4414.5,4415.25,4413.75,4415.25
1667258100,4415.5,4416.25,4414.75,4415
1667258400,4415,4415.25,4414.25,4414.75
1667258700,4414.75,4415.75,4414.5,4415.25
1667259000,4415.5,4416.25,4414.25,4415.25
1667259300,4415.25,4415.75,4413.75,4414.25
1667259600,4414,4415.5,4414,4415.25
1667259900,4415.25,4416.75,4415.25,4415.5
1667260200,4415.5,4415.75,4414.25,4414.25
1667260500,4414.25,4415.5,4413.5,4413.75
1667260800,4413.75,4414.25,4412.25,4413.75
1667261100,4413.75,4415.75,4412.5,4415.25
1667261400,4415.25,4417.5,4415,4416.25
1667261700,4416.5,4417.5,4415.75,4416
1667262000,4415.75,4417,4414.5,4416.25
1667262300,4416.5,4417.75,4415.75,4417.25
1667262600,4417.5,4418.75,4417.25,4418.25
1667262900,4418,4418.75,4417.5,4417.75
1667263200,4417.5,4418,4416.25,4416.5
1667263500,4416.75,4417.5,4415.25,4415.25
1667263800,4415.25,4417.25,4415.25,4416.75
1667264100,4416.5,4416.75,4415,4415.5
1667264400,4415.5,4417,4415.5,4416
1667264700,4416,4417,4414.75,4416.75
1667265000,4416.75,4417,4416,4416.75
1667265300,4417,4418.5,4415.25,4418.5
1667265600,4418.5,4419.5,4417.75,4418.5
1667265900,4418.75,4420,4418.25,4419.75
1667266200,4420,4420.5,4419,4419
1667266500,4419,4419.5,4418.5,4418.75
1667266800,4418.75,4420.25,4418.5,4419
1667267100,4419,4420.75,4418.75,4419.75
1667267400,4419.75,4421.25,4419.75,4420.25
1667267700,4420.25,4421,4420.25,4420.75
1667268000,4420.5,4422,4420.5,4421
1667268300,4420.75,4421.5,4420.25,4421
1667268600,4421,4421.75,4420.5,4421.75
1667268900,4421.75,4422.25,4419.75,4420.75
1667269200,4421,4422.5,4421,4422.5
1667269500,4422.25,4423,4422.25,4422.5
1667269800,4422.75,4424.5,4422.5,4424.25
1667270100,4424.25,4425,4423.75,4424
1667270400,4424,4424,4422.75,4424
1667270700,4424,4424.75,4423.75,4424.75
1667271000,4424.5,4424.75,4424,4424
1667271300,4424,4425.25,4424,4424.5
1667271600,4424.75,4426,4423.5,4423.75
1667271900,4423.5,4424,4422.5,4423.5
1667272200,4423.5,4423.75,4422,4422.25
1667272500,4422.25,4423,4421.75,4421.75
1667272800,4422,4422.25,4420.75,4420.75
1667273100,4421,4421.75,4420.75,4420.75
1667273400,4421,4423.5,4421,4422.75
1667273700,4422.75,4423.25,4421.75,4422.5
1667274000,4422.25,4422.5,4421,4421.5
1667274300,4421.5,4421.5,4419.75,4421.5
1667274600,4421.5,4423,4419.75,4422.5
1667274900,4422.75,4423,4421.25,4422.75
1667275200,4422.75,4423.25,4421.5,4422.5
1667275500,4422.25,4422.5,4421,4422
1667275800,4422.25,4422.25,4420.25,4421.5
1667276100,4421.5,4422,4420.75,4421.75
1667276400,4421.75,4422.25,4421.5,4421.5
1667276700,4421.75,4422.25,4419.75,4420
1667277000,4420.25,4422.5,4419,4422.25
1667277300,4422,4423.75,4422,4423.5
1667277600,4423.25,4423.75,4422.75,4423.5
1667277900,4423.5,4423.75,4422.5,4422.75
1667278200,4422.75,4423,4422,4422
1667278500,4422,4422.25,4421,4421.75
1667278800,4421.5,4423.5,4421.25,4422.75
1667279100,4422.75,4424.5,4422.75,4424
1667279400,4424.25,4424.25,4423.5,4424
1667279700,4423.75,4425,4423.25,4424.5
1667280000,4424.25,4425,4424,4424.5
1667280300,4424.5,4428.25,4424,4428
1667280600,4428,4429.25,4427.5,4429
1667280900,4429,4430.25,4429,4429.75
1667281200,4429.75,4430,4429,4430
1667281500,4430,4432.25,4429.75,4431.5
1667281800,4431.75,4431.75,4428.75,4429.5
1667282100,4429.5,4430,4428.5,4428.75
1667282400,4428.75,4430.75,4428.75,4430.75
1667282700,4430.75,4432.5,4430,4432.25
1667283000,4432,4433.5,4431.5,4432.75
1667283300,4432.5,4433.75,4432,4432.75
1667283600,4432.75,4433.25,4431.5,4432
1667283900,4432,4432.5,4431,4431.25
1667284200,4431.5,4431.5,4429.75,4430
1667284500,4430,4430.5,4428.75,4429.5
1667284800,4429.25,4431.75,4429.25,4431
1667285100,4430.75,4432,4429.75,4431.75
1667285400,4431.75,4433,4430.25,4432.25
1667285700,4432.25,4434.25,4432,4433.5
1667286000,4433.5,4433.75,4427.25,4427.75
1667286300,4427.75,4432.25,4427.5,4430.75
1667286600,4431,4436.5,4431,4436.5
1667286900,4436.5,4436.75,4433.25,4435.25
1667287200,4435.25,4436.75,4429.25,4429.25
1667287500,4429.5,4429.75,4424,4425.5
1667287800,4425.5,4426.75,4423.5,4425
1667288100,4425.25,4427.25,4424.5,4426
1667288400,4426,4426.75,4425,4425.75
1667288700,4425.5,4427.25,4425.5,4427
1667289000,4427,4430.25,4427,4429.5
1667289300,4429.5,4431,4428.5,4430.25
1667289600,4430.5,4437.75,4429.75,4437
1667289900,4437,4440.25,4437,4438.25
1667290200,4438.5,4443.5,4437.5,4442.25
1667290500,4442.25,4443.5,4440.75,4441
1667290800,4441,4443,4438.75,4439.25
1667291100,4439.5,4442,4438.5,4440.75
1667291400,4440.75,4442.5,4439,4439
1667291700,4439,4442,4439,4440
1667292000,4440,4441.25,4439.25,4440.25
1667292300,4440,4440.75,4438,4438.5
1667292600,4438.5,4441,4437.75,4438
1667292900,4438,4440,4437,4437.75
1667293200,4437.75,4437.75,4433.25,4434.25
1667293500,4434.25,4435.5,4432.75,4432.75
1667293800,4432.75,4435.5,4432.5,4434.75
1667294100,4434.75,4436.75,4432.75,4436.25
1667294400,4436.25,4437.25,4435.5,4435.75
1667294700,4435.75,4436.75,4433.5,4435.75
1667295000,4436,4439,4435,4438
1667295300,4438.25,4439.5,4437.75,4439.25
1667295600,4439.25,4441.75,4439.25,4440.75
1667295900,4440.75,4441,4439.5,4440
1667296200,4440.25,4440.75,4438.5,4440.5
1667296500,4440.75,4442,4440.25,4441.25
1667296800,4441.25,4442.75,4439.75,4440
1667297100,4439.75,4442,4438.25,4441.5
1667297400,4441.5,4444.25,4441.25,4442.75
1667297700,4442.75,4443,4440.75,4441.5
1667298000,4441.5,4446.25,4441.25,4445
1667298300,4445,4446.25,4443.25,4444.5
1667298600,4444.5,4446.75,4443.25,4446.75
1667298900,4446.5,4447.25,4445.75,4446.25
1667299200,4446.25,4446.75,4443,4443.75
1667299500,4443.75,4445.75,4443,4445.25
1667299800,4445,4446.5,4444.75,4446
1667300100,4446,4446.75,4444.25,4444.25
1667300400,4444.5,4444.5,4440.75,4443.5
1667300700,4443.25,4447.5,4443.25,4444.75
1667301000,4444.75,4445,4441,4442.25
1667301300,4442.25,4442.25,4440,4441.5
1667301600,4441.25,4442.75,4441.25,4442
1667301900,4442,4444.25,4442,4444
1667302200,4443.75,4446.25,4443.5,4445.5
1667302500,4445.25,4446.75,4442.75,4443
1667302800,4443.25,4445,4442.75,4444
1667303100,4444,4445.25,4443.5,4444.75
1667303400,4444.75,4445.75,4444,4445.25
1667303700,4445.25,4447.5,4445.25,4445.5
1667304000,4445.5,4449,4442.75,4444
1667304300,4444,4445.75,4442.75,4445
1667304600,4445,4447.75,4444.75,4447
1667304900,4447,4449,4447,4448.75
1667305200,4448.75,4450.75,4446.75,4450.25
1667305500,4450,4451,4447.75,4449.75
1667305800,4449.5,4453.25,4449,4451.25
1667306100,4451.25,4451.75,4449.25,4449.75
1667306400,4449.5,4451.5,4449,4450
1667306700,4450.25,4452.25,4449.25,4451
1667307000,4450.75,4452.25,4449,4450.25
1667307300,4450,4451,4449,4449.75
1667307600,4449.5,4450.5,4446.5,4447
1667307900,4446.75,4448.75,4446.5,4447
1667308200,4447.25,4450,4447,4447.5
1667308500,4447.5,4448.5,4445.75,4446.5
1667308800,4446.25,4448,4445.75,4446.25
1667309100,4446.5,4448.25,4444,4447.25
1667309400,4447,4449.5,4438.5,4444.5
1667309700,4444.5,4448.25,4439.75,4444.75
1667310000,4444.75,4447.5,4440.75,4442.75
1667310300,4443,4443,4426.5,4429.75
1667310600,4429.75,4430,4422.75,4425.25
1667310900,4425.5,4428.75,4424,4426.25
1667311200,4425.75,4429.25,4407.5,4408.5
1667311500,4408.5,4412.25,4399.75,4400.5
1667311800,4400.25,4404.5,4395.75,4401
1667312100,4401,4405,4399.25,4399.5
1667312400,4399.5,4409.5,4394.5,4404.75
1667312700,4404.5,4409.25,4400.75,4409
1667313000,4409.25,4411.25,4402.25,4411
1667313300,4411,4411.75,4398.75,4399.75
1667313600,4399.5,4399.5,4388.5,4391.75
1667313900,4391.75,4395.75,4387.75,4390.5
1667314200,4390.25,4393,4387.5,4392.5
1667314500,4392.5,4393,4380.75,4385
1667314800,4385,4388.25,4382.5,4386.25
1667315100,4386.25,4388.25,4381.25,4386
1667315400,4386,4391,4385,4390.25
1667315700,4390,4392.75,4382.75,4383.25
1667316000,4383.25,4388.5,4382,4383.75
1667316300,4384,4390.5,4382.25,4390
1667316600,4390,4393.5,4388,4391
1667316900,4391,4392.75,4377.75,4381
1667317200,4380.75,4383.75,4378.5,4380.5
1667317500,4380.25,4388.25,4379,4385.5
1667317800,4385.5,4388.75,4383.75,4388.5
1667318100,4388.5,4393,4386,4390.5
1667318400,4390.5,4394.25,4389.25,4393.25
1667318700,4393,4405.5,4392.5,4396.75
1667319000,4396.75,4401,4391,4393.5
1667319300,4393.25,4394.75,4389.75,4391.25
1667319600,4391,4396,4387.5,4390.5
1667319900,4390.5,4395.25,4389.25,4389.75
1667320200,4389.75,4392.25,4387.75,4388.75
1667320500,4388.75,4390.75,4384.75,4390
1667320800,4390,4393.25,4387.5,4393.25
1667321100,4393,4394.5,4391,4392.25
1667321400,4392,4393,4387.75,4390.75
1667321700,4390.75,4393.25,4387.75,4392.75
1667322000,4392.75,4392.75,4388,4390.5
1667322300,4390.25,4393.5,4388.75,4390.25
1667322600,4390.25,4399.75,4390,4396.75
1667322900,4396.75,4399,4394.5,4396.75
1667323200,4397,4399.75,4395.5,4395.75
1667323500,4395.75,4396.5,4393.5,4394
1667323800,4394,4394.75,4390.5,4391.25
1667324100,4391.5,4392,4387.75,4388.75
1667324400,4388.75,4394,4388.25,4392.75
1667324700,4392.5,4396,4391.5,4393
1667325000,4393,4395,4391.75,4392.5
1667325300,4392.5,4396.25,4391,4396
1667325600,4396,4397.75,4393.5,4395
1667325900,4395.25,4397.25,4392.5,4396.5
1667326200,4396.25,4397,4394,4395
1667326500,4395,4395.75,4393.25,4394
1667326800,4394.25,4395.75,4392,4393
1667327100,4392.75,4396,4391.25,4395.5
1667327400,4395.5,4397,4390.5,4392.75
1667327700,4393,4395.25,4392,4393.25
1667328000,4393,4395,4390.25,4391.75
1667328300,4391.5,4392.75,4387.75,4389.25
1667328600,4389.5,4393.75,4388.5,4392.25
1667328900,4392.25,4400.75,4391.75,4398.75
1667329200,4399,4400,4396,4398.75
1667329500,4398.75,4403.5,4397.75,4401.5
1667329800,4401.5,4401.75,4395.75,4396.25
1667330100,4396.25,4397.5,4393.25,4397.5
1667330400,4397.5,4399.75,4396.5,4397.5
1667330700,4397.5,4397.75,4392,4393
1667331000,4393.25,4395.25,4391.5,4393.75
1667331300,4394,4396.75,4391.75,4392.25
1667331600,4392,4396.25,4391.75,4395.25
1667331900,4395.25,4399,4392.25,4398.5
1667332200,4398.5,4400.5,4393.75,4395.5
1667332500,4395.5,4396.75,4389.75,4390.25
1667332800,4390.5,4394.25,4385.75,4387
1667333100,4387,4388.75,4385.25,4385.5
1667333400,4385.25,4385.75,4381.25,4382.75
1667333700,4382.75,4386.25,4381.5,4385
1667334000,4385,4386.25,4383.25,4384.25
1667334300,4384.5,4385.25,4381,4385.25
1667334600,4385.25,4386,4384.25,4385.25
1667334900,4385.25,4388.25,4385.25,4387.25
1667335200,4387.25,4388.75,4387,4388
1667335500,4387.75,4388,4386.25,4387.25
1667335800,4387.25,4387.75,4386.25,4386.5
1667336100,4386.75,4387.5,4386,4387
1667340000,4388.25,4391,4388,4389
1667340300,4389.25,4389.75,4387.25,4388.75
1667340600,4389,4390.75,4388.75,4390.25
1667340900,4390,4392.5,4390,4390.25
1667341200,4390.5,4391.5,4389.75,4391
1667341500,4390.75,4391.5,4389.5,4391.25
1667341800,4391,4391.75,4390,4391
1667342100,4391,4392,4390.75,4391.75
1667342400,4392,4392,4390.75,4391.25
1667342700,4391,4392,4390.75,4391.25
1667343000,4391.25,4392.25,4391,4392.25
1667343300,4392,4392,4391.25,4391.75
1667343600,4392,4393.75,4391.75,4393
1667343900,4393,4394.25,4392.25,4393
1667344200,4392.75,4393,4391.25,4392.75
1667344500,4392.75,4393.75,4392.25,4392.5
1667344800,4392.5,4393.5,4392.5,4393
1667345100,4393.25,4394.25,4392.75,4393.75
1667345400,4393.5,4394.5,4393.25,4394.25
1667345700,4394.25,4394.25,4393.25,4393.5
1667346000,4393.25,4393.75,4391.25,4391.5
1667346300,4391.5,4392,4389.5,4389.75
1667346600,4390,4391,4388.75,4390
1667346900,4389.75,4392,4389.75,4390.5
1667347200,4390.75,4393.5,4390.25,4391
1667347500,4390.75,4390.75,4386.75,4387.25
1667347800,4387.25,4389.25,4387.25,4388.25
1667348100,4388.25,4390.5,4388.25,4389.5
1667348400,4389.25,4391.25,4388.75,4390.5
1667348700,4390.25,4391.5,4389,4391.5
1667349000,4391.75,4394.75,4391,4393.25
1667349300,4393,4397.75,4393,4397
1667349600,4397,4397.5,4395.25,4397
1667349900,4397,4399.25,4396.75,4397.75
1667350200,4398,4399,4395.75,4396
1667350500,4396,4398.25,4395.5,4398
1667350800,4397.75,4398.5,4395.75,4396.5
1667351100,4396,4397.5,4396,4396.5
1667351400,4396.5,4398.75,4396.5,4398.75
1667351700,4399,4400,4398.5,4399.5
1667352000,4399.25,4400.25,4399.25,4400
1667352300,4400,4400.75,4399.25,4399.5
1667352600,4399.5,4400,4399,4399.75
1667352900,4400,4402.75,4399.75,4402.5
1667353200,4402.25,4402.5,4400,4400.75
1667353500,4400.75,4401.25,4399.5,4400
1667353800,4400,4400.25,4399,4399.75
1667354100,4400,4400.75,4399.25,4400.25
1667354400,4400.5,4401,4399,4399.5
1667354700,4399.75,4399.75,4397.5,4397.5
1667355000,4397.75,4398.75,4397.5,4398.25
1667355300,4398.5,4399.5,4397.5,4398
1667355600,4398,4398,4396.25,4397.5
1667355900,4397.5,4399.5,4397.5,4399
1667356200,4399,4400,4398.75,4399.25
1667356500,4399.25,4401.25,4399.25,4400.5
1667356800,4400.5,4400.75,4399.75,4400.25
1667357100,4400.5,4402.25,4400.5,4401.75
1667357400,4401.75,4402.25,4401,4401.5
1667357700,4401.75,4403,4401.25,4401.5
1667358000,4401.75,4401.75,4398.5,4398.5
1667358300,4398.75,4400,4398.75,4399.75
1667358600,4399.75,4399.75,4398,4399.5
1667358900,4399.5,4401,4398.5,4401
1667359200,4401,4404.25,4401,4403
1667359500,4403,4403,4401.5,4402
1667359800,4402.25,4402.75,4400.5,4401.25
1667360100,4401,4402,4400.25,4401.25
1667360400,4401,4401.5,4399.75,4400.5
1667360700,4400.75,4401.75,4399.75,4401.25
1667361000,4401.25,4403,4401.25,4401.25
1667361300,4401.5,4401.5,4400.5,4400.5
1667361600,4400.5,4401,4399.5,4399.75
1667361900,4399.75,4400,4397.5,4398.25
1667362200,4398.5,4398.75,4396.75,4398.5
1667362500,4398.75,4399,4397.5,4398
1667362800,4398.25,4399.25,4397.5,4398
1667363100,4397.75,4402.25,4397.5,4400.5
1667363400,4400.5,4401,4399.75,4400.5
1667363700,4400.5,4400.75,4399.25,4400.25
1667364000,4400.25,4401.75,4400,4401
1667364300,4401,4402,4399.75,4400.5
1667364600,4400.25,4401.75,4400.25,4401.5
1667364900,4401.5,4402,4401.25,4401.5
1667365200,4401.75,4404,4401.75,4402.5
1667365500,4402.75,4402.75,4400,4400
1667365800,4400.25,4402.5,4400.25,4402.25
1667366100,4402,4403.25,4401.5,4402.5
1667366400,4402.5,4403.75,4402.25,4402.5
1667366700,4402.75,4402.75,4401.25,4401.75
1667367000,4402,4402.5,4401,4401.25
1667367300,4401.5,4403.75,4401.5,4403
1667367600,4403,4403.75,4402.5,4403.5
1667367900,4403.5,4404.25,4403,4403
1667368200,4403,4404,4402.25,4403
1667368500,4403,4403,4401.5,4402.5
1667368800,4402.5,4402.75,4399.75,4400.25
1667369100,4400.25,4400.5,4399.5,4400.25
1667369400,4400.25,4400.5,4398,4398.5
1667369700,4398.5,4400.25,4398.5,4399.75
1667370000,4399.75,4399.75,4397,4398.75
1667370300,4398.75,4399.25,4397.5,4398.75
1667370600,4399,4400.25,4398,4398
1667370900,4398,4398.75,4396.5,4396.5
1667371200,4396.75,4397.75,4395.5,4396
1667371500,4396.25,4397,4395.75,4396.75
1667371800,4396.75,4397.25,4395,4396
1667372100,4395.75,4398,4395.5,4397.25
1667372400,4397.5,4397.5,4395.25,4397
1667372700,4396.75,4398.25,4395,4396
1667373000,4396.25,4397.75,4394.5,4394.75
1667373300,4394.75,4394.75,4391.75,4392.5
1667373600,4392.5,4393.75,4392.25,4393.25
1667373900,4393.25,4394,4392,4392.5
1667374200,4392.25,4394,4392,4393.5
1667374500,4393.25,4395.5,4393,4394.5
1667374800,4394.5,4395.5,4392.5,4394
1667375100,4394.25,4397,4394.25,4396.75
1667375400,4396.75,4399,4396.5,4396.75
1667375700,4396.75,4397.25,4395,4395
1667376000,4395.25,4400.25,4394.25,4398
1667376300,4398.25,4398.5,4396,4397.25
1667376600,4397,4399.25,4396,4396.75
1667376900,4396.75,4402.5,4396,4402.5
1667377200,4402.75,4404,4402,4402.75
1667377500,4403,4406.75,4403,4405.25
1667377800,4405.25,4406.5,4403.25,4404
1667378100,4404,4406.25,4403.25,4403.5
1667378400,4403.75,4405.5,4403,4403.5
1667378700,4403.5,4404.25,4401.75,4402
1667379000,4402,4403.75,4401.25,4402.25
1667379300,4402.25,4403,4401.25,4402.25
1667379600,4402,4404.25,4400,4402
1667379900,4402,4403,4397.5,4398.5
1667380200,4398.5,4398.5,4396,4396.5
1667380500,4396.25,4398.5,4394.25,4395.5
1667380800,4395.75,4396.5,4393,4393.75
1667381100,4393.5,4395.25,4390.5,4392.25
1667381400,4392.25,4394.25,4391.25,4393.5
1667381700,4393.25,4394.75,4392.5,4393.5
1667382000,4393.5,4393.75,4392.25,4392.75
1667382300,4392.75,4395,4392.75,4393.5
1667382600,4393.5,4394.5,4392.5,4393.75
1667382900,4394,4395.75,4393.5,4395
1667383200,4395,4395.75,4393.25,4394.5
1667383500,4394.25,4395.25,4393.25,4393.75
1667383800,4393.75,4395.5,4393.25,4394.5
1667384100,4394.5,4394.75,4393.25,4393.75
1667384400,4394,4395.25,4393.25,4394.75
1667384700,4395,4395.75,4391.75,4393
1667385000,4393,4394.25,4390.75,4392.5
1667385300,4392.5,4392.75,4388.75,4390.5
1667385600,4390.5,4390.75,4386.75,4388.25
1667385900,4388.25,4390.5,4387.75,4388.5
1667386200,4388.25,4389.25,4386.75,4388.25
1667386500,4388.25,4391,4387.75,4390.75
1667386800,4390.75,4391.75,4389.5,4390
1667387100,4390.25,4390.75,4388,4390.5
1667387400,4390.5,4392.75,4390.5,4392.5
1667387700,4392.5,4393.75,4392.5,4393.5
1667388000,4393.5,4393.5,4391.25,4391.75
1667388300,4391.75,4393,4390.25,4392.75
1667388600,4392.5,4393.75,4391.75,4393.75
1667388900,4393.75,4394.75,4392.25,4394.25
1667389200,4394.25,4394.75,4392.5,4393.5
1667389500,4393.5,4395.25,4393,4395.25
1667389800,4395,4396.5,4393.25,4394.5
1667390100,4394.75,4396.5,4394.5,4395.75
1667390400,4396,4397,4395,4395.5
1667390700,4395.5,4395.75,4392,4392.5
1667391000,4392.5,4393.5,4391.75,4393.5
1667391300,4393.25,4393.25,4381.5,4387.75
1667391600,4387.75,4391.75,4386.5,4390
1667391900,4390,4390.25,4386.5,4387.75
1667392200,4388,4390.25,4385,4389.5
1667392500,4389.5,4392.5,4389.25,4391.75
1667392800,4391.5,4391.75,4379.75,4381.5
1667393100,4381.75,4384.5,4380.75,4383.75
1667393400,4383.75,4387,4383,4387
1667393700,4386.75,4389.25,4385.75,4386.75
1667394000,4386.75,4387.75,4385.25,4387.5
1667394300,4387.75,4388.5,4386,4387.25
1667394600,4387,4387.5,4384.75,4385.75
1667394900,4385.75,4386.75,4383.25,4384
1667395200,4383.75,4387,4383.5,4386.5
1667395500,4386.75,4387.5,4383.25,4383.75
1667395800,4383.75,4385.5,4371.5,4375.75
1667396100,4375.75,4379,4372,4374.25
1667396400,4374.25,4378.25,4372.5,4373.5
1667396700,4373.5,4377,4369.75,4372.25
1667397000,4372.5,4376.25,4371.5,4373.25
1667397300,4373.25,4374.5,4368.5,4369
1667397600,4369,4374.25,4368,4373
1667397900,4373,4375.25,4370.25,4371.75
1667398200,4371.5,4374.25,4368.5,4368.75
1667398500,4368.5,4370.5,4367.25,4369.5
1667398800,4369.25,4369.75,4366.25,4367.25
1667399100,4367,4368.5,4365.5,4367.25
1667399400,4367.25,4369,4366,4368.25
1667399700,4368.25,4370.5,4365.75,4369.25
1667400000,4369.5,4371.75,4366.75,4370
1667400300,4370,4373,4369,4371.25
1667400600,4371.25,4375.75,4368.5,4374.75
1667400900,4375,4375.75,4371.5,4372
1667401200,4372,4375.25,4372,4372.5
1667401500,4372.75,4374.5,4371,4372.5
1667401800,4372.5,4373.75,4368.5,4369
1667402100,4369,4371,4367,4370
1667402400,4370.25,4372.5,4368.25,4372
1667402700,4372,4372.5,4368.25,4370.75
1667403000,4371,4372.75,4368.75,4372
1667403300,4372,4374.75,4370.5,4370.75
1667403600,4370.5,4375,4369.75,4373.25
1667403900,4373.5,4375.75,4372,4374.75
1667404200,4374.75,4375.5,4372.75,4373.75
1667404500,4374,4375,4370.5,4371.5
1667404800,4371.5,4372.25,4369.25,4371.75
1667405100,4372,4373.5,4365.75,4368.25
1667405400,4368,4369.25,4365.75,4366
1667405700,4366,4366.75,4363.5,4364.5
1667406000,4364.75,4366.25,4362.5,4363.5
1667406300,4363.75,4364.25,4361.75,4361.75
1667406600,4362,4363.5,4361.25,4361.5
1667406900,4361.5,4362.25,4358.25,4359
1667407200,4358.75,4363.25,4358.75,4363
1667407500,4363,4365.25,4363,4364.75
1667407800,4364.75,4367.25,4364.5,4367
1667408100,4367,4371.5,4366.5,4369.25
1667408400,4369.25,4369.5,4367,4367.5
1667408700,4367.5,4368.75,4366,4366.75
1667409000,4367,4368.25,4364.5,4365.25
1667409300,4365.25,4367.5,4364.75,4366.75
1667409600,4366.75,4367.5,4365,4365.75
1667409900,4365.75,4366.25,4364.25,4366
1667410200,4365.75,4368,4364.75,4367
1667410500,4367,4371.75,4366,4371.75
1667410800,4371.75,4377.75,4371.75,4375.5
1667411100,4375.5,4381,4375.25,4379.75
1667411400,4379.75,4383.75,4378.75,4380.75
1667411700,4381,4381.75,4375.75,4378
1667412000,4378,4424.5,4364.75,4415.5
1667412300,4415.5,4424.75,4407.75,4414.25
1667412600,4414,4418.25,4403,4412.5
1667412900,4412.75,4417.25,4397.5,4407
1667413200,4407.25,4413.25,4403,4411.25
1667413500,4411.5,4424,4409.25,4423.75
1667413800,4423.75,4429.25,4404.5,4413.75
1667414100,4413.75,4432.25,4366.25,4388
1667414400,4388,4414.75,4376.5,4394.25
1667414700,4394,4402.25,4374.75,4378.5
1667415000,4378.5,4383.25,4333.75,4345.25
1667415300,4345.25,4356.25,4339.75,4349.5
1667415600,4349.5,4359.75,4344.25,4352.5
1667415900,4352.5,4376.5,4351,4372.75
1667416200,4372.5,4372.5,4354.25,4355.5
1667416500,4355.5,4355.5,4337,4337.5
1667416800,4337.25,4337.5,4325.5,4325.5
1667417100,4325.5,4327,4306.5,4314.5
1667417400,4314.5,4314.5,4303.5,4309.5
1667417700,4309.5,4319.5,4305.75,4316
1667418000,4315.75,4317,4310,4314.25
1667418300,4314.25,4314.25,4303.25,4307
1667418600,4307.25,4308.5,4292.5,4296.5
1667418900,4296.5,4302,4292,4292.25
1667419200,4292.25,4293.25,4285.5,4288.5
1667419500,4288.25,4291.25,4287.5,4288.75
1667419800,4289,4291.5,4288.75,4289.75
1667420100,4289.5,4290,4286.25,4289.5
1667420400,4289.5,4292.75,4289.25,4292
1667420700,4292,4293.25,4290.5,4293.25
1667421000,4293,4295.75,4292.25,4295.25
1667421300,4295.5,4297.25,4295.25,4297
1667421600,4296.75,4297.25,4295.25,4296.5
1667421900,4296.5,4297.75,4295,4295.75
1667422200,4296,4296.25,4293,4294
1667422500,4294,4294.25,4292.75,4293.5
1667426400,4292,4295.25,4287.5,4287.5
1667426700,4287.75,4288.5,4281.75,4283.25
1667427000,4283.25,4287.5,4283.25,4287.5
1667427300,4287.75,4289.75,4286.5,4289
1667427600,4289.25,4290.25,4288.25,4289.25
1667427900,4289.25,4289.75,4288.25,4288.25
1667428200,4288.25,4290,4288.25,4289.5
1667428500,4289.5,4290.75,4289,4289.25
1667428800,4289.25,4290.5,4289,4289.5
1667429100,4289.25,4290,4286.25,4287
1667429400,4287,4289,4285.5,4286.75
1667429700,4286.5,4287.5,4285,4286.5
1667430000,4286.25,4287,4282,4283
1667430300,4283.25,4285.75,4282.75,4285.25
1667430600,4285.25,4287,4284.75,4285.5
1667430900,4285.5,4285.75,4282.75,4283
1667431200,4283,4283.75,4281.25,4281.75
1667431500,4281.75,4284,4281.25,4283
1667431800,4283,4285.75,4282,4284.25
1667432100,4284.25,4284.5,4283.25,4284
1667432400,4284,4285.75,4283,4285.5
1667432700,4285.25,4287,4285.25,4286.75
1667433000,4286.5,4286.5,4285.25,4285.5
1667433300,4285.75,4286,4284.5,4284.5
1667433600,4284.5,4285.5,4282.5,4282.5
1667433900,4282.75,4284,4282.25,4283.25
1667434200,4283,4285.25,4282.75,4285
1667434500,4284.75,4286.5,4284.75,4285.25
1667434800,4285.5,4287.25,4284.75,4287
1667435100,4287,4287,4284.5,4286
1667435400,4286,4288.5,4286,4287
1667435700,4287,4287.25,4285.75,4286.25
1667436000,4286.5,4287,4285.5,4286.75
1667436300,4286.75,4289,4286.25,4288.5
1667436600,4288.75,4289.5,4288,4289
1667436900,4289,4290.75,4288.75,4290.75
1667437200,4290.5,4292.75,4289.5,4292.75
1667437500,4292.5,4293.75,4291.25,4293.5
1667437800,4293.25,4295.25,4292.75,4295
1667438100,4294.75,4295.75,4293.5,4293.75
1667438400,4294.25,4300.5,4293.5,4299.5
1667438700,4299.25,4300.5,4297.75,4299.25
1667439000,4299.25,4302,4298.5,4300
1667439300,4299.75,4301.75,4299,4301.25
1667439600,4301.25,4303.25,4301,4302
1667439900,4301.75,4302.5,4299.75,4300
1667440200,4300,4301,4298.75,4300.25
1667440500,4300.5,4301.5,4298.25,4298.5
1667440800,4298.5,4300,4298,4299.5
1667441100,4299.5,4300,4297.25,4298
1667441400,4298,4299.25,4297,4299
1667441700,4299,4301.5,4299,4301.5
1667442000,4301.25,4303,4300.75,4302.5
1667442300,4302.5,4302.5,4301.5,4301.5
1667442600,4301.75,4302,4300.25,4300.75
1667442900,4300.5,4301.75,4300.25,4301.25
1667443200,4301.5,4301.75,4299,4299.5
1667443500,4299.5,4299.75,4298.5,4298.5
1667443800,4298.5,4300,4297.5,4298.25
1667444100,4298.25,4299.75,4298,4298.5
1667444400,4298.75,4301.5,4298.75,4301.25
1667444700,4301.5,4305.25,4301.5,4303.75
1667445000,4303.75,4304.5,4302.25,4303.25
1667445300,4303.25,4303.5,4301.25,4301.25
1667445600,4301.25,4302,4300.5,4301
1667445900,4301.25,4301.75,4300,4300.5
1667446200,4300.5,4301,4300,4300.75
1667446500,4300.75,4301.5,4300.25,4300.25
1667446800,4300.25,4303,4300.25,4303
1667447100,4303.25,4303.25,4302,4302
1667447400,4302,4302,4301,4301.75
1667447700,4301.75,4303,4301.75,4302.25
1667448000,4302.5,4304.25,4302.5,4303
1667448300,4303.25,4304,4302.75,4303.25
1667448600,4303.25,4304.5,4303.25,4304.25
1667448900,4304.5,4305,4302.5,4303
1667449200,4303,4304,4303,4303.25
1667449500,4303.25,4303.5,4302.25,4302.75
1667449800,4303,4304.25,4302.25,4303.5
1667450100,4303.5,4303.5,4301.75,4302
1667450400,4302,4302.25,4300.5,4302
1667450700,4302,4302.5,4301.75,4302.25
1667451000,4302.25,4302.5,4299.5,4300.25
1667451300,4300.5,4301.5,4300.25,4301.25
1667451600,4301.25,4303.25,4300.5,4302.5
1667451900,4302.5,4304.75,4302.25,4303.75
1667452200,4303.5,4304.75,4303.25,4304
1667452500,4304,4306.5,4303,4306
1667452800,4306,4306.25,4304.5,4304.75
1667453100,4304.75,4306.25,4304.75,4305.5
1667453400,4305.5,4307.75,4305,4305.25
1667453700,4305.25,4305.75,4303.25,4303.25
1667454000,4303.5,4304.5,4302.25,4303.5
1667454300,4303.25,4304.5,4302.25,4303.5
1667454600,4303.25,4304,4302.75,4303.25
1667454900,4303,4303.25,4301.25,4301.5
1667455200,4301.5,4302.25,4300.5,4301
1667455500,4301,4301,4297.5,4298
1667455800,4298,4298,4293.25,4295.75
1667456100,4295.75,4297.25,4295,4295.5
1667456400,4295.25,4296,4294,4294
1667456700,4294,4295.75,4292.5,4295
1667457000,4295,4297.25,4294.75,4296.5
1667457300,4296.5,4299,4296,4298
1667457600,4297.75,4300.5,4297.75,4300.5
1667457900,4300.25,4301,4299.5,4299.75
1667458200,4299.75,4299.75,4298.25,4298.75
1667458500,4298.5,4298.75,4297.25,4297.25
1667458800,4297,4301.5,4296.5,4296.5
1667459100,4296.25,4300,4296,4298
1667459400,4297.75,4302.5,4297,4298.75
1667459700,4298.5,4299,4295,4297
1667460000,4297,4297,4291,4292.25
1667460300,4292.25,4292.25,4287.25,4289
1667460600,4289,4291.25,4287.5,4287.75
1667460900,4287.75,4291,4287.75,4290
1667461200,4289.75,4291.25,4288.5,4289.5
1667461500,4289.25,4290.75,4288.25,4290.25
1667461800,4290.25,4291.5,4287.75,4289.75
1667462100,4290,4294.75,4289.75,4294.5
1667462400,4294.5,4295.75,4288,4292.25
1667462700,4292.25,4298.75,4291.25,4298.75
1667463000,4298.5,4300.5,4295.25,4300
1667463300,4300,4301.25,4294,4296
1667463600,4296,4297,4290.25,4290.25
1667463900,4290.25,4291,4285.75,4288.25
1667464200,4288,4290.75,4282.75,4285.25
1667464500,4285,4288,4283.25,4284
1667464800,4284,4289.5,4284,4286.5
1667465100,4286.5,4287.5,4284.75,4285.5
1667465400,4285.75,4287,4282.5,4283.75
1667465700,4283.75,4289.25,4282.75,4288.5
1667466000,4288.25,4293.25,4287.5,4290.75
1667466300,4290.5,4292.5,4288.75,4290
1667466600,4290,4291.5,4287.25,4289.25
1667466900,4289.5,4289.75,4284.5,4286.25
1667467200,4286,4291,4283.75,4289.75
1667467500,4289.75,4291.5,4287.75,4290.25
1667467800,4290.5,4291,4287.25,4289.5
1667468100,4289.5,4289.75,4286.75,4287.75
1667468400,4287.75,4288.25,4284.75,4284.75
1667468700,4284.75,4285.5,4282.75,4283.5
1667469000,4283.5,4285.25,4279.5,4281.25
1667469300,4281.25,4286.5,4281,4286.5
1667469600,4286.5,4289.25,4285.25,4285.75
1667469900,4285.75,4286,4281.25,4283
1667470200,4283,4285.5,4281.25,4281.5
1667470500,4281.25,4282.25,4276.25,4277.5
1667470800,4277.25,4279.75,4276.5,4278.5
1667471100,4278.5,4279.5,4272.5,4273.25
1667471400,4273.25,4274.75,4271.5,4272
1667471700,4272.25,4274.25,4272,4272.75
1667472000,4272.75,4273.25,4268.25,4269
1667472300,4269,4270.25,4267,4269.75
1667472600,4269.5,4272.5,4269.25,4270.75
1667472900,4270.75,4272.5,4270.25,4271.75
1667473200,4271.5,4272.75,4268.75,4269.5
1667473500,4269.5,4271,4269,4270.75
1667473800,4270.75,4272,4267.25,4267.25
1667474100,4267.5,4269.75,4267.25,4268
1667474400,4268,4269.25,4267,4267.5
1667474700,4267.5,4268.25,4266,4267.5
1667475000,4267.5,4270.75,4265.75,4269.25
1667475300,4269.25,4269.25,4264,4265.75
1667475600,4265.75,4266.75,4260.5,4262
1667475900,4261.75,4263.25,4260.75,4262.25
1667476200,4262.25,4264.75,4261.75,4264
1667476500,4264.25,4265.25,4263.75,4264.25
1667476800,4264.25,4268.25,4261.5,4267.75
1667477100,4267.75,4272.5,4266.75,4269
1667477400,4269.25,4270.25,4264.75,4268
1667477700,4267.75,4269,4265.75,4267
1667478000,4266.75,4267,4263.5,4266
1667478300,4265.75,4266,4263,4264.25
1667478600,4264,4267,4260.75,4266.25
1667478900,4266.25,4267.5,4257,4257.75
1667479200,4257.75,4261.75,4257,4260.5
1667479500,4260.75,4260.75,4255.75,4256.75
1667479800,4256.5,4261,4256.5,4257.75
1667480100,4257.5,4259.5,4252.5,4253.75
1667480400,4253.75,4255.25,4251.5,4253.25
1667480700,4253,4258,4251.5,4257.75
1667481000,4258,4261,4256.75,4259.75
1667481300,4260,4260.75,4255.25,4256.25
1667481600,4256.25,4260.75,4254.75,4260
1667481900,4260,4261,4254.5,4257.25
1667482200,4257.25,4261.25,4246.5,4256.5
1667482500,4256.5,4258.5,4251,4258
1667482800,4258.25,4264.75,4255.5,4256.5
1667483100,4257,4257.25,4243.5,4246.75
1667483400,4246.75,4246.75,4236.75,4237.5
1667483700,4237.25,4239.25,4232.25,4233.75
1667484000,4233.75,4250.5,4229.5,4247.75
1667484300,4248,4252,4240.25,4244.25
1667484600,4244,4257.25,4242.75,4257
1667484900,4256.75,4260.75,4250.5,4255.25
1667485200,4255.5,4262.5,4253.25,4258.75
1667485500,4258.5,4270.25,4258.5,4268
1667485800,4268,4268.75,4254.5,4255.5
1667486100,4255.5,4260.25,4253.5,4259.25
1667486400,4259.25,4267,4257.75,4264
1667486700,4264.25,4274.5,4264,4273.75
1667487000,4273.75,4275.75,4269.75,4272
1667487300,4272,4278,4270.75,4276.75
1667487600,4276.75,4279,4270.75,4272
1667487900,4272,4274,4265.5,4267.25
1667488200,4267.5,4269.75,4262.75,4263.5
1667488500,4263.5,4266.25,4259,4263.75
1667488800,4264,4268.5,4261.5,4262.75
1667489100,4262.75,4267.25,4259,4259
1667489400,4259,4261.25,4252,4254
1667489700,4253.75,4264.75,4253.75,4264.5
1667490000,4264.5,4265.25,4260.75,4262
1667490300,4261.75,4269.5,4261.25,4262.5
1667490600,4262.5,4263.75,4257.75,4259.25
1667490900,4259.25,4260.75,4255.5,4259
1667491200,4259.25,4266.5,4255.5,4266
1667491500,4266,4269,4262.25,4265.25
1667491800,4265,4271,4263.5,4270.25
1667492100,4270,4277.5,4268.75,4276
1667492400,4276,4276.5,4270.75,4271.25
1667492700,4271.25,4275.25,4269.5,4272.75
1667493000,4272.75,4274.5,4270.5,4271.75
1667493300,4271.75,4271.75,4265,4266.75
1667493600,4267,4277,4266.5,4276
1667493900,4276,4278,4274.25,4275.25
1667494200,4275.25,4283.75,4275.25,4282
1667494500,4282,4283.75,4279.25,4280.25
1667494800,4280.25,4282.25,4275.75,4277.75
1667495100,4277.75,4277.75,4272,4275.75
1667495400,4275.75,4275.75,4272.25,4275.25
1667495700,4275.5,4279.5,4274,4275
1667496000,4274.75,4276.25,4269.25,4269.25
1667496300,4269.25,4271.25,4268,4271
1667496600,4270.75,4272.25,4268.25,4269.5
1667496900,4269.5,4272.75,4266.75,4271.5
1667497200,4271.5,4273.25,4267,4268
1667497500,4268,4271,4266.75,4269.5
1667497800,4269.5,4270,4265.5,4269.5
1667498100,4269.5,4270.25,4264,4264.25
1667498400,4264.5,4267,4261.5,4263
1667498700,4263,4266.5,4262.5,4264
1667499000,4264,4264.75,4260.25,4263.75
1667499300,4263.75,4266.5,4263.25,4266.25
1667499600,4266.25,4273.5,4266,4272.5
1667499900,4272.5,4276.5,4272,4274.75
1667500200,4275,4278.5,4273.25,4273.75
1667500500,4274,4275.5,4269.5,4271.25
1667500800,4271.25,4272.75,4267.75,4268.5
1667501100,4268.5,4274.75,4268,4274
1667501400,4274.25,4276.25,4272.5,4274.25
1667501700,4274.25,4277.75,4272,4277.25
1667502000,4277.25,4278,4273.75,4275.5
1667502300,4275.75,4275.75,4270.5,4271.75
1667502600,4271.75,4274.75,4270.25,4271
1667502900,4271.25,4273,4269.75,4270.5
1667503200,4270.75,4274.25,4270.25,4273.5
1667503500,4273.25,4275.5,4272.5,4274.25
1667503800,4274.25,4277.25,4272.5,4276.75
1667504100,4276.75,4277.25,4270,4271.5
1667504400,4271.5,4272.75,4265.75,4266.5
1667504700,4266.5,4267,4261,4261.75
1667505000,4261.75,4263,4254.25,4256.25
1667505300,4256,4256.25,4251,4251.5
1667505600,4251.5,4254,4250.75,4252.5
1667505900,4252.5,4253.75,4251.25,4253.25
1667506200,4253.5,4256.75,4252.25,4256.5
1667506500,4256.75,4256.75,4254.5,4256.5
1667506800,4256.5,4256.5,4253.75,4254.5
1667507100,4254.75,4255,4253.5,4254.25
1667507400,4254.25,4254.5,4253,4253
1667507700,4253.25,4254.5,4253,4254.25
1667508000,4254.5,4255,4253,4253.5
1667508300,4253.5,4254.25,4252.75,4254
1667508600,4254.25,4254.5,4252,4252.25
1667508900,4252,4252.25,4249.75,4250.75
1667512800,4249.25,4250.25,4246.5,4247.5
1667513100,4247.5,4250,4247.5,4248.25
1667513400,4248.25,4248.25,4241.75,4242.5
1667513700,4242.5,4243,4241.25,4242
1667514000,4242,4244.5,4241,4243.75
1667514300,4243.75,4247,4243.5,4246.75
1667514600,4246.75,4247,4245.25,4247
1667514900,4247,4248.25,4246,4248
1667515200,4248,4248.25,4246.5,4246.75
1667515500,4247,4248.25,4246.75,4247
1667515800,4247,4247.5,4245.5,4246
1667516100,4246.25,4246.75,4244.75,4245.75
1667516400,4246,4247,4245,4247
1667516700,4247.25,4247.5,4246.25,4247
1667517000,4247,4247.25,4246.25,4246.75
1667517300,4246.75,4247.25,4244.75,4245.25
1667517600,4245.25,4246.75,4245.25,4246
1667517900,4245.75,4247,4245.75,4246.5
1667518200,4246.25,4247,4243.5,4244.25
1667518500,4244.25,4245.5,4244,4245.5
1667518800,4245.5,4246.25,4244.75,4246
1667519100,4246,4246.25,4244.75,4245
1667519400,4245,4245.5,4243.25,4245.5
1667519700,4245.5,4246.25,4244,4246.25
1667520000,4246.25,4249.75,4246.25,4249.5
1667520300,4249.75,4251.25,4249.5,4249.75
1667520600,4250,4252.75,4249,4249.5
1667520900,4249.75,4250.25,4247.75,4249.5
1667521200,4249.75,4250,4248,4249.25
1667521500,4249,4249.25,4247.5,4249
1667521800,4249,4250.75,4248.75,4250.25
1667522100,4250.5,4250.75,4248.5,4249.25
1667522400,4249.5,4250.5,4248.75,4248.75
1667522700,4248.75,4250.25,4248.25,4250
1667523000,4250.25,4251.25,4249.75,4250
1667523300,4250,4251,4249.75,4250.5
1667523600,4250.75,4251.25,4248.25,4250.5
1667523900,4250.5,4251.25,4248.25,4248.75
1667524200,4248.75,4249.5,4247.75,4248.5
1667524500,4248.25,4248.5,4245.5,4246.5
1667524800,4246.75,4247,4245.5,4247
1667525100,4246.75,4247,4245.5,4246.75
1667525400,4246.75,4250.25,4246.75,4249
1667525700,4249.25,4251.25,4249,4250.75
1667526000,4250.75,4252.25,4250.25,4250.5
1667526300,4250.25,4251.75,4250.25,4251.25
1667526600,4251.25,4252.25,4250,4252
1667526900,4252,4252.5,4251.25,4252.25
1667527200,4252.25,4252.5,4250.5,4251.25
1667527500,4251,4252.25,4251,4252.25
1667527800,4252,4253.5,4251.75,4253
1667528100,4253.25,4253.75,4252.5,4252.5
1667528400,4252.5,4253.5,4252.25,4253
1667528700,4252.75,4253.75,4252.75,4253.75
1667529000,4253.75,4254,4252.75,4252.75
1667529300,4252.5,4252.75,4250.25,4250.75
1667529600,4250.75,4253,4250.25,4252.75
1667529900,4253,4253,4250.5,4250.75
1667530200,4250.75,4252.5,4250.75,4252
1667530500,4252.25,4252.75,4251.25,4252.25
1667530800,4252,4253.75,4252,4253
1667531100,4252.75,4253.25,4252.75,4253
1667531400,4252.75,4253.5,4252.75,4253
1667531700,4253,4253,4250.5,4250.5
1667532000,4250.75,4251.5,4250.5,4251.5
1667532300,4251.5,4253.5,4251.25,4253.25
1667532600,4253.5,4253.75,4252.75,4253.25
1667532900,4253,4253.5,4252.25,4252.25
1667533200,4252.5,4252.75,4252,4252
1667533500,4252.25,4253.25,4252,4253.25
1667533800,4253.25,4253.5,4252.5,4253.5
1667534100,4253.5,4253.75,4253.25,4253.5
1667534400,4253.5,4253.5,4252.75,4253
1667534700,4253,4253.5,4252.75,4253.5
1667535000,4253.25,4257,4253,4256
1667535300,4256,4256,4252.5,4253
1667535600,4253,4253.75,4252.75,4252.75
1667535900,4252.75,4254.5,4252.75,4254.25
1667536200,4254.25,4258,4254,4257.75
1667536500,4257.75,4258.25,4255.75,4257.5
1667536800,4257.75,4261.75,4257,4260
1667537100,4260,4262,4258.75,4261.75
1667537400,4261.75,4263.5,4260,4261.75
1667537700,4261.75,4263.5,4261.5,4262
1667538000,4262,4264,4260,4261.25
1667538300,4261,4261.75,4259.75,4261.25
1667538600,4261,4262.25,4260.75,4261.75
1667538900,4262,4265,4262,4263.75
1667539200,4263.75,4264.75,4262.25,4264.5
1667539500,4264.5,4265.5,4263,4263.25
1667539800,4263.25,4264,4261,4261.25
1667540100,4261.25,4263.25,4261.25,4263.25
1667540400,4263,4264.25,4262.5,4263.75
1667540700,4263.5,4263.5,4261,4263
1667541000,4262.75,4263,4261,4261.25
1667541300,4261.25,4262.25,4259.5,4259.5
1667541600,4259.75,4261.75,4259,4261.5
1667541900,4261.5,4263.25,4261.25,4262.5
1667542200,4262.5,4264,4261,4264
1667542500,4264,4265.75,4263.75,4264.25
1667542800,4264.25,4265,4262.75,4263
1667543100,4263,4266.25,4263,4264.75
1667543400,4264.75,4275.25,4262.5,4269.25
1667543700,4269.25,4274.25,4268,4270.75
1667544000,4270.75,4273,4269.5,4270
1667544300,4270,4271,4268.25,4269
1667544600,4269,4272.25,4268.25,4272.25
1667544900,4272.25,4272.5,4269.25,4271.5
1667545200,4271.25,4274,4269.75,4274
1667545500,4274,4274,4269.75,4271
1667545800,4271.25,4271.25,4264.75,4265
1667546100,4265,4266,4263.25,4263.5
1667546400,4264,4266,4262,4262.75
1667546700,4263,4263.75,4260.75,4262.25
1667547000,4261.75,4264.5,4260.5,4264.5
1667547300,4264.25,4267.75,4259.5,4260.5
1667547600,4260.5,4263,4259.75,4261.25
1667547900,4261.5,4261.75,4258,4259.75
1667548200,4259.5,4260.5,4257,4260.25
1667548500,4260.25,4262.25,4257.25,4259.75
1667548800,4259.5,4264.25,4257.75,4263.25
1667549100,4263.25,4266.5,4263,4265.75
1667549400,4266,4270,4264.25,4269.75
1667549700,4269.75,4270.25,4265.5,4266.25
1667550000,4266.25,4266.75,4263.5,4265.5
1667550300,4265.5,4267,4263.75,4264.25
1667550600,4264,4264.5,4261.25,4262
1667550900,4262,4264,4260.75,4261.5
1667551200,4261.75,4267,4261.5,4266.5
1667551500,4266.5,4267,4262.5,4263.5
1667551800,4263.5,4266,4262.25,4265.5
1667552100,4265.25,4271.5,4265,4271
1667552400,4270.75,4273.5,4270.5,4270.75
1667552700,4270.75,4272,4269,4269.75
1667553000,4269.5,4272.75,4269,4272.75
1667553300,4272.75,4282.75,4272.5,4279.75
1667553600,4279.5,4281.5,4275.75,4278
1667553900,4278.25,4280,4277.5,4278.25
1667554200,4278,4279.5,4276.75,4277.5
1667554500,4277.25,4279,4276,4277
1667554800,4276.75,4279.75,4276.75,4279.5
1667555100,4279.25,4279.75,4277.25,4278.75
1667555400,4279,4279.5,4276,4277.25
1667555700,4277.25,4279,4277,4277.25
1667556000,4277,4280.75,4275.25,4280
1667556300,4279.75,4279.75,4274,4274.75
1667556600,4274.75,4275.25,4273.5,4275
1667556900,4275.25,4277.5,4273.75,4277.25
1667557200,4277.25,4280.25,4276.75,4279.25
1667557500,4279.25,4280,4277.25,4279
1667557800,4279,4281,4279,4281
1667558100,4280.75,4283.75,4280,4283
1667558400,4282.75,4283,4280.75,4282.25
1667558700,4281.75,4283.75,4281.75,4282.5
1667559000,4282.75,4286.25,4282.5,4285
1667559300,4285,4285.75,4282.25,4283.25
1667559600,4283.25,4283.25,4279.25,4281.5
1667559900,4281.5,4291.5,4280,4284.75
1667560200,4284.75,4287,4281.75,4282.75
1667560500,4283,4284.5,4281.75,4282.25
1667560800,4282.25,4284.75,4280.5,4281.5
1667561100,4281.5,4282,4279,4279.75
1667561400,4279.75,4281.75,4279.25,4280.5
1667561700,4280.75,4280.75,4278.5,4279.5
1667562000,4279.5,4279.75,4277.25,4278
1667562300,4278.25,4280.25,4278,4278.75
1667562600,4279,4285,4278.25,4284.25
1667562900,4284.25,4285.25,4283,4284.5
1667563200,4284.5,4284.5,4278.5,4278.5
1667563500,4278.5,4283.25,4276.5,4278.25
1667563800,4278.5,4279.25,4274.75,4275.25
1667564100,4275.25,4277,4273.5,4275
1667564400,4274.75,4277.5,4273.75,4275
1667564700,4275,4279.25,4270.5,4274.5
1667565000,4274.25,4292.5,4236.25,4261.75
1667565300,4261.75,4294.75,4261.75,4282
1667565600,4282,4282.75,4265.5,4275.5
1667565900,4275.5,4291.25,4274,4278.75
1667566200,4278.5,4288,4277.75,4282.75
1667566500,4282.75,4300,4278.5,4298
1667566800,4298.25,4304.5,4297.5,4300.25
1667567100,4300.5,4305.5,4298,4303
1667567400,4302.75,4308.5,4299.75,4305.5
1667567700,4305.75,4308.25,4303.5,4304.75
1667568000,4304.75,4307.5,4302,4304.25
1667568300,4304.25,4312.5,4303.75,4311.75
1667568600,4311.5,4315.25,4299,4300
1667568900,4300.25,4305,4290.5,4292.5
1667569200,4292.5,4292.5,4269.25,4269.75
1667569500,4270,4280.5,4264,4267.5
1667569800,4267.5,4279.5,4263.5,4277
1667570100,4277.25,4293.75,4276,4292.5
1667570400,4292.5,4300,4289.75,4293
1667570700,4293,4299.75,4288.5,4295.25
1667571000,4295.5,4309.5,4292.5,4308.25
1667571300,4308.25,4312.75,4302.75,4305.25
1667571600,4305.25,4318,4304,4318
1667571900,4317.75,4322.75,4316,4318.5
1667572200,4318.5,4324.25,4313.75,4317.75
1667572500,4318,4321,4314.75,4318.75
1667572800,4319,4330.75,4318.75,4322
1667573100,4322,4323.5,4317.5,4321.75
1667573400,4322,4324.25,4306.75,4310.75
1667573700,4310.75,4313.5,4305.75,4310
1667574000,4310,4316,4310,4313.25
1667574300,4313,4314,4302.25,4305
1667574600,4305,4305.75,4298,4300.75
1667574900,4300.75,4303.75,4296.5,4298.25
1667575200,4298.5,4304.5,4297.25,4303
1667575500,4303,4303,4282.25,4284
1667575800,4284,4290.25,4282.75,4284.5
1667576100,4284.25,4288.5,4275.75,4277.5
1667576400,4277.25,4278,4268.5,4272
1667576700,4272,4272.5,4265,4265.25
1667577000,4265,4265.25,4250.75,4256.5
1667577300,4256.75,4260,4249,4251
1667577600,4251,4257.25,4241.75,4244.75
1667577900,4244.5,4257.75,4241.75,4256.75
1667578200,4256.75,4258.25,4249.75,4256.75
1667578500,4256.75,4270.5,4255.25,4267.5
1667578800,4267.5,4268.25,4258.75,4261
1667579100,4261.25,4271.25,4260,4268.5
1667579400,4268.5,4270.75,4263,4269.5
1667579700,4269.5,4269.5,4254.25,4255
1667580000,4254.75,4257.75,4248.5,4252.5
1667580300,4252.75,4255,4247.75,4250.25
1667580600,4250.5,4255.75,4248.5,4253.75
1667580900,4253.5,4257.5,4250.25,4253.75
1667581200,4254,4256.75,4249.5,4256.25
1667581500,4256.5,4261.25,4242.25,4242.75
1667581800,4242.75,4262,4242.75,4259.75
1667582100,4259.5,4260.25,4253.25,4256.75
1667582400,4257,4259,4252.75,4257.75
1667582700,4257.75,4258,4249.75,4252.25
1667583000,4252.5,4257.25,4249.25,4249.5
1667583300,4249.5,4256.25,4247.75,4252
1667583600,4252,4253.5,4247.75,4249.25
1667583900,4249.25,4254,4246,4253.5
1667584200,4253.5,4254.5,4248.75,4253
1667584500,4252.75,4253.25,4246.75,4248.75
1667584800,4248.5,4253.75,4246.75,4248
1667585100,4247.75,4248.75,4240.5,4244
1667585400,4243.75,4248.5,4242.75,4246.75
1667585700,4246.75,4258.75,4244,4258.75
1667586000,4258.5,4261.75,4254,4261
1667586300,4260.75,4266.75,4257.25,4263.5
1667586600,4263.5,4265.5,4259.75,4263.25
1667586900,4263.25,4269,4261,4267.25
1667587200,4267.25,4279.5,4266,4278.25
1667587500,4278.25,4279.25,4271,4273
1667587800,4272.75,4278,4272.75,4276
1667588100,4276,4283.25,4276,4280.75
1667588400,4280.75,4283.25,4277,4281.25
1667588700,4281.25,4290.25,4281,4289.25
1667589000,4289.25,4294,4288.5,4290
1667589300,4290.25,4293,4287.5,4288.5
1667589600,4288.5,4288.75,4281,4281.5
1667589900,4281.5,4290,4281,4286.75
1667590200,4286.75,4295,4281.5,4295
1667590500,4295,4295.5,4287.75,4293.25
1667590800,4293.25,4300.25,4289.5,4300
1667591100,4299.75,4306,4297.25,4298
1667591400,4297.75,4300,4291.25,4295.5
1667591700,4295.5,4306.75,4295.5,4305.5
1667592000,4305.5,4310.5,4304.5,4306.75
1667592300,4306.75,4306.75,4303.75,4303.75
1667592600,4304,4304.75,4299.25,4300
1667592900,4299.75,4303,4299.75,4302.25
1667593200,4302,4302.5,4300.75,4301.25
1667593500,4301.5,4302.25,4300.75,4301.5
1667593800,4301.5,4301.75,4300.25,4301.5
1667594100,4301.5,4301.5,4300.25,4300.5
1667594400,4300.75,4301.25,4300.25,4300.5
1667594700,4300.25,4300.5,4297.25,4297.5
1667595000,4297.5,4299,4297,4297.5
1667595300,4297.5,4298.5,4295.5,4298
1667775600,4275.25,4280.75,4263.5,4278.25
1667775900,4278,4279.75,4274.25,4277.75
1667776200,4277.75,4281.75,4277.25,4279.75
1667776500,4280,4280.25,4277,4279.5
1667776800,4279.75,4280.75,4278.5,4278.5
1667777100,4278.5,4280.5,4277.75,4278.75
1667777400,4278.5,4279.25,4276.25,4276.5
1667777700,4276.5,4279,4276.25,4277
1667778000,4277.25,4278,4276.25,4277.25
1667778300,4277.25,4279.5,4277.25,4277.75
1667778600,4278,4278.75,4276.5,4276.75
1667778900,4276.75,4278.25,4276.5,4277
1667779200,4276.75,4279.25,4276.75,4278.75
1667779500,4278.75,4286.25,4278.75,4285.5
1667779800,4285.5,4285.5,4283.25,4284
1667780100,4284,4286,4283.5,4285.25
1667780400,4285.25,4285.75,4283.75,4283.75
1667780700,4283.5,4283.75,4282,4282.5
1667781000,4282.5,4282.75,4280.75,4282
1667781300,4282,4282.75,4281,4282.75
1667781600,4282.5,4285.5,4281.75,4284.25
1667781900,4284.5,4288.75,4284.25,4288.75
1667782200,4288.5,4289,4284.5,4285.75
1667782500,4285.75,4285.75,4283.75,4285.75
1667782800,4285.5,4285.75,4283,4283.75
1667783100,4283.5,4285.25,4282.75,4283
1667783400,4283.25,4284,4282.25,4283.25
1667783700,4283.25,4283.75,4278.75,4280.25
1667784000,4280.25,4281,4275.75,4279
1667784300,4279,4280,4278.5,4278.75
1667784600,4278.5,4286.25,4277.75,4286
1667784900,4286,4294,4285.5,4292
1667785200,4292,4295,4290.25,4292.25
1667785500,4292.5,4293.25,4290.25,4290.75
1667785800,4291,4292.25,4289.25,4291.25
1667786100,4291.5,4295.25,4291.25,4292
1667786400,4292.25,4292.5,4290.75,4291
1667786700,4290.75,4292.5,4290.75,4292.25
1667787000,4292,4292.5,4290.75,4292
1667787300,4292,4294.75,4291,4291.75
1667787600,4291.5,4292.5,4290.75,4292.25
1667787900,4292,4293.5,4291.25,4292.5
1667788200,4292.5,4295.5,4291.5,4295
1667788500,4295,4298,4294.25,4296.25
1667788800,4296.25,4296.5,4294.75,4295.5
1667789100,4295.75,4296.5,4294.25,4296
1667789400,4296,4298.5,4295.5,4298.25
1667789700,4298.5,4298.5,4296.75,4297.25
1667790000,4297.25,4298,4295.25,4295.5
1667790300,4295.5,4295.5,4293.25,4294.75
1667790600,4294.5,4297,4294.25,4296
1667790900,4296,4298,4296,4297.75
1667791200,4297.5,4298.5,4295,4295.75
1667791500,4295.5,4302,4295.5,4298
1667791800,4298,4298.75,4296,4298.75
1667792100,4298.75,4300.25,4297.5,4300
1667792400,4300,4300.25,4298.75,4299.5
1667792700,4299.25,4300.75,4297.75,4298.75
1667793000,4298.75,4299.75,4298,4299
1667793300,4298.75,4299.25,4297,4297.25
1667793600,4297.25,4297.25,4295.75,4296.25
1667793900,4296.25,4298,4295.75,4297.75
1667794200,4297.75,4298.75,4296.75,4297
1667794500,4297,4298,4296.75,4297.75
1667794800,4297.5,4301,4297,4300.5
1667795100,4300.75,4301.5,4299.25,4299.5
1667795400,4299.5,4301.25,4299.25,4300
1667795700,4300,4300.75,4299.25,4300
1667796000,4300,4300,4297.75,4299.25
1667796300,4299.5,4299.75,4298,4298.75
1667796600,4298.5,4300.25,4298.5,4299.75
1667796900,4300,4300.25,4298.25,4298.5
1667797200,4298.25,4300.25,4297.5,4299.5
1667797500,4299.25,4300,4297.75,4298.25
1667797800,4298.25,4298.5,4296.25,4297.75
1667798100,4297.5,4299,4296.75,4299
1667798400,4299,4300.75,4298.25,4300.75
1667798700,4300.5,4300.5,4298.5,4299
1667799000,4299,4307,4299,4304
1667799300,4304,4304.25,4301.75,4302.25
1667799600,4302,4302.5,4299.75,4301.75
1667799900,4301.75,4301.75,4297.5,4299
1667800200,4299,4299,4296.75,4297.5
1667800500,4297.75,4298.75,4296.25,4297.75
1667800800,4297.5,4299.25,4297.25,4299
1667801100,4299,4300,4297.75,4299
1667801400,4299,4299.5,4297.75,4299
1667801700,4299,4301.25,4298.75,4300.75
1667802000,4300.5,4301.75,4300.25,4300.25
1667802300,4300.25,4300.25,4297.75,4298.5
1667802600,4298.75,4300,4297.75,4299.75
1667802900,4299.75,4302.25,4299.5,4301.5
1667803200,4301.75,4303,4300.25,4300.25
1667803500,4300.5,4300.75,4299.25,4299.75
1667803800,4299.5,4301.25,4298.75,4300.25
1667804100,4300.25,4302.5,4298.25,4301
1667804400,4301.25,4302.25,4296.5,4298.25
1667804700,4298.5,4299.5,4294,4296
1667805000,4295.75,4297.5,4294.75,4295.25
1667805300,4295.25,4296.75,4293.25,4294.25
1667805600,4294.25,4294.75,4292,4293
1667805900,4293.25,4294,4292,4292
1667806200,4292,4293,4288.75,4288.75
1667806500,4289,4290.25,4286.75,4288.5
1667806800,4288.5,4290.25,4287.75,4289
1667807100,4289.25,4289.25,4285.5,4286.5
1667807400,4286.5,4287,4285,4285.25
1667807700,4285.25,4287.5,4284.75,4285.5
1667808000,4285.75,4288.75,4282.75,4288.5
1667808300,4288.75,4289.75,4286.25,4288.25
1667808600,4288,4294,4288,4293
1667808900,4293,4300,4292.75,4298.5
1667809200,4298.75,4299.75,4296,4297.25
1667809500,4297.5,4302,4295,4301
1667809800,4301,4313.75,4301,4311
1667810100,4310.75,4314,4310,4313
1667810400,4313,4314.75,4310.5,4310.75
1667810700,4310.75,4312.25,4309.75,4311.75
1667811000,4311.75,4314.5,4310.75,4314
1667811300,4314,4314.5,4311.5,4313.25
1667811600,4313.25,4319.25,4313.25,4318.5
1667811900,4318.5,4320.25,4316,4318.5
1667812200,4318.75,4319.5,4313.25,4314.25
1667812500,4314.25,4317.5,4314,4317
1667812800,4317,4319.25,4315.75,4318.75
1667813100,4318.75,4319.25,4315,4318.5
1667813400,4318.5,4319.25,4316.25,4316.75
1667813700,4316.75,4317.5,4314.5,4315.25
1667814000,4315,4316.5,4312.5,4316.25
1667814300,4316.25,4317.25,4313,4313.25
1667814600,4313.25,4315.5,4312.75,4314.75
1667814900,4314.75,4315,4311.25,4311.5
1667815200,4311.75,4314,4311.5,4314
1667815500,4314,4317,4314,4316.25
1667815800,4316.25,4320.75,4314.75,4320.25
1667816100,4320.25,4321.5,4319,4320.5
1667816400,4320.25,4324,4320.25,4323.25
1667816700,4323.25,4323.75,4321.25,4323
1667817000,4323,4323.75,4320.75,4321.25
1667817300,4321.5,4321.5,4318.75,4319.5
1667817600,4319.5,4322.5,4319.25,4322
1667817900,4322,4323.5,4321,4322.75
1667818200,4322.5,4323,4320,4322.75
1667818500,4322.75,4325.25,4321.75,4324.5
1667818800,4324.5,4329.25,4324,4328
1667819100,4327.75,4329.75,4327,4328.5
1667819400,4328.5,4329.25,4324.75,4325
1667819700,4325,4325.5,4324.25,4325.25
1667820000,4325.25,4325.25,4322.75,4323.75
1667820300,4323.75,4327,4323.75,4325.5
1667820600,4325.75,4328,4325,4327.5
1667820900,4327.5,4330.25,4326.25,4326.5
1667821200,4326.5,4329.5,4326.5,4328.5
1667821500,4328.5,4329.25,4327.25,4329
1667821800,4329,4329.75,4327.25,4327.75
1667822100,4327.75,4328,4324.25,4324.75
1667822400,4324.5,4324.75,4320.5,4322.25
1667822700,4322.5,4326.25,4322.25,4325.75
1667823000,4326,4330.25,4325.75,4329
1667823300,4329,4330.25,4325.25,4325.5
1667823600,4325.5,4326.5,4322,4323
1667823900,4323.25,4326.25,4322.5,4322.5
1667824200,4322.25,4324.25,4321.5,4322.5
1667824500,4322.75,4323,4320.5,4322.25
1667824800,4322.5,4322.5,4317.25,4319.25
1667825100,4319,4321,4317.5,4320.25
1667825400,4320.25,4321.25,4319.25,4319.75
1667825700,4319.75,4321.5,4318.25,4320.25
1667826000,4320.75,4325.5,4315.5,4322.5
1667826300,4322.5,4326,4316.25,4316.75
1667826600,4316.5,4318,4312.5,4317.5
1667826900,4317.5,4322,4317.25,4321
1667827200,4321,4321.25,4312,4313.75
1667827500,4313.75,4314.25,4311.75,4312.5
1667827800,4312.5,4314.25,4310.5,4312.5
1667828100,4312.75,4315.75,4311.25,4315.5
1667828400,4315.25,4315.5,4313,4313
1667828700,4313,4315.25,4310,4312
1667829000,4312.25,4314.25,4310.5,4311
1667829300,4311,4317.5,4310.5,4315.75
1667829600,4315.5,4319.25,4315.25,4316.25
1667829900,4316.25,4318.5,4315.5,4316.25
1667830200,4316.25,4320.5,4316,4320
1667830500,4319.75,4320.75,4318.25,4319.5
1667830800,4319.5,4321.5,4317.75,4318.5
1667831100,4318.5,4320,4316.75,4318.5
1667831400,4318.25,4324.75,4311.75,4315.5
1667831700,4315.5,4317.5,4304,4307.25
1667832000,4307.25,4315.75,4306.5,4312
1667832300,4312,4314.5,4304.5,4306.25
1667832600,4306.25,4309.75,4299,4302.5
1667832900,4302.25,4308.25,4296.5,4302.5
1667833200,4302.5,4314.25,4301.5,4313.25
1667833500,4313,4315.75,4308.25,4312.25
1667833800,4312.25,4318,4308.25,4317
1667834100,4317,4325.25,4315.25,4319
1667834400,4319,4319,4308.5,4311.75
1667834700,4312,4312.25,4305,4310
1667835000,4310,4311.75,4305.75,4308.5
1667835300,4308.5,4312.75,4303.5,4306.25
1667835600,4306,4312,4304.75,4310.25
1667835900,4310.25,4315.25,4307,4309.5
1667836200,4309.25,4318.75,4307.75,4315.75
1667836500,4315.5,4317.75,4313.75,4317.5
1667836800,4317.75,4319.25,4311.5,4317.75
1667837100,4317.75,4320.25,4310.5,4315
1667837400,4315.25,4316,4310,4311
1667837700,4311.25,4318.5,4311.25,4314.75
1667838000,4314.75,4319.75,4312.75,4317.25
1667838300,4317.25,4322.25,4314.5,4319.25
1667838600,4319.5,4323,4318.5,4320.75
1667838900,4320.75,4321.25,4316.5,4316.75
1667839200,4316.5,4317,4303.5,4304.75
1667839500,4305,4308.5,4303.25,4308
1667839800,4308.25,4309,4305.75,4307.75
1667840100,4307.75,4309.5,4303.25,4303.5
1667840400,4303.5,4304.5,4299,4303.5
1667840700,4303.25,4309.75,4300.5,4308.25
1667841000,4308.25,4312.5,4307.5,4309.25
1667841300,4309,4311,4305.75,4310
1667841600,4310,4313.75,4307.75,4313.5
1667841900,4313.5,4314,4309.75,4312.75
1667842200,4313,4315,4312,4313
1667842500,4313,4313.75,4309.25,4311.5
1667842800,4311.5,4313.25,4309.25,4312
1667843100,4312,4314.5,4308.25,4309.75
1667843400,4309.75,4310,4307.25,4308.25
1667843700,4308.25,4311.5,4306.75,4311.5
1667844000,4311.5,4317.25,4311,4316.75
1667844300,4317,4319.5,4316,4319
1667844600,4319,4321.5,4316.75,4318.25
1667844900,4318.25,4320.5,4315.75,4318.5
1667845200,4318.25,4318.75,4315,4315.5
1667845500,4315.75,4318.25,4314,4318
1667845800,4318,4319.25,4315.5,4315.5
1667846100,4315.25,4316,4312.75,4315.75
1667846400,4315.5,4316.25,4312.75,4316
1667846700,4316,4317.75,4315.25,4316.75
1667847000,4316.75,4319,4315.5,4318.75
1667847300,4318.75,4320.75,4317.5,4320.5
1667847600,4320.5,4324.5,4320.5,4324.25
1667847900,4324.5,4325,4321.75,4324.5
1667848200,4324.5,4330,4323.5,4329.75
1667848500,4330,4336.25,4330,4335.75
1667848800,4335.5,4336.75,4333.75,4336
1667849100,4336.25,4337.5,4333.75,4336
1667849400,4336.25,4341,4336,4340.25
1667849700,4340.25,4341.5,4338.75,4341
1667850000,4341,4341.5,4337,4339.25
1667850300,4339.5,4341.25,4338,4339.75
1667850600,4339.5,4340.5,4337.75,4339
1667850900,4339,4339.5,4333.5,4335
1667851200,4335,4338.5,4334.75,4337.75
1667851500,4337.75,4339.25,4335.25,4338.25
1667851800,4338.25,4342.25,4337.25,4342
1667852100,4341.75,4344.75,4341.5,4344
1667852400,4344,4344.75,4339.5,4344
1667852700,4344.25,4344.25,4341.25,4343.25
1667853000,4343.25,4347,4342.25,4344.5
1667853300,4344.75,4345.75,4340,4342.25
1667853600,4342,4343,4339.75,4342.75
1667853900,4342.5,4344,4339,4343.75
1667854200,4344,4345.25,4339.25,4340.25
1667854500,4340,4342,4334.75,4341.25
1667854800,4341.25,4341.5,4337.5,4340.5
1667855100,4340.5,4341.5,4339.75,4340.75
1667855400,4340.5,4341.75,4339.75,4340
1667855700,4340,4341.25,4339.75,4340.75
1667856000,4340.5,4341.25,4340.5,4341.25
1667856300,4341.25,4341.75,4340,4340
1667856600,4340,4340.5,4339.75,4340
1667856900,4340,4340.25,4338.5,4339
1667857200,4339,4339,4338,4338.25
1667857500,4338.25,4338.75,4335.75,4335.75
1667857800,4336,4337.75,4336,4337.25
1667858100,4337.25,4338.25,4337,4337.5
1667862000,4338,4338.75,4334.5,4337.25
1667862300,4337.25,4339,4336.25,4339
1667862600,4339,4341,4338.25,4340.25
1667862900,4340.25,4341,4339,4339.5
1667863200,4339.5,4339.75,4338.5,4338.5
1667863500,4338.5,4339.25,4338.25,4338.5
1667863800,4338.25,4338.5,4336.25,4336.25
1667864100,4336.5,4338.75,4336.25,4338.75
1667864400,4338.5,4339.5,4337.75,4339.5
1667864700,4339.5,4340.5,4338.75,4340.5
1667865000,4340.75,4341.5,4339.25,4341
1667865300,4341,4342,4340.5,4341.5
1667865600,4341.75,4342.25,4341,4342.25
1667865900,4342.25,4342.25,4341,4341.5
1667866200,4341.5,4342.25,4341,4342
1667866500,4342.25,4343.75,4341.75,4342
1667866800,4342,4343.75,4341.75,4343.75
1667867100,4344,4344.75,4343.5,4344.75
1667867400,4344.75,4352,4344.75,4351.5
1667867700,4351.25,4352.5,4349.75,4351.5
1667868000,4351.5,4352.75,4351.25,4352.75
1667868300,4352.75,4353,4349,4349.25
1667868600,4349.25,4349.75,4348.5,4349
1667868900,4349,4350.5,4348.5,4349.75
1667869200,4349.75,4349.75,4345.75,4345.75
1667869500,4346,4347,4345.5,4346
1667869800,4346,4346.5,4345.75,4346.25
1667870100,4346.25,4347,4345.75,4346.75
1667870400,4346.75,4348,4344,4344
1667870700,4344.25,4346.25,4343.75,4345
1667871000,4345,4346.25,4342.5,4344
1667871300,4344,4346,4343.75,4344.5
1667871600,4344.25,4345.25,4343.5,4344.75
1667871900,4345,4345.75,4343.75,4344.75
1667872200,4344.75,4345.5,4343,4344
1667872500,4344,4345.75,4344,4345.25
1667872800,4345.5,4345.5,4343,4344
1667873100,4343.75,4343.75,4341,4341.25
1667873400,4341,4342,4338.75,4340
1667873700,4340,4342,4340,4341.25
1667874000,4341.25,4342.5,4340.75,4342
1667874300,4341.75,4342.75,4341.25,4342.5
1667874600,4342.5,4343.25,4340.5,4340.75
1667874900,4340.75,4341.75,4340.25,4341.25
1667875200,4341,4341.75,4340.75,4341.5
1667875500,4341.25,4341.5,4339.25,4339.5
1667875800,4339.75,4340,4338.5,4339.75
1667876100,4339.5,4339.75,4337.75,4337.75
1667876400,4338,4339.5,4337.75,4339.25
1667876700,4339.25,4341.5,4339.25,4341.25
1667877000,4341.25,4341.75,4340.25,4341.25
1667877300,4341.25,4342,4341,4341.25
1667877600,4341.25,4341.25,4339.5,4339.5
1667877900,4339.75,4341.75,4339.5,4341.75
1667878200,4341.5,4342.5,4341.25,4341.75
1667878500,4342,4343.5,4341.75,4343
1667878800,4343.25,4343.25,4342.25,4342.5
1667879100,4342.5,4342.75,4341.75,4342
1667879400,4342.25,4342.75,4342,4342.25
1667879700,4342.25,4342.75,4341.25,4341.5
1667880000,4341.5,4343.25,4341.5,4342
1667880300,4342.25,4342.25,4340.75,4340.75
1667880600,4340.5,4341.25,4340,4340.5
1667880900,4340.5,4340.75,4338.25,4338.25
1667881200,4338.25,4338.25,4336.75,4337
1667881500,4337,4337.5,4336.5,4336.75
1667881800,4336.75,4337.25,4336.5,4337
1667882100,4337.25,4337.75,4336.75,4337
1667882400,4337,4337,4335,4335.75
1667882700,4335.5,4337.5,4335.5,4337.25
1667883000,4337.25,4338,4337,4337.75
1667883300,4337.75,4338,4337,4337.75
1667883600,4338,4338,4336.25,4336.5
1667883900,4336.75,4337.25,4334.75,4334.75
1667884200,4334.75,4335.75,4333.5,4334
1667884500,4334,4334.25,4332.5,4333.75
1667884800,4333.75,4334.75,4333,4334.25
1667885100,4334.25,4335,4334,4334.5
1667885400,4334.5,4336,4334,4334.75
1667885700,4334.5,4335,4333.75,4333.75
1667886000,4333.5,4335,4332.25,4334.75
1667886300,4334.75,4336,4334.5,4334.75
1667886600,4334.75,4336.75,4334.5,4336.75
1667886900,4336.75,4336.75,4334.25,4334.5
1667887200,4334.5,4337.75,4334.25,4336.75
1667887500,4336.5,4337,4336,4337
1667887800,4337,4337,4335,4335.75
1667888100,4336,4336.5,4335.25,4336.5
1667888400,4336.5,4337.75,4335.75,4336.5
1667888700,4336.25,4337,4335.75,4335.75
1667889000,4335.75,4338,4335.5,4337.75
1667889300,4337.75,4338,4336.75,4337.75
1667889600,4337.75,4339.5,4337.5,4339.5
1667889900,4339.25,4339.25,4338.25,4338.5
1667890200,4338.5,4338.75,4336.75,4337.75
1667890500,4338,4338.75,4337,4338.5
1667890800,4338.25,4338.75,4336,4336.75
1667891100,4337,4338,4334.5,4334.75
1667891400,4334.5,4334.5,4331.25,4332.75
1667891700,4333,4333.25,4331,4332.25
1667892000,4332.25,4334.5,4331.75,4334.5
1667892300,4334.25,4335.75,4334,4335.75
1667892600,4335.75,4335.75,4334,4334.25
1667892900,4334.25,4335.25,4332.75,4333.25
1667893200,4333.5,4334.25,4331.25,4333.75
1667893500,4333.75,4334,4332.5,4333.5
1667893800,4333.25,4333.75,4331.25,4333.25
1667894100,4333,4334.25,4332.25,4332.75
1667894400,4332.75,4333.5,4327.75,4328.25
1667894700,4328.25,4331.75,4327.5,4330
1667895000,4330,4330.75,4327.75,4328.75
1667895300,4328.75,4329,4325.25,4327.75
1667895600,4327.5,4329.75,4327,4327.25
1667895900,4327.5,4330,4326.5,4329.5
1667896200,4329.5,4332.25,4328.25,4331.75
1667896500,4331.75,4334.25,4330.5,4334.25
1667896800,4334.25,4334.25,4331,4333.75
1667897100,4333.75,4334,4331.5,4333.25
1667897400,4333.25,4334,4330.25,4331
1667897700,4330.75,4335.5,4330.75,4334.25
1667898000,4334.25,4334.5,4330.5,4331.25
1667898300,4331.25,4333,4331,4332.25
1667898600,4332.5,4334,4331.75,4332
1667898900,4331.75,4333.25,4330.75,4332.5
1667899200,4332.25,4337.5,4332,4337.5
1667899500,4337.25,4342.75,4337,4342.25
1667899800,4342.5,4345.5,4341.5,4345.25
1667900100,4345.25,4347.75,4344.25,4346.25
1667900400,4346,4347.5,4344.75,4347.5
1667900700,4347.75,4347.75,4345,4345.5
1667901000,4345.5,4346.25,4345.25,4345.5
1667901300,4345.5,4348.5,4344.5,4348
1667901600,4348,4348.25,4344.75,4348.25
1667901900,4348,4352,4347.25,4350.5
1667902200,4350.5,4351.75,4348.5,4351.5
1667902500,4351.25,4351.75,4347.75,4348
1667902800,4348,4348,4344.5,4344.75
1667903100,4344.5,4345.75,4344,4345
1667903400,4345,4346.5,4344,4344
1667903700,4344.25,4346,4343.75,4344.75
1667904000,4344.75,4345.75,4343.5,4344.75
1667904300,4344.75,4345.75,4344.5,4345.25
1667904600,4345.5,4345.75,4344.75,4344.75
1667904900,4344.5,4344.75,4341.5,4342
1667905200,4342,4343.75,4342,4342.5
1667905500,4342.5,4344.5,4342,4344.5
1667905800,4344.5,4346.5,4344.5,4345.25
1667906100,4345.25,4346.25,4344.25,4345.25
1667906400,4345,4347.5,4343.75,4347.5
1667906700,4347.75,4349,4346.75,4347.5
1667907000,4347.75,4350,4347,4349.5
1667907300,4349.5,4350.5,4348.25,4350.25
1667907600,4350.25,4353,4350,4350.75
1667907900,4351,4356.25,4351,4354
1667908200,4354,4356.75,4353.5,4355
1667908500,4354.75,4356.75,4354.75,4355.5
1667908800,4355.25,4356,4353,4353
1667909100,4353,4355.25,4352,4353.5
1667909400,4353.75,4353.75,4351.25,4352.5
1667909700,4352.25,4352.25,4345.75,4347.25
1667910000,4347.25,4348,4346.25,4347.75
1667910300,4347.75,4348.5,4346,4346.5
1667910600,4346.5,4348,4345.75,4346.25
1667910900,4346.25,4348.75,4344.25,4345.75
1667911200,4346,4346,4343.75,4345
1667911500,4345,4348,4344.25,4348
1667911800,4348,4348.5,4346.25,4347.25
1667912100,4347.25,4351,4346.75,4350.75
1667912400,4350.75,4351.25,4349,4349.5
1667912700,4349.75,4349.75,4345.5,4345.5
1667913000,4345.75,4348,4344.75,4347.5
1667913300,4347.5,4349.25,4346.75,4347.25
1667913600,4347.25,4351,4345.5,4349.75
1667913900,4349.5,4351,4347.25,4348
1667914200,4347.75,4350.75,4347.75,4349.75
1667914500,4349.5,4354.25,4349,4352.75
1667914800,4353,4354.25,4352.75,4354
1667915100,4354.25,4354.75,4352.25,4354.25
1667915400,4354,4355.75,4353.75,4354.5
1667915700,4354.5,4354.5,4352.25,4352.25
1667916000,4352.25,4360,4351.75,4358.75
1667916300,4358.5,4358.75,4356.25,4356.5
1667916600,4356.5,4356.5,4352.75,4353.75
1667916900,4353.5,4355,4352.25,4352.5
1667917200,4352.5,4355,4352.25,4355
1667917500,4355,4355,4351.5,4352
1667917800,4352,4353.5,4338.5,4341.75
1667918100,4341.5,4341.75,4336.5,4338.75
1667918400,4338.75,4342.5,4336,4341.75
1667918700,4341.75,4343.5,4336.5,4342.5
1667919000,4342.5,4352,4341,4350
1667919300,4350.25,4352.25,4344.5,4344.75
1667919600,4344.75,4351,4344,4345.25
1667919900,4345.25,4352,4344.75,4351.25
1667920200,4351,4354.75,4348.25,4351.5
1667920500,4351.25,4361.25,4351,4359.5
1667920800,4359.5,4364,4358.5,4360.25
1667921100,4360,4361.75,4357.25,4360.75
1667921400,4360.75,4366.75,4359.75,4364.75
1667921700,4365,4369.25,4363.5,4366.75
1667922000,4367,4372.75,4366.5,4371
1667922300,4371.25,4373.75,4369.5,4372.75
1667922600,4373,4374.25,4368,4369.5
1667922900,4369.5,4372.25,4368.25,4371.75
1667923200,4371.75,4372.25,4367.25,4368.5
1667923500,4368.5,4373,4366,4372.25
1667923800,4372.5,4377.5,4372.25,4376.5
1667924100,4376.75,4378.25,4375.75,4376.75
1667924400,4376.75,4382.75,4376.75,4381
1667924700,4381,4382.75,4378.5,4381.25
1667925000,4381.25,4388.25,4381.25,4387.5
1667925300,4387.5,4390.5,4386.5,4390.25
1667925600,4390.25,4392.25,4387.5,4388
1667925900,4388,4388.75,4384.25,4384.5
1667926200,4384.5,4388,4381.5,4387.75
1667926500,4387.75,4388,4385.25,4386.75
1667926800,4386.75,4388.5,4385,4385.25
1667927100,4385.25,4386.75,4383.75,4386.25
1667927400,4386.25,4389,4383.25,4383.25
1667927700,4383.5,4383.75,4380.5,4382.5
1667928000,4382.5,4384,4380.75,4384
1667928300,4384,4385,4382.25,4384.5
1667928600,4384.5,4386.75,4381,4383.75
1667928900,4383.75,4384.75,4380.75,4384.75
1667929200,4384.75,4389,4384.25,4388.25
1667929500,4388,4388.75,4385.5,4386.5
1667929800,4386.5,4387.25,4382.75,4383.5
1667930100,4383.75,4387,4383.75,4385.75
1667930400,4386,4390.25,4384.25,4389
1667930700,4389,4391.25,4386.5,4390.5
1667931000,4390.5,4391.25,4389,4389.25
1667931300,4389.5,4389.75,4381.75,4382
1667931600,4382,4382.25,4367,4369.75
1667931900,4370,4370.5,4356.75,4358.75
1667932200,4358.75,4359,4350,4358.5
1667932500,4358.75,4363,4358,4362.75
1667932800,4362.75,4366.5,4361.25,4364
1667933100,4364,4366.25,4359.5,4360.25
1667933400,4360.25,4364.75,4354.25,4358.25
1667933700,4358.25,4360,4345.5,4348.5
1667934000,4348.5,4354.25,4347,4349.25
1667934300,4349,4351,4342,4342.75
1667934600,4342.5,4348,4339.75,4347.75
1667934900,4347.75,4350,4344.25,4344.5
1667935200,4344.25,4346,4328.5,4329.75
1667935500,4329.75,4330,4321.5,4322.25
1667935800,4322.25,4327,4318,4326.75
1667936100,4326.75,4340.25,4325.5,4339
1667936400,4338.75,4348,4337.5,4345.75
1667936700,4345.75,4351.25,4343,4349.25
1667937000,4349.5,4354.25,4346.75,4350.75
1667937300,4351,4352.25,4346.75,4347
1667937600,4347.25,4360.25,4346.25,4356
1667937900,4356,4359.5,4352.75,4356.25
1667938200,4356.25,4360,4353.25,4358.5
1667938500,4358.5,4362.75,4356.25,4362
1667938800,4362,4365,4359.5,4361.5
1667939100,4361.75,4370.5,4359.75,4369.75
1667939400,4370,4378.75,4369,4377.25
1667939700,4377.5,4382,4374.25,4375
1667940000,4375.25,4377,4369.75,4371
1667940300,4371,4377.75,4370.25,4372
1667940600,4372.25,4375.5,4366,4366
1667940900,4366.25,4366.25,4358.25,4360.5
1667941200,4360.75,4360.75,4353.5,4353.5
1667941500,4353.75,4355,4350.5,4350.5
1667941800,4350.5,4354.25,4350.5,4352.75
1667942100,4352.5,4354.25,4352.25,4354
1667942400,4353.75,4356.75,4353.25,4355.25
1667942700,4355.25,4356.5,4355.25,4356.5
1667943000,4356.25,4358.25,4356.25,4358
1667943300,4358,4358.25,4356.75,4357
1667943600,4356.75,4358.75,4356.75,4358.5
1667943900,4358.5,4360.25,4357.5,4360.25
1667944200,4360,4360.25,4358.25,4358.75
1667944500,4358.75,4359.5,4357.5,4358
1667948400,4357.75,4360,4355.75,4358.75
1667948700,4358.75,4360.75,4358.75,4360.25
1667949000,4360.25,4364.25,4360.25,4364.25
1667949300,4364.25,4366,4363.5,4363.75
1667949600,4363.75,4364.5,4362,4362.75
1667949900,4363,4365,4362.25,4365
1667950200,4365,4366.5,4363.25,4364.25
1667950500,4364.25,4366.25,4364.25,4365.75
1667950800,4365.75,4368,4365.25,4367.5
1667951100,4367.25,4367.5,4364.5,4367
1667951400,4366.75,4369.25,4366.75,4367.5
1667951700,4367.5,4368.5,4366.5,4367.5
1667952000,4367.5,4367.5,4361.25,4361.25
1667952300,4361.5,4363.25,4357.5,4359.25
1667952600,4359,4361,4358.5,4361
1667952900,4360.75,4361.75,4359.25,4360
1667953200,4360,4361,4358.5,4360.25
1667953500,4360.25,4361,4359.5,4360
1667953800,4360.25,4363.75,4359.5,4361.5
1667954100,4361.5,4363.5,4360.75,4363.25
1667954400,4363.25,4364,4361.25,4361.75
1667954700,4361.75,4362.25,4356.5,4357
1667955000,4357,4358.25,4355.75,4357.25
1667955300,4357.25,4359.25,4356.5,4359
1667955600,4358.75,4360.5,4356.5,4359.75
1667955900,4359.75,4361.5,4358.75,4361.25
1667956200,4361.25,4361.75,4359.25,4359.25
1667956500,4359.5,4360.75,4357.25,4359
1667956800,4358.75,4362,4358.5,4361.25
1667957100,4361.25,4362.75,4360.25,4362.5
1667957400,4362.5,4372,4362.5,4371
1667957700,4370.75,4374,4366.5,4366.75
1667958000,4366.5,4369,4366.25,4367.75
1667958300,4367.75,4370.25,4367,4369
1667958600,4368.75,4369.25,4367.75,4368.25
1667958900,4368,4368,4363.5,4365
1667959200,4365,4366,4359.5,4361.25
1667959500,4361.5,4363.5,4361,4363.25
1667959800,4363.5,4364.75,4362.5,4364.5
1667960100,4364.5,4368.75,4364.25,4367.25
1667960400,4367.5,4368.75,4366,4368
1667960700,4368,4369.25,4367.25,4368.75
1667961000,4368.5,4368.75,4365.25,4366.5
1667961300,4366.75,4367.75,4365.75,4367.5
1667961600,4367.75,4368.25,4363.75,4364.25
1667961900,4364.25,4366.5,4363.75,4365.5
1667962200,4365.5,4365.75,4363.75,4364.25
1667962500,4364.25,4364.5,4361.5,4363.75
1667962800,4363.5,4366.25,4362.75,4364.5
1667963100,4364.25,4366.5,4362.75,4363.25
1667963400,4363.5,4365.5,4358.25,4359
1667963700,4358.75,4360.25,4357.75,4359.5
1667964000,4359.5,4361,4359.25,4360.5
1667964300,4360,4360.25,4356,4358.25
1667964600,4358,4358.5,4354,4356.5
1667964900,4356.5,4358,4351.75,4354
1667965200,4354,4355.75,4353,4355.75
1667965500,4355.75,4358.5,4354.75,4357.75
1667965800,4357.75,4360,4356.75,4358.5
1667966100,4358.75,4360,4355.25,4355.25
1667966400,4355.5,4356.75,4350.25,4351.25
1667966700,4351,4351.75,4350.25,4351.75
1667967000,4351.5,4354.5,4351.5,4354
1667967300,4353.75,4355.75,4353.25,4355.5
1667967600,4355.25,4355.75,4353.25,4355
1667967900,4355,4357.75,4355,4357.5
1667968200,4357.5,4363.25,4357.25,4361.5
1667968500,4361.5,4365.75,4361,4364.25
1667968800,4364.25,4367,4362.75,4366
1667969100,4366,4367.5,4363,4363.5
1667969400,4363.5,4364,4362,4362.25
1667969700,4362.5,4365.25,4362.5,4365
1667970000,4365.25,4365.5,4361.25,4362.5
1667970300,4362.5,4365.5,4362.5,4363
1667970600,4362.75,4365,4361.75,4363
1667970900,4363,4364.5,4362.5,4363.5
1667971200,4363.5,4363.5,4360.5,4361.25
1667971500,4361.25,4363.25,4360.5,4360.5
1667971800,4360.75,4360.75,4358.75,4359
1667972100,4358.75,4359.25,4354.75,4354.75
1667972400,4355,4355.25,4352.5,4353.75
1667972700,4353.75,4355.75,4353.5,4355.5
1667973000,4355.75,4357,4355.75,4356.75
1667973300,4356.75,4358,4356.25,4356.25
1667973600,4356.5,4357,4350.25,4351.5
1667973900,4351.75,4354.5,4350.25,4351
1667974200,4351,4352.25,4350.25,4350.5
1667974500,4350.5,4352.5,4350.25,4351.75
1667974800,4352,4354.5,4350.25,4354.25
1667975100,4354.25,4355.75,4353.25,4353.5
1667975400,4353.75,4355.25,4351.5,4353.5
1667975700,4353.25,4354.5,4352.25,4352.25
1667976000,4352.25,4352.75,4350.25,4352.5
1667976300,4352.5,4352.75,4350.25,4351.25
1667976600,4351.25,4352.25,4350.5,4351
1667976900,4351,4352.5,4350.25,4351.5
1667977200,4351.5,4355,4350.5,4354.25
1667977500,4354.25,4355.75,4353.25,4355
1667977800,4354.75,4359.75,4354.75,4357.75
1667978100,4357.5,4359.75,4357.25,4359
1667978400,4359,4359.75,4356,4357
1667978700,4356.75,4359,4356.25,4358.25
1667979000,4358.25,4360.75,4358.25,4358.5
1667979300,4358.25,4358.25,4355.25,4357.25
1667979600,4357.25,4357.5,4354.25,4355
1667979900,4355.25,4357,4353.25,4353.75
1667980200,4353.75,4359.75,4353.5,4359.5
1667980500,4359.5,4362.5,4358.5,4359.5
1667980800,4359.5,4367.5,4359,4364.25
1667981100,4364.5,4370.25,4363.75,4366.5
1667981400,4366.5,4368,4363.75,4364.5
1667981700,4364.5,4365.5,4361.25,4364
1667982000,4364,4366,4361.5,4362.25
1667982300,4362,4365.25,4360.5,4363.5
1667982600,4363.5,4365,4360.5,4361.75
1667982900,4361.5,4364.75,4361,4364.25
1667983200,4364.25,4366.75,4364,4366.5
1667983500,4366.25,4368.25,4360.25,4360.5
1667983800,4360.5,4363,4359.5,4360
1667984100,4360.25,4361.75,4358.75,4361.25
1667984400,4361.25,4361.75,4358,4359.75
1667984700,4359.5,4360.5,4356,4356.25
1667985000,4356.5,4356.5,4353.25,4353.5
1667985300,4353.25,4353.75,4350.25,4350.75
1667985600,4351,4354,4350.75,4353.5
1667985900,4353.5,4355,4353,4353.5
1667986200,4353.25,4353.75,4350.75,4351.5
1667986500,4351.5,4353.5,4350.75,4351
1667986800,4351.25,4351.75,4350.25,4351.5
1667987100,4351.25,4351.75,4344.25,4344.5
1667987400,4344.5,4347,4344.25,4346.5
1667987700,4346.5,4346.5,4340.25,4344
1667988000,4343.75,4345,4341.5,4342.75
1667988300,4343,4343,4340.25,4341.25
1667988600,4341,4341.5,4338,4338.25
1667988900,4338.25,4341.75,4337.25,4340
1667989200,4340,4343.25,4339.25,4341.75
1667989500,4341.5,4342.25,4339.25,4341.5
1667989800,4341.5,4345,4340.5,4344.75
1667990100,4344.5,4348.25,4344.5,4348
1667990400,4348,4350.75,4347.5,4350
1667990700,4349.75,4353,4349,4350
1667991000,4349.75,4352.75,4347.5,4352.75
1667991300,4352.5,4353.75,4351,4352.25
1667991600,4352.25,4353.75,4351.25,4351.25
1667991900,4351.5,4355,4350.5,4354
1667992200,4354.25,4357.75,4354,4357.75
1667992500,4357.5,4359.25,4356.75,4359
1667992800,4359.25,4360.25,4356.25,4356.5
1667993100,4356.25,4358.25,4355,4357.75
1667993400,4357.5,4358.75,4355,4355.5
1667993700,4355.25,4360,4352.5,4358.5
1667994000,4358.25,4359.75,4356.25,4356.75
1667994300,4356.5,4356.75,4354.75,4355.75
1667994600,4355.5,4357.25,4354.25,4355.25
1667994900,4355,4355.5,4352.75,4355
1667995200,4354.75,4356,4353.25,4354.25
1667995500,4354,4354.25,4350.75,4351.75
1667995800,4351.75,4352,4347.75,4349.5
1667996100,4349.5,4350.5,4346.75,4348.75
1667996400,4348.75,4350.5,4344.5,4345.5
1667996700,4345.75,4348.25,4345.75,4347
1667997000,4346.75,4351.25,4346.5,4347.5
1667997300,4347.75,4350.75,4347.75,4349.75
1667997600,4349.75,4353.5,4349.25,4353.25
1667997900,4353.25,4356.25,4353,4354.75
1667998200,4354.75,4358.5,4354.25,4356.25
1667998500,4356.25,4358.5,4356,4357.5
1667998800,4357.5,4360.5,4354.25,4359
1667999100,4358.75,4358.75,4352.25,4352.75
1667999400,4352.75,4353,4349.5,4350.75
1667999700,4350.75,4351,4347.5,4348.75
1668000000,4349,4349,4341,4342.25
1668000300,4342.25,4343,4338,4340.5
1668000600,4340.5,4345,4340,4344.75
1668000900,4344.75,4345,4339.75,4341.25
1668001200,4341.25,4347,4340,4346.75
1668001500,4346.75,4350.25,4346.75,4348.75
1668001800,4348.75,4349.5,4337.75,4339.5
1668002100,4339.5,4342,4336.25,4339.5
1668002400,4339.5,4343.75,4338.5,4342.25
1668002700,4342.5,4343.25,4338.25,4339.75
1668003000,4339.5,4345.75,4339.25,4344.5
1668003300,4344.5,4344.75,4340.75,4341.25
1668003600,4341,4341.25,4337.25,4338.75
1668003900,4339,4339,4333.75,4338.25
1668004200,4338.5,4339,4327,4329.25
1668004500,4329,4334.25,4324.5,4327.5
1668004800,4327.25,4334.75,4325.25,4332.25
1668005100,4332.25,4340.5,4330.5,4334.75
1668005400,4334.5,4334.75,4328.5,4332
1668005700,4332.25,4333.25,4320.25,4326.5
1668006000,4326.5,4338,4324,4337.5
1668006300,4337.25,4348.75,4336.5,4347.75
1668006600,4347.5,4349,4341,4346
1668006900,4345.75,4351,4341.5,4346.75
1668007200,4346.75,4350,4343.5,4346
1668007500,4346.25,4347.25,4333.25,4335.5
1668007800,4335.5,4339.5,4321.25,4327.5
1668008100,4327.5,4331.5,4323,4325.75
1668008400,4325.75,4328.25,4320.25,4325.5
1668008700,4325.5,4329.5,4324.5,4327.75
1668009000,4328,4328.75,4322,4322.25
1668009300,4322.25,4325.25,4313.5,4321.75
1668009600,4321.75,4327.75,4321,4325
1668009900,4324.75,4333.75,4322,4331.25
1668010200,4331.25,4332.75,4328.75,4330
1668010500,4330.25,4336.25,4329.5,4332.5
1668010800,4332.25,4334,4324.75,4328
1668011100,4328,4335,4328,4331
1668011400,4330.75,4331,4324.75,4325.75
1668011700,4325.75,4330.25,4324.75,4328
1668012000,4327.75,4342.25,4326.5,4341
1668012300,4340.75,4342,4337.25,4337.75
1668012600,4337.75,4340.5,4335,4335.5
1668012900,4335.5,4337.25,4328.75,4330.25
1668013200,4330,4332.5,4328,4330.5
1668013500,4330.5,4331,4323.5,4326.75
1668013800,4326.75,4327.5,4324.25,4325
1668014100,4324.75,4327.5,4321.5,4326.5
1668014400,4326.25,4328.25,4323.25,4324.25
1668014700,4324.25,4325.75,4320,4322
1668015000,4322.25,4329,4321.5,4329
1668015300,4328.75,4329,4320.5,4320.75
1668015600,4320.75,4323,4318,4319.5
1668015900,4319.5,4323.25,4318.75,4322.5
1668016200,4322.25,4325,4321,4322
1668016500,4322,4324.75,4319.75,4324.5
1668016800,4324.75,4327.25,4314.75,4318.75
1668017100,4318.75,4320.5,4315.25,4318.5
1668017400,4318.5,4320.25,4310.25,4318.75
1668017700,4319,4321.25,4316,4317.75
1668018000,4317.75,4319.5,4314.25,4314.5
1668018300,4314.5,4316.5,4310.5,4312
1668018600,4311.75,4311.75,4302.25,4302.25
1668018900,4302.25,4302.5,4297.75,4299
1668019200,4298.75,4303.75,4297,4301.5
1668019500,4301.5,4301.5,4295.5,4298.25
1668019800,4298.25,4299,4295.5,4296
1668020100,4296,4301,4293.75,4300.5
1668020400,4300.5,4301.75,4296.75,4301.25
1668020700,4301,4307.25,4298.5,4305.25
1668021000,4305.25,4307.75,4301.75,4307
1668021300,4307.25,4307.25,4301.5,4305.5
1668021600,4305.25,4306.25,4299,4301.5
1668021900,4301.5,4305,4301.25,4302.75
1668022200,4303,4303,4293.25,4294
1668022500,4294,4295.75,4290,4291.25
1668022800,4291.25,4296.75,4289.75,4294.75
1668023100,4294.75,4296.25,4287.25,4290.25
1668023400,4290.25,4290.5,4284.75,4287.25
1668023700,4287.5,4288.25,4285,4287.5
1668024000,4287.5,4293.5,4285.75,4293.25
1668024300,4293.5,4301,4292.5,4297.75
1668024600,4297.5,4298.5,4292.5,4292.75
1668024900,4292.75,4296.5,4291.5,4296.5
1668025200,4296.25,4296.5,4289.75,4290.5
1668025500,4290.5,4294,4289,4292.25
1668025800,4292.5,4293.25,4286,4292.5
1668026100,4292.75,4293,4286.25,4286.25
1668026400,4286,4286.5,4281.5,4281.75
1668026700,4281.5,4285,4275.25,4277
1668027000,4277,4285.5,4277,4280.5
1668027300,4280.75,4283.25,4278.5,4280.75
1668027600,4281,4284.5,4279,4284.25
1668027900,4284.25,4284.75,4282,4282
1668028200,4282.25,4283.75,4281.5,4283
1668028500,4283,4283,4278.75,4279.25
1668028800,4279.5,4282.5,4279,4281.75
1668029100,4281.75,4282.5,4281,4281.5
1668029400,4281.25,4282.25,4281,4281.25
1668029700,4281.25,4281.25,4278.75,4280.25
1668030000,4280.5,4282.5,4279.5,4280
1668030300,4280.25,4283.75,4280.25,4283.25
1668030600,4283.25,4284.75,4282.5,4283.75
1668030900,4283.75,4284.75,4280.75,4281.5
1668034800,4282.25,4286,4282.25,4282.5
1668035100,4282.75,4284.5,4281,4282.5
1668035400,4282.5,4283,4280,4280
1668035700,4280,4282.25,4278.5,4281.75
1668036000,4282,4283.25,4281,4281.25
1668036300,4281.25,4283,4280.75,4281.75
1668036600,4281.5,4282.25,4280.25,4281.5
1668036900,4281.25,4281.75,4280.5,4280.5
1668037200,4280.5,4281.25,4280,4280.75
1668037500,4281,4283.25,4280.75,4283
1668037800,4283,4283.25,4281.25,4281.75
1668038100,4281.75,4283.5,4281.25,4282.75
1668038400,4282.75,4283.25,4281.5,4282
1668038700,4282,4284.75,4281.5,4284
1668039000,4284.25,4285.5,4283.5,4283.75
1668039300,4283.75,4286.5,4283.5,4286.25
1668039600,4286,4288.5,4286,4287.5
1668039900,4287.5,4288.25,4287.25,4287.5
1668040200,4287.5,4288.25,4285.5,4285.5
1668040500,4285.5,4288.5,4285,4288
1668040800,4288,4289.5,4288,4289.25
1668041100,4289,4290,4287.75,4287.75
1668041400,4287.75,4288,4285.5,4286
1668041700,4286,4287.75,4285.25,4287.5
1668042000,4287.25,4288.75,4287,4288.5
1668042300,4288.75,4291.5,4288.5,4289.75
1668042600,4290,4291,4288.75,4290
1668042900,4290,4292.5,4289.25,4292.25
1668043200,4292,4292,4288.75,4290.25
1668043500,4290.25,4291,4289,4290
1668043800,4289.75,4290,4286.75,4288.25
1668044100,4288.25,4290.5,4287.75,4289.75
1668044400,4289.5,4290.25,4287.75,4288.5
1668044700,4288.25,4288.75,4286.75,4288.25
1668045000,4288.25,4291,4287.75,4290.25
1668045300,4290.25,4291.25,4288,4288
1668045600,4288,4289.25,4287.5,4288
1668045900,4288,4288,4283.75,4284.75
1668046200,4284.75,4285.25,4283.25,4283.5
1668046500,4283.5,4285.25,4282.75,4285.25
1668046800,4285,4285.5,4282.75,4284
1668047100,4284,4285.25,4283.25,4283.75
1668047400,4283.75,4286.25,4283.75,4285.75
1668047700,4285.75,4287.25,4285.5,4287
1668048000,4287,4287.5,4284,4287.25
1668048300,4287,4287.25,4282.25,4284.75
1668048600,4284.5,4285.5,4282.75,4284
1668048900,4284,4286.25,4283.75,4285.75
1668049200,4286,4287.25,4284.25,4286.5
1668049500,4286.75,4289.25,4286.5,4288
1668049800,4288,4289,4286.75,4288.5
1668050100,4288.75,4289.25,4286.75,4287.25
1668050400,4287.25,4289.25,4287.25,4288
1668050700,4288,4288,4285.75,4286.25
1668051000,4286.25,4288,4286,4287.25
1668051300,4287,4288.5,4286.75,4288.25
1668051600,4288.25,4288.75,4287.5,4288.5
1668051900,4288.75,4288.75,4287.75,4287.75
1668052200,4288,4288.5,4286,4286.25
1668052500,4286.25,4287,4285.5,4286.75
1668052800,4286.75,4288,4286.25,4286.25
1668053100,4286.25,4286.75,4286,4286.5
1668053400,4286.5,4287,4286,4286.75
1668053700,4286.75,4287.25,4285.5,4286.25
1668054000,4286.25,4288.25,4286,4288
1668054300,4288.25,4289.75,4287.75,4288.25
1668054600,4288,4289,4287.5,4288.25
1668054900,4288.25,4289.25,4288.25,4288.25
1668055200,4288.25,4288.75,4287.5,4288.25
1668055500,4288.25,4288.25,4287.25,4288
1668055800,4288,4289.75,4288,4289.75
1668056100,4290,4290.25,4289.25,4289.5
1668056400,4289.75,4290.25,4288.25,4290
1668056700,4289.75,4292.5,4289.5,4292.25
1668057000,4292,4293,4290.75,4291
1668057300,4291.25,4292,4290.5,4291
1668057600,4291,4291.75,4290.5,4291
1668057900,4291,4291.75,4289.75,4290.5
1668058200,4290.5,4290.5,4289.25,4289.25
1668058500,4289.5,4290.25,4289.25,4289.75
1668058800,4289.75,4290.75,4289,4290.5
1668059100,4290.25,4291.5,4290,4290.25
1668059400,4290.25,4290.25,4289,4289.25
1668059700,4289.25,4290.5,4289,4289.5
1668060000,4289.75,4289.75,4287.5,4289.5
1668060300,4289.75,4289.75,4288.5,4289.25
1668060600,4289.5,4290.25,4289,4290.25
1668060900,4290.25,4291.25,4288.25,4288.25
1668061200,4288.5,4288.5,4287.25,4288
1668061500,4288,4288.75,4286.75,4287
1668061800,4287.25,4287.5,4285.75,4286
1668062100,4286.25,4287.75,4286.25,4287.75
1668062400,4287.75,4288,4286.5,4287.75
1668062700,4287.5,4288,4287.5,4287.75
1668063000,4287.75,4289,4287,4287.75
1668063300,4287.75,4289.25,4287.25,4288.75
1668063600,4289,4291.5,4286.75,4290.75
1668063900,4291,4292.5,4289.75,4290.5
1668064200,4290.5,4290.75,4287.5,4289
1668064500,4289,4291,4289,4289.75
1668064800,4289.75,4289.75,4285.5,4286
1668065100,4286,4286.5,4282.25,4282.5
1668065400,4282.5,4283,4280.5,4281.25
1668065700,4281,4282.75,4280.75,4282.5
1668066000,4282.5,4285,4281.75,4284.75
1668066300,4285,4285.5,4283.5,4284
1668066600,4284,4285,4283,4283.75
1668066900,4283.25,4285.25,4283.25,4284
1668067200,4284.5,4289,4282.25,4287.5
1668067500,4287.75,4291.5,4286.75,4290
1668067800,4290,4290.25,4286,4286.25
1668068100,4286.5,4289.75,4285,4289.75
1668068400,4289.25,4290,4286,4286.75
1668068700,4286.75,4291,4286.5,4289.75
1668069000,4289.75,4291,4288.25,4290.5
1668069300,4290.5,4293.75,4289.5,4293.5
1668069600,4293.5,4295,4292,4294
1668069900,4293.75,4294.25,4289.75,4291
1668070200,4291.25,4291.25,4289,4290
1668070500,4290.25,4291,4287.75,4288.25
1668070800,4288.25,4289.25,4285.75,4287
1668071100,4287,4289.75,4285.75,4289
1668071400,4288.75,4290,4287.75,4288.75
1668071700,4288.75,4289.75,4285.5,4286.75
1668072000,4286.75,4290,4286.5,4289.25
1668072300,4289.25,4289.75,4288.25,4289.5
1668072600,4289.75,4290.75,4289,4289.75
1668072900,4289.75,4292.75,4289.25,4292.5
1668073200,4292.5,4293,4289.75,4291
1668073500,4291,4293,4290.75,4291.5
1668073800,4291.75,4292.5,4290.25,4290.5
1668074100,4290.75,4291.5,4290,4290.75
1668074400,4290.75,4291.75,4290,4290.5
1668074700,4290.5,4291.75,4290,4290.75
1668075000,4290.75,4290.75,4287.25,4287.75
1668075300,4287.75,4289,4285.75,4287
1668075600,4286.75,4287,4284.75,4285
1668075900,4285,4285.75,4283,4285.75
1668076200,4285.75,4286.5,4284.75,4286
1668076500,4286,4286,4283.75,4285.75
1668076800,4285.75,4288,4285.25,4287.25
1668077100,4287.5,4288,4285.5,4285.75
1668077400,4285.75,4286.25,4284.5,4284.75
1668077700,4284.5,4294,4284.25,4293.75
1668078000,4293.75,4296.5,4284.75,4288.75
1668078300,4289,4291,4287.25,4290
1668078600,4290,4292.5,4289.75,4290.75
1668078900,4291,4292.5,4289.75,4291
1668079200,4291,4296.25,4291,4294.5
1668079500,4294.25,4295,4291.75,4292.75
1668079800,4292.75,4293.25,4291,4292.25
1668080100,4292.25,4295,4290.25,4294.5
1668080400,4294.25,4296.75,4293.75,4295.25
1668080700,4295.25,4296.75,4293.75,4293.75
1668081000,4293.75,4294.25,4291.75,4293.25
1668081300,4293,4293.25,4290.5,4291.25
1668081600,4291.25,4292.25,4289,4290.5
1668081900,4290.75,4292.75,4289.75,4291.25
1668082200,4291.25,4293.75,4291,4292.75
1668082500,4293,4293,4290.5,4291.5
1668082800,4291.5,4292.5,4288,4289.25
1668083100,4289,4289.75,4288,4288.75
1668083400,4288.5,4289.25,4287.25,4288
1668083700,4288,4288,4286,4286.75
1668084000,4286.75,4288.25,4286,4287.25
1668084300,4287.25,4289.25,4286.5,4287.75
1668084600,4287.75,4289.25,4286.5,4286.75
1668084900,4286.75,4292,4286.75,4291
1668085200,4290.75,4292.5,4290,4291.75
1668085500,4291.75,4292.25,4289.25,4290.25
1668085800,4290.5,4296.25,4290.25,4296.25
1668086100,4296.25,4296.25,4293,4294.75
1668086400,4295,4296,4292.75,4293.75
1668086700,4293.75,4296,4289,4290.25
1668087000,4290.25,4386.25,4276.75,4382.25
1668087300,4381.75,4402,4378.75,4391
1668087600,4391,4398.5,4387,4397.75
1668087900,4398,4403.75,4394.5,4402.25
1668088200,4402.25,4402.5,4393.75,4397.25
1668088500,4397.5,4408,4396,4403.25
1668088800,4403.25,4404.5,4395.25,4396.5
1668089100,4396.25,4403,4396,4399.75
1668089400,4399.75,4409.75,4399.75,4407.75
1668089700,4407.75,4413,4406,4411.75
1668090000,4412,4418.5,4408.75,4417.75
1668090300,4418,4420.25,4414.75,4419.25
1668090600,4419.5,4424.75,4405.25,4405.75
1668090900,4406,4415.5,4401.5,4408.5
1668091200,4408.75,4411.75,4396,4408.25
1668091500,4408.5,4422.5,4407,4422
1668091800,4422.25,4427,4414.5,4422.75
1668092100,4423,4438.5,4423,4438
1668092400,4438,4444.75,4433,4438
1668092700,4438,4441.25,4433.5,4438
1668093000,4438,4439.75,4428.25,4428.5
1668093300,4428.75,4436.25,4428.75,4432.75
1668093600,4432.75,4441.5,4429.25,4439.25
1668093900,4439.25,4439.25,4434.25,4438
1668094200,4437.75,4440.5,4426.75,4429.5
1668094500,4429.5,4432,4421.5,4421.75
1668094800,4421.75,4436,4419.5,4431.75
1668095100,4431.75,4441,4428.25,4440.5
1668095400,4440.5,4443.75,4439,4440.5
1668095700,4440.75,4447.25,4437.5,4445
1668096000,4444.75,4447.25,4437.5,4438.25
1668096300,4438.5,4444.5,4434.5,4436
1668096600,4436,4444.75,4435.25,4444.75
1668096900,4444.75,4445,4437,4442.75
1668097200,4443,4449,4441.75,4446.25
1668097500,4446,4448.75,4443.25,4448.25
1668097800,4448.25,4456,4448.25,4454.5
1668098100,4454.75,4457.75,4451.75,4457.25
1668098400,4457.5,4458,4450.5,4450.75
1668098700,4450.75,4455,4450.25,4454.25
1668099000,4454,4457,4453.25,4455
1668099300,4455,4461,4454.75,4459.25
1668099600,4459.25,4459.25,4453.25,4456.5
1668099900,4456.25,4456.5,4449.75,4451
1668100200,4451,4452.25,4447.75,4448.5
1668100500,4448.5,4455,4448.25,4454.25
1668100800,4454.25,4454.5,4449.25,4450.25
1668101100,4450,4450.75,4445.5,4447
1668101400,4446.75,4446.75,4438,4441.75
1668101700,4441.75,4444,4437.25,4437.5
1668102000,4437.5,4443.25,4434.25,4442.5
1668102300,4442.5,4442.5,4431.75,4435
1668102600,4435,4438.5,4432.25,4433.75
1668102900,4433.75,4435.25,4429.75,4431
1668103200,4431,4442,4431,4441
1668103500,4441,4443.25,4438,4442.5
1668103800,4442.5,4447,4438.75,4446.75
1668104100,4446.5,4449.25,4443.5,4445.5
1668104400,4445.25,4447,4438.25,4439.5
1668104700,4439.25,4446.75,4438.25,4446.25
1668105000,4446.25,4448.5,4441,4444.5
1668105300,4444.5,4446.25,4442.5,4445
1668105600,4445,4450.75,4443,4450
1668105900,4450.25,4455.5,4449.75,4453.5
1668106200,4453.5,4454.5,4449,4452
1668106500,4452.25,4455.75,4450.75,4453
1668106800,4453,4458,4452.25,4456.5
1668107100,4456.75,4458.5,4454,4457.5
1668107400,4457.75,4459,4456.75,4458.5
1668107700,4458.5,4458.75,4454.25,4454.25
1668108000,4454.25,4454.75,4449.75,4454
1668108300,4453.75,4458.75,4453.25,4456.5
1668108600,4456.5,4457.25,4452.75,4456.5
1668108900,4456.75,4457.75,4453.75,4456.25
1668109200,4456.5,4457.5,4452.75,4454.75
1668109500,4454.75,4457.75,4453.75,4455.5
1668109800,4455.5,4462.25,4454.25,4461.25
1668110100,4461.25,4464,4459.75,4463
1668110400,4462.75,4464.5,4460.25,4461.75
1668110700,4462,4470.5,4461.5,4470.5
1668111000,4470.5,4473.75,4469,4472.5
1668111300,4472.75,4474.75,4469.75,4470
1668111600,4470,4473.75,4468.75,4472.5
1668111900,4472.5,4475.75,4469.75,4475
1668112200,4475.25,4478.5,4472.75,4474.25
1668112500,4474.25,4476,4473,4475.5
1668112800,4475.5,4481.75,4473.5,4478.75
1668113100,4478.5,4482.75,4477.25,4481.5
1668113400,4481.75,4490.25,4481.25,4489.5
1668113700,4489.5,4490.75,4483.25,4486.25
1668114000,4486.5,4491.25,4484,4489
1668114300,4489,4492.25,4488.75,4490.75
1668114600,4490.75,4490.75,4485.25,4485.75
1668114900,4485.5,4487.75,4484.75,4487.75
1668115200,4487.75,4495,4487.5,4494.75
1668115500,4494.75,4496.75,4494.25,4495.75
1668115800,4495.5,4496.5,4494.75,4495.5
1668116100,4495.5,4495.75,4494.5,4495.25
1668116400,4495.25,4496.75,4495.25,4496.5
1668116700,4496.25,4496.75,4495.75,4496
1668117000,4495.75,4498.75,4495.75,4498
1668117300,4497.75,4498.75,4497.75,4498.25
1668121200,4498.25,4498.25,4490.75,4493
1668121500,4492.75,4493.75,4490.75,4493
1668121800,4493.25,4493.75,4491.5,4492
1668122100,4492,4492.75,4490.5,4492.75
1668122400,4492.5,4493.75,4491.5,4492.5
1668122700,4492.5,4492.75,4491.75,4492.25
1668123000,4492.5,4493,4491.25,4492.75
1668123300,4492.5,4492.75,4491.25,4491.5
1668123600,4491.5,4492.5,4490.75,4492
1668123900,4491.75,4492.5,4491,4492.5
1668124200,4492.25,4497.5,4491.75,4497.25
1668124500,4497.25,4499.75,4496.75,4497.25
1668124800,4497.25,4499,4492.5,4494
1668125100,4494,4496.25,4491.5,4492.5
1668125400,4492.75,4493,4490.75,4490.75
1668125700,4490.75,4492.75,4488.5,4489.25
1668126000,4489.5,4490.25,4489,4490.25
1668126300,4490.25,4490.25,4489.25,4489.75
1668126600,4489.75,4491.5,4489.5,4489.75
1668126900,4489.5,4490,4487.5,4489
1668127200,4489,4490,4488.25,4488.75
1668127500,4488.5,4490.25,4488,4490
1668127800,4490,4492.5,4490,4491.5
1668128100,4491.5,4493.75,4491.25,4493.25
1668128400,4493,4496.25,4492.25,4495.75
1668128700,4495.5,4497.25,4494.25,4494.75
1668129000,4494.75,4494.75,4490.5,4492.5
1668129300,4492.25,4494.75,4491.5,4493.75
1668129600,4493.75,4497.25,4493.5,4494.75
1668129900,4494.5,4495.25,4492.5,4493.5
1668130200,4493.5,4493.5,4487.5,4487.75
1668130500,4487.5,4489.25,4485.25,4486
1668130800,4486,4487,4483.75,4486
1668131100,4485.75,4488.5,4485.25,4488
1668131400,4487.75,4488.5,4484.25,4484.75
1668131700,4484.5,4487,4484.25,4484.5
1668132000,4484.5,4487.5,4484.25,4487
1668132300,4486.75,4488.25,4486,4487.75
1668132600,4487.5,4488.5,4486.5,4486.75
1668132900,4486.5,4487.25,4485.75,4486.5
1668133200,4486.5,4488.75,4486.5,4487.5
1668133500,4487.25,4489.5,4486.75,4489.5
1668133800,4489.5,4493,4489.5,4492.25
1668134100,4492.5,4493.75,4491.25,4492
1668134400,4491.75,4492,4489.5,4489.75
1668134700,4489.5,4491.25,4489.5,4490.75
1668135000,4490.5,4490.75,4487.75,4487.75
1668135300,4488,4489,4487.75,4488.75
1668135600,4488.5,4489,4485.5,4485.75
1668135900,4486,4486.5,4483,4483.25
1668136200,4483.5,4485.5,4482.5,4484.5
1668136500,4484.5,4486,4484.5,4485.25
1668136800,4485.25,4486.5,4483.75,4486
1668137100,4486,4487.5,4485,4485
1668137400,4484.75,4486,4483.75,4484.75
1668137700,4484.75,4485.25,4484.5,4485
1668138000,4484.75,4486,4484.25,4485.25
1668138300,4485.25,4486.75,4484.75,4486.5
1668138600,4486.5,4487,4485.5,4486.25
1668138900,4486.25,4487,4485.75,4486.75
1668139200,4486.75,4487.5,4485.5,4485.75
1668139500,4485.5,4486,4484.5,4485.5
1668139800,4485.5,4488.25,4485.5,4487.75
1668140100,4487.5,4488.5,4487.25,4488
1668140400,4488,4488.75,4487.75,4488.25
1668140700,4488.5,4489.5,4488.25,4489
1668141000,4489.25,4490.25,4489,4490
1668141300,4490,4491.75,4489.25,4489.25
1668141600,4489.25,4494,4489.25,4493.5
1668141900,4493.5,4494.25,4492.5,4494
1668142200,4493.75,4494.5,4492.25,4492.75
1668142500,4492.75,4494.5,4491.75,4494.5
1668142800,4494.5,4494.5,4491,4492.25
1668143100,4492,4495,4490.5,4492
1668143400,4492,4493.75,4491.25,4493.5
1668143700,4493.5,4494.5,4492.5,4493.75
1668144000,4493.75,4495.75,4493.75,4495.25
1668144300,4495.25,4499.5,4494.75,4499.25
1668144600,4499,4504.25,4498.75,4501.75
1668144900,4501.75,4503.75,4500.75,4501.25
1668145200,4501.5,4503,4499.75,4502.75
1668145500,4502.75,4508,4501.75,4507.75
1668145800,4507.5,4509.75,4506,4508.75
1668146100,4508.75,4510.5,4507.75,4509.75
1668146400,4509.75,4512,4508,4511.25
1668146700,4511.25,4516,4511.25,4514.25
1668147000,4514.5,4515,4508.75,4509.25
1668147300,4509.5,4510.75,4507.5,4509.25
1668147600,4509.25,4509.5,4507.75,4508.5
1668147900,4508.5,4508.75,4507,4507.75
1668148200,4508,4509.25,4506.75,4509.25
1668148500,4509.25,4509.25,4508,4508.75
1668148800,4509,4509.5,4508.5,4509.25
1668149100,4509.25,4514.25,4509.25,4511.5
1668149400,4511.5,4513.25,4511,4512.5
1668149700,4512.25,4514.25,4511,4513.75
1668150000,4513.75,4514,4507.25,4509.25
1668150300,4509,4510.5,4507.75,4510.25
1668150600,4510.25,4510.5,4508.25,4508.75
1668150900,4508.75,4514.25,4507.25,4510
1668151200,4510.25,4512,4507.5,4509.25
1668151500,4509,4510.25,4507,4509.25
1668151800,4509,4513.25,4508.75,4511.25
1668152100,4511.25,4514.5,4510.75,4514.25
1668152400,4514.25,4515.5,4513.25,4514.5
1668152700,4514.25,4519.75,4513.25,4518.75
1668153000,4519,4520.25,4518.25,4519.5
1668153300,4519.5,4520.25,4516.5,4519.25
1668153600,4519.25,4519.5,4509.25,4511.75
1668153900,4511.75,4512,4507,4507.75
1668154200,4507.75,4510.25,4506.25,4510
1668154500,4510,4514.75,4508.25,4514.75
1668154800,4514.75,4515.5,4511,4515
1668155100,4515,4518.5,4514.5,4517
1668155400,4517.25,4517.25,4512.25,4512.5
1668155700,4512.5,4514.75,4511.5,4511.75
1668156000,4512,4514.5,4511.5,4513.75
1668156300,4513.75,4518.5,4513.25,4518.25
1668156600,4518.5,4522.75,4517.75,4519.25
1668156900,4519.25,4522.5,4518.25,4520.75
1668157200,4521,4521,4515.5,4515.75
1668157500,4515.75,4516.5,4513.25,4514.25
1668157800,4514.5,4515,4510.75,4510.75
1668158100,4510.75,4515,4507.5,4510.25
1668158400,4510.5,4511.25,4507.5,4509
1668158700,4508.75,4509,4505.25,4506.5
1668159000,4506.25,4507.5,4504.5,4505.75
1668159300,4505.75,4507.75,4505,4506.5
1668159600,4506.75,4508.25,4505.75,4508
1668159900,4508.25,4510,4507,4509.25
1668160200,4509.25,4509.75,4506.75,4507
1668160500,4507.25,4511.25,4507.25,4509
1668160800,4509.25,4513,4508.75,4511
1668161100,4511,4511,4507.25,4507.5
1668161400,4507.5,4509.5,4504.75,4509
1668161700,4509,4511.75,4508,4511.25
1668162000,4511.25,4511.75,4506.75,4507
1668162300,4507,4507.5,4502.75,4504
1668162600,4504.25,4506.75,4504,4505.75
1668162900,4506,4507,4502.75,4506.5
1668163200,4506.25,4506.25,4501.75,4502
1668163500,4502,4503,4500,4500.75
1668163800,4500.75,4502.75,4500,4502.25
1668164100,4502.25,4504,4501.5,4501.75
1668164400,4502,4502.75,4498.75,4499.75
1668164700,4499.75,4502.5,4498.25,4501.25
1668165000,4501,4502.25,4500.5,4501.5
1668165300,4501.5,4504,4499.75,4503.25
1668165600,4503,4504.5,4501.5,4504
1668165900,4504,4504.75,4502.5,4504.5
1668166200,4504.5,4507.25,4504.25,4506.5
1668166500,4506.75,4508.5,4505.5,4507
1668166800,4507.25,4507.75,4504.5,4504.5
1668167100,4504.5,4505.25,4502.75,4503.75
1668167400,4504,4507.5,4504,4507.5
1668167700,4507.75,4508,4504.5,4505.75
1668168000,4505.75,4507,4501.25,4506
1668168300,4505.75,4506.75,4501.75,4504.75
1668168600,4504.75,4504.75,4500.5,4500.75
1668168900,4501,4501,4498,4500.25
1668169200,4500.25,4501,4498.75,4500.5
1668169500,4500.5,4503,4500,4500.25
1668169800,4500,4505.5,4498.25,4505
1668170100,4504.75,4507.25,4504,4505.5
1668170400,4505.5,4505.5,4502.25,4503
1668170700,4503,4505.5,4501.75,4503
1668171000,4503,4506,4501.75,4504
1668171300,4504.25,4507,4503.5,4506
1668171600,4506.25,4507.5,4503.25,4506.75
1668171900,4507,4508.5,4506.25,4507.5
1668172200,4507.5,4508.5,4504.25,4504.75
1668172500,4505,4508.5,4504.25,4508.25
1668172800,4508.5,4509.25,4506,4506.75
1668173100,4506.75,4508.25,4504.25,4505.5
1668173400,4505.75,4506.25,4501.75,4503.75
1668173700,4504,4509.75,4503.5,4507.25
1668174000,4507,4507.25,4503,4505.5
1668174300,4505.5,4508.5,4505,4506.25
1668174600,4506,4508.25,4504.75,4508
1668174900,4508,4509.5,4506.5,4508.5
1668175200,4508.5,4509,4506,4506.25
1668175500,4506.5,4507.5,4505,4505
1668175800,4505.25,4505.25,4499.75,4500
1668176100,4499.75,4500.75,4495.75,4496.75
1668176400,4496.75,4497,4492.25,4492.25
1668176700,4492.5,4497.75,4492.5,4496.25
1668177000,4496.5,4499.25,4487,4488.75
1668177300,4488.75,4492.5,4480.75,4481.25
1668177600,4481.25,4485,4476.25,4482.75
1668177900,4482.75,4497.5,4482.75,4496.75
1668178200,4496.5,4502.25,4494.5,4495
1668178500,4495,4500.25,4490,4492.5
1668178800,4492,4501.25,4476.75,4493.5
1668179100,4493.5,4504.5,4485.5,4492.25
1668179400,4492.25,4508,4490.75,4504.75
1668179700,4504.75,4512,4504,4509.75
1668180000,4510,4516.5,4508.75,4510.25
1668180300,4510.5,4514.5,4507.5,4510.25
1668180600,4510.25,4513,4506,4507.5
1668180900,4507.5,4509,4499.25,4503.75
1668181200,4503.75,4506,4499.75,4506
1668181500,4505.75,4513,4504.5,4512.5
1668181800,4512.75,4514.5,4507,4507
1668182100,4507,4507.25,4502,4504
1668182400,4504,4512,4504,4510
1668182700,4509.75,4510.5,4494,4495.25
1668183000,4495.25,4496.75,4490.25,4492.75
1668183300,4492.5,4498.5,4488.5,4497.75
1668183600,4497.5,4498.75,4489.5,4492
1668183900,4492,4495.25,4484.25,4484.75
1668184200,4484.75,4489.25,4481,4485
1668184500,4484.75,4491.5,4484.5,4486.25
1668184800,4486.25,4494,4485,4491.5
1668185100,4491.25,4494.75,4486.25,4494.25
1668185400,4494.5,4497.5,4492,4493.25
1668185700,4493,4496.75,4490.5,4492.75
1668186000,4492.75,4493.5,4487.25,4493
1668186300,4493.25,4493.5,4488,4492.75
1668186600,4492.75,4501,4492.25,4499.75
1668186900,4500,4503.25,4499.25,4500.25
1668187200,4500.5,4501.5,4498,4500.5
1668187500,4500.75,4502,4498.75,4500.5
1668187800,4500.5,4504.75,4497,4498
1668188100,4498,4502,4496.75,4497.25
1668188400,4497,4499.25,4493.5,4498.75
1668188700,4499,4501.5,4497,4498.25
1668189000,4498.25,4501.5,4497.25,4501.25
1668189300,4501.25,4507.25,4501.25,4502.5
1668189600,4502.5,4508.75,4502.25,4507.5
1668189900,4507.25,4511,4506.25,4510.25
1668190200,4510.5,4514.5,4509.5,4509.75
1668190500,4509.75,4516,4509,4514.25
1668190800,4514.25,4517,4511.5,4516.25
1668191100,4516.25,4519,4514,4518.5
1668191400,4518.75,4522.75,4517.5,4521.75
1668191700,4521.75,4522.25,4513.5,4516.5
1668192000,4516.5,4519.75,4514,4517.75
1668192300,4517.75,4519.25,4514,4519
1668192600,4519,4523.75,4518.5,4522
1668192900,4522.25,4524.25,4520.25,4522.75
1668193200,4522.75,4524.5,4519.75,4524.5
1668193500,4524.25,4527.5,4522,4525
1668193800,4525,4526,4520.5,4523
1668194100,4523.25,4523.5,4517.75,4519.75
1668194400,4519.75,4526.75,4519.5,4526
1668194700,4526.25,4529.75,4524.25,4529
1668195000,4528.75,4531.75,4527.5,4530.75
1668195300,4530.75,4531.25,4528.5,4531.25
1668195600,4531.25,4533.5,4530.25,4532.75
1668195900,4532.75,4533.5,4529,4529.5
1668196200,4529.5,4532.75,4528,4531.75
1668196500,4532,4534.75,4529.5,4533.5
1668196800,4533.5,4534,4526,4526.75
1668197100,4526.75,4528.5,4519.75,4521.5
1668197400,4521.5,4522.25,4514.75,4517.75
1668197700,4517.5,4521.25,4514.25,4520.25
1668198000,4520.25,4524,4519.25,4520.75
1668198300,4520.75,4528.75,4520.25,4526.5
1668198600,4526.5,4530.5,4526,4526.25
1668198900,4526.25,4526.5,4520.25,4526.25
1668199200,4526.25,4529.5,4525.25,4529
1668199500,4529,4531.75,4527.75,4531.25
1668199800,4531.5,4535,4526.75,4530.5
1668200100,4530.25,4530.5,4522.75,4526
1668200400,4526.25,4528.25,4521,4524.25
1668200700,4524.25,4525.5,4523.25,4524.5
1668201000,4524.25,4526.25,4522.5,4525.75
1668201300,4525.75,4526.75,4525.75,4526.25
1668201600,4526.25,4526.75,4526,4526.25
1668201900,4526,4526.25,4525.5,4525.5
1668202200,4525.75,4525.75,4525,4525.5
1668202500,4525.25,4525.5,4524.25,4524.75
1668202800,4524.5,4526.25,4524.25,4525.25
1668203100,4525,4526.25,4524.25,4524.75
1668203400,4524.75,4525,4524,4524.5
1668203700,4524.25,4525.25,4523.5,4524.75
1668380400,4509.25,4514.25,4504.75,4513.75
1668380700,4513.75,4513.75,4508.75,4509.25
1668381000,4509.25,4510.75,4508.5,4509.5
1668381300,4509.5,4510.25,4509,4510
1668381600,4510.25,4514.25,4508.75,4513.75
1668381900,4514,4517,4513,4515.75
1668382200,4515.5,4516,4512,4512.75
1668382500,4512.5,4514.25,4510.5,4514
1668382800,4514,4517,4512.25,4513.25
1668383100,4513,4517.5,4513,4515.5
1668383400,4515.75,4518.25,4512.5,4517
1668383700,4516.75,4519,4515.5,4516.75
1668384000,4516.75,4520,4515.5,4518.75
1668384300,4518.75,4519,4514.5,4515
1668384600,4515.25,4516.25,4512.75,4513.5
1668384900,4513.75,4516,4512.5,4514
1668385200,4514.25,4517,4513,4515.25
1668385500,4515.25,4516,4511.5,4511.5
1668385800,4511.5,4512.25,4510.5,4511.25
1668386100,4511.25,4512.75,4510.5,4512
1668386400,4511.75,4512,4511,4511.25
1668386700,4511.25,4513.25,4511.25,4512
1668387000,4511.75,4513.75,4511.25,4512.25
1668387300,4512,4513.75,4510.5,4513.25
1668387600,4513.25,4515.75,4513,4515.5
1668387900,4515.25,4517,4515.25,4515.25
1668388200,4515.25,4516.5,4514.25,4514.75
1668388500,4515.25,4520.75,4515,4520.5
1668388800,4520.25,4521,4517,4517.25
1668389100,4517,4518,4514.75,4517.25
1668389400,4517,4518.25,4515,4517.25
1668389700,4517.5,4517.75,4513.75,4514.5
1668390000,4514.5,4515.25,4512.75,4514
1668390300,4514,4515,4513.25,4513.75
1668390600,4513.5,4514.25,4512.5,4513.25
1668390900,4513.25,4515,4511.75,4514
1668391200,4514.25,4515.25,4512.75,4513.75
1668391500,4513.75,4513.75,4509.75,4510.25
1668391800,4510.25,4511.75,4510,4510.5
1668392100,4510.75,4511.75,4510.25,4511.5
1668392400,4511.5,4512.75,4511,4512.5
1668392700,4512.5,4512.75,4511,4512.25
1668393000,4512.25,4513.5,4512.25,4512.75
1668393300,4512.75,4513.75,4511.75,4512.25
1668393600,4512.5,4513.5,4512.25,4513
1668393900,4512.75,4514.5,4512.75,4513.5
1668394200,4513.25,4515,4513,4514.75
1668394500,4514.75,4516.75,4514.5,4516
1668394800,4516,4517,4515.5,4515.75
1668395100,4515.75,4516.25,4513.5,4514.5
1668395400,4514.75,4516.75,4514,4516.75
1668395700,4516.75,4517,4515,4515.25
1668396000,4515.25,4517.25,4514.75,4516.75
1668396300,4517,4517.75,4515.75,4517.5
1668396600,4517.5,4517.5,4516,4517
1668396900,4517,4517.75,4516.75,4517.25
1668397200,4517.25,4517.75,4515.5,4516
1668397500,4516.25,4516.5,4515,4516.25
1668397800,4516.25,4517,4515.25,4515.75
1668398100,4515.75,4517.25,4515.5,4517.25
1668398400,4517.25,4517.25,4514.5,4514.75
1668398700,4514.75,4515.25,4513.5,4515
1668399000,4515.25,4515.75,4514,4514.25
1668399300,4514.25,4515.75,4512.25,4513
1668399600,4512.75,4513.5,4512,4512.75
1668399900,4513,4514,4512.25,4513
1668400200,4513.25,4514.25,4512.25,4512.75
1668400500,4512.75,4514.25,4512.5,4514.25
1668400800,4514.5,4514.5,4513.5,4514
1668401100,4514,4514.5,4513.5,4514.25
1668401400,4514,4515.25,4514,4515
1668401700,4515,4515,4514.25,4514.25
1668402000,4514.25,4515,4513.25,4514.25
1668402300,4514,4514.25,4512.5,4513.25
1668402600,4513,4514.5,4512.5,4514
1668402900,4514.25,4516,4514.25,4515.5
1668403200,4515.25,4515.5,4512.5,4513.25
1668403500,4513.25,4514,4511.25,4511.75
1668403800,4511.75,4512.75,4511.5,4512
1668404100,4511.75,4511.75,4509.75,4510.5
1668404400,4510.5,4511,4509.75,4510.25
1668404700,4510.25,4511.25,4510,4510.25
1668405000,4510.5,4511.5,4509.75,4510.5
1668405300,4510.25,4510.5,4507.5,4507.5
1668405600,4507.5,4509.75,4507.25,4508
1668405900,4508.25,4511,4507.5,4510
1668406200,4510,4510.75,4508.75,4509.25
1668406500,4509.5,4510.5,4508.5,4510.25
1668406800,4510.25,4510.25,4509,4510
1668407100,4510,4510.25,4508.75,4508.75
1668407400,4509,4509.75,4508.5,4509.25
1668407700,4509.25,4510,4508.75,4508.75
1668408000,4508.5,4511,4508.25,4511
1668408300,4510.75,4511.75,4510.5,4511
1668408600,4511,4513,4510.75,4512
1668408900,4512,4515,4512,4514.75
1668409200,4514.75,4516,4513.25,4515.25
1668409500,4515.5,4516.5,4514.25,4515
1668409800,4514.75,4517,4514,4517
1668410100,4517,4517.25,4515.5,4516.5
1668410400,4516,4518.5,4516,4518
1668410700,4517.75,4518,4514.75,4515.5
1668411000,4515.75,4517.25,4515,4517.25
1668411300,4517,4518.25,4516,4516.5
1668411600,4516.25,4516.5,4515,4515.5
1668411900,4515.75,4516.75,4514,4515.75
1668412200,4515.75,4515.75,4513.25,4514
1668412500,4514,4515,4512.5,4514.75
1668412800,4514.5,4518.75,4513.5,4518
1668413100,4518,4518.25,4512,4515
1668413400,4514.75,4520.5,4513.75,4520
1668413700,4520,4520.75,4517,4520.25
1668414000,4520,4521.75,4517.5,4517.75
1668414300,4517.75,4519.25,4513.5,4515.75
1668414600,4515.75,4518,4514,4514.75
1668414900,4514.5,4515.5,4512.25,4513.75
1668415200,4514,4517.75,4513.75,4517
1668415500,4517,4517.75,4516.5,4517.25
1668415800,4517,4519.25,4516.5,4518.5
1668416100,4518.75,4520.25,4516.5,4517.75
1668416400,4517.75,4518.25,4511,4511
1668416700,4511,4512.25,4508.5,4509
1668417000,4509,4510,4508.25,4508.75
1668417300,4508.75,4511,4506.25,4507.75
1668417600,4507.75,4508.25,4505.75,4505.75
1668417900,4506,4507.5,4503.25,4507
1668418200,4507,4508,4505.5,4506.5
1668418500,4506.75,4510.5,4505.75,4509
1668418800,4508.75,4512,4507.75,4511.5
1668419100,4511.25,4511.25,4506.75,4507.75
1668419400,4508,4509.75,4505.5,4509.5
1668419700,4509.25,4509.25,4504.25,4505
1668420000,4504.75,4506.75,4502.25,4504.5
1668420300,4504.5,4507.75,4504.25,4506.75
1668420600,4507,4510.75,4507,4509.75
1668420900,4509.5,4511,4508.25,4508.75
1668421200,4508.75,4510.25,4508.5,4509.25
1668421500,4509.5,4511.75,4509.5,4511.25
1668421800,4511.5,4511.5,4508.5,4509.25
1668422100,4509.25,4510.5,4506.75,4507.25
1668422400,4507,4509,4506,4507
1668422700,4507,4508.25,4505.75,4507.25
1668423000,4507.5,4508.5,4506.25,4506.5
1668423300,4506.75,4510.25,4506.5,4510
1668423600,4510,4510.25,4508,4508.25
1668423900,4508,4509.5,4506.75,4507.75
1668424200,4507.75,4509,4507.25,4507.75
1668424500,4507.5,4510.75,4507,4510.5
1668424800,4510.25,4511.25,4508,4508.25
1668425100,4508.5,4510.5,4508.25,4510
1668425400,4510,4513,4509,4512.25
1668425700,4512.25,4513.25,4512,4513
1668426000,4513,4514,4512.25,4512.75
1668426300,4513,4513.75,4510.75,4511.25
1668426600,4511.25,4512,4509.5,4509.5
1668426900,4509.5,4510.75,4508.5,4510
1668427200,4510,4511.25,4508.25,4509.25
1668427500,4509.25,4512.25,4508.75,4510.5
1668427800,4510.75,4512.5,4508.5,4511.75
1668428100,4511.75,4512.75,4510.5,4511.5
1668428400,4511.75,4514,4510.5,4513
1668428700,4513.25,4514.5,4512.5,4514
1668429000,4514,4514.75,4513,4514
1668429300,4514,4515.5,4512.5,4513
1668429600,4513,4516.5,4513,4515.25
1668429900,4515.25,4515.75,4513.5,4514.75
1668430200,4514.5,4515.5,4514,4514.75
1668430500,4514.75,4516.5,4514.25,4516.25
1668430800,4516,4516,4510.5,4512
1668431100,4511.75,4514.75,4511.5,4513.75
1668431400,4513.75,4516.75,4512.75,4516.25
1668431700,4516.25,4518.75,4514.25,4517.5
1668432000,4517.5,4519,4516.25,4516.75
1668432300,4516.5,4516.75,4513.5,4514.75
1668432600,4514.75,4517,4513.25,4516.75
1668432900,4516.75,4517.75,4515.25,4516.25
1668433200,4516,4517,4513.5,4514.25
1668433500,4514.25,4514.75,4512.5,4513
1668433800,4513,4514.25,4511.25,4512.75
1668434100,4512.75,4513,4509.25,4511.25
1668434400,4511,4516.5,4511,4516.25
1668434700,4516.5,4516.5,4514.25,4515
1668435000,4515,4516,4513.25,4513.5
1668435300,4513.5,4514,4510.5,4510.75
1668435600,4511,4511.75,4508.25,4510
1668435900,4509.75,4510.5,4504.5,4506.75
1668436200,4507,4516.75,4505,4510
1668436500,4510,4518.75,4508.25,4517.75
1668436800,4517.75,4519,4504,4507
1668437100,4507,4509,4499.75,4507
1668437400,4507.25,4512,4506,4509.5
1668437700,4509.25,4513.5,4506.5,4511.75
1668438000,4512,4520,4511.75,4516
1668438300,4516.25,4523,4513,4521
1668438600,4521,4525.75,4518.5,4523.75
1668438900,4523.75,4530.75,4523.75,4525.75
1668439200,4525.5,4529.25,4522.25,4522.5
1668439500,4522.75,4523.5,4516.25,4520
1668439800,4520,4526,4516.75,4523.75
1668440100,4524,4524,4519,4523
1668440400,4523.25,4528.25,4522.5,4524
1668440700,4524,4524.5,4520.75,4521.5
1668441000,4521.25,4525,4519.5,4524
1668441300,4523.75,4528.75,4522.5,4525.25
1668441600,4525.25,4527,4518,4520
1668441900,4520.25,4522.75,4517.25,4520.75
1668442200,4520.75,4521,4510,4511
1668442500,4511,4512.25,4504.25,4507
1668442800,4507,4511,4505.75,4508.75
1668443100,4508.5,4511.25,4507.5,4509
1668443400,4509,4521.75,4506.5,4521.75
1668443700,4521.75,4524.75,4519,4520.5
1668444000,4520.5,4523.25,4518.5,4520.75
1668444300,4521,4526,4520.5,4523.25
1668444600,4523,4524.75,4517,4519
1668444900,4519,4520.75,4516.5,4519.25
1668445200,4519.5,4527.5,4517,4525
1668445500,4524.75,4527,4523,4525.5
1668445800,4525.5,4527.5,4522.75,4525
1668446100,4525.25,4527.5,4521.5,4522
1668446400,4522.25,4522.25,4514.75,4521.25
1668446700,4521.25,4525.75,4519.75,4524.5
1668447000,4524.75,4530,4524,4528.75
1668447300,4528.75,4533.25,4527.75,4533
1668447600,4532.75,4533,4529,4530.25
1668447900,4530,4532.75,4528.5,4531.25
1668448200,4531,4532,4529,4529.75
1668448500,4529.75,4530.75,4524.5,4527
1668448800,4527.25,4529.5,4524.5,4528.5
1668449100,4528.5,4530.75,4526.25,4528.25
1668449400,4528.5,4532.75,4528.5,4532
1668449700,4532,4534.75,4530.75,4534.25
1668450000,4534.25,4537.75,4533.75,4537
1668450300,4537,4541.75,4536.25,4540.5
1668450600,4540.75,4540.75,4537.5,4540.25
1668450900,4540.5,4542.5,4538.25,4540.75
1668451200,4540.5,4540.75,4538,4539.75
1668451500,4540,4540,4537.25,4539.5
1668451800,4539.5,4542.75,4538.75,4541.5
1668452100,4541.5,4542.5,4540.25,4542
1668452400,4542,4542.75,4538.5,4539.5
1668452700,4539.5,4540,4535.5,4537.5
1668453000,4537.5,4538.25,4535.5,4538.25
1668453300,4538.25,4538.75,4533,4536.25
1668453600,4536.25,4536.5,4533.5,4535.25
1668453900,4535.25,4538.5,4533.75,4538.25
1668454200,4538.25,4539.5,4534,4534.75
1668454500,4534.75,4536.5,4531.75,4532
1668454800,4532,4534,4529.5,4531.75
1668455100,4531.75,4532.5,4526,4527.75
1668455400,4527.75,4530.75,4526.75,4528.25
1668455700,4528.25,4530.5,4527.25,4528.25
1668456000,4528.5,4533.75,4528,4533.5
1668456300,4533.5,4535.75,4528.5,4529
1668456600,4529,4529.75,4517.25,4518
1668456900,4518,4519.5,4515.25,4518.75
1668457200,4519,4522,4518,4521.25
1668457500,4521.25,4522.75,4518.75,4519
1668457800,4519.25,4520,4512.75,4513
1668458100,4512.75,4517.75,4512.25,4515.75
1668458400,4516,4517.5,4510.25,4511
1668458700,4511.25,4512.25,4505.25,4506
1668459000,4506,4508.25,4498.75,4499.25
1668459300,4499.25,4499.25,4489.25,4492.75
1668459600,4493,4498.25,4492,4495.5
1668459900,4495.25,4498.75,4495.25,4497.25
1668460200,4497,4501.25,4497,4501
1668460500,4501,4501,4496,4496.5
1668460800,4496.5,4497,4495.75,4496.5
1668461100,4496.25,4496.25,4495.5,4495.75
1668461400,4496,4496.75,4494.5,4496.25
1668461700,4496,4496.5,4495.5,4496.25
1668462000,4496.25,4498.75,4496.25,4498.75
1668462300,4498.75,4499.75,4497.5,4498.25
1668462600,4498.25,4499,4497,4498.5
1668462900,4498.5,4500.5,4498.25,4500.25
1668466800,4500,4502.25,4499.5,4500.25
1668467100,4500,4501.5,4499.75,4500.75
1668467400,4501,4501.75,4500.5,4501.25
1668467700,4501.25,4502.25,4501,4501.25
1668468000,4501.5,4502.25,4501,4501.75
1668468300,4502,4502,4500.5,4501.75
1668468600,4501.5,4502.5,4501.5,4502.25
1668468900,4502.25,4503,4502,4503
1668469200,4503,4503.75,4502.5,4503
1668469500,4503,4503.25,4500,4500.25
1668469800,4500.25,4501.25,4499.5,4499.75
1668470100,4499.75,4500.25,4499,4499.25
1668470400,4499.25,4501.75,4497.5,4501.75
1668470700,4501.75,4501.75,4499.25,4499.75
1668471000,4499.75,4501.5,4499,4500
1668471300,4499.75,4500.5,4498.75,4499.5
1668471600,4499.5,4501.25,4499,4501
1668471900,4501,4501,4499.25,4499.5
1668472200,4499.75,4501,4499.25,4500.5
1668472500,4500.75,4501,4498.75,4500.25
1668472800,4500.5,4501.25,4499.75,4500
1668473100,4499.75,4500.75,4498.25,4498.75
1668473400,4498.75,4500.25,4498.75,4499.25
1668473700,4499.25,4499.75,4497,4497.75
1668474000,4497.75,4499,4497,4499
1668474300,4499,4499,4497.25,4498.5
1668474600,4498.25,4500,4498.25,4499.75
1668474900,4499.75,4503.25,4499,4501.75
1668475200,4501.75,4503.25,4501.5,4502.75
1668475500,4502.75,4503.25,4501.5,4502.25
1668475800,4502.25,4502.5,4498.75,4500.5
1668476100,4500.25,4502.75,4499.75,4502.25
1668476400,4502.5,4503.25,4501.5,4501.75
1668476700,4501.75,4503,4500.75,4502.25
1668477000,4502.25,4504.75,4502.25,4504.75
1668477300,4504.5,4505.5,4502.75,4503.25
1668477600,4503.5,4504.25,4502,4503.75
1668477900,4503.75,4504.75,4502.5,4503
1668478200,4502.75,4504.75,4502.25,4504.75
1668478500,4504.5,4506.5,4504.25,4506.25
1668478800,4506,4506.75,4505,4506.25
1668479100,4506.5,4507,4505.25,4505.5
1668479400,4505.5,4506.25,4504.75,4505.25
1668479700,4505.25,4506.75,4505,4506.75
1668480000,4506.5,4507.25,4506.25,4506.5
1668480300,4506.75,4506.75,4504.25,4505
1668480600,4505,4507.75,4505,4507.25
1668480900,4507.25,4508,4506.75,4508
1668481200,4508.25,4508.5,4507.25,4507.75
1668481500,4507.75,4508.75,4507.75,4508.5
1668481800,4508.5,4509.75,4507.5,4507.5
1668482100,4507.5,4509.25,4507.25,4508.5
1668482400,4509,4509,4507,4508
1668482700,4508.25,4509.25,4507.5,4508
1668483000,4508,4509,4507.25,4508.75
1668483300,4508.75,4509.75,4508.5,4509.5
1668483600,4509.5,4509.75,4508.75,4508.75
1668483900,4509,4510,4508.75,4509.75
1668484200,4509.75,4510.75,4509,4509.5
1668484500,4509.75,4510,4509,4509.5
1668484800,4509.25,4509.75,4508,4509
1668485100,4509,4509.5,4508.5,4509
1668485400,4508.75,4509,4507.75,4508
1668485700,4508,4508.5,4507.75,4508.25
1668486000,4508,4508.25,4507.5,4507.5
1668486300,4507.75,4508.25,4507.25,4507.75
1668486600,4508,4508.5,4507.5,4508.25
1668486900,4508.25,4509,4508,4508.75
1668487200,4508.75,4509.25,4508,4508
1668487500,4508.25,4508.5,4507.5,4507.5
1668487800,4507.75,4508.25,4507.5,4508
1668488100,4508,4508,4507.25,4507.75
1668488400,4507.75,4509.25,4507,4508.5
1668488700,4508.5,4510.75,4508,4510.75
1668489000,4510.75,4512.75,4510.25,4511.25
1668489300,4511.25,4511.5,4510.25,4510.75
1668489600,4510.5,4511,4509.75,4510.75
1668489900,4510.75,4511,4510,4510.25
1668490200,4510.5,4510.75,4509,4509.5
1668490500,4509.5,4510,4508.75,4510
1668490800,4509.75,4510.5,4509.5,4510.25
1668491100,4510.25,4510.5,4509.5,4510.25
1668491400,4510.25,4510.25,4509.25,4510
1668491700,4509.75,4510,4509.25,4509.75
1668492000,4509.5,4511.75,4509.25,4510.5
1668492300,4510.25,4511.75,4510,4511.25
1668492600,4511.25,4513,4510.5,4512
1668492900,4512.25,4512.5,4510.5,4510.5
1668493200,4510.75,4511.25,4510.25,4510.75
1668493500,4510.75,4512,4510.5,4511.75
1668493800,4511.75,4512.25,4511.25,4512
1668494100,4512,4512,4511,4511.5
1668494400,4511.25,4511.25,4510.5,4511
1668494700,4511,4511.25,4509.75,4511.25
1668495000,4511.25,4513,4511.25,4512.75
1668495300,4512.5,4513.75,4512.25,4513.25
1668495600,4513.25,4514,4512.5,4513.25
1668495900,4513.5,4514.75,4513,4514.5
1668496200,4514.5,4517.5,4514,4515
1668496500,4515,4516.75,4514.75,4516.5
1668496800,4516.5,4519.5,4516.5,4519.25
1668497100,4519,4519.25,4517,4517.75
1668497400,4517.75,4518.5,4516.5,4517.25
1668497700,4517,4518.5,4516.25,4518
1668498000,4518,4519.75,4518,4519.5
1668498300,4519.5,4522,4518,4518.5
1668498600,4518.5,4519.25,4515.5,4515.75
1668498900,4515.5,4517.25,4515,4516
1668499200,4516,4517.75,4514.75,4516.75
1668499500,4517,4518.5,4514,4515
1668499800,4515,4517.5,4514.5,4515.75
1668500100,4516,4517.5,4514.75,4517
1668500400,4516.75,4518.25,4514.25,4514.5
1668500700,4514.5,4517.25,4513.75,4514
1668501000,4514.25,4515.75,4513.5,4514
1668501300,4514,4515.25,4511.25,4513.75
1668501600,4513.75,4515,4512.5,4513.75
1668501900,4513.75,4516,4513.5,4514
1668502200,4514.25,4516.75,4512.75,4516.25
1668502500,4516.5,4519,4516.5,4517
1668502800,4517,4519.5,4516.5,4519.5
1668503100,4519.5,4519.75,4515.25,4516.25
1668503400,4516.25,4517.25,4515,4517.25
1668503700,4517.5,4517.75,4514,4515.75
1668504000,4515.75,4516.75,4514,4514.75
1668504300,4515,4516,4513.5,4516
1668504600,4516,4516.5,4514.75,4516.5
1668504900,4516.5,4516.5,4513.75,4514.5
1668505200,4514.25,4517,4513.5,4516.5
1668505500,4516.5,4517.5,4515,4515.5
1668505800,4515.75,4518.25,4515.25,4517.25
1668506100,4517.25,4518.75,4516.75,4517.25
1668506400,4517.25,4522.25,4517,4521.5
1668506700,4521.5,4522,4520.25,4521.25
1668507000,4521.25,4524.75,4520.5,4524.5
1668507300,4524.5,4524.75,4521.75,4521.75
1668507600,4521.75,4522.5,4519.5,4519.5
1668507900,4519.75,4520.5,4518.5,4519
1668508200,4518.75,4520,4518,4519.5
1668508500,4519.75,4520.75,4517.25,4519.25
1668508800,4519,4519.75,4518,4519.5
1668509100,4519.25,4520.5,4518.75,4519
1668509400,4519,4519.75,4517.75,4518.5
1668509700,4518.75,4520,4518,4519.25
1668510000,4519.25,4524,4519.25,4521.25
1668510300,4521.5,4522.75,4520.25,4522
1668510600,4521.75,4522.75,4519.5,4519.5
1668510900,4519.5,4520.25,4517.5,4518.25
1668511200,4518.25,4519.25,4517,4517.25
1668511500,4517.25,4519.5,4517,4519
1668511800,4519,4519.75,4517.25,4517.5
1668512100,4517.75,4519,4515.5,4516
1668512400,4516,4517,4515.25,4516.25
1668512700,4516,4518.5,4515.75,4518
1668513000,4518,4518.75,4517.25,4518.25
1668513300,4518.25,4521.25,4518,4521
1668513600,4521.25,4521.5,4516.75,4517.75
1668513900,4517.75,4522.5,4517.5,4521
1668514200,4521,4522.75,4520.75,4521
1668514500,4520.75,4523.75,4518.75,4523.75
1668514800,4523.5,4528.75,4523,4527.75
1668515100,4527.75,4531.25,4527,4529.5
1668515400,4529.25,4531,4529.25,4530.5
1668515700,4530.5,4532,4530.25,4530.25
1668516000,4530.25,4531.75,4529.5,4530.75
1668516300,4530.5,4532.25,4530.25,4531.5
1668516600,4531.25,4531.75,4529.25,4530
1668516900,4530,4531.75,4529.25,4530.75
1668517200,4530.75,4533,4529.75,4530.75
1668517500,4530.75,4536.75,4530.5,4536.25
1668517800,4536.5,4537.75,4535.5,4536.25
1668518100,4536.25,4537.5,4535,4535
1668518400,4535.25,4535.25,4530.25,4530.75
1668518700,4530.5,4534.5,4530.5,4533.75
1668519000,4533.25,4576,4533.25,4569
1668519300,4569,4572.25,4566,4567
1668519600,4567.25,4568.25,4561.5,4562.25
1668519900,4562,4565.75,4558,4565
1668520200,4564.75,4566.75,4557.25,4562.75
1668520500,4562.5,4565.25,4559.5,4565
1668520800,4565,4566,4558.5,4559.25
1668521100,4559.25,4561.5,4557.75,4560.75
1668521400,4560.75,4563,4554.5,4555.5
1668521700,4555.5,4557,4553.25,4553.75
1668522000,4554,4556.25,4552,4554.5
1668522300,4554.5,4554.75,4550.25,4552
1668522600,4552,4564,4551.5,4555.5
1668522900,4555.75,4564,4553.75,4555.75
1668523200,4556,4560,4550.25,4551.5
1668523500,4551.25,4553,4540.25,4544.75
1668523800,4544.75,4549.5,4544,4544
1668524100,4544.25,4558.25,4544.25,4557
1668524400,4557,4562.75,4556.25,4559
1668524700,4559,4560.75,4548.5,4549.5
1668525000,4549.75,4553.75,4546.5,4549
1668525300,4549.25,4552.75,4544.25,4545.75
1668525600,4545.5,4554.5,4543,4554
1668525900,4554.25,4559,4554,4556.75
1668526200,4556.75,4560,4553.5,4559
1668526500,4558.75,4559.75,4550,4552.5
1668526800,4552.5,4557,4549.25,4555
1668527100,4554.75,4558.25,4543,4544.5
1668527400,4544.5,4548,4538.75,4547.75
1668527700,4548,4551.75,4543.25,4543.25
1668528000,4543.25,4544.25,4534.25,4540.5
1668528300,4540.75,4548,4538.25,4542.5
1668528600,4542.25,4547.5,4540.5,4547
1668528900,4547,4549,4539,4542.25
1668529200,4542.25,4548.75,4542,4543.5
1668529500,4543.25,4546.25,4540.25,4542.5
1668529800,4542.75,4556.5,4542.5,4556.5
1668530100,4556.5,4556.5,4548.25,4552
1668530400,4552,4555.25,4548.25,4549.75
1668530700,4550,4552.25,4546.5,4549.75
1668531000,4549.5,4551.5,4547.25,4550.5
1668531300,4550.25,4553.5,4548.25,4552.75
1668531600,4552.75,4554,4541.25,4545.5
1668531900,4545.75,4547.75,4542,4547
1668532200,4546.75,4551.75,4544,4546
1668532500,4546,4546.75,4543.25,4544
1668532800,4543.75,4546.25,4541,4543.75
1668533100,4544,4544.5,4540,4540.5
1668533400,4540.5,4546,4538.25,4543.5
1668533700,4543.25,4545.25,4541.5,4543.25
1668534000,4543,4544.5,4536.75,4539
1668534300,4538.75,4542.5,4534.75,4542.25
1668534600,4542,4542.5,4538.25,4538.5
1668534900,4538.5,4540.75,4535.25,4540.5
1668535200,4540.5,4543.75,4539,4542.5
1668535500,4542.5,4542.75,4538,4538.75
1668535800,4539,4539.75,4535.25,4537.5
1668536100,4537.25,4537.5,4522.75,4523
1668536400,4523,4524,4506,4515.25
1668536700,4515.25,4519,4499.5,4503.5
1668537000,4503.75,4511.25,4496,4496.75
1668537300,4496.75,4506.25,4488.5,4494.75
1668537600,4494.75,4511.25,4485.25,4505.5
1668537900,4505.25,4514,4496.75,4497
1668538200,4497,4509.25,4496.75,4508
1668538500,4507.75,4514.75,4503.5,4504.75
1668538800,4504.75,4509,4489.25,4490
1668539100,4490,4505.75,4489.5,4505.25
1668539400,4505.25,4524.75,4504.25,4513.5
1668539700,4513.25,4522,4508.5,4518.5
1668540000,4518.25,4530.25,4517.75,4527.75
1668540300,4527.5,4530,4517.5,4523.75
1668540600,4524,4526.25,4517,4518
1668540900,4517.75,4527,4515.25,4519.25
1668541200,4519.5,4526.25,4517.75,4519.5
1668541500,4519.75,4524.25,4513.25,4514.75
1668541800,4515,4519.5,4512.75,4518
1668542100,4518,4532,4516.25,4527.25
1668542400,4527.5,4534.5,4525.25,4531.5
1668542700,4531.5,4531.5,4522.75,4526
1668543000,4526.25,4528.75,4521.5,4525
1668543300,4525,4533.25,4524.75,4531.25
1668543600,4531.25,4536,4528.25,4533.5
1668543900,4533.75,4534.25,4528,4529.5
1668544200,4529.75,4530,4518.5,4519.25
1668544500,4519,4531.5,4519,4530.25
1668544800,4530.25,4533.25,4527.5,4531.5
1668545100,4531.5,4531.5,4523.75,4524.75
1668545400,4524.75,4526.25,4514.5,4519
1668545700,4518.75,4526.5,4518.25,4526.25
1668546000,4526,4531.25,4524.75,4529
1668546300,4529,4530,4527,4527.5
1668546600,4527.75,4527.75,4518.25,4522.25
1668546900,4522,4525.5,4521.75,4524.75
1668547200,4524.75,4526.25,4520.5,4522.75
1668547500,4522.75,4523.5,4520.75,4520.75
1668547800,4520.75,4521.5,4520.25,4521
1668548100,4520.75,4521,4519,4519.25
1668548400,4519.25,4519.25,4517.5,4517.75
1668548700,4517.5,4518.75,4516.75,4517.75
1668549000,4517.5,4520,4517.5,4519.75
1668549300,4519.75,4520.75,4519,4520
1668553200,4517.25,4519.25,4509,4511.25
1668553500,4511.25,4513.25,4510.5,4512.5
1668553800,4512.5,4517,4512.5,4515.75
1668554100,4516,4518,4515.5,4517.5
1668554400,4517.5,4518.5,4515,4516.25
1668554700,4516.5,4516.75,4514.75,4514.75
1668555000,4515,4516.25,4514.5,4516.25
1668555300,4516,4517,4515.5,4516.25
1668555600,4516.25,4518.25,4516.25,4517.75
1668555900,4517.75,4521.25,4515.75,4520.25
1668556200,4520.25,4521,4518.25,4520.25
1668556500,4520.25,4521.5,4519.5,4521.25
1668556800,4521,4522,4517.75,4518.75
1668557100,4518.5,4518.5,4516,4516
1668557400,4516,4517,4514,4514
1668557700,4514,4514,4512.25,4513.25
1668558000,4513.25,4514,4509.75,4510.5
1668558300,4510.25,4511.5,4509,4510
1668558600,4510,4510,4506.75,4508.5
1668558900,4508.5,4513,4508,4512.25
1668559200,4512.5,4512.75,4510,4510.75
1668559500,4510.75,4515.25,4509.5,4510.5
1668559800,4510.75,4511.25,4506.5,4509
1668560100,4508.75,4509.25,4506.25,4506.5
1668560400,4506.5,4508.75,4506,4508.5
1668560700,4508.75,4509.75,4507.25,4508.75
1668561000,4508.75,4510.25,4507.75,4509
1668561300,4509,4511.5,4507.25,4508.75
1668561600,4509,4510.25,4506,4510.25
1668561900,4510.25,4511,4508.25,4509
1668562200,4509,4511.25,4505.75,4511
1668562500,4510.75,4513.75,4510,4513
1668562800,4513,4514.25,4510.75,4511
1668563100,4511,4511.75,4509.5,4509.5
1668563400,4509.75,4511.25,4509,4509
1668563700,4509,4515.25,4509,4514.5
1668564000,4514.5,4518.5,4513,4515
1668564300,4515.25,4517,4514,4515.75
1668564600,4515.75,4518.5,4515.75,4518
1668564900,4518,4519.75,4516,4518.25
1668565200,4518.25,4519.5,4518,4519.25
1668565500,4519.25,4521,4518,4520.5
1668565800,4520.25,4521.5,4518.75,4520.5
1668566100,4520.5,4523.25,4520.25,4522
1668566400,4522,4524.25,4521.25,4523
1668566700,4522.75,4523.5,4521.25,4521.25
1668567000,4521.5,4521.5,4519.25,4521
1668567300,4520.75,4523.75,4520.25,4521
1668567600,4521,4522.25,4520.5,4520.75
1668567900,4520.75,4521,4517.5,4519.25
1668568200,4519.5,4520.75,4518.75,4519.5
1668568500,4519.5,4519.5,4518.25,4518.5
1668568800,4518.25,4518.75,4517.5,4517.75
1668569100,4518,4519.5,4517.25,4518.75
1668569400,4518.75,4519.25,4517.5,4519.25
1668569700,4519.25,4522,4519,4521.75
1668570000,4521.75,4522.5,4521.25,4522.25
1668570300,4522.25,4524.5,4522.25,4522.75
1668570600,4523,4523.5,4522,4522.75
1668570900,4522.75,4523,4520,4520.75
1668571200,4520.75,4520.75,4519,4519.75
1668571500,4519.5,4520.5,4518.5,4518.75
1668571800,4518.75,4518.75,4514.25,4514.75
1668572100,4515,4516.5,4514.5,4516
1668572400,4516,4517,4515.5,4515.5
1668572700,4515.75,4517,4515.25,4516.5
1668573000,4516.75,4516.75,4514.5,4514.5
1668573300,4514.5,4516.25,4514.25,4515.5
1668573600,4515.5,4516.75,4514.75,4516.25
1668573900,4516.25,4517.25,4515,4515.75
1668574200,4515.75,4516.75,4515.5,4516
1668574500,4515.75,4515.75,4513.5,4514.5
1668574800,4514.75,4514.75,4512.5,4513
1668575100,4512.75,4520.75,4512.25,4519.75
1668575400,4519.75,4524.5,4519.75,4523.25
1668575700,4523,4528,4522.5,4526.5
1668576000,4526.75,4529.25,4525.25,4527.25
1668576300,4527.25,4528.75,4525.75,4526.75
1668576600,4526.75,4528.25,4526.25,4526.25
1668576900,4526.25,4526.5,4524.75,4525
1668577200,4525,4526.25,4524.5,4525.25
1668577500,4525,4527.25,4523.75,4527
1668577800,4527,4529.25,4525.5,4528.25
1668578100,4528.25,4531.75,4526.5,4530
1668578400,4530,4533,4529.75,4529.75
1668578700,4529.75,4530.5,4528.75,4529
1668579000,4529,4529,4524.75,4525.75
1668579300,4526,4527,4525.75,4526.5
1668579600,4526.25,4527,4525.5,4527
1668579900,4527.25,4531.25,4527,4530.75
1668580200,4530.75,4531.75,4529.75,4529.75
1668580500,4530.25,4530.25,4527.5,4528
1668580800,4527.75,4531.25,4527.75,4530.75
1668581100,4530.75,4532,4529.25,4529.5
1668581400,4529.5,4530.75,4528.75,4530.75
1668581700,4531,4532.75,4530.5,4532.25
1668582000,4532.5,4534,4528.5,4533
1668582300,4533,4533.75,4529.5,4531.5
1668582600,4531.5,4532,4528.75,4529
1668582900,4529.25,4531,4526.25,4530.5
1668583200,4530.5,4532.75,4529.5,4532
1668583500,4532.25,4534,4530.5,4531
1668583800,4531,4531,4527.25,4530.5
1668584100,4530.5,4532,4529.25,4531.5
1668584400,4531.75,4533.5,4531.25,4532.5
1668584700,4532.5,4533.75,4531,4532.5
1668585000,4532.5,4537,4532.5,4536.75
1668585300,4536.75,4541,4536.75,4537.75
1668585600,4538,4539.75,4535.25,4538.5
1668585900,4538.25,4540.5,4536.75,4539.5
1668586200,4539.25,4539.75,4536.25,4537.75
1668586500,4537.5,4539.25,4535.75,4538.5
1668586800,4538.5,4539.25,4535.25,4535.75
1668587100,4535.5,4537,4535.25,4536
1668587400,4535.75,4537.5,4533.5,4533.75
1668587700,4533.5,4534,4530.5,4530.5
1668588000,4530.5,4533.25,4530.5,4533
1668588300,4532.75,4535.5,4532.5,4535
1668588600,4534.75,4535.25,4532,4533.25
1668588900,4533,4534,4531.25,4532.25
1668589200,4532.5,4533.5,4529.75,4529.75
1668589500,4530.25,4530.25,4527.5,4529.5
1668589800,4529.25,4530.75,4528.25,4530
1668590100,4530,4531.5,4529.25,4531
1668590400,4531,4533.75,4530.25,4532.25
1668590700,4532,4533.25,4528.5,4529.5
1668591000,4529.25,4530,4527,4529.5
1668591300,4529.25,4531.75,4529,4531.75
1668591600,4531.75,4533.75,4531.75,4532
1668591900,4532,4535,4531.5,4534.5
1668592200,4534.75,4535.25,4532.25,4533.75
1668592500,4533.5,4535,4532,4533
1668592800,4533.25,4536,4532.75,4535.75
1668593100,4535.5,4537,4535.5,4536.5
1668593400,4536.5,4539.75,4536.5,4538.75
1668593700,4538.5,4540.5,4537.75,4539.5
1668594000,4539.75,4540.25,4538.25,4538.25
1668594300,4538.25,4539,4537,4537.25
1668594600,4537.25,4540.5,4534,4534.25
1668594900,4534,4534.25,4531,4532
1668595200,4532,4533,4530.5,4531.25
1668595500,4531.25,4532.5,4530.25,4531.5
1668595800,4531.25,4533,4530.75,4531
1668596100,4531,4531.25,4529.5,4530.75
1668596400,4530.75,4532.25,4529.25,4529.5
1668596700,4529.25,4529.25,4523.25,4524.25
1668597000,4524,4526.25,4522.75,4524.5
1668597300,4524.75,4527.5,4524.75,4526.25
1668597600,4526.25,4530.25,4526.25,4528.75
1668597900,4528.75,4530.75,4528,4530.5
1668598200,4530.5,4530.5,4520.75,4524
1668598500,4524,4526.75,4521.25,4522.75
1668598800,4523,4524.25,4521.25,4523.75
1668599100,4523.75,4526.25,4523.25,4526.25
1668599400,4526,4526.5,4521.75,4522.5
1668599700,4522.75,4524.75,4522.25,4524
1668600000,4523.75,4523.75,4521.5,4523.25
1668600300,4523,4523,4519.25,4519.25
1668600600,4519.25,4522.25,4518.5,4521.5
1668600900,4521.5,4523.5,4520.25,4523.25
1668601200,4523.25,4526.25,4523,4524.25
1668601500,4524.5,4524.75,4522,4523.25
1668601800,4523,4526.5,4521.75,4525.5
1668602100,4525.5,4525.75,4522.5,4524.5
1668602400,4524.75,4526.25,4523.25,4525.75
1668602700,4525.75,4526.25,4523.5,4523.75
1668603000,4523.5,4523.75,4521.25,4522.75
1668603300,4522.75,4527,4522.5,4526.25
1668603600,4526.25,4526.5,4521.25,4522.5
1668603900,4522.5,4523.25,4520.5,4522.75
1668604200,4522.75,4523,4519.5,4520.25
1668604500,4520.25,4521.5,4518.5,4520
1668604800,4520,4522.75,4520,4521
1668605100,4521,4522.25,4519.5,4521.25
1668605400,4521.25,4524.75,4508,4516
1668605700,4516,4522.25,4515,4517
1668606000,4517,4521.5,4517,4520.5
1668606300,4520.75,4528,4520,4522.75
1668606600,4522.75,4523,4513,4514.25
1668606900,4514.25,4516,4509.25,4510
1668607200,4510.25,4514.75,4510,4511.75
1668607500,4511.75,4515.25,4510.5,4514.75
1668607800,4514.75,4516.75,4512,4514.75
1668608100,4515,4516,4511,4511.5
1668608400,4511.5,4513.5,4506.75,4509.5
1668608700,4509.5,4509.5,4505.25,4508.25
1668609000,4508.25,4518,4504.5,4516.5
1668609300,4516.5,4517,4509,4513.25
1668609600,4513.25,4514,4507.75,4510
1668609900,4510.25,4515.75,4500.75,4502
1668610200,4501.75,4505.75,4498.75,4501
1668610500,4500.75,4505,4497.25,4503.25
1668610800,4503.25,4509,4502,4504
1668611100,4504,4508.5,4499,4502.25
1668611400,4502,4510.5,4501.5,4503.5
1668611700,4503.25,4504.25,4497.75,4499.75
1668612000,4499.75,4506,4499.25,4503.75
1668612300,4503.5,4508,4501.5,4503.25
1668612600,4503.25,4512,4501,4509
1668612900,4508.75,4509.5,4503,4504.25
1668613200,4504.25,4507.75,4502.25,4502.5
1668613500,4502.25,4504.75,4498.25,4501.25
1668613800,4501.25,4502.5,4491.5,4493
1668614100,4493,4496,4491.75,4495
1668614400,4495,4499.25,4493.75,4498.25
1668614700,4498,4500.5,4496,4497
1668615000,4496.75,4500.75,4494.5,4499.25
1668615300,4499.25,4502.25,4497.25,4501.5
1668615600,4501.75,4504.25,4499.75,4502.75
1668615900,4502.75,4506.5,4501.25,4504
1668616200,4504,4508.25,4502.5,4503
1668616500,4503,4503.5,4499.75,4501.5
1668616800,4501.5,4505.5,4501,4503.25
1668617100,4503,4507,4503,4504.75
1668617400,4504.75,4507.25,4502.25,4504.5
1668617700,4504.25,4509.5,4503.75,4505
1668618000,4505,4505.75,4500.25,4501.5
1668618300,4501.5,4506.5,4499.25,4505.25
1668618600,4505,4505.75,4501.25,4501.25
1668618900,4501.5,4503,4498.75,4500.5
1668619200,4500.25,4502.25,4496.75,4500.25
1668619500,4500,4504,4499.5,4502.75
1668619800,4502.75,4504.75,4500.25,4503.75
1668620100,4503.75,4507,4503.5,4504.75
1668620400,4504.75,4511,4503.75,4510
1668620700,4510,4516.5,4509.5,4511.75
1668621000,4511.75,4516,4507.25,4508.75
1668621300,4509,4509.75,4506,4506.75
1668621600,4506.75,4507.25,4501.75,4505.5
1668621900,4505.25,4506.25,4503,4505.75
1668622200,4506,4508.75,4504.5,4505.75
1668622500,4505.75,4507.25,4502.75,4502.75
1668622800,4502.75,4506.5,4502,4504
1668623100,4504.25,4506.75,4502.25,4503.5
1668623400,4503.5,4505.25,4494,4495
1668623700,4494.75,4497.75,4493.75,4497
1668624000,4497.25,4499.5,4496,4497.75
1668624300,4497.75,4499,4495,4495.5
1668624600,4495.5,4497,4493.75,4495
1668624900,4495,4496.25,4490.75,4492.25
1668625200,4492.25,4496.5,4490.75,4495.5
1668625500,4495.5,4497,4492.75,4496.5
1668625800,4496.5,4497,4493.75,4495
1668626100,4495,4496.5,4492,4494.75
1668626400,4494.75,4498,4494,4497
1668626700,4497.25,4499.75,4496,4497.5
1668627000,4497.5,4497.75,4488.75,4491.25
1668627300,4491.5,4501.75,4490.5,4497.5
1668627600,4497.5,4500.25,4495.5,4496.5
1668627900,4496.25,4498,4494,4495
1668628200,4495.25,4500.75,4494.5,4498.75
1668628500,4499,4501.75,4497.5,4501.25
1668628800,4501.25,4502.25,4495.5,4496.75
1668629100,4496.75,4498.5,4488,4489.75
1668629400,4490,4492.75,4489.25,4491.75
1668629700,4491.75,4493.25,4487.25,4489.5
1668630000,4489.5,4493.25,4489,4492.5
1668630300,4492.5,4495.5,4491.75,4492.25
1668630600,4492.5,4495.75,4488.75,4489
1668630900,4489,4492.5,4488.75,4491.5
1668631200,4491.5,4497.75,4489,4497.75
1668631500,4497.5,4497.5,4494.25,4496.75
1668631800,4496.5,4501.75,4496.5,4499.75
1668632100,4499.5,4499.75,4491.5,4494.75
1668632400,4495,4497.5,4493.25,4497.5
1668632700,4497.25,4499,4495.5,4498.25
1668633000,4498.25,4504.25,4497.5,4504
1668633300,4503.75,4504.25,4500,4500.25
1668633600,4500.25,4507.25,4497.75,4504.75
1668633900,4505,4505.5,4502.5,4503
1668634200,4502.75,4503,4499.25,4500.5
1668634500,4500.75,4501.25,4499.5,4500
1668634800,4500,4501,4498.25,4499.5
1668635100,4499,4500.5,4498.25,4499.5
1668635400,4499.75,4501.75,4499,4500
1668635700,4500,4500.5,4498,4499.25
1668639600,4502.5,4504.25,4500.5,4501.5
1668639900,4501.75,4503,4501.25,4501.75
1668640200,4501.75,4502.75,4500.5,4501
1668640500,4501,4501.5,4500,4501
1668640800,4501.25,4501.75,4500,4500.5
1668641100,4500.5,4501.25,4500,4501.25
1668641400,4501.25,4501.5,4500.5,4500.75
1668641700,4501,4501.25,4500.25,4501.25
1668642000,4501.5,4502.25,4501.25,4501.5
1668642300,4501.5,4502.25,4500.5,4501.5
1668642600,4501.5,4502.25,4500.5,4501.25
1668642900,4501.25,4502.25,4501,4502.25
1668643200,4502.25,4503.75,4501.75,4503
1668643500,4503,4504.25,4502.75,4504
1668643800,4504,4504,4503.25,4503.5
1668644100,4503.25,4503.5,4500.5,4501.5
1668644400,4501.75,4502.75,4501.5,4502
1668644700,4502,4503.5,4501.5,4502.75
1668645000,4502.75,4503,4501,4501.75
1668645300,4501.75,4502.25,4501.5,4501.5
1668645600,4501.5,4501.75,4499.5,4499.5
1668645900,4499.75,4502,4499.75,4501.75
1668646200,4501.75,4502.5,4501.25,4501.5
1668646500,4501.5,4503.75,4501.5,4503.25
1668646800,4503.25,4504.25,4502,4503
1668647100,4503.25,4504.75,4502.25,4504.25
1668647400,4504.5,4505,4503.5,4504.25
1668647700,4504.5,4505.25,4503.25,4503.5
1668648000,4503.5,4504,4502.25,4502.25
1668648300,4502.25,4503,4501.75,4502
1668648600,4502,4502.75,4501.75,4502.25
1668648900,4502.25,4502.5,4500.5,4501.75
1668649200,4501.75,4503.25,4500.5,4500.75
1668649500,4500.75,4501.25,4498.5,4499
1668649800,4499.25,4499.25,4497.5,4497.75
1668650100,4497.75,4498.25,4496.5,4498.25
1668650400,4498.25,4499.25,4497.25,4498.25
1668650700,4498,4498,4495.5,4495.75
1668651000,4496,4496.25,4494.25,4495.5
1668651300,4495.25,4495.75,4494.75,4495.5
1668651600,4495.5,4495.5,4493.75,4494
1668651900,4494,4494.5,4493.25,4494
1668652200,4494,4495.75,4493.75,4495.5
1668652500,4495.75,4495.75,4494.25,4495.75
1668652800,4495.5,4497,4495.25,4495.75
1668653100,4495.5,4497.25,4495.5,4496.75
1668653400,4496.75,4497.5,4495.25,4496.75
1668653700,4496.5,4497.5,4496.25,4496.75
1668654000,4497,4497.5,4494.25,4494.5
1668654300,4494.5,4496,4493.75,4495.25
1668654600,4495.25,4496.25,4495,4495.75
1668654900,4496,4496.25,4494.75,4496
1668655200,4496,4496.5,4495.5,4495.75
1668655500,4495.75,4496,4494.5,4495.25
1668655800,4495.25,4495.75,4494.5,4495
1668656100,4494.75,4495.75,4494.75,4495.5
1668656400,4495.75,4496.5,4495.5,4496
1668656700,4496,4496.75,4496,4496.25
1668657000,4496,4496.75,4495.75,4496.75
1668657300,4496.5,4498,4496.25,4497.75
1668657600,4498,4498.25,4497,4497
1668657900,4497,4497.25,4496.5,4496.5
1668658200,4496.5,4497.75,4496.25,4497.75
1668658500,4497.75,4498.25,4496.75,4497.75
1668658800,4497.5,4498.25,4497.5,4497.5
1668659100,4497.75,4498.25,4497.5,4498.25
1668659400,4498,4498,4497,4497
1668659700,4497,4497.5,4496.5,4496.75
1668660000,4496.75,4497,4496.25,4496.5
1668660300,4496.5,4497.5,4496.5,4497
1668660600,4496.75,4497.25,4496,4496.25
1668660900,4496.5,4496.75,4495,4495.25
1668661200,4495.5,4498,4495.25,4497.5
1668661500,4497.75,4498.25,4497,4497.75
1668661800,4498,4498.5,4497.25,4498.25
1668662100,4498,4501,4498,4500.75
1668662400,4500.75,4502.75,4500.5,4501.5
1668662700,4501.75,4502.25,4501.25,4501.5
1668663000,4501.5,4501.5,4500.25,4500.5
1668663300,4500.5,4501.25,4500.25,4501.25
1668663600,4501.25,4502.75,4501,4501.25
1668663900,4501,4501.25,4500,4500.25
1668664200,4500,4500.5,4500,4500.25
1668664500,4500.5,4501,4498.75,4498.75
1668664800,4498.75,4503,4498.5,4502.5
1668665100,4502.75,4505,4502,4503
1668665400,4502.75,4504.75,4502.75,4504
1668665700,4504.25,4504.25,4503,4503.75
1668666000,4503.75,4503.75,4502.5,4503
1668666300,4503,4507.5,4502.75,4505.5
1668666600,4505.75,4506.25,4504.5,4505.25
1668666900,4505.25,4507.25,4505.25,4506.5
1668667200,4506.5,4507.75,4506.25,4507.5
1668667500,4507.75,4512,4507,4510.75
1668667800,4511,4511.25,4508.75,4509.5
1668668100,4509.5,4510.75,4508.5,4510
1668668400,4510,4511,4508.25,4510.5
1668668700,4510.5,4511.5,4509.25,4510.25
1668669000,4510.25,4510.25,4506.75,4507
1668669300,4507,4507.5,4505.5,4507.5
1668669600,4507.25,4507.75,4505.25,4506.25
1668669900,4506,4507.5,4505.5,4507
1668670200,4507.25,4512.5,4507,4511.5
1668670500,4511.25,4514.75,4510.75,4512
1668670800,4511.75,4512.25,4510,4510.5
1668671100,4510.5,4510.75,4507.5,4508.25
1668671400,4508.25,4509.25,4506.75,4508
1668671700,4508,4510.5,4507.5,4509
1668672000,4509,4513.75,4508.75,4512
1668672300,4512,4513.75,4508.25,4508.5
1668672600,4508.75,4510.75,4508.75,4509.5
1668672900,4509.5,4515.5,4509.25,4512.75
1668673200,4513,4514,4509.5,4509.75
1668673500,4509.75,4510.25,4507.5,4508
1668673800,4507.75,4508.5,4505.75,4508.5
1668674100,4508.5,4510.25,4507.5,4507.75
1668674400,4507.75,4508.25,4505,4505.75
1668674700,4505.75,4507.5,4504.75,4505.5
1668675000,4505.75,4506,4502,4502.5
1668675300,4502.5,4503.75,4501.5,4501.5
1668675600,4501.5,4503,4499,4499.25
1668675900,4499.5,4500.25,4496,4497.25
1668676200,4497,4499.25,4497,4497.5
1668676500,4497.25,4499.5,4497,4499.25
1668676800,4499.5,4500.25,4497.5,4498.75
1668677100,4498.5,4500,4498,4498
1668677400,4497.75,4498,4490.25,4491.25
1668677700,4491.25,4491.25,4486.75,4489
1668678000,4489,4491.5,4488.75,4489.5
1668678300,4489.5,4490.75,4488.25,4488.75
1668678600,4488.75,4488.75,4482.5,4486.75
1668678900,4486.5,4486.75,4484.25,4486.25
1668679200,4486.5,4489.25,4485.75,4486.5
1668679500,4486.5,4488.75,4486.25,4487.75
1668679800,4487.5,4488,4484.75,4487.75
1668680100,4487.75,4490,4487.5,4489.75
1668680400,4489.75,4491,4488.5,4490.5
1668680700,4490.75,4492.75,4490.5,4492.25
1668681000,4492.25,4492.25,4487.75,4487.75
1668681300,4488,4488.75,4486,4488.25
1668681600,4488,4488.25,4486.5,4488
1668681900,4488,4488.25,4481.5,4482.75
1668682200,4482.5,4482.5,4471.75,4472.25
1668682500,4472.25,4474.25,4470.75,4471
1668682800,4471,4475.5,4469.5,4473.75
1668683100,4473.75,4476,4473.5,4475
1668683400,4475,4475,4471,4471
1668683700,4471,4473.5,4470.5,4471.25
1668684000,4471,4472.5,4467.5,4469.25
1668684300,4469.25,4470,4466.75,4468
1668684600,4468,4470.5,4467.5,4469.5
1668684900,4469.25,4471,4461.25,4464
1668685200,4463.75,4464.75,4461.25,4464.5
1668685500,4464.5,4468.5,4464,4467
1668685800,4467.25,4472.25,4467.25,4469.75
1668686100,4469.75,4472,4468.5,4471.75
1668686400,4471.75,4473.75,4468.25,4468.75
1668686700,4468.5,4469,4465.5,4468.75
1668687000,4468.5,4468.5,4465.75,4467.5
1668687300,4467.5,4469.25,4466.75,4467.75
1668687600,4467.5,4468.5,4464,4466.5
1668687900,4466.5,4471.75,4465.75,4466.75
1668688200,4466.5,4468,4463.75,4464.25
1668688500,4464.25,4464.75,4460.75,4460.75
1668688800,4460.75,4463.25,4458.75,4459.75
1668689100,4460,4460.5,4457.25,4458.75
1668689400,4459,4461.25,4458,4460
1668689700,4460,4461,4457.25,4458.75
1668690000,4458.5,4459.5,4451,4451.75
1668690300,4451.75,4452.25,4447.5,4447.75
1668690600,4447.5,4449.75,4445.5,4449.5
1668690900,4449.5,4452,4448.75,4451.5
1668691200,4451.5,4452.5,4448,4451.5
1668691500,4451.5,4452.5,4450.25,4452
1668691800,4452.25,4457.5,4449,4450.75
1668692100,4450.5,4451,4444,4445
1668692400,4445,4447.5,4442.75,4446.75
1668692700,4446.75,4447,4442.75,4444.25
1668693000,4444,4444.75,4440.75,4443.75
1668693300,4443.5,4444.25,4440,4441
1668693600,4441,4444.25,4438.75,4442.5
1668693900,4442.5,4445,4440.5,4444.75
1668694200,4444.75,4446.5,4443.25,4446
1668694500,4446,4446.75,4443.25,4443.75
1668694800,4443.75,4444.5,4442,4442.25
1668695100,4442.25,4443.25,4437.75,4442.25
1668695400,4442.25,4450.5,4441.25,4447
1668695700,4446.75,4451.25,4443.25,4446
1668696000,4446,4451,4443.5,4450.5
1668696300,4450.25,4455,4447.25,4452.5
1668696600,4452.5,4454.75,4446.75,4447.5
1668696900,4447.5,4448.25,4440.5,4441.5
1668697200,4441.25,4446.75,4439,4446.75
1668697500,4446.5,4449,4444.25,4445.25
1668697800,4445,4450,4442.75,4448
1668698100,4447.75,4456,4447,4455.75
1668698400,4455.5,4457.5,4452.75,4453.75
1668698700,4453.75,4460,4453.5,4457.5
1668699000,4457.5,4458,4451.75,4452
1668699300,4452.25,4455.5,4451.5,4451.75
1668699600,4451.5,4454.75,4450,4451
1668699900,4451,4451,4444,4446.25
1668700200,4446.25,4448.5,4444.5,4446.75
1668700500,4446.75,4447.25,4442.5,4443.25
1668700800,4443.25,4447.5,4442.75,4445.25
1668701100,4445,4450,4442.5,4442.5
1668701400,4442.75,4445.5,4440.75,4445.5
1668701700,4445.25,4447.5,4443.25,4445.5
1668702000,4445.5,4448,4441.5,4447
1668702300,4447,4451,4446,4450
1668702600,4450,4453,4448,4452.75
1668702900,4453,4455,4451.25,4453.25
1668703200,4453,4454.25,4451.25,4453.25
1668703500,4453.25,4456.25,4452,4452.75
1668703800,4452.5,4455.75,4451,4453.5
1668704100,4453.5,4470,4453.5,4469.25
1668704400,4469.5,4473.5,4468,4472
1668704700,4472.25,4474.75,4469.5,4471.5
1668705000,4471.25,4474.25,4469.75,4470.25
1668705300,4470.25,4472,4467.25,4471.75
1668705600,4472,4472,4467.5,4469
1668705900,4469,4470.25,4467.75,4467.75
1668706200,4468,4471.75,4465.25,4465.75
1668706500,4465.75,4470.5,4465.75,4470.5
1668706800,4470.5,4473.5,4469.5,4472
1668707100,4472,4475,4471.5,4474.5
1668707400,4474.5,4482.75,4474.25,4479
1668707700,4479.25,4483.5,4478,4480.75
1668708000,4480.5,4484,4480.5,4480.5
1668708300,4480.5,4483.25,4478.5,4479.5
1668708600,4479.5,4484.75,4479.5,4482.25
1668708900,4482.5,4486.75,4482,4486.25
1668709200,4486.5,4487.75,4483,4483.75
1668709500,4483.75,4484.25,4481,4482.25
1668709800,4482.25,4483.25,4479,4482
1668710100,4482,4487,4481,4486.25
1668710400,4486.25,4486.75,4482.5,4482.5
1668710700,4482.75,4483.25,4478,4478.25
1668711000,4478.5,4479.5,4475.75,4477.75
1668711300,4477.75,4481.5,4475,4480.25
1668711600,4480.25,4484.75,4479.5,4482.75
1668711900,4483,4483,4476,4476
1668712200,4476.25,4476.25,4472.25,4474.25
1668712500,4474.25,4474.5,4469.25,4470
1668712800,4470.25,4472,4466.75,4470.75
1668713100,4471,4472.5,4468,4470.75
1668713400,4470.5,4472.5,4468.75,4471.25
1668713700,4471.25,4471.5,4465.75,4469.25
1668714000,4469,4470.75,4464.5,4467.25
1668714300,4467.25,4471.5,4463,4470.25
1668714600,4470.25,4472.5,4468,4472
1668714900,4472.25,4472.25,4469,4469.25
1668715200,4469.5,4471.75,4465.5,4467.25
1668715500,4467.25,4471.5,4464.5,4465.5
1668715800,4465.5,4466,4460.25,4460.25
1668716100,4460.25,4461.25,4457.25,4457.5
1668716400,4457.25,4459.5,4455,4456.25
1668716700,4456,4459,4454,4458.25
1668717000,4458.5,4463.75,4457.75,4462.25
1668717300,4462.25,4463.75,4460.5,4463.5
1668717600,4463.75,4466.75,4463.5,4465.5
1668717900,4465.75,4475.25,4465.25,4474.5
1668718200,4474.5,4476.75,4470,4470.75
1668718500,4470.5,4482.25,4469.5,4481.25
1668718800,4481,4482.75,4478.75,4481
1668719100,4481.25,4484,4480.25,4482.25
1668719400,4482.25,4483.25,4478,4478.25
1668719700,4478,4482,4477.75,4481.5
1668720000,4481.25,4481.5,4480.25,4480.75
1668720300,4480.75,4481,4479.75,4481
1668720600,4481,4483.75,4481,4483.5
1668720900,4483.25,4484,4482.25,4483
1668721200,4483,4486,4483,4486
1668721500,4486,4486.75,4484.25,4484.75
1668721800,4485,4486.5,4484.75,4485.75
1668722100,4485.75,4487.25,4485.25,4486.25
1668726000,4485.75,4492.25,4484.5,4484.75
1668726300,4485,4486.25,4484.75,4485.5
1668726600,4485.75,4486.25,4482.75,4483
1668726900,4482.75,4483.75,4482.25,4483.25
1668727200,4483.5,4483.5,4481.5,4482.25
1668727500,4482.5,4484.5,4482.25,4484.5
1668727800,4484.25,4484.5,4481.75,4481.75
1668728100,4481.75,4482,4479.25,4480
1668728400,4480.25,4480.5,4479,4479
1668728700,4479.25,4480.5,4479,4480
1668729000,4480,4481,4479.75,4481
1668729300,4481,4481.25,4478.25,4478.75
1668729600,4479,4480,4477.75,4479
1668729900,4479.25,4480.25,4478,4479.5
1668730200,4479.75,4481,4478.75,4480.75
1668730500,4480.75,4481.25,4478.75,4479.25
1668730800,4479.25,4479.75,4477.75,4479
1668731100,4479.25,4480,4478.5,4478.75
1668731400,4478.75,4481,4478.5,4480.25
1668731700,4480.5,4481,4479.25,4479.75
1668732000,4480,4483.5,4479.5,4482.75
1668732300,4483,4484.5,4482.25,4483
1668732600,4483,4484.25,4483,4484
1668732900,4484,4484.75,4482.75,4484.75
1668733200,4484.5,4485.5,4483.25,4484.25
1668733500,4484.25,4484.75,4482.75,4483.75
1668733800,4484,4487.25,4484,4486.5
1668734100,4486.5,4487,4484.75,4485
1668734400,4485,4487.25,4484.75,4486.25
1668734700,4486.5,4486.5,4485.25,4485.25
1668735000,4485.5,4486.25,4481.5,4484
1668735300,4483.75,4484.25,4480,4480.25
1668735600,4480.25,4481.5,4479.5,4479.75
1668735900,4479.75,4481.25,4479.5,4480.5
1668736200,4480.75,4482.75,4480.25,4481.5
1668736500,4481.5,4483.5,4480.75,4482.5
1668736800,4482.5,4484.75,4482.25,4483.5
1668737100,4483.5,4484.75,4483.5,4484.25
1668737400,4484.25,4484.5,4482,4482.75
1668737700,4482.5,4483,4481.5,4482.25
1668738000,4482,4486,4481.75,4485.5
1668738300,4485.75,4485.75,4484.25,4484.75
1668738600,4485,4485.25,4484.5,4484.75
1668738900,4484.5,4485.25,4484,4485
1668739200,4485,4486,4481.75,4482.25
1668739500,4482.25,4483.25,4480.75,4481
1668739800,4481,4481.75,4480.75,4481.25
1668740100,4481,4482.25,4481,4481.5
1668740400,4481.5,4483,4481.25,4482.25
1668740700,4482.25,4483.25,4481.75,4483
1668741000,4483,4483.25,4481.5,4482
1668741300,4481.75,4482,4480,4481.25
1668741600,4481.25,4483.25,4481.25,4482.75
1668741900,4483,4483.25,4482.25,4482.75
1668742200,4482.75,4483.75,4482.25,4483.5
1668742500,4483.25,4483.75,4482.5,4483.25
1668742800,4483.25,4484,4483,4483.75
1668743100,4484,4485.75,4483.5,4485.25
1668743400,4485.5,4486.5,4484.5,4485
1668743700,4485,4485.5,4483.75,4483.75
1668744000,4484,4484,4483.25,4483.5
1668744300,4483.25,4483.25,4481.5,4482.25
1668744600,4482.25,4482.5,4481.5,4482.25
1668744900,4482.25,4482.5,4481.5,4482
1668745200,4482,4482,4481.25,4481.25
1668745500,4481.5,4481.5,4478.5,4479
1668745800,4479,4481,4478.75,4480.75
1668746100,4480.75,4481.25,4480,4480.25
1668746400,4480.25,4481,4479.5,4480.25
1668746700,4480.25,4480.5,4479.5,4480
1668747000,4480.25,4480.75,4479.5,4479.5
1668747300,4479.75,4480.5,4479,4480.25
1668747600,4480,4481.75,4480,4480.25
1668747900,4480.5,4480.5,4478,4479
1668748200,4479.25,4481,4478.75,4480.75
1668748500,4480.75,4482.5,4480.5,4481
1668748800,4481.25,4481.25,4478.25,4478.5
1668749100,4478.25,4479.5,4478,4478.5
1668749400,4478.25,4478.75,4476.5,4476.75
1668749700,4477,4477.75,4476.5,4476.75
1668750000,4476.75,4478.25,4476.5,4477.25
1668750300,4477.25,4477.75,4476.25,4476.75
1668750600,4476.5,4477.25,4475.25,4477.25
1668750900,4477.25,4478.25,4477,4477.75
1668751200,4477.75,4479.75,4477.75,4479.5
1668751500,4479.5,4479.5,4474.75,4475.75
1668751800,4475.75,4476.5,4474.75,4475.5
1668752100,4475.75,4477.75,4475.5,4476.25
1668752400,4476.25,4478,4475.75,4477.75
1668752700,4477.5,4477.75,4475.25,4475.25
1668753000,4475.5,4475.5,4471.5,4472.75
1668753300,4472.75,4473.25,4470.25,4472.75
1668753600,4472.75,4474.25,4472.5,4473.5
1668753900,4473.5,4474.5,4472,4474.25
1668754200,4474.5,4476.25,4474,4474.75
1668754500,4474.75,4476.75,4474.75,4476.25
1668754800,4476.5,4478,4475,4476.75
1668755100,4476.75,4478.75,4476.25,4477.5
1668755400,4477.75,4479.75,4477,4479.25
1668755700,4479.25,4481.75,4478,4481
1668756000,4481,4481.5,4478.25,4478.25
1668756300,4478.25,4479,4477.75,4478.5
1668756600,4478.25,4478.75,4475.75,4477.25
1668756900,4477.25,4477.75,4476.5,4477.75
1668757200,4477.5,4480.25,4477.5,4477.75
1668757500,4478,4480.5,4475.75,4475.75
1668757800,4475.75,4477.75,4475.25,4476.75
1668758100,4476.75,4478.5,4476.75,4476.75
1668758400,4477,4479.5,4474.5,4474.75
1668758700,4474.75,4480,4474.5,4478.75
1668759000,4478.5,4478.75,4473.5,4475
1668759300,4475,4476.5,4468.75,4469.5
1668759600,4469.25,4473,4469,4472.5
1668759900,4472.5,4474.25,4472.25,4474
1668760200,4473.75,4476,4472.5,4473.25
1668760500,4473,4476.25,4472.5,4475.75
1668760800,4475.5,4477,4474.25,4477
1668761100,4477.25,4480.25,4476.75,4478
1668761400,4478,4478.25,4476.25,4477.5
1668761700,4477.5,4483.5,4477.25,4483.25
1668762000,4483.25,4487.75,4481.25,4487.75
1668762300,4487.75,4491.5,4486.75,4490
1668762600,4490,4490.25,4486.5,4488.25
1668762900,4488.25,4493,4487.75,4491.25
1668763200,4491.25,4493.5,4490.75,4492.25
1668763500,4492.5,4495.25,4491.5,4494.25
1668763800,4494.25,4499,4494.25,4499
1668764100,4498.75,4500,4496.75,4497.25
1668764400,4497,4498.75,4497,4497.5
1668764700,4497.5,4497.75,4493.25,4493.75
1668765000,4493.75,4493.75,4491.5,4492
1668765300,4492,4493,4491,4491.5
1668765600,4491.5,4492.25,4489.25,4489.75
1668765900,4489.75,4493.5,4488.75,4493.25
1668766200,4493,4495.75,4492.5,4495.75
1668766500,4495.5,4499,4495,4496.5
1668766800,4496.5,4497,4494,4494.75
1668767100,4494.5,4496.5,4493.25,4495
1668767400,4495.25,4496.5,4494.5,4495.5
1668767700,4495.25,4503.25,4495.25,4502
1668768000,4502.25,4504.75,4501.5,4501.75
1668768300,4501.75,4503.75,4500.5,4503.75
1668768600,4504,4507,4503.25,4506
1668768900,4506,4507.5,4505.25,4506
1668769200,4506.25,4508,4504,4504.25
1668769500,4504.5,4507,4503.5,4505.25
1668769800,4505.5,4505.75,4502.75,4503.75
1668770100,4503.75,4506.5,4503.75,4504.5
1668770400,4504.5,4505,4503.25,4504.5
1668770700,4504.75,4505.25,4502,4505
1668771000,4505,4506.5,4505,4506.25
1668771300,4506,4506,4503.25,4504.5
1668771600,4504.5,4505.75,4501.75,4502.25
1668771900,4502.25,4504.25,4502,4503.75
1668772200,4503.75,4506.5,4502.75,4504.25
1668772500,4504.25,4506.25,4504,4504.5
1668772800,4504.25,4512,4503.5,4511.25
1668773100,4511,4512.5,4508.25,4511.25
1668773400,4511,4511.5,4509,4511.25
1668773700,4511.25,4513.5,4511,4512
1668774000,4512,4512.25,4509.75,4509.75
1668774300,4509.75,4511.25,4508.5,4510.75
1668774600,4510.75,4511.25,4508.75,4509
1668774900,4509,4509.75,4507.25,4509.25
1668775200,4509.25,4509.25,4507.25,4507.75
1668775500,4507.75,4509.5,4507.5,4509.5
1668775800,4509.5,4510.25,4507.5,4508
1668776100,4508,4508.75,4506.75,4508.25
1668776400,4508,4512.75,4506.25,4512.75
1668776700,4512.5,4516.5,4512.5,4514.25
1668777000,4514.25,4514.75,4511.5,4513
1668777300,4513,4518.25,4512.75,4517.75
1668777600,4517.75,4519.25,4516.5,4517.75
1668777900,4517.75,4519.25,4516.5,4517.25
1668778200,4517,4517,4514.5,4516.5
1668778500,4516.5,4517.25,4514.25,4514.25
1668778800,4514.5,4516.25,4513.5,4516
1668779100,4515.75,4516.75,4512.25,4514
1668779400,4513.75,4516,4512.5,4515.25
1668779700,4515.25,4517,4514,4516.5
1668780000,4516.5,4518.25,4514,4516.75
1668780300,4516.75,4519.25,4512.75,4513
1668780600,4512.75,4513.25,4511.75,4512.25
1668780900,4512.25,4513.5,4510.5,4511
1668781200,4511,4512.75,4508.5,4510
1668781500,4510,4516,4510,4515.5
1668781800,4515.75,4517,4502,4502.5
1668782100,4502.5,4507,4497.5,4498
1668782400,4498,4501.5,4495.5,4499
1668782700,4499,4502.75,4493.5,4493.75
1668783000,4493.75,4499.5,4493.25,4498.5
1668783300,4498.5,4502.5,4494.25,4495.75
1668783600,4495.75,4497.5,4486.25,4488.5
1668783900,4488.25,4490.5,4481,4486.75
1668784200,4486.75,4490.5,4485.5,4485.5
1668784500,4485.5,4490.75,4484.25,4487
1668784800,4487.25,4493.75,4486.25,4491.25
1668785100,4491.25,4493,4482.5,4491.75
1668785400,4491.75,4493.5,4487.75,4490
1668785700,4490,4495,4488,4490.5
1668786000,4490.25,4494.5,4490,4491.25
1668786300,4491,4493.25,4486.5,4492.75
1668786600,4492.75,4493.5,4489.5,4491.75
1668786900,4491.75,4492.5,4480.25,4483.25
1668787200,4483.5,4485.5,4478.25,4479.75
1668787500,4479.75,4484.75,4479.25,4484.25
1668787800,4484,4488.75,4482.25,4487.75
1668788100,4487.5,4494.75,4486.75,4494
1668788400,4494.25,4496.5,4491.5,4494
1668788700,4494,4496.5,4491.75,4493
1668789000,4493,4497.75,4492.25,4493.25
1668789300,4493.25,4495.25,4487,4488
1668789600,4488,4490.75,4486,4489
1668789900,4489,4490,4483.5,4484
1668790200,4484,4487.5,4482.5,4486.25
1668790500,4486.25,4489.75,4484.75,4489
1668790800,4489,4490.75,4487,4490
1668791100,4489.75,4490,4480.75,4483
1668791400,4483,4484.25,4481.25,4482
1668791700,4481.75,4482,4470,4470.5
1668792000,4470.5,4472,4468.5,4468.5
1668792300,4468.5,4476.75,4467.75,4476.25
1668792600,4476.25,4476.25,4472.5,4474.75
1668792900,4474.75,4479.5,4473.75,4479
1668793200,4479.25,4479.25,4474,4474.5
1668793500,4474.25,4476.5,4472.25,4474
1668793800,4474,4476.5,4468.75,4472.25
1668794100,4472.25,4477,4470.25,4476
1668794400,4476,4477.5,4474.25,4476
1668794700,4476,4483,4475.75,4481.75
1668795000,4482,4482.75,4480.5,4481.75
1668795300,4481.75,4482,4476.75,4478.25
1668795600,4478.25,4481.25,4475,4481.25
1668795900,4481.25,4485.25,4479,4484.75
1668796200,4484.75,4486.25,4483,4485.5
1668796500,4485.75,4486.25,4479.75,4480.5
1668796800,4480.5,4481.5,4473.5,4474.25
1668797100,4474,4476.25,4472.75,4473.25
1668797400,4473.25,4474.75,4471.25,4472.25
1668797700,4472.25,4476.75,4471.75,4476.25
1668798000,4476.25,4482.5,4475.75,4481.5
1668798300,4481.5,4482.75,4479.5,4481
1668798600,4480.75,4482.25,4479,4480
1668798900,4479.75,4484.75,4479.5,4480
1668799200,4480.25,4483.5,4480,4482.5
1668799500,4482.75,4484,4481,4482
1668799800,4482,4486.25,4478.25,4481
1668800100,4481,4481.25,4477.25,4480.5
1668800400,4480.5,4483,4479.25,4480.25
1668800700,4480,4481.75,4478,4479.25
1668801000,4479.25,4482.75,4479,4481.25
1668801300,4481.25,4485.75,4481.25,4484.75
1668801600,4484.75,4491.75,4484,4490.25
1668801900,4490,4494,4490,4493.25
1668802200,4493,4495,4491.5,4491.75
1668802500,4491.75,4492.25,4488.5,4490.5
1668802800,4490.25,4490.5,4485.5,4488.5
1668803100,4488.5,4496.75,4487.75,4496.5
1668803400,4496.75,4498.25,4493.25,4493.5
1668803700,4493.75,4501,4492.5,4500.5
1668804000,4500.5,4503,4498.75,4502.25
1668804300,4502.25,4504.75,4499,4504
1668804600,4504.25,4508,4489,4490.25
1668804900,4490.25,4500.75,4489.5,4498.5
1668805200,4498.25,4500,4496.25,4497.25
1668805500,4497,4497.5,4491.75,4493.5
1668805800,4493.5,4497,4493.5,4495
1668806100,4495,4496.25,4494.5,4495.75
1668806400,4495.5,4497,4495.5,4496.25
1668806700,4496.25,4499,4496.25,4499
1668807000,4498.75,4499.25,4495.75,4496.25
1668807300,4496,4496.75,4495.75,4496
1668807600,4496,4496.25,4494.5,4495.75
1668807900,4495.75,4496.25,4495.5,4496
1668808200,4496,4497.5,4495.25,4496.25
1668808500,4496,4498.5,4495.75,4496.75
1668985200,4497.75,4507.25,4497.75,4501.75
1668985500,4501.5,4502.5,4498.75,4499.25
1668985800,4499,4499.25,4496.75,4497.75
1668986100,4497.75,4498,4494,4497.5
1668986400,4497.5,4497.5,4494.75,4496
1668986700,4496,4497.75,4494.75,4495
1668987000,4495.25,4495.75,4493,4493.5
1668987300,4493.5,4494.5,4493,4494
1668987600,4494,4495.25,4493.75,4494.75
1668987900,4495,4496,4493.5,4495
1668988200,4495,4495.5,4493.25,4494.25
1668988500,4494.25,4494.75,4494,4494.5
1668988800,4494.5,4496,4491.5,4492.5
1668989100,4492.5,4493.5,4491,4491.75
1668989400,4492,4492,4489.75,4491
1668989700,4491.75,4492.25,4490.5,4491.75
1668990000,4491.75,4492.25,4490.5,4491
1668990300,4491,4493.25,4490.5,4492.5
1668990600,4492.5,4493.5,4490,4491
1668990900,4491,4491.25,4489.5,4490
1668991200,4490,4491,4489.5,4490.25
1668991500,4490,4490.75,4487.75,4489
1668991800,4489.25,4490.5,4488,4489.75
1668992100,4489.75,4490.25,4487.5,4488.75
1668992400,4488.75,4489,4486.5,4488.5
1668992700,4488.5,4489.75,4486.75,4487.25
1668993000,4487.25,4487.25,4484,4485.5
1668993300,4485.25,4485.75,4483.5,4485.5
1668993600,4485.25,4486.5,4484.25,4484.5
1668993900,4484.75,4485.75,4484.25,4484.75
1668994200,4485,4486.25,4483,4485.5
1668994500,4485.25,4487.25,4484.25,4487
1668994800,4487.25,4488,4486,4488
1668995100,4488,4488.25,4485.25,4485.25
1668995400,4485.25,4486,4484.5,4486
1668995700,4486,4487,4483.25,4484.75
1668996000,4485,4485,4482.75,4483.5
1668996300,4483.5,4484.75,4481.25,4483.75
1668996600,4483.75,4484.25,4481.75,4483
1668996900,4483,4483.25,4481.5,4483.25
1668997200,4483.25,4485,4483.25,4484.5
1668997500,4484.75,4485.5,4483.75,4485
1668997800,4484.75,4485,4483.75,4484.75
1668998100,4484.5,4485.25,4483.75,4484.5
1668998400,4484.5,4484.75,4482.75,4484.25
1668998700,4484.25,4484.25,4482.5,4483.5
1668999000,4483.5,4484.5,4483.25,4484.25
1668999300,4484.25,4486.5,4484.25,4485.75
1668999600,4485.75,4486.5,4484.75,4485.75
1668999900,4486,4486,4485,4485.5
1669000200,4485.5,4487.25,4485.25,4486.5
1669000500,4486.75,4487,4486.25,4486.5
1669000800,4486.25,4487.5,4485.75,4487
1669001100,4487,4487.25,4485.75,4486.25
1669001400,4486.25,4487,4485.75,4486
1669001700,4486,4486,4484,4485
1669002000,4484.75,4485,4484.25,4484.75
1669002300,4484.75,4485.25,4484.75,4485
1669002600,4485.25,4487.25,4484.75,4487.25
1669002900,4487.25,4488,4486.75,4487.5
1669003200,4487.5,4488.25,4487.25,4487.25
1669003500,4487.25,4489,4487.25,4487.5
1669003800,4487.75,4489.25,4487.25,4488.75
1669004100,4488.75,4489.75,4488.25,4488.75
1669004400,4488.75,4489,4487.75,4487.75
1669004700,4488,4488.75,4486.25,4488.5
1669005000,4488.5,4488.75,4486.5,4486.5
1669005300,4486.75,4487.5,4485.75,4486.75
1669005600,4486.5,4487.75,4486.5,4487.5
1669005900,4487.5,4487.75,4487.25,4487.5
1669006200,4487.5,4487.5,4486.5,4487
1669006500,4487,4488.5,4486.75,4487.75
1669006800,4488,4488.75,4486.5,4487.25
1669007100,4487.25,4487.5,4484.75,4486
1669007400,4486.25,4486.25,4484.5,4485
1669007700,4485.25,4486.25,4484,4484.75
1669008000,4484.75,4485.25,4484.25,4485
1669008300,4485,4486,4484.5,4485
1669008600,4485,4486.25,4484.75,4485.75
1669008900,4485.5,4486.75,4485.5,4486.5
1669009200,4486.5,4486.5,4484.5,4484.75
1669009500,4484.5,4486,4484.5,4485.75
1669009800,4485.75,4487.5,4485.5,4486.25
1669010100,4486.5,4488.75,4486.25,4488.75
1669010400,4488.75,4489.75,4488,4489
1669010700,4489.25,4489.25,4488,4488.5
1669011000,4488.5,4489.75,4487.75,4489
1669011300,4489.25,4489.75,4488.5,4488.75
1669011600,4488.75,4488.75,4488,4488
1669011900,4488.25,4489.25,4487.75,4488.5
1669012200,4488.5,4488.5,4487.25,4487.75
1669012500,4487.5,4488.25,4486.75,4486.75
1669012800,4486.75,4487,4485.75,4486.5
1669013100,4486.5,4487.5,4486.25,4486.5
1669013400,4486.25,4486.25,4484,4484
1669013700,4484.25,4484.75,4482,4483.75
1669014000,4483.75,4484.5,4482.25,4484
1669014300,4484,4484,4482,4483.75
1669014600,4483.5,4486,4483,4485.75
1669014900,4485.75,4486.5,4485,4486
1669015200,4486.25,4486.25,4484.5,4485.5
1669015500,4485.5,4486.5,4485.25,4485.75
1669015800,4485.5,4486.5,4485.5,4486
1669016100,4486,4487,4485.75,4486.75
1669016400,4486.5,4486.5,4482.25,4483.75
1669016700,4483.5,4483.75,4479,4480.25
1669017000,4480.5,4481.5,4479,4479.75
1669017300,4480,4481.25,4479.75,4479.75
1669017600,4480,4484,4479.5,4483.75
1669017900,4483.5,4484.75,4481,4482
1669018200,4481.75,4484.25,4480.75,4482.75
1669018500,4483,4483,4476.75,4482.25
1669018800,4482.5,4484.5,4480.25,4484.25
1669019100,4484,4486.5,4483,4484.75
1669019400,4484.75,4487.25,4484.5,4485.25
1669019700,4485.25,4485.75,4483,4484
1669020000,4484,4485.75,4483.5,4485.25
1669020300,4485.25,4486.5,4481.5,4482.75
1669020600,4482.75,4482.75,4479.5,4480.25
1669020900,4480,4482.25,4479,4480.5
1669021200,4480.25,4481.75,4477.25,4477.5
1669021500,4477.25,4481,4477.25,4478.75
1669021800,4478.75,4479.75,4476.5,4476.5
1669022100,4476.75,4479.75,4475.75,4479
1669022400,4479.5,4481.5,4477.5,4478
1669022700,4477.75,4480,4473.5,4475
1669023000,4475.25,4477,4474.75,4477
1669023300,4477.25,4477.75,4475.5,4476.25
1669023600,4476.25,4477.5,4475.25,4477.5
1669023900,4477.75,4479.25,4477.25,4477.5
1669024200,4477.25,4480.75,4476,4480.25
1669024500,4480.25,4480.5,4477.75,4478
1669024800,4478.25,4482,4478.25,4481.5
1669025100,4481.5,4481.75,4479.75,4480
1669025400,4480,4481.75,4479.75,4479.75
1669025700,4480,4480.5,4477,4477.5
1669026000,4477.5,4479,4476,4477.75
1669026300,4477.75,4478.25,4475.25,4476.25
1669026600,4476.25,4477.25,4475.25,4476
1669026900,4476,4477,4475,4477
1669027200,4477,4477.5,4475.75,4476.25
1669027500,4476.25,4479.5,4475.25,4478.75
1669027800,4478.75,4479.75,4477.5,4479.5
1669028100,4479.5,4480.5,4477.75,4478
1669028400,4477.75,4479,4476.75,4478.25
1669028700,4478,4479.25,4477.25,4478.5
1669029000,4478.5,4480.5,4478,4480.25
1669029300,4480.25,4480.75,4478.25,4478.5
1669029600,4478.75,4479.75,4478.25,4479
1669029900,4479.25,4479.25,4477,4477.25
1669030200,4477,4479.25,4477,4478.75
1669030500,4478.75,4479.5,4477.75,4478.25
1669030800,4478.5,4480,4477.5,4479.75
1669031100,4479.75,4481.25,4479.75,4480.5
1669031400,4480.5,4480.5,4476,4476.25
1669031700,4476.25,4477.25,4474,4476.5
1669032000,4476.5,4478,4476.5,4476.75
1669032300,4477,4477.25,4473.25,4474.75
1669032600,4474.5,4477.25,4474.25,4476.25
1669032900,4476.5,4477.75,4475,4477.75
1669033200,4477.75,4478.25,4476.5,4478
1669033500,4478,4479,4476.5,4478.25
1669033800,4478,4480.25,4477.25,4479.75
1669034100,4479.75,4480.25,4477.5,4479
1669034400,4479,4479.5,4478.75,4478.75
1669034700,4479,4480,4477.25,4478
1669035000,4478.25,4480.25,4478,4480
1669035300,4480.25,4480.5,4478.75,4479.25
1669035600,4479.5,4479.5,4476.75,4478.75
1669035900,4478.5,4483,4478.5,4482.25
1669036200,4482.25,4483.75,4481.75,4482.25
1669036500,4482.5,4484.25,4481.75,4483.75
1669036800,4483.75,4487.25,4483.5,4487
1669037100,4486.75,4488,4485.5,4486.75
1669037400,4486.5,4486.75,4484.25,4485.25
1669037700,4485.5,4486,4483.75,4484.75
1669038000,4484.75,4486.25,4484.25,4485.25
1669038300,4485.25,4486.75,4484,4485
1669038600,4484.75,4486.75,4483.5,4486.75
1669038900,4486.75,4487.25,4484.5,4486.5
1669039200,4486.25,4487.25,4483.75,4484
1669039500,4483.75,4485.5,4483.5,4484.75
1669039800,4484.75,4485.25,4482.5,4484.5
1669040100,4484.5,4487.5,4483.5,4486.75
1669040400,4486.5,4489.5,4485.75,4489.5
1669040700,4489.5,4489.5,4483.25,4483.75
1669041000,4483.75,4494.75,4483,4485
1669041300,4485,4487.5,4480,4481.5
1669041600,4481.5,4486.5,4480.5,4482.25
1669041900,4482.25,4491.75,4481.5,4491.75
1669042200,4491.75,4495.75,4489.5,4492
1669042500,4491.75,4492.75,4488.25,4489.5
1669042800,4489.5,4492.75,4484.25,4485.5
1669043100,4485.75,4486.75,4480.75,4484.5
1669043400,4484.5,4486.5,4481.75,4482
1669043700,4482,4485,4479.5,4483.5
1669044000,4483.5,4484,4472.5,4477.25
1669044300,4477.25,4479,4474.5,4476.25
1669044600,4476.5,4479,4473.75,4474.25
1669044900,4474,4478,4473.75,4475
1669045200,4475,4477.25,4471.25,4473.75
1669045500,4473.75,4473.75,4469.5,4471.25
1669045800,4471,4472.5,4469.5,4471.5
1669046100,4471.5,4476.75,4471,4476
1669046400,4476.25,4476.75,4473.25,4475.5
1669046700,4475.25,4478.25,4475,4476.5
1669047000,4476.5,4478,4474,4476.25
1669047300,4476.25,4479.75,4475.75,4476
1669047600,4476,4481,4475.25,4479.5
1669047900,4479.5,4480.5,4473.75,4475
1669048200,4475,4476.5,4471,4472.5
1669048500,4472.5,4477.5,4472,4474.75
1669048800,4474.5,4477,4472.75,4474
1669049100,4474,4476.75,4472.5,4476.25
1669049400,4476,4479.25,4474.25,4476.5
1669049700,4476.25,4476.75,4462.75,4469.25
1669050000,4469.25,4477,4468.5,4475.25
1669050300,4475,4478,4474.5,4476.5
1669050600,4476.25,4479,4475.25,4475.75
1669050900,4475.5,4477.5,4472.75,4475
1669051200,4474.75,4475.75,4472.25,4474.5
1669051500,4474.5,4477,4472.75,4474.25
1669051800,4474.25,4481,4473.5,4480.25
1669052100,4480.5,4484.5,4479.25,4480.25
1669052400,4480.25,4482.5,4479.5,4481.5
1669052700,4481.75,4483,4478.5,4479
1669053000,4479,4479,4476.5,4477.5
1669053300,4477.25,4478.25,4474.25,4476.5
1669053600,4476.5,4480.25,4476,4479.5
1669053900,4479.5,4483.25,4478.5,4482.5
1669054200,4482.75,4489.5,4482.5,4487.25
1669054500,4487.5,4489.25,4485.75,4487.5
1669054800,4487.5,4489.25,4485.25,4486.75
1669055100,4487,4489,4485.5,4487.25
1669055400,4487.25,4488.75,4485.5,4488.25
1669055700,4488,4493.5,4486.5,4493.5
1669056000,4493.25,4493.5,4489,4492
1669056300,4492,4493,4488.25,4489
1669056600,4488.75,4490.25,4487.25,4487.25
1669056900,4487,4488.25,4484.75,4485
1669057200,4484.75,4489.25,4484.75,4488.5
1669057500,4488.5,4491,4488.25,4489
1669057800,4489.25,4489.5,4485.75,4488.5
1669058100,4488.5,4490.5,4488,4490
1669058400,4490,4490,4482.5,4484
1669058700,4484,4486.25,4483.75,4484
1669059000,4484,4486.75,4483.25,4484.25
1669059300,4484.25,4485.25,4481.75,4484.75
1669059600,4484.5,4485.5,4481,4481.25
1669059900,4481.5,4483.5,4480.75,4482.5
1669060200,4482.5,4486.25,4481.75,4484.75
1669060500,4484.75,4486.5,4482,4482.25
1669060800,4482.25,4485.75,4481,4485.75
1669061100,4485.75,4486.25,4482.25,4484.5
1669061400,4484.75,4485.25,4482.25,4484.75
1669061700,4484.5,4487,4483.75,4486
1669062000,4486,4487.25,4480.75,4480.75
1669062300,4481,4481.75,4477.25,4480.5
1669062600,4480.5,4483.75,4479.25,4479.25
1669062900,4479.5,4483,4479.5,4480.5
1669063200,4480.75,4481.5,4478.5,4480.75
1669063500,4480.75,4485.5,4480.5,4485.25
1669063800,4485.25,4488.5,4482.5,4485.5
1669064100,4485.5,4485.5,4481.25,4483.25
1669064400,4483.25,4485,4482.5,4483.5
1669064700,4483.5,4485,4482.5,4483.75
1669065000,4483.75,4486,4483.5,4485.25
1669065300,4485,4486.75,4484.75,4485.75
1669065600,4486,4486,4484.5,4485
1669065900,4484.5,4484.75,4483.5,4484
1669066200,4483.75,4484.25,4483.25,4484
1669066500,4483.75,4485.25,4483.5,4485
1669066800,4485,4485.5,4484.75,4485
1669067100,4485,4486,4483.75,4484.5
1669067400,4484.25,4484.5,4482.25,4482.5
1669067700,4482.5,4483.5,4482.25,4483.25
1669071600,4483,4485.75,4482.25,4485.5
1669071900,4485.5,4486,4484,4485
1669072200,4485,4486,4484,4485.25
1669072500,4485.25,4485.5,4483.5,4484.25
1669072800,4484.25,4485.5,4483,4484
1669073100,4484,4484.25,4482.25,4482.5
1669073400,4482.75,4484.5,4481.75,4482.75
1669073700,4482.75,4483.75,4482.25,4483.5
1669074000,4483.5,4484,4482.5,4482.75
1669074300,4482.75,4482.75,4482,4482.25
1669074600,4482.5,4483.75,4482.5,4483.25
1669074900,4483.25,4485.25,4483.25,4484.5
1669075200,4484.75,4488.5,4484.25,4488.25
1669075500,4488,4489,4486.5,4487.25
1669075800,4487.25,4489.25,4486.75,4488
1669076100,4488,4490.25,4488,4489
1669076400,4489,4490.25,4489,4489
1669076700,4489,4491.5,4489,4491.25
1669077000,4491.5,4491.5,4489.75,4490
1669077300,4489.75,4490.75,4488.75,4490.25
1669077600,4490.25,4492,4489.75,4489.75
1669077900,4489.75,4490.5,4488.25,4488.75
1669078200,4488.5,4489,4488.25,4488.5
1669078500,4488.5,4489.25,4488.25,4489
1669078800,4488.75,4489.5,4487.5,4487.75
1669079100,4487.5,4490,4487.25,4488.5
1669079400,4488.5,4490.25,4488,4489.75
1669079700,4489.75,4490,4488.5,4489
1669080000,4489.25,4490.5,4489,4490
1669080300,4490.5,4491.5,4489.75,4490
1669080600,4490,4492.25,4489.75,4491.75
1669080900,4491.75,4493,4491.5,4492.25
1669081200,4492.5,4492.5,4490.5,4490.75
1669081500,4490.75,4491.25,4488.5,4488.5
1669081800,4488.5,4489.25,4487.75,4488
1669082100,4488,4488.5,4487.75,4488.5
1669082400,4488.25,4488.75,4486.75,4487.25
1669082700,4487.25,4488.5,4487,4488
1669083000,4488,4489.25,4488,4488.75
1669083300,4488.75,4489.5,4488.5,4489
1669083600,4488.75,4489,4488,4488.25
1669083900,4488,4488.25,4486.75,4487.25
1669084200,4487.25,4487.25,4485.25,4485.25
1669084500,4485.5,4486.5,4485.5,4485.75
1669084800,4486,4487,4485.75,4486.25
1669085100,4486.25,4486.5,4484.75,4486
1669085400,4485.75,4487.25,4485.75,4486.75
1669085700,4486.75,4488.75,4486.75,4488.25
1669086000,4488.5,4488.75,4487.5,4488.25
1669086300,4488.25,4489.5,4487.75,4489.25
1669086600,4489,4489.5,4488.5,4488.75
1669086900,4488.75,4489.25,4488,4489.25
1669087200,4489,4489.5,4488.5,4489.5
1669087500,4489.75,4490.75,4489.5,4490.5
1669087800,4490.5,4491.5,4490,4491.5
1669088100,4491.5,4491.75,4490.5,4490.5
1669088400,4490.5,4491,4490,4490
1669088700,4490,4490.25,4489.25,4490
1669089000,4490.25,4490.25,4488.75,4489
1669089300,4489,4489.25,4488.5,4489
1669089600,4488.75,4489,4488.25,4488.25
1669089900,4488.25,4488.5,4487.5,4488.25
1669090200,4488,4488.75,4487.75,4488
1669090500,4488,4488.5,4488,4488.25
1669090800,4488.25,4488.5,4487.75,4488
1669091100,4488.25,4488.25,4487.25,4487.75
1669091400,4488,4488.75,4488,4488.25
1669091700,4488,4488.5,4488,4488.25
1669092000,4488.25,4489.25,4488,4488.75
1669092300,4488.75,4488.75,4487.5,4488.25
1669092600,4488.25,4488.5,4488,4488.25
1669092900,4488,4488.25,4487.25,4487.5
1669093200,4487.75,4488,4486,4486.5
1669093500,4486.25,4486.5,4485.75,4485.75
1669093800,4485.75,4486.75,4485.5,4486.25
1669094100,4486.25,4486.75,4485.5,4486.5
1669094400,4486.25,4486.75,4485.5,4485.5
1669094700,4485.75,4485.75,4484,4485
1669095000,4484.75,4485.25,4483.25,4483.25
1669095300,4483.5,4483.75,4482.5,4482.75
1669095600,4482.75,4483.25,4482.25,4482.75
1669095900,4482.5,4483.25,4482.25,4483
1669096200,4483,4483.75,4481.75,4482.5
1669096500,4482.5,4483.5,4481.75,4482.75
1669096800,4482.5,4484.75,4482.5,4483.75
1669097100,4483.75,4484.25,4482.75,4484
1669097400,4484.25,4484.5,4483.25,4484
1669097700,4484.25,4484.5,4483,4483.25
1669098000,4483.25,4484,4482.5,4483.25
1669098300,4483,4484.25,4483,4484
1669098600,4484.25,4484.5,4481.5,4481.75
1669098900,4481.75,4482.75,4481.5,4482.75
1669099200,4482.75,4483.25,4481.75,4482
1669099500,4482,4482.25,4480.25,4480.25
1669099800,4480.25,4481.25,4480,4481
1669100100,4481,4481.5,4480,4481
1669100400,4481.25,4481.25,4479,4479
1669100700,4479,4481.25,4478.75,4480
1669101000,4480,4480.5,4479.25,4479.75
1669101300,4479.5,4480.75,4477.25,4478
1669101600,4478,4480.25,4476.25,4480
1669101900,4480,4481,4479.25,4480
1669102200,4480,4481.25,4480,4480.5
1669102500,4480.25,4480.75,4479.25,4479.5
1669102800,4479.5,4480.5,4478.5,4480
1669103100,4480.25,4482.5,4480.25,4482
1669103400,4482.25,4483,4481.5,4483
1669103700,4482.75,4484.25,4481.25,4481.75
1669104000,4481.75,4483.5,4477.75,4478.5
1669104300,4478.75,4481.25,4475.5,4477.75
1669104600,4478,4480.25,4477,4477.75
1669104900,4477.75,4481.75,4477.75,4481.5
1669105200,4481.5,4482.75,4475.5,4477.25
1669105500,4477,4481.75,4477,4479.75
1669105800,4479.5,4480.5,4473.75,4475.25
1669106100,4475,4476.5,4472.75,4474.75
1669106400,4474.5,4474.5,4470.5,4472
1669106700,4472,4475.5,4471,4474.75
1669107000,4474.75,4476.5,4473.5,4476.25
1669107300,4476.25,4477.75,4474.75,4476.25
1669107600,4476.25,4480.75,4475.5,4480.25
1669107900,4480.5,4480.75,4478.25,4478.75
1669108200,4478.75,4479,4477.25,4479
1669108500,4478.75,4480.5,4478,4479.75
1669108800,4479.5,4482.75,4478.75,4482.5
1669109100,4482.5,4486,4481.5,4485.75
1669109400,4486,4491,4485.75,4490
1669109700,4490,4494.75,4488.75,4494.25
1669110000,4494,4495,4492.75,4494
1669110300,4494.25,4494.5,4491.5,4491.75
1669110600,4491.5,4493.25,4491.5,4493
1669110900,4493,4494.5,4492.75,4493.5
1669111200,4493.25,4494.75,4491.75,4492
1669111500,4492.25,4493,4491.25,4491.75
1669111800,4491.75,4492.5,4490.75,4491.5
1669112100,4491.75,4492.75,4491.25,4491.5
1669112400,4491.5,4491.5,4488.25,4490.5
1669112700,4490.25,4490.5,4488.5,4488.5
1669113000,4488.25,4489.5,4488.25,4488.75
1669113300,4488.75,4490.75,4488.75,4490.5
1669113600,4490.5,4491.25,4489.25,4489.5
1669113900,4489.5,4489.75,4488,4488
1669114200,4488,4489.5,4487.5,4489.25
1669114500,4489.25,4491,4489.25,4490.25
1669114800,4490.25,4492,4490,4491.25
1669115100,4491.25,4491.5,4489.25,4489.25
1669115400,4489.25,4490.5,4482.75,4484
1669115700,4484.25,4488.75,4482,4488
1669116000,4487.75,4488.75,4486.25,4488
1669116300,4488,4489,4487.5,4487.75
1669116600,4487.75,4489,4487,4487.75
1669116900,4487.75,4488.5,4483,4483.75
1669117200,4483.75,4486,4483.25,4483.25
1669117500,4483.5,4484.75,4481.75,4482.5
1669117800,4482.75,4483.75,4482.25,4483.25
1669118100,4483.5,4487.75,4483,4487.75
1669118400,4487.75,4488.25,4485.5,4488.25
1669118700,4488.5,4489.75,4487.25,4489.5
1669119000,4489.5,4492,4489.25,4491.75
1669119300,4491.75,4492.25,4490.25,4491.25
1669119600,4491,4492.5,4490,4491.5
1669119900,4491.5,4493.75,4491.25,4493
1669120200,4493,4494.75,4492,4492.25
1669120500,4492.25,4493.5,4491.5,4492.25
1669120800,4492,4492.25,4490.75,4491.5
1669121100,4491.75,4493,4491,4492.25
1669121400,4492,4494.5,4492,4493.25
1669121700,4493.25,4494,4491.75,4493.5
1669122000,4493.25,4499.75,4493.25,4498
1669122300,4497.75,4498.75,4497.25,4497.5
1669122600,4497.25,4499,4496.75,4498
1669122900,4498,4501,4497.5,4499.25
1669123200,4499,4500.5,4496.75,4497
1669123500,4497,4498,4496.25,4496.5
1669123800,4496.5,4498,4496,4497
1669124100,4497.25,4499,4496.5,4497
1669124400,4497,4499,4496.75,4497.5
1669124700,4497.5,4502.5,4496.5,4501.75
1669125000,4501.5,4503.75,4501.25,4502.25
1669125300,4502.25,4503.25,4500.75,4503
1669125600,4503.25,4504.5,4501,4501.25
1669125900,4501.25,4503,4500,4500.25
1669126200,4500.5,4502.5,4499.75,4501.75
1669126500,4501.75,4504.25,4499.75,4503.75
1669126800,4503.75,4504.25,4501.75,4503
1669127100,4503,4503.25,4501,4502.75
1669127400,4502.75,4505.25,4495.5,4497.75
1669127700,4497.75,4502,4491.75,4493.5
1669128000,4493.5,4495.75,4488,4491.5
1669128300,4491.5,4496,4490,4493
1669128600,4492.75,4495.25,4491.25,4492.5
1669128900,4492.5,4497,4491.75,4495.5
1669129200,4495.75,4503.5,4493.5,4500
1669129500,4500,4505,4499.5,4501.75
1669129800,4502,4509.5,4501.5,4509.25
1669130100,4509.25,4511,4505.25,4506.25
1669130400,4506.25,4507.75,4505,4505.5
1669130700,4505.5,4508.25,4503.75,4507.75
1669131000,4508,4511.75,4502.75,4506.25
1669131300,4506.25,4507.5,4502.25,4503.25
1669131600,4503.25,4507,4502.25,4506
1669131900,4506.25,4512.75,4504.75,4511.75
1669132200,4511.75,4514.5,4511,4511.5
1669132500,4511.75,4514.75,4509.5,4513.25
1669132800,4513.25,4514,4508.5,4509.5
1669133100,4509.75,4511.5,4508,4511
1669133400,4511,4513.25,4508.5,4508.75
1669133700,4508.5,4511,4503.5,4510.5
1669134000,4510.75,4511.5,4509,4510
1669134300,4510,4512.25,4508.75,4510.25
1669134600,4510.25,4510.5,4505.75,4509
1669134900,4508.75,4509.25,4504.75,4507.75
1669135200,4507.5,4509.75,4506.25,4507
1669135500,4507.25,4509,4505.75,4508.25
1669135800,4508.25,4510.25,4506.5,4509.75
1669136100,4509.5,4512.25,4509.25,4511
1669136400,4511.25,4515,4511,4513.25
1669136700,4513.25,4514.25,4509.75,4511
1669137000,4511,4513.75,4510.75,4512
1669137300,4512,4515.75,4512,4513.25
1669137600,4513.5,4513.5,4509.25,4511.25
1669137900,4511,4511.75,4509.5,4511.25
1669138200,4511.25,4512.75,4510.25,4511.75
1669138500,4512,4513.5,4511.5,4513
1669138800,4513,4514.25,4510.25,4514
1669139100,4513.75,4514.5,4512,4512.5
1669139400,4512.25,4513,4510.25,4511
1669139700,4511,4512,4510,4511.5
1669140000,4511.5,4514.25,4509.75,4512.5
1669140300,4512.5,4517.75,4510.75,4517
1669140600,4517.25,4520,4516.5,4519.75
1669140900,4519.5,4520.75,4518.5,4520
1669141200,4520,4520.75,4518,4520.25
1669141500,4520.25,4522.25,4519.5,4521.25
1669141800,4521.25,4522.5,4520,4520.5
1669142100,4520.75,4520.75,4518.25,4519.5
1669142400,4519.75,4521,4518.5,4520.5
1669142700,4520.5,4522,4520,4521.75
1669143000,4521.5,4524,4521,4522.75
1669143300,4523,4523,4521.25,4522
1669143600,4522.25,4524,4520.25,4522.75
1669143900,4522.75,4523.25,4519,4519
1669144200,4519,4520.75,4518.25,4519.25
1669144500,4519.25,4521.75,4518.5,4521
1669144800,4521,4522.25,4520.5,4521.75
1669145100,4521.75,4522.75,4521,4521.75
1669145400,4522,4522,4519.5,4519.75
1669145700,4520,4525.75,4520,4524.75
1669146000,4524.5,4525.25,4520.25,4521
1669146300,4521,4523.75,4520.75,4523.75
1669146600,4523.75,4526.5,4523,4525.75
1669146900,4525.75,4527,4524.75,4526
1669147200,4525.75,4531.25,4525,4530.5
1669147500,4530.75,4531.25,4529,4530.5
1669147800,4530.25,4531,4528,4530.75
1669148100,4530.75,4531.75,4528,4528.5
1669148400,4528.75,4531.75,4528.5,4531.5
1669148700,4531.5,4532.25,4529.75,4531
1669149000,4531.25,4533.5,4530,4533.25
1669149300,4533.25,4533.75,4531.5,4533.25
1669149600,4533,4533.5,4531.5,4532.5
1669149900,4532.25,4534.75,4532,4534
1669150200,4534,4537.75,4531.25,4534.25
1669150500,4534.25,4537.25,4532.5,4535.25
1669150800,4535.5,4536,4532.5,4534.25
1669151100,4534.5,4534.5,4533.25,4533.75
1669151400,4534,4535,4533,4534.5
1669151700,4534.25,4535,4533.75,4534.25
1669152000,4534.25,4534.75,4533.75,4534
1669152300,4533.75,4534.5,4533.25,4534.5
1669152600,4534.5,4534.5,4533.5,4533.75
1669152900,4534,4534.25,4533.25,4533.5
1669153200,4533.25,4533.5,4533,4533.25
1669153500,4533,4534.5,4532.25,4534
1669153800,4534.25,4534.75,4533.5,4533.75
1669154100,4534,4535,4533.75,4534.5
1669158000,4535.25,4537.25,4534.5,4535
1669158300,4535.25,4535.25,4534,4534.75
1669158600,4534.75,4536.25,4534.75,4535.75
1669158900,4535.5,4536.75,4535.25,4536.25
1669159200,4536,4537.25,4535.75,4536.5
1669159500,4536.5,4537,4535.5,4535.75
1669159800,4536,4536.75,4535,4535
1669160100,4535,4535.75,4535,4535.25
1669160400,4535,4535.75,4534.25,4534.75
1669160700,4535,4535.25,4534,4535
1669161000,4535,4535.25,4534,4534.75
1669161300,4534.75,4536.75,4534.5,4536.5
1669161600,4536.25,4539,4536.25,4538.75
1669161900,4538.75,4539.5,4537.5,4537.75
1669162200,4537.75,4538.5,4537.25,4538.25
1669162500,4538.25,4539,4536.75,4537
1669162800,4536.75,4537.75,4536.75,4537.25
1669163100,4537.25,4537.75,4536.75,4537
1669163400,4537,4537.5,4536.5,4537
1669163700,4537,4537.25,4536.5,4536.75
1669164000,4536.5,4536.5,4535.5,4536
1669164300,4535.75,4536.25,4535.25,4535.5
1669164600,4535.75,4536.25,4535,4535.25
1669164900,4535.25,4535.5,4534.5,4535.25
1669165200,4535,4535,4533.5,4534.75
1669165500,4534.75,4535.25,4534.25,4534.25
1669165800,4534.25,4534.5,4533.25,4533.75
1669166100,4533.5,4534,4533,4533.75
1669166400,4533.75,4533.75,4532.25,4533
1669166700,4533,4534.5,4533,4533.75
1669167000,4533.5,4533.75,4532.25,4533.25
1669167300,4533.25,4533.75,4532.75,4533.5
1669167600,4533.25,4535,4533.25,4533.75
1669167900,4533.75,4534.25,4532.25,4532.75
1669168200,4533,4533.5,4532.5,4533.5
1669168500,4533.25,4535.25,4533.25,4533.75
1669168800,4533.5,4534.75,4533.25,4534.25
1669169100,4534.25,4534.25,4533.25,4534.25
1669169400,4534,4534,4533.25,4533.5
1669169700,4533.5,4533.75,4532.75,4533
1669170000,4532.75,4533.5,4531.75,4532.25
1669170300,4532.5,4533.5,4532,4532.75
1669170600,4532.75,4533.25,4532.5,4532.75
1669170900,4532.5,4533.5,4532.5,4533
1669171200,4532.75,4533,4531.25,4532
1669171500,4532.25,4532.75,4532,4532.75
1669171800,4532.75,4533.5,4532.75,4533.5
1669172100,4533.5,4535,4533.5,4535
1669172400,4534.75,4535,4533,4533
1669172700,4532.75,4533.25,4532.5,4533
1669173000,4533,4533.5,4532.75,4533.25
1669173300,4533,4533.25,4532.75,4533
1669173600,4533,4533.75,4533,4533.25
1669173900,4533.25,4533.5,4532.75,4533.5
1669174200,4533.5,4534.5,4533.25,4534.25
1669174500,4534.25,4534.5,4534,4534
1669174800,4534,4534.25,4533.75,4534.25
1669175100,4534.25,4535,4534,4534.75
1669175400,4534.75,4535,4533.75,4533.75
1669175700,4533.75,4533.75,4532.5,4533.25
1669176000,4533.25,4533.5,4531.5,4532
1669176300,4532.25,4532.5,4531.5,4532.5
1669176600,4532.25,4533.5,4532,4533
1669176900,4533,4533.25,4532.5,4533.25
1669177200,4533.25,4533.25,4533,4533
1669177500,4533.25,4533.25,4532.75,4532.75
1669177800,4533,4533.5,4532.75,4533
1669178100,4533,4533.25,4532,4532.75
1669178400,4533,4533.75,4533,4533
1669178700,4533,4533,4532.5,4532.75
1669179000,4532.75,4533.25,4532.5,4532.75
1669179300,4532.5,4533,4532.5,4533
1669179600,4533,4533.75,4532.5,4532.75
1669179900,4532.75,4533.5,4532.75,4532.75
1669180200,4532.75,4533.25,4532.5,4533
1669180500,4533.25,4533.75,4533,4533
1669180800,4533,4534.25,4533,4534.25
1669181100,4534.25,4534.5,4533.75,4534.25
1669181400,4534.5,4534.5,4533,4533.25
1669181700,4533.25,4534.25,4533,4533.75
1669182000,4534,4536,4534,4535.75
1669182300,4536,4536,4535,4535.25
1669182600,4535.25,4536.5,4535.25,4536
1669182900,4535.75,4536.25,4535.25,4535.75
1669183200,4535.75,4537.5,4535.75,4536.75
1669183500,4536.75,4537,4534.75,4535.25
1669183800,4535,4535,4534,4534.75
1669184100,4534.75,4535.5,4534,4534.25
1669184400,4534.5,4534.5,4533.75,4533.75
1669184700,4533.75,4533.75,4531.25,4532.5
1669185000,4532.5,4533.25,4532,4533.25
1669185300,4533.25,4533.25,4532.75,4533
1669185600,4533,4533.75,4532.5,4533.5
1669185900,4533.5,4534.25,4533.25,4534.25
1669186200,4534.25,4534.75,4534.25,4534.75
1669186500,4534.5,4535.75,4534.5,4535.5
1669186800,4535.5,4535.75,4534,4534.25
1669187100,4534.25,4534.5,4533.25,4534
1669187400,4534,4534,4532.75,4533.5
1669187700,4533.25,4533.75,4532,4533
1669188000,4533,4534.75,4532.5,4534.25
1669188300,4534,4535.75,4534,4535.75
1669188600,4535.75,4537.25,4534.75,4536.75
1669188900,4536.75,4537.5,4536.25,4536.25
1669189200,4536.25,4537.25,4536.25,4537
1669189500,4537.25,4541.25,4537,4540.5
1669189800,4540.5,4541.5,4540.25,4540.5
1669190100,4540.5,4541.25,4540,4540
1669190400,4540,4540.75,4537.75,4537.75
1669190700,4538,4539,4536.75,4538.75
1669191000,4539,4539.5,4538,4539
1669191300,4538.75,4539.25,4537.25,4537.5
1669191600,4537.75,4539.25,4537.5,4538.25
1669191900,4538.25,4539.5,4537.75,4538
1669192200,4538,4538.25,4533.25,4534.25
1669192500,4534.5,4536.75,4533.75,4535.25
1669192800,4535.25,4539,4535.25,4538
1669193100,4538,4539.75,4537.75,4538
1669193400,4538,4539.25,4537.75,4538.25
1669193700,4538.5,4538.75,4536,4536
1669194000,4536.25,4537,4534,4534.5
1669194300,4534.75,4536,4533.75,4535.5
1669194600,4535.5,4539.5,4535.5,4539.25
1669194900,4539,4540.25,4538.75,4539
1669195200,4539.25,4540.5,4538.5,4539.75
1669195500,4539.75,4540,4538,4538.25
1669195800,4538.5,4539.75,4538.25,4539.75
1669196100,4540,4541.5,4539.5,4541.5
1669196400,4541.5,4544,4541.25,4544
1669196700,4544,4544.25,4542,4543.25
1669197000,4543,4545,4542.5,4544.75
1669197300,4544.75,4547,4543.75,4544
1669197600,4544,4544.25,4541.25,4541.75
1669197900,4541.75,4543.25,4541.5,4542.25
1669198200,4542,4542,4539.75,4540.25
1669198500,4540.25,4541,4539.5,4540
1669198800,4539.75,4540.75,4539.5,4540.75
1669199100,4540.5,4540.75,4539.25,4539.75
1669199400,4540,4541,4539.25,4540.5
1669199700,4540.25,4540.75,4539.25,4539.5
1669200000,4539.5,4540.25,4539,4540
1669200300,4540,4540.25,4537.5,4537.5
1669200600,4537.5,4539,4537.25,4538.5
1669200900,4538.75,4540.25,4538,4539.25
1669201200,4539.5,4540.75,4539.25,4540
1669201500,4540,4540.5,4537.5,4540
1669201800,4540,4540,4536.25,4537.25
1669202100,4537.25,4537.75,4536,4536.25
1669202400,4536.25,4538.5,4536,4537.75
1669202700,4537.75,4539.5,4537.25,4539.25
1669203000,4539.25,4540,4538.5,4539.25
1669203300,4539.25,4540,4538.25,4539.5
1669203600,4539.75,4540.5,4539.25,4540
1669203900,4540,4540.25,4539.25,4540.25
1669204200,4540,4541,4539.75,4540.25
1669204500,4540.25,4541.75,4539.75,4541.75
1669204800,4541.75,4542.25,4538.75,4539.5
1669205100,4539.25,4539.5,4537.5,4539.5
1669205400,4539.25,4541.5,4539.25,4540.25
1669205700,4540.25,4541.75,4539.75,4540.75
1669206000,4540.75,4541.75,4539.75,4540
1669206300,4539.75,4540.25,4539,4539.75
1669206600,4539.5,4541.25,4538.75,4540.25
1669206900,4540.5,4542.5,4540.5,4542.25
1669207200,4542.25,4543.75,4540.5,4540.75
1669207500,4540.75,4543.25,4540.25,4542.75
1669207800,4542.5,4542.75,4540.75,4541.75
1669208100,4541.75,4542.75,4540.5,4541.5
1669208400,4541.25,4541.75,4540.5,4540.75
1669208700,4540.75,4541,4539.5,4539.75
1669209000,4539.75,4540.75,4538.75,4539.5
1669209300,4539.5,4539.5,4537,4537.25
1669209600,4537.5,4537.5,4534,4534.5
1669209900,4534.75,4536,4534,4535
1669210200,4534.75,4538.75,4532.25,4538.25
1669210500,4538.25,4539,4534.25,4534.75
1669210800,4534.75,4536.25,4529,4530
1669211100,4530,4530.75,4527.25,4529.75
1669211400,4529.5,4532.25,4529.5,4531.5
1669211700,4531.25,4532.75,4530.5,4532.25
1669212000,4532.5,4534.25,4532.25,4533
1669212300,4532.75,4534,4530.5,4531
1669212600,4531,4533.75,4530.5,4533.25
1669212900,4533.25,4534.75,4532.75,4533.75
1669213200,4534,4534.25,4530.75,4531.25
1669213500,4531.5,4532,4529.75,4531
1669213800,4531,4540.25,4530.25,4539.5
1669214100,4539.25,4545,4539.25,4544
1669214400,4544,4544.5,4539.25,4541.5
1669214700,4541.5,4553.75,4540.75,4547.5
1669215000,4547.5,4554.25,4547.25,4551.75
1669215300,4551.75,4552.5,4547.5,4549.5
1669215600,4549.75,4552.5,4542.25,4550.75
1669215900,4550.75,4556.5,4549.75,4552.25
1669216200,4552.5,4555,4550.75,4551.5
1669216500,4551.5,4552,4546.75,4551
1669216800,4551,4553.75,4549.25,4553.5
1669217100,4553.25,4555.5,4551.75,4555
1669217400,4555,4558.5,4554.25,4557
1669217700,4557,4557.5,4555,4557
1669218000,4557,4563.25,4556,4558.25
1669218300,4558.25,4558.75,4553.5,4555.25
1669218600,4555.25,4557.25,4553.75,4556.25
1669218900,4556.25,4557.25,4555.25,4557
1669219200,4556.75,4558.5,4554.25,4555.5
1669219500,4555.75,4558.75,4554.75,4557.75
1669219800,4557.75,4559.25,4556.5,4558.25
1669220100,4558.5,4559.75,4556.25,4556.75
1669220400,4556.75,4561,4556.25,4558.25
1669220700,4558.25,4558.75,4554.5,4557.25
1669221000,4557.25,4557.25,4553.25,4555.25
1669221300,4555.5,4555.5,4553,4554.5
1669221600,4554.25,4555.5,4553.5,4554.5
1669221900,4554.5,4554.75,4545.75,4546
1669222200,4546,4548.75,4538.75,4539.25
1669222500,4539,4540,4533.5,4539
1669222800,4539,4540.75,4538,4539.75
1669223100,4539.75,4543.75,4539.75,4543.25
1669223400,4543.5,4545,4541.75,4543
1669223700,4542.75,4544.5,4541.5,4543.25
1669224000,4543.25,4545,4542.25,4543.5
1669224300,4543.5,4546,4542.75,4543.5
1669224600,4543.5,4545.25,4541.75,4543.25
1669224900,4543.5,4544.75,4540.75,4543.5
1669225200,4543.5,4544,4538.75,4539.25
1669225500,4539.5,4542.5,4538.75,4541.5
1669225800,4541.25,4541.5,4533.75,4535.75
1669226100,4535.5,4536,4528.5,4533.75
1669226400,4533.5,4537.25,4530.75,4536.5
1669226700,4536.5,4537.25,4535.25,4536.5
1669227000,4536.5,4536.75,4534,4534.5
1669227300,4534.5,4538.25,4534.5,4538
1669227600,4537.75,4539.75,4537.25,4539.25
1669227900,4539.25,4542.25,4538.25,4542
1669228200,4542.25,4544.75,4542,4543.5
1669228500,4543.75,4547,4543.5,4545.25
1669228800,4545.5,4546.75,4544.25,4546.5
1669229100,4546.25,4547.5,4545,4545
1669229400,4545.25,4545.75,4542.5,4543.5
1669229700,4543.75,4545.5,4543,4545.25
1669230000,4545.25,4564,4537.5,4562.5
1669230300,4562.75,4563.25,4553,4556.75
1669230600,4556.75,4558.25,4548.25,4555.75
1669230900,4556,4558.5,4552.25,4554
1669231200,4554,4560,4552.25,4559.5
1669231500,4559.75,4564.5,4558.25,4559
1669231800,4559,4559.5,4553,4553.25
1669232100,4553.25,4553.5,4547.75,4549.5
1669232400,4549.25,4555.5,4548.75,4555
1669232700,4555,4561.25,4553.5,4559.5
1669233000,4559.5,4562.75,4556,4556.5
1669233300,4556.75,4560.25,4556.5,4557.75
1669233600,4557.75,4558.75,4553.25,4557.75
1669233900,4557.75,4561.25,4557.25,4560
1669234200,4560,4560.75,4557.25,4560.5
1669234500,4560.25,4564.75,4559.25,4563.5
1669234800,4563.5,4564.25,4558.25,4561.75
1669235100,4561.5,4562.75,4559.25,4559.5
1669235400,4559.5,4559.75,4555.25,4555.25
1669235700,4555.5,4558.25,4554.5,4558
1669236000,4558.25,4558.5,4555.5,4557.25
1669236300,4557,4557.25,4552.25,4553.75
1669236600,4553.5,4559,4553.5,4556
1669236900,4556.25,4560,4554.25,4559.75
1669237200,4559.75,4560.5,4557.75,4559.5
1669237500,4559.25,4560.75,4559.25,4560.5
1669237800,4560.25,4562,4560.25,4561
1669238100,4560.75,4563.5,4560.75,4563.5
1669238400,4563.25,4564,4563,4563.25
1669238700,4563.25,4563.75,4563.25,4563.25
1669239000,4563.5,4564.5,4563.25,4564.25
1669239300,4564.25,4564.5,4564,4564.25
1669239600,4564.25,4564.25,4564,4564
1669239900,4564.25,4564.25,4563.25,4564
1669240200,4563.75,4564.25,4563.5,4563.75
1669240500,4564,4564.75,4563.75,4564.5
1669244400,4564,4565.75,4563.5,4565
1669244700,4565,4565,4563.25,4564.25
1669245000,4564.25,4564.75,4563.75,4564.5
1669245300,4564.5,4565.25,4564.25,4564.75
1669245600,4564.75,4565.75,4564.75,4565
1669245900,4565,4565,4564,4564.25
1669246200,4564.25,4564.75,4563.25,4563.5
1669246500,4563.75,4563.75,4562.5,4562.75
1669246800,4562.75,4563.5,4562.5,4563.25
1669247100,4563.5,4564.5,4563.25,4564.25
1669247400,4564.5,4566.25,4564,4565.5
1669247700,4565.5,4566.25,4564.75,4566
1669248000,4566.25,4568.5,4566,4567.5
1669248300,4567.5,4568,4565.75,4566
1669248600,4566.25,4567.25,4565.75,4567
1669248900,4567,4568,4566.25,4567
1669249200,4567.25,4567.25,4566,4566.25
1669249500,4566.25,4567.25,4566,4567
1669249800,4566.75,4567.5,4566.25,4566.75
1669250100,4567,4567.25,4565.75,4566.25
1669250400,4566.25,4566.25,4564.75,4564.75
1669250700,4564.75,4565.75,4564.75,4565.25
1669251000,4565.5,4566,4565.25,4565.75
1669251300,4565.75,4567,4565.25,4566.75
1669251600,4566.5,4567.75,4566.25,4567.75
1669251900,4567.5,4568.5,4567.5,4568.25
1669252200,4568.5,4568.5,4567.25,4567.5
1669252500,4567.75,4568,4567.25,4568
1669252800,4567.75,4568,4567,4567.5
1669253100,4567.75,4568.75,4567.75,4568.25
1669253400,4568.25,4568.75,4567,4567.5
1669253700,4567.5,4567.75,4566.75,4566.75
1669254000,4566.75,4568.25,4566.75,4567.75
1669254300,4567.75,4568.75,4567.75,4568
1669254600,4567.75,4568,4567,4567.5
1669254900,4567.5,4567.75,4566.75,4567.5
1669255200,4567.25,4567.25,4565.25,4566
1669255500,4565.75,4567,4565.75,4566.75
1669255800,4567,4567,4566,4566.5
1669256100,4566.5,4567.5,4566.5,4567
1669256400,4567,4567.5,4566.25,4566.5
1669256700,4566.5,4567.5,4566.25,4567
1669257000,4567.25,4568,4567,4567.75
1669257300,4567.5,4568,4567.25,4567.75
1669257600,4567.75,4568.75,4567.75,4568.25
1669257900,4568,4569,4568,4568.25
1669258200,4568,4568.75,4567.75,4568.75
1669258500,4568.75,4568.75,4567.75,4567.75
1669258800,4568.25,4568.5,4568,4568.25
1669259100,4568.5,4568.5,4567.25,4567.5
1669259400,4567.75,4568,4567,4567
1669259700,4567.25,4567.5,4566.75,4567.25
1669260000,4567.5,4568,4567.25,4567.75
1669260300,4567.75,4568.25,4567.5,4568
1669260600,4568,4568,4567,4567.25
1669260900,4567,4567.75,4566.75,4567.75
1669261200,4567.5,4567.75,4566.75,4566.75
1669261500,4566.75,4567.5,4566.75,4567
1669261800,4567,4567.25,4566.25,4567
1669262100,4567,4567,4566.5,4566.75
1669262400,4566.75,4567,4566.5,4567
1669262700,4567,4567.25,4566.5,4567
1669263000,4567,4567,4566.25,4566.5
1669263300,4566.5,4566.5,4565.5,4565.75
1669263600,4565.75,4566,4565.5,4566
1669263900,4566,4566.25,4565.5,4565.5
1669264200,4565.5,4565.75,4565,4565.25
1669264500,4565.25,4566,4565,4566
1669264800,4566,4566.5,4565.75,4566
1669265100,4566,4567,4566,4566.75
1669265400,4566.75,4567,4566.5,4566.75
1669265700,4567,4567.25,4566.75,4567
1669266000,4567.25,4567.5,4566.75,4567.25
1669266300,4567.25,4567.5,4565.75,4565.75
1669266600,4565.5,4566.25,4565,4565
1669266900,4565,4565.75,4564.75,4565.75
1669267200,4565.5,4565.75,4565,4565.5
1669267500,4565.75,4566,4565.5,4565.5
1669267800,4565.5,4566,4565.5,4566
1669268100,4565.75,4566.75,4565.75,4566.25
1669268400,4566.5,4566.75,4566,4566.25
1669268700,4566.25,4566.5,4565.75,4566.25
1669269000,4566,4566.5,4566,4566.25
1669269300,4566.25,4566.5,4565.25,4565.25
1669269600,4565.25,4566,4564.75,4565.5
1669269900,4565.75,4565.75,4564.5,4564.5
1669270200,4564.75,4564.75,4563.75,4564.25
1669270500,4564.25,4564.5,4563.75,4564
1669270800,4564,4564.25,4563.5,4563.5
1669271100,4563.5,4564,4563.25,4563.25
1669271400,4563.5,4564.25,4563.25,4564.25
1669271700,4564.5,4564.75,4563.5,4564
1669272000,4564,4564.75,4563.75,4564.5
1669272300,4564.25,4565,4564,4564.75
1669272600,4565,4565,4564.5,4564.75
1669272900,4564.75,4565.25,4564.25,4565
1669273200,4565,4566,4563.75,4565.5
1669273500,4565.75,4567,4565.5,4567
1669273800,4567,4567.25,4566,4566.5
1669274100,4566.75,4568,4566.75,4567.25
1669274400,4567.5,4568.75,4567.5,4568.25
1669274700,4568.25,4569,4568.25,4568.25
1669275000,4568.5,4569.75,4568.25,4568.25
1669275300,4568.5,4568.75,4566.5,4566.75
1669275600,4566.5,4568.25,4566.5,4567.5
1669275900,4567.5,4567.75,4566.75,4567
1669276200,4567.25,4567.25,4565.5,4565.5
1669276500,4565.5,4565.75,4564.5,4564.5
1669276800,4564.5,4565.5,4563.75,4564.25
1669277100,4564.25,4565,4563.5,4565
1669277400,4564.75,4564.75,4563.75,4564.25
1669277700,4564.25,4565,4562.5,4563.75
1669278000,4563.75,4564.25,4563.25,4564
1669278300,4564,4564.25,4563,4563.5
1669278600,4563.5,4566,4562.5,4565.25
1669278900,4565.25,4567.5,4565,4567.5
1669279200,4567.5,4569.25,4566.75,4567.5
1669279500,4567.5,4568.5,4566.25,4568.5
1669279800,4568.5,4570,4568.5,4569.5
1669280100,4569.5,4570.75,4568.5,4569
1669280400,4569.25,4571.75,4569.25,4570.75
1669280700,4570.75,4571.75,4569.75,4570.75
1669281000,4570.75,4572.75,4570.75,4572.25
1669281300,4572.25,4572.75,4571.5,4572
1669281600,4572.25,4572.75,4571.25,4572.25
1669281900,4572,4572.75,4571.5,4572
1669282200,4572,4572.5,4570,4570.75
1669282500,4570.75,4572,4570.25,4571.5
1669282800,4571.5,4572,4571,4571.25
1669283100,4571.5,4571.5,4570,4570.25
1669283400,4570.25,4571,4569.75,4570
1669283700,4570.25,4570.25,4569.25,4569.75
1669284000,4569.75,4570.25,4569,4569.5
1669284300,4569.75,4570,4569,4570
1669284600,4570,4572,4570,4571.5
1669284900,4571.5,4572.25,4570.5,4571.75
1669285200,4571.5,4572.25,4571.25,4571.75
1669285500,4571.5,4572.75,4570.75,4572
1669285800,4572,4572.25,4569.5,4571.5
1669286100,4571.25,4572.75,4571.25,4572.5
1669286400,4572.5,4573.25,4571.25,4571.5
1669286700,4572,4572,4571.25,4572
1669287000,4572,4572.5,4571.5,4572.5
1669287300,4572.5,4574,4572,4574
1669287600,4574,4574.25,4573.25,4573.5
1669287900,4573.5,4573.5,4572.25,4572.5
1669288200,4572.5,4572.75,4571.5,4572
1669288500,4572,4572.5,4571.25,4572
1669288800,4572,4572.5,4571.5,4572
1669289100,4572,4572.25,4570.5,4571.25
1669289400,4571.25,4572.25,4571,4571.75
1669289700,4572,4573.25,4571.75,4573
1669290000,4572.75,4574,4572.5,4574
1669290300,4573.5,4574,4573,4573.25
1669290600,4573.25,4573.75,4573.25,4573.75
1669290900,4573.75,4574.25,4573.5,4573.5
1669291200,4573.5,4574.5,4572.5,4572.75
1669291500,4573,4573.25,4570,4570.25
1669291800,4570.25,4570.5,4569.25,4570
1669292100,4569.75,4570,4568.5,4568.5
1669292400,4568.5,4569.5,4567.5,4567.75
1669292700,4567.75,4568.75,4567.5,4568.5
1669293000,4568.5,4568.75,4567.75,4568.25
1669293300,4568.25,4568.5,4566,4567.5
1669293600,4567.5,4568,4566.75,4567.75
1669293900,4567.75,4567.75,4566.75,4567
1669294200,4567,4567.5,4566.75,4567.25
1669294500,4567.25,4568.25,4567.25,4567.25
1669294800,4567.25,4567.5,4565.75,4566.25
1669295100,4566.25,4567,4565.5,4565.75
1669295400,4565.5,4566,4563.75,4565
1669295700,4564.75,4566.5,4564.75,4566.25
1669296000,4566,4567.5,4565.75,4566.75
1669296300,4566.75,4567.5,4566.25,4566.25
1669296600,4566.5,4566.75,4565.25,4565.5
1669296900,4565.5,4567.25,4565,4566.75
1669297200,4566.75,4567.75,4566,4566.75
1669297500,4567,4567.5,4566.25,4566.5
1669297800,4566.5,4568.5,4566.25,4568.25
1669298100,4568.25,4569.25,4567.75,4569.25
1669298400,4569.25,4569.25,4568,4568.5
1669298700,4568.5,4568.75,4567.25,4567.5
1669299000,4567.25,4567.5,4566.25,4566.25
1669299300,4566.25,4566.25,4564.75,4566
1669299600,4566,4567.75,4565.75,4567.75
1669299900,4567.75,4568.75,4567.25,4568.5
1669300200,4568.5,4569.5,4568.25,4568.75
1669300500,4569,4569.75,4567.5,4569
1669300800,4569,4570,4568.25,4569.25
1669301100,4569.25,4570.25,4568.5,4569
1669301400,4569,4569.5,4567.25,4568.25
1669301700,4568.25,4569.5,4567.75,4569.25
1669302000,4569.25,4570.5,4569,4569.5
1669302300,4569.5,4570.5,4569,4569.25
1669302600,4569.25,4570.75,4569.25,4570.25
1669302900,4570.25,4571,4569.5,4569.5
1669303200,4569.75,4570.5,4569.5,4570.25
1669303500,4570.25,4570.5,4569.5,4570
1669303800,4569.75,4570.5,4569.25,4569.5
1669304100,4569.75,4570.5,4569.75,4570
1669304400,4570,4570,4569.5,4569.75
1669304700,4569.75,4570.5,4569.5,4569.5
1669305000,4569.5,4570.25,4569.5,4570
1669305300,4570,4572,4569.75,4572
1669305600,4571.75,4572.75,4571.25,4572
1669305900,4572,4572.25,4571,4571.75
1669306200,4571.75,4572.25,4571.25,4571.25
1669306500,4571.5,4571.75,4570.25,4570.5
1669306800,4570.5,4570.75,4569.75,4570.25
1669307100,4570.25,4570.75,4569,4569.25
1669307400,4569.5,4569.75,4568.75,4569
1669307700,4569,4570.5,4568.25,4570.5
1669308000,4570.5,4570.5,4569.75,4570
1669308300,4570,4570.5,4569.5,4570
1669308600,4569.75,4570.5,4569.75,4570.25
1669308900,4570.25,4570.75,4570,4570.5
1669309200,4570.5,4570.75,4570.25,4570.75
1669309500,4570.5,4570.75,4569.75,4570.25
1669309800,4570.5,4570.5,4569,4569.75
1669310100,4569.5,4570,4569.25,4569.5
1669310400,4569.25,4570.25,4569,4569.75
1669310700,4569.5,4570,4568.75,4568.75
1669311000,4568.75,4569.5,4568.75,4569.5
1669311300,4569.25,4569.5,4568.75,4569.25
1669311600,4569.25,4569.5,4568.25,4569.25
1669311900,4569.25,4570,4569,4569.5
1669312200,4569.5,4569.5,4569,4569.25
1669312500,4569.25,4569.75,4567.5,4568.75
1669330800,4569,4571.25,4567.75,4568.75
1669331100,4568.75,4569.25,4568,4568.5
1669331400,4568.25,4569,4567.5,4568.25
1669331700,4568.25,4568.75,4567.75,4568.75
1669332000,4568.75,4569.5,4568.75,4569.5
1669332300,4569.5,4570.25,4569.25,4570.25
1669332600,4570,4570.5,4569.5,4570
1669332900,4569.75,4570.5,4569.5,4570.25
1669333200,4570,4570.25,4569.5,4569.75
1669333500,4569.75,4570.25,4569.25,4570
1669333800,4569.75,4570,4569.25,4570
1669334100,4569.75,4570,4569.25,4569.25
1669334400,4569.25,4569.5,4568.25,4569.25
1669334700,4569.25,4569.5,4567,4567
1669335000,4567,4567.75,4565,4565.25
1669335300,4565.25,4565.75,4564.5,4565.5
1669335600,4565.25,4567,4565.25,4566.75
1669335900,4566.5,4567.25,4566,4566.25
1669336200,4566,4566.5,4565.5,4566.25
1669336500,4566.25,4566.5,4564.75,4566.25
1669336800,4566,4567.25,4566,4566.75
1669337100,4567,4568.25,4567,4567.5
1669337400,4567.5,4568.25,4567,4567.5
1669337700,4567.5,4568,4567,4567.5
1669338000,4567.5,4568.5,4567,4568.25
1669338300,4568,4569.25,4568,4569
1669338600,4569,4569.25,4568.25,4568.75
1669338900,4568.75,4569.25,4568.25,4569
1669339200,4569.25,4569.25,4568,4568.25
1669339500,4568.5,4568.75,4567.75,4567.75
1669339800,4567.75,4567.75,4565.75,4566
1669340100,4566,4567,4565.75,4566.5
1669340400,4566.5,4567,4566.25,4566.75
1669340700,4567,4568,4567,4567.25
1669341000,4567,4568,4566.5,4567.25
1669341300,4567.25,4567.75,4567.25,4567.5
1669341600,4567.25,4568.75,4567,4568.5
1669341900,4568.5,4568.75,4567.25,4567.75
1669342200,4567.75,4568,4566.5,4566.75
1669342500,4567,4567.25,4566.5,4567
1669342800,4567.25,4567.75,4566.75,4567
1669343100,4567,4567,4565.25,4566.5
1669343400,4566.75,4567.25,4566.5,4567
1669343700,4566.75,4567,4566.25,4566.75
1669344000,4567,4567.5,4566.75,4567
1669344300,4567,4567.25,4566.25,4566.25
1669344600,4566,4566.75,4566,4566.75
1669344900,4566.75,4567,4566.5,4566.75
1669345200,4566.75,4567,4565.5,4565.75
1669345500,4565.75,4567,4565.75,4567
1669345800,4567,4567,4566,4566.5
1669346100,4566.5,4566.75,4566.25,4566.75
1669346400,4566.75,4567,4566.25,4566.75
1669346700,4566.75,4567.25,4566.5,4566.5
1669347000,4566.75,4567,4566.25,4566.5
1669347300,4566.25,4566.75,4566,4566.5
1669347600,4566.5,4566.75,4566.5,4566.75
1669347900,4566.75,4567,4566.5,4566.75
1669348200,4566.5,4567.25,4566.5,4567.25
1669348500,4567.25,4567.5,4567,4567.5
1669348800,4567.5,4568.25,4567.25,4568
1669349100,4568,4568.75,4568,4568.5
1669349400,4568.25,4569.25,4568.25,4568.5
1669349700,4568.5,4568.75,4568,4568.5
1669350000,4568.5,4568.75,4568.25,4568.75
1669350300,4569,4569,4568.5,4568.5
1669350600,4568.5,4568.5,4568,4568.25
1669350900,4568.25,4568.25,4567.75,4568.25
1669351200,4568.5,4568.75,4568,4568.25
1669351500,4568.25,4568.5,4568,4568.5
1669351800,4568.5,4568.75,4568.25,4568.75
1669352100,4568.5,4568.5,4568,4568.25
1669352400,4568.25,4568.25,4567.5,4568.25
1669352700,4568.25,4568.5,4568,4568.25
1669353000,4568.25,4569.5,4568,4568.5
1669353300,4568.25,4568.5,4568.25,4568.25
1669353600,4568.25,4568.75,4568,4568.25
1669353900,4568.25,4568.25,4566.75,4566.75
1669354200,4566.75,4568.25,4566.75,4567.75
1669354500,4568,4568.5,4567.5,4568.25
1669354800,4568,4568,4567,4567.5
1669355100,4567.5,4567.75,4567,4567
1669355400,4567,4567.25,4566.75,4567
1669355700,4566.75,4567.25,4566.5,4566.75
1669356000,4566.75,4567.75,4566.75,4567.5
1669356300,4567.5,4567.75,4567,4567.25
1669356600,4567.5,4568,4567.25,4567.75
1669356900,4567.5,4567.5,4566.75,4567
1669357200,4567,4567.5,4566.75,4567
1669357500,4567,4567.25,4565.75,4566.25
1669357800,4566.25,4567.25,4566.25,4567.25
1669358100,4567.25,4567.5,4567,4567
1669358400,4567,4568.5,4567,4568.25
1669358700,4568.25,4568.5,4568.25,4568.5
1669359000,4568.25,4568.75,4568.25,4568.25
1669359300,4568.5,4569.25,4568,4569.25
1669359600,4569,4569.25,4567.5,4568
1669359900,4568.25,4568.25,4567.5,4567.75
1669360200,4567.5,4568.5,4567.25,4568
1669360500,4568,4568.25,4567,4567.5
1669360800,4567.5,4569,4567.5,4568.5
1669361100,4568.75,4570.75,4568.5,4570
1669361400,4570.25,4570.5,4569.25,4569.75
1669361700,4569.75,4570.5,4569.5,4569.5
1669362000,4569.75,4570.5,4569.5,4570.25
1669362300,4570.5,4571,4569.5,4569.75
1669362600,4570,4570,4568.25,4569
1669362900,4569,4569.5,4566.5,4566.5
1669363200,4566.5,4567.75,4565.5,4566.75
1669363500,4567,4568.25,4565.75,4567.75
1669363800,4567.75,4568.5,4567.25,4568.25
1669364100,4568.25,4569.75,4567.25,4567.75
1669364400,4567.5,4570.25,4567.5,4570
1669364700,4570,4570.75,4567.5,4568
1669365000,4568,4568.5,4567.25,4568.5
1669365300,4568.25,4569.25,4567,4567.25
1669365600,4567,4567.25,4566,4566
1669365900,4566,4566,4563.25,4564.5
1669366200,4564.5,4565.75,4563,4563.5
1669366500,4563.25,4565.75,4563.25,4565.5
1669366800,4565.5,4566.25,4564.5,4565.75
1669367100,4565.75,4566.75,4565.25,4566.5
1669367400,4566.25,4567,4564.5,4565
1669367700,4565,4566.25,4564.5,4565.25
1669368000,4565,4565.25,4563.25,4564.5
1669368300,4564.5,4564.75,4563.5,4564.25
1669368600,4564.25,4565.75,4564,4565.75
1669368900,4565.75,4565.75,4563,4563.5
1669369200,4563.5,4568.25,4560.75,4562.25
1669369500,4562,4562.25,4559.5,4561
1669369800,4561,4561,4558,4558.75
1669370100,4559,4560.25,4558.25,4560.25
1669370400,4560,4560.25,4557.5,4558.5
1669370700,4558.25,4560.25,4557.75,4559.75
1669371000,4559.75,4560.25,4558.75,4559.25
1669371300,4559,4560.75,4559,4560.75
1669371600,4560.75,4562.5,4560.5,4562
1669371900,4562.25,4563.75,4562,4563.75
1669372200,4563.5,4564,4562.25,4563.5
1669372500,4563.25,4564.75,4563,4564.5
1669372800,4564.25,4564.5,4562.75,4564.25
1669373100,4564,4566.25,4564,4565
1669373400,4565,4565.5,4564,4565.25
1669373700,4565.25,4566.25,4564,4564.25
1669374000,4564.5,4565,4563.5,4564.25
1669374300,4564.25,4564.5,4563,4563
1669374600,4563,4565.25,4562.75,4565.25
1669374900,4565.5,4566,4563.25,4563.75
1669375200,4563.5,4564.5,4562.75,4564.5
1669375500,4564.5,4566,4564.5,4565.75
1669375800,4565.5,4566.25,4564.75,4565.5
1669376100,4565.5,4565.5,4563.75,4564.25
1669376400,4564.25,4564.75,4563,4563.25
1669376700,4563.25,4563.75,4562.25,4563.25
1669377000,4563,4563.75,4562.5,4562.75
1669377300,4562.75,4563.25,4561.25,4562.25
1669377600,4562.25,4563.5,4561.75,4563
1669377900,4563,4565,4563,4564
1669378200,4563.75,4564.25,4563,4564.25
1669378500,4564.25,4564.25,4562.75,4563.75
1669378800,4564,4565.75,4563.75,4565.75
1669379100,4565.5,4566.75,4564.75,4565.5
1669379400,4565.5,4566.5,4564,4564.25
1669379700,4564,4564.75,4562.5,4563.75
1669380000,4564,4564.25,4563,4563.25
1669380300,4563.25,4564,4562.75,4563.25
1669380600,4563.25,4565,4562.75,4563.25
1669380900,4563,4563.75,4562.5,4563.75
1669381200,4563.5,4564,4562.5,4562.75
1669381500,4563,4563,4561.75,4562.25
1669381800,4562.25,4563,4561.75,4561.75
1669382100,4562,4562.75,4560.75,4562.5
1669382400,4562.5,4563.25,4559.75,4561
1669382700,4561,4561.75,4559.5,4559.75
1669383000,4560,4560,4557.25,4557.5
1669383300,4557.5,4558.5,4556.5,4557.25
1669383600,4557.25,4558.5,4556.25,4556.5
1669383900,4556.5,4556.5,4555.25,4556.25
1669384200,4556.25,4557.75,4556,4557
1669384500,4557,4557.25,4555.5,4556.25
1669384800,4556.25,4557.25,4555.25,4556
1669385100,4556,4556,4554.25,4554.5
1669385400,4554.5,4555,4553.25,4554.25
1669385700,4554,4554.5,4551.75,4552
1669386000,4552,4552.5,4550,4552.5
1669386300,4552.25,4554.75,4552,4553.5
1669386600,4553.25,4556.5,4550.5,4551.25
1669386900,4551.25,4557.75,4550.75,4555
1669387200,4555,4557.75,4553.25,4555
1669387500,4555,4557.25,4553.25,4553.5
1669387800,4553.75,4558.75,4553.5,4556.75
1669388100,4556.75,4561,4556,4560
1669388400,4560,4561.75,4558.25,4561.25
1669388700,4561.25,4562.75,4560,4561.75
1669389000,4561.75,4562.5,4559,4560.25
1669389300,4560.5,4563.5,4560.25,4561.5
1669389600,4561.25,4563.25,4560.5,4561
1669389900,4561,4562.75,4559.5,4560.5
1669390200,4560.5,4561.75,4559,4560.5
1669390500,4560.75,4562,4558.5,4559.5
1669390800,4559.75,4561,4558.75,4560.25
1669391100,4560.25,4562.75,4559.25,4562
1669391400,4562,4562.5,4559.75,4562
1669391700,4562,4562.75,4561,4561.75
1669392000,4561.75,4564.5,4560.25,4562.75
1669392300,4563,4564.5,4562.75,4563.5
1669392600,4563.25,4563.75,4560.5,4560.75
1669392900,4561,4562,4559.75,4561.25
1669393200,4561.5,4562,4559.75,4560.5
1669393500,4560.5,4561,4557.25,4558.25
1669393800,4558.5,4558.75,4555.25,4557.5
1669394100,4557.5,4559,4557,4558.75
1669394400,4558.75,4559.75,4557.5,4559.75
1669394700,4559.75,4561,4559.25,4560.5
1669395000,4560.5,4561.25,4560,4561
1669395300,4561,4561.75,4559.75,4560.5
1669395600,4560.5,4560.75,4558.5,4558.75
1669395900,4558.75,4560.5,4557.5,4558.25
1669396200,4558.5,4560,4557.75,4559
1669396500,4559,4559.75,4557.75,4559
1669396800,4559.25,4559.5,4558.5,4559.25
1669397100,4559.5,4561.5,4559.5,4560.75
1669397400,4561,4561,4557.25,4557.5
1669397700,4557.5,4559.25,4556.25,4558.25
1669398000,4558,4558.5,4556.25,4556.75
1669398300,4557,4557.25,4554,4554.25
1669398600,4554.25,4557,4554,4556
1669398900,4555.75,4558.75,4553.75,4558.25
1669399200,4558.25,4559.75,4556.75,4559
1669399500,4559,4559.25,4557,4557.75
1669399800,4557.5,4559.5,4556.75,4559.5
1669590000,4545.5,4547.25,4542.5,4544.25
1669590300,4544.5,4546.75,4544.5,4546
1669590600,4545.75,4548,4545.25,4547.75
1669590900,4547.75,4549.25,4546.5,4547.5
1669591200,4547.5,4547.5,4546,4546.5
1669591500,4546.5,4547.5,4545.25,4546.75
1669591800,4546.75,4547,4545,4545.75
1669592100,4545.5,4545.75,4544,4544.25
1669592400,4544.25,4544.75,4543,4543
1669592700,4543,4543.5,4541.5,4542.25
1669593000,4542.25,4543.5,4542,4543
1669593300,4543,4543.25,4541.25,4541.25
1669593600,4541.25,4543.25,4540.75,4542.25
1669593900,4542.25,4543,4541.5,4541.75
1669594200,4541.75,4541.75,4541,4541.5
1669594500,4541.5,4541.5,4539.75,4540.25
1669594800,4540.25,4540.5,4538.75,4539.5
1669595100,4539.5,4540.25,4538.75,4540
1669595400,4540,4540.75,4539.25,4540
1669595700,4540,4540.5,4539.25,4540
1669596000,4540,4541.5,4540,4541.25
1669596300,4541.25,4541.5,4540.25,4540.5
1669596600,4540.5,4540.75,4537,4538.75
1669596900,4538.5,4539.25,4538.25,4538.5
1669597200,4538.5,4538.5,4537,4537.25
1669597500,4537.5,4537.5,4534.5,4535.75
1669597800,4535.75,4536.25,4535,4535
1669598100,4535.25,4536,4533.75,4533.75
1669598400,4533.75,4534,4532.75,4533.25
1669598700,4533.5,4534,4532.25,4532.5
1669599000,4532.5,4533,4531,4531.25
1669599300,4531.25,4531.25,4528.75,4530
1669599600,4530,4530.75,4529.75,4530.25
1669599900,4530,4530.5,4529.25,4529.5
1669600200,4529.75,4531,4529.25,4530.75
1669600500,4530.75,4531,4530,4530.25
1669600800,4530.5,4530.5,4527.75,4528
1669601100,4528.25,4528.75,4526.75,4526.75
1669601400,4527,4529.5,4527,4529.25
1669601700,4529.25,4530.5,4529,4530.25
1669602000,4530,4531.5,4530,4531
1669602300,4531,4532.25,4530.5,4530.75
1669602600,4531,4532.25,4530.75,4531.5
1669602900,4531.75,4532.5,4531,4532
1669603200,4531.75,4533.75,4531.5,4533.5
1669603500,4533.5,4533.75,4532.25,4532.75
1669603800,4532.5,4533.5,4532.25,4532.5
1669604100,4532.75,4533.5,4532.5,4533.25
1669604400,4533,4533.5,4532.75,4533
1669604700,4533,4533,4530.75,4531
1669605000,4531.25,4531.75,4530.25,4531.25
1669605300,4531.5,4532.25,4530.75,4531.75
1669605600,4532,4532.25,4531,4531
1669605900,4531,4532.5,4530.75,4532.25
1669606200,4532.25,4532.75,4532,4532.25
1669606500,4532.5,4532.75,4532,4532.25
1669606800,4532.25,4533,4532.25,4532.75
1669607100,4532.5,4532.5,4531.5,4531.5
1669607400,4531.5,4532,4531.25,4532
1669607700,4532.25,4532.25,4531.25,4531.5
1669608000,4531.5,4532.75,4531.25,4532.5
1669608300,4532.75,4532.75,4531.5,4531.5
1669608600,4531.5,4532,4531.5,4531.75
1669608900,4532,4532.5,4531.5,4531.75
1669609200,4532,4532.5,4531.75,4532
1669609500,4532.25,4532.5,4532,4532.5
1669609800,4532.5,4532.75,4531.75,4532
1669610100,4532,4532,4531.5,4531.75
1669610400,4531.75,4532.5,4531.75,4532
1669610700,4531.75,4532.25,4531.75,4532
1669611000,4531.75,4532,4531.5,4531.75
1669611300,4531.75,4532.25,4531.75,4532
1669611600,4532,4532,4529.25,4529.25
1669611900,4529.25,4529.25,4527.25,4528
1669612200,4528.25,4529,4527.5,4529
1669612500,4529,4529,4527,4527.5
1669612800,4527.75,4528.5,4527.75,4528
1669613100,4528.25,4528.25,4526.25,4526.5
1669613400,4526.5,4528,4522.75,4527.75
1669613700,4527.75,4529,4527.75,4528
1669614000,4528,4528.5,4527.75,4528
1669614300,4528,4528.75,4527.25,4527.5
1669614600,4527.75,4528,4526.25,4526.5
1669614900,4526.5,4528,4525.5,4527.75
1669615200,4528,4529.5,4527.25,4529.25
1669615500,4529,4529.25,4527.75,4529.25
1669615800,4529.25,4529.75,4528.75,4529
1669616100,4529.25,4530.25,4529,4530
1669616400,4530.25,4531,4529.75,4530.5
1669616700,4530.5,4531,4529.25,4530
1669617000,4530,4532.25,4529.75,4532
1669617300,4532,4533.75,4531.5,4533.5
1669617600,4533.5,4533.75,4532.5,4533
1669617900,4533,4533.75,4533,4533.5
1669618200,4533.75,4533.75,4533,4533.5
1669618500,4533.5,4533.75,4533.25,4533.5
1669618800,4533.75,4535.25,4533,4533.75
1669619100,4533.5,4534.5,4531.25,4532
1669619400,4531.75,4534.5,4531.25,4533.5
1669619700,4533.5,4536.75,4533.5,4536
1669620000,4535.75,4537.75,4535,4535.75
1669620300,4535.75,4537.25,4534.75,4536.25
1669620600,4536.25,4536.75,4535.5,4535.5
1669620900,4535.75,4536,4534.5,4535.25
1669621200,4535.25,4537,4535.25,4536.75
1669621500,4536.75,4537,4534.75,4535.25
1669621800,4535,4536,4533.75,4534.25
1669622100,4534.25,4535.25,4533,4533.5
1669622400,4533.25,4535.5,4532.5,4533.75
1669622700,4534,4538.75,4533.5,4538.25
1669623000,4538.25,4540,4537.25,4539.5
1669623300,4539.25,4541,4538.5,4540
1669623600,4540,4541.5,4539.25,4540.75
1669623900,4540.75,4543.75,4540.75,4542.75
1669624200,4542.75,4543.25,4540,4540.25
1669624500,4540.25,4541,4537.5,4537.75
1669624800,4537.75,4540.75,4537.25,4539
1669625100,4539,4539.25,4534.75,4535.25
1669625400,4535.25,4537.5,4535,4537.25
1669625700,4537.25,4537.75,4535.25,4535.5
1669626000,4535.5,4537.5,4532.25,4534
1669626300,4534.25,4534.5,4531.5,4533
1669626600,4533,4534,4530.75,4531.75
1669626900,4531.5,4535,4531.25,4535
1669627200,4535,4536.25,4533.75,4534.75
1669627500,4534.75,4535,4530.5,4530.75
1669627800,4530.75,4531,4528.75,4529.25
1669628100,4529.25,4532.5,4528,4531.5
1669628400,4531.25,4531.75,4528.75,4529
1669628700,4529.25,4529.25,4522,4524
1669629000,4523.75,4525.25,4520.75,4520.75
1669629300,4520.75,4522.5,4518.25,4520
1669629600,4519.75,4520.25,4517.5,4519.75
1669629900,4520,4522.5,4519.5,4522.25
1669630200,4522.25,4523.25,4520.75,4521.25
1669630500,4521.25,4523.25,4521.25,4522.75
1669630800,4522.75,4525.5,4522.25,4524.75
1669631100,4525,4526,4524.5,4525.75
1669631400,4525.75,4526.75,4524.75,4525.5
1669631700,4525.5,4526.75,4523.75,4524.25
1669632000,4524.5,4527.5,4524.25,4527.25
1669632300,4527,4527,4524,4524.25
1669632600,4524,4525.25,4522.25,4523
1669632900,4523,4525.25,4522.5,4525.25
1669633200,4525.25,4525.5,4522.5,4525.5
1669633500,4525.5,4529.5,4525.25,4528.25
1669633800,4528.5,4530,4528,4528.5
1669634100,4528.5,4529,4526.75,4526.75
1669634400,4527,4527.75,4526,4526.5
1669634700,4526.5,4527.75,4526,4527
1669635000,4527,4527.75,4526,4527
1669635300,4526.75,4528,4524,4525.25
1669635600,4525,4525.5,4522.5,4523.25
1669635900,4523,4523.25,4521.75,4523
1669636200,4523.25,4524,4522.5,4523.75
1669636500,4524,4528.25,4523.5,4528
1669636800,4527.75,4529.25,4526.25,4526.5
1669637100,4526.5,4528.75,4526.5,4528.75
1669637400,4528.75,4530,4528.5,4529.5
1669637700,4529.75,4530.75,4529,4529.75
1669638000,4529.75,4531.25,4529.25,4531.25
1669638300,4531.25,4531.25,4527.25,4528.25
1669638600,4528.25,4528.5,4527,4528.5
1669638900,4528.5,4530.25,4527.25,4529.5
1669639200,4529.25,4530.5,4528.75,4529.5
1669639500,4529.5,4530.25,4528.5,4529
1669639800,4528.75,4529.25,4527.5,4528
1669640100,4528,4530.25,4528,4528.75
1669640400,4528.75,4529,4526,4526.75
1669640700,4526.75,4529.75,4526.5,4528.25
1669641000,4528,4530.5,4527.25,4527.5
1669641300,4527.5,4527.5,4525,4525.25
1669641600,4525.25,4526,4523.25,4525.75
1669641900,4525.5,4528,4524.5,4527.75
1669642200,4528,4530,4527,4529.5
1669642500,4529.5,4530.25,4528.5,4529
1669642800,4529.25,4529.75,4528,4528.5
1669643100,4528.75,4528.75,4526.75,4528.25
1669643400,4528.25,4530,4527.75,4528
1669643700,4528,4529,4526.5,4527.75
1669644000,4527.5,4528,4523,4523.75
1669644300,4523.75,4524.25,4522,4523.75
1669644600,4523.75,4526,4523.75,4525.5
1669644900,4525.5,4525.75,4522.5,4522.75
1669645200,4522.75,4523.25,4521,4522.75
1669645500,4522.75,4525.75,4522.25,4525.5
1669645800,4525.75,4538.5,4524.75,4538.25
1669646100,4538.25,4543,4537.75,4539.25
1669646400,4539.25,4540,4535.5,4537.5
1669646700,4537.25,4540.25,4535.25,4536.25
1669647000,4536.5,4537,4533.5,4535
1669647300,4535,4535,4530.75,4533.25
1669647600,4533.25,4534.25,4530.25,4534
1669647900,4533.75,4535,4531.25,4533
1669648200,4533,4536,4530,4535.75
1669648500,4535.75,4536.25,4533.5,4536
1669648800,4536,4537.25,4525.75,4527.75
1669649100,4527.75,4528.75,4522.75,4528
1669649400,4528,4529.5,4525.75,4526.25
1669649700,4526.5,4530.25,4525.75,4528.75
1669650000,4528.75,4530.25,4527,4527.25
1669650300,4527.25,4528.5,4523.75,4525
1669650600,4525.25,4525.25,4518.5,4521
1669650900,4520.75,4522.75,4519,4519.75
1669651200,4519.75,4523.25,4519,4520.5
1669651500,4520.25,4522,4516.5,4520.5
1669651800,4520.5,4522.75,4518.5,4522
1669652100,4522,4523.25,4520.25,4520.25
1669652400,4520.25,4522.25,4519,4521.25
1669652700,4521.25,4522.75,4518.5,4520
1669653000,4520,4521.75,4518.75,4519.25
1669653300,4519.25,4522,4518,4522
1669653600,4521.75,4524.5,4519.75,4522.5
1669653900,4522.5,4525,4521.75,4524.25
1669654200,4524,4525.5,4523,4525
1669654500,4524.75,4525.5,4523.25,4523.5
1669654800,4523.5,4526.25,4510.25,4518
1669655100,4517.75,4529.25,4514.25,4514.5
1669655400,4514.5,4516.75,4512.25,4514.75
1669655700,4514.75,4523,4514.5,4522
1669656000,4522,4523.5,4520.25,4520.5
1669656300,4520.5,4523,4519.75,4519.75
1669656600,4520,4524.25,4519.75,4521.75
1669656900,4521.5,4524.25,4521.5,4522.5
1669657200,4522.5,4523.75,4520.75,4520.75
1669657500,4521,4522.25,4518.25,4518.25
1669657800,4518.5,4518.75,4510.25,4511.25
1669658100,4511.25,4513.25,4510.25,4510.75
1669658400,4511,4513,4510.25,4513
1669658700,4512.75,4514,4511,4511.25
1669659000,4511.5,4514,4508.75,4513.5
1669659300,4513.5,4514,4512.25,4513.75
1669659600,4513.5,4514.75,4513,4513.5
1669659900,4513.5,4514.75,4511.75,4512.25
1669660200,4512.5,4513,4509,4509.5
1669660500,4509.25,4512.25,4508.5,4511.5
1669660800,4511.25,4511.75,4507.75,4507.75
1669661100,4507.75,4508.75,4506.5,4507.25
1669661400,4507.5,4508,4504.25,4505.25
1669661700,4505.25,4505.75,4498.75,4500
1669662000,4500,4502,4497.75,4498.75
1669662300,4499,4500.25,4496.25,4496.5
1669662600,4496.5,4497.75,4495.75,4496
1669662900,4495.75,4498.25,4495.5,4497.25
1669663200,4497,4497.5,4493,4494.75
1669663500,4495,4496,4494,4494.5
1669663800,4494.25,4496.75,4492.5,4495.75
1669664100,4495.75,4497.75,4495,4497
1669664400,4496.75,4498,4496,4498
1669664700,4497.75,4498.75,4495.25,4495.75
1669665000,4495.75,4497.75,4495.75,4497
1669665300,4496.75,4497.25,4493,4494.25
1669665600,4494.5,4495.25,4492.25,4493.25
1669665900,4493.5,4494.5,4491.5,4492.5
1669666200,4492.5,4492.5,4488.25,4489.25
1669666500,4489.25,4489.75,4487.25,4488.5
1669666800,4488.75,4491,4487.25,4487.5
1669667100,4487.25,4487.5,4485.75,4486.75
1669667400,4486.75,4488.25,4485.5,4486.75
1669667700,4487,4490.25,4486.75,4488.75
1669668000,4488.75,4493.25,4488,4492.25
1669668300,4492.5,4492.75,4486.5,4486.75
1669668600,4486.75,4492.25,4486.75,4492.25
1669668900,4492.25,4497.25,4491,4493.75
1669669200,4493.75,4497.75,4493.5,4495.25
1669669500,4495,4496.75,4494.5,4496.5
1669669800,4496.5,4498.5,4496.5,4497.75
1669670100,4497.5,4498,4496.75,4497.5
1669670400,4497.5,4498,4497.25,4497.5
1669670700,4497.25,4497.5,4496.75,4497.25
1669671000,4497,4497.25,4496,4497
1669671300,4497,4497.75,4496.25,4497
1669671600,4497,4497.75,4497,4497.75
1669671900,4497.75,4498.5,4497.5,4498.5
1669672200,4498.25,4498.5,4497.75,4498
1669672500,4497.75,4498,4496.5,4496.75
1669676400,4497.25,4498.25,4495.5,4495.75
1669676700,4496,4497,4495.75,4496.25
1669677000,4496.25,4496.5,4495,4495.25
1669677300,4495.25,4497,4495,4497
1669677600,4497,4497.75,4496.75,4497
1669677900,4497.25,4497.5,4495.5,4497
1669678200,4497,4497.25,4495.5,4495.5
1669678500,4495.5,4496.5,4495.25,4496.25
1669678800,4496.25,4497.5,4495.5,4497
1669679100,4497,4497.25,4495.5,4496
1669679400,4496.25,4497.25,4496,4497
1669679700,4497,4497.5,4496.25,4496.75
1669680000,4496.5,4497.25,4494.5,4495.5
1669680300,4495.5,4497,4495.25,4495.5
1669680600,4495.5,4496,4494.75,4495.75
1669680900,4495.75,4497,4495.25,4496.5
1669681200,4496.75,4498.75,4496.5,4498.5
1669681500,4498.5,4499.5,4498.25,4499
1669681800,4499,4499.25,4498.5,4499.25
1669682100,4499,4500.25,4499,4499.75
1669682400,4499.75,4500,4499.25,4499.5
1669682700,4499.25,4499.75,4498.75,4499
1669683000,4499.25,4500.25,4498.75,4499.75
1669683300,4500,4500.25,4498.75,4498.75
1669683600,4499,4499.25,4498.5,4499
1669683900,4499.25,4500,4498.75,4499.75
1669684200,4500,4500.25,4499.25,4499.75
1669684500,4500,4500.25,4498.5,4498.5
1669684800,4498.75,4498.75,4497.75,4498
1669685100,4498.25,4499.25,4498.25,4498.25
1669685400,4498.5,4499.5,4496.25,4497
1669685700,4497,4498.25,4496.5,4497.5
1669686000,4497.5,4500,4497,4499.5
1669686300,4499.5,4501.25,4499.25,4499.75
1669686600,4499.75,4501,4499.5,4500.5
1669686900,4500.25,4501.5,4500.25,4501
1669687200,4501,4501,4500.25,4500.5
1669687500,4500.25,4501.25,4500.25,4501
1669687800,4500.75,4501.5,4500.5,4501
1669688100,4501,4501.25,4500,4500.5
1669688400,4500.5,4501.5,4500.25,4501
1669688700,4501,4501.5,4500.75,4501
1669689000,4501,4502.25,4500.75,4501
1669689300,4501.25,4501.5,4500.75,4501
1669689600,4501.25,4502.25,4501.25,4501.5
1669689900,4501.5,4501.75,4500.25,4501
1669690200,4501,4501.25,4499.75,4499.75
1669690500,4499.75,4500.5,4499.75,4500
1669690800,4500,4501.25,4499.25,4501
1669691100,4500.75,4501.5,4500.75,4501.5
1669691400,4501.5,4502.25,4501.25,4502.25
1669691700,4502.25,4504,4502.25,4503.75
1669692000,4504,4505,4503.75,4504.5
1669692300,4504.75,4505.75,4504.5,4505.5
1669692600,4505.25,4506.5,4505,4506.5
1669692900,4506.5,4506.5,4504,4504.5
1669693200,4504.5,4505.5,4504.25,4505
1669693500,4505,4506.5,4505,4506.5
1669693800,4506.25,4507,4506,4506.5
1669694100,4506.75,4506.75,4506,4506.5
1669694400,4506.5,4507.5,4506,4506.5
1669694700,4506.5,4507.25,4506,4506.5
1669695000,4506.5,4507.5,4506.5,4506.5
1669695300,4506.75,4507,4506.25,4506.75
1669695600,4506.75,4507.5,4506.25,4507.25
1669695900,4507.5,4508.5,4507,4508
1669696200,4508,4508.75,4507.75,4508.25
1669696500,4508.25,4509,4508.25,4508.25
1669696800,4508.5,4509,4508.25,4508.25
1669697100,4508.5,4508.75,4508,4508.25
1669697400,4508.25,4508.5,4508,4508.25
1669697700,4508.25,4508.75,4507.75,4507.75
1669698000,4507.75,4509,4507.5,4508.75
1669698300,4508.5,4509.5,4508.25,4508.75
1669698600,4508.75,4509.75,4508.75,4509
1669698900,4508.75,4509.75,4508.5,4509.5
1669699200,4509.5,4509.75,4508.5,4508.5
1669699500,4508.75,4509.5,4508.25,4509
1669699800,4509.25,4509.5,4507.5,4507.75
1669700100,4507.75,4508,4507,4507
1669700400,4507.25,4507.5,4506.25,4507.5
1669700700,4507.75,4508.5,4507.5,4508
1669701000,4508,4509,4507.75,4508.25
1669701300,4508.25,4508.75,4507.75,4508.25
1669701600,4508.25,4508.5,4507.5,4507.75
1669701900,4507.75,4508,4507,4507.5
1669702200,4507.5,4507.75,4506.25,4506.5
1669702500,4506.5,4506.75,4504.75,4505.5
1669702800,4505.25,4505.5,4504.5,4504.75
1669703100,4505,4506.25,4504.75,4505.75
1669703400,4505.5,4509.75,4505.5,4508.75
1669703700,4508.75,4510.75,4508.25,4509.75
1669704000,4510,4510.75,4509.5,4509.75
1669704300,4509.75,4510.5,4508.25,4508.75
1669704600,4508.75,4508.75,4504.25,4505.25
1669704900,4505.25,4507.25,4505,4506.75
1669705200,4506.75,4511.75,4506.5,4510.5
1669705500,4510.5,4512,4509.25,4509.5
1669705800,4509.75,4511.75,4509.25,4511.25
1669706100,4511.25,4512.5,4510,4511.75
1669706400,4511.75,4512,4509.25,4509.5
1669706700,4509.5,4510.5,4509.25,4510
1669707000,4510,4510.25,4507.75,4508.25
1669707300,4508,4509,4507.75,4508.5
1669707600,4508.5,4509.75,4507.25,4508.75
1669707900,4509,4510.75,4508.75,4510.25
1669708200,4510,4510.5,4508.5,4509.5
1669708500,4509.5,4510.25,4509,4509.75
1669708800,4509.75,4512.75,4508.5,4509.75
1669709100,4509.5,4511.75,4508,4510.75
1669709400,4510.5,4511.5,4507,4507.5
1669709700,4507.5,4511.75,4507.25,4511.5
1669710000,4511.5,4513.25,4511,4511.5
1669710300,4511.25,4512.25,4509,4512.25
1669710600,4512.25,4514.75,4510.75,4514.25
1669710900,4514.25,4515.5,4513.75,4514.75
1669711200,4514.75,4515,4513,4513.25
1669711500,4513.25,4515.25,4512.5,4514.75
1669711800,4514.75,4515.25,4511.25,4511.5
1669712100,4511.5,4513,4510.25,4512.25
1669712400,4512.25,4514.25,4510.25,4511.25
1669712700,4511.25,4512.25,4507.5,4507.5
1669713000,4507.75,4509.75,4507.25,4507.25
1669713300,4507.5,4509.25,4507.5,4507.75
1669713600,4507.5,4509.5,4506.5,4506.75
1669713900,4506.75,4508.5,4506.5,4507.25
1669714200,4507.25,4508.5,4504.25,4504.75
1669714500,4504.75,4506,4503.75,4504
1669714800,4504,4504.25,4501.5,4502.5
1669715100,4502.75,4504,4500,4500.25
1669715400,4500.25,4501.75,4499,4501.75
1669715700,4501.75,4503,4501.5,4502.25
1669716000,4502.25,4504.25,4502.25,4503.25
1669716300,4503.25,4503.75,4501,4503
1669716600,4503.25,4506.25,4503,4506
1669716900,4505.75,4506.75,4505.75,4506.25
1669717200,4506.25,4508.25,4506.25,4507
1669717500,4507,4507.5,4506.25,4506.75
1669717800,4506.75,4508.75,4506.5,4507.75
1669718100,4507.75,4509.5,4507.75,4508.5
1669718400,4508.75,4509,4507.25,4508
1669718700,4507.75,4508.75,4506.75,4507.25
1669719000,4507.5,4508.25,4504.5,4505.5
1669719300,4505.5,4505.75,4504,4504
1669719600,4504.25,4506.25,4503.75,4504.25
1669719900,4504.5,4504.75,4502.25,4502.5
1669720200,4502.5,4503.5,4500.75,4503
1669720500,4503.25,4504,4501.75,4502
1669720800,4502.25,4504.75,4502.25,4503.75
1669721100,4503.75,4505.75,4503.75,4505.5
1669721400,4505.5,4507,4505,4505.5
1669721700,4505.5,4507,4504,4504.5
1669722000,4504.5,4505.25,4502.75,4505
1669722300,4504.75,4504.75,4503.5,4504.5
1669722600,4504.5,4507,4504.25,4506.5
1669722900,4506.75,4509,4506.5,4508.75
1669723200,4508.75,4508.75,4506.75,4507.25
1669723500,4507.5,4507.75,4506,4506.5
1669723800,4506.5,4508.25,4506.5,4507
1669724100,4506.75,4507.75,4506.5,4507.75
1669724400,4507.75,4508.5,4507.25,4507.75
1669724700,4507.5,4509,4505.5,4506
1669725000,4506,4507,4505.25,4505.75
1669725300,4505.75,4505.75,4503.75,4504
1669725600,4504.25,4505.25,4502.5,4502.75
1669725900,4502.75,4504.5,4501,4504
1669726200,4504,4506.25,4504,4506
1669726500,4506,4507.75,4505.5,4507.25
1669726800,4507.25,4507.5,4504.5,4505.25
1669727100,4505.25,4505.75,4502,4503
1669727400,4503,4503.5,4493.25,4496.5
1669727700,4496.25,4499,4495.25,4498.5
1669728000,4498.75,4501.75,4498.75,4501.25
1669728300,4501.25,4501.5,4498,4498.25
1669728600,4498.25,4499.75,4495.5,4497.5
1669728900,4497.5,4500.75,4493.5,4495
1669729200,4495.25,4495.75,4492.75,4495.5
1669729500,4495.5,4496.25,4493.5,4494.25
1669729800,4494,4494.75,4491.25,4492
1669730100,4492,4497.5,4492,4497
1669730400,4497,4499.5,4496.25,4498.25
1669730700,4498.5,4500.5,4497.25,4499
1669731000,4498.75,4500.25,4498,4499.75
1669731300,4499.5,4499.5,4495,4496.25
1669731600,4496.25,4496.75,4494.75,4496.5
1669731900,4496.75,4497.75,4492.5,4494.25
1669732200,4494.25,4500,4490,4498.75
1669732500,4498.5,4498.75,4493.25,4494
1669732800,4494,4499,4488.25,4491
1669733100,4490.75,4492.25,4487.75,4490.25
1669733400,4490.25,4491.75,4487.75,4489
1669733700,4489,4491.75,4486.25,4490.5
1669734000,4490.75,4496.5,4490,4491.75
1669734300,4491.75,4497.5,4488.75,4495
1669734600,4494.75,4496.5,4487.75,4491
1669734900,4490.75,4498.75,4490.25,4496.75
1669735200,4497,4499.75,4495.25,4498
1669735500,4498,4504.25,4496.75,4504.25
1669735800,4504.25,4507,4502.5,4502.75
1669736100,4502.5,4503.75,4500.25,4502.25
1669736400,4502.25,4504,4500,4501.25
1669736700,4501.25,4504.25,4500.5,4503
1669737000,4502.75,4504.5,4496.75,4496.75
1669737300,4496.75,4501,4496.25,4497
1669737600,4497.25,4499.25,4484,4486.5
1669737900,4486.5,4487.75,4477,4477.25
1669738200,4477,4480.75,4474.25,4478.75
1669738500,4478.5,4478.75,4468.75,4469.5
1669738800,4469.5,4472.75,4466.5,4471.5
1669739100,4471.5,4473.5,4468.5,4471.25
1669739400,4471,4476.75,4468.5,4475.25
1669739700,4475,4476.25,4472,4475.75
1669740000,4475.5,4476.25,4472.5,4474.5
1669740300,4474.5,4477.75,4473,4476.75
1669740600,4476.5,4478,4473,4477.25
1669740900,4477.25,4480.75,4477,4480.5
1669741200,4480.25,4480.5,4476.5,4478
1669741500,4478,4481.25,4477.25,4479.5
1669741800,4479.25,4479.75,4475.25,4478
1669742100,4478.25,4480.75,4475.5,4480.75
1669742400,4480.75,4480.75,4475.75,4475.75
1669742700,4475.75,4479.5,4474.5,4476.5
1669743000,4476.5,4479.25,4476.25,4478.25
1669743300,4478.25,4486,4476.75,4483.5
1669743600,4483.25,4486.5,4483.25,4484.75
1669743900,4484.75,4485.75,4481.5,4483.75
1669744200,4483.75,4486,4482.75,4483.25
1669744500,4483.25,4485.25,4482.25,4483.5
1669744800,4483.5,4483.75,4479.25,4480.25
1669745100,4480.25,4483,4479.25,4479.75
1669745400,4480,4484.75,4479,4484.25
1669745700,4484,4484.75,4477.5,4478.75
1669746000,4478.75,4479.25,4476,4478
1669746300,4478.25,4478.25,4473.5,4473.75
1669746600,4474,4476.5,4473,4476
1669746900,4476,4479.75,4475.75,4478.5
1669747200,4478.5,4480.5,4478,4479.5
1669747500,4479.75,4481.5,4479.5,4479.75
1669747800,4479.5,4481.75,4478,4481.25
1669748100,4481.25,4484.75,4481,4484.25
1669748400,4484,4494.75,4484,4493
1669748700,4493,4493.5,4490,4490.75
1669749000,4491,4492.25,4488.5,4490.75
1669749300,4490.75,4491.5,4488.75,4489
1669749600,4489,4489.75,4484.5,4484.75
1669749900,4484.75,4486,4480.75,4481.5
1669750200,4481.5,4482.25,4478.25,4480.5
1669750500,4480.5,4482.5,4477,4480.5
1669750800,4480.75,4481.75,4475.75,4477.25
1669751100,4477.25,4478,4475.5,4477.25
1669751400,4477,4480.5,4476.75,4477.75
1669751700,4478,4481.75,4477.75,4481.25
1669752000,4481.25,4483.25,4478.5,4479
1669752300,4478.75,4485.75,4478.75,4485.25
1669752600,4485,4485.25,4482.5,4484.5
1669752900,4484.5,4486,4482.75,4483.75
1669753200,4483.5,4487.25,4480.75,4482
1669753500,4482,4485.5,4480.75,4483.25
1669753800,4483.25,4488.25,4482,4487.5
1669754100,4487.5,4489,4482.75,4484.75
1669754400,4484.5,4488.75,4484.25,4485
1669754700,4484.75,4486.25,4481.75,4486
1669755000,4486,4488,4482,4483.5
1669755300,4483.5,4489.25,4483.25,4486.5
1669755600,4486.75,4488,4485.75,4487.75
1669755900,4487.75,4488,4483.75,4484
1669756200,4484,4485.25,4483.25,4483.25
1669756500,4483.5,4485.5,4483.25,4485
1669756800,4485,4485.5,4484.75,4485
1669757100,4485,4485.5,4484.75,4485.25
1669757400,4485.25,4486.75,4485.25,4486.75
1669757700,4486.5,4487.75,4486.5,4487.25
1669758000,4487.25,4488.25,4487.25,4488
1669758300,4488,4488.25,4487.75,4488
1669758600,4488,4488.25,4487.5,4488
1669758900,4488,4488.5,4487.5,4487.5
1669762800,4487.5,4488,4485.75,4487
1669763100,4487.25,4487.25,4485.75,4487
1669763400,4487,4487.25,4485,4485.5
1669763700,4485.5,4486.25,4484,4484.75
1669764000,4485,4485.25,4484.5,4484.5
1669764300,4484.75,4485,4483.5,4484
1669764600,4484.25,4484.5,4483,4483.25
1669764900,4483.25,4485,4482.75,4483.75
1669765200,4483.75,4483.75,4483,4483.5
1669765500,4483.5,4484.5,4483.25,4484
1669765800,4483.75,4484,4482.5,4482.75
1669766100,4482.75,4483.75,4481.75,4483.75
1669766400,4483.75,4485.25,4483.25,4484.5
1669766700,4484.5,4484.75,4484,4484
1669767000,4484.25,4485,4484,4484.25
1669767300,4484.25,4485.25,4483,4485
1669767600,4484.75,4486.25,4484.75,4485.75
1669767900,4485.75,4486.5,4484.75,4485
1669768200,4484.75,4487,4484.75,4486.5
1669768500,4486.75,4487.75,4486.25,4487.5
1669768800,4487.5,4489,4487.5,4488.5
1669769100,4488.75,4490,4488.25,4488.25
1669769400,4488,4489,4487.5,4487.75
1669769700,4488,4489.25,4487.5,4488.75
1669770000,4489,4491.5,4488.75,4490.5
1669770300,4490.5,4491.5,4489,4489.75
1669770600,4489.5,4491.25,4488.75,4490.5
1669770900,4490.75,4490.75,4488,4488.25
1669771200,4488.25,4489.75,4487.75,4489.5
1669771500,4489.75,4489.75,4487.75,4489.25
1669771800,4489,4491.25,4488,4491
1669772100,4491,4492,4489.75,4491.25
1669772400,4491.5,4493,4491.25,4492.5
1669772700,4492.5,4492.75,4491,4492.5
1669773000,4492.5,4492.5,4491,4491.25
1669773300,4491.5,4491.75,4490,4490.5
1669773600,4490.25,4490.75,4489,4490.5
1669773900,4490.25,4490.75,4489.75,4490
1669774200,4490,4490.25,4488.75,4489.75
1669774500,4489.75,4490,4488.75,4488.75
1669774800,4489,4490.25,4489,4490
1669775100,4490,4490,4489.5,4489.5
1669775400,4489.5,4490.75,4489.25,4490
1669775700,4490,4490.75,4489.25,4489.5
1669776000,4489.75,4490.75,4488.75,4490.25
1669776300,4490.25,4490.5,4489.75,4490.25
1669776600,4490.25,4491,4490,4491
1669776900,4491,4491.25,4490.25,4490.75
1669777200,4490.75,4491.75,4490.5,4490.75
1669777500,4491,4491.25,4490,4490.75
1669777800,4490.5,4490.75,4490.25,4490.5
1669778100,4490.5,4490.5,4489,4489.75
1669778400,4489.5,4490,4489.5,4490
1669778700,4490.25,4490.5,4489.5,4489.5
1669779000,4489.75,4490.25,4489.5,4490
1669779300,4490.25,4491,4490,4490.75
1669779600,4490.75,4491.25,4490.25,4490.5
1669779900,4490.75,4491,4490.5,4490.5
1669780200,4490.5,4492,4490.5,4491.5
1669780500,4491.5,4491.75,4491,4491.75
1669780800,4491.75,4493,4491.5,4492.5
1669781100,4492.5,4492.75,4491.25,4491.5
1669781400,4491.25,4492.75,4491.25,4492.75
1669781700,4492.75,4494.75,4492.5,4493.75
1669782000,4493.75,4494.25,4493.5,4494
1669782300,4494.25,4494.25,4493.5,4493.5
1669782600,4493.5,4493.75,4492.5,4493
1669782900,4493,4493.75,4493,4493.75
1669783200,4493.75,4493.75,4492.75,4493
1669783500,4492.75,4493,4492.5,4492.75
1669783800,4492.75,4492.75,4491.75,4492.25
1669784100,4492.5,4493,4492.25,4492.75
1669784400,4492.75,4493,4491.75,4492.25
1669784700,4492.25,4494.5,4492.25,4494
1669785000,4494,4494.25,4493.5,4493.75
1669785300,4494,4494.25,4493.75,4494.25
1669785600,4494.5,4494.75,4494,4494.5
1669785900,4494.5,4495.25,4494,4494.5
1669786200,4494.25,4494.75,4493,4493.75
1669786500,4493.75,4493.75,4492,4492.25
1669786800,4492.25,4493.5,4492.25,4492.5
1669787100,4492.5,4492.75,4492,4492.75
1669787400,4493,4494,4492.75,4492.75
1669787700,4492.75,4493,4490.25,4490.5
1669788000,4490.5,4492,4490.25,4490.5
1669788300,4490.75,4492.75,4490.75,4491.5
1669788600,4491.25,4493,4491.25,4492.25
1669788900,4492.5,4493.75,4491.75,4493.25
1669789200,4493.25,4494,4493,4493.25
1669789500,4493.25,4493.25,4491.25,4491.75
1669789800,4491.75,4493,4491.25,4492.75
1669790100,4492.75,4493,4491,4491.75
1669790400,4491.5,4491.75,4490.5,4491
1669790700,4491,4491.5,4490.5,4490.5
1669791000,4490.25,4491,4490.25,4490.75
1669791300,4490.75,4492.5,4490.75,4492.25
1669791600,4492.25,4492.5,4491.5,4492.5
1669791900,4492.5,4493.5,4492,4493.25
1669792200,4493.5,4495.75,4492.5,4495
1669792500,4495,4496.5,4491.75,4491.75
1669792800,4491.75,4492.75,4491.5,4492.5
1669793100,4492.5,4494.75,4492.5,4494.25
1669793400,4494.25,4495.5,4493.75,4494.75
1669793700,4494.75,4495.5,4494,4494.25
1669794000,4494.25,4494.25,4493.25,4493.75
1669794300,4493.5,4493.5,4491.5,4492.75
1669794600,4492.5,4494.5,4491.75,4494.25
1669794900,4494,4495,4493.75,4494.25
1669795200,4494,4497.75,4492.75,4495.5
1669795500,4495.5,4497.75,4494,4494.5
1669795800,4494.5,4497.25,4493.25,4496.25
1669796100,4496.5,4500.25,4495.25,4495.25
1669796400,4495.25,4495.5,4493.25,4494.25
1669796700,4494.25,4495.25,4492.75,4494.75
1669797000,4494.5,4495.5,4492.25,4494.5
1669797300,4494.5,4495.25,4493.25,4493.25
1669797600,4493,4494.25,4491.5,4493
1669797900,4493,4495.25,4492.25,4492.75
1669798200,4493,4493.75,4492,4493.5
1669798500,4493.5,4495.75,4493,4495
1669798800,4495,4499.25,4494.75,4496.75
1669799100,4497,4499.25,4497,4498.25
1669799400,4498.5,4500,4497.25,4497.75
1669799700,4498,4500.5,4498,4499.5
1669800000,4499.25,4500.75,4499,4500.25
1669800300,4500.25,4503,4499.5,4502.5
1669800600,4502.25,4503,4501.5,4501.75
1669800900,4501.75,4502.25,4498,4498.75
1669801200,4498.5,4498.5,4492.5,4494
1669801500,4494,4495,4492.5,4494
1669801800,4494,4496,4493.5,4496
1669802100,4495.75,4496,4494.5,4495.25
1669802400,4495.25,4497,4493.5,4494
1669802700,4494,4496,4493.5,4494
1669803000,4494,4497,4494,4496
1669803300,4495.75,4496.5,4494,4495
1669803600,4495,4496.25,4494,4494.75
1669803900,4494.5,4495.75,4492.75,4495.5
1669804200,4495.5,4497.25,4495.25,4496.75
1669804500,4497,4497.75,4496,4497.5
1669804800,4497.5,4498.25,4496,4496.25
1669805100,4496.25,4497.5,4495,4497.25
1669805400,4497,4497,4492.25,4493
1669805700,4492.75,4494.25,4492.5,4492.75
1669806000,4492.75,4495.25,4492.5,4493.5
1669806300,4493.5,4493.75,4491.25,4491.25
1669806600,4491.25,4492.25,4491,4491.75
1669806900,4492,4493,4491.25,4492.75
1669807200,4492.75,4494.75,4492.5,4493.5
1669807500,4493.5,4493.75,4492,4492.25
1669807800,4492.25,4493,4491.5,4492
1669808100,4492,4494.5,4492,4494.25
1669808400,4494.25,4495,4493,4494.75
1669808700,4494.75,4496.25,4494.5,4495.5
1669809000,4495.25,4495.75,4494,4495.25
1669809300,4495.5,4497.5,4495.5,4496
1669809600,4496.25,4497,4495.75,4496
1669809900,4496.25,4496.75,4495.5,4495.75
1669810200,4495.75,4497.25,4495.75,4497
1669810500,4497,4497.25,4494.75,4494.75
1669810800,4494.5,4496,4494.5,4495.5
1669811100,4495.25,4496.5,4494,4495.25
1669811400,4495,4496.25,4494,4494.25
1669811700,4494,4495.5,4493.25,4493.75
1669812000,4493.75,4494,4492.75,4493
1669812300,4493,4495.25,4492.75,4494.5
1669812600,4494.5,4497.5,4494.25,4496.5
1669812900,4496.5,4496.5,4493.25,4493.75
1669813200,4493.75,4494.5,4492.75,4493.25
1669813500,4493.25,4496.25,4493,4493.75
1669813800,4493.75,4495.75,4493.5,4495
1669814100,4495.25,4505.25,4495.25,4500.25
1669814400,4500.25,4502,4497.5,4498
1669814700,4498,4500,4496.75,4498.25
1669815000,4498.5,4500.25,4486.25,4489.25
1669815300,4489.5,4490.25,4487.25,4489.75
1669815600,4490,4492.25,4487.5,4488.25
1669815900,4488.25,4489.25,4485.5,4487
1669816200,4487,4490,4485.5,4488.25
1669816500,4488.25,4489,4483.5,4484
1669816800,4483.75,4486.75,4483.25,4486.75
1669817100,4486.5,4490.5,4486.5,4489.75
1669817400,4489.5,4491,4488.25,4488.25
1669817700,4488.5,4492.25,4488.25,4491.5
1669818000,4491.25,4492.75,4489,4490.25
1669818300,4490.25,4490.5,4487.25,4488
1669818600,4488,4494.75,4487,4493.75
1669818900,4493.75,4495.75,4482,4483.75
1669819200,4484,4494,4483.5,4492
1669819500,4492,4493.25,4484,4484.75
1669819800,4485,4488,4483,4484.5
1669820100,4484.5,4487.25,4483.5,4485
1669820400,4485.5,4487.5,4475.25,4481.25
1669820700,4481.5,4486.25,4479.25,4485
1669821000,4485.25,4486.5,4478.75,4480
1669821300,4480.25,4480.75,4475.75,4476.75
1669821600,4476.75,4479.75,4475.25,4478
1669821900,4478.25,4478.25,4472.25,4475.25
1669822200,4475.25,4477.25,4473,4475.75
1669822500,4475.75,4479,4475,4479
1669822800,4479,4481.25,4478,4479.25
1669823100,4479.25,4479.25,4473.25,4474
1669823400,4474,4477,4471.75,4473
1669823700,4473,4477,4473,4475.25
1669824000,4475.5,4477.25,4470.75,4472.25
1669824300,4472,4481,4472,4480
1669824600,4480,4482.75,4478.5,4481.75
1669824900,4481.5,4484,4479.25,4481.5
1669825200,4481.5,4483.5,4480.25,4481.5
1669825500,4481.5,4486,4481,4484.5
1669825800,4484.25,4489.25,4483.75,4486.25
1669826100,4486.25,4488.75,4486.25,4488
1669826400,4488,4488.5,4485.75,4486
1669826700,4486,4488,4485,4487
1669827000,4487.25,4488,4484.25,4485
1669827300,4484.75,4486.5,4484.25,4485
1669827600,4485,4487,4483.75,4487
1669827900,4487,4487,4480.5,4482
1669828200,4482,4482.75,4479.75,4481.25
1669828500,4481,4481,4472.75,4474.5
1669828800,4474.25,4474.25,4468,4472.25
1669829100,4472,4473.75,4470.75,4472.25
1669829400,4472.5,4474,4471,4473.25
1669829700,4473.25,4473.25,4468,4470
1669830000,4470,4475.25,4468.5,4473.75
1669830300,4473.75,4476,4473,4474.5
1669830600,4474.5,4476,4473.25,4475.25
1669830900,4475.25,4476.75,4473.75,4475.5
1669831200,4475.25,4479.25,4474.5,4478.75
1669831500,4479,4482,4478,4481.75
1669831800,4481.75,4483.5,4480.5,4481.75
1669832100,4481.75,4482.75,4480.75,4481
1669832400,4481,4482.75,4479.5,4481.5
1669832700,4481.5,4483,4480.5,4481.5
1669833000,4481.5,4509.25,4473.75,4496.25
1669833300,4496.5,4523,4496.5,4517
1669833600,4517.25,4523.75,4508.75,4514.5
1669833900,4514.5,4517,4498.75,4512.75
1669834200,4512.75,4517,4509,4517
1669834500,4517,4533.75,4516.25,4530.5
1669834800,4530.75,4541.25,4530.25,4539.25
1669835100,4539.5,4549.5,4539.5,4542
1669835400,4542,4548.5,4541,4546.5
1669835700,4546.75,4567,4546.75,4565.5
1669836000,4565.75,4568.25,4559,4564
1669836300,4564,4568.25,4560.75,4564.5
1669836600,4564.75,4565.25,4559,4563.5
1669836900,4563.5,4565.25,4556,4559.25
1669837200,4559.5,4562.75,4553.5,4554.75
1669837500,4555,4562.25,4554.75,4562.25
1669837800,4562.25,4569.25,4561.25,4563.25
1669838100,4563.25,4566.75,4560.5,4566.5
1669838400,4566.5,4572.5,4564.5,4572.25
1669838700,4572.25,4577.25,4570,4575.25
1669839000,4575.5,4577,4573.75,4576
1669839300,4576,4584.5,4575.25,4582.25
1669839600,4582.5,4586,4580.75,4584.5
1669839900,4584.75,4588.5,4584.25,4588.5
1669840200,4588.25,4596,4587.25,4595.75
1669840500,4595.75,4599.5,4589,4591.25
1669840800,4591,4593.25,4589.5,4592
1669841100,4591.75,4594.75,4590.5,4592.75
1669841400,4592.75,4601.5,4592.25,4600.25
1669841700,4600.25,4608.75,4597.75,4607.5
1669842000,4607.75,4612.75,4601.25,4608.75
1669842300,4609,4613,4608.25,4612
1669842600,4612.25,4613,4609.25,4612.75
1669842900,4612.5,4613,4610.5,4613
1669843200,4613,4613,4611.25,4611.25
1669843500,4611.25,4613.25,4611.25,4613.25
1669843800,4613,4617.75,4613,4617.25
1669844100,4617.25,4618.25,4616.5,4618
1669844400,4618,4618.25,4616.75,4616.75
1669844700,4616.75,4617,4616.25,4616.25
1669845000,4616.25,4618.25,4616,4617.75
1669845300,4617.5,4618.75,4617.25,4618.25
1669849200,4619.75,4621.25,4616,4618
1669849500,4618,4618,4614.75,4615
1669849800,4615.25,4616.75,4614.75,4615.25
1669850100,4615.5,4616,4612.75,4614
1669850400,4614,4614.75,4613.75,4614
1669850700,4614.25,4614.5,4613.5,4613.5
1669851000,4613.75,4614.25,4611.75,4612.75
1669851300,4613,4614.25,4612.5,4613.75
1669851600,4613.75,4615,4613.5,4614.75
1669851900,4614.75,4615.25,4614,4615.25
1669852200,4615.25,4617.5,4615,4617
1669852500,4617.25,4617.5,4616,4616.25
1669852800,4616,4618.5,4615.5,4618
1669853100,4618.25,4618.25,4615.25,4615.5
1669853400,4615.5,4615.75,4613.75,4615
1669853700,4615,4617,4613.75,4615.75
1669854000,4616,4617.5,4616,4617
1669854300,4617,4619,4615.75,4616.25
1669854600,4616.25,4616.25,4614.5,4615.5
1669854900,4615.5,4615.5,4613.5,4613.75
1669855200,4613.75,4614,4612.5,4613.75
1669855500,4613.75,4615,4613.25,4613.25
1669855800,4613.25,4614,4612.25,4613.5
1669856100,4613.5,4614.25,4613,4613.25
1669856400,4613.25,4613.5,4612.25,4613
1669856700,4613,4615.25,4612.75,4614.25
1669857000,4614.25,4614.5,4613.25,4613.75
1669857300,4613.75,4614.25,4612.25,4612.75
1669857600,4613,4613.5,4612.25,4612.5
1669857900,4612.5,4615,4611.75,4614.75
1669858200,4614.75,4616.25,4613.25,4613.75
1669858500,4613.75,4614,4609.75,4610.25
1669858800,4610,4611,4609.75,4610
1669859100,4610.25,4611,4609.5,4610.75
1669859400,4610.75,4612,4609.5,4610.75
1669859700,4610.75,4611,4609.75,4610.5
1669860000,4610.5,4611.5,4610,4610.5
1669860300,4610.5,4611.5,4610,4610.5
1669860600,4610.25,4610.75,4608,4608.25
1669860900,4608,4609,4607.5,4608.75
1669861200,4608.5,4608.75,4607,4608
1669861500,4608,4608,4607,4608
1669861800,4608,4608.75,4607.25,4608.5
1669862100,4608.5,4608.5,4606.5,4606.75
1669862400,4607,4607.5,4606.5,4606.75
1669862700,4606.75,4608.75,4606.75,4608.5
1669863000,4608.5,4608.75,4608,4608.5
1669863300,4608.25,4608.75,4608,4608.75
1669863600,4608.75,4609.5,4608.25,4609.25
1669863900,4609,4609.5,4608,4608
1669864200,4608.25,4608.25,4605.75,4606.75
1669864500,4606.75,4606.75,4605.75,4606.25
1669864800,4606.25,4608.25,4605.75,4607.5
1669865100,4607.5,4608.75,4607.5,4608.25
1669865400,4608.25,4611.5,4608,4611.25
1669865700,4611,4612,4610.75,4612
1669866000,4612,4612,4611,4611.5
1669866300,4611.5,4611.5,4610.25,4611
1669866600,4611,4611.75,4610.5,4611.25
1669866900,4611.5,4612.75,4611.25,4612
1669867200,4612,4612.25,4610.75,4611.5
1669867500,4611.25,4612.25,4611.25,4612
1669867800,4612,4613,4612,4612.5
1669868100,4612.5,4613,4612,4612.25
1669868400,4612.25,4612.5,4612,4612.5
1669868700,4612.75,4612.75,4612.25,4612.25
1669869000,4612.25,4614.75,4612.25,4614.5
1669869300,4614.5,4616,4614,4615.75
1669869600,4615.75,4616,4615,4615.75
1669869900,4616,4616.5,4614,4614.25
1669870200,4614,4614.5,4613.5,4613.75
1669870500,4613.75,4614.25,4613.5,4614
1669870800,4613.75,4614.25,4612.5,4613.5
1669871100,4613.5,4616,4613.5,4615.5
1669871400,4615.5,4616.25,4614.75,4616.25
1669871700,4616.25,4618.75,4614.75,4615
1669872000,4614.75,4617,4613.75,4617
1669872300,4617,4617.25,4615.25,4616.5
1669872600,4616.5,4620,4616.25,4617.25
1669872900,4617.25,4618.25,4616,4616.75
1669873200,4616.75,4618.25,4616,4617
1669873500,4617,4617.25,4616.25,4616.5
1669873800,4616.5,4617.25,4616,4616.25
1669874100,4616.25,4617.5,4616.25,4616.75
1669874400,4617,4618.25,4615.75,4616.75
1669874700,4616.75,4617,4615.25,4615.75
1669875000,4616,4616.25,4615,4616
1669875300,4615.75,4617,4615.5,4616.5
1669875600,4616.5,4617.25,4615.25,4616
1669875900,4616,4616,4614.25,4614.25
1669876200,4614.5,4614.75,4613.5,4614.5
1669876500,4614.25,4614.75,4614,4614.75
1669876800,4614.5,4614.75,4613.75,4614
1669877100,4614,4614.25,4613.25,4614
1669877400,4614,4614.75,4613.75,4614
1669877700,4614.25,4614.25,4613.25,4614.25
1669878000,4614,4614.75,4611.25,4613
1669878300,4613,4613.25,4611.5,4612.75
1669878600,4613,4613,4611.25,4612.5
1669878900,4612.75,4614,4612.75,4613.75
1669879200,4613.75,4614,4610.5,4610.75
1669879500,4610.75,4611.5,4608.75,4609
1669879800,4609.25,4609.75,4607.75,4608.25
1669880100,4608.5,4610.75,4608.25,4610.25
1669880400,4610.25,4611.5,4609.25,4611
1669880700,4610.75,4611.5,4610,4611
1669881000,4611,4611.25,4608,4609.75
1669881300,4609.5,4612,4608.75,4611
1669881600,4611,4612.5,4610.25,4612
1669881900,4612,4613,4608.5,4609.5
1669882200,4609.25,4612.25,4609.25,4612
1669882500,4612,4612,4609,4610
1669882800,4610,4611.5,4604.5,4605.5
1669883100,4605.5,4605.75,4603,4603.5
1669883400,4603.5,4610.25,4603,4608.5
1669883700,4608.25,4608.25,4605.25,4607.5
1669884000,4607.25,4609,4606.5,4607.25
1669884300,4607.25,4608,4604.75,4605.25
1669884600,4605.25,4607.25,4603.75,4605.5
1669884900,4605.25,4608,4605.25,4606.25
1669885200,4606.25,4607.25,4604.25,4605
1669885500,4605,4605.5,4602,4603
1669885800,4603,4603.25,4600.25,4601.75
1669886100,4601.5,4601.5,4599.25,4601
1669886400,4600.75,4602.75,4600.5,4602.25
1669886700,4602,4603.25,4599.75,4603
1669887000,4603,4603.75,4601.25,4602
1669887300,4601.75,4602.25,4597.25,4598.25
1669887600,4598.25,4600.5,4598,4600.5
1669887900,4600.5,4601.75,4599.75,4600.5
1669888200,4600.25,4601.25,4599.5,4599.5
1669888500,4599.5,4603.25,4598.75,4602.75
1669888800,4603,4605,4602,4604
1669889100,4603.75,4604.75,4602.25,4602.5
1669889400,4602.5,4604.5,4602.25,4604.25
1669889700,4604.25,4605.25,4603.25,4604
1669890000,4604.25,4604.75,4602.25,4604
1669890300,4604,4605,4603,4603.5
1669890600,4603.5,4605.25,4603.5,4605.25
1669890900,4605.25,4606.5,4604,4605.5
1669891200,4605.25,4606,4604.5,4605.75
1669891500,4605.5,4605.5,4602.5,4604.75
1669891800,4604.75,4604.75,4602.75,4602.75
1669892100,4603,4603.25,4601,4601.5
1669892400,4601.5,4602.5,4600.25,4601
1669892700,4600.75,4604.5,4600,4604
1669893000,4604,4606,4603.5,4604
1669893300,4603.75,4604.5,4601.75,4602
1669893600,4602,4603.5,4601.5,4601.75
1669893900,4601.75,4604.25,4601.5,4604
1669894200,4603.75,4605,4602.75,4604
1669894500,4604.25,4604.25,4602.25,4602.75
1669894800,4602.5,4604,4602.5,4603
1669895100,4603,4603.5,4601.75,4602.5
1669895400,4602.25,4606,4602,4605
1669895700,4605,4605,4603.5,4605
1669896000,4604.75,4607.5,4604.5,4606.25
1669896300,4606.5,4607,4604.5,4605.5
1669896600,4605.5,4606.25,4604.25,4604.5
1669896900,4604.5,4605.5,4603.25,4604.5
1669897200,4604.25,4605.75,4603.5,4604.25
1669897500,4604,4606,4603.5,4605.75
1669897800,4605.75,4609.5,4605.5,4608.75
1669898100,4609,4610,4608,4609.25
1669898400,4609.25,4610.5,4608.25,4609.5
1669898700,4609.25,4611,4608,4610.5
1669899000,4610.5,4611.5,4610.25,4610.75
1669899300,4611,4612,4610,4612
1669899600,4611.75,4614.25,4610.75,4613.75
1669899900,4613.75,4616.5,4613.75,4616.25
1669900200,4616.25,4616.5,4613.5,4615.5
1669900500,4615.25,4615.75,4614.5,4615
1669900800,4615,4617,4614.75,4615.5
1669901100,4615.5,4617.75,4614.75,4615.5
1669901400,4616.25,4630,4606,4628.75
1669901700,4628.75,4629.5,4622.5,4627.25
1669902000,4627.25,4629.5,4625.5,4626.75
1669902300,4627,4627,4617.25,4617.5
1669902600,4617.5,4620.5,4616,4619
1669902900,4619,4622.25,4617.75,4620
1669903200,4620,4622,4617.25,4621
1669903500,4621.25,4625,4620.5,4623.75
1669903800,4623.75,4625.75,4621.5,4622.25
1669904100,4622,4623,4619.75,4621.25
1669904400,4621.25,4624.75,4621.25,4623.25
1669904700,4623,4623.75,4620,4620.25
1669905000,4620.5,4624.75,4614.5,4620.5
1669905300,4620.5,4623,4614,4615
1669905600,4615.25,4621,4614,4619.75
1669905900,4619.75,4625.25,4619.25,4624.25
1669906200,4624.25,4630,4623.5,4626.25
1669906500,4626.25,4629.5,4622.25,4624.25
1669906800,4624.25,4635.25,4612.75,4616
1669907100,4616,4618,4609.75,4610
1669907400,4609.75,4611.25,4593.75,4598
1669907700,4597.75,4600.25,4587.25,4589.25
1669908000,4589.25,4591,4584,4585.25
1669908300,4585.25,4591.5,4583,4585.25
1669908600,4585.5,4588.25,4579.75,4588
1669908900,4587.75,4591.5,4584.5,4589.25
1669909200,4589.25,4592,4585.25,4591
1669909500,4591,4599,4588.75,4598.25
1669909800,4598.25,4604.75,4597.75,4601
1669910100,4601,4609.25,4598,4608.5
1669910400,4608.75,4609.25,4604.75,4605.75
1669910700,4605.75,4607,4600.25,4606
1669911000,4606,4606.25,4598.5,4602.5
1669911300,4602.5,4603.5,4591.75,4594.25
1669911600,4594.25,4601.75,4593.5,4599
1669911900,4598.75,4601.5,4596,4596.75
1669912200,4596.75,4603.25,4596.75,4602.5
1669912500,4602.5,4606.5,4598,4601.75
1669912800,4601.75,4607.5,4600,4604.5
1669913100,4604.75,4606.5,4598,4598
1669913400,4598.25,4601.25,4595.25,4599.5
1669913700,4599.5,4602.75,4597,4600.75
1669914000,4601,4602.25,4589.75,4591.25
1669914300,4591,4593.25,4587.75,4589.5
1669914600,4589.25,4594.5,4587.5,4591.75
1669914900,4591.75,4594.5,4590,4590.75
1669915200,4590.75,4600.25,4590.75,4599.25
1669915500,4599,4603.5,4599,4602.5
1669915800,4602.5,4609.25,4602,4606.5
1669916100,4606.5,4606.75,4602.5,4604.75
1669916400,4604.75,4605.75,4599.75,4602.25
1669916700,4602.25,4604.5,4599,4601.75
1669917000,4601.75,4606.5,4601.25,4603.5
1669917300,4603.5,4606,4600.75,4605.75
1669917600,4605.75,4608,4604.5,4607
1669917900,4607.25,4613.25,4606.25,4610.75
1669918200,4610.75,4611.75,4608,4609
1669918500,4609,4609.5,4596.75,4597.75
1669918800,4597.75,4602,4597.25,4599.75
1669919100,4599.75,4601.5,4597.5,4599.25
1669919400,4599.5,4602.75,4595.5,4598.25
1669919700,4598.5,4602,4597.5,4599.75
1669920000,4599.75,4605.75,4599.75,4605
1669920300,4605.25,4607.75,4603.25,4604.75
1669920600,4605,4605.25,4601,4603
1669920900,4603,4604.75,4601.75,4603.5
1669921200,4603.75,4604.75,4596.25,4596.5
1669921500,4596.75,4600.75,4596.5,4599
1669921800,4599,4604,4598,4603.5
1669922100,4603.5,4605.75,4601.75,4604.75
1669922400,4604.75,4606.25,4602,4606
1669922700,4606,4608.75,4604.25,4606
1669923000,4606,4608,4603.25,4607.75
1669923300,4608,4608.5,4605.5,4607.25
1669923600,4607.5,4609.75,4605.5,4605.5
1669923900,4605.75,4611.5,4604.5,4611.25
1669924200,4611.25,4614.5,4609.75,4611.75
1669924500,4612,4613,4608,4612.25
1669924800,4612.25,4613,4610,4611.25
1669925100,4611.5,4616,4611,4613
1669925400,4613.25,4613.25,4607.75,4608.25
1669925700,4608.25,4610,4603.75,4607.25
1669926000,4607.25,4607.75,4603.25,4605.5
1669926300,4605.75,4607.75,4604,4606.5
1669926600,4606.5,4610.25,4605.75,4609.5
1669926900,4609.25,4613,4609.25,4612.75
1669927200,4612.75,4617.75,4610,4617.25
1669927500,4617.25,4617.5,4609,4610.75
1669927800,4610.75,4615.25,4609.5,4609.75
1669928100,4609.5,4609.75,4605.5,4606.25
1669928400,4606,4606.75,4600.75,4601.75
1669928700,4601.75,4604.25,4601.5,4603.75
1669929000,4603.75,4605.25,4603.5,4605
1669929300,4604.75,4605,4603.75,4604
1669929600,4603.75,4604.75,4603.5,4604.5
1669929900,4604.5,4604.75,4602.75,4602.75
1669930200,4603,4603,4601.75,4602.75
1669930500,4602.5,4603.25,4602.5,4603
1669930800,4603,4604.25,4602.5,4604.25
1669931100,4604.25,4604.75,4603.75,4604.5
1669931400,4604.75,4605.25,4604,4605
1669931700,4604.75,4605,4602.75,4602.75
1669935600,4602.75,4604.5,4601.75,4603
1669935900,4603,4603.5,4602.5,4603.5
1669936200,4603.5,4605,4602.25,4604.25
1669936500,4604.25,4604.25,4602.5,4603.25
1669936800,4603.5,4603.5,4602.5,4602.75
1669937100,4602.5,4603.25,4602.25,4602.75
1669937400,4602.75,4604.75,4602.75,4604.25
1669937700,4604.5,4604.75,4603.5,4604.5
1669938000,4604.5,4605.25,4604,4604.25
1669938300,4604.25,4604.25,4603.5,4604
1669938600,4604,4604.25,4602.75,4602.75
1669938900,4602.75,4603.75,4602.5,4603.25
1669939200,4603,4603.25,4597.25,4598
1669939500,4598,4598.25,4596.25,4597
1669939800,4596.75,4597.5,4595.5,4595.75
1669940100,4596,4596,4593.25,4594.5
1669940400,4594.25,4595.25,4594,4594.75
1669940700,4594.5,4594.75,4593.75,4594.25
1669941000,4594.25,4596,4594.25,4594.75
1669941300,4594.5,4596,4594.5,4595.75
1669941600,4595.5,4596,4594.5,4594.75
1669941900,4594.75,4595,4593.25,4594
1669942200,4594.25,4594.75,4593.75,4594.75
1669942500,4594.5,4594.5,4593.75,4594
1669942800,4593.75,4595.25,4593.25,4595
1669943100,4595.25,4595.25,4594.5,4594.5
1669943400,4594.75,4595.25,4593.5,4594.5
1669943700,4594.5,4596.25,4594.5,4595
1669944000,4595,4595.5,4592.75,4595
1669944300,4595.25,4596.25,4594.75,4595.5
1669944600,4595.25,4596.25,4594.5,4594.75
1669944900,4594.75,4594.75,4592,4593.75
1669945200,4593.75,4594,4592,4592.25
1669945500,4592.5,4592.5,4591.25,4591.75
1669945800,4591.75,4593.25,4591.25,4592.25
1669946100,4592.25,4593,4591,4592.25
1669946400,4592.25,4593.75,4592,4593.5
1669946700,4593.5,4594.25,4592.5,4593.5
1669947000,4593.75,4594,4591.75,4592.75
1669947300,4592.5,4593.5,4591.75,4592.25
1669947600,4592.5,4593.5,4591.75,4593
1669947900,4593,4593.75,4592,4593.25
1669948200,4593.25,4593.75,4592.25,4593
1669948500,4593,4595,4592.5,4594.5
1669948800,4594.75,4595.25,4594,4594.5
1669949100,4594.25,4596,4594,4595.5
1669949400,4595.25,4596,4594.5,4595.75
1669949700,4595.75,4597,4595.25,4596.5
1669950000,4596.75,4596.75,4595.5,4596.75
1669950300,4597,4597.75,4596.75,4597.5
1669950600,4597.5,4598,4597.25,4597.75
1669950900,4597.5,4597.5,4595.5,4596.5
1669951200,4596.5,4596.75,4595.75,4596.5
1669951500,4596.5,4597,4596,4597
1669951800,4597.25,4597.25,4596.5,4597
1669952100,4596.75,4597,4596.25,4596.75
1669952400,4596.5,4596.75,4595.75,4596
1669952700,4596.25,4597.25,4596.25,4597.25
1669953000,4597.25,4598.75,4597.25,4598.75
1669953300,4598.5,4598.5,4597.5,4598.25
1669953600,4598.25,4598.5,4596,4596.25
1669953900,4596.5,4596.75,4595.5,4596.25
1669954200,4596.25,4596.25,4595,4595.5
1669954500,4595.5,4597.5,4595.5,4596.75
1669954800,4597,4597.5,4596.75,4597.25
1669955100,4597.25,4598.25,4596.75,4598
1669955400,4598,4599.25,4597.75,4599.25
1669955700,4599.25,4599.75,4599,4599.25
1669956000,4599.25,4600.25,4598.5,4599.75
1669956300,4599.75,4600,4598.75,4599.25
1669956600,4599.25,4599.5,4598.5,4598.5
1669956900,4598.5,4599.5,4598.5,4599
1669957200,4599,4599.5,4598.25,4598.75
1669957500,4598.75,4599,4598,4598.5
1669957800,4598.5,4600.25,4598.5,4600
1669958100,4600.25,4600.25,4599,4599.25
1669958400,4599.25,4600.5,4598,4598.5
1669958700,4598.5,4599.25,4598.25,4599
1669959000,4599,4599,4597.75,4598
1669959300,4598.25,4598.5,4598,4598.25
1669959600,4598,4598.5,4597.75,4598.5
1669959900,4598.25,4601,4598.25,4600.75
1669960200,4600.75,4601,4600,4600.25
1669960500,4600.5,4601,4600,4600.5
1669960800,4600.5,4601,4600,4601
1669961100,4601,4601.75,4600.5,4600.5
1669961400,4600.75,4601.5,4600.25,4600.75
1669961700,4601,4601.25,4600,4600.5
1669962000,4600.75,4600.75,4600,4600.25
1669962300,4600.25,4600.75,4600,4600.5
1669962600,4600.5,4601.75,4600.25,4601.25
1669962900,4601.25,4601.25,4600.25,4600.75
1669963200,4600.5,4600.75,4600.25,4600.25
1669963500,4600.5,4600.75,4600,4600.5
1669963800,4600.5,4600.75,4600.25,4600.5
1669964100,4600.5,4601,4600.25,4600.75
1669964400,4601,4603,4600.75,4603
1669964700,4603,4603.75,4600.25,4601.75
1669965000,4601.75,4602,4600.75,4601
1669965300,4601,4601.75,4600.25,4601.25
1669965600,4601.5,4602.5,4601,4601.5
1669965900,4601.5,4601.75,4600,4600.75
1669966200,4600.75,4601.75,4600.25,4601.5
1669966500,4601.5,4602.75,4600.75,4602.5
1669966800,4602.75,4603.25,4602,4603
1669967100,4603,4603,4601,4601.25
1669967400,4601.25,4602.75,4601.25,4602.75
1669967700,4602.75,4603.25,4600.25,4600.5
1669968000,4600.5,4601.5,4598,4599.25
1669968300,4599.25,4601.75,4598.5,4599.5
1669968600,4599.75,4601,4597.5,4599.25
1669968900,4599.25,4602,4599.25,4602
1669969200,4602,4602.5,4600.25,4600.25
1669969500,4600.25,4601,4598.5,4600.75
1669969800,4600.75,4602.5,4598.5,4601.5
1669970100,4601.5,4603.75,4601.25,4602.75
1669970400,4602.75,4605,4602.5,4603.75
1669970700,4603.5,4604,4601.25,4601.5
1669971000,4601.5,4602.75,4600.5,4601
1669971300,4601,4604.5,4600.5,4604
1669971600,4604,4605.75,4603.5,4603.75
1669971900,4604,4605.5,4602,4602.5
1669972200,4602.5,4602.75,4601,4602.25
1669972500,4602,4603,4601.25,4602.75
1669972800,4602.75,4603.25,4600.75,4602.25
1669973100,4602,4603.75,4601,4603.25
1669973400,4603.5,4603.75,4600.75,4601.75
1669973700,4602,4605.25,4601.75,4603
1669974000,4603,4604.25,4602,4604.25
1669974300,4604.25,4604.5,4603.25,4603.75
1669974600,4603.75,4604,4602.25,4603.75
1669974900,4603.75,4607.75,4602.75,4607.75
1669975200,4607.5,4607.5,4605.75,4607
1669975500,4606.75,4608.25,4605.5,4608
1669975800,4608,4609.75,4607.75,4608.75
1669976100,4608.75,4608.75,4607.25,4607.25
1669976400,4607,4607.25,4605.5,4605.5
1669976700,4605.25,4606.25,4605.25,4605.5
1669977000,4605.5,4605.5,4604.5,4605
1669977300,4605.25,4606,4605,4605.5
1669977600,4605.5,4607,4605.5,4605.75
1669977900,4605.75,4606.25,4604.75,4606
1669978200,4606,4608,4606,4608
1669978500,4608,4608,4606,4607.25
1669978800,4607,4607,4605.25,4605.75
1669979100,4605.5,4605.5,4601.25,4601.75
1669979400,4601.75,4603,4601.5,4601.75
1669979700,4602,4602.75,4601.75,4602.25
1669980000,4602.5,4602.75,4600.75,4601.25
1669980300,4601.25,4603.25,4600.5,4602.5
1669980600,4602.5,4603.5,4601.75,4603
1669980900,4603,4603.75,4602.5,4603.25
1669981200,4603.25,4604,4602.25,4603.5
1669981500,4603.5,4604,4602.5,4602.75
1669981800,4602.5,4603.25,4601.75,4603
1669982100,4603,4603.75,4602.25,4602.75
1669982400,4602.75,4602.75,4597.75,4599
1669982700,4599,4600.75,4598,4600.5
1669983000,4600.5,4602,4600.25,4601.5
1669983300,4601.75,4604.25,4601.5,4604.25
1669983600,4604,4604.5,4602.75,4603.5
1669983900,4603.25,4605.5,4603.25,4605
1669984200,4605,4606.5,4604.75,4605.75
1669984500,4605.75,4606,4604.75,4605.25
1669984800,4605.25,4606,4604,4605.25
1669985100,4605,4606.5,4603.75,4604.25
1669985400,4604,4605.5,4603.25,4604.75
1669985700,4604.5,4606.25,4604,4606
1669986000,4606,4606,4603.75,4605.5
1669986300,4605.5,4609.75,4605.5,4609.5
1669986600,4609.75,4609.75,4605.75,4605.75
1669986900,4605.75,4605.75,4601.5,4604
1669987200,4604.25,4605.25,4601,4602
1669987500,4602,4602.75,4598.5,4601
1669987800,4601,4601,4532,4544.5
1669988100,4544.75,4552,4540.75,4550.25
1669988400,4550,4550,4540.75,4544.5
1669988700,4544.5,4550.25,4540.25,4549.5
1669989000,4549.5,4558.5,4546.5,4557.5
1669989300,4557.25,4559,4547.25,4551.25
1669989600,4551.25,4552,4542.25,4543.25
1669989900,4543.25,4543.75,4537.5,4541
1669990200,4541,4545.25,4540,4543
1669990500,4543,4549.5,4542.5,4549
1669990800,4548.75,4553,4547.5,4551.5
1669991100,4551.5,4554.25,4550.25,4553.5
1669991400,4553.75,4570,4552.75,4568.25
1669991700,4568,4573,4564.25,4568
1669992000,4568,4568.25,4558.5,4561
1669992300,4561,4566,4556,4557.75
1669992600,4557.75,4563.75,4556.75,4560.75
1669992900,4561,4567,4559.75,4562.75
1669993200,4562.75,4568.75,4559,4560
1669993500,4559.75,4568.5,4558,4567.25
1669993800,4567,4579.25,4566,4577.25
1669994100,4577,4578.75,4570.25,4572
1669994400,4572,4575,4569.75,4572.25
1669994700,4572.5,4574.5,4564.25,4568.5
1669995000,4568.75,4578.5,4564.5,4578
1669995300,4578.25,4578.25,4569.75,4571.75
1669995600,4572,4577.5,4570.75,4576.5
1669995900,4576.5,4580.25,4574.5,4578
1669996200,4578,4583.75,4574.5,4579.75
1669996500,4579.75,4579.75,4572,4572.25
1669996800,4572.5,4573.75,4567.75,4571
1669997100,4571,4574,4568.75,4571
1669997400,4571.25,4573.75,4567.75,4572
1669997700,4571.75,4573.25,4568.75,4571.25
1669998000,4571,4575.25,4570.25,4575
1669998300,4574.75,4580,4574,4579.5
1669998600,4579.75,4581.75,4576.75,4580.75
1669998900,4580.5,4586.75,4579,4582.5
1669999200,4582.5,4591.75,4582,4589.5
1669999500,4589.25,4594,4587.5,4588.25
1669999800,4588.25,4589.25,4585.5,4588.25
1670000100,4588.25,4591.5,4585.75,4586
1670000400,4586.25,4589.25,4584.75,4587.5
1670000700,4587.5,4592,4586,4589
1670001000,4589,4594.75,4588.5,4594.25
1670001300,4594,4595.25,4589.75,4590.75
1670001600,4590.75,4592,4588.5,4589.25
1670001900,4589.25,4590,4586.5,4587
1670002200,4587,4588.75,4585.75,4587.5
1670002500,4587.75,4587.75,4580.25,4581.5
1670002800,4581.5,4585.25,4580.25,4583.5
1670003100,4583.5,4584.25,4582,4583
1670003400,4582.75,4584,4581.25,4582.75
1670003700,4582.75,4583.5,4578.5,4579.75
1670004000,4579.75,4582.5,4578,4579
1670004300,4579,4579,4576.5,4576.75
1670004600,4576.75,4580.25,4575.25,4579
1670004900,4579,4582.25,4578,4579.25
1670005200,4579.25,4581.25,4578.25,4579.25
1670005500,4579.5,4582,4577,4581.75
1670005800,4581.75,4583.75,4580.25,4581.75
1670006100,4581.75,4582.25,4579.5,4581.25
1670006400,4581.5,4584.75,4581.25,4584
1670006700,4583.75,4586.5,4583.25,4585.25
1670007000,4585.25,4586,4583.5,4584.75
1670007300,4584.75,4584.75,4582,4584.5
1670007600,4584.25,4585.25,4582.75,4584
1670007900,4584,4584,4578.5,4579.25
1670008200,4579.25,4581.25,4576.75,4581
1670008500,4581,4584.75,4580.5,4584.25
1670008800,4584,4585.5,4581.25,4584
1670009100,4584,4585,4582.5,4583.75
1670009400,4583.75,4585.75,4581.25,4585.75
1670009700,4585.5,4586.25,4582.75,4584
1670010000,4583.75,4585,4582.75,4584.25
1670010300,4584.25,4588.75,4582.75,4588.5
1670010600,4588.5,4593,4588.25,4592.25
1670010900,4592.25,4599,4592.25,4597.5
1670011200,4597.5,4603.75,4596,4602.75
1670011500,4602.75,4606.75,4599.75,4605.25
1670011800,4605.25,4607.75,4602.25,4607
1670012100,4607,4610.75,4604.5,4607.75
1670012400,4608,4608.25,4601.75,4602.5
1670012700,4602.5,4604,4597.75,4600.5
1670013000,4600.5,4601.75,4595.25,4596
1670013300,4595.75,4597,4591.5,4595.5
1670013600,4595.5,4596.75,4593,4595.25
1670013900,4595,4595.25,4590.25,4591.75
1670014200,4591.75,4597.5,4590,4595.5
1670014500,4595.25,4603,4595,4600.5
1670014800,4600.75,4601,4596,4597.75
1670015100,4597.75,4597.75,4595.75,4597.75
1670015400,4597.75,4598,4595.25,4595.75
1670015700,4596,4596.5,4595.25,4595.25
1670016000,4595.5,4595.75,4595.25,4595.25
1670016300,4595.5,4595.75,4594,4594.5
1670016600,4594.25,4594.75,4594.25,4594.75
1670016900,4594.5,4594.75,4592.5,4593.25
1670017200,4593,4593.25,4592.25,4592.25
1670017500,4592.25,4592.75,4591,4591
1670017800,4591.25,4591.75,4591,4591.25
1670018100,4591.25,4592,4590.5,4592
1670194800,4599.25,4601,4593.5,4594.75
1670195100,4595,4596.75,4592.5,4593.25
1670195400,4593.25,4593.25,4590.75,4593
1670195700,4593,4593.5,4591,4591.25
1670196000,4591.25,4593,4591.25,4592.5
1670196300,4592.5,4594,4592.25,4593.5
1670196600,4593.75,4594.5,4593,4594
1670196900,4594.25,4595.75,4592.25,4593
1670197200,4593.25,4594.75,4592.5,4594.25
1670197500,4594.25,4597.25,4594.25,4597.25
1670197800,4597.25,4597.25,4595.75,4596
1670198100,4595.75,4598,4595.75,4596.25
1670198400,4596.25,4596.75,4593,4593.25
1670198700,4593.25,4595.5,4593,4595.25
1670199000,4595.25,4595.5,4594.25,4594.5
1670199300,4594.5,4596,4594.5,4595.75
1670199600,4595.75,4598.75,4595.75,4596.5
1670199900,4596.75,4596.75,4594.75,4596.5
1670200200,4596.5,4597.5,4595.25,4597.25
1670200500,4597.25,4598,4597,4597.25
1670200800,4597,4597,4596,4596
1670201100,4596,4597.75,4596,4596.5
1670201400,4596.25,4597.25,4594.25,4594.5
1670201700,4594.5,4595,4593.75,4593.75
1670202000,4593.75,4595.5,4593.75,4595
1670202300,4595,4595.75,4594,4595.25
1670202600,4595.5,4595.75,4594.25,4594.5
1670202900,4594.75,4595,4592.25,4593.25
1670203200,4593,4595.5,4592.75,4595.5
1670203500,4595.5,4596.25,4595,4595.75
1670203800,4595.75,4596.25,4595,4596.25
1670204100,4596,4596.75,4595.75,4596.25
1670204400,4596.25,4596.75,4594.5,4594.75
1670204700,4594.75,4594.75,4592.25,4593.25
1670205000,4593.5,4595.25,4593.25,4595.25
1670205300,4595.25,4595.5,4592.5,4593.25
1670205600,4593.25,4594.75,4592.75,4594.75
1670205900,4594.75,4595.5,4594.5,4595
1670206200,4595,4595.5,4594,4594.5
1670206500,4594.75,4595,4593.75,4594.25
1670206800,4594.25,4595,4594,4594.5
1670207100,4594.75,4595,4594,4594.75
1670207400,4594.75,4596.25,4594.75,4595.75
1670207700,4595.75,4595.75,4595,4595.25
1670208000,4595.25,4596.25,4595.25,4596.25
1670208300,4596,4596.5,4595.75,4596
1670208600,4596,4596.25,4595.5,4596
1670208900,4596,4596.5,4595.5,4595.5
1670209200,4595.75,4596,4594.75,4595.25
1670209500,4595.25,4596,4595,4595.25
1670209800,4595.25,4596.25,4595,4595.75
1670210100,4596,4596.25,4595.5,4595.75
1670210400,4596,4596.25,4595.5,4596
1670210700,4596,4596.5,4596,4596.25
1670211000,4596.25,4596.5,4595.75,4596.25
1670211300,4596.25,4596.75,4596,4596.75
1670211600,4596.75,4597,4596.25,4596.5
1670211900,4596.5,4596.75,4596.25,4596.5
1670212200,4596.75,4597.25,4596.5,4597
1670212500,4597,4597.75,4597,4597.25
1670212800,4597.5,4597.75,4596,4596.25
1670213100,4596.25,4597.25,4596.25,4597
1670213400,4597,4597.25,4596.5,4596.75
1670213700,4596.5,4596.75,4595.75,4596.25
1670214000,4596.25,4596.25,4595.75,4595.75
1670214300,4595.75,4596,4595.25,4595.5
1670214600,4595.5,4595.5,4594.75,4595
1670214900,4595,4595.25,4594,4594.25
1670215200,4594.5,4594.5,4593.75,4593.75
1670215500,4593.75,4595.25,4593.75,4595.25
1670215800,4595,4595.25,4594.75,4595.25
1670216100,4595.25,4595.75,4595.25,4595.75
1670216400,4595.75,4595.75,4595,4595
1670216700,4595,4595.25,4594.25,4594.25
1670217000,4594,4595.25,4594,4595
1670217300,4595,4595,4594.25,4595
1670217600,4595,4595.5,4594.75,4595.5
1670217900,4595.25,4595.25,4594.75,4595.25
1670218200,4595.25,4596,4594.75,4595.75
1670218500,4595.75,4596.25,4595.5,4595.5
1670218800,4595.75,4595.75,4594.75,4595
1670219100,4595,4595.5,4594.25,4595.25
1670219400,4595.25,4595.75,4594.25,4595
1670219700,4595.25,4596.5,4594.5,4596.25
1670220000,4596.25,4596.75,4595.75,4596.25
1670220300,4596,4596.75,4595.5,4595.75
1670220600,4595.75,4596,4593.25,4593.25
1670220900,4593.25,4595,4592.75,4594
1670221200,4594,4594,4592.75,4593.25
1670221500,4593,4594,4593,4593.75
1670221800,4593.75,4594,4592.5,4592.75
1670222100,4592.5,4593.5,4592.5,4592.75
1670222400,4593,4594,4592.25,4594
1670222700,4594,4594.5,4593.75,4594
1670223000,4594,4596.75,4594,4596.5
1670223300,4596.25,4597.25,4596.25,4597
1670223600,4597.25,4597.25,4594,4594
1670223900,4594,4594,4591.25,4591.5
1670224200,4591.5,4591.5,4586.25,4587.75
1670224500,4587.75,4590.5,4587.5,4590.5
1670224800,4590.25,4590.5,4588,4588.25
1670225100,4588.25,4588.5,4586.75,4588
1670225400,4588.25,4591,4587.5,4589.75
1670225700,4589.75,4590.5,4589,4589.75
1670226000,4589.75,4590.5,4587.75,4587.75
1670226300,4587.5,4588.75,4585.75,4586.75
1670226600,4586.75,4589,4586.5,4589
1670226900,4589,4590.25,4586.75,4587.75
1670227200,4587.75,4589.5,4583,4584.25
1670227500,4584,4585.25,4580.5,4580.75
1670227800,4581,4590,4580.75,4585
1670228100,4585,4588.5,4583.5,4587.75
1670228400,4587.75,4588.25,4584.25,4584.5
1670228700,4584.5,4586.25,4582.75,4584.25
1670229000,4584.25,4586.5,4583,4586
1670229300,4586,4586.25,4584,4586
1670229600,4586,4587.5,4585.75,4586.25
1670229900,4586.25,4587.5,4584,4587.25
1670230200,4587.25,4589.25,4586.25,4589.25
1670230500,4589,4589.5,4587.75,4589.5
1670230800,4589.5,4590,4586.75,4589.25
1670231100,4589.5,4590,4580.25,4581
1670231400,4580.75,4583.5,4578.5,4582
1670231700,4582,4584.5,4581.75,4584.25
1670232000,4584.5,4586,4583.75,4584.75
1670232300,4584.5,4587.75,4584,4587.25
1670232600,4587,4588.5,4586.25,4586.5
1670232900,4586.5,4587.75,4584.75,4587
1670233200,4587,4588.25,4586.5,4588
1670233500,4588,4588.5,4585.25,4586.75
1670233800,4586.5,4587.75,4585,4586.5
1670234100,4586.5,4587,4584.25,4586
1670234400,4586,4587.5,4585.5,4586.25
1670234700,4586.5,4586.75,4584.75,4586.5
1670235000,4586.5,4588.5,4586.25,4587.25
1670235300,4587,4587.25,4584.5,4585.25
1670235600,4585.25,4585.5,4582.75,4583.25
1670235900,4583.5,4584.5,4582.5,4583.75
1670236200,4584,4584.5,4580.5,4583.25
1670236500,4583.5,4583.75,4580.5,4582.5
1670236800,4582.25,4584,4581.5,4583
1670237100,4583.25,4583.75,4582,4583.75
1670237400,4583.75,4584,4581,4582.75
1670237700,4583,4583.25,4581.25,4581.75
1670238000,4582,4584.25,4581.75,4583.25
1670238300,4583.25,4583.75,4581.25,4583.5
1670238600,4583.25,4585.5,4583.25,4585.25
1670238900,4585.25,4585.5,4583.75,4584.25
1670239200,4584.5,4585.75,4584.5,4585.25
1670239500,4585.25,4585.75,4583.75,4583.75
1670239800,4584,4585.25,4582.25,4585
1670240100,4585,4586,4583.75,4585
1670240400,4585,4586.5,4584.25,4586.5
1670240700,4586.5,4588.25,4586,4588.25
1670241000,4588.5,4589.25,4587,4587.25
1670241300,4587.5,4589,4587.25,4588.5
1670241600,4588.5,4589,4587.25,4588.25
1670241900,4588.25,4588.25,4585.75,4586.5
1670242200,4586.5,4587.25,4584.25,4584.5
1670242500,4584.25,4584.5,4581.5,4582.25
1670242800,4582,4583.25,4581.25,4581.75
1670243100,4582,4582.75,4580.5,4581.25
1670243400,4581,4581.5,4578.25,4580.25
1670243700,4580.25,4580.25,4577.75,4578
1670244000,4578,4580.5,4577.75,4579.75
1670244300,4579.75,4580.25,4577.75,4580
1670244600,4580,4580.75,4579.25,4580
1670244900,4580.25,4582,4579.75,4581.25
1670245200,4581,4581.75,4578.25,4579.75
1670245500,4579.75,4580.5,4577.75,4577.75
1670245800,4578,4578.5,4576.75,4577.25
1670246100,4577.5,4578,4575.75,4577.75
1670246400,4577.75,4581,4576.75,4580
1670246700,4580,4582.75,4578.75,4581.75
1670247000,4581.75,4583,4581,4581.5
1670247300,4581.75,4582,4579.5,4580
1670247600,4580.25,4581.75,4578.5,4579.75
1670247900,4579.5,4580,4571.5,4572
1670248200,4572.25,4574.5,4569.75,4570.25
1670248500,4570.5,4572,4569.25,4571.5
1670248800,4571.5,4573,4570,4572.75
1670249100,4572.75,4573.75,4571.75,4573
1670249400,4572.75,4573,4569.75,4572.25
1670249700,4572,4573.5,4572,4573
1670250000,4573.25,4574.25,4571.25,4572.5
1670250300,4572.25,4572.75,4570.25,4571
1670250600,4571,4576,4569.5,4575.5
1670250900,4575.5,4580.75,4574.5,4578.5
1670251200,4578.75,4579,4574,4574.25
1670251500,4574.25,4575.25,4568.75,4573.25
1670251800,4573.25,4573.5,4568.5,4570
1670252100,4570,4570.25,4564.25,4564.25
1670252400,4564.25,4564.25,4547.25,4560
1670252700,4560,4563,4555.25,4556.5
1670253000,4556.5,4563.5,4555,4559.75
1670253300,4559.75,4561.25,4557,4557.5
1670253600,4557.5,4560,4554.5,4559
1670253900,4558.75,4565.75,4558,4558.75
1670254200,4558.75,4562.5,4554.25,4562
1670254500,4562,4564,4560.25,4563.5
1670254800,4563.5,4568,4562.25,4565.75
1670255100,4565.75,4567.75,4563.75,4566.25
1670255400,4566.5,4567.25,4561,4561.75
1670255700,4561.75,4565.25,4561.5,4564.75
1670256000,4564.75,4569,4563,4566
1670256300,4566,4567,4564,4566.5
1670256600,4566.5,4571,4565.75,4566.25
1670256900,4566,4567,4558.75,4559
1670257200,4559,4559.75,4554.75,4556
1670257500,4555.75,4557.25,4553.5,4556.25
1670257800,4556.25,4556.75,4549.25,4549.5
1670258100,4549.75,4552,4546.75,4551
1670258400,4550.75,4553,4549.75,4549.75
1670258700,4549.75,4552,4549.25,4549.75
1670259000,4549.5,4552.5,4546.75,4546.75
1670259300,4546.75,4547,4539.75,4540.5
1670259600,4540.5,4541,4538,4538.75
1670259900,4538.75,4543.25,4538.5,4542.75
1670260200,4542.5,4543,4540,4542.75
1670260500,4542.5,4546.5,4542,4545.75
1670260800,4545.75,4549.25,4545.25,4548.5
1670261100,4548.25,4549,4544.5,4544.75
1670261400,4544.75,4546,4537.25,4538
1670261700,4538.25,4542.25,4537.5,4539.5
1670262000,4539.5,4539.75,4536.25,4536.75
1670262300,4536.75,4540.75,4536.5,4539
1670262600,4538.75,4539.25,4534.25,4535.25
1670262900,4535,4537.25,4533.5,4534.5
1670263200,4534.5,4537.25,4533.5,4535.25
1670263500,4535.5,4538.25,4534,4536.5
1670263800,4536.5,4540,4536,4539.75
1670264100,4539.75,4540.5,4538.5,4539.5
1670264400,4539.25,4539.25,4533.5,4533.5
1670264700,4533.5,4535.5,4531.5,4535.25
1670265000,4535.25,4537.25,4534,4536.5
1670265300,4536.75,4539.75,4535.5,4539
1670265600,4538.75,4540.25,4533.25,4535
1670265900,4535,4535.5,4533,4534.25
1670266200,4534,4534.25,4528.25,4531
1670266500,4530.75,4531,4522,4523
1670266800,4522.75,4524.25,4519.5,4521.5
1670267100,4521.25,4523.75,4521,4522.5
1670267400,4522.75,4528,4522.5,4527.75
1670267700,4527.75,4528,4523.5,4523.75
1670268000,4524,4524.5,4518.75,4520
1670268300,4520.25,4522.75,4517.75,4519.25
1670268600,4519.25,4519.25,4515.75,4516.5
1670268900,4516.5,4520,4516,4517.25
1670269200,4517,4517.75,4513.25,4517
1670269500,4517,4517.25,4512.5,4517.25
1670269800,4517.25,4520,4516.75,4518.75
1670270100,4518.75,4521.5,4516,4520.25
1670270400,4520,4523,4519,4522
1670270700,4522,4524.25,4517.5,4522.25
1670271000,4522.5,4526,4519.5,4525.5
1670271300,4525.25,4526,4520,4521.25
1670271600,4521.5,4523.5,4519.5,4522
1670271900,4522,4522.5,4517,4517.75
1670272200,4518,4524.5,4517.75,4523
1670272500,4523,4527.75,4521,4521.75
1670272800,4521.75,4522.75,4518,4522.25
1670273100,4522,4524.75,4518.5,4522.25
1670273400,4522.25,4526.75,4519.25,4526.5
1670273700,4526.75,4530.75,4525.5,4527.25
1670274000,4527.5,4531.25,4526.75,4527.5
1670274300,4527.5,4528.75,4526.5,4528.75
1670274600,4528.5,4530.5,4526.5,4527
1670274900,4527,4527.25,4526.25,4527
1670275200,4527,4528.25,4526.75,4528.25
1670275500,4528.25,4530,4528.25,4529
1670275800,4529,4530.25,4528.5,4530.25
1670276100,4530.25,4530.5,4529.5,4529.75
1670276400,4530,4531.25,4529.75,4531.25
1670276700,4531.25,4531.5,4530.5,4531.25
1670277000,4531.25,4531.75,4531,4531.5
1670277300,4531.5,4531.75,4530.75,4531.5
1670281200,4531,4531.25,4529,4530.75
1670281500,4531,4531.75,4529,4531
1670281800,4531,4534.5,4530.75,4534.25
1670282100,4533.75,4535,4532.75,4532.75
1670282400,4533,4534,4530.5,4534
1670282700,4533.75,4535.75,4532.75,4534.75
1670283000,4534.5,4534.5,4533.25,4534.25
1670283300,4534,4534.5,4533.5,4534.25
1670283600,4534.25,4535.25,4534,4534
1670283900,4534.25,4535.5,4534.25,4535.25
1670284200,4535.25,4535.25,4534,4534.25
1670284500,4534.5,4534.75,4533,4533.25
1670284800,4533.5,4535.75,4533.5,4534.75
1670285100,4534.75,4535.75,4533.75,4535.5
1670285400,4535.25,4535.5,4534.5,4535.5
1670285700,4535.25,4536,4534.5,4535.75
1670286000,4535.75,4537.25,4535.25,4536.5
1670286300,4536.5,4537.25,4536,4536.5
1670286600,4536.5,4537.25,4536.25,4536.5
1670286900,4536.5,4537,4535.5,4535.75
1670287200,4535.75,4536,4534.25,4534.5
1670287500,4534.5,4535,4534,4534.5
1670287800,4534.5,4534.75,4533.75,4533.75
1670288100,4533.5,4535.5,4533.25,4535.5
1670288400,4535.75,4536.75,4535.5,4536.5
1670288700,4536.25,4537.25,4535,4535.25
1670289000,4535.25,4537.75,4535.25,4537.25
1670289300,4537.25,4538.25,4537,4537.75
1670289600,4537.5,4539.25,4537.5,4538.25
1670289900,4538.25,4538.75,4536.5,4536.75
1670290200,4536.75,4538,4536.25,4537.25
1670290500,4537.25,4540,4536.75,4539.25
1670290800,4539,4539.75,4538.25,4538.5
1670291100,4538.75,4539.25,4537,4537.25
1670291400,4537.25,4538,4536.25,4537
1670291700,4537,4537,4535.5,4536.25
1670292000,4536,4537,4535.5,4537
1670292300,4537,4537.5,4536.25,4536.75
1670292600,4537,4538.75,4536.75,4538.75
1670292900,4538.5,4539.75,4538,4538.75
1670293200,4538.75,4538.75,4537.25,4537.25
1670293500,4537.25,4537.5,4536,4536
1670293800,4536.25,4537.25,4535.25,4536.75
1670294100,4536.75,4537.25,4535,4536
1670294400,4536.25,4536.75,4535.5,4535.5
1670294700,4535.75,4536.75,4535.25,4536
1670295000,4536,4536.5,4535.25,4536.5
1670295300,4536.75,4536.75,4535,4535.5
1670295600,4535.5,4536.5,4535,4535.5
1670295900,4535.75,4537,4535.75,4536.75
1670296200,4536.75,4537.5,4536.25,4537.25
1670296500,4537.25,4537.5,4536.25,4536.25
1670296800,4536.5,4536.5,4535.75,4536
1670297100,4536,4536.25,4535.25,4535.5
1670297400,4535.5,4535.75,4534,4534.25
1670297700,4534,4535,4534,4534.25
1670298000,4534.25,4534.5,4532.5,4533.25
1670298300,4533.5,4534.75,4533.5,4534.75
1670298600,4534.5,4534.75,4533.5,4534.25
1670298900,4534.25,4535.75,4534,4535.5
1670299200,4535.5,4536,4534.75,4535
1670299500,4535,4535.75,4534.25,4535.25
1670299800,4535,4535,4533.75,4534.25
1670300100,4534.25,4534.25,4533.25,4533.75
1670300400,4533.75,4535,4533.5,4533.75
1670300700,4533.75,4534.25,4533,4533.75
1670301000,4533.5,4534,4531.75,4532.25
1670301300,4532.5,4533,4532,4532.75
1670301600,4532.5,4533,4532,4532
1670301900,4532,4532.5,4531,4531.5
1670302200,4531.5,4532,4530.75,4531.75
1670302500,4531.75,4532.5,4531.5,4531.75
1670302800,4532,4532,4530.25,4530.75
1670303100,4530.75,4533,4530.5,4532.5
1670303400,4532.5,4532.75,4530.75,4530.75
1670303700,4530.75,4532.5,4530.5,4532.5
1670304000,4532.5,4533.25,4531.75,4532.5
1670304300,4532.25,4532.25,4530.25,4530.5
1670304600,4530.5,4531.25,4529,4530.5
1670304900,4530.5,4530.75,4528.75,4528.75
1670305200,4529,4529.25,4527.75,4528.5
1670305500,4528.75,4530,4528.75,4529.25
1670305800,4529.25,4530.75,4529.25,4530
1670306100,4530,4531.5,4530,4531.25
1670306400,4531.25,4531.25,4529.5,4531
1670306700,4531,4531.5,4530.25,4530.25
1670307000,4530,4530.25,4528,4528.5
1670307300,4528.25,4529.25,4528,4528.25
1670307600,4528.25,4528.75,4527.25,4528.25
1670307900,4528.25,4529.25,4528.25,4528.75
1670308200,4529,4529.5,4528.75,4528.75
1670308500,4528.5,4530.5,4528.25,4530
1670308800,4530.25,4531.25,4529.75,4531.25
1670309100,4531.25,4531.25,4529.5,4529.5
1670309400,4529.25,4529.5,4528.5,4528.5
1670309700,4528.25,4530,4527.25,4530
1670310000,4529.75,4530.5,4525.5,4527.25
1670310300,4527.25,4528.25,4526.25,4528
1670310600,4528.25,4529.5,4527.5,4529.25
1670310900,4529,4529.25,4527.25,4528
1670311200,4528,4530.25,4527.5,4530.25
1670311500,4530,4530.25,4529.25,4529.25
1670311800,4529.25,4530.5,4528.75,4529.5
1670312100,4529.5,4532.5,4528.75,4531
1670312400,4530.75,4532,4530.75,4530.75
1670312700,4531,4531,4529,4529.25
1670313000,4529.25,4530.5,4529.25,4530
1670313300,4530,4531.5,4529.25,4529.5
1670313600,4529.25,4534.25,4528,4532.75
1670313900,4533,4535,4532.25,4534.25
1670314200,4534.5,4535,4533,4534.75
1670314500,4534.75,4536.5,4533.75,4534.25
1670314800,4534.25,4534.5,4529.75,4530.25
1670315100,4530.25,4531,4527.5,4527.75
1670315400,4527.75,4528,4522.75,4525
1670315700,4524.75,4528.75,4524.5,4528.5
1670316000,4528.75,4537.5,4528.5,4535.75
1670316300,4536,4537.75,4535.5,4536
1670316600,4536,4538.5,4535.75,4537
1670316900,4537,4539.25,4536.75,4537.75
1670317200,4538,4539,4535.25,4536
1670317500,4536,4537.5,4535.5,4536.75
1670317800,4536.75,4537.5,4533.5,4533.75
1670318100,4533.5,4536.25,4533,4536
1670318400,4535.75,4538,4534.25,4537
1670318700,4537,4537,4535.25,4535.75
1670319000,4535.75,4537.25,4532,4535
1670319300,4535,4537.25,4534.5,4536.25
1670319600,4536,4537.25,4535.5,4535.75
1670319900,4535.5,4535.75,4534.25,4535
1670320200,4535.5,4536,4533.5,4535.5
1670320500,4535.5,4536.5,4529.25,4530
1670320800,4529.75,4531.25,4528.25,4530.75
1670321100,4531,4532,4530.25,4530.25
1670321400,4530.25,4530.5,4528.5,4530
1670321700,4530.25,4531,4527.75,4528
1670322000,4528,4528.25,4526.25,4526.75
1670322300,4526.75,4527.25,4523,4523
1670322600,4523.25,4525.75,4521.25,4525.25
1670322900,4525.25,4526.25,4523.5,4526.25
1670323200,4526.5,4527,4525,4527
1670323500,4527,4527.25,4526.25,4526.75
1670323800,4526.75,4531.75,4526.5,4531.5
1670324100,4531.5,4532,4528.5,4528.5
1670324400,4528.5,4529.5,4527.75,4528
1670324700,4528.25,4529.75,4527.5,4527.75
1670325000,4527.75,4527.75,4524.75,4525
1670325300,4524.75,4526.75,4524.5,4526
1670325600,4525.75,4527.75,4525.25,4526.25
1670325900,4526.25,4527.5,4525.5,4527.5
1670326200,4527.25,4530.5,4527,4530.25
1670326500,4530.25,4530.75,4527.75,4528.75
1670326800,4528.5,4529.5,4527.75,4528.75
1670327100,4528.75,4529.5,4527.25,4529.25
1670327400,4529,4529.5,4526.75,4529
1670327700,4529,4531.75,4528.75,4531
1670328000,4530.75,4533,4529.75,4532.75
1670328300,4532.75,4534.5,4532.75,4534
1670328600,4534,4536.25,4534,4535.75
1670328900,4535.75,4536.5,4533.75,4533.75
1670329200,4533.75,4535.25,4532.25,4534.25
1670329500,4534,4536.25,4532.5,4535.25
1670329800,4535.25,4536.25,4535,4535
1670330100,4535.25,4535.25,4533.5,4534.5
1670330400,4534.75,4535,4531,4532
1670330700,4532,4532.75,4530,4530.25
1670331000,4530.25,4532.5,4530,4531.75
1670331300,4531.75,4532.5,4529.25,4529.75
1670331600,4530,4530.5,4527.5,4528.5
1670331900,4528.5,4528.75,4523.75,4524
1670332200,4524.25,4524.25,4520,4521.5
1670332500,4521.75,4528,4521.5,4528
1670332800,4528,4531.75,4528,4531
1670333100,4531.25,4531.25,4529.25,4530
1670333400,4530,4532.75,4528.75,4530.75
1670333700,4530.75,4532,4527.5,4528.25
1670334000,4528.25,4529.25,4526.75,4527
1670334300,4527,4528.75,4521.75,4522
1670334600,4521.75,4525.25,4521.25,4524.75
1670334900,4524.5,4528.25,4524.5,4528.25
1670335200,4528.25,4529,4526.25,4527
1670335500,4527,4528,4526.25,4527.5
1670335800,4527.75,4530.25,4525.5,4530
1670336100,4529.75,4531.25,4527.5,4528
1670336400,4527.75,4529.5,4526.25,4526.5
1670336700,4526.5,4528.5,4524.25,4525
1670337000,4525.25,4530.75,4523,4527.25
1670337300,4527.25,4529.75,4523.5,4523.75
1670337600,4523.75,4525.25,4511.75,4512
1670337900,4512,4517.5,4506,4516.5
1670338200,4516.75,4517,4508.25,4508.5
1670338500,4508.75,4510.5,4502,4502.5
1670338800,4502.25,4505.5,4496.5,4497.5
1670339100,4497.25,4498.75,4490.25,4495.5
1670339400,4495.25,4495.5,4491,4493.75
1670339700,4493.5,4495,4490.5,4494.75
1670340000,4494.5,4497,4491.25,4496.5
1670340300,4496.25,4498,4488.25,4489.25
1670340600,4489.5,4492,4487.25,4488.5
1670340900,4488.5,4491.25,4482.25,4483.75
1670341200,4483.75,4489.5,4478.25,4489.25
1670341500,4489.25,4491.5,4488.25,4489
1670341800,4489.25,4491.25,4486.5,4487
1670342100,4487,4488,4483,4484.75
1670342400,4484.75,4487,4482,4482.5
1670342700,4482.5,4486.75,4481.25,4482.5
1670343000,4482.5,4489,4482.25,4483
1670343300,4483,4483.25,4476.25,4480.25
1670343600,4480.25,4486.25,4479.75,4485.75
1670343900,4485.5,4486.25,4481.75,4485
1670344200,4485.25,4489.25,4482.75,4485.75
1670344500,4485.5,4489,4481.5,4483
1670344800,4483,4485.75,4480.5,4485
1670345100,4485,4487.5,4484.25,4486
1670345400,4486,4487.75,4480.25,4480.5
1670345700,4480.75,4486,4477.5,4481.25
1670346000,4481,4485.75,4481,4484
1670346300,4484,4486.75,4481.75,4483.5
1670346600,4483.75,4484,4480,4480.75
1670346900,4480.75,4481.75,4470.5,4470.75
1670347200,4470.75,4477,4470.75,4474.75
1670347500,4474.75,4478,4474.25,4476.25
1670347800,4476.5,4478.25,4473.5,4477.75
1670348100,4477.5,4477.75,4473.5,4475
1670348400,4475,4476.75,4472.5,4475.5
1670348700,4475.25,4476,4472.5,4475
1670349000,4474.75,4475.75,4471.5,4473.5
1670349300,4473.75,4474,4468.5,4471
1670349600,4471,4474,4468.5,4470.25
1670349900,4470.25,4470.25,4462.25,4462.5
1670350200,4462.5,4465.75,4461.25,4465.25
1670350500,4465.25,4467.25,4464,4464
1670350800,4464,4466,4461,4461.5
1670351100,4461.25,4461.75,4458.25,4459.5
1670351400,4459.5,4461.75,4456.5,4460
1670351700,4459.75,4462.75,4459.5,4461.25
1670352000,4461.25,4466.5,4461,4466.25
1670352300,4466,4468.5,4465.5,4466.75
1670352600,4466.75,4467.5,4462,4462.25
1670352900,4462.5,4464.25,4460.75,4463.5
1670353200,4463.5,4464.75,4458.25,4459.5
1670353500,4459.25,4460.5,4455.5,4457.5
1670353800,4457.5,4457.75,4453.75,4456.25
1670354100,4456.25,4459.25,4454,4457
1670354400,4457,4458,4454,4457.25
1670354700,4457.5,4457.5,4451.75,4451.75
1670355000,4452,4454,4447.75,4449.25
1670355300,4449,4451,4446.75,4450.25
1670355600,4450.25,4456.25,4450,4455
1670355900,4455,4455.75,4452.5,4453.5
1670356200,4453.5,4458.75,4452.25,4457.75
1670356500,4457.75,4458.5,4455.25,4455.25
1670356800,4455.25,4463.25,4455.25,4460
1670357100,4460,4462.5,4458,4458.5
1670357400,4458.25,4459,4455.25,4455.75
1670357700,4455.75,4457.75,4450.25,4451.5
1670358000,4451.25,4456.5,4450.5,4455
1670358300,4455,4456,4450.25,4451.5
1670358600,4451.75,4460.5,4451.25,4457.5
1670358900,4457.25,4462.75,4457,4462.5
1670359200,4462.5,4469.25,4459.5,4466.5
1670359500,4466.5,4471.5,4466,4470.5
1670359800,4470.75,4473,4466.5,4470.25
1670360100,4470.5,4472.5,4466,4469
1670360400,4469.25,4470.75,4466.5,4468.25
1670360700,4468.25,4471,4468,4470.5
1670361000,4470.5,4472.75,4468.5,4469
1670361300,4468.75,4470,4468.75,4469.75
1670361600,4469.5,4469.75,4468.25,4468.75
1670361900,4468.75,4469.25,4468,4468.5
1670362200,4468.5,4468.75,4467.25,4468.5
1670362500,4468.75,4468.75,4467.25,4467.75
1670362800,4467.75,4469,4467.75,4469
1670363100,4469,4470.25,4469,4470
1670363400,4470,4470.25,4468.25,4468.5
1670363700,4468.75,4470.5,4468.75,4470.25
1670367600,4469.75,4471.5,4468.75,4471.25
1670367900,4471.25,4472.25,4470.75,4471.5
1670368200,4471.75,4472.25,4471.25,4471.5
1670368500,4471.75,4471.75,4470.25,4471.25
1670368800,4471.5,4472,4470.5,4471.5
1670369100,4471.5,4472.25,4471,4472
1670369400,4472,4472.5,4471,4471.75
1670369700,4471.75,4474.25,4471.25,4474
1670370000,4473.75,4474.75,4473.5,4473.75
1670370300,4473.75,4474.25,4472.75,4473.5
1670370600,4473.5,4474.5,4472.5,4473.75
1670370900,4474,4474,4472.75,4473
1670371200,4473,4475.25,4472.5,4475.25
1670371500,4475.25,4475.5,4473.5,4474.5
1670371800,4474.25,4476,4474.25,4475.5
1670372100,4475.5,4475.75,4474.25,4474.75
1670372400,4474.75,4476,4474.5,4475
1670372700,4475.25,4475.75,4474.25,4474.25
1670373000,4474.5,4475,4474,4474.75
1670373300,4474.75,4475,4474.25,4474.5
1670373600,4474.5,4475,4474,4474.25
1670373900,4474.25,4475,4472.5,4472.75
1670374200,4472.5,4472.75,4472,4472.5
1670374500,4472.5,4473.25,4471.25,4471.5
1670374800,4471.5,4472.5,4470,4472
1670375100,4472,4472.75,4469.75,4470.75
1670375400,4470.75,4472.5,4470.75,4472
1670375700,4472,4472.75,4472,4472.25
1670376000,4472.25,4473.75,4472.25,4472.5
1670376300,4472.75,4472.75,4471.25,4471.75
1670376600,4471.75,4474.25,4471.75,4473
1670376900,4472.75,4474.5,4472.75,4473.5
1670377200,4473.5,4477,4473.25,4476.25
1670377500,4476,4476.5,4474.75,4476.25
1670377800,4476,4477.75,4476,4477.75
1670378100,4477.75,4478.75,4476.75,4477
1670378400,4476.75,4477.25,4475.75,4477.25
1670378700,4477.25,4478.25,4476.75,4476.75
1670379000,4476.5,4477,4475.75,4475.75
1670379300,4475.75,4476.75,4475.75,4476.75
1670379600,4476.75,4477,4475.5,4475.75
1670379900,4475.75,4477.25,4475.25,4476.75
1670380200,4476.75,4477.5,4475.75,4476.5
1670380500,4476.5,4478.25,4476.5,4478
1670380800,4478.25,4478.25,4477.25,4477.5
1670381100,4477.5,4478,4476.75,4477.75
1670381400,4477.5,4478.25,4477.25,4477.5
1670381700,4477.25,4477.5,4476.25,4477
1670382000,4477.25,4477.25,4475,4475.75
1670382300,4475.75,4476.25,4474.5,4475
1670382600,4475,4475.5,4474.75,4474.75
1670382900,4474.75,4475.75,4474.25,4474.75
1670383200,4474.5,4475.5,4474.5,4474.5
1670383500,4474.5,4474.5,4473.25,4473.75
1670383800,4473.75,4475.25,4473.75,4475
1670384100,4475,4475.25,4474.25,4474.25
1670384400,4474.5,4475.25,4474.5,4475
1670384700,4475,4477.5,4475,4477.5
1670385000,4477.5,4478.25,4477,4477.75
1670385300,4477.75,4479,4477.75,4478.5
1670385600,4478.5,4478.5,4477.75,4478.25
1670385900,4478,4479,4478,4478.75
1670386200,4478.75,4479.25,4478.25,4478.5
1670386500,4478.75,4478.75,4477.75,4477.75
1670386800,4478,4478.75,4478,4478.25
1670387100,4478.5,4478.75,4477.25,4477.5
1670387400,4477.5,4477.5,4476.5,4477
1670387700,4477,4477,4476.5,4477
1670388000,4476.75,4477.75,4476.75,4477.5
1670388300,4477.75,4477.75,4476,4476.25
1670388600,4476.5,4477.5,4476.5,4477.25
1670388900,4477.25,4477.75,4477,4477
1670389200,4477,4478,4476.5,4477.5
1670389500,4477.5,4478,4476,4476.25
1670389800,4476.25,4477.25,4476,4476.75
1670390100,4476.75,4477.75,4476.75,4477.5
1670390400,4477,4477,4475.75,4476
1670390700,4476.25,4478.25,4476,4476.75
1670391000,4476.75,4477.75,4476.75,4477.5
1670391300,4477.5,4477.75,4476.25,4476.5
1670391600,4476.75,4477.25,4476,4476.5
1670391900,4476.25,4477.25,4476.25,4476.5
1670392200,4476.5,4476.5,4473.75,4474.25
1670392500,4474,4475,4473.5,4474
1670392800,4474.25,4474.75,4471.75,4472
1670393100,4472,4472,4469.25,4469.75
1670393400,4469.75,4470,4467.25,4469.5
1670393700,4469.25,4470.75,4468.75,4470.5
1670394000,4470.5,4471.25,4470.25,4471
1670394300,4471.25,4471.5,4470.5,4471.25
1670394600,4471.25,4472,4470.25,4472
1670394900,4471.75,4472.5,4471.5,4472.5
1670395200,4472.5,4472.5,4471.25,4471.5
1670395500,4471.5,4471.75,4470.5,4471
1670395800,4471,4471.25,4470,4470.75
1670396100,4471,4471.25,4469.5,4470.25
1670396400,4470.25,4475.5,4470,4474.75
1670396700,4474.75,4475,4472.5,4472.5
1670397000,4472.5,4473.25,4465.25,4465.75
1670397300,4465.75,4469,4465.25,4468
1670397600,4468,4470.25,4467.5,4469.25
1670397900,4469.25,4472.5,4468.25,4471.75
1670398200,4472,4473.25,4470.75,4472.75
1670398500,4473,4474,4470.75,4471.5
1670398800,4471.25,4472.25,4469.25,4469.75
1670399100,4469.75,4471.25,4469.5,4471
1670399400,4471.25,4471.25,4467,4468.25
1670399700,4468.25,4470.75,4468.25,4468.75
1670400000,4468.75,4473,4467.5,4471.25
1670400300,4471.5,4473.5,4466.75,4467
1670400600,4467,4471,4465,4469.25
1670400900,4469.25,4472.75,4469.25,4471.25
1670401200,4471.5,4472.25,4469.25,4470.5
1670401500,4470.75,4473.5,4468.75,4472.25
1670401800,4472,4472.75,4469.75,4470
1670402100,4469.75,4471.75,4468.25,4469.5
1670402400,4469.75,4469.75,4466,4467
1670402700,4467,4471,4465.75,4470.25
1670403000,4470.25,4475.75,4470.25,4474.5
1670403300,4474.5,4475.75,4473.25,4474.25
1670403600,4474.5,4474.5,4472.5,4473.5
1670403900,4473.5,4475.25,4470.75,4472
1670404200,4472,4474.75,4472,4474
1670404500,4474.25,4475.25,4471.75,4472
1670404800,4472,4472.5,4469,4469
1670405100,4469,4470.5,4468.75,4469.75
1670405400,4469.75,4470.25,4465.5,4466
1670405700,4466,4467,4463.75,4464.25
1670406000,4464.25,4465.5,4460.5,4461.5
1670406300,4461.75,4462.5,4459,4460.75
1670406600,4460.5,4463.25,4460.5,4461.75
1670406900,4461.75,4463.75,4461.75,4461.75
1670407200,4462,4464.25,4461.5,4463
1670407500,4463,4464.25,4462,4462.25
1670407800,4462.25,4464.25,4461.25,4462.75
1670408100,4462.75,4464.5,4462.5,4463.75
1670408400,4463.75,4463.75,4459.75,4460
1670408700,4459.75,4460,4458.5,4459.25
1670409000,4459.25,4459.75,4457.25,4458
1670409300,4458,4460,4458,4458.25
1670409600,4458.5,4460,4458,4459.75
1670409900,4459.75,4461,4459,4461
1670410200,4461,4461,4458.75,4459.25
1670410500,4459.25,4463,4459.25,4463
1670410800,4463,4465,4461.75,4464.25
1670411100,4464,4465.5,4463.75,4464.25
1670411400,4464,4464.25,4462.25,4462.75
1670411700,4462.75,4464,4461.25,4461.75
1670412000,4461.75,4462.5,4460.25,4461
1670412300,4461,4463,4459.5,4460
1670412600,4460,4461.75,4459.25,4461.25
1670412900,4461.25,4463,4461,4463
1670413200,4463.25,4463.25,4454.75,4455
1670413500,4454.75,4455,4452.25,4454
1670413800,4453.75,4455,4452.5,4455
1670414100,4454.75,4455.75,4453.5,4455
1670414400,4455.25,4457.75,4454.75,4457.25
1670414700,4457,4457.25,4453.5,4453.5
1670415000,4453.75,4453.75,4451.75,4452.75
1670415300,4452.75,4453.25,4451,4451.25
1670415600,4451.25,4451.25,4441.75,4442.75
1670415900,4442.75,4444.75,4441,4443.25
1670416200,4443,4444,4441.75,4441.75
1670416500,4442,4443.5,4439.25,4443
1670416800,4443,4443.5,4442,4442.75
1670417100,4442.75,4445,4442.25,4444.5
1670417400,4444.5,4446,4443.25,4443.75
1670417700,4443.75,4446.25,4443.5,4444.75
1670418000,4444.75,4447.5,4444.25,4447.25
1670418300,4447.25,4448.75,4446.25,4448.5
1670418600,4448.5,4449.25,4446.5,4446.75
1670418900,4447,4447.5,4444.75,4446
1670419200,4445.75,4450,4445.75,4449.75
1670419500,4449.5,4452.75,4449.25,4451.5
1670419800,4451.5,4458.25,4451.25,4457.5
1670420100,4457.5,4459,4455.5,4456.25
1670420400,4456.5,4458.5,4454.75,4455.25
1670420700,4455.5,4456.75,4453.25,4454
1670421000,4454,4462,4454,4460.75
1670421300,4460.75,4462.25,4458,4458.25
1670421600,4458.5,4462.75,4458.25,4459.75
1670421900,4459.75,4462,4457.75,4458.25
1670422200,4458,4462,4456.5,4461.75
1670422500,4461.75,4464.75,4459.75,4459.75
1670422800,4459.75,4463.75,4459.5,4462.5
1670423100,4462.25,4462.25,4457,4459
1670423400,4459,4472.5,4455.75,4471.5
1670423700,4471.75,4483,4471,4476.25
1670424000,4476.5,4479,4468.5,4469.5
1670424300,4469.25,4473.75,4457.5,4458.75
1670424600,4458.75,4461.5,4453,4458
1670424900,4457.75,4461.25,4454.75,4458
1670425200,4458,4469.75,4449.5,4468.75
1670425500,4468.75,4473,4466.25,4468
1670425800,4468,4472,4452.75,4468
1670426100,4468,4475.75,4464.25,4467.25
1670426400,4467.25,4472,4464,4468.25
1670426700,4468.5,4478.25,4461.25,4477.5
1670427000,4477.75,4481.5,4468.5,4469.75
1670427300,4469.5,4471.75,4462.5,4463.25
1670427600,4463.5,4469.75,4462,4469
1670427900,4469.25,4477,4468.75,4476.25
1670428200,4476.25,4484.5,4474.5,4480.5
1670428500,4480.25,4483.5,4479.25,4480.75
1670428800,4480.5,4485.5,4480.25,4483.75
1670429100,4483.75,4486.75,4476,4476.75
1670429400,4476.75,4478.5,4470.25,4472.25
1670429700,4472.5,4475.25,4469.25,4470.25
1670430000,4470.25,4470.5,4456,4457
1670430300,4457,4460,4454.5,4456.25
1670430600,4456.25,4458.75,4452.25,4454.5
1670430900,4454.5,4461,4453.75,4458.5
1670431200,4458.5,4463,4458.5,4461.75
1670431500,4461.75,4463.25,4459.75,4461.25
1670431800,4461.25,4463,4456.75,4458
1670432100,4458,4466.25,4456.5,4463.75
1670432400,4463.75,4466.75,4459.75,4460.75
1670432700,4460.5,4463.25,4457.75,4462.75
1670433000,4462.5,4465.75,4456.75,4462
1670433300,4462.25,4467,4462,4462
1670433600,4462,4465.25,4459.75,4460.25
1670433900,4460.25,4463.25,4458,4459.25
1670434200,4459.25,4460.75,4456.5,4457.75
1670434500,4457.5,4462.75,4457.5,4460.25
1670434800,4460,4469,4459.75,4467
1670435100,4467,4470.75,4465,4469
1670435400,4469,4470.5,4466.75,4469
1670435700,4469,4470.25,4465.5,4467.25
1670436000,4467.25,4470.25,4464.5,4464.5
1670436300,4464.5,4469.5,4462.5,4468
1670436600,4468,4473.75,4466,4473
1670436900,4473,4476.25,4470.5,4475.25
1670437200,4475.25,4475.5,4470,4473.5
1670437500,4473.5,4473.75,4469,4471.5
1670437800,4471.75,4472,4467.75,4470
1670438100,4470.25,4471.75,4465.25,4466.75
1670438400,4467,4469.75,4466.25,4468
1670438700,4468,4469.25,4467,4468.25
1670439000,4468.5,4468.5,4462.25,4464.25
1670439300,4464.5,4464.5,4458.25,4460.25
1670439600,4460.25,4461.5,4453,4455.5
1670439900,4455.25,4458,4455.25,4457
1670440200,4457,4463.75,4455.5,4463
1670440500,4462.75,4463.75,4459,4460
1670440800,4460,4461,4454.75,4457.75
1670441100,4458,4462.75,4458,4461
1670441400,4461,4465.25,4458.75,4465
1670441700,4465.25,4466.75,4463.75,4466
1670442000,4466,4467.25,4461,4465
1670442300,4464.75,4465.5,4461.5,4462.5
1670442600,4462.5,4463,4459.25,4459.5
1670442900,4459.5,4460.75,4456.5,4459
1670443200,4459,4464,4458,4463.5
1670443500,4463.25,4463.75,4453,4455.5
1670443800,4455.5,4458.75,4454.25,4456.25
1670444100,4456.25,4459.5,4453,4454.5
1670444400,4454.25,4455.75,4450.75,4455
1670444700,4455,4458,4454,4457.75
1670445000,4457.75,4462.25,4457.25,4459.5
1670445300,4459.5,4461.5,4457,4460.75
1670445600,4460.75,4461.75,4456.75,4457
1670445900,4457,4460.5,4456.75,4458.5
1670446200,4458.25,4462.5,4457.5,4462
1670446500,4462,4464.75,4460.5,4461.5
1670446800,4461.5,4463.75,4459.25,4460.75
1670447100,4460.5,4461.75,4459.25,4460
1670447400,4459.75,4461.25,4459,4459
1670447700,4459.25,4459.25,4458.75,4459.25
1670448000,4459.25,4460.25,4459.25,4459.75
1670448300,4459.75,4460.75,4459.75,4460.25
1670448600,4460.5,4460.75,4459.75,4460
1670448900,4460,4460,4459.5,4459.75
1670449200,4459.5,4460.5,4459.5,4460
1670449500,4460,4460.25,4459.75,4460.25
1670449800,4460.25,4460.25,4459.75,4460.25
1670450100,4460,4460.5,4459.75,4459.75
1670454000,4461,4462.75,4460.25,4461.75
1670454300,4461.75,4462.25,4460.75,4461
1670454600,4461.25,4462.5,4460.75,4462.5
1670454900,4462.25,4462.5,4460.75,4461.5
1670455200,4461.5,4463.75,4461.5,4462.25
1670455500,4462.5,4464,4462.5,4462.75
1670455800,4462.75,4463,4461.75,4462.25
1670456100,4462.5,4462.5,4461.25,4462.25
1670456400,4462.25,4462.5,4461.25,4461.25
1670456700,4461.5,4463.75,4461.25,4463.5
1670457000,4463.75,4463.75,4462.75,4463.25
1670457300,4463.25,4463.25,4462,4463
1670457600,4463,4463.5,4462.25,4463
1670457900,4462.75,4463,4460.5,4461
1670458200,4461,4461.25,4459.5,4460
1670458500,4460,4460,4455.75,4456
1670458800,4456,4458,4455.75,4456
1670459100,4456,4456.75,4454.75,4455.75
1670459400,4455.5,4456.5,4455.25,4456.25
1670459700,4456.25,4457.25,4455.25,4457.25
1670460000,4457.25,4457.75,4456.25,4456.75
1670460300,4456.75,4457,4454.75,4455.25
1670460600,4455.25,4455.75,4454.75,4455.25
1670460900,4455.25,4455.25,4452.25,4452.5
1670461200,4452.25,4452.5,4443,4445.5
1670461500,4445.25,4448,4445,4446.75
1670461800,4446.75,4447.75,4445.75,4446.5
1670462100,4446.5,4447,4441.25,4443.5
1670462400,4443.75,4447.25,4443.25,4447
1670462700,4447,4448.5,4447,4447.5
1670463000,4447.25,4449,4446.75,4446.75
1670463300,4447,4450.5,4447,4450
1670463600,4450.25,4450.25,4448.25,4449
1670463900,4448.75,4449.75,4448,4448
1670464200,4448,4448.5,4446.5,4446.5
1670464500,4446.5,4448.75,4446,4448.25
1670464800,4448.25,4449,4447.5,4449
1670465100,4449,4450.25,4448.75,4450
1670465400,4449.75,4451.5,4449,4449.5
1670465700,4449.5,4451,4448.25,4448.5
1670466000,4448.5,4449.75,4448,4449.25
1670466300,4449.25,4451,4449.25,4451
1670466600,4450.75,4452.75,4450.5,4452.5
1670466900,4452.5,4453.5,4451.75,4452.25
1670467200,4452.25,4453.5,4451.75,4453.25
1670467500,4453.25,4454.75,4453,4454
1670467800,4453.75,4454.5,4453,4454.25
1670468100,4454.25,4454.25,4452.75,4453.5
1670468400,4453.5,4453.75,4453,4453.5
1670468700,4453.5,4455.75,4453.5,4455.5
1670469000,4455.5,4457.75,4455.5,4457.75
1670469300,4457.75,4459.25,4456.75,4458.5
1670469600,4458.5,4460,4457.5,4457.5
1670469900,4457.5,4458,4456.25,4457.5
1670470200,4457.75,4459.25,4457.25,4459.25
1670470500,4459,4459,4457.5,4458.25
1670470800,4458.25,4459.75,4457.75,4459.25
1670471100,4459.5,4460,4459,4459
1670471400,4459,4459.75,4458.75,4459.75
1670471700,4459.5,4459.75,4458,4458.75
1670472000,4458.75,4460.25,4458.25,4458.5
1670472300,4458.5,4458.5,4457.5,4457.5
1670472600,4457.5,4459,4457,4458.5
1670472900,4458.5,4458.75,4456.5,4457.5
1670473200,4457.25,4458.25,4456.5,4456.75
1670473500,4457,4457.75,4456.75,4457.5
1670473800,4457.75,4458.75,4457.75,4458
1670474100,4458.25,4458.5,4457.75,4458
1670474400,4458,4458.75,4457.25,4457.5
1670474700,4458,4458.5,4457.5,4458.5
1670475000,4458.5,4458.5,4457.75,4457.75
1670475300,4457.75,4458.25,4457.25,4458
1670475600,4457.75,4458.75,4457.5,4457.5
1670475900,4457.5,4457.75,4456.25,4456.75
1670476200,4456.5,4457,4456,4456.25
1670476500,4456.5,4457,4456,4456.25
1670476800,4456.5,4456.75,4455.75,4456.25
1670477100,4456.5,4456.75,4456,4456
1670477400,4456.25,4458.25,4456,4457.75
1670477700,4457.75,4458.25,4457.25,4457.5
1670478000,4457.5,4457.5,4456.25,4456.5
1670478300,4456.5,4456.5,4455.5,4456.25
1670478600,4456.25,4458,4456.25,4457.5
1670478900,4457.75,4460.25,4457.75,4459.75
1670479200,4460,4460,4457.75,4458.75
1670479500,4458.5,4458.75,4458,4458
1670479800,4458,4459.5,4457.75,4459.25
1670480100,4459.25,4460.5,4459.25,4459.5
1670480400,4459.5,4460.75,4459,4460.25
1670480700,4460.25,4461,4459.75,4460.5
1670481000,4460.75,4462.75,4460.5,4462.25
1670481300,4462.5,4463,4462,4462.5
1670481600,4462.5,4462.75,4461.75,4462
1670481900,4462,4462.5,4461.5,4462.5
1670482200,4462.5,4462.5,4460.75,4462.25
1670482500,4462.25,4463.75,4462.25,4463
1670482800,4462.75,4464.75,4462,4462.5
1670483100,4462.5,4464.75,4462,4463.75
1670483400,4463.75,4465.25,4463.75,4464.75
1670483700,4464.75,4465.5,4463.75,4465.5
1670484000,4465.5,4467,4465.25,4466.75
1670484300,4466.5,4466.5,4464.25,4465
1670484600,4465.25,4468.25,4465,4468
1670484900,4467.75,4471.5,4467,4471
1670485200,4470.75,4472.5,4469,4471.5
1670485500,4471.75,4472.75,4470.5,4470.75
1670485800,4471,4472,4470.25,4471
1670486100,4471.25,4472,4469.75,4469.75
1670486400,4469.5,4470,4465.25,4467.5
1670486700,4467.5,4468.5,4464.25,4464.25
1670487000,4464.5,4465.25,4463.75,4465
1670487300,4465,4466.5,4464,4465.5
1670487600,4465.5,4465.5,4462.75,4463.5
1670487900,4463.5,4467.75,4462.25,4467.75
1670488200,4468,4468.25,4465,4467.25
1670488500,4467.25,4470.25,4467,4468
1670488800,4468,4468.5,4465,4465.5
1670489100,4465.5,4466.5,4464.5,4465.25
1670489400,4465,4467.75,4463.75,4466.75
1670489700,4466.75,4468.75,4466.5,4468.25
1670490000,4468,4472.5,4465.5,4466.25
1670490300,4466.5,4467.5,4465,4467.5
1670490600,4467.5,4470.25,4466.75,4470
1670490900,4470,4470,4467,4467.25
1670491200,4467,4467.75,4465.75,4466.75
1670491500,4466.75,4467,4465.5,4466.25
1670491800,4466.5,4467.5,4465.75,4467
1670492100,4466.75,4470.5,4466.75,4468.25
1670492400,4468.25,4468.75,4466.25,4467.5
1670492700,4467.5,4467.5,4464.5,4464.75
1670493000,4464.75,4465.25,4463.5,4464
1670493300,4464,4466.5,4463.5,4466.5
1670493600,4466.5,4469,4466,4468.75
1670493900,4468.75,4469.5,4467,4467.25
1670494200,4467,4467.5,4466,4466.25
1670494500,4466.5,4466.5,4464.75,4465.5
1670494800,4465.5,4466.25,4465,4465
1670495100,4465,4467.5,4464.75,4467.25
1670495400,4467,4468.5,4466.25,4468.5
1670495700,4468.5,4468.5,4466.75,4466.75
1670496000,4467,4467,4464,4464.25
1670496300,4464.25,4465,4463,4463.25
1670496600,4463.25,4465.75,4462.75,4465.75
1670496900,4465.75,4466.75,4464.75,4466
1670497200,4465.75,4468,4465,4467.5
1670497500,4467.25,4467.75,4464.75,4466
1670497800,4466,4466,4464,4465.25
1670498100,4465,4465.75,4463.25,4465.5
1670498400,4465.5,4467.5,4465.5,4466.75
1670498700,4467,4468.25,4466.25,4468
1670499000,4467.75,4470.25,4467.75,4469.75
1670499300,4469.5,4470.75,4469.25,4470.5
1670499600,4470.5,4470.5,4469.25,4470.5
1670499900,4470.25,4473.75,4469.75,4473.25
1670500200,4473.5,4474.75,4471.5,4472.75
1670500500,4472.75,4473,4471.25,4472.25
1670500800,4472.25,4472.25,4469.5,4471.5
1670501100,4471.5,4471.5,4469.25,4470.25
1670501400,4470.25,4470.75,4468.5,4468.75
1670501700,4468.75,4472.5,4468.5,4472
1670502000,4472,4472.75,4470.75,4472.25
1670502300,4472.25,4472.75,4470.5,4471
1670502600,4471,4472.5,4470.25,4472
1670502900,4471.75,4475.25,4469.5,4475
1670503200,4474.75,4477.25,4474,4474
1670503500,4474.25,4474.5,4472.5,4473.75
1670503800,4474,4476,4473.5,4475.75
1670504100,4475.5,4479,4475.25,4477.25
1670504400,4477.5,4479.5,4476.75,4478.5
1670504700,4478.25,4479,4476.5,4477.75
1670505000,4477.5,4478.25,4475.75,4476.25
1670505300,4476.5,4478.5,4475.5,4477.75
1670505600,4477.75,4480,4477.75,4479.75
1670505900,4479.5,4481,4478.75,4479
1670506200,4479.25,4485,4477,4481
1670506500,4481,4491,4481,4488.25
1670506800,4488.5,4489.25,4484.5,4484.5
1670507100,4484.75,4486,4483,4484
1670507400,4483.75,4485.25,4481.5,4482
1670507700,4482,4485.5,4481.5,4484
1670508000,4483.75,4486,4483.75,4485
1670508300,4484.75,4486.5,4481.5,4482.5
1670508600,4482.5,4482.5,4479,4479.25
1670508900,4479.25,4479.75,4477.25,4479.25
1670509200,4479,4481.5,4478.5,4480
1670509500,4479.75,4481.75,4478.25,4480.25
1670509800,4480.25,4482.25,4467.25,4468.75
1670510100,4468.75,4472.75,4465.75,4471.5
1670510400,4471.5,4474.75,4464.75,4464.75
1670510700,4464.75,4474,4463,4473.5
1670511000,4473.25,4483.75,4472.75,4480.75
1670511300,4481,4491,4480,4490.5
1670511600,4490.5,4494.75,4489.25,4492.25
1670511900,4492.5,4498.25,4492.25,4494.75
1670512200,4494.75,4496.5,4491.75,4494.75
1670512500,4495,4497.25,4489.75,4490.25
1670512800,4490.25,4494.5,4490,4493.75
1670513100,4493.75,4501,4493.25,4498.75
1670513400,4498.75,4500.25,4492.5,4499.75
1670513700,4499.75,4502.5,4496.5,4497
1670514000,4497,4498.75,4491.75,4494
1670514300,4494.25,4496.5,4492.25,4496
1670514600,4496,4498,4494,4496.75
1670514900,4497,4498.75,4493.75,4495
1670515200,4495,4498,4490,4490
1670515500,4490.25,4491.5,4483.5,4483.5
1670515800,4483.5,4488.5,4483.25,4487.5
1670516100,4487.75,4488.75,4478.75,4481.75
1670516400,4481.5,4484.25,4479.25,4481.25
1670516700,4481.5,4488,4479.75,4487.25
1670517000,4487.5,4489.25,4486.75,4487
1670517300,4487,4491.5,4484,4490.75
1670517600,4490.75,4491.25,4486.75,4490
1670517900,4490.25,4493.5,4488.5,4492
1670518200,4492.25,4492.5,4489.75,4491.75
1670518500,4491.75,4492.75,4489.75,4490
1670518800,4490.25,4492.5,4485.75,4486.25
1670519100,4486.25,4490.5,4485.25,4490
1670519400,4490.25,4492.25,4487.5,4490.25
1670519700,4490.25,4490.25,4486.75,4487.25
1670520000,4487.5,4489.75,4483.5,4488.25
1670520300,4488.25,4488.5,4482.5,4484.5
1670520600,4484.5,4486.25,4481.75,4484.75
1670520900,4485,4487,4481.75,4482.5
1670521200,4482.5,4484.75,4481.5,4482.75
1670521500,4482.5,4484,4479.5,4483.75
1670521800,4483.75,4487.75,4483.5,4487.25
1670522100,4487.25,4488,4485.5,4487.25
1670522400,4487.5,4489.75,4486.75,4488.75
1670522700,4488.75,4491.5,4487,4489.75
1670523000,4490,4490,4486.75,4487.25
1670523300,4487.5,4490,4485.5,4488.75
1670523600,4488.75,4489,4485.25,4489
1670523900,4489,4494,4488,4493.75
1670524200,4494,4497.5,4494,4495.5
1670524500,4495.5,4498.25,4494.25,4498.25
1670524800,4498.25,4501.75,4498,4500.5
1670525100,4500.5,4501.25,4498.5,4499.25
1670525400,4499.5,4499.75,4493.75,4494.25
1670525700,4494.25,4495,4492.25,4493.5
1670526000,4493.5,4493.5,4482,4482.5
1670526300,4482.25,4483.25,4473.75,4481
1670526600,4481,4481.5,4476.5,4481.25
1670526900,4481.25,4484.75,4478.5,4482
1670527200,4482,4485.5,4480.75,4484
1670527500,4484,4485.75,4479.5,4480.5
1670527800,4480.25,4481.5,4476.25,4478.5
1670528100,4478.5,4483.75,4477,4482.5
1670528400,4482.5,4485.75,4482,4483
1670528700,4482.75,4486,4482.5,4483.25
1670529000,4483.25,4488.5,4480.5,4488.25
1670529300,4488,4489,4483,4484
1670529600,4484.25,4484.5,4480,4481.75
1670529900,4481.75,4484.25,4477.25,4484
1670530200,4484,4487.5,4482,4483.25
1670530500,4483.25,4488,4481.25,4487.25
1670530800,4487.5,4492.25,4484.75,4491
1670531100,4491.25,4492.75,4489.25,4490.25
1670531400,4490.5,4494.5,4487.5,4488.5
1670531700,4488.25,4489,4486,4486.25
1670532000,4486.25,4487.5,4484.5,4486.25
1670532300,4486.5,4486.5,4479.75,4482.25
1670532600,4482,4487.25,4478.75,4486.5
1670532900,4486.5,4492.5,4485.25,4491
1670533200,4490.75,4493,4489.25,4492.25
1670533500,4492.5,4493,4490.5,4492.75
1670533800,4493,4493,4490,4490.75
1670534100,4490.5,4493,4490.5,4492.25
1670534400,4492.25,4493,4492,4492.75
1670534700,4492.5,4495.75,4492.25,4495.25
1670535000,4495,4495.25,4493.5,4493.75
1670535300,4493.5,4493.75,4491.25,4492
1670535600,4492.25,4493.25,4490.75,4491.25
1670535900,4491.5,4491.5,4489.75,4489.75
1670536200,4489.75,4491.75,4489.75,4491.25
1670536500,4491.25,4491.5,4489.25,4489.5
1670540400,4490,4493,4489.5,4493
1670540700,4492.75,4492.75,4492,4492
1670541000,4492.25,4494,4491.75,4494
1670541300,4494,4494.25,4492.25,4492.5
1670541600,4492.5,4492.5,4491.25,4491.5
1670541900,4491.75,4492,4491.25,4491.5
1670542200,4491.5,4492,4490.75,4490.75
1670542500,4490.75,4491,4489,4489.25
1670542800,4489.25,4490.25,4489.25,4490
1670543100,4490,4490.25,4488.5,4489
1670543400,4489,4489.5,4488.5,4489.5
1670543700,4489.25,4489.25,4488.25,4488.25
1670544000,4488,4488.75,4486.75,4488.25
1670544300,4488.25,4488.5,4487.25,4487.5
1670544600,4487.75,4489.25,4487.25,4489
1670544900,4489,4489.5,4488.5,4488.75
1670545200,4488.75,4489.25,4487.75,4487.75
1670545500,4487.75,4487.75,4485.5,4486.25
1670545800,4486.25,4486.75,4485.5,4485.5
1670546100,4485.75,4486.5,4485.5,4486.5
1670546400,4486.75,4487,4485.75,4486.5
1670546700,4486.5,4486.75,4486,4486
1670547000,4486.25,4486.5,4485.5,4486.5
1670547300,4486.5,4487.5,4486.5,4487.25
1670547600,4487.25,4488,4486.75,4487.5
1670547900,4487.75,4488.25,4487.5,4488.25
1670548200,4488.25,4488.5,4487.75,4488.5
1670548500,4488.5,4488.75,4488,4488.75
1670548800,4488.75,4490.25,4488.5,4490.25
1670549100,4490.25,4492.5,4490,4492.5
1670549400,4492.75,4494.75,4492.75,4493.75
1670549700,4493.75,4495,4492.75,4494.75
1670550000,4494.75,4495.25,4493.75,4494.25
1670550300,4494.25,4494.75,4493.75,4494.5
1670550600,4494.5,4495,4494.25,4494.75
1670550900,4494.75,4495.25,4494.5,4495.25
1670551200,4495.25,4497.75,4495.25,4496.5
1670551500,4496.75,4497,4495.75,4496
1670551800,4496,4496.5,4495.25,4496
1670552100,4496,4498.5,4496,4498.25
1670552400,4498.25,4498.25,4495.75,4496
1670552700,4495.75,4496.5,4495.75,4496
1670553000,4495.75,4495.75,4494.5,4494.75
1670553300,4494.5,4494.75,4494.25,4494.5
1670553600,4494.5,4494.5,4493.75,4494.25
1670553900,4494.5,4494.75,4494,4494.25
1670554200,4494.5,4495,4494.25,4494.75
1670554500,4494.5,4495.75,4494.5,4495.5
1670554800,4495.5,4497.75,4495.25,4497.5
1670555100,4497.5,4499,4497.5,4498.75
1670555400,4498.75,4498.75,4497.75,4497.75
1670555700,4498,4499.25,4497.75,4499
1670556000,4499,4500.25,4498.75,4500
1670556300,4500,4500,4499.25,4499.75
1670556600,4499.75,4499.75,4497.75,4499.25
1670556900,4499.5,4499.5,4498.5,4498.5
1670557200,4498.25,4499.75,4498,4499.75
1670557500,4499.75,4501,4498.75,4499.25
1670557800,4499.25,4500,4498.75,4499.75
1670558100,4499.75,4501,4499,4499.75
1670558400,4499.75,4500.25,4499.5,4499.75
1670558700,4499.75,4501,4499.5,4500.5
1670559000,4500.5,4501.75,4500.5,4501.25
1670559300,4501,4501.25,4500.5,4500.75
1670559600,4500.5,4500.75,4500,4500.75
1670559900,4501,4501.5,4500.75,4501.25
1670560200,4501.5,4501.5,4500.25,4500.5
1670560500,4500.25,4500.5,4499.75,4500
1670560800,4500,4500.25,4499.5,4499.75
1670561100,4499.75,4500.25,4499.25,4499.5
1670561400,4499.5,4499.75,4499.25,4499.5
1670561700,4499.25,4499.75,4499,4499.25
1670562000,4499.25,4500,4498.75,4499
1670562300,4499,4500.25,4499,4499.75
1670562600,4499.5,4500,4498.5,4499.5
1670562900,4499.75,4500.25,4498.75,4499
1670563200,4499,4500,4499,4499.5
1670563500,4499.75,4499.75,4498.5,4499
1670563800,4499,4500.5,4499,4499.75
1670564100,4499.75,4500.75,4498.75,4499
1670564400,4499,4500.5,4499,4500.25
1670564700,4500.25,4501,4500,4500.5
1670565000,4500.75,4500.75,4499.25,4499.75
1670565300,4499.5,4500.25,4499.5,4499.5
1670565600,4499.5,4500.5,4499.25,4500
1670565900,4499.75,4500.5,4499.75,4500.25
1670566200,4500.25,4500.5,4499.75,4500.5
1670566500,4500.5,4500.75,4499.75,4500.5
1670566800,4500.5,4500.75,4499.75,4499.75
1670567100,4500,4500.25,4499.5,4499.75
1670567400,4499.75,4500,4498.75,4499.75
1670567700,4499.75,4500.25,4499.25,4500
1670568000,4499.75,4500.75,4499.75,4500.5
1670568300,4500.5,4501,4500.25,4500.5
1670568600,4500.75,4500.75,4500.25,4500.75
1670568900,4500.75,4503.75,4500.5,4503.5
1670569200,4503.25,4503.25,4501.75,4502.25
1670569500,4502.25,4503,4502,4502.25
1670569800,4502.25,4502.25,4500.5,4500.75
1670570100,4500.5,4501,4499.5,4500.75
1670570400,4500.75,4502.5,4500.75,4502
1670570700,4501.75,4507,4501.75,4506.5
1670571000,4506.75,4508,4505.75,4507.75
1670571300,4507.75,4508,4506.25,4507
1670571600,4506.75,4506.75,4505.5,4506.5
1670571900,4506.25,4506.5,4505,4505.5
1670572200,4505.5,4505.5,4504,4504.5
1670572500,4504.5,4506.5,4504.25,4505.25
1670572800,4505,4506.5,4503.5,4503.75
1670573100,4503.75,4504,4502,4503.5
1670573400,4503.5,4503.75,4501.75,4501.75
1670573700,4501.75,4503.25,4500.75,4501.25
1670574000,4501,4501.25,4499.75,4500.5
1670574300,4500.25,4500.75,4498.75,4499
1670574600,4499,4500,4497.25,4498.75
1670574900,4498.75,4501,4498.25,4500.25
1670575200,4500.25,4500.75,4497.75,4498.25
1670575500,4498,4499.25,4497.75,4498.5
1670575800,4498.75,4499.5,4497.75,4499.25
1670576100,4499,4500.5,4499,4500
1670576400,4500,4500,4497.5,4499.75
1670576700,4500,4500.75,4496.5,4500.25
1670577000,4500.5,4502.5,4499.5,4501.75
1670577300,4502,4502.25,4500.5,4501
1670577600,4501,4501,4499.25,4499.5
1670577900,4499.5,4500,4499,4499.5
1670578200,4499.5,4500.25,4496.5,4497.5
1670578500,4497.5,4497.75,4496.25,4497
1670578800,4496.75,4497.5,4495.5,4495.75
1670579100,4495.75,4497.5,4495.5,4497
1670579400,4497,4497.25,4496.75,4497
1670579700,4496.75,4497.5,4496.75,4497
1670580000,4497,4499.75,4497,4499.25
1670580300,4499.5,4500.25,4499.25,4499.75
1670580600,4499.75,4501,4499.5,4499.75
1670580900,4499.75,4501.25,4499.5,4501
1670581200,4501,4501.5,4500.25,4500.5
1670581500,4500.5,4501.75,4500.25,4501.25
1670581800,4501.5,4501.75,4501,4501
1670582100,4501,4501.75,4500.75,4501.5
1670582400,4501.5,4502.25,4501,4502
1670582700,4502,4502,4500.75,4500.75
1670583000,4500.5,4501.5,4500.25,4501.25
1670583300,4501.25,4506,4501,4504.25
1670583600,4504,4507.75,4504,4507.25
1670583900,4507.5,4508,4504.25,4504.75
1670584200,4504.75,4505.25,4503.5,4503.75
1670584500,4503.75,4504.5,4503.25,4504
1670584800,4504,4505.25,4503.75,4504.25
1670585100,4504,4505.25,4504,4505.25
1670585400,4505.25,4505.75,4505,4505.5
1670585700,4505.25,4505.25,4503,4503
1670586000,4503,4503.75,4502.5,4502.75
1670586300,4503,4504,4502.75,4503.75
1670586600,4503.75,4505.75,4503.5,4505.25
1670586900,4505.25,4506,4504.25,4505.5
1670587200,4505.5,4505.75,4503.25,4504.5
1670587500,4504.5,4505.75,4503.5,4505
1670587800,4505,4505,4502.5,4503.25
1670588100,4503.25,4504,4502.5,4504
1670588400,4503.75,4507,4503.5,4506.25
1670588700,4506,4510,4505.75,4509.25
1670589000,4509.25,4512,4509.25,4511.25
1670589300,4511,4511.75,4510.25,4511
1670589600,4511,4512.25,4511,4511.25
1670589900,4511.25,4512.5,4510.75,4511.5
1670590200,4511.5,4512.5,4511.5,4512
1670590500,4512,4514.75,4511.75,4513.5
1670590800,4513.5,4515.25,4513.25,4514.75
1670591100,4514.75,4515,4512.75,4512.75
1670591400,4512.5,4513.25,4510.25,4510.5
1670591700,4510.5,4511,4508.75,4511
1670592000,4511,4513.25,4510.75,4513
1670592300,4513.25,4513.5,4510.5,4511.75
1670592600,4512.25,4515.25,4455.25,4479
1670592900,4479.25,4481.75,4469,4473
1670593200,4472.75,4478.25,4468,4468.5
1670593500,4468.25,4477,4467.75,4475
1670593800,4474.75,4481,4474.5,4476.5
1670594100,4476.25,4485,4475.5,4482.5
1670594400,4482.5,4483.5,4478.75,4479
1670594700,4479,4480.5,4476,4476.25
1670595000,4476.5,4477,4470.25,4472.5
1670595300,4472.25,4477.75,4472,4476.25
1670595600,4476.25,4477.25,4473.5,4475.25
1670595900,4475.5,4477.75,4474,4477.5
1670596200,4477.5,4484.5,4469.25,4482.5
1670596500,4482.5,4490.25,4479.25,4486
1670596800,4486,4493,4481.5,4492.25
1670597100,4492.25,4497.25,4487.75,4488.5
1670597400,4488.25,4488.5,4479.75,4482.25
1670597700,4482.25,4487,4479,4486.25
1670598000,4484.75,4495,4475.25,4490.25
1670598300,4490,4494.5,4484.5,4490
1670598600,4490.25,4493.25,4481.25,4487.75
1670598900,4487.75,4489.75,4481.25,4484
1670599200,4484,4487.5,4480,4481.75
1670599500,4481.5,4486.75,4480.25,4486.5
1670599800,4486.5,4495.25,4485.25,4486.75
1670600100,4486.75,4493.25,4483.25,4493
1670600400,4493.25,4493.75,4486.75,4489.5
1670600700,4489.5,4489.75,4484.5,4484.75
1670601000,4485,4492,4483.5,4490.5
1670601300,4490.75,4500.25,4489.5,4499.75
1670601600,4500,4503.25,4497.75,4501.5
1670601900,4501.5,4502.5,4494.25,4494.25
1670602200,4494.25,4495,4490.25,4491
1670602500,4491.25,4495,4491.25,4493.25
1670602800,4493.25,4498,4492.25,4496.5
1670603100,4496.5,4499,4493.25,4497.5
1670603400,4497.5,4499.75,4495.25,4498.25
1670603700,4498.25,4501.5,4493.25,4496
1670604000,4496.25,4500.25,4491.5,4500
1670604300,4500,4504.75,4499.25,4502
1670604600,4502,4504.75,4501.25,4501.5
1670604900,4501.75,4503.5,4499.75,4502.25
1670605200,4502.25,4502.75,4497.75,4498.75
1670605500,4498.5,4500.25,4497,4499
1670605800,4499.25,4503.5,4499,4501.75
1670606100,4501.5,4501.75,4496.25,4498.5
1670606400,4498.75,4498.75,4493,4494
1670606700,4494.25,4497,4493.75,4494.5
1670607000,4494.5,4499.5,4494.25,4497.75
1670607300,4497.5,4500.75,4497.5,4499.75
1670607600,4500,4501,4494.5,4496.5
1670607900,4496.5,4499.5,4493,4494
1670608200,4494,4494.25,4492,4492.25
1670608500,4492.25,4495.25,4492,4494
1670608800,4494,4494,4487.25,4490.75
1670609100,4490.75,4491,4486,4486.75
1670609400,4486.5,4488.25,4483.5,4487.75
1670609700,4487.75,4489.75,4486.75,4488.25
1670610000,4488,4488.25,4483.5,4483.75
1670610300,4483.5,4487.5,4482,4486.75
1670610600,4486.5,4492,4485.25,4487.75
1670610900,4488,4490.75,4487.5,4490
1670611200,4490.25,4491.5,4486.5,4488.75
1670611500,4488.75,4489.75,4486.5,4489
1670611800,4489.25,4491.25,4486.5,4487.75
1670612100,4488,4488.5,4485.75,4488
1670612400,4488,4488.75,4482.5,4482.75
1670612700,4482.75,4484.25,4478.75,4483
1670613000,4482.75,4486.25,4479.5,4486.25
1670613300,4486,4488.25,4485,4486.75
1670613600,4487,4487.25,4483.75,4486.5
1670613900,4486.25,4489,4485.75,4487.25
1670614200,4487.25,4488.75,4484.75,4487.25
1670614500,4487.5,4489.5,4486.75,4488.25
1670614800,4488.25,4488.25,4483.75,4485
1670615100,4485.25,4488.75,4484.5,4487.25
1670615400,4487.25,4487.75,4484,4487.25
1670615700,4487.25,4489.25,4485.5,4486.5
1670616000,4486.5,4488.25,4485.25,4487.75
1670616300,4488,4491.25,4485.5,4487
1670616600,4487,4490,4484.75,4489.25
1670616900,4489.25,4490.75,4486.25,4487.5
1670617200,4487.25,4488.5,4484.25,4484.25
1670617500,4484.25,4485.5,4482.5,4482.75
1670617800,4482.75,4484.25,4480.5,4481.75
1670618100,4481.5,4482,4473.5,4474.5
1670618400,4474.5,4474.5,4468.5,4469.75
1670618700,4469.75,4474.25,4468,4468.5
1670619000,4468.5,4468.5,4461.25,4465.75
1670619300,4465.75,4467.5,4460,4461.5
1670619600,4461.5,4462.25,4458.75,4461.25
1670619900,4461,4462.75,4460,4462
1670620200,4462,4462.75,4460.75,4462.25
1670620500,4462.5,4462.5,4460.25,4461
1670620800,4460.75,4462.25,4460.75,4461.75
1670621100,4461.5,4462,4458,4458.75
1670621400,4458.75,4459.75,4456.75,4457.25
1670621700,4457.25,4459.25,4457,4458.75
1670622000,4459,4459.5,4458.25,4458.25
1670622300,4458.5,4459.25,4458.25,4458.75
1670622600,4458.75,4459,4456.25,4457
1670622900,4457,4457.75,4456.5,4456.75
1670799600,4458.25,4462.75,4457.5,4457.5
1670799900,4457.75,4460,4456.75,4457
1670800200,4457.25,4457.75,4452.5,4453.25
1670800500,4453.25,4454.5,4452,4454.25
1670800800,4454.25,4454.75,4453,4454.75
1670801100,4454.75,4455.5,4453.75,4454.75
1670801400,4454.5,4455,4453,4453
1670801700,4453.25,4453.25,4450,4452.5
1670802000,4452.5,4453.75,4451.5,4452.75
1670802300,4452.5,4453.75,4452,4452.5
1670802600,4452.5,4453.25,4450.5,4451
1670802900,4451,4453,4450.75,4452.25
1670803200,4452.25,4454.75,4451.25,4454.5
1670803500,4454,4455.5,4453.25,4455.5
1670803800,4455.25,4456,4454.5,4454.5
1670804100,4454.5,4457.5,4454.5,4457.25
1670804400,4457.5,4457.75,4456,4456.25
1670804700,4456.25,4457.75,4455.5,4456.75
1670805000,4456.75,4458,4456.25,4457.75
1670805300,4457.75,4457.75,4451.75,4451.75
1670805600,4452,4455.75,4451.75,4454.5
1670805900,4454.5,4455.75,4454,4454.5
1670806200,4454,4455.25,4453,4454.75
1670806500,4454.75,4454.75,4453.25,4453.75
1670806800,4454,4454.25,4452.5,4454
1670807100,4453.75,4453.75,4450.25,4450.5
1670807400,4450.5,4451.5,4449.75,4450.25
1670807700,4450.25,4454.25,4450.25,4453
1670808000,4453,4453.5,4452,4453
1670808300,4453,4455.25,4453,4454.25
1670808600,4454.25,4456.75,4453.75,4456.5
1670808900,4456.75,4456.75,4454.75,4456
1670809200,4455.75,4456.5,4454.25,4454.75
1670809500,4454.75,4454.75,4452,4452
1670809800,4452,4452.75,4450.75,4451.25
1670810100,4451.25,4452.75,4450.5,4452.25
1670810400,4452.25,4452.25,4449.75,4452
1670810700,4452,4452,4450.75,4451.25
1670811000,4451,4452.25,4450.75,4452
1670811300,4452,4452.75,4451,4451.5
1670811600,4451.25,4453.25,4451.25,4453.25
1670811900,4453.25,4453.5,4452.25,4452.75
1670812200,4452.75,4454,4452.75,4453.5
1670812500,4453.5,4454.5,4453,4454.25
1670812800,4454.5,4454.75,4454,4454.75
1670813100,4454.75,4455,4453.25,4453.25
1670813400,4453,4453.25,4451.5,4452.25
1670813700,4452,4455,4452,4454.75
1670814000,4454.75,4455.25,4454,4455
1670814300,4454.75,4456,4454.75,4455.5
1670814600,4455.5,4455.5,4454.25,4454.25
1670814900,4454.5,4455.25,4453.75,4454.75
1670815200,4454.5,4455.25,4454,4454
1670815500,4454,4455.25,4454,4454.75
1670815800,4454.75,4456,4454.5,4455.5
1670816100,4455.75,4456,4454.75,4455.25
1670816400,4455.25,4457.5,4455.25,4456.25
1670816700,4456,4456,4454.5,4455
1670817000,4455,4455.75,4454.75,4455.75
1670817300,4455.75,4456.75,4454.75,4455.5
1670817600,4455.75,4457.5,4455.75,4457
1670817900,4457,4458.25,4457,4457.75
1670818200,4457.75,4458.5,4457.5,4458.25
1670818500,4458.5,4458.5,4457.75,4458.25
1670818800,4458.25,4458.5,4457.75,4458.25
1670819100,4458.5,4458.5,4457.5,4458
1670819400,4458.25,4459,4458.25,4458.5
1670819700,4458.5,4459.25,4458.25,4459.25
1670820000,4459.25,4459.75,4457.5,4457.75
1670820300,4458,4458.75,4458,4458.25
1670820600,4458.75,4459.5,4458.75,4459
1670820900,4458.75,4459.25,4458,4458.5
1670821200,4458.25,4459.25,4458.25,4459
1670821500,4459,4459.25,4458,4458.75
1670821800,4458.5,4458.5,4456.5,4457
1670822100,4457,4457.5,4456.25,4457.5
1670822400,4457.5,4457.5,4456.25,4456.5
1670822700,4457,4457.25,4456.5,4457
1670823000,4457.25,4457.75,4456.75,4457.5
1670823300,4457.5,4457.5,4456.75,4456.75
1670823600,4456.75,4457.75,4456.75,4457.5
1670823900,4457.5,4458,4457.25,4457.25
1670824200,4457,4457.25,4456.5,4457.25
1670824500,4457.25,4459,4457,4458.75
1670824800,4458.25,4459.25,4457.75,4457.75
1670825100,4457.75,4459,4457.75,4458.75
1670825400,4458.75,4458.75,4457.5,4458.25
1670825700,4458.25,4459,4458,4458.25
1670826000,4458.5,4458.75,4456.25,4456.5
1670826300,4456.5,4458,4456.25,4458
1670826600,4458.25,4459,4457.5,4457.5
1670826900,4457.5,4458.25,4457.5,4457.75
1670827200,4457.5,4459.25,4457.5,4459.25
1670827500,4459.25,4460.75,4459,4459.25
1670827800,4459.5,4459.5,4458.25,4458.75
1670828100,4458.75,4460.5,4458.75,4460
1670828400,4459.75,4461.25,4459.25,4461.25
1670828700,4461.25,4461.5,4458.75,4461
1670829000,4460.75,4461,4459.75,4460
1670829300,4460,4460.75,4457.75,4457.75
1670829600,4457.75,4459.5,4457.75,4459
1670829900,4459.25,4461.5,4458.25,4461.25
1670830200,4461,4461.75,4460.25,4460.25
1670830500,4460.25,4460.25,4458.75,4459.5
1670830800,4459.75,4461.5,4459,4461
1670831100,4461,4462.5,4460.25,4460.5
1670831400,4460.5,4461.5,4460.25,4460.25
1670831700,4460.25,4460.25,4458,4458.25
1670832000,4458.5,4460.25,4457.25,4458
1670832300,4458,4460,4457.5,4459
1670832600,4459,4460.75,4457,4458.5
1670832900,4458.5,4459,4455.75,4456.5
1670833200,4456.75,4457.25,4455.25,4457
1670833500,4457,4458,4456.5,4457.25
1670833800,4457.25,4459.5,4455.75,4458.75
1670834100,4458.75,4461,4458.75,4459.5
1670834400,4459.75,4461.25,4458.75,4459
1670834700,4459,4459.25,4455.5,4457.25
1670835000,4457,4459,4456.75,4458.75
1670835300,4458.5,4459,4457,4458.25
1670835600,4458.5,4459.75,4457.75,4459.25
1670835900,4459,4460.5,4458,4460.5
1670836200,4460.5,4461,4458.75,4459
1670836500,4459.25,4461,4459,4460.75
1670836800,4460.75,4462,4459.25,4459.75
1670837100,4460,4460.25,4459.25,4460
1670837400,4460,4461.75,4459.75,4461.75
1670837700,4461.75,4462.25,4460.75,4462
1670838000,4462.25,4465,4461.5,4464.5
1670838300,4464.75,4468,4464.5,4466.75
1670838600,4466.75,4467.25,4465,4465.5
1670838900,4465.75,4468.75,4465.75,4468
1670839200,4468,4469.5,4467.25,4469
1670839500,4469.25,4470.75,4468.25,4470.5
1670839800,4470.75,4470.75,4469,4470.25
1670840100,4470,4470.25,4467.5,4467.75
1670840400,4468,4468.25,4467.5,4468.25
1670840700,4468.25,4469,4467.75,4469
1670841000,4469,4469.5,4468.25,4468.75
1670841300,4468.75,4470.25,4468.75,4469.75
1670841600,4469.75,4472,4469.5,4471.25
1670841900,4471.5,4471.75,4469.5,4470
1670842200,4470,4472.5,4469.75,4472.25
1670842500,4472.5,4473.5,4471.5,4472.25
1670842800,4472.25,4472.5,4470,4470.75
1670843100,4470.75,4472.25,4469.75,4472
1670843400,4472.25,4473.75,4472,4473.75
1670843700,4473.75,4474.75,4472.75,4473.25
1670844000,4473.25,4473.5,4472.75,4473.5
1670844300,4473.25,4474.5,4472.75,4473
1670844600,4473,4473.75,4472,4472.75
1670844900,4472.5,4472.75,4472,4472.5
1670845200,4472.75,4474.25,4472.75,4473.75
1670845500,4473.75,4473.75,4470.75,4471.75
1670845800,4471.5,4472.5,4471.25,4472.25
1670846100,4472.25,4472.5,4471.75,4472.5
1670846400,4472.5,4472.5,4471.25,4471.75
1670846700,4471.75,4472.75,4470.75,4471.75
1670847000,4471.75,4473.5,4471.75,4473
1670847300,4473,4473.25,4470.75,4471.5
1670847600,4471.5,4471.75,4470.75,4471.5
1670847900,4471.5,4471.5,4471,4471.25
1670848200,4471,4472,4471,4471.5
1670848500,4471.75,4472.5,4471.5,4472.25
1670848800,4472.25,4473.25,4471.75,4473
1670849100,4473,4473.25,4472.25,4472.5
1670849400,4472.5,4473.25,4472.25,4472.75
1670849700,4472.75,4472.75,4471.25,4472.5
1670850000,4472.25,4475,4472.25,4473.75
1670850300,4474,4476.25,4474,4475
1670850600,4475,4476,4474.75,4475.5
1670850900,4475.5,4475.75,4474.25,4474.5
1670851200,4474.5,4475.25,4473.25,4474.5
1670851500,4474.5,4474.75,4472.25,4472.5
1670851800,4472.5,4473,4470.75,4472
1670852100,4472,4474.5,4471.75,4474.25
1670852400,4474.5,4474.5,4473,4473.5
1670852700,4473.75,4476.5,4473.25,4476.5
1670853000,4476.25,4476.75,4470,4470
1670853300,4469.75,4471.5,4468.5,4470.25
1670853600,4470.5,4471.5,4469.25,4469.75
1670853900,4469.75,4472,4469.5,4472
1670854200,4472,4473.5,4471.5,4473.25
1670854500,4473.25,4473.75,4471.75,4472
1670854800,4471.75,4474,4471.5,4473.5
1670855100,4473.5,4473.5,4468.25,4469.5
1670855400,4469.75,4474.5,4467,4467.75
1670855700,4467.75,4471.25,4462.25,4463.25
1670856000,4463.25,4466.75,4462.75,4466.25
1670856300,4466.25,4474.5,4464.5,4473.25
1670856600,4473.25,4475.25,4468.75,4470.5
1670856900,4470.5,4475.75,4469.5,4474.5
1670857200,4474.75,4477,4471.5,4474.5
1670857500,4474.75,4476.75,4471.25,4473
1670857800,4473,4475.5,4470,4471.75
1670858100,4471.75,4472.25,4466.5,4467.75
1670858400,4467.75,4472.5,4466.25,4472
1670858700,4472,4475.25,4470.5,4472.75
1670859000,4472.75,4474.25,4470.5,4471.75
1670859300,4471.75,4473.25,4470,4471.5
1670859600,4471.5,4475.25,4470.75,4474.75
1670859900,4474.75,4475,4468.75,4470.5
1670860200,4470.25,4471.75,4468,4471.5
1670860500,4471.5,4473.75,4471,4473.5
1670860800,4473.5,4478.5,4471.5,4477
1670861100,4477.25,4484,4476.5,4483
1670861400,4483,4483,4479.25,4481
1670861700,4481.25,4482,4478.75,4480
1670862000,4480,4483.5,4480,4482.75
1670862300,4483,4485,4481.25,4481.5
1670862600,4481.75,4482.25,4477.25,4478.5
1670862900,4478.25,4480.75,4477.75,4479.75
1670863200,4479.75,4480.5,4478.25,4479.25
1670863500,4479.25,4483,4479.25,4481.5
1670863800,4481.5,4482.75,4479.75,4480.5
1670864100,4480.75,4482.75,4480.5,4482.75
1670864400,4482.5,4486.75,4481,4485.5
1670864700,4485.25,4485.5,4481,4482.25
1670865000,4482.25,4482.5,4479.75,4480
1670865300,4480.25,4484.5,4479.75,4484.25
1670865600,4484.5,4484.5,4481.5,4481.5
1670865900,4481.25,4483.25,4479.25,4481.75
1670866200,4482,4483.5,4480.5,4483.25
1670866500,4483,4486.25,4482.75,4485.75
1670866800,4485.5,4487.75,4483.5,4485.25
1670867100,4485,4486.25,4484,4484.25
1670867400,4484,4486.5,4483,4486.25
1670867700,4486.5,4487.5,4485.5,4485.75
1670868000,4485.5,4490.75,4481,4481.25
1670868300,4481.25,4484,4480.5,4483.25
1670868600,4483.25,4483.5,4479.25,4479.75
1670868900,4480,4483.25,4479.25,4482.5
1670869200,4482.5,4483.75,4481,4481.75
1670869500,4481.75,4483.25,4481,4483.25
1670869800,4483,4486.5,4482.5,4485
1670870100,4485,4485.5,4482.5,4484.5
1670870400,4484.5,4486.5,4484.5,4486
1670870700,4486,4489.5,4485,4489.25
1670871000,4489.25,4490,4486.5,4486.75
1670871300,4486.5,4487.5,4485.5,4487.25
1670871600,4487.25,4488.5,4483.75,4485.25
1670871900,4485,4486.75,4483.75,4484.75
1670872200,4484.75,4486,4482.5,4485.75
1670872500,4485.75,4486.5,4483.5,4484
1670872800,4484.25,4484.75,4482.25,4484
1670873100,4484,4488,4483,4486
1670873400,4486.25,4486.25,4483.25,4485.25
1670873700,4485.5,4487.75,4484.25,4487
1670874000,4487.25,4490,4487.25,4488.75
1670874300,4488.75,4490.25,4488,4488.5
1670874600,4488.75,4494,4488,4493.5
1670874900,4493.5,4497.5,4493.5,4496
1670875200,4496,4498.5,4496,4497.75
1670875500,4497.75,4503.5,4497.5,4503
1670875800,4503.25,4505.5,4499.5,4500.5
1670876100,4500.5,4504.75,4500.5,4503.75
1670876400,4503.75,4511.25,4502.75,4511
1670876700,4511.25,4511.25,4508,4509.75
1670877000,4509.75,4513.75,4509.25,4513.5
1670877300,4513.75,4516,4511.75,4514.5
1670877600,4514.5,4514.5,4508.5,4508.5
1670877900,4508.25,4510.5,4507.25,4509.75
1670878200,4509.5,4512,4507.25,4510.75
1670878500,4511,4518,4511,4517.75
1670878800,4517.75,4518,4512.75,4513.5
1670879100,4513.5,4513.5,4511.5,4511.5
1670879400,4511.5,4513,4511.25,4512.25
1670879700,4512.25,4512.75,4511,4511.5
1670880000,4511.75,4511.75,4510.5,4511
1670880300,4511.25,4512.25,4511,4512
1670880600,4512,4512.25,4511.25,4511.75
1670880900,4511.75,4511.75,4510.75,4510.75
1670881200,4511,4512,4510.75,4511.75
1670881500,4511.75,4512.25,4511.25,4511.75
1670881800,4511.5,4512.75,4511.5,4512
1670882100,4511.75,4512.5,4511.5,4512
1670886000,4514.5,4514.75,4513,4513.5
1670886300,4513.5,4514.5,4513,4514.5
1670886600,4514.75,4515.25,4513,4513
1670886900,4513,4513.75,4512.5,4513.5
1670887200,4513.25,4514.75,4513,4513.5
1670887500,4513.5,4514,4513,4514
1670887800,4514,4514.25,4513,4513.5
1670888100,4513.5,4513.75,4513.25,4513.75
1670888400,4513.75,4514.5,4512.5,4514.5
1670888700,4514.5,4516.75,4513.75,4516
1670889000,4516.25,4517.5,4515,4515.25
1670889300,4515.5,4515.75,4514.5,4515.25
1670889600,4515.5,4518,4515.5,4516.75
1670889900,4516.5,4517.75,4515.75,4516
1670890200,4516,4518,4515.75,4516
1670890500,4516.25,4517.25,4515.5,4515.75
1670890800,4515.75,4517.25,4515.75,4516.5
1670891100,4516.5,4516.75,4515.5,4516.5
1670891400,4516.5,4516.5,4515.5,4516.5
1670891700,4516.5,4517,4515.5,4516.25
1670892000,4516.25,4516.75,4515.75,4516.75
1670892300,4516.75,4516.75,4515,4515
1670892600,4515,4515.75,4514.25,4515.25
1670892900,4515.25,4516.25,4515,4515.75
1670893200,4515.75,4515.75,4514.5,4515
1670893500,4515.25,4515.25,4514,4515
1670893800,4515,4515,4513.75,4514.5
1670894100,4514.75,4515,4513.75,4514
1670894400,4514,4514.5,4513.5,4514
1670894700,4513.75,4514,4513.25,4513.75
1670895000,4513.5,4514.25,4511.75,4513
1670895300,4513,4514.75,4512.5,4513.25
1670895600,4513.5,4514.25,4512.75,4513.25
1670895900,4513.5,4514.5,4513.25,4513.75
1670896200,4514,4514,4512.5,4513
1670896500,4513,4513.25,4510.75,4511.5
1670896800,4511.5,4513.5,4511,4513
1670897100,4513,4513.75,4512.75,4513
1670897400,4513.25,4513.75,4512,4513.25
1670897700,4513.25,4513.75,4513,4513.75
1670898000,4513.5,4514,4513.25,4513.5
1670898300,4513.5,4513.75,4513.25,4513.5
1670898600,4513.5,4514,4513.25,4513.75
1670898900,4513.75,4515.75,4513.25,4515.5
1670899200,4515.5,4516.25,4515,4516.25
1670899500,4516.5,4516.5,4514.75,4515
1670899800,4514.75,4515.25,4514,4514.25
1670900100,4514.25,4514.25,4513.25,4513.5
1670900400,4513.75,4514.25,4513.25,4513.5
1670900700,4513.5,4513.5,4511.25,4512.25
1670901000,4512.25,4512.75,4511.25,4512
1670901300,4511.75,4512.25,4511.25,4511.5
1670901600,4511.75,4512,4510.75,4511.75
1670901900,4511.75,4512,4511.25,4511.75
1670902200,4511.75,4511.75,4510.25,4511.5
1670902500,4511.5,4513.5,4511.25,4513.25
1670902800,4513,4513.5,4512.5,4512.5
1670903100,4512.75,4513,4512.25,4512.25
1670903400,4512.25,4513.25,4511.25,4511.5
1670903700,4511.5,4511.75,4510.5,4511
1670904000,4510.75,4511.75,4510.25,4510.5
1670904300,4510.5,4511.25,4509.75,4510.75
1670904600,4510.75,4511.25,4510.5,4510.75
1670904900,4511,4511.25,4511,4511
1670905200,4510.75,4511,4510.5,4510.5
1670905500,4510.5,4510.75,4510,4510.25
1670905800,4510.5,4512,4510,4511.75
1670906100,4511.75,4512.5,4511.5,4511.5
1670906400,4511.5,4512.5,4511.5,4512
1670906700,4512,4513.25,4512,4513
1670907000,4513,4514.25,4513,4513.75
1670907300,4513.75,4514.75,4513.5,4514.5
1670907600,4514.5,4515.5,4514.5,4515.25
1670907900,4515.25,4515.75,4514.25,4514.25
1670908200,4514.25,4514.75,4514,4514.25
1670908500,4514.5,4515,4514.25,4514.5
1670908800,4514.5,4514.5,4513.5,4514
1670909100,4514,4516.25,4513.75,4515.75
1670909400,4516,4518.25,4515,4515.25
1670909700,4515.25,4517.5,4515,4516.5
1670910000,4516.5,4517.5,4516.5,4517
1670910300,4517.25,4517.5,4516.75,4517.5
1670910600,4517.5,4523,4517.5,4521.25
1670910900,4521.25,4522.25,4519.75,4521.5
1670911200,4521.5,4521.5,4520.5,4521.25
1670911500,4521,4521,4518.5,4518.75
1670911800,4518.5,4519.25,4518,4518.5
1670912100,4518.25,4519,4518,4518.5
1670912400,4518.5,4518.5,4517.75,4518.5
1670912700,4518.25,4520,4518.25,4519.25
1670913000,4519.25,4519.5,4518.5,4519
1670913300,4519,4519.5,4518.25,4518.5
1670913600,4518.25,4518.5,4518,4518.5
1670913900,4518.5,4518.5,4516,4516.25
1670914200,4516.25,4516.75,4516,4516.25
1670914500,4516.25,4519.25,4516.25,4519
1670914800,4519,4521,4518,4521
1670915100,4521,4524.5,4521,4523.75
1670915400,4523.75,4524,4521.75,4522.75
1670915700,4522.75,4522.75,4519.75,4520.75
1670916000,4521,4521.25,4519.5,4520
1670916300,4520,4522,4519.75,4521.25
1670916600,4521,4521.75,4520.5,4521.25
1670916900,4521.25,4521.75,4519.75,4521.5
1670917200,4521.5,4523.5,4521.25,4523.25
1670917500,4523.25,4523.5,4522,4522.25
1670917800,4522.25,4522.25,4520.5,4521
1670918100,4521,4521.5,4520,4520
1670918400,4520.25,4525.25,4520,4521.25
1670918700,4521.25,4521.5,4517.25,4518.5
1670919000,4518.5,4519.5,4516.75,4518.75
1670919300,4518.75,4520.5,4518.25,4519.75
1670919600,4520,4520.5,4518.25,4519.5
1670919900,4519.5,4520.25,4517.75,4519.5
1670920200,4519.5,4519.75,4517.25,4517.25
1670920500,4517.5,4517.5,4516,4517.5
1670920800,4517.5,4520.25,4517.25,4519.25
1670921100,4519,4519,4516.5,4517
1670921400,4517,4518,4515.5,4515.5
1670921700,4515.25,4519.25,4514.75,4519
1670922000,4519.25,4520.75,4518.75,4519
1670922300,4519,4523,4519,4522.5
1670922600,4522.5,4523.5,4520,4520.75
1670922900,4521,4522.5,4520.25,4521.5
1670923200,4521.5,4522.25,4520,4521.5
1670923500,4521.5,4525.25,4521.5,4524.5
1670923800,4524.5,4529.25,4524.5,4529
1670924100,4529,4531,4527.5,4531
1670924400,4531,4531.25,4523,4523.5
1670924700,4523.75,4523.75,4522,4523
1670925000,4523.25,4524.25,4523,4524.25
1670925300,4524.25,4525.75,4523.5,4525
1670925600,4525.25,4525.25,4521,4521.5
1670925900,4521.75,4524.75,4521.5,4524.5
1670926200,4524.25,4524.5,4521.75,4523.25
1670926500,4523.25,4526.25,4523.25,4525.5
1670926800,4525.5,4528.25,4525.25,4528.25
1670927100,4528,4531.75,4527.75,4530
1670927400,4530.25,4533.5,4529.25,4533.25
1670927700,4533.25,4534,4530.75,4531.75
1670928000,4531.75,4535,4531.75,4532.5
1670928300,4532.5,4533,4531.25,4531.25
1670928600,4531.5,4534.75,4531.25,4534
1670928900,4533.75,4535.5,4533,4534
1670929200,4534,4535.75,4534,4534.5
1670929500,4534.25,4534.5,4532.25,4534.25
1670929800,4534.25,4536.75,4533,4534.25
1670930100,4534.25,4535.25,4533.25,4533.5
1670930400,4533.75,4537.75,4533.5,4537
1670930700,4537.25,4537.75,4536,4537.25
1670931000,4537.25,4538,4535.75,4536.25
1670931300,4536.25,4538.25,4535.75,4537.25
1670931600,4537,4538.5,4536.75,4536.75
1670931900,4536.75,4537.25,4535,4536.25
1670932200,4536.25,4540.75,4535.5,4538.75
1670932500,4538.75,4540.25,4537.5,4537.75
1670932800,4537.5,4537.75,4534.5,4534.5
1670933100,4534.5,4536.5,4534.25,4536
1670933400,4536,4537,4536,4536.5
1670933700,4536.5,4536.75,4535.5,4536.75
1670934000,4536.5,4539,4536.25,4538.5
1670934300,4538.5,4539.75,4537.75,4537.75
1670934600,4537.5,4540.5,4537.5,4539.5
1670934900,4539.25,4542,4539.25,4541.5
1670935200,4541.5,4541.5,4540.25,4540.5
1670935500,4540.75,4543.75,4540,4542.75
1670935800,4542.5,4542.5,4540.5,4540.75
1670936100,4540.75,4546,4540.25,4545.25
1670936400,4545,4545.25,4541.25,4541.25
1670936700,4541.5,4542.25,4539.75,4540.75
1670937000,4540.5,4541.5,4539.75,4541.25
1670937300,4541.25,4545.75,4540.25,4545.75
1670937600,4545.75,4546,4542,4543
1670937900,4542.75,4588.25,4541.75,4588.25
1670938200,4582.25,4672.25,4580.25,4600.75
1670938500,4600.75,4612,4592.5,4609.75
1670938800,4610,4631.75,4609.5,4628
1670939100,4628,4633.5,4624.5,4633.25
1670939400,4633.25,4639,4624.25,4628
1670939700,4627.75,4635.75,4625.25,4635.25
1670940000,4635.25,4636.75,4629,4636
1670940300,4636.25,4636.5,4629.5,4634.25
1670940600,4633.75,4642.25,4631.25,4642
1670940900,4641.75,4645.5,4640,4642.5
1670941200,4642.25,4646.25,4641.25,4643.75
1670941500,4643.75,4644.25,4630,4632
1670941800,4632.25,4633.25,4613.25,4614
1670942100,4614,4618,4603.5,4610
1670942400,4610,4621.25,4609,4619.5
1670942700,4619.75,4627.25,4614.75,4616.75
1670943000,4616.5,4630.5,4615,4628.5
1670943300,4628.25,4630.75,4622,4623
1670943600,4623.25,4625.25,4609.25,4612
1670943900,4612,4612,4599,4611.75
1670944200,4611.75,4612,4604.25,4606.25
1670944500,4606.5,4608.5,4596.25,4603.25
1670944800,4603,4603.75,4584.5,4587.5
1670945100,4587.5,4588.25,4578,4584.25
1670945400,4584.25,4590.75,4575.5,4590.5
1670945700,4590.75,4590.75,4565.25,4565.5
1670946000,4565.5,4578.25,4565.5,4577.75
1670946300,4577.75,4584.75,4569.75,4570.5
1670946600,4570.75,4578.75,4568.25,4573.75
1670946900,4573.75,4576.5,4567.25,4573.25
1670947200,4573.5,4580.5,4570.75,4575.75
1670947500,4576,4578.25,4568.5,4574.25
1670947800,4574.25,4584.75,4573,4584.25
1670948100,4584.25,4584.5,4577.5,4578.5
1670948400,4578.5,4580.5,4570.5,4571.25
1670948700,4571.5,4576,4567.75,4575.25
1670949000,4575.25,4587.5,4575.25,4585.75
1670949300,4586,4587.75,4578,4580.5
1670949600,4580.25,4580.75,4574.25,4575.5
1670949900,4575.5,4576.25,4551.5,4555
1670950200,4555.25,4557,4546.25,4551
1670950500,4551.25,4555.5,4546,4555.25
1670950800,4555.25,4559,4552.25,4556
1670951100,4555.75,4561,4554.25,4554.5
1670951400,4554.25,4554.25,4540,4544.25
1670951700,4544,4544.25,4527.25,4527.75
1670952000,4528,4539.75,4527,4532.25
1670952300,4532.25,4536.75,4529.25,4530.5
1670952600,4530.5,4531.75,4521.25,4526
1670952900,4526,4535.75,4524,4535.25
1670953200,4535,4536.25,4526.5,4533.25
1670953500,4533.25,4536.75,4518.75,4520
1670953800,4520,4527,4518.5,4522.25
1670954100,4522.25,4529.5,4520.75,4527.75
1670954400,4528,4533.75,4525.5,4530.75
1670954700,4530.75,4533.75,4525.25,4527.75
1670955000,4527.75,4536,4527.25,4535.25
1670955300,4535.25,4545.5,4533.5,4542.75
1670955600,4542.75,4548.25,4540.5,4547.75
1670955900,4547.75,4548.75,4543.25,4546.5
1670956200,4546.5,4552.25,4543.75,4544
1670956500,4544.25,4548,4541.75,4545.5
1670956800,4545.5,4549.25,4540.75,4548.5
1670957100,4548.75,4549.5,4539.75,4541.5
1670957400,4541.5,4545.25,4533.75,4535.25
1670957700,4535.25,4545.75,4534.5,4544.5
1670958000,4544.25,4549.25,4541.5,4548
1670958300,4548,4548.75,4539.75,4540.25
1670958600,4540.25,4545.25,4538,4542.75
1670958900,4542.75,4545.5,4539.5,4541.5
1670959200,4541.5,4542.75,4536.75,4542.25
1670959500,4542,4545.75,4541.25,4545.25
1670959800,4545.25,4546.75,4540.75,4544.5
1670960100,4544.5,4551.25,4543.75,4550.5
1670960400,4550.5,4560.5,4548.75,4559.75
1670960700,4560,4560.5,4555.5,4555.75
1670961000,4556,4556,4542,4542
1670961300,4542,4545.25,4539.5,4544
1670961600,4544,4544.25,4528,4529.75
1670961900,4529.5,4534.75,4526.75,4533
1670962200,4533.25,4534,4528.75,4531
1670962500,4531,4543.5,4529.5,4540.5
1670962800,4540.5,4545,4537.5,4544.25
1670963100,4544.5,4546.75,4540,4545.25
1670963400,4545.5,4555.75,4545,4553.25
1670963700,4553.5,4554.5,4542,4544.25
1670964000,4544.25,4550.5,4541.5,4549.5
1670964300,4549.25,4555.5,4547.5,4547.75
1670964600,4547.75,4558.75,4547.5,4556
1670964900,4556.25,4556.25,4545.25,4548.5
1670965200,4548.5,4548.75,4543.75,4544
1670965500,4544.25,4551.25,4544,4550.5
1670965800,4550.5,4550.5,4546.5,4547.75
1670966100,4547.75,4550.25,4547.25,4547.5
1670966400,4547.5,4547.75,4545.75,4546.25
1670966700,4546,4547,4545,4547
1670967000,4546.75,4548,4546,4547.25
1670967300,4547.5,4548.25,4547,4548.25
1670967600,4548.25,4550.25,4547.5,4549.5
1670967900,4549.75,4549.75,4547.5,4548
1670968200,4548,4548,4546.25,4546.75
1670968500,4546.5,4547.25,4545.75,4545.75
1670972400,4546.75,4550.75,4545.75,4549.75
1670972700,4549.75,4551.75,4549.5,4551.25
1670973000,4551.25,4552.75,4547.75,4548.5
1670973300,4548.5,4549.75,4548,4548.5
1670973600,4548.5,4549.25,4547,4548
1670973900,4548.25,4549.5,4547.5,4547.75
1670974200,4547.75,4549.5,4547.75,4549.25
1670974500,4549,4549.75,4548,4548
1670974800,4547.75,4548.75,4547.25,4548.75
1670975100,4548.5,4549.25,4546.75,4547.75
1670975400,4547.75,4549.25,4547.75,4549
1670975700,4549,4549,4547.25,4547.75
1670976000,4547.75,4548.75,4546,4547.25
1670976300,4547.25,4548.25,4546.75,4548
1670976600,4548,4550.25,4548,4549.5
1670976900,4549.25,4549.75,4548.5,4549.5
1670977200,4549.75,4549.75,4547.5,4547.75
1670977500,4547.5,4547.75,4544.5,4545.5
1670977800,4545.25,4547,4545,4546.25
1670978100,4546,4547.75,4546,4547.25
1670978400,4547.25,4552.75,4546.5,4552.25
1670978700,4552.25,4554,4551,4552.75
1670979000,4552.5,4554.5,4552.25,4554
1670979300,4553.75,4556,4553.75,4555
1670979600,4555,4556.5,4554,4554.5
1670979900,4554.5,4555.25,4553.5,4554.75
1670980200,4554.75,4556,4554.5,4556
1670980500,4556.25,4556.75,4554.75,4555
1670980800,4555.25,4556.5,4554.75,4556
1670981100,4556.25,4557,4555.25,4556
1670981400,4556,4557.5,4555.5,4556.25
1670981700,4556.25,4557.5,4556.25,4557.25
1670982000,4557.25,4557.5,4556,4556.25
1670982300,4556.5,4558.25,4556.5,4558
1670982600,4558,4558.75,4558,4558.5
1670982900,4558.25,4559.5,4558,4558.25
1670983200,4558.25,4559,4557.5,4558.25
1670983500,4558.25,4560,4558,4558
1670983800,4557.75,4558.25,4557,4557
1670984100,4557,4557.25,4554.25,4554.75
1670984400,4554.75,4555.75,4554.75,4555.75
1670984700,4555.75,4556,4555,4555.25
1670985000,4555.25,4556.5,4555,4555.5
1670985300,4555.75,4556,4555.25,4556
1670985600,4555.75,4555.75,4554.75,4555
1670985900,4555.25,4556,4554.75,4555.75
1670986200,4555.75,4556.25,4555,4555.75
1670986500,4555.5,4556.25,4554.75,4555.5
1670986800,4555.75,4557.5,4555.5,4557.25
1670987100,4557,4557.75,4556.5,4557
1670987400,4557.25,4557.5,4556.75,4557
1670987700,4557,4558.75,4557,4558.5
1670988000,4558.5,4559,4558.5,4558.75
1670988300,4558.75,4558.75,4558,4558.5
1670988600,4558.75,4560.75,4558.75,4560.25
1670988900,4560.25,4562.75,4560.25,4561.75
1670989200,4561.75,4564.5,4561.75,4564.25
1670989500,4564.5,4564.75,4563.75,4564.25
1670989800,4564,4564.25,4562.5,4563
1670990100,4563,4563,4561,4561.5
1670990400,4561.75,4562.25,4561,4561.25
1670990700,4561,4561.5,4560,4560
1670991000,4559.75,4561.75,4559.75,4561.5
1670991300,4561.5,4561.5,4560.25,4560.5
1670991600,4560.5,4560.5,4558.75,4559
1670991900,4559,4559.5,4558.75,4559.25
1670992200,4559.5,4559.75,4558.75,4559.5
1670992500,4559.5,4559.75,4559,4559.25
1670992800,4559,4559.5,4558.75,4559.5
1670993100,4559.25,4559.75,4558.75,4559.25
1670993400,4559,4559.75,4559,4559.75
1670993700,4559.5,4560.25,4559.25,4559.75
1670994000,4559.75,4560.25,4559.5,4560
1670994300,4559.75,4561.25,4559.25,4561
1670994600,4561.25,4562.5,4561,4561.5
1670994900,4561.25,4562.5,4561.25,4561.75
1670995200,4561.75,4562.75,4561.5,4562
1670995500,4562.25,4562.25,4560.75,4561.75
1670995800,4561.75,4561.75,4559,4559.5
1670996100,4559.5,4560,4559,4560
1670996400,4560,4560.75,4559.5,4560.5
1670996700,4560.5,4560.75,4559.5,4559.75
1670997000,4559.5,4561.25,4559.5,4561.25
1670997300,4561.25,4561.5,4560,4560.25
1670997600,4560.25,4561.5,4559.5,4561.5
1670997900,4561.5,4563,4561.5,4561.75
1670998200,4561.75,4562.25,4561.5,4562.25
1670998500,4562,4562.25,4558.25,4559.5
1670998800,4559.5,4560.25,4558.25,4560
1670999100,4559.75,4560.25,4558.5,4558.5
1670999400,4558.75,4562,4558.75,4559.5
1670999700,4559.75,4560,4558.75,4559.5
1671000000,4559.25,4560,4558.25,4558.5
1671000300,4558.5,4560.75,4558.5,4559.25
1671000600,4559.25,4560,4558.5,4558.75
1671000900,4558.75,4560.25,4558.5,4559.75
1671001200,4559.75,4560.25,4558.25,4558.75
1671001500,4558.5,4558.5,4556.25,4556.75
1671001800,4556.75,4558.25,4556.5,4558
1671002100,4558,4558.5,4556.25,4556.5
1671002400,4556.75,4558.75,4556.75,4557.75
1671002700,4557.5,4557.5,4556,4556
1671003000,4556.25,4556.75,4554,4555
1671003300,4555.25,4556.25,4553.5,4554.25
1671003600,4554.25,4554.5,4552,4552.25
1671003900,4552.25,4553,4551,4552
1671004200,4552.25,4552.75,4551,4552
1671004500,4552,4552,4549.75,4550
1671004800,4550.25,4554.25,4548.5,4551.75
1671005100,4551.75,4552,4548.5,4551
1671005400,4551.25,4553,4549.75,4551.75
1671005700,4552,4553.5,4549.5,4550.5
1671006000,4550.5,4551.75,4548.75,4549.5
1671006300,4549.25,4551,4546.75,4548
1671006600,4548.25,4550.75,4548,4549
1671006900,4549.25,4550,4548.25,4549.75
1671007200,4549.5,4550,4548,4549.75
1671007500,4550,4552.25,4549.5,4551.5
1671007800,4551.5,4552.25,4550,4551.75
1671008100,4551.75,4552.25,4551.25,4551.5
1671008400,4551.25,4552,4548,4550.5
1671008700,4550.5,4551,4548,4548.75
1671009000,4548.75,4549.25,4544.75,4545.25
1671009300,4545.5,4546.5,4543.5,4545
1671009600,4545.25,4547,4542.5,4546.75
1671009900,4547,4548,4544.75,4547.75
1671010200,4547.75,4548,4544.75,4544.75
1671010500,4545,4547.25,4542.75,4543.75
1671010800,4543.75,4547.5,4543.5,4546.25
1671011100,4546,4546.5,4543.75,4544
1671011400,4544.25,4546.25,4542.25,4545.75
1671011700,4545.75,4548.5,4545,4547.5
1671012000,4547.5,4549.75,4545.5,4545.5
1671012300,4545.5,4547.25,4545.5,4546.75
1671012600,4546.75,4549.25,4545.75,4548.75
1671012900,4548.75,4549.5,4546.5,4548.25
1671013200,4548,4549.5,4547.75,4548.5
1671013500,4548.25,4552,4548,4551
1671013800,4551,4551.25,4549.5,4550.25
1671014100,4550.25,4550.25,4547.5,4549.5
1671014400,4549.75,4549.75,4546.5,4546.75
1671014700,4546.5,4547.25,4545.25,4545.5
1671015000,4545.5,4546.5,4545,4546.5
1671015300,4546.5,4547.75,4546.25,4547.25
1671015600,4547,4547.25,4544.75,4546.5
1671015900,4546.75,4546.75,4543.25,4543.25
1671016200,4543.25,4543.5,4539.5,4540
1671016500,4540,4541,4538.75,4539.75
1671016800,4539.75,4541.75,4538,4540.5
1671017100,4540.5,4542.75,4540.25,4542.25
1671017400,4542.25,4543.25,4539.75,4540.25
1671017700,4540,4541,4538.25,4540.25
1671018000,4540.5,4544,4540.25,4543.25
1671018300,4543.25,4544.5,4542.25,4543
1671018600,4543,4547,4543,4547
1671018900,4547,4548.25,4545,4548
1671019200,4547.75,4548.75,4546,4548.25
1671019500,4548,4551,4548,4551
1671019800,4550.75,4553.75,4550.75,4553.5
1671020100,4553.75,4555.25,4553,4554.75
1671020400,4554.75,4554.75,4552.5,4552.75
1671020700,4553,4553.5,4551.25,4551.25
1671021000,4551.25,4551.5,4549,4549.5
1671021300,4549.5,4550,4547.75,4547.75
1671021600,4547.75,4547.75,4544.5,4544.5
1671021900,4544.5,4544.75,4542,4542.25
1671022200,4542.25,4542.5,4539.75,4540.75
1671022500,4541,4543.25,4540.5,4542.5
1671022800,4542.5,4543.75,4541,4541
1671023100,4541,4542.75,4540.75,4541.5
1671023400,4541.5,4542.5,4538,4538.25
1671023700,4538.5,4541.25,4536.75,4541
1671024000,4541,4543.25,4540,4542.25
1671024300,4542,4543.25,4540.25,4541.75
1671024600,4541.5,4544.25,4540.5,4543.5
1671024900,4543.5,4545,4542.75,4542.75
1671025200,4542.75,4545.5,4542.25,4544.5
1671025500,4544.75,4545.25,4542.75,4544.5
1671025800,4544.25,4546.75,4543,4545.25
1671026100,4545.25,4546,4544,4545.75
1671026400,4545.25,4546.5,4542,4542.25
1671026700,4542,4545,4541.5,4545
1671027000,4544.75,4548,4544,4548
1671027300,4547.75,4548.5,4546,4546
1671027600,4546,4546.5,4544,4544.5
1671027900,4544.5,4546,4540.5,4544
1671028200,4544,4557.5,4543.5,4556.5
1671028500,4556.75,4561.5,4553,4558
1671028800,4558.25,4559.5,4554.75,4556.5
1671029100,4556.75,4559.75,4553.25,4558.25
1671029400,4558.25,4567,4558,4565.25
1671029700,4565.5,4568.25,4562.5,4566.75
1671030000,4566.75,4569,4563,4567.75
1671030300,4567.75,4570.25,4565.75,4568.25
1671030600,4568.25,4571.25,4567.5,4570.25
1671030900,4570.25,4572,4568.5,4571.75
1671031200,4571.75,4572.25,4566,4566.75
1671031500,4566.75,4571.5,4566.75,4569.5
1671031800,4569.5,4569.75,4563.75,4567.5
1671032100,4567.5,4568.25,4563.75,4565.75
1671032400,4565.75,4572.75,4565,4570.5
1671032700,4570.5,4572,4569.25,4571.5
1671033000,4571.5,4573.5,4568.25,4570.25
1671033300,4570.25,4571.25,4567.5,4571
1671033600,4570.75,4577.75,4570.75,4574.75
1671033900,4575,4575,4569,4569.5
1671034200,4569.5,4572.75,4568.5,4572.25
1671034500,4572.25,4573.25,4569.25,4573
1671034800,4573,4574.75,4570.25,4573.75
1671035100,4573.75,4577.75,4572,4577
1671035400,4577,4577.75,4574.75,4575.5
1671035700,4575.75,4577.75,4573.75,4576.75
1671036000,4576.75,4578.75,4575.5,4575.75
1671036300,4575.75,4576.25,4572.5,4573.5
1671036600,4573.25,4574.5,4569,4570.25
1671036900,4570.25,4571.75,4568.75,4569.5
1671037200,4569.5,4570,4567.25,4568.25
1671037500,4568.25,4571.25,4567.5,4570.5
1671037800,4570.5,4570.75,4566.5,4568.5
1671038100,4568.5,4569.5,4565.75,4568.5
1671038400,4568.5,4570,4566.75,4568.25
1671038700,4568.25,4569.5,4563.75,4566
1671039000,4565.75,4567.75,4564.5,4565.5
1671039300,4565.5,4568.75,4563.25,4568.25
1671039600,4568.25,4569.25,4566.25,4568.25
1671039900,4568,4568.25,4566,4567
1671040200,4567,4567.25,4563.75,4564.5
1671040500,4564.75,4566.25,4563.5,4563.75
1671040800,4564,4569,4563.25,4568.75
1671041100,4568.75,4570.75,4568.5,4570
1671041400,4569.75,4572,4567.75,4567.75
1671041700,4568,4569,4564.25,4566
1671042000,4566.25,4569.75,4566,4567.75
1671042300,4567.5,4570.5,4566.25,4569.25
1671042600,4569,4574.25,4568.5,4573.25
1671042900,4573.25,4581.75,4573,4580.5
1671043200,4580.75,4581.5,4577.75,4580
1671043500,4580,4580.5,4575.5,4577
1671043800,4577,4578.25,4573.5,4577.25
1671044100,4577.25,4583,4575,4575.75
1671044400,4577.25,4578.5,4524,4539
1671044700,4539,4541,4514.5,4522.75
1671045000,4522.5,4537.75,4515.75,4531.75
1671045300,4532,4535.25,4525,4531.5
1671045600,4531.5,4534.25,4523.75,4527.75
1671045900,4527.5,4535.25,4525,4529.5
1671046200,4529.5,4532.75,4489.25,4491.25
1671046500,4490.75,4510.75,4490,4506
1671046800,4505.75,4530.5,4496.75,4519.75
1671047100,4520,4521.75,4496.5,4513
1671047400,4512.75,4519.75,4500.5,4511.25
1671047700,4511.5,4519.75,4506,4515.75
1671048000,4515.75,4539.75,4510.75,4538
1671048300,4538.25,4539,4524.5,4533.25
1671048600,4533.5,4563.75,4532.75,4554.5
1671048900,4554.25,4555.75,4531.5,4542
1671049200,4542.25,4545.25,4535.25,4538.75
1671049500,4538.5,4540.5,4514.75,4515
1671049800,4514.75,4516.75,4504.25,4511
1671050100,4511,4518.75,4504.25,4514.75
1671050400,4515,4524.5,4512,4524
1671050700,4523.75,4526,4514.75,4523.25
1671051000,4523,4536.75,4520.75,4530.75
1671051300,4531,4531.5,4520.75,4521.5
1671051600,4521.5,4525.75,4519.25,4525.5
1671051900,4525.5,4532.75,4525.5,4532.25
1671052200,4532.25,4533,4528.5,4530.5
1671052500,4530.5,4531.25,4529.5,4531
1671052800,4531,4532.25,4530.75,4531
1671053100,4531.25,4532.25,4530,4530
1671053400,4530,4531.75,4529.75,4530.25
1671053700,4530.25,4530.75,4529,4529
1671054000,4529,4532.25,4528.75,4530.75
1671054300,4531,4531.25,4529.75,4531.25
1671054600,4531,4533.25,4530.5,4533.25
1671054900,4533.5,4534.25,4530,4530.5
1671058800,4529.25,4530,4525.75,4526.25
1671059100,4526.5,4528.25,4525.75,4528
1671059400,4528,4529.25,4527,4529.25
1671059700,4529.25,4531.5,4529.25,4531
1671060000,4531,4531.75,4529.5,4529.5
1671060300,4529.75,4532.75,4529.25,4532.25
1671060600,4532.25,4535,4532.25,4534.5
1671060900,4534.25,4535,4533.5,4533.75
1671061200,4534,4534,4532,4532.5
1671061500,4532.75,4533.25,4532,4532
1671061800,4532,4532.5,4530.5,4532
1671062100,4531.75,4531.75,4529.75,4530
1671062400,4530,4530.25,4528,4528.25
1671062700,4528,4529.75,4527.5,4528.25
1671063000,4528.25,4529,4527.5,4529
1671063300,4529.25,4530.25,4528.75,4530
1671063600,4529.75,4530.5,4528.25,4529
1671063900,4529,4531,4529,4530
1671064200,4530.25,4531.5,4529.75,4531.25
1671064500,4531.5,4532,4530.75,4531.75
1671064800,4531.75,4534.25,4531.75,4534
1671065100,4534,4534.5,4533.25,4534.5
1671065400,4534.5,4534.75,4533.75,4534.5
1671065700,4534.5,4535.25,4534.25,4535
1671066000,4535,4535.25,4533.75,4534.25
1671066300,4534.25,4535,4532.75,4533.25
1671066600,4533.5,4534.75,4533.25,4534.75
1671066900,4534.5,4534.75,4532.25,4533
1671067200,4533,4533.5,4531.75,4532.5
1671067500,4532.5,4534,4532.25,4533.75
1671067800,4533.75,4534.25,4531.25,4532
1671068100,4532,4532,4528.5,4529
1671068400,4529,4529.5,4525.25,4525.5
1671068700,4525.25,4526,4524,4524.5
1671069000,4524.5,4524.75,4523,4523.75
1671069300,4524.25,4525,4523.5,4524.75
1671069600,4524.75,4526.75,4524.5,4525
1671069900,4525,4526,4524.75,4525
1671070200,4525.25,4525.25,4522,4523.5
1671070500,4523.5,4524,4522.75,4523.25
1671070800,4523.25,4523.25,4521,4521
1671071100,4521.25,4521.5,4520.25,4520.75
1671071400,4520.5,4522.25,4520.25,4521.25
1671071700,4521.25,4521.5,4519.25,4519.75
1671072000,4519.75,4523,4519.25,4522.5
1671072300,4522.75,4522.75,4521,4521
1671072600,4521.25,4522.75,4520.75,4522.5
1671072900,4522.5,4523,4521.25,4521.5
1671073200,4521.5,4521.75,4517.25,4518.75
1671073500,4518.75,4521.75,4518.5,4521.5
1671073800,4521.5,4522.75,4521.25,4522
1671074100,4522,4523,4521.5,4522.75
1671074400,4522.75,4524.25,4522.75,4523.75
1671074700,4524,4524.25,4523,4524
1671075000,4524,4525,4523.75,4524
1671075300,4524.25,4524.75,4523.25,4523.25
1671075600,4523.5,4524.75,4523.5,4524.5
1671075900,4524.75,4525.5,4524.25,4525
1671076200,4525,4525.5,4524,4524
1671076500,4524,4524,4523.25,4523.75
1671076800,4523.75,4524.25,4521,4521.25
1671077100,4521.5,4522.75,4521.5,4522.5
1671077400,4522.25,4522.5,4521,4521
1671077700,4521,4522.75,4520.75,4522.5
1671078000,4522.25,4523.5,4521.5,4523.25
1671078300,4523.25,4523.5,4522,4522.75
1671078600,4522.75,4523.5,4521.75,4522.25
1671078900,4522.25,4523,4522.25,4522.5
1671079200,4522.5,4523.5,4522.25,4523.5
1671079500,4523.25,4523.75,4522.5,4523
1671079800,4523.25,4524.5,4523,4523.75
1671080100,4523.75,4524,4523.25,4523.75
1671080400,4523.5,4523.5,4522,4522.75
1671080700,4522.5,4524.5,4522.5,4524.5
1671081000,4524.5,4526,4524,4525
1671081300,4525,4525.25,4524.25,4524.75
1671081600,4525,4526,4525,4525.75
1671081900,4525.5,4527.25,4525.5,4527.25
1671082200,4527,4527,4524.5,4525.75
1671082500,4525.75,4527.25,4525.5,4526.5
1671082800,4526.5,4526.75,4525.75,4526
1671083100,4526,4527,4525.5,4526.5
1671083400,4526.5,4527.25,4526.5,4526.75
1671083700,4526.75,4527.25,4526.25,4526.5
1671084000,4526.25,4526.75,4524.5,4526.75
1671084300,4526.75,4527.5,4526.25,4527.5
1671084600,4527.5,4528,4525,4525.25
1671084900,4525.5,4526,4525.25,4525.5
1671085200,4525.5,4527.25,4525.25,4526.25
1671085500,4526.5,4526.5,4524.5,4525.25
1671085800,4525.5,4525.75,4523,4523
1671086100,4523,4524.5,4522.25,4522.5
1671086400,4522.75,4523.5,4522,4523.25
1671086700,4523.25,4523.75,4522,4522.25
1671087000,4522.25,4522.5,4521,4521.25
1671087300,4521,4521.5,4520.25,4521.25
1671087600,4521.25,4521.25,4515,4517.5
1671087900,4517.5,4518.25,4515.75,4516.75
1671088200,4516.75,4517.75,4515.75,4517.5
1671088500,4517.25,4517.25,4514,4514.25
1671088800,4514,4515.25,4512.5,4513.75
1671089100,4513.75,4514.75,4512.75,4513.75
1671089400,4514,4515,4513,4515
1671089700,4515,4515.25,4509,4510
1671090000,4510,4511.25,4507.5,4507.75
1671090300,4507.75,4507.75,4503.25,4503.25
1671090600,4503.25,4504.25,4498.25,4501.5
1671090900,4501.25,4502,4498.75,4500.25
1671091200,4500.5,4503,4499.25,4501.25
1671091500,4501.25,4502.75,4498.5,4501.5
1671091800,4501.5,4504.25,4498.75,4499.5
1671092100,4499.5,4500.75,4492.25,4492.5
1671092400,4492.25,4492.75,4487.75,4489.75
1671092700,4490,4493,4486.75,4488
1671093000,4488,4493.25,4486.5,4491
1671093300,4491,4491.75,4486.75,4486.75
1671093600,4486.75,4490,4484.5,4488.5
1671093900,4488.5,4492.75,4488.5,4492
1671094200,4492.25,4494.25,4492,4493.75
1671094500,4494,4494.25,4487.75,4488.25
1671094800,4488.25,4488.75,4477.5,4481
1671095100,4481.25,4483,4478.75,4482.75
1671095400,4482.5,4483,4478,4478.25
1671095700,4478.25,4480.75,4475.25,4480.5
1671096000,4480.5,4482,4480.25,4481.5
1671096300,4481.25,4483.25,4481.25,4481.75
1671096600,4481.75,4483.25,4480.75,4481.25
1671096900,4481.25,4482.75,4478.25,4479
1671097200,4479,4480,4474.5,4476.25
1671097500,4476.25,4481,4474,4480.75
1671097800,4480.75,4481.25,4479,4481
1671098100,4481,4483,4479.25,4481.75
1671098400,4481.75,4482,4477.5,4481
1671098700,4481,4482,4479.25,4480
1671099000,4480,4480.75,4477.5,4478.5
1671099300,4478,4479,4476.75,4478.5
1671099600,4478.75,4478.75,4475.25,4477
1671099900,4477,4479,4476.25,4478
1671100200,4478,4480.75,4477.5,4480.75
1671100500,4480.5,4482.75,4480,4482
1671100800,4482.25,4484.75,4482,4482.75
1671101100,4482.75,4483.5,4480.75,4482.75
1671101400,4482.75,4484,4480.5,4483.25
1671101700,4483.25,4483.75,4479.25,4479.25
1671102000,4479.5,4481.25,4478.5,4479
1671102300,4479,4482.5,4478.75,4482.5
1671102600,4482.25,4484,4481.75,4483.25
1671102900,4483.25,4484.75,4483,4484.5
1671103200,4484.5,4487.75,4482.5,4486.75
1671103500,4486.5,4486.75,4484.25,4485.25
1671103800,4485.25,4485.75,4481.25,4481.5
1671104100,4481.5,4483.25,4480.25,4483
1671104400,4482.75,4485,4482.75,4485
1671104700,4485,4485,4483,4484.5
1671105000,4484.5,4485.5,4484,4485
1671105300,4485.25,4487,4484.75,4487
1671105600,4486.75,4488,4484,4484.5
1671105900,4484.5,4485.25,4481.5,4483.5
1671106200,4483.25,4484.75,4482.25,4483.75
1671106500,4483.5,4485,4482,4484.75
1671106800,4484.75,4485.25,4483.25,4483.75
1671107100,4483.75,4486.25,4481.75,4485
1671107400,4485,4486,4480.75,4481.5
1671107700,4481.5,4486.25,4480.5,4486.25
1671108000,4486.25,4488.75,4486,4487.25
1671108300,4487.25,4487.75,4485.25,4485.5
1671108600,4485.5,4486.25,4483.75,4486
1671108900,4486.25,4487.75,4485,4487.75
1671109200,4487.5,4488.5,4482.75,4485
1671109500,4485,4485.5,4480.75,4481.5
1671109800,4481.5,4484.75,4479.75,4483
1671110100,4482.75,4484.25,4474.5,4475
1671110400,4475,4475.5,4469.75,4474
1671110700,4474,4474.75,4470.75,4472.25
1671111000,4472.25,4480.25,4470.25,4473.25
1671111300,4473.5,4474.5,4464,4467.25
1671111600,4467.25,4470.75,4464.75,4469
1671111900,4468.75,4470,4463.75,4466
1671112200,4465.75,4467.75,4461.5,4466
1671112500,4465.75,4471.25,4465.5,4470.5
1671112800,4470.75,4476,4468.5,4475.75
1671113100,4475.75,4476,4466.5,4468.5
1671113400,4468.25,4468.25,4462.25,4464.75
1671113700,4464.75,4465.75,4461.25,4465.25
1671114000,4465.25,4468.5,4464.25,4467.5
1671114300,4467.25,4469,4465.5,4468
1671114600,4468.25,4477.5,4459,4462.25
1671114900,4462.5,4465.5,4456.5,4464.75
1671115200,4464.5,4464.5,4455.25,4462.5
1671115500,4462.5,4464.25,4451.25,4452
1671115800,4452.25,4457.25,4449.25,4450.25
1671116100,4450.5,4452,4434.75,4439
1671116400,4439,4439.75,4426.25,4426.75
1671116700,4426.75,4434.25,4425.75,4433.25
1671117000,4433,4436.25,4431.5,4433.5
1671117300,4433.5,4441,4429.25,4439.75
1671117600,4439.75,4440.5,4433,4435.75
1671117900,4435.5,4437,4432.75,4434.5
1671118200,4434.5,4437.25,4427.25,4434
1671118500,4434.25,4442.25,4434,4440.75
1671118800,4441,4442.25,4438.25,4441
1671119100,4441,4442.75,4433,4433
1671119400,4433,4435,4429.5,4431.25
1671119700,4431.25,4432,4425,4430
1671120000,4429.75,4434.25,4429.25,4431.5
1671120300,4431.5,4431.75,4423,4425.25
1671120600,4425.5,4426.75,4417.75,4419.25
1671120900,4419,4424.25,4413.75,4422.75
1671121200,4422.75,4425,4419,4419.75
1671121500,4419.75,4421.5,4417.5,4420
1671121800,4420,4421.25,4415.25,4420.75
1671122100,4420.75,4423.75,4417.5,4420.5
1671122400,4420.5,4421,4412.75,4414.75
1671122700,4414.75,4418.75,4411.25,4411.25
1671123000,4411.25,4415.75,4409.25,4415.5
1671123300,4415.5,4417.25,4413.25,4415
1671123600,4414.75,4421.25,4414.75,4417
1671123900,4417,4420,4416.5,4418.5
1671124200,4418.5,4419.75,4414,4419.5
1671124500,4419.25,4423.5,4417.5,4422
1671124800,4422,4422,4415,4416
1671125100,4416,4420.75,4415.75,4420.25
1671125400,4420,4425.5,4419,4424.5
1671125700,4424.75,4426.5,4418.25,4420
1671126000,4419.75,4421,4415,4415.25
1671126300,4415.25,4417,4412.75,4415.25
1671126600,4415,4417.75,4413.75,4414.5
1671126900,4414.5,4414.5,4407.75,4410.5
1671127200,4410.75,4411.75,4406.5,4408
1671127500,4408,4408.25,4400.25,4403.5
1671127800,4403.5,4407,4402.5,4404.25
1671128100,4404,4407,4402.5,4402.75
1671128400,4402.75,4405.75,4401.5,4402.5
1671128700,4402.75,4406.25,4402,4405.25
1671129000,4405.25,4406.25,4401.75,4404.75
1671129300,4404.5,4410.5,4403,4408.75
1671129600,4408.5,4410,4403.5,4404.75
1671129900,4404.75,4406.75,4403.75,4403.75
1671130200,4404,4406,4401.25,4404
1671130500,4403.75,4409.25,4403.75,4409
1671130800,4409,4411.5,4407,4407.5
1671131100,4407.75,4408.5,4403.25,4403.25
1671131400,4403.25,4406.25,4402.75,4405.25
1671131700,4405.5,4408.5,4403.5,4406.25
1671132000,4406.25,4408.25,4405,4405.5
1671132300,4405.5,4407.25,4403,4405.5
1671132600,4405.75,4413.25,4405.25,4412.25
1671132900,4412.25,4419.25,4408.75,4417
1671133200,4416.75,4421.75,4416,4421.5
1671133500,4421.75,4422,4413.5,4415.75
1671133800,4416,4420.5,4412.5,4420
1671134100,4420.25,4424.75,4418,4424
1671134400,4424.25,4429,4423.75,4426.25
1671134700,4426.5,4430.75,4424,4430
1671135000,4430.25,4430.75,4419.75,4421
1671135300,4421,4423.5,4417.5,4418.25
1671135600,4418.5,4423.25,4416,4421
1671135900,4421,4429.5,4419.25,4428.5
1671136200,4428.5,4431,4425.25,4430.25
1671136500,4430.5,4430.5,4419,4422
1671136800,4422,4422.75,4412.25,4412.75
1671137100,4412.75,4415.75,4411.25,4413
1671137400,4413,4417.25,4412.5,4416.75
1671137700,4416.75,4422,4412.5,4419.25
1671138000,4419.25,4422.25,4416.75,4421
1671138300,4421.25,4421.75,4419.5,4420
1671138600,4420,4420.75,4414,4414.25
1671138900,4414.5,4415.25,4411,4411
1671139200,4411.25,4412.25,4409.25,4412.25
1671139500,4412.25,4412.25,4411.5,4412
1671139800,4412,4412.25,4410.75,4412.25
1671140100,4412.25,4414,4411.75,4413
1671140400,4413,4414.5,4411.75,4414.25
1671140700,4414,4415.5,4413.25,4415.5
1671141000,4415.25,4416,4414.75,4415.5
1671141300,4415.75,4415.75,4414.25,4414.5
1671145200,4412.25,4418.75,4412.25,4418.25
1671145500,4418.5,4419.75,4416.75,4417.5
1671145800,4417.25,4419.25,4417,4418.75
1671146100,4418.5,4419.75,4418.25,4418.75
1671146400,4418.75,4419.25,4418,4419.25
1671146700,4419.25,4419.75,4417.75,4418.5
1671147000,4418.5,4418.5,4416.75,4418
1671147300,4417.75,4418.75,4416.75,4416.75
1671147600,4417,4417.5,4415.5,4417.25
1671147900,4417,4418.75,4416,4416.5
1671148200,4416.5,4417.25,4416.25,4417
1671148500,4417,4418.5,4416.75,4418.25
1671148800,4418.5,4420.25,4418.5,4419.25
1671149100,4419.25,4420.5,4419.25,4420.25
1671149400,4420.25,4421.75,4420.25,4421.5
1671149700,4421.25,4421.75,4420,4420.25
1671150000,4420.25,4420.5,4419.25,4420
1671150300,4419.75,4420.5,4419.25,4420.25
1671150600,4420,4420.75,4419.25,4419.25
1671150900,4419.5,4420.5,4419,4419.75
1671151200,4420,4420.5,4418,4418.5
1671151500,4418.5,4418.5,4417.25,4418.5
1671151800,4418.5,4419.75,4418.5,4418.75
1671152100,4418.75,4419.25,4418,4418.75
1671152400,4418.75,4420.75,4418.5,4420.25
1671152700,4420.5,4420.75,4418,4418.5
1671153000,4418.5,4419.25,4417.5,4418
1671153300,4417.75,4418.25,4415.75,4416.5
1671153600,4416.75,4418.25,4415.75,4418
1671153900,4418,4419,4416.75,4416.75
1671154200,4416.75,4419.5,4416.5,4418.5
1671154500,4418.5,4419.5,4417.5,4419.25
1671154800,4419,4420.5,4419,4419.5
1671155100,4419.75,4420.5,4418.75,4419.5
1671155400,4419.25,4420.5,4419,4420.25
1671155700,4420.25,4420.25,4418.75,4419.5
1671156000,4419.5,4420.75,4418.75,4420.5
1671156300,4420.5,4422,4419.75,4421.25
1671156600,4421.25,4422.25,4421,4422.25
1671156900,4422,4422.75,4421.5,4422.25
1671157200,4422.25,4423,4420.75,4421.25
1671157500,4421.5,4423.5,4421.25,4423.25
1671157800,4423,4426,4423,4425.5
1671158100,4425.25,4426.25,4425,4426
1671158400,4426.25,4426.75,4425.75,4426
1671158700,4426,4426.25,4425,4425.75
1671159000,4425.5,4426.25,4424.75,4425
1671159300,4424.75,4425.5,4424,4424.75
1671159600,4424.75,4425.5,4424.25,4425
1671159900,4424.75,4425,4423.75,4424.25
1671160200,4424.25,4424.5,4423.75,4424.25
1671160500,4424.5,4426,4424.5,4424.75
1671160800,4424.75,4425,4423,4423.5
1671161100,4423.5,4424,4422.25,4422.25
1671161400,4422.25,4423.75,4422.25,4423
1671161700,4423.25,4423.75,4422.75,4422.75
1671162000,4422.75,4422.75,4421.75,4421.75
1671162300,4422,4422.25,4421,4421.5
1671162600,4421.25,4421.5,4420.25,4421.25
1671162900,4421.25,4421.25,4419.75,4420.5
1671163200,4420.75,4421,4420,4420.25
1671163500,4420,4420.25,4419.25,4420.25
1671163800,4420,4420.5,4419.5,4420
1671164100,4420.25,4420.75,4418.75,4420
1671164400,4419.75,4420,4417.5,4418
1671164700,4418.25,4418.25,4417,4418
1671165000,4417.75,4418.25,4417.25,4417.5
1671165300,4417.5,4417.75,4416.75,4417.25
1671165600,4417.5,4418,4417.25,4417.5
1671165900,4417.5,4417.75,4417,4417.5
1671166200,4417.5,4417.5,4416,4416
1671166500,4416,4416.25,4414.75,4415
1671166800,4415,4416,4414,4415.75
1671167100,4415.75,4418,4415.75,4417.25
1671167400,4417,4417.25,4414,4414
1671167700,4414,4415.75,4414,4415.5
1671168000,4415.5,4415.75,4412.75,4412.75
1671168300,4412.75,4415.5,4412.75,4414.5
1671168600,4414.5,4414.75,4411.5,4411.5
1671168900,4411.5,4413.5,4411.25,4413.5
1671169200,4413.25,4415.75,4413.25,4415
1671169500,4415,4415.75,4414.5,4414.75
1671169800,4414.5,4417.25,4414.5,4416.75
1671170100,4416.5,4420.75,4416.5,4420.5
1671170400,4420.5,4421,4417.75,4418.5
1671170700,4418.75,4419.25,4416.25,4416.5
1671171000,4416.75,4417.75,4416.75,4417.75
1671171300,4417.75,4418.75,4415.75,4418.25
1671171600,4418.5,4421,4418.5,4419.5
1671171900,4419.75,4419.75,4417.75,4418
1671172200,4418,4418.75,4417.5,4418
1671172500,4418.25,4419.25,4418.25,4419.25
1671172800,4419.5,4420.75,4419,4419.25
1671173100,4419.5,4421.5,4419,4421.25
1671173400,4421,4424.25,4421,4423.5
1671173700,4423.5,4424.5,4422.5,4423.75
1671174000,4423.5,4424.75,4421.75,4422.25
1671174300,4422.25,4422.5,4420,4421.5
1671174600,4421.5,4424.5,4421.5,4423.25
1671174900,4423,4423,4420.75,4420.75
1671175200,4421,4421,4416,4416.75
1671175500,4416.75,4416.75,4414,4416.25
1671175800,4416.5,4417.25,4413.75,4414
1671176100,4414,4417.75,4414,4417.25
1671176400,4417,4417.5,4415,4415.25
1671176700,4415.25,4415.5,4412.5,4413
1671177000,4413,4414.5,4412.5,4414
1671177300,4414,4414,4407.25,4408
1671177600,4408.25,4413.75,4408,4410.75
1671177900,4410.75,4413,4404.25,4405.5
1671178200,4405.75,4407,4398.75,4399.5
1671178500,4399.75,4400.75,4395.25,4396
1671178800,4395.75,4398.25,4394.25,4395.25
1671179100,4395,4396,4384.75,4385.5
1671179400,4385.25,4389.25,4383,4383.25
1671179700,4383.5,4388.75,4382.75,4385.75
1671180000,4385.75,4387,4384,4384
1671180300,4384,4385,4379.25,4379.5
1671180600,4379.25,4380.75,4377.25,4378.25
1671180900,4378.25,4380.75,4378,4378.75
1671181200,4378.75,4381.75,4378,4380.25
1671181500,4380.25,4381.25,4377.75,4378.5
1671181800,4378.5,4378.5,4373.5,4374.75
1671182100,4374.5,4376,4373,4375.25
1671182400,4375.5,4377.5,4373.5,4374.5
1671182700,4374.5,4376,4371,4375.75
1671183000,4375.75,4379.75,4374.75,4377.25
1671183300,4377.5,4378.5,4375,4375.25
1671183600,4375.25,4377.25,4371.25,4372.25
1671183900,4372.25,4378,4371.5,4377
1671184200,4377.25,4378.25,4375.5,4377.75
1671184500,4377.75,4379,4375.75,4379
1671184800,4378.75,4379,4375.25,4377.5
1671185100,4377.25,4380,4376.25,4377.75
1671185400,4377.5,4380.75,4373.25,4373.25
1671185700,4373.25,4374.5,4369.5,4369.75
1671186000,4370,4371,4366,4367.75
1671186300,4368,4369.25,4365.5,4366.5
1671186600,4366.5,4368.75,4365.75,4368.5
1671186900,4368.5,4372.5,4367.75,4372
1671187200,4372,4372.25,4369,4369.75
1671187500,4369.5,4369.75,4363.5,4366
1671187800,4365.75,4366.75,4364,4364.75
1671188100,4364.75,4369.5,4363.75,4368.5
1671188400,4368.5,4370,4365,4369
1671188700,4369,4372.5,4367.75,4371.75
1671189000,4372,4376.25,4372,4375.75
1671189300,4375.5,4378.25,4375,4378.25
1671189600,4378.25,4378.75,4375,4375
1671189900,4375,4379,4375,4377.5
1671190200,4377.5,4379.75,4376.25,4377.25
1671190500,4377.25,4380,4375.25,4379.5
1671190800,4379.5,4379.75,4376.75,4376.75
1671191100,4377,4377,4374.5,4374.5
1671191400,4374.25,4377,4372.75,4374.25
1671191700,4374.5,4376,4373.75,4375.75
1671192000,4375.5,4383.75,4375.5,4383.25
1671192300,4383,4385,4380.25,4381.25
1671192600,4381.5,4383.5,4379.75,4380
1671192900,4380,4383,4379.5,4382.25
1671193200,4382.25,4384,4378,4378
1671193500,4378,4378.75,4374.25,4376
1671193800,4375.75,4376.75,4372.5,4376.5
1671194100,4376.5,4379.5,4376.5,4377.5
1671194400,4377.75,4381,4376.25,4380.75
1671194700,4380.75,4382.75,4380.75,4382.25
1671195000,4382,4383.75,4381.25,4382
1671195300,4382.25,4389.5,4381.75,4389.25
1671195600,4389.25,4389.25,4383.25,4385.5
1671195900,4385.75,4388.25,4384.5,4386.25
1671196200,4386.25,4387.75,4383.25,4385
1671196500,4385,4388.25,4383.25,4383.5
1671196800,4383.5,4384.75,4380.75,4383
1671197100,4383.25,4384.75,4381.75,4382.5
1671197400,4382.5,4382.5,4379.5,4380.25
1671197700,4380.25,4380.25,4375.75,4376.25
1671198000,4376.25,4379,4376,4378
1671198300,4378.25,4381.5,4376.25,4378.25
1671198600,4378.25,4381.75,4378.25,4378.5
1671198900,4378.75,4382.25,4378,4380.5
1671199200,4380.5,4383.25,4379.25,4380
1671199500,4380,4384.5,4377,4377
1671199800,4377.25,4379,4373.5,4374.5
1671200100,4374.75,4377.5,4372,4375.25
1671200400,4375.25,4379.25,4375.25,4378
1671200700,4378.25,4391,4371.5,4390.75
1671201000,4390.75,4399.75,4387.25,4394.75
1671201300,4394.75,4398,4386.25,4388.5
1671201600,4388.75,4396.75,4383.5,4393
1671201900,4393.25,4403.5,4387.25,4403.25
1671202200,4403.25,4404.75,4397.5,4401.5
1671202500,4401.75,4403,4396.75,4397.75
1671202800,4397.75,4397.75,4384,4385.25
1671203100,4385,4388,4375,4375
1671203400,4375,4377.5,4370,4370.75
1671203700,4370.5,4376.25,4367.75,4375.5
1671204000,4375.75,4376.75,4368,4368
1671204300,4368.25,4372.75,4364.5,4364.75
1671204600,4364.75,4370,4359.25,4360.75
1671204900,4360.75,4365.75,4356.75,4364
1671205200,4364,4370.5,4361.75,4369
1671205500,4369,4370.25,4363.5,4364
1671205800,4364.25,4367.5,4362.5,4366.75
1671206100,4366.75,4369.25,4364.75,4369
1671206400,4369,4370.25,4364.75,4366.5
1671206700,4366.25,4369.25,4362.5,4362.75
1671207000,4362.75,4372.25,4357.5,4371.75
1671207300,4371.5,4373.75,4367.5,4368.5
1671207600,4368.5,4370.25,4361.25,4361.5
1671207900,4361.5,4366.25,4360.75,4362.75
1671208200,4362.75,4369.25,4362.5,4366.5
1671208500,4366.75,4369,4364.5,4367
1671208800,4367,4367.75,4359.25,4362.25
1671209100,4362.25,4364,4354,4355.25
1671209400,4355,4359.5,4355,4358
1671209700,4358,4358,4351.5,4353.25
1671210000,4353.25,4357.5,4352.5,4357
1671210300,4356.75,4357,4353,4353.5
1671210600,4353.5,4357.5,4352.5,4354.25
1671210900,4354,4359.75,4352,4359.5
1671211200,4359.25,4360,4354,4357.75
1671211500,4357.75,4359.75,4355.75,4359.25
1671211800,4359.25,4360.75,4356.75,4359.75
1671212100,4359.5,4366.75,4358.75,4362.75
1671212400,4363,4363,4354,4354.5
1671212700,4354.75,4357,4353,4355.5
1671213000,4355.5,4356,4350,4350.5
1671213300,4350.5,4351.75,4347.5,4349.25
1671213600,4349,4352.25,4348,4350
1671213900,4350,4352.75,4348.25,4351.75
1671214200,4351.5,4354,4350.25,4351.5
1671214500,4351.5,4356,4351,4351.5
1671214800,4351.25,4352.5,4349.5,4350.5
1671215100,4350.5,4351.5,4349,4349
1671215400,4349.25,4356,4348.25,4354.5
1671215700,4354.25,4357,4351.75,4351.75
1671216000,4352,4355,4351.25,4354
1671216300,4354,4358.25,4353.5,4357
1671216600,4357,4357.5,4353,4354.75
1671216900,4354.75,4356.5,4352,4354.75
1671217200,4354.75,4357.5,4353.25,4355
1671217500,4355.25,4359,4353.75,4358
1671217800,4358,4363.75,4357.5,4363.25
1671218100,4363.25,4365.25,4360.5,4361.5
1671218400,4361.5,4362.25,4355.25,4357.25
1671218700,4357.25,4358,4354.75,4354.75
1671219000,4355,4355.75,4349.5,4350.75
1671219300,4350.75,4355,4350.5,4353.25
1671219600,4353,4355.5,4352.5,4353.75
1671219900,4353.5,4356.75,4351.75,4356.5
1671220200,4356.5,4363.25,4356,4362.5
1671220500,4362.75,4370.25,4360.75,4367.25
1671220800,4367.25,4371,4365.75,4366.25
1671221100,4366.25,4366.5,4361.25,4362.75
1671221400,4363,4374.75,4361.75,4374.25
1671221700,4374,4380,4373.5,4373.75
1671222000,4373.5,4378.5,4372.25,4377.5
1671222300,4377.75,4380,4374.5,4378.75
1671222600,4378.75,4386.75,4378.75,4383.25
1671222900,4383.25,4386.75,4379.75,4383.5
1671223200,4383.5,4387.75,4380.75,4380.75
1671223500,4380.75,4386,4378.5,4380.25
1671223800,4380,4383.25,4371.5,4378.5
1671224100,4378.5,4382.75,4369.5,4370
1671224400,4370,4371.5,4361,4366
1671224700,4366,4370.75,4365.25,4369.25
1671225000,4369.25,4370,4364.75,4365.25
1671225300,4365,4367.75,4364,4364.75
1671225600,4364.75,4366.75,4362,4363.5
1671225900,4363.5,4368,4362,4365.5
1671226200,4365.25,4365.25,4362.5,4362.75
1671226500,4362.5,4366,4362.25,4363.25
1671226800,4363.25,4364.75,4362.5,4363
1671227100,4363,4364,4361.75,4362.5
1671227400,4362.75,4364.25,4361.5,4363.5
1671227700,4363.75,4365.25,4363.25,4364.25
1671404400,4366.25,4371.25,4365,4369.75
1671404700,4369.75,4375.25,4369.75,4375
1671405000,4375,4377,4374.75,4376
1671405300,4376,4377.25,4374,4376.5
1671405600,4376.75,4378.25,4376.75,4377.75
1671405900,4377.75,4379,4376.75,4376.75
1671406200,4376.75,4377,4375,4375.75
1671406500,4375.75,4376.75,4375.5,4376.25
1671406800,4376,4376.25,4375,4375.75
1671407100,4375.5,4375.5,4373.25,4373.75
1671407400,4374,4374.5,4373.5,4374.25
1671407700,4374.25,4374.75,4372.5,4372.75
1671408000,4372.75,4376.5,4372.5,4375.75
1671408300,4375.5,4376.5,4375,4375
1671408600,4375.25,4376.5,4374.25,4376
1671408900,4376,4376,4373,4374.5
1671409200,4374.5,4374.5,4372.75,4374.5
1671409500,4374.75,4377.25,4374.75,4376.5
1671409800,4376.5,4376.75,4374.5,4374.75
1671410100,4374.75,4377,4374.5,4376.25
1671410400,4376.25,4377.75,4375.5,4377
1671410700,4377,4377,4373.5,4373.75
1671411000,4373.75,4374.75,4373.25,4374.5
1671411300,4374.5,4375.75,4374.25,4375.25
1671411600,4375.25,4377.75,4374.25,4376.75
1671411900,4376.75,4377.25,4376,4377
1671412200,4377,4380,4376.5,4379.25
1671412500,4379.5,4380.25,4378.75,4379.75
1671412800,4379.5,4380.25,4378.5,4380
1671413100,4380.25,4380.75,4379.5,4379.5
1671413400,4379.5,4381.25,4379.5,4380.75
1671413700,4381,4381.5,4379.75,4380
1671414000,4380,4381.5,4379,4379.75
1671414300,4380,4380.75,4379.5,4379.5
1671414600,4379.5,4379.5,4377.75,4378
1671414900,4377.75,4379,4377.5,4378.25
1671415200,4378.25,4379.75,4377.75,4378.5
1671415500,4378.5,4379.75,4378.5,4379
1671415800,4379.25,4379.25,4377.5,4378
1671416100,4378.25,4378.25,4375.5,4376
1671416400,4376,4376.25,4375.25,4375.5
1671416700,4375.5,4376.75,4375.25,4376
1671417000,4376,4377.25,4376,4376.25
1671417300,4376.25,4376.5,4374.75,4375.25
1671417600,4375.25,4375.75,4374.75,4375.25
1671417900,4375.25,4376,4374.75,4376
1671418200,4376,4377.25,4376,4376.5
1671418500,4376.75,4377.5,4376.5,4377.25
1671418800,4377.25,4378,4377,4377.5
1671419100,4377.5,4379.25,4377.5,4379
1671419400,4379,4379.25,4378.25,4378.25
1671419700,4378.5,4378.75,4377.25,4377.5
1671420000,4377.5,4378,4376.75,4376.75
1671420300,4376.75,4378.5,4376.5,4377.75
1671420600,4378,4378.25,4377,4377
1671420900,4376.75,4377.25,4375.75,4376.25
1671421200,4376.25,4377,4376,4376.75
1671421500,4376.75,4376.75,4375.75,4376.25
1671421800,4376.25,4377.5,4376.25,4377.5
1671422100,4377.5,4378.25,4377,4377.5
1671422400,4377.5,4378.5,4377,4377.75
1671422700,4377.75,4378,4377.25,4377.5
1671423000,4377.25,4377.25,4376.75,4377.25
1671423300,4377.25,4378.25,4377.25,4378
1671423600,4378.25,4378.25,4377.5,4377.75
1671423900,4378,4379.25,4377.75,4378.25
1671424200,4378.25,4378.75,4378.25,4378.25
1671424500,4378.5,4378.5,4377.25,4377.75
1671424800,4377.5,4378.5,4377.5,4378
1671425100,4377.75,4378.5,4377.5,4378.25
1671425400,4378,4378.5,4378,4378
1671425700,4377.75,4378,4376.5,4376.75
1671426000,4376.75,4377.25,4376,4376.25
1671426300,4376,4376.75,4375.25,4375.5
1671426600,4375.5,4375.5,4372.5,4373.75
1671426900,4373.5,4374.5,4373.25,4373.5
1671427200,4373.5,4373.75,4372.5,4372.75
1671427500,4372.75,4373.75,4372.75,4373.75
1671427800,4373.75,4374.25,4370.75,4371
1671428100,4371,4371.25,4368.25,4369.25
1671428400,4369,4370.5,4369,4369.75
1671428700,4370,4372.25,4370,4371.75
1671429000,4372,4372.25,4371.25,4371.5
1671429300,4371.25,4373.25,4370.75,4372.75
1671429600,4372.75,4375,4372.25,4374
1671429900,4374,4374.75,4373,4373.25
1671430200,4373.5,4375,4373,4374.75
1671430500,4375,4376,4374.25,4375.5
1671430800,4375.5,4376.25,4375,4375.25
1671431100,4375.5,4376.75,4375.5,4376.5
1671431400,4376.25,4376.75,4375.5,4376
1671431700,4375.75,4377,4375.75,4376.75
1671432000,4376.5,4377,4375.5,4376
1671432300,4376,4377.25,4375.75,4377
1671432600,4376.75,4377,4376,4376.25
1671432900,4376.25,4379.75,4376,4379.5
1671433200,4379.75,4380.75,4377.25,4378
1671433500,4378,4379.25,4377.25,4378.75
1671433800,4379,4379.75,4378,4379
1671434100,4379,4379,4376.5,4377
1671434400,4376.75,4378.25,4376.75,4377
1671434700,4377,4379.25,4376.25,4378.5
1671435000,4378.75,4378.75,4377,4377
1671435300,4377.25,4377.75,4375.75,4377
1671435600,4377.25,4378,4376.75,4377.25
1671435900,4377,4377.25,4375.25,4376
1671436200,4376,4377.75,4376,4377
1671436500,4377,4378.75,4376.75,4377.25
1671436800,4377.25,4383,4376.25,4382.25
1671437100,4382,4384.75,4381.25,4384.25
1671437400,4384.5,4389.25,4384.5,4387.75
1671437700,4388.25,4389.25,4386.5,4388.5
1671438000,4388.75,4391,4386.75,4388
1671438300,4388.25,4389.25,4386.5,4386.75
1671438600,4386.75,4386.75,4384,4384
1671438900,4384.25,4385.5,4383,4384
1671439200,4384.25,4387.25,4384.25,4385.75
1671439500,4385.75,4386.5,4384.25,4386.5
1671439800,4386.75,4387.25,4385.25,4386.5
1671440100,4386.75,4386.75,4384.25,4385.5
1671440400,4385.25,4388.25,4384,4384.25
1671440700,4384.25,4387,4383.5,4386.5
1671441000,4386.5,4387,4384.5,4384.75
1671441300,4385,4389.5,4385,4388.75
1671441600,4388.5,4389.75,4388.25,4389
1671441900,4389,4390.25,4386.75,4387.25
1671442200,4387.25,4387.75,4385.5,4386.25
1671442500,4386.25,4388,4385,4385.25
1671442800,4385,4385,4381.5,4383.5
1671443100,4383.25,4383.75,4381.25,4382.75
1671443400,4383,4385.5,4382.25,4384.25
1671443700,4384,4384.25,4381.25,4381.75
1671444000,4382,4383.5,4381.5,4382.25
1671444300,4382,4382.75,4381,4381.25
1671444600,4381.25,4385.25,4381,4384.75
1671444900,4385,4389.75,4385,4389
1671445200,4389,4391.25,4389,4389.25
1671445500,4389.25,4389.25,4387.25,4388.75
1671445800,4389,4389.75,4387.5,4388
1671446100,4388.25,4388.75,4387.5,4388.75
1671446400,4389,4391,4388.75,4389.75
1671446700,4389.75,4390,4388,4389.5
1671447000,4389.75,4390,4388,4388.5
1671447300,4388.75,4388.75,4386.25,4386.75
1671447600,4386.75,4387.25,4384.5,4384.5
1671447900,4384.25,4386.25,4384.25,4386.25
1671448200,4386,4386.25,4385,4385.25
1671448500,4385,4386,4384.25,4385.5
1671448800,4385.75,4386.75,4385.5,4386.25
1671449100,4386.5,4386.75,4384.5,4386.25
1671449400,4386,4386.25,4383.5,4384
1671449700,4384,4384.25,4382.25,4382.75
1671450000,4383,4383,4380.5,4381.75
1671450300,4381.75,4381.75,4378,4379.75
1671450600,4379.5,4382,4379.25,4381
1671450900,4381,4382.75,4380.25,4382.5
1671451200,4382.5,4382.5,4381,4382.25
1671451500,4382,4383,4379,4379.5
1671451800,4379.5,4382.25,4379.25,4382.25
1671452100,4382.25,4383.75,4381.5,4382.25
1671452400,4382.25,4384.25,4381.75,4383.25
1671452700,4383.5,4385,4382,4382.25
1671453000,4382,4383.5,4380.5,4383.5
1671453300,4383.5,4385,4382.75,4384.5
1671453600,4384.5,4384.5,4383,4383.25
1671453900,4383,4385.5,4382.25,4385.5
1671454200,4385.5,4386,4383.5,4383.5
1671454500,4383.5,4385.25,4382.5,4382.75
1671454800,4382.75,4384.25,4382.25,4383.75
1671455100,4383.75,4384.5,4381.75,4383
1671455400,4382.75,4383,4378,4378.5
1671455700,4378.75,4379.25,4376.75,4377.5
1671456000,4377.25,4378,4375.25,4375.25
1671456300,4375.5,4377,4375.25,4376
1671456600,4375.75,4376.25,4373.5,4373.75
1671456900,4373.75,4374.5,4371,4373.25
1671457200,4373.25,4374.75,4372,4373.25
1671457500,4373.25,4373.75,4371.75,4371.75
1671457800,4372,4373.5,4371,4371.75
1671458100,4372,4372.75,4371,4371.5
1671458400,4371.75,4374.5,4371.75,4374.5
1671458700,4374.25,4376,4373.25,4373.5
1671459000,4373.5,4373.75,4369.75,4369.75
1671459300,4369.75,4372.5,4369.25,4371
1671459600,4371.25,4372.75,4370.75,4372.25
1671459900,4372.25,4374,4371,4372.5
1671460200,4372.25,4375.75,4364.25,4366.25
1671460500,4366.25,4375.5,4364.25,4372
1671460800,4372,4373.75,4365.5,4368.75
1671461100,4368.75,4369.75,4357.75,4359.25
1671461400,4359.5,4362.25,4357.5,4359
1671461700,4359,4361.5,4355.75,4361
1671462000,4361.25,4361.5,4356.5,4358
1671462300,4358,4358.25,4354.25,4357.5
1671462600,4357.5,4364.75,4357.25,4364
1671462900,4363.75,4366,4360.75,4365
1671463200,4365,4374,4364.75,4371.75
1671463500,4371.75,4373,4369.75,4372.5
1671463800,4372.25,4372.75,4365.5,4367.25
1671464100,4367.25,4368.75,4361,4361.25
1671464400,4361.25,4364,4360.25,4362
1671464700,4362,4364.75,4360.5,4363.25
1671465000,4363.25,4363.25,4355.75,4357.5
1671465300,4357.5,4358.5,4353.5,4354.25
1671465600,4354.25,4354.75,4348.5,4349.75
1671465900,4349.75,4352.5,4349,4351.75
1671466200,4352,4353.5,4349.75,4350.5
1671466500,4350.25,4355.5,4349.5,4355.25
1671466800,4355,4356.5,4350.5,4355.5
1671467100,4355.5,4355.5,4350.25,4353.25
1671467400,4353,4353.5,4344.75,4346.5
1671467700,4346.75,4347,4344.25,4345.5
1671468000,4345.5,4347,4341,4346.25
1671468300,4346.25,4349.75,4345.75,4349.5
1671468600,4349.25,4350.75,4347.25,4349
1671468900,4348.75,4350,4345.5,4346.5
1671469200,4346.5,4352.75,4346.5,4351.25
1671469500,4351.25,4354.25,4349.5,4351.75
1671469800,4351.75,4355,4349.75,4354.25
1671470100,4354.25,4355,4351,4352.75
1671470400,4352.75,4353.5,4348.75,4349
1671470700,4349,4350.25,4346.75,4347.25
1671471000,4347.25,4348,4344.5,4345.25
1671471300,4345.25,4350.25,4345,4348.5
1671471600,4348.75,4349.5,4346.25,4347.25
1671471900,4347.5,4352.75,4346.25,4351.75
1671472200,4351.75,4354.25,4351.25,4351.5
1671472500,4351.75,4352.25,4349.5,4351
1671472800,4351.25,4352.75,4348.75,4351.75
1671473100,4351.75,4353,4346.5,4347.25
1671473400,4347,4351.75,4347,4351
1671473700,4351,4351.25,4347.75,4349.5
1671474000,4349.75,4353,4349,4352.25
1671474300,4352.5,4354.75,4346.5,4348
1671474600,4347.75,4349,4343.5,4343.75
1671474900,4344,4346.25,4342,4345
1671475200,4345,4346.25,4338.25,4339
1671475500,4338.75,4340,4336.75,4339
1671475800,4339,4340.75,4337.75,4339
1671476100,4339,4339,4335,4335.75
1671476400,4335.75,4336.5,4327,4328.25
1671476700,4328.25,4334.5,4327.5,4333.25
1671477000,4333.25,4334.5,4330.25,4330.75
1671477300,4330.5,4332.25,4328,4328
1671477600,4328,4332,4325.5,4325.75
1671477900,4326,4328,4323.25,4323.25
1671478200,4323.25,4328.25,4323.25,4327.75
1671478500,4327.5,4328.25,4324,4327.5
1671478800,4327.5,4327.5,4322.25,4326.75
1671479100,4326.5,4332.25,4324.75,4325.5
1671479400,4325.25,4325.5,4319.75,4321
1671479700,4320.75,4325.25,4320.5,4324
1671480000,4324,4324.5,4319.5,4321
1671480300,4320.75,4324,4319.75,4323.5
1671480600,4323.75,4326,4321.5,4321.5
1671480900,4321.5,4326.75,4321.5,4325.5
1671481200,4325.5,4326.75,4322,4325
1671481500,4325.25,4327.75,4323.75,4324.75
1671481800,4324.75,4330,4324,4327.75
1671482100,4327.5,4331.25,4324.75,4325.25
1671482400,4325.25,4327.75,4322,4326.75
1671482700,4326.5,4332.75,4326,4329.75
1671483000,4329.75,4336.25,4329.5,4336
1671483300,4336,4340.75,4334,4336.5
1671483600,4336.5,4338,4334.25,4334.25
1671483900,4334.5,4336.25,4333.25,4336
1671484200,4336.25,4336.5,4332.25,4332.5
1671484500,4332.75,4334,4332,4332.5
1671484800,4332.25,4333.5,4332.25,4332.75
1671485100,4332.5,4332.75,4331.75,4332
1671485400,4332.25,4333.25,4331.75,4332.5
1671485700,4332.75,4333.25,4331.5,4333
1671486000,4333.25,4334.25,4331.75,4332.5
1671486300,4332.5,4333,4331.5,4332
1671486600,4332,4333.5,4331.5,4333
1671486900,4333,4334,4332.5,4334
1671490800,4335,4337.5,4334.25,4337.25
1671491100,4337.25,4337.5,4335.5,4336.75
1671491400,4337,4337.75,4336.25,4337.25
1671491700,4337,4339.25,4337,4338.75
1671492000,4339,4340.5,4339,4340
1671492300,4340,4340.75,4339.5,4339.75
1671492600,4339.75,4341.75,4339.75,4341.75
1671492900,4341.5,4342.5,4340.5,4342
1671493200,4342,4342.25,4341.25,4342
1671493500,4342.25,4345,4342,4344.75
1671493800,4344.75,4345,4343,4343.5
1671494100,4343.5,4343.75,4342,4343.25
1671494400,4343,4343.25,4341.75,4342.5
1671494700,4342.25,4343,4341,4342.5
1671495000,4342.5,4343.5,4341,4341.5
1671495300,4341.5,4342.75,4341.25,4342.5
1671495600,4342.75,4343.75,4342.5,4342.75
1671495900,4343,4343.25,4341.25,4341.5
1671496200,4341.5,4342.25,4341,4341
1671496500,4341.25,4341.75,4340.75,4340.75
1671496800,4340.5,4341.25,4340.25,4341
1671497100,4341.25,4342.25,4341.25,4342.25
1671497400,4342.25,4344.75,4341.25,4344.5
1671497700,4344.5,4345.25,4344,4344.25
1671498000,4344.25,4345,4343.25,4344.25
1671498300,4344.25,4345,4343.25,4344.5
1671498600,4344.5,4345.75,4343.75,4344.75
1671498900,4344.75,4345.5,4343.75,4344.75
1671499200,4344.75,4346.75,4344.5,4345.5
1671499500,4345.5,4345.75,4345,4345.75
1671499800,4345.5,4347,4345.25,4346.5
1671500100,4346.5,4346.75,4343.75,4344
1671500400,4343.75,4344.5,4343.25,4344
1671500700,4344,4344,4342.5,4342.75
1671501000,4343,4345,4343,4344.5
1671501300,4344.25,4346.25,4344,4346
1671501600,4346.25,4347,4345.5,4346.25
1671501900,4346.25,4346.5,4343.75,4345
1671502200,4345,4345,4343.25,4343.5
1671502500,4343.5,4344.75,4343.25,4344
1671502800,4344,4345.25,4343.5,4344.75
1671503100,4344.5,4344.5,4342,4342.25
1671503400,4342.5,4343.25,4341.75,4342.75
1671503700,4342.75,4344.5,4342.25,4344
1671504000,4343.75,4344,4342.25,4342.5
1671504300,4342.25,4344.5,4342.25,4344.25
1671504600,4344,4344.5,4342.5,4342.5
1671504900,4342.75,4344.25,4342.75,4344.25
1671505200,4344.25,4345.25,4331,4334.75
1671505500,4335,4335.25,4320.25,4321
1671505800,4320.75,4322.25,4312.25,4314.5
1671506100,4314.5,4318.75,4308,4309.75
1671506400,4309.75,4316.5,4309.5,4314.25
1671506700,4314,4316.25,4312.25,4314.25
1671507000,4314.5,4315.75,4310.5,4313
1671507300,4312.75,4318.5,4312.75,4316
1671507600,4316,4317.25,4307.5,4307.75
1671507900,4307.5,4309.25,4304.75,4308.5
1671508200,4308.25,4311.75,4307.25,4309.75
1671508500,4309.75,4311,4307.75,4308.25
1671508800,4308,4310.25,4302.25,4303.75
1671509100,4304,4304,4299.25,4303.25
1671509400,4303.25,4307,4303.25,4305.75
1671509700,4306,4306.5,4302,4303.75
1671510000,4303.75,4307,4303,4303.25
1671510300,4303.25,4305.75,4302,4302.75
1671510600,4302.5,4305.5,4300.25,4305.25
1671510900,4304.75,4306.5,4303.75,4305
1671511200,4305,4306,4303.5,4304.75
1671511500,4305,4305.75,4302.25,4303.5
1671511800,4303.5,4305,4303.5,4304.75
1671512100,4305,4306,4304.25,4305.75
1671512400,4306,4306.25,4304.5,4305.5
1671512700,4305.5,4309.25,4304.5,4307.75
1671513000,4307.5,4308,4306.25,4306.5
1671513300,4306.75,4306.75,4303.5,4304
1671513600,4303.75,4304,4299.5,4300.75
1671513900,4300.75,4301.25,4298.25,4298.75
1671514200,4298.75,4299,4296.5,4296.75
1671514500,4296.75,4298,4295.75,4297.75
1671514800,4297.75,4300.25,4297.25,4300
1671515100,4300,4302.75,4299.25,4302.5
1671515400,4302.5,4304.5,4302,4304
1671515700,4304,4305.5,4301.5,4305
1671516000,4305,4305.5,4302.5,4303.75
1671516300,4303.75,4305.75,4303.25,4305.25
1671516600,4305.25,4305.75,4304,4304.5
1671516900,4304.75,4305.25,4303.5,4304.5
1671517200,4304.75,4305,4303,4305
1671517500,4304.75,4305.75,4304.5,4305.25
1671517800,4305.25,4307.5,4305,4306
1671518100,4305.75,4309.5,4305.75,4308
1671518400,4307.75,4309.75,4307.5,4309.5
1671518700,4309.5,4311.25,4308.25,4310.5
1671519000,4310.5,4311.75,4310.5,4311.75
1671519300,4311.75,4312.25,4309.25,4309.75
1671519600,4310,4316,4310,4314.25
1671519900,4314.25,4316.75,4314.25,4315.25
1671520200,4315,4317,4314.5,4315.5
1671520500,4315.75,4317,4315,4316.25
1671520800,4316.25,4316.5,4313,4313
1671521100,4313.25,4316.25,4313,4314.25
1671521400,4314.5,4315.75,4313.5,4315.75
1671521700,4315.5,4315.5,4309.75,4309.75
1671522000,4310,4311.25,4308.5,4308.75
1671522300,4309,4312.75,4307.5,4311.75
1671522600,4311.75,4314.5,4311.5,4314
1671522900,4314.25,4314.5,4310.5,4311
1671523200,4310.75,4315,4308.25,4309
1671523500,4309,4312.25,4305,4311.75
1671523800,4311.75,4318,4311.25,4317.25
1671524100,4317.25,4317.75,4310.5,4311
1671524400,4311,4313,4308.75,4309.75
1671524700,4310,4312,4307.75,4311
1671525000,4310.75,4310.75,4306.5,4307
1671525300,4307,4311.75,4305.25,4308.5
1671525600,4308.5,4316.75,4308.5,4315.75
1671525900,4316,4327,4315.75,4326.75
1671526200,4327,4334.25,4326.25,4332.75
1671526500,4332.75,4335.75,4331,4334
1671526800,4334,4335,4330.25,4330.5
1671527100,4330.75,4333,4327.75,4328.25
1671527400,4328,4333,4328,4331.75
1671527700,4331.5,4332.75,4327.5,4329
1671528000,4328.75,4332,4328.75,4331.25
1671528300,4331.5,4333.75,4329.5,4333.5
1671528600,4333.25,4338.5,4333.25,4336.25
1671528900,4336.25,4336.25,4332.75,4334.75
1671529200,4334.75,4336.5,4333.75,4335.5
1671529500,4335.5,4337.75,4329.75,4331
1671529800,4331.25,4332.5,4329.75,4332
1671530100,4332.25,4335.75,4331.5,4335.5
1671530400,4335.25,4337.5,4334,4335
1671530700,4334.75,4335.75,4333.5,4333.75
1671531000,4333.5,4334.5,4333,4333
1671531300,4333,4333,4330.5,4332.75
1671531600,4333,4336,4332.5,4335.75
1671531900,4335.75,4336.25,4334.25,4335.75
1671532200,4335.5,4336.25,4332,4333.5
1671532500,4333.5,4333.75,4329,4329.5
1671532800,4329.5,4331.25,4327.5,4328.75
1671533100,4328.75,4331.75,4328.25,4331.75
1671533400,4331.5,4335.5,4331.5,4335
1671533700,4334.75,4335.75,4333.5,4333.75
1671534000,4333.5,4337.5,4333.25,4334.5
1671534300,4334.5,4334.5,4332,4334.5
1671534600,4334.25,4338.25,4334.25,4337.5
1671534900,4337.25,4339.75,4335.5,4339
1671535200,4339.25,4340.5,4338.25,4340.25
1671535500,4340.25,4340.75,4337.75,4339.5
1671535800,4339.5,4340,4337.25,4338
1671536100,4338.25,4338.25,4334.5,4334.75
1671536400,4334.75,4339.25,4334.75,4338.25
1671536700,4338,4338.25,4336,4337.25
1671537000,4337.5,4337.5,4332,4332
1671537300,4332.5,4334.75,4332.25,4334.75
1671537600,4334.5,4338.5,4333,4333.5
1671537900,4333.5,4338.25,4332.25,4337.25
1671538200,4337.25,4338.75,4335.5,4338
1671538500,4338,4340,4337,4338.5
1671538800,4338.5,4341.25,4338.25,4339.25
1671539100,4339.5,4340.25,4337.5,4338.25
1671539400,4338.25,4338.75,4335,4336.25
1671539700,4336,4336,4333,4333.25
1671540000,4333.25,4335.5,4332.25,4333.5
1671540300,4333.5,4333.75,4330.5,4331
1671540600,4331,4332.5,4329.75,4331.75
1671540900,4331.75,4331.75,4325.5,4325.75
1671541200,4326,4329,4325.75,4327
1671541500,4327,4329,4326.5,4328
1671541800,4328,4330.5,4326.5,4330
1671542100,4329.75,4331,4328.5,4329.25
1671542400,4329.25,4330,4326.5,4328
1671542700,4328.25,4329,4326.25,4327
1671543000,4327,4331,4324.5,4330.5
1671543300,4330.5,4335.75,4329,4334.25
1671543600,4334.5,4335.75,4332.75,4333
1671543900,4333,4334,4331,4331.75
1671544200,4331.75,4332.5,4329.5,4329.5
1671544500,4329.5,4332,4328.5,4329
1671544800,4328.75,4329.25,4326.75,4327.5
1671545100,4327.5,4329,4327.25,4328.75
1671545400,4328.75,4328.75,4324.25,4327
1671545700,4327.25,4329.25,4326,4327
1671546000,4327.25,4328,4324.75,4326
1671546300,4326,4330,4324.25,4328.75
1671546600,4329,4331.25,4321.75,4328.75
1671546900,4328.75,4334.75,4325.5,4333
1671547200,4333,4334.5,4319.75,4320.25
1671547500,4320.5,4322,4315.5,4319.75
1671547800,4320,4324.5,4314.5,4322.25
1671548100,4322.25,4339.25,4321.25,4336.5
1671548400,4336.75,4343.25,4336.25,4339.5
1671548700,4339.5,4345.75,4339.25,4339.5
1671549000,4339.5,4345.75,4336,4343.25
1671549300,4343.5,4345.75,4340.5,4343.25
1671549600,4343.25,4353,4342.75,4350.25
1671549900,4350.5,4351.75,4346.25,4351.25
1671550200,4351.25,4357.25,4351.25,4352.5
1671550500,4352.5,4358,4352,4355
1671550800,4354.75,4356.5,4350.5,4353.5
1671551100,4353.25,4355.75,4349.75,4353.75
1671551400,4353.75,4356,4350,4354
1671551700,4354.25,4357,4348.5,4349.25
1671552000,4349.25,4351.75,4346,4350
1671552300,4350.25,4350.25,4345,4345.25
1671552600,4345,4346.25,4339.5,4341.5
1671552900,4341.75,4342.5,4328.75,4333.25
1671553200,4333.5,4334.5,4329.75,4332.5
1671553500,4332.25,4333.25,4324.5,4327.75
1671553800,4327.5,4334,4326.75,4332.5
1671554100,4332.25,4333.75,4329,4332
1671554400,4332,4335.5,4328.75,4334.75
1671554700,4335,4337.75,4332,4337.5
1671555000,4337.5,4338,4333.5,4337.25
1671555300,4337.25,4343.25,4334,4342.25
1671555600,4342.5,4345.5,4341.25,4344
1671555900,4344,4348.25,4343,4345.75
1671556200,4346,4349.5,4341.5,4342.5
1671556500,4342.75,4345,4341.25,4342
1671556800,4342,4347.75,4341.75,4347
1671557100,4347,4348.25,4342.25,4342.5
1671557400,4342.5,4343.5,4337.25,4337.25
1671557700,4337.25,4339.5,4336.25,4339
1671558000,4339,4344.75,4339,4340.25
1671558300,4340.5,4345.25,4339.75,4343.75
1671558600,4344,4346,4342.5,4345
1671558900,4345,4348.25,4343.75,4347.75
1671559200,4347.75,4351.25,4347.25,4349.5
1671559500,4349.25,4350,4345,4346.25
1671559800,4346.25,4346.75,4341.5,4344.5
1671560100,4344.5,4349.25,4344.25,4345.25
1671560400,4345,4348.75,4342.75,4347.75
1671560700,4347.75,4353.25,4347.5,4351.25
1671561000,4351.25,4356.25,4350.75,4354.5
1671561300,4354.5,4358.75,4353.5,4357
1671561600,4357,4358.5,4353.5,4355
1671561900,4355.25,4355.75,4351.25,4352.25
1671562200,4352.5,4353.25,4350.75,4351
1671562500,4351.25,4352,4347.75,4349
1671562800,4349,4353.75,4346.75,4352.25
1671563100,4352,4354.5,4349.75,4352.5
1671563400,4352.5,4356.5,4352.25,4355
1671563700,4355,4356.25,4351.25,4352
1671564000,4352,4352.5,4348.25,4348.5
1671564300,4348.75,4351,4347.75,4350.25
1671564600,4350.25,4351,4347.5,4349.5
1671564900,4349.5,4349.5,4344.75,4347
1671565200,4347,4348.5,4342.25,4343.5
1671565500,4343.5,4346,4343,4344
1671565800,4343.75,4346.5,4340.75,4346
1671566100,4345.75,4346.75,4341.75,4343.25
1671566400,4343.5,4344.25,4338.25,4340
1671566700,4340,4341,4337,4339.75
1671567000,4340,4342.5,4338.25,4342
1671567300,4342,4344.5,4339.75,4340.5
1671567600,4340.25,4343,4339,4341.25
1671567900,4341.25,4348.25,4341,4346.75
1671568200,4346.75,4349.25,4344.75,4347
1671568500,4347,4352,4346.75,4351.75
1671568800,4351.75,4351.75,4348.25,4349.5
1671569100,4349.5,4351.25,4347,4349.75
1671569400,4349.75,4350,4344.5,4345.5
1671569700,4345.5,4345.5,4340.25,4341.5
1671570000,4341.5,4343.25,4339.25,4340
1671570300,4340,4344.25,4339.75,4343.25
1671570600,4343.25,4343.75,4339.75,4340
1671570900,4340.25,4342.25,4339.25,4341.5
1671571200,4341.75,4342.25,4340.75,4342.25
1671571500,4342.25,4342.75,4341.5,4342.5
1671571800,4342.5,4344,4342.5,4344
1671572100,4344,4344,4342.75,4343.75
1671572400,4343.75,4344,4342.75,4343.5
1671572700,4343.75,4344.25,4343.25,4344
1671573000,4344,4344.75,4343.5,4344.25
1671573300,4344.25,4347,4344,4345.75
1671577200,4349.5,4351.75,4347.75,4351.5
1671577500,4351.25,4353.5,4351.25,4351.75
1671577800,4351.75,4352.25,4350.75,4351.25
1671578100,4351.5,4353.5,4351.5,4353
1671578400,4353.25,4354,4352.75,4353.75
1671578700,4353.75,4354.75,4352.75,4354.5
1671579000,4354.5,4356.5,4354.25,4356
1671579300,4356,4357,4355.5,4356
1671579600,4355.75,4356.25,4354.5,4356
1671579900,4355.75,4355.75,4354,4354.75
1671580200,4354.5,4354.75,4353,4353.25
1671580500,4353.25,4354.75,4352.75,4354.75
1671580800,4354.5,4355,4353,4353
1671581100,4353,4355.5,4352.5,4355.5
1671581400,4355.25,4355.5,4352.75,4354.75
1671581700,4354.5,4354.75,4351,4351
1671582000,4351.25,4351.25,4349,4349.25
1671582300,4349.5,4351,4349.5,4350.25
1671582600,4350.25,4352.75,4350,4351.5
1671582900,4351.5,4351.75,4350.5,4351.75
1671583200,4351.5,4351.75,4350.5,4351.75
1671583500,4351.75,4353.25,4351.5,4353.25
1671583800,4353,4356.25,4352.75,4355.75
1671584100,4355.75,4358.5,4355.75,4356.75
1671584400,4356.5,4357,4355.25,4356
1671584700,4356,4361,4355.75,4360.25
1671585000,4360.5,4365.75,4360.25,4363
1671585300,4363.25,4365,4362.5,4363
1671585600,4363,4364.75,4362.75,4363.5
1671585900,4363.5,4365.75,4363.5,4365.25
1671586200,4365,4365,4363,4364
1671586500,4364.25,4364.5,4362.75,4363.75
1671586800,4363.5,4364.75,4362,4362
1671587100,4362.25,4368.25,4362.25,4365.75
1671587400,4366,4367.25,4365,4365.75
1671587700,4365.5,4366.25,4363.5,4364.75
1671588000,4364.75,4365.75,4364,4364.25
1671588300,4364.25,4364.5,4362.25,4363.75
1671588600,4363.75,4366.5,4363.5,4366
1671588900,4366,4367,4365.25,4365.5
1671589200,4365.25,4365.75,4364,4364
1671589500,4364,4365,4363.75,4364.75
1671589800,4364.75,4365,4362.5,4362.75
1671590100,4362.75,4363,4362.25,4362.75
1671590400,4362.5,4364,4362.5,4362.5
1671590700,4362.5,4363.5,4361.75,4363
1671591000,4362.75,4363.25,4361.25,4362
1671591300,4361.75,4362.75,4361.75,4362
1671591600,4362,4362.5,4361,4361.25
1671591900,4361.5,4361.75,4360.5,4361
1671592200,4361,4361.25,4360.25,4361
1671592500,4361.25,4363.75,4361.25,4362.25
1671592800,4362.25,4362.5,4360.75,4361
1671593100,4361,4361.25,4360.25,4360.75
1671593400,4360.5,4361.25,4360,4360.25
1671593700,4360.25,4361.25,4359.5,4359.75
1671594000,4359.75,4361,4359.25,4360.75
1671594300,4360.75,4361.75,4360.25,4361
1671594600,4361,4362.25,4360.75,4362
1671594900,4362,4362.25,4361.5,4361.5
1671595200,4361.75,4362.25,4360.75,4361.5
1671595500,4361.5,4362,4361.25,4361.25
1671595800,4361.25,4361.25,4355.25,4355.5
1671596100,4355.25,4357,4355.25,4356.25
1671596400,4356.25,4358,4355.75,4357.5
1671596700,4357.75,4357.75,4355.5,4355.75
1671597000,4355.75,4355.75,4352.75,4354.75
1671597300,4354.75,4355.75,4354.75,4355.5
1671597600,4355.75,4356.25,4354,4354.75
1671597900,4354.5,4354.75,4354,4354.25
1671598200,4354,4355,4354,4355
1671598500,4354.75,4355.5,4354.25,4354.25
1671598800,4354.5,4355.25,4353.75,4354.5
1671599100,4354.25,4354.75,4353,4354.5
1671599400,4354.5,4357,4354.25,4356.5
1671599700,4356.5,4357.75,4356.25,4357
1671600000,4356.75,4358.25,4356.75,4357.75
1671600300,4357.75,4359.25,4357.25,4358.25
1671600600,4358.5,4360,4357.5,4357.5
1671600900,4357.5,4359,4357.5,4359
1671601200,4358.75,4360,4358.75,4359.75
1671601500,4360,4361.25,4359.5,4360.75
1671601800,4360.75,4361,4359.5,4359.5
1671602100,4359.5,4359.75,4358.75,4359
1671602400,4359,4360.5,4358.5,4358.5
1671602700,4358.5,4358.5,4355.75,4356.75
1671603000,4356.75,4360,4356.5,4358.75
1671603300,4359,4359.5,4357.75,4358.5
1671603600,4358.5,4360,4358.5,4359.75
1671603900,4360,4361,4359,4359.25
1671604200,4359.25,4360.75,4358.5,4360.5
1671604500,4360.75,4362,4360.5,4361.25
1671604800,4361.25,4361.75,4361,4361.25
1671605100,4361.5,4361.5,4359.75,4360.5
1671605400,4360.5,4360.5,4359.5,4359.75
1671605700,4359.75,4361.25,4359.25,4361
1671606000,4360.75,4360.75,4356.75,4357.5
1671606300,4357.5,4362.25,4357.25,4361.5
1671606600,4361.5,4361.75,4359.25,4360.25
1671606900,4360.25,4361.75,4358.75,4361.5
1671607200,4361.5,4362.25,4360,4360.25
1671607500,4360.5,4361,4359.25,4360.75
1671607800,4360.5,4361.75,4358.75,4359.5
1671608100,4359.75,4360.5,4359,4359.5
1671608400,4359.5,4360.5,4359.25,4359.75
1671608700,4360,4361.75,4359.25,4361
1671609000,4361,4362.75,4360.25,4362.25
1671609300,4362,4362.5,4360.5,4360.5
1671609600,4360.75,4360.75,4357.25,4357.5
1671609900,4357.5,4358.25,4350.25,4352
1671610200,4352,4353,4349.75,4352.75
1671610500,4352.75,4354.25,4351.25,4351.75
1671610800,4352,4353.75,4349.75,4353.5
1671611100,4353.5,4355.75,4353,4353.75
1671611400,4354,4354,4350.75,4352.25
1671611700,4352.5,4355.25,4351.25,4355
1671612000,4355,4356.5,4354.25,4356
1671612300,4356,4357.25,4355.25,4356.75
1671612600,4357,4360.25,4356.25,4360
1671612900,4360,4361.5,4359,4360.25
1671613200,4360.25,4363.5,4359.75,4363.25
1671613500,4363.25,4364.5,4363,4363.25
1671613800,4363.5,4364.25,4362.5,4364.25
1671614100,4364.5,4366.75,4363.75,4366.25
1671614400,4366.25,4368,4366,4366.5
1671614700,4366.5,4367.75,4366.25,4366.75
1671615000,4366.75,4368.75,4366.25,4367.5
1671615300,4367.5,4368,4365,4365.5
1671615600,4365.25,4368,4364.5,4364.75
1671615900,4365,4366,4363.5,4365
1671616200,4365.25,4367.75,4365.25,4367.5
1671616500,4367.75,4368.5,4367,4367.75
1671616800,4367.75,4368.5,4364.75,4366
1671617100,4366,4366.5,4364.5,4365.25
1671617400,4365.5,4365.5,4363.5,4364
1671617700,4364,4365,4363,4364.75
1671618000,4365,4367.75,4364.75,4366.75
1671618300,4367,4367,4365.25,4366.75
1671618600,4366.75,4367.5,4366,4366.25
1671618900,4366.25,4366.25,4361.75,4362.75
1671619200,4362.75,4363,4359.5,4360
1671619500,4359.75,4361.75,4359.5,4361.5
1671619800,4361.5,4362,4360.25,4361.25
1671620100,4361.25,4361.5,4359.5,4361
1671620400,4360.75,4362.5,4360,4362.25
1671620700,4362.5,4363,4360.5,4361.75
1671621000,4361.5,4363.5,4361,4361.75
1671621300,4361.75,4362.5,4359.75,4360.5
1671621600,4360.25,4361,4359.25,4359.5
1671621900,4359.25,4360.5,4359,4360.25
1671622200,4360.25,4361.25,4358.25,4360.25
1671622500,4360.25,4362.25,4360.25,4362
1671622800,4361.75,4362,4359,4359
1671623100,4358.75,4362.25,4358.5,4361.75
1671623400,4362,4364,4361.5,4363.5
1671623700,4363.75,4365.25,4363,4363.75
1671624000,4363.5,4365,4362.25,4364.5
1671624300,4364.75,4365,4360.25,4360.5
1671624600,4360.5,4360.75,4355.75,4356
1671624900,4355.75,4360.25,4354.75,4356.5
1671625200,4356.5,4358,4356,4357.25
1671625500,4357,4358.25,4355.5,4358
1671625800,4357.75,4359.25,4357,4359
1671626100,4359.25,4362.25,4359,4362.25
1671626400,4362.5,4363.25,4361.5,4362.75
1671626700,4363,4365.25,4362,4365
1671627000,4364.75,4366.25,4363.75,4365
1671627300,4365.25,4367.75,4364.5,4367
1671627600,4367,4369,4365.25,4368.25
1671627900,4368.5,4369.75,4367.5,4369.5
1671628200,4369.5,4373.5,4368.5,4373
1671628500,4373,4374.5,4371,4373.75
1671628800,4374,4374.5,4371.75,4372.5
1671629100,4372.25,4372.75,4369.5,4370.75
1671629400,4370.5,4373.5,4369,4371.75
1671629700,4371.75,4372.25,4370.25,4371
1671630000,4371,4373,4370.25,4372.25
1671630300,4372.25,4373.75,4370.25,4372.5
1671630600,4372.5,4376.5,4372.5,4375.25
1671630900,4375.25,4375.75,4371.75,4373.25
1671631200,4373,4373.75,4370,4370.25
1671631500,4370.25,4370.75,4367.5,4368.25
1671631800,4368.5,4370,4368,4368.25
1671632100,4368,4368.75,4366.75,4368.75
1671632400,4368.75,4370.75,4368.5,4369.25
1671632700,4369.25,4370.25,4367.5,4369
1671633000,4369,4371.25,4363.25,4363.75
1671633300,4363.75,4371.5,4362.75,4369.5
1671633600,4369.5,4370.5,4364,4367.5
1671633900,4367.5,4375.5,4367.25,4374.5
1671634200,4374.5,4376,4370,4370.75
1671634500,4370.5,4371.5,4365,4367.75
1671634800,4367.75,4378.5,4365.75,4374.75
1671635100,4374.75,4383.5,4373.25,4383
1671635400,4383,4384,4379.75,4381.25
1671635700,4381.5,4383.75,4379.25,4382.75
1671636000,4382.75,4385.25,4381.25,4384.5
1671636300,4384.5,4388,4383.25,4387.75
1671636600,4387.5,4396.25,4386,4395.25
1671636900,4395,4400.5,4394.5,4400.25
1671637200,4400.25,4403.25,4398.25,4399.5
1671637500,4399.75,4401.25,4396,4399
1671637800,4399,4400.25,4396,4397
1671638100,4397,4402.75,4397,4402.5
1671638400,4402.25,4408,4402.25,4407.5
1671638700,4407.75,4408,4403.5,4406.5
1671639000,4406.5,4409.75,4405,4405.25
1671639300,4405,4407,4401.25,4401.5
1671639600,4401.5,4404,4397.25,4399.75
1671639900,4399.75,4402,4398,4401.25
1671640200,4401.25,4405,4401,4403.75
1671640500,4404,4404,4399.75,4399.75
1671640800,4400,4401,4396.25,4401
1671641100,4401,4401.25,4393.25,4394
1671641400,4394,4397.25,4392.5,4395.25
1671641700,4395.25,4398.5,4394,4396
1671642000,4396.25,4396.75,4392,4393.75
1671642300,4393.75,4397,4392.25,4392.5
1671642600,4392.75,4395.25,4391.25,4394.25
1671642900,4394.25,4394.5,4390.75,4392.5
1671643200,4392.5,4397,4391.5,4396.75
1671643500,4396.5,4396.5,4391.25,4393
1671643800,4392.75,4397.75,4392.75,4396
1671644100,4396,4397.75,4394.5,4397
1671644400,4397,4397.75,4395,4397
1671644700,4397.25,4397.75,4394,4397
1671645000,4397.25,4397.75,4395.25,4397
1671645300,4397.25,4401,4396,4400.5
1671645600,4400.5,4404.5,4398.5,4404
1671645900,4404,4404.75,4402.5,4404.5
1671646200,4404.25,4405,4400.5,4401.25
1671646500,4401.25,4401.5,4398.75,4399.75
1671646800,4399.75,4400,4393.75,4395
1671647100,4394.75,4397.5,4393,4394
1671647400,4394.25,4397.25,4393.75,4395.5
1671647700,4395.5,4398,4394.5,4396.5
1671648000,4396.75,4397.75,4394,4397.5
1671648300,4397.25,4401,4397.25,4400
1671648600,4400,4402,4399,4401.75
1671648900,4401.5,4402.25,4400,4400.5
1671649200,4400.75,4408,4400.5,4407
1671649500,4407,4410,4405.75,4408.25
1671649800,4408.5,4411,4406.5,4408
1671650100,4408.25,4409.75,4405.75,4406
1671650400,4406,4407.25,4403.75,4404
1671650700,4404,4405.75,4401,4401.25
1671651000,4401.5,4405.75,4399.75,4405
1671651300,4405,4405.25,4398,4401.25
1671651600,4401.25,4402.5,4399,4400.75
1671651900,4400.5,4402.75,4399.25,4400
1671652200,4400.25,4400.25,4394,4396.25
1671652500,4396.25,4399,4394,4397.75
1671652800,4397.75,4401.5,4396.75,4399.75
1671653100,4399.75,4400,4392.75,4394.25
1671653400,4394.25,4398.5,4392.25,4397.75
1671653700,4398,4398.75,4394.75,4395.5
1671654000,4395.25,4396.75,4393,4395.25
1671654300,4395.25,4397.25,4392.25,4392.5
1671654600,4392.5,4396.75,4392.25,4395.25
1671654900,4395.5,4397.5,4394.25,4396.75
1671655200,4396.75,4398.25,4393.25,4395.25
1671655500,4395,4398.25,4393.5,4396.75
1671655800,4397,4397,4388.75,4394.75
1671656100,4394.5,4399.5,4394.25,4398.75
1671656400,4398.75,4400.75,4397.25,4400
1671656700,4399.75,4402,4398.5,4401.5
1671657000,4401.75,4404.5,4400.5,4403.75
1671657300,4404,4406.25,4403.25,4405.5
1671657600,4405.25,4406.75,4404.75,4406
1671657900,4406,4406.25,4404.75,4406.25
1671658200,4406.25,4406.25,4404.25,4404.25
1671658500,4404.25,4405.25,4404.25,4404.75
1671658800,4404.5,4405.5,4404.25,4405
1671659100,4405,4406.5,4404.5,4405.25
1671659400,4405.25,4406.75,4405.25,4406.5
1671659700,4406.25,4406.5,4405.25,4406.25
1671663600,4407.25,4408,4405,4405.5
1671663900,4405.25,4405.25,4403.5,4404
1671664200,4404,4405,4402.75,4404.75
1671664500,4404.75,4405,4403,4403.25
1671664800,4403.25,4404,4402.75,4403.5
1671665100,4403.75,4404.25,4402.25,4403
1671665400,4403,4404.25,4402.5,4404
1671665700,4404,4406.25,4403.75,4406
1671666000,4406,4406.5,4404.5,4405
1671666300,4404.75,4404.75,4402.75,4403
1671666600,4403.25,4404.25,4402.5,4402.75
1671666900,4403,4404.25,4402.75,4403.75
1671667200,4404,4404,4400.75,4401.75
1671667500,4401.5,4403,4401.5,4402
1671667800,4402.25,4403.75,4402,4403.25
1671668100,4403.25,4403.5,4401.25,4401.75
1671668400,4402,4402.75,4400.25,4402.75
1671668700,4402.75,4403.25,4401.75,4402.75
1671669000,4402.25,4402.5,4400.5,4401.25
1671669300,4401.5,4401.5,4399.5,4400.25
1671669600,4400.5,4403,4400.5,4402.5
1671669900,4402.25,4405.75,4402,4405
1671670200,4405.25,4405.5,4403.5,4404
1671670500,4404.25,4405.75,4403.5,4405.5
1671670800,4405.5,4405.75,4404.25,4405
1671671100,4404.75,4405.75,4404,4405.25
1671671400,4405.5,4406.25,4403.75,4405.75
1671671700,4405.75,4407.75,4405.75,4406.5
1671672000,4406.5,4409.25,4405.5,4408.75
1671672300,4408.75,4409.25,4407.25,4407.75
1671672600,4407.5,4407.5,4406,4406.75
1671672900,4406.5,4407.75,4405.75,4407.5
1671673200,4407.5,4408.25,4406,4406
1671673500,4405.75,4407.25,4405.75,4407
1671673800,4407,4407.75,4406.75,4407.25
1671674100,4407.25,4408.25,4406.75,4408
1671674400,4408.25,4408.5,4407,4407.5
1671674700,4407.75,4409.5,4407.5,4408.25
1671675000,4408.25,4409.25,4408.25,4408.75
1671675300,4408.75,4409.75,4408,4409.5
1671675600,4409.5,4412,4409.5,4411
1671675900,4411,4411.5,4410.5,4411
1671676200,4410.75,4411.25,4409.25,4409.75
1671676500,4409.75,4410.75,4409,4410
1671676800,4410,4410,4408.75,4409.25
1671677100,4409,4410.25,4408.75,4409.5
1671677400,4409.5,4409.75,4408.75,4409.5
1671677700,4409.5,4410.25,4408.5,4408.75
1671678000,4408.75,4409.5,4408.5,4409
1671678300,4409,4409.5,4408.5,4409
1671678600,4408.75,4409,4407.25,4408
1671678900,4408,4408.75,4407.75,4408.25
1671679200,4408.5,4408.5,4407.25,4407.5
1671679500,4407.5,4407.75,4406.75,4407
1671679800,4407.25,4409,4407.25,4408.5
1671680100,4408.25,4409,4408,4408.75
1671680400,4408.5,4408.75,4408.25,4408.5
1671680700,4408.75,4409.25,4408.75,4408.75
1671681000,4409,4410,4409,4410
1671681300,4410,4411.25,4409.75,4409.75
1671681600,4410,4410,4409,4409.75
1671681900,4409.5,4409.75,4408.75,4409.75
1671682200,4409.75,4410.75,4409.5,4410.5
1671682500,4410.5,4411.5,4410.25,4410.75
1671682800,4410.5,4411.25,4410.5,4411
1671683100,4411.25,4411.25,4409.5,4409.75
1671683400,4410,4410.25,4409.25,4409.25
1671683700,4409.25,4410,4409,4409.5
1671684000,4409.25,4410.25,4409.25,4409.75
1671684300,4409.75,4411,4409.75,4410.75
1671684600,4410.75,4411.25,4410.25,4410.25
1671684900,4410.25,4410.5,4409.5,4410.25
1671685200,4410,4410.25,4409.5,4410
1671685500,4409.75,4409.75,4408.5,4409.25
1671685800,4409,4409.5,4408.75,4409.5
1671686100,4409.25,4409.5,4408.25,4408.75
1671686400,4408.75,4409.5,4408.5,4409
1671686700,4409,4409.75,4409,4409.5
1671687000,4409.5,4409.5,4408.75,4409.25
1671687300,4409,4410.25,4408.5,4409.5
1671687600,4409.5,4410.5,4409.5,4410.25
1671687900,4410.25,4410.5,4409.5,4410.25
1671688200,4410.5,4410.75,4409.75,4409.75
1671688500,4410,4410,4409,4409
1671688800,4409.25,4409.75,4408,4408.25
1671689100,4408,4409.75,4408,4409
1671689400,4408.75,4409.5,4408.5,4409.25
1671689700,4409.25,4409.75,4408.5,4409.25
1671690000,4409.5,4410,4408.25,4409.75
1671690300,4409.5,4409.75,4407.75,4408
1671690600,4408,4408.25,4407.5,4407.75
1671690900,4408,4408,4407,4407.75
1671691200,4407.75,4408.25,4407.25,4408.25
1671691500,4408,4408,4407.25,4407.25
1671691800,4407.5,4407.75,4406.5,4406.75
1671692100,4406.5,4407.25,4405.5,4407
1671692400,4407,4407,4404,4404.75
1671692700,4404.5,4405.25,4403,4403
1671693000,4403,4404.25,4402.25,4404.25
1671693300,4404.25,4406.75,4404.25,4406.5
1671693600,4406.5,4406.75,4405.75,4406.25
1671693900,4406.25,4407.25,4405.75,4406.25
1671694200,4406.25,4406.25,4404.75,4405
1671694500,4405,4406.5,4404.25,4406.25
1671694800,4406.25,4406.5,4405.25,4405.5
1671695100,4405.5,4406.25,4404.5,4405.5
1671695400,4405.5,4405.5,4404.25,4405
1671695700,4405,4405,4403.75,4403.75
1671696000,4403.75,4404.75,4402.5,4402.75
1671696300,4402.5,4405.75,4402.25,4405.5
1671696600,4405.25,4407.25,4404.5,4406.5
1671696900,4406.75,4411.25,4406.5,4411
1671697200,4411,4411.75,4408.75,4409.25
1671697500,4409.5,4410.5,4406.75,4406.75
1671697800,4407.25,4407.5,4405.5,4406.5
1671698100,4406.75,4406.75,4405,4405.25
1671698400,4405.25,4406.75,4404.5,4405.5
1671698700,4405.5,4406.25,4403.5,4404
1671699000,4404.25,4405.25,4403.75,4403.75
1671699300,4404,4405.25,4403.75,4405
1671699600,4405.25,4406,4404.75,4405.25
1671699900,4405,4405.75,4404,4404.5
1671700200,4404.25,4404.75,4403.5,4404.5
1671700500,4404.25,4404.5,4400.25,4401.5
1671700800,4401.5,4401.75,4400.5,4401
1671701100,4401,4402,4399.75,4400.75
1671701400,4400.75,4402,4399.75,4401.75
1671701700,4401.75,4403,4401.5,4402.75
1671702000,4403,4406.25,4402,4404.25
1671702300,4404,4404,4400.75,4401
1671702600,4401.25,4402,4400.25,4401.25
1671702900,4401.25,4401.5,4398,4398.5
1671703200,4398.5,4398.75,4396.25,4396.5
1671703500,4396.5,4398,4396,4396.75
1671703800,4397,4397,4394.25,4395.25
1671704100,4395,4395.75,4393.25,4394.5
1671704400,4394.5,4396.25,4394.25,4396
1671704700,4396.25,4397,4395.75,4396.25
1671705000,4396.25,4396.25,4393.5,4394
1671705300,4393.75,4396.25,4393.5,4396.25
1671705600,4396.25,4397.75,4395,4395
1671705900,4395.25,4397.25,4394.75,4396.5
1671706200,4396.25,4396.75,4394.5,4395.75
1671706500,4395.5,4396.25,4394.75,4395.5
1671706800,4395.5,4395.75,4394.25,4394.5
1671707100,4394.5,4394.5,4392.25,4392.5
1671707400,4392.25,4393,4391.25,4392.25
1671707700,4392.5,4393.25,4389,4389.5
1671708000,4389.5,4389.5,4387.25,4389.25
1671708300,4389,4389.25,4387.75,4388.5
1671708600,4388.75,4390.5,4388.75,4389.25
1671708900,4389,4391,4388,4391
1671709200,4390.75,4391,4389.75,4391
1671709500,4391,4392.25,4390,4390.5
1671709800,4390.25,4392,4390,4390.5
1671710100,4390.75,4392.75,4390.5,4391.75
1671710400,4391.75,4394.75,4391.75,4393.75
1671710700,4393.5,4394.75,4392.25,4393.5
1671711000,4393.75,4393.75,4390.5,4390.75
1671711300,4390.5,4390.75,4387.75,4387.75
1671711600,4388,4388.25,4384.25,4387.5
1671711900,4387.5,4388.75,4386.5,4388.75
1671712200,4388.5,4389,4387.75,4388.25
1671712500,4388.25,4388.25,4385.5,4386.25
1671712800,4386.25,4389,4385.5,4388.25
1671713100,4388.25,4388.75,4387.25,4387.25
1671713400,4387.5,4389.25,4385.5,4388.25
1671713700,4388.25,4389.25,4387.5,4388.5
1671714000,4388.75,4390.75,4388.25,4389.5
1671714300,4389.5,4391,4388.25,4390
1671714600,4390.25,4390.25,4386.5,4386.5
1671714900,4386.75,4389.75,4386.5,4389.5
1671715200,4389.5,4389.75,4384.75,4386.25
1671715500,4386.25,4388.5,4384.5,4385.75
1671715800,4385.25,4385.75,4377.25,4379.5
1671716100,4379.5,4380.25,4377.25,4378.5
1671716400,4378.5,4379.75,4369.75,4370.75
1671716700,4370.75,4372,4364,4365.75
1671717000,4365.5,4368.25,4364,4364.25
1671717300,4364,4366.5,4362.25,4365.75
1671717600,4365.75,4367.75,4362.75,4366.5
1671717900,4366.5,4366.75,4362.75,4364
1671718200,4364,4366,4363.75,4365.25
1671718500,4365,4366.5,4363,4363.5
1671718800,4363.25,4366,4363,4366
1671719100,4365.75,4365.75,4363.25,4364.5
1671719400,4364.75,4367.75,4350.5,4351.5
1671719700,4351.5,4355.75,4346,4347.25
1671720000,4347.25,4349.5,4344.5,4348
1671720300,4348,4350,4343.25,4345.5
1671720600,4345.25,4349,4344.5,4345.25
1671720900,4345.25,4349.75,4344.75,4349.75
1671721200,4349.5,4349.75,4335.75,4337.5
1671721500,4337.25,4340,4331.75,4334.75
1671721800,4334.75,4335.75,4327,4332.75
1671722100,4332.75,4335.5,4330,4334.5
1671722400,4334.25,4334.75,4329.5,4329.5
1671722700,4329.5,4333.75,4328.5,4328.5
1671723000,4328.5,4330,4323.5,4325.75
1671723300,4325.5,4327.5,4323.5,4325
1671723600,4325,4328.5,4322.75,4325.75
1671723900,4325.75,4331.75,4323.5,4329.5
1671724200,4329.25,4331.25,4327.25,4327.5
1671724500,4327.5,4328,4323.5,4324.5
1671724800,4324.5,4327.25,4321,4326.5
1671725100,4326.5,4329.75,4323.75,4324
1671725400,4323.75,4325.75,4319.75,4325
1671725700,4324.75,4328.25,4323.75,4324.5
1671726000,4324.5,4328.25,4323,4325.25
1671726300,4325.5,4326.5,4323.5,4325
1671726600,4325,4326.75,4322.25,4324.75
1671726900,4325,4326.75,4319.25,4319.75
1671727200,4319.75,4320.5,4315.5,4319.25
1671727500,4319.25,4319.75,4315.5,4317.25
1671727800,4317,4319.5,4315.5,4319.5
1671728100,4319.25,4320.75,4316.75,4320.25
1671728400,4320.25,4320.75,4317.75,4318.75
1671728700,4318.75,4319.5,4316.5,4318.75
1671729000,4318.75,4319.25,4314.75,4315.25
1671729300,4315.5,4317.75,4314.25,4315
1671729600,4314.75,4315.5,4306,4306.25
1671729900,4306.25,4307.25,4298.25,4300.25
1671730200,4300.5,4302.5,4298.25,4299.25
1671730500,4299,4300,4296.25,4298.5
1671730800,4298.5,4299.25,4294.25,4297.5
1671731100,4297.5,4299.5,4296,4299
1671731400,4298.75,4299.5,4297,4298.75
1671731700,4298.5,4299.5,4296.25,4298.5
1671732000,4298.75,4298.75,4288.75,4289.25
1671732300,4289,4291.5,4285.25,4288.5
1671732600,4288.25,4293.5,4288.25,4292.75
1671732900,4293,4293.25,4289,4290
1671733200,4290.25,4290.5,4286.75,4287.5
1671733500,4287.25,4289.75,4286.25,4288
1671733800,4288,4288,4280.75,4283
1671734100,4282.75,4289.5,4281,4289
1671734400,4289,4291.75,4287.5,4291.75
1671734700,4291.5,4292,4288,4289.75
1671735000,4290,4291,4287.5,4289
1671735300,4289,4290.75,4286,4288.25
1671735600,4288,4294,4287.75,4289.5
1671735900,4289.5,4293.25,4289.25,4290.25
1671736200,4290.25,4301.75,4290.25,4301
1671736500,4301,4301.25,4296.25,4296.5
1671736800,4296.75,4301.25,4291.75,4301
1671737100,4301,4306.5,4298.5,4305.5
1671737400,4305.25,4309,4302.5,4308.25
1671737700,4308.5,4309.5,4301.25,4303.25
1671738000,4303.25,4305.75,4300.75,4303.5
1671738300,4303.75,4309.75,4303.25,4309.75
1671738600,4310,4314,4307.25,4313.5
1671738900,4313.5,4319.5,4312.75,4318.25
1671739200,4318.25,4320.75,4315.5,4318.5
1671739500,4318.5,4325.25,4315.25,4324.75
1671739800,4324.75,4325,4318.5,4319.25
1671740100,4319.25,4328,4319,4327.25
1671740400,4327.5,4335.75,4327,4334.5
1671740700,4334.5,4337.75,4330.75,4336.75
1671741000,4336.75,4339,4331.25,4331.5
1671741300,4331.75,4333,4325.75,4329.25
1671741600,4329.25,4330.25,4323.25,4326.75
1671741900,4326.75,4332,4323.25,4331.25
1671742200,4331.25,4341.75,4331.25,4339.5
1671742500,4339.75,4343,4334.25,4342.25
1671742800,4342.25,4349,4342,4343.5
1671743100,4343.5,4344.25,4338.5,4338.75
1671743400,4339,4340.25,4335.75,4336.75
1671743700,4337,4340.25,4336.5,4338
1671744000,4338,4339,4337.25,4337.75
1671744300,4337.75,4337.75,4335.75,4336.25
1671744600,4336.25,4339.5,4336.25,4338.5
1671744900,4338.75,4340,4338,4339
1671745200,4339,4339.75,4336.75,4339
1671745500,4339,4339.5,4337.75,4338
1671745800,4338.25,4339,4337.5,4338.5
1671746100,4338.25,4340.25,4337.25,4340
1671750000,4342.25,4342.25,4339,4339.25
1671750300,4339.5,4342.25,4339.5,4342
1671750600,4342.25,4342.25,4341,4341.25
1671750900,4341.25,4342.25,4339.75,4340
1671751200,4340,4341,4338.25,4338.75
1671751500,4338.75,4340,4337.5,4339.25
1671751800,4339,4340.75,4338.5,4339.25
1671752100,4339.25,4340.25,4338.5,4339.75
1671752400,4340,4341,4339.25,4340.25
1671752700,4340.25,4341.75,4339,4341.5
1671753000,4341.25,4342,4340.25,4341.5
1671753300,4341.75,4342,4339.75,4340.75
1671753600,4340.75,4342.25,4339.25,4340.75
1671753900,4340.75,4341,4339.5,4340.5
1671754200,4340.5,4341.25,4338.25,4339.5
1671754500,4339.5,4339.75,4337.25,4338.5
1671754800,4338.75,4339,4337.25,4337.5
1671755100,4337.5,4338.75,4336.5,4336.75
1671755400,4336.75,4337.75,4335,4337.25
1671755700,4337.25,4339,4337.25,4337.75
1671756000,4337.75,4338,4335.5,4336
1671756300,4335.75,4336,4334.25,4335
1671756600,4334.75,4335.5,4333.75,4334.25
1671756900,4334.25,4334.5,4330.75,4331.75
1671757200,4331.75,4333.25,4330.75,4331
1671757500,4331,4332.25,4330,4332
1671757800,4332,4334,4331,4333.75
1671758100,4333.75,4336.25,4333.5,4336
1671758400,4336.25,4337,4335,4337
1671758700,4337.25,4340.25,4336.75,4338.75
1671759000,4339,4340,4338.75,4339.75
1671759300,4339.75,4341.5,4338.75,4339
1671759600,4339,4341.75,4338.75,4341.75
1671759900,4341.75,4345.75,4341.75,4345.25
1671760200,4345.25,4346.75,4344.75,4345.25
1671760500,4345.25,4346.25,4344.75,4345.75
1671760800,4345.5,4347,4345,4345.25
1671761100,4345.25,4346,4345,4345.5
1671761400,4345.5,4346,4342.75,4343.25
1671761700,4343.25,4344.25,4343,4344
1671762000,4344.25,4347,4343.5,4346.75
1671762300,4346.5,4348.75,4346.5,4347.5
1671762600,4347.5,4349,4347.25,4348
1671762900,4348,4348,4346.5,4346.75
1671763200,4346.75,4348.75,4346.5,4348.5
1671763500,4348.5,4348.75,4347.25,4347.25
1671763800,4347,4347,4345.25,4345.25
1671764100,4345.5,4346,4343.5,4343.75
1671764400,4343.75,4346.75,4343.75,4345.75
1671764700,4345.75,4345.75,4344.5,4345.5
1671765000,4345.25,4345.75,4343.75,4344.5
1671765300,4344.75,4346,4344.25,4345.25
1671765600,4345.5,4348.75,4345.5,4348.75
1671765900,4348.5,4348.5,4346.5,4347.25
1671766200,4347.5,4347.75,4346.5,4346.5
1671766500,4346.75,4348,4346.25,4347.75
1671766800,4348,4348.75,4347.25,4348.5
1671767100,4348.5,4351.25,4348.5,4350.75
1671767400,4350.75,4351,4349,4349.25
1671767700,4349.25,4350.75,4349.25,4350
1671768000,4350,4350,4348.75,4348.75
1671768300,4349,4350.25,4349,4350.25
1671768600,4350.25,4350.25,4349.25,4349.25
1671768900,4349.5,4349.75,4348,4348.5
1671769200,4348.5,4349.25,4347.75,4348.25
1671769500,4348.5,4348.75,4347.75,4348
1671769800,4348,4348.25,4347,4347.25
1671770100,4347.25,4348.25,4347,4347
1671770400,4347.25,4348,4347.25,4348
1671770700,4348.25,4348.25,4347,4347
1671771000,4346.75,4347,4345.25,4346
1671771300,4346.25,4346.25,4344.75,4345.25
1671771600,4345.5,4346.75,4344.5,4346.5
1671771900,4346.25,4347.75,4345.75,4347
1671772200,4347,4347.25,4345,4345.25
1671772500,4345.25,4346.75,4345.25,4346.5
1671772800,4346.25,4347.25,4346.25,4346.75
1671773100,4347,4348.75,4347,4348.5
1671773400,4348.25,4348.5,4345.5,4346
1671773700,4346,4346.25,4344.5,4346
1671774000,4346,4348,4345.5,4347.75
1671774300,4347.75,4348,4345.25,4345.5
1671774600,4345.75,4346.25,4344.25,4344.25
1671774900,4344,4344.75,4344,4344.25
1671775200,4344.5,4345,4342.75,4343
1671775500,4343,4344.25,4343,4343.75
1671775800,4343.5,4344.25,4343,4343.5
1671776100,4343.25,4344.25,4343,4343
1671776400,4343,4343.25,4341.5,4341.5
1671776700,4341.5,4341.75,4340,4341.5
1671777000,4341.5,4343.5,4341.5,4342.75
1671777300,4343,4343.5,4342.75,4343.5
1671777600,4343.5,4345.5,4343.25,4345.5
1671777900,4345.5,4346.5,4345.25,4346
1671778200,4346,4347,4345.25,4345.75
1671778500,4346,4347.25,4345.25,4345.25
1671778800,4345.5,4347.75,4343.75,4347.25
1671779100,4347.25,4347.75,4346.25,4346.25
1671779400,4346,4347.25,4345.25,4345.75
1671779700,4345.75,4347,4343.25,4344.75
1671780000,4344.5,4345.75,4342.5,4343
1671780300,4343.25,4344.5,4342.25,4343.75
1671780600,4343.75,4344.5,4343,4344
1671780900,4344.25,4345.75,4344.25,4345.75
1671781200,4345.75,4346,4344.5,4344.75
1671781500,4344.5,4345.75,4344.5,4344.75
1671781800,4345,4345.75,4344.75,4345.25
1671782100,4345.25,4345.5,4343.5,4343.5
1671782400,4343.5,4347.75,4342,4345
1671782700,4345,4345,4339.25,4340.5
1671783000,4340.5,4343.5,4340.5,4342
1671783300,4342.25,4342.25,4338,4340
1671783600,4340.25,4342.75,4338.25,4339.75
1671783900,4340,4344,4340,4342.25
1671784200,4342.5,4342.5,4338.25,4339.5
1671784500,4339.75,4344,4339.25,4343.25
1671784800,4343.25,4345,4341.75,4342.5
1671785100,4342.25,4343.25,4341,4343.25
1671785400,4343,4343.5,4341.25,4341.75
1671785700,4341.75,4345,4341.25,4344.5
1671786000,4344.5,4345.5,4342.5,4342.75
1671786300,4342.75,4344.75,4342.75,4344.5
1671786600,4344.25,4344.25,4339.75,4339.75
1671786900,4340,4340,4337.25,4339.25
1671787200,4339.5,4340,4337.75,4339.5
1671787500,4339.25,4339.75,4337.5,4338.5
1671787800,4338.5,4341.5,4338,4341.25
1671788100,4341.25,4341.25,4338.75,4339.75
1671788400,4339.75,4341.5,4339.75,4339.75
1671788700,4339.75,4343.75,4339.75,4343.5
1671789000,4343.25,4344,4342,4343.75
1671789300,4344,4344,4342.25,4343
1671789600,4343,4344.5,4341.5,4342
1671789900,4342,4344,4342,4344
1671790200,4343.75,4343.75,4342.75,4343.25
1671790500,4343.5,4346.75,4343.5,4346.5
1671790800,4346.75,4348.25,4346.5,4347.75
1671791100,4347.75,4350.25,4347.75,4350.25
1671791400,4350.5,4352,4349.75,4351
1671791700,4351.25,4354.75,4351.25,4353.5
1671792000,4353.25,4353.75,4351.75,4352
1671792300,4352.25,4355,4352.25,4355
1671792600,4354.75,4356.25,4354,4355.75
1671792900,4355.75,4356,4353.5,4354
1671793200,4354,4358.25,4354,4357.25
1671793500,4357.25,4358.25,4355.5,4355.5
1671793800,4355.75,4356.25,4353.75,4355.25
1671794100,4355,4355.25,4352.5,4353
1671794400,4353,4354,4350.5,4351
1671794700,4351,4352,4350.5,4350.75
1671795000,4350.75,4351.75,4348.75,4349
1671795300,4348.75,4350.25,4348,4349.25
1671795600,4349,4349.25,4347.5,4348.75
1671795900,4348.5,4350.5,4348,4349.25
1671796200,4349,4349.75,4347.75,4348.25
1671796500,4348.25,4348.5,4345.5,4347.25
1671796800,4347.25,4347.75,4345.5,4347.5
1671797100,4347.5,4347.5,4344.5,4345.5
1671797400,4345.25,4346.75,4345.25,4345.75
1671797700,4345.75,4348.5,4345.75,4348.25
1671798000,4348.25,4350.75,4348.25,4350.25
1671798300,4350,4350.5,4348.75,4350
1671798600,4350,4351.5,4349,4350.5
1671798900,4350.5,4350.5,4348.25,4348.5
1671799200,4348.5,4349.5,4347.75,4348
1671799500,4348,4350.25,4348,4350
1671799800,4349.75,4350.75,4349,4350.25
1671800100,4350.25,4351,4349.5,4350
1671800400,4350.25,4353,4350,4352.25
1671800700,4352.25,4353.5,4350.25,4351.25
1671801000,4351.25,4352,4350.5,4351.75
1671801300,4352,4353.5,4351.75,4352.5
1671801600,4352.75,4354.25,4352.25,4354
1671801900,4353.75,4354.25,4340.5,4340.5
1671802200,4333.75,4353.5,4322.75,4331
1671802500,4331.25,4358,4327.75,4352.25
1671802800,4352.25,4363.75,4347,4361.25
1671803100,4361.25,4363.25,4352.5,4352.5
1671803400,4352.5,4355.75,4339.5,4343.75
1671803700,4343.5,4346,4339.25,4341.25
1671804000,4341,4343.5,4331,4331.25
1671804300,4331.25,4340.25,4331,4338.25
1671804600,4338.25,4338.75,4334.5,4338.75
1671804900,4338.75,4340.25,4333.5,4334
1671805200,4334,4336.75,4331.75,4334.75
1671805500,4334.75,4334.75,4329.5,4330.25
1671805800,4330.25,4347,4329.75,4333
1671806100,4333,4334.5,4317,4317.25
1671806400,4317.25,4337.25,4316.5,4329.25
1671806700,4329.25,4330,4316.75,4321.25
1671807000,4321.25,4325.75,4317.5,4318.5
1671807300,4318.75,4319.75,4313.5,4318
1671807600,4318.5,4336.75,4315.25,4322.25
1671807900,4322,4331.5,4315.75,4328.75
1671808200,4328.5,4337,4327.75,4329.75
1671808500,4330,4349,4326.5,4348
1671808800,4348.25,4348.75,4342.75,4347.75
1671809100,4347.5,4352,4343.25,4347.75
1671809400,4348,4355.5,4347,4355
1671809700,4355.25,4360.5,4351.75,4360.5
1671810000,4360.5,4360.75,4353.75,4354.25
1671810300,4354.25,4355,4346.25,4349.5
1671810600,4349.5,4349.75,4341.5,4344.5
1671810900,4344.25,4349,4339.5,4341.5
1671811200,4341.75,4344,4333.5,4335.25
1671811500,4335.25,4337.5,4334,4337
1671811800,4337,4345.25,4337,4342
1671812100,4342,4345.75,4339.5,4343.5
1671812400,4343.5,4348.25,4341,4344.75
1671812700,4345,4348,4341,4342.75
1671813000,4343,4346.75,4341.5,4342.25
1671813300,4342.25,4351,4342.25,4350
1671813600,4350,4355,4348,4348.75
1671813900,4348.5,4350.5,4345.25,4349.75
1671814200,4350,4352.5,4345.25,4346.5
1671814500,4346.25,4350,4345,4349.75
1671814800,4349.75,4355,4348.75,4352
1671815100,4352,4353.25,4347.25,4349.25
1671815400,4349.25,4352.75,4347.75,4351.25
1671815700,4351.25,4354.5,4349.75,4353.5
1671816000,4353.25,4360.75,4352.25,4358.75
1671816300,4359,4359.25,4354.75,4355
1671816600,4355,4359,4355,4358.75
1671816900,4358.75,4362.25,4356,4356.25
1671817200,4356.5,4358.5,4350,4351.25
1671817500,4351.5,4355.25,4349.25,4350.25
1671817800,4350,4352.75,4349.25,4349.75
1671818100,4350,4353.5,4349.5,4352.25
1671818400,4352.25,4356,4350.75,4355
1671818700,4355,4357,4353.25,4356.5
1671819000,4356.5,4357.75,4349.5,4349.5
1671819300,4349.5,4355.75,4349.25,4354
1671819600,4354.25,4356.5,4352.5,4353.25
1671819900,4353.25,4355.25,4352,4354.5
1671820200,4354.5,4357.5,4354.5,4357.25
1671820500,4357,4358.25,4353.75,4355
1671820800,4355,4356.75,4351,4351.75
1671821100,4351.75,4352.5,4344,4350.75
1671821400,4350.75,4352.5,4349,4351
1671821700,4351,4351.75,4347.75,4348.75
1671822000,4348.75,4349.75,4344.25,4345.25
1671822300,4345.25,4349.25,4344.75,4346
1671822600,4346,4350.75,4345.75,4349.75
1671822900,4349.75,4354.25,4348.75,4352.75
1671823200,4353,4354,4347.5,4349.25
1671823500,4349,4353,4348.75,4351
1671823800,4351,4355.5,4351,4354
1671824100,4354.25,4357.5,4353.25,4357.25
1671824400,4357,4357.75,4353.25,4354.5
1671824700,4354.5,4355.75,4351.75,4352.75
1671825000,4353,4357.5,4352.5,4357.25
1671825300,4357.25,4360.25,4356.5,4359.5
1671825600,4359.5,4364.75,4358.25,4359.5
1671825900,4359.25,4359.75,4355.75,4357.75
1671826200,4358,4361.5,4357.25,4359
1671826500,4359,4362.75,4358.75,4360
1671826800,4360.25,4361,4355.25,4355.75
1671827100,4355.5,4357.25,4353.25,4355
1671827400,4355,4356.5,4351,4352.5
1671827700,4352.5,4353.25,4350,4351
1671828000,4351,4357,4350.75,4356.25
1671828300,4356.25,4360.75,4355.5,4360
1671828600,4360,4363.5,4354,4361.5
1671828900,4361.5,4364,4360,4363.5
1671829200,4363.25,4364.25,4361.25,4362.25
1671829500,4362.25,4362.75,4360.75,4361
1671829800,4361,4362,4360.5,4361.5
1671830100,4361.25,4362.25,4361,4361.75
1671830400,4362,4362,4361.25,4361.25
1671830700,4361.5,4361.75,4360.5,4361.5
1671831000,4361.75,4362.5,4361.75,4361.75
1671831300,4361.75,4362.5,4361.25,4362
1671831600,4361.75,4362,4360.75,4361.25
1671831900,4361.25,4361.25,4360.5,4360.5
1671832200,4360.75,4361.75,4360.25,4361.5
1671832500,4361.5,4361.75,4360.25,4360.5
1672095600,4370.25,4380.25,4369.25,4377
1672095900,4377,4379,4374.5,4378
1672096200,4378.25,4380,4377.25,4379.75
1672096500,4379.75,4379.75,4377.5,4378.5
1672096800,4378.5,4383,4378.25,4382.25
1672097100,4382.5,4383.5,4380.75,4382
1672097400,4382,4385.25,4381.5,4385
1672097700,4385,4386.5,4383.75,4384
1672098000,4384.25,4384.75,4383.5,4384.75
1672098300,4384.75,4386,4383.5,4385.75
1672098600,4385.75,4387.5,4385.25,4386
1672098900,4385.75,4386.25,4384.75,4386
1672099200,4386,4386.75,4384.5,4384.5
1672099500,4384.5,4385.5,4384.25,4384.5
1672099800,4384.25,4386.25,4383.75,4385.75
1672100100,4385.75,4386,4384,4384.25
1672100400,4384,4385.25,4383.5,4385
1672100700,4384.75,4386.25,4384.25,4385
1672101000,4385,4385.25,4383.75,4385
1672101300,4384.75,4386.5,4384.25,4384.5
1672101600,4384.75,4384.75,4382.5,4382.75
1672101900,4382.75,4383.25,4381.5,4382
1672102200,4382,4384.5,4382,4383
1672102500,4383,4383.75,4382.75,4383
1672102800,4383,4384.25,4382.5,4384.25
1672103100,4384.25,4388.5,4384,4388.25
1672103400,4388.25,4390,4386.75,4389
1672103700,4389,4389.5,4387.5,4388
1672104000,4388,4388.75,4387.25,4388.25
1672104300,4388.25,4388.75,4387.25,4388.25
1672104600,4388.25,4388.25,4386.25,4386.5
1672104900,4386.5,4388,4386.5,4387.25
1672105200,4387.5,4387.75,4385.5,4386.5
1672105500,4386.75,4388.5,4386.75,4388
1672105800,4388.25,4390.75,4387.25,4390.25
1672106100,4390.5,4391.75,4390.25,4391
1672106400,4391,4392.75,4390,4391.75
1672106700,4392,4392.25,4390.5,4390.75
1672107000,4390.5,4391,4389.5,4389.75
1672107300,4389.5,4390.25,4389.25,4390
1672107600,4390,4391,4389.5,4389.5
1672107900,4389.5,4390.75,4389.25,4390.75
1672108200,4390.75,4392.75,4390.5,4390.5
1672108500,4390.5,4390.75,4389.5,4389.75
1672108800,4389.75,4391,4389.5,4390
1672109100,4390,4391.25,4390,4390.25
1672109400,4390.25,4390.25,4389.75,4390.25
1672109700,4390.25,4390.25,4389.75,4390.25
1672110000,4390.25,4390.5,4388.25,4388.25
1672110300,4388.5,4388.75,4387.75,4387.75
1672110600,4387.75,4388.25,4386,4386.5
1672110900,4386.25,4387.25,4386,4387
1672111200,4387,4387.5,4386.75,4387.5
1672111500,4387.5,4388.5,4387.25,4387.75
1672111800,4388,4388,4386.25,4386.75
1672112100,4387,4387,4385.75,4386.25
1672112400,4386.25,4386.75,4386.25,4386.5
1672112700,4386.25,4387.25,4386.25,4386.5
1672113000,4386.5,4387.25,4386.5,4387
1672113300,4386.75,4386.75,4385.5,4386
1672113600,4385.75,4386.5,4385.5,4386
1672113900,4386,4386,4385.25,4385.25
1672114200,4385.25,4386,4385,4385
1672114500,4384.75,4385.5,4384.5,4385
1672114800,4385,4386.25,4385,4386
1672115100,4386,4386.75,4386,4386.75
1672115400,4386.5,4386.5,4385.5,4386
1672115700,4385.75,4386.25,4385.5,4386
1672116000,4386,4386,4385,4385
1672116300,4385,4385.75,4385,4385.5
1672116600,4385.75,4386.75,4385.5,4386.75
1672116900,4386.75,4387.5,4386.5,4387.25
1672117200,4387.25,4387.5,4386.5,4387
1672117500,4386.75,4387.25,4386.5,4386.5
1672117800,4386.5,4387,4386.25,4386.5
1672118100,4386.5,4387.5,4386.25,4387.25
1672118400,4387.25,4388,4387.25,4387.75
1672118700,4387.5,4387.5,4386.25,4386.25
1672119000,4386.25,4386.75,4385.5,4386.5
1672119300,4386.5,4387.25,4386.5,4386.75
1672119600,4386.75,4387.5,4386.75,4387
1672119900,4387.25,4388.25,4386.75,4387.5
1672120200,4387.5,4387.5,4386.5,4387
1672120500,4387,4387.5,4386.5,4387
1672120800,4387,4387.25,4385.5,4385.5
1672121100,4385.25,4386.25,4384,4385
1672121400,4385,4385,4383.5,4384.25
1672121700,4384.5,4385.25,4384.5,4384.75
1672122000,4384.75,4386,4384.5,4385.5
1672122300,4385.5,4386.25,4385.25,4386.25
1672122600,4386.25,4386.75,4385.25,4386.5
1672122900,4386.75,4387,4386,4386.25
1672123200,4386.25,4386.25,4385.25,4385.75
1672123500,4385.75,4387,4385.25,4387
1672123800,4387,4387.5,4386.75,4387
1672124100,4387.25,4387.75,4386.5,4387.25
1672124400,4387.5,4387.5,4382.25,4382.75
1672124700,4382.75,4384.75,4382.25,4384.5
1672125000,4384.5,4384.75,4383.25,4384
1672125300,4384,4384.5,4383.5,4383.75
1672125600,4383.75,4386,4383.5,4385.5
1672125900,4385.5,4385.75,4384.25,4385.75
1672126200,4386,4387,4385,4386.25
1672126500,4386.25,4387.25,4385.75,4386
1672126800,4386,4386.25,4384.5,4385.75
1672127100,4385.5,4387,4385.5,4386
1672127400,4385.75,4388.25,4385.5,4387.25
1672127700,4387.25,4388.5,4386.75,4387
1672128000,4387,4390,4386.5,4389
1672128300,4389,4391.75,4388.75,4391.25
1672128600,4391.25,4392.25,4390,4390.75
1672128900,4391,4392.75,4390.25,4392
1672129200,4392.25,4392.75,4391,4391.75
1672129500,4391.75,4392,4389.5,4390.75
1672129800,4390.75,4391.25,4388.75,4389.25
1672130100,4389,4390.5,4388.5,4389.25
1672130400,4389.25,4392,4389,4390.5
1672130700,4390.75,4391.5,4389.75,4391.5
1672131000,4391.5,4391.75,4389.75,4390
1672131300,4390,4390.25,4387,4387
1672131600,4387,4387.25,4383.25,4383.75
1672131900,4384,4384.75,4383.5,4384
1672132200,4383.75,4386,4383.5,4384.5
1672132500,4384.25,4384.5,4380,4381
1672132800,4381,4383.5,4381,4383.5
1672133100,4383.5,4385.5,4383.25,4384.75
1672133400,4385,4386.75,4384.5,4386.5
1672133700,4386.75,4386.75,4385.25,4386.5
1672134000,4386.5,4388,4386.25,4387.5
1672134300,4387.75,4388.25,4386,4387
1672134600,4387.25,4389.5,4387.25,4389.25
1672134900,4389,4389.5,4388.25,4388.75
1672135200,4388.75,4390,4388.25,4389.75
1672135500,4389.5,4389.75,4387.75,4389.5
1672135800,4389.5,4390.75,4388,4390.75
1672136100,4390.75,4391.25,4389.5,4390
1672136400,4390,4390,4388.5,4388.5
1672136700,4388.5,4391.25,4388,4391
1672137000,4391,4391.5,4389.75,4390
1672137300,4390.25,4390.5,4389.25,4390.25
1672137600,4390.25,4390.25,4388.25,4388.5
1672137900,4388.5,4390,4388,4388.5
1672138200,4388.5,4389,4388,4389
1672138500,4389,4389,4388,4388.25
1672138800,4388.25,4389,4387.25,4388.75
1672139100,4388.5,4389.25,4387,4387.5
1672139400,4387.5,4387.5,4385.25,4386.25
1672139700,4386.5,4388,4386.25,4388
1672140000,4388,4389,4387,4388.5
1672140300,4388.5,4389,4387.75,4387.75
1672140600,4388,4388.75,4386.75,4387
1672140900,4387,4387.25,4386.25,4387.25
1672141200,4387.5,4387.5,4385.5,4387
1672141500,4387,4388.25,4386.75,4388
1672141800,4388,4388.75,4387.25,4388.25
1672142100,4388.25,4388.5,4386.25,4386.5
1672142400,4386.5,4387,4385.25,4385.25
1672142700,4385.25,4385.5,4382.25,4383
1672143000,4382.75,4384.5,4382.5,4384.5
1672143300,4384.25,4385.5,4384,4384.5
1672143600,4384.5,4385.5,4384.25,4384.75
1672143900,4384.75,4385,4381.25,4381.25
1672144200,4381.25,4382.25,4378.75,4380
1672144500,4380,4381.25,4379.25,4380.75
1672144800,4381,4381.75,4378.75,4380.75
1672145100,4380.5,4382.25,4380.25,4380.75
1672145400,4380.5,4381.5,4376.75,4377.25
1672145700,4377.25,4379,4375.75,4378.25
1672146000,4378.25,4378.75,4374.75,4375.75
1672146300,4375.75,4376.25,4374.25,4376
1672146600,4375.75,4378.25,4375.5,4377.5
1672146900,4377.5,4379.25,4377.25,4379.25
1672147200,4379.25,4381.5,4378.25,4381.25
1672147500,4381.25,4381.75,4379.75,4380.75
1672147800,4380.5,4381,4376,4376.5
1672148100,4376.25,4376.5,4370.75,4371.25
1672148400,4371.25,4371.25,4365.5,4366
1672148700,4365.75,4367,4363.5,4365
1672149000,4365,4367,4363.75,4366.75
1672149300,4366.5,4367.5,4363.75,4364
1672149600,4364,4367,4363,4365.25
1672149900,4365.25,4367.75,4364.25,4365.25
1672150200,4365,4365,4362.25,4363
1672150500,4363,4365.5,4362.5,4365
1672150800,4365,4367.5,4365,4366
1672151100,4366,4366.5,4361.25,4361.75
1672151400,4362,4364.25,4351.75,4353.25
1672151700,4353.5,4353.75,4341.25,4347.5
1672152000,4347.75,4348.5,4342.5,4346
1672152300,4346,4346.25,4333.5,4338.75
1672152600,4338.75,4342.25,4335.5,4340.75
1672152900,4340.5,4342.5,4337.5,4338.5
1672153200,4338.5,4338.75,4329.5,4337.25
1672153500,4337.25,4339.75,4336,4338
1672153800,4338,4346.75,4334.75,4345.75
1672154100,4345.75,4357.75,4342.25,4354.25
1672154400,4354,4363.5,4353.75,4358.75
1672154700,4358.75,4362.25,4355.25,4357.75
1672155000,4357.75,4361.25,4352.5,4360
1672155300,4360.25,4360.75,4356.5,4360.5
1672155600,4360.25,4362.5,4357.5,4359.25
1672155900,4359,4365.25,4359,4362.5
1672156200,4362.5,4362.75,4357,4357.5
1672156500,4357.5,4358.25,4351.5,4352.75
1672156800,4353,4356.25,4351.25,4354.5
1672157100,4354.5,4357,4349.5,4356.75
1672157400,4356.75,4357.5,4354,4355.5
1672157700,4355.25,4357.5,4351.75,4352.5
1672158000,4352.5,4358,4349.5,4357.75
1672158300,4357.5,4357.5,4353,4357
1672158600,4357,4360.5,4352.75,4354.25
1672158900,4354.5,4359,4353,4358.75
1672159200,4358.75,4362,4356,4361.25
1672159500,4361.25,4362.75,4358.25,4359.5
1672159800,4359.75,4359.75,4356.5,4357.25
1672160100,4357.5,4360.5,4355.75,4356.75
1672160400,4356.75,4360.75,4356.5,4359.75
1672160700,4359.5,4360.75,4357,4358
1672161000,4358,4365,4358,4363.25
1672161300,4363.25,4363.25,4358,4359.75
1672161600,4360,4360,4354.25,4356.75
1672161900,4356.75,4357.5,4354,4354.75
1672162200,4354.75,4357,4354.5,4356
1672162500,4355.75,4357.5,4355.25,4356.75
1672162800,4356.75,4357.75,4351,4351.5
1672163100,4351.5,4351.75,4348,4349.25
1672163400,4349,4352.75,4348.25,4351.75
1672163700,4351.75,4355,4350.75,4354.25
1672164000,4354.5,4358.5,4353.5,4356.75
1672164300,4357,4360,4355.5,4357.75
1672164600,4357.75,4358.5,4356.5,4357.75
1672164900,4357.75,4358.5,4354.75,4355
1672165200,4355,4355.5,4353,4355.25
1672165500,4355.25,4355.5,4352.5,4353.25
1672165800,4353.25,4353.25,4350.5,4351.75
1672166100,4351.75,4354,4351.5,4352
1672166400,4352.25,4354,4350.75,4352
1672166700,4352,4352.25,4349,4352
1672167000,4352,4352.25,4346.75,4348.5
1672167300,4348.25,4348.75,4343.25,4345
1672167600,4345.25,4350.25,4344,4349.5
1672167900,4349.5,4349.75,4346.25,4347.5
1672168200,4347.5,4348.75,4345.25,4346.75
1672168500,4346.75,4347,4342.25,4343
1672168800,4343,4345,4341.25,4344.25
1672169100,4344.25,4345.75,4339.5,4340.75
1672169400,4340.5,4343.25,4339.5,4343
1672169700,4343,4343.5,4340,4340.5
1672170000,4340.25,4341,4338,4340.75
1672170300,4340.75,4346.5,4340.75,4346.25
1672170600,4346.25,4348.25,4345,4346.5
1672170900,4346.5,4348,4344,4346.5
1672171200,4346.75,4349.5,4344.5,4345.75
1672171500,4345.75,4351.25,4345.25,4350.5
1672171800,4350.5,4352,4348.5,4351.5
1672172100,4351.5,4354.5,4350.75,4350.75
1672172400,4350.5,4353.25,4349.75,4352.5
1672172700,4352.5,4354,4351.25,4353
1672173000,4353.25,4356.25,4351.5,4353.75
1672173300,4354,4357,4353.25,4356.25
1672173600,4356,4356.5,4353,4353
1672173900,4353,4353.25,4350.5,4352.25
1672174200,4352.25,4352.25,4345.75,4348.75
1672174500,4348.75,4349.75,4344.25,4348
1672174800,4348,4351.75,4347.5,4348
1672175100,4348,4349.75,4347.25,4349.5
1672175400,4349.25,4350.5,4348.75,4349.75
1672175700,4349.5,4350.75,4349.25,4349.75
1672176000,4349.75,4351,4349.75,4350.25
1672176300,4350.5,4350.5,4349.25,4349.75
1672176600,4350,4350,4349.25,4349.5
1672176900,4349.25,4349.5,4348,4348.5
1672177200,4348.5,4348.5,4348,4348.25
1672177500,4348.5,4349,4348,4348.75
1672177800,4349,4349.25,4348,4348.75
1672178100,4348.75,4349,4348.25,4348.25
1672182000,4350.25,4350.25,4347.25,4349
1672182300,4349,4350,4349,4349.25
1672182600,4349.25,4350,4349.25,4350
1672182900,4350.25,4352,4350.25,4351.5
1672183200,4351.75,4352,4350.75,4351.25
1672183500,4351.25,4351.5,4350.25,4350.5
1672183800,4350.75,4352,4350.25,4350.5
1672184100,4350.75,4351,4348.75,4349
1672184400,4349.25,4350.25,4348,4348
1672184700,4348,4348.5,4347.25,4347.75
1672185000,4347.75,4348,4346.5,4346.75
1672185300,4347,4348,4346.5,4347.25
1672185600,4347.75,4351,4347.75,4350.25
1672185900,4350.25,4350.25,4345.75,4346.75
1672186200,4346.75,4347.75,4346.25,4347.75
1672186500,4347.5,4347.75,4345.25,4347.5
1672186800,4347.5,4348.25,4345.25,4345.25
1672187100,4345.25,4346.25,4344.75,4346
1672187400,4346,4346.5,4343.5,4345
1672187700,4345,4347,4344.5,4347
1672188000,4346.75,4348,4346.25,4347.25
1672188300,4347.25,4347.25,4345.25,4345.5
1672188600,4345.75,4346.25,4343,4345.25
1672188900,4345.5,4345.75,4344.25,4344.5
1672189200,4344.25,4346,4343.5,4345.75
1672189500,4345.75,4345.75,4343.5,4344
1672189800,4343.75,4345,4343.25,4344.25
1672190100,4344.25,4345.75,4343.75,4345.5
1672190400,4345.5,4346.25,4345,4345.25
1672190700,4345.25,4347.75,4345.25,4347
1672191000,4347,4349.5,4347,4349.25
1672191300,4349.25,4351,4349.25,4350.25
1672191600,4350,4350.5,4349,4350
1672191900,4350,4350,4349,4349.75
1672192200,4349.75,4351.5,4349.75,4351
1672192500,4350.75,4353.25,4350.75,4352.75
1672192800,4352.5,4353,4350.5,4351.5
1672193100,4351.5,4352.75,4351.25,4351.25
1672193400,4351.5,4352,4350.5,4351.5
1672193700,4351.5,4352.75,4350.75,4352.25
1672194000,4352.25,4353.75,4352,4353
1672194300,4353,4353,4351,4351.75
1672194600,4351.75,4352.5,4350.25,4350.25
1672194900,4350.25,4351,4349.25,4350
1672195200,4350,4351.25,4350,4350.5
1672195500,4350.75,4351.5,4350.25,4351.25
1672195800,4351.25,4351.5,4349.5,4350
1672196100,4350,4350,4347.75,4348
1672196400,4347.75,4348.75,4347.75,4348
1672196700,4348,4348.75,4346.75,4348
1672197000,4348,4349.25,4347.5,4349.25
1672197300,4349.25,4349.75,4347.25,4348.75
1672197600,4349,4351,4348.75,4350.5
1672197900,4350.25,4350.5,4349.25,4349.25
1672198200,4349.25,4350,4348.5,4349.75
1672198500,4349.75,4350.5,4349.5,4349.5
1672198800,4349.25,4350.5,4349.25,4350
1672199100,4349.75,4351,4349.75,4350
1672199400,4350,4350.75,4349.25,4349.5
1672199700,4349.75,4350,4348.75,4348.75
1672200000,4349,4351,4349,4349.75
1672200300,4349.75,4349.75,4348.75,4348.75
1672200600,4348.75,4349.5,4348.5,4349.25
1672200900,4349,4350.5,4348.75,4349.75
1672201200,4350,4350.5,4349.5,4349.5
1672201500,4349.75,4350.25,4349.5,4350.25
1672201800,4350.25,4350.75,4349.5,4350.5
1672202100,4350.5,4350.5,4348.75,4349
1672202400,4349.25,4350,4348.75,4350
1672202700,4349.75,4351,4349.75,4350
1672203000,4350,4350.5,4349.75,4350.25
1672203300,4350.5,4351.25,4350.25,4351
1672203600,4351,4352.5,4350.25,4350.5
1672203900,4350.75,4351.75,4350.75,4351
1672204200,4351.25,4351.5,4350.5,4350.75
1672204500,4350.75,4350.75,4348.75,4349
1672204800,4349,4349.75,4348.25,4349.5
1672205100,4349.5,4350.5,4349.5,4350
1672205400,4350,4350.25,4349.25,4349.75
1672205700,4349.75,4350,4348.25,4348.75
1672206000,4348.5,4349,4348.25,4348.5
1672206300,4348.5,4348.5,4346.75,4347
1672206600,4347.25,4348,4347,4347.5
1672206900,4347.5,4348.25,4346.75,4347.5
1672207200,4347.75,4348.25,4346.75,4347.5
1672207500,4347.5,4348,4346.75,4347.25
1672207800,4347.25,4348.5,4347.25,4348
1672208100,4348,4348.5,4347.75,4347.75
1672208400,4348,4349.5,4348,4349.5
1672208700,4349.5,4351,4349.25,4350.25
1672209000,4350,4350.75,4349.5,4350.5
1672209300,4350.5,4350.75,4350,4350.5
1672209600,4350.5,4350.5,4349.25,4349.75
1672209900,4350,4351,4350,4351
1672210200,4351,4351.25,4350.25,4350.75
1672210500,4351,4355.75,4351,4355.75
1672210800,4355.75,4356.75,4354.75,4355.25
1672211100,4355,4357.5,4354.5,4357.25
1672211400,4357.5,4358.5,4356.25,4358
1672211700,4357.75,4358.75,4356.75,4357.25
1672212000,4357.25,4357.75,4356,4357
1672212300,4356.75,4357.75,4356.5,4357.25
1672212600,4357.25,4359.25,4357.25,4357.5
1672212900,4357.5,4357.75,4356,4356.25
1672213200,4356.25,4356.5,4355.25,4355.5
1672213500,4355.5,4357,4355.25,4355.75
1672213800,4355.75,4356.25,4355.25,4356.25
1672214100,4356.5,4358.75,4355.75,4358.5
1672214400,4358.25,4360,4357.5,4359.5
1672214700,4359.5,4359.5,4356.75,4357
1672215000,4357.25,4359,4356.25,4356.5
1672215300,4356.75,4360.75,4356.75,4360.25
1672215600,4360.5,4361.75,4358.75,4359
1672215900,4359.25,4360.25,4358,4359
1672216200,4359,4360,4357.5,4359
1672216500,4359,4359.5,4357.5,4357.75
1672216800,4357.75,4358.25,4355.25,4355.5
1672217100,4355.5,4356.25,4353.75,4354.25
1672217400,4354.25,4355.25,4353.25,4354
1672217700,4354,4354.5,4352.5,4352.5
1672218000,4352.5,4353.75,4351.25,4351.75
1672218300,4351.5,4352,4349,4349.25
1672218600,4349.25,4349.25,4344.25,4344.5
1672218900,4344.5,4348,4344.5,4346.5
1672219200,4346.75,4348,4345.75,4346
1672219500,4346,4346.5,4344.5,4345.25
1672219800,4345.5,4348,4345,4347.25
1672220100,4347,4348.25,4346.75,4347.5
1672220400,4347.5,4348,4346.75,4347.5
1672220700,4347.25,4350,4347.25,4349.5
1672221000,4349.5,4350.5,4348.75,4349.25
1672221300,4349.5,4350,4348.5,4349.75
1672221600,4350,4350.25,4348.75,4350
1672221900,4350.25,4351,4349.25,4349.75
1672222200,4349.5,4352,4348.75,4351.25
1672222500,4351.5,4351.5,4350.25,4351.25
1672222800,4351.5,4352.5,4351,4351.5
1672223100,4351.5,4351.75,4349.5,4350.5
1672223400,4350.5,4351.5,4349.75,4350.5
1672223700,4350.25,4350.5,4347.75,4349.5
1672224000,4349.5,4350.5,4349,4350
1672224300,4350,4352,4350,4351.25
1672224600,4351.25,4354,4351,4353
1672224900,4353.25,4357.25,4353,4355
1672225200,4355.25,4356.25,4354.75,4356.25
1672225500,4356.25,4356.5,4354.5,4354.5
1672225800,4355,4355.75,4354.5,4355
1672226100,4355,4355.75,4353,4353.5
1672226400,4353.5,4354.75,4352.25,4354
1672226700,4354.25,4354.25,4352.25,4353
1672227000,4353.25,4354,4352.75,4353.25
1672227300,4353.5,4355,4353,4354.25
1672227600,4354.25,4355,4352.75,4354.75
1672227900,4354.5,4359,4354.5,4358.25
1672228200,4358.25,4358.75,4357,4357.25
1672228500,4357,4358.75,4356.75,4358
1672228800,4358,4358,4355.75,4357
1672229100,4357,4358.25,4356.5,4356.75
1672229400,4356.75,4357,4356,4356.5
1672229700,4356.5,4358,4355.75,4356.5
1672230000,4356.5,4358.25,4356.5,4357.5
1672230300,4357.75,4358.25,4356.75,4358
1672230600,4357.75,4359.75,4357.75,4358.5
1672230900,4358.75,4359,4357.25,4357.25
1672231200,4357,4357.75,4356.25,4357
1672231500,4357.25,4359.75,4357.25,4359.5
1672231800,4359.25,4359.75,4358.5,4359.25
1672232100,4359.5,4360,4358.5,4358.75
1672232400,4358.75,4360.25,4358.75,4360.25
1672232700,4360.25,4360.5,4357.25,4357.5
1672233000,4357.5,4359,4357.25,4357.75
1672233300,4357.5,4359.75,4357,4357.25
1672233600,4357.25,4358.25,4356,4356.5
1672233900,4356.5,4357.25,4354.25,4354.25
1672234200,4354.5,4354.75,4352.75,4353.5
1672234500,4353.5,4353.75,4351.75,4353.5
1672234800,4353.5,4353.75,4350,4350.25
1672235100,4350.25,4351.75,4349.5,4350.5
1672235400,4350.25,4350.5,4348,4349.5
1672235700,4349.5,4350.5,4348,4350.25
1672236000,4350,4352.25,4349.75,4351.25
1672236300,4351.5,4352,4350,4351.75
1672236600,4351.5,4352,4349.5,4351.25
1672236900,4351,4352.25,4350.25,4350.5
1672237200,4350.5,4351.5,4349.75,4350.5
1672237500,4350.5,4350.5,4345.75,4346.25
1672237800,4346.25,4361.5,4339,4360.25
1672238100,4360.25,4367.25,4358.25,4361.5
1672238400,4361.75,4365.75,4358.5,4359.25
1672238700,4359.25,4365.25,4359,4364.25
1672239000,4364.25,4364.75,4349,4353.25
1672239300,4353.5,4357,4351.5,4354.25
1672239600,4354.25,4362.75,4352.75,4355.75
1672239900,4355.5,4356.5,4350.5,4351.75
1672240200,4351.75,4353.5,4348,4352
1672240500,4352.25,4356,4350.25,4355.25
1672240800,4355.25,4356,4351.25,4351.5
1672241100,4351.5,4351.75,4335,4339.5
1672241400,4339.5,4344.25,4336,4340.75
1672241700,4340.75,4341.75,4335.5,4339
1672242000,4338.75,4342,4337.25,4337.75
1672242300,4337.5,4341.25,4337,4338.75
1672242600,4338.75,4339.25,4332.75,4334
1672242900,4334,4335.25,4326,4326.75
1672243200,4327,4329.5,4323.25,4328.25
1672243500,4328.25,4328.25,4320.5,4322.5
1672243800,4322.5,4325.5,4319.75,4321.5
1672244100,4321.75,4325.5,4318.25,4324.25
1672244400,4324.25,4326.25,4321.75,4324.75
1672244700,4324.75,4326.25,4322.5,4324.25
1672245000,4324.25,4325.75,4319.5,4320.5
1672245300,4320.5,4321.75,4317.5,4319.75
1672245600,4319.75,4322.75,4319.25,4322.5
1672245900,4322.25,4322.25,4315.75,4316
1672246200,4316,4319.5,4315.25,4316.25
1672246500,4316.25,4316.75,4313.75,4314.75
1672246800,4314.75,4316.75,4309.25,4309.75
1672247100,4309.75,4312,4307.75,4311.75
1672247400,4311.5,4312.25,4306.5,4306.75
1672247700,4306.75,4309,4305.75,4307.75
1672248000,4307.75,4309,4305.5,4306.5
1672248300,4306.75,4311.25,4306.75,4311
1672248600,4311.25,4316,4310.5,4315
1672248900,4315.25,4318,4313,4315.5
1672249200,4315.25,4316.75,4313,4315
1672249500,4315,4323.25,4315,4323
1672249800,4323,4323.75,4320.75,4323.25
1672250100,4323.5,4328,4320.75,4325.75
1672250400,4326,4332.75,4325,4331.25
1672250700,4331.25,4333.5,4329.75,4331.25
1672251000,4331.25,4335.25,4328.75,4329
1672251300,4329.25,4332,4327.75,4329.75
1672251600,4329.5,4331,4324,4324.25
1672251900,4324.5,4326.5,4323.75,4326
1672252200,4325.75,4326.25,4321.25,4321.75
1672252500,4321.5,4323.25,4318.75,4319.25
1672252800,4319.25,4324.25,4319,4321.75
1672253100,4321.75,4324.25,4320,4321.75
1672253400,4322,4322.75,4317.25,4321.75
1672253700,4321.75,4321.75,4318.25,4319.5
1672254000,4319.75,4322,4318.5,4321.5
1672254300,4321.25,4322.75,4316,4317.25
1672254600,4317.5,4319.75,4315.25,4319.25
1672254900,4319.25,4320.25,4314,4320
1672255200,4320,4320.25,4316.25,4317.5
1672255500,4317.5,4318.75,4315.25,4316.25
1672255800,4316.5,4321.25,4315.5,4315.75
1672256100,4316,4317.5,4314.25,4317
1672256400,4316.75,4324.5,4316.5,4324.25
1672256700,4324,4326.75,4321.5,4322.25
1672257000,4322.25,4322.25,4317.75,4318.75
1672257300,4318.75,4319.75,4315.5,4317
1672257600,4317,4317.5,4309.5,4310
1672257900,4310,4312.75,4309,4309.75
1672258200,4309.75,4310.25,4302.5,4302.75
1672258500,4302.75,4309.5,4301.5,4305.25
1672258800,4305.5,4306.5,4300.5,4302
1672259100,4302.25,4306,4302,4303.25
1672259400,4303.25,4307.75,4302.75,4304.25
1672259700,4304.5,4306.75,4301,4303.75
1672260000,4303.75,4304.75,4298.25,4298.25
1672260300,4298.25,4303.75,4296.75,4302
1672260600,4302,4304.5,4299.5,4300.5
1672260900,4300.25,4303.25,4298.75,4299
1672261200,4299,4301.25,4297,4298.25
1672261500,4298.25,4303.5,4298.25,4303.5
1672261800,4303.75,4304.75,4302.25,4302.25
1672262100,4302.25,4303.5,4301.25,4302
1672262400,4302,4302.5,4300.25,4300.75
1672262700,4300.5,4300.75,4298.75,4300
1672263000,4300,4300.5,4299.25,4300
1672263300,4300,4300.75,4299,4300.5
1672263600,4300.75,4301.75,4300.5,4301.5
1672263900,4301.75,4302,4301.25,4302
1672264200,4302,4302.25,4301.5,4302
1672264500,4302,4303,4301.5,4302.5
1672268400,4303.25,4306.75,4302.75,4304.75
1672268700,4304.5,4305,4303,4304.5
1672269000,4304.5,4305.25,4303.25,4303.5
1672269300,4303.5,4303.75,4301.25,4302.25
1672269600,4302.5,4302.75,4301.75,4302.25
1672269900,4302.5,4304,4301.5,4303.25
1672270200,4303,4305.5,4303,4305.25
1672270500,4305,4305.75,4305,4305.25
1672270800,4305,4306,4304.75,4305.25
1672271100,4305.25,4305.5,4303.75,4303.75
1672271400,4303.75,4305.25,4302.75,4304.75
1672271700,4304.5,4305.25,4303.75,4304.25
1672272000,4304.5,4306,4304.25,4305.5
1672272300,4305.75,4306,4304.75,4304.75
1672272600,4304.75,4305,4302,4302
1672272900,4302,4302.5,4298.75,4300.5
1672273200,4300.5,4302,4300.25,4301.25
1672273500,4301.25,4301.5,4298.5,4299.5
1672273800,4299.5,4299.75,4298.5,4298.5
1672274100,4298.75,4301.5,4298.5,4301.5
1672274400,4301.5,4301.5,4299.75,4300.75
1672274700,4300.75,4302.75,4300.5,4302
1672275000,4301.75,4302.25,4301.25,4301.25
1672275300,4301.25,4303,4300.75,4302.75
1672275600,4303,4303.75,4302.5,4303
1672275900,4303.25,4303.25,4301.25,4302.5
1672276200,4302.5,4304.75,4302,4304
1672276500,4304.25,4305,4303.5,4303.5
1672276800,4303.5,4303.5,4301.5,4302
1672277100,4302,4303.5,4301,4303.25
1672277400,4303.25,4304,4302.75,4303
1672277700,4303,4304,4299,4300
1672278000,4300,4302,4300,4301.5
1672278300,4301.5,4302,4300.25,4301.25
1672278600,4301.25,4301.5,4299.75,4300
1672278900,4299.75,4301.75,4299.5,4301
1672279200,4301,4301.25,4299,4299.25
1672279500,4299,4300.5,4298.75,4299.25
1672279800,4299.25,4300.75,4299.25,4300.75
1672280100,4300.75,4301.75,4300.5,4301
1672280400,4300.75,4301.75,4300.5,4300.5
1672280700,4300.5,4302.5,4300.5,4301.75
1672281000,4301.75,4302.5,4301.75,4302.25
1672281300,4302.25,4302.75,4299.5,4299.75
1672281600,4300,4302.75,4300,4302.25
1672281900,4302.5,4303,4302.25,4302.25
1672282200,4302.5,4303,4302.25,4302.75
1672282500,4302.5,4302.5,4301.25,4301.5
1672282800,4301.75,4302,4300.25,4301
1672283100,4301,4302.5,4301,4302
1672283400,4302,4302.25,4300.75,4300.75
1672283700,4300.75,4301.5,4300.25,4300.75
1672284000,4300.75,4301.75,4300.75,4301.25
1672284300,4301.25,4301.75,4301,4301.25
1672284600,4301.5,4301.75,4300.25,4300.75
1672284900,4300.75,4300.75,4299.25,4300.25
1672285200,4300,4300.25,4299,4299.5
1672285500,4299.5,4300,4298.75,4300
1672285800,4300,4302,4300,4301.5
1672286100,4301.25,4302,4301,4301.5
1672286400,4301.5,4301.75,4301.25,4301.75
1672286700,4301.75,4302.25,4301.25,4301.25
1672287000,4301.25,4302.5,4301.25,4301.75
1672287300,4301.5,4302,4301,4301.5
1672287600,4301.25,4302,4301.25,4301.5
1672287900,4301.5,4301.75,4301,4301.25
1672288200,4301.25,4302.75,4300.75,4302.5
1672288500,4302.75,4302.75,4301.75,4302
1672288800,4302,4302,4301.75,4302
1672289100,4302,4303.5,4302,4303.5
1672289400,4303.25,4304.5,4303.25,4304.25
1672289700,4304.5,4304.5,4303.75,4304.5
1672290000,4304.25,4304.5,4303.75,4304
1672290300,4304,4305,4304,4304.5
1672290600,4304.5,4304.75,4303.5,4303.75
1672290900,4303.5,4303.75,4302.25,4302.75
1672291200,4302.5,4303.25,4301.75,4301.75
1672291500,4301.5,4302,4300.5,4301.25
1672291800,4301.25,4302.5,4301.25,4302.5
1672292100,4302.5,4302.5,4301.75,4302
1672292400,4302,4302,4301.25,4301.75
1672292700,4301.5,4302.25,4301.5,4301.75
1672293000,4301.5,4302.5,4301.5,4302.25
1672293300,4302,4302.5,4301.25,4301.75
1672293600,4302,4302.5,4301.25,4301.5
1672293900,4301.5,4302.5,4300.75,4301.75
1672294200,4301.5,4302.75,4301,4302.5
1672294500,4302.5,4303.75,4302,4303.5
1672294800,4303.5,4303.5,4301.5,4302
1672295100,4302,4302.5,4301.25,4301.25
1672295400,4301.25,4302,4301,4301.75
1672295700,4301.75,4302,4301,4301.25
1672296000,4301.5,4301.5,4300,4300.25
1672296300,4300.25,4302,4300,4301.75
1672296600,4301.5,4302.5,4301.5,4302.25
1672296900,4302,4303.5,4302,4303.25
1672297200,4303.5,4304.25,4302.75,4303
1672297500,4303,4304.5,4303,4304
1672297800,4303.75,4304.25,4303,4303
1672298100,4303,4304.25,4303,4303.5
1672298400,4303.25,4304.25,4303.25,4303.75
1672298700,4303.75,4304.25,4303,4303
1672299000,4303.25,4303.25,4302.5,4303
1672299300,4303.25,4305,4303.25,4304
1672299600,4304,4305,4303.5,4305
1672299900,4304.75,4306,4304.75,4305.75
1672300200,4305.75,4306.75,4304.75,4305.75
1672300500,4305.75,4306.75,4305.25,4305.75
1672300800,4306,4307,4303.75,4305
1672301100,4305,4307.75,4304.25,4305.75
1672301400,4305.75,4307,4304.75,4305.25
1672301700,4305,4305.5,4303.5,4304.25
1672302000,4304.25,4305.25,4303.25,4303.75
1672302300,4303.5,4307.25,4303.5,4306.75
1672302600,4306.75,4306.75,4303.25,4305
1672302900,4305,4305.75,4304.25,4305.75
1672303200,4305.75,4306.75,4305,4306
1672303500,4306,4307.5,4305.75,4307
1672303800,4307.25,4309.25,4307,4309.25
1672304100,4309,4310.5,4308,4308.5
1672304400,4308.5,4311.5,4308.25,4311
1672304700,4311,4312,4310.25,4311.25
1672305000,4311,4312,4310.5,4311
1672305300,4311.25,4313,4311.25,4312
1672305600,4311.75,4313.75,4311.75,4313
1672305900,4312.75,4314,4311.5,4311.75
1672306200,4311.5,4313,4310.5,4313
1672306500,4312.75,4314.25,4312.25,4313.5
1672306800,4313.5,4314.25,4312.75,4312.75
1672307100,4313,4314.25,4313,4313.75
1672307400,4313.75,4315.25,4313.25,4314.75
1672307700,4314.5,4314.75,4313.25,4313.5
1672308000,4313.25,4314,4311.5,4312
1672308300,4312.25,4312.5,4311.25,4312
1672308600,4312,4312,4311,4311.75
1672308900,4311.75,4312.25,4310.5,4310.75
1672309200,4310.75,4312,4310.25,4310.75
1672309500,4310.75,4311.75,4310.75,4311.75
1672309800,4312,4312.75,4310,4312
1672310100,4312,4312.75,4311.5,4312
1672310400,4311.75,4313.5,4311.75,4313
1672310700,4313,4315,4312.25,4314.25
1672311000,4313.75,4314,4312.75,4313.25
1672311300,4313.25,4315.25,4312.5,4315.25
1672311600,4315,4317.25,4314.75,4317
1672311900,4317,4319.25,4317,4318.5
1672312200,4318.75,4319.5,4316.75,4317.5
1672312500,4317.75,4317.75,4316.5,4317.25
1672312800,4317,4317.5,4316.25,4316.75
1672313100,4316.5,4316.75,4315.75,4316.25
1672313400,4316.5,4317,4316,4316.75
1672313700,4316.75,4317.25,4315.5,4315.5
1672314000,4315.5,4315.5,4313.5,4314.25
1672314300,4314.5,4315.5,4313.5,4315
1672314600,4315,4317.75,4314.75,4317.25
1672314900,4317.25,4317.25,4315.75,4316.25
1672315200,4316.5,4316.5,4314.75,4316
1672315500,4316.25,4318.25,4316.25,4317
1672315800,4317.25,4318,4316.5,4318
1672316100,4318,4318.25,4315.25,4315.75
1672316400,4315.75,4316.25,4315,4316
1672316700,4316,4317.25,4316,4317.25
1672317000,4317,4317,4314.75,4316
1672317300,4315.75,4316.5,4314.75,4315.25
1672317600,4315.25,4316.25,4314.5,4316.25
1672317900,4316,4317,4315,4315.5
1672318200,4315.5,4316,4314.25,4315.75
1672318500,4316,4316.25,4314.75,4315.75
1672318800,4315.75,4317.25,4315.5,4317
1672319100,4316.75,4320.75,4316.75,4320.25
1672319400,4320,4320.25,4319,4320
1672319700,4319.75,4320.25,4318.25,4319
1672320000,4319.25,4320,4317.75,4319.5
1672320300,4319.5,4319.75,4316.75,4317
1672320600,4317.25,4323.25,4316.5,4321.5
1672320900,4321.5,4330.25,4321.5,4329.75
1672321200,4329.75,4331.75,4327.75,4331.75
1672321500,4331.5,4332,4328,4328.75
1672321800,4328.75,4329.5,4325.75,4327.25
1672322100,4326.75,4330.75,4326.25,4327.5
1672322400,4327.25,4330.25,4326.75,4329.5
1672322700,4329.5,4329.5,4327.25,4327.75
1672323000,4328,4329.75,4326.75,4327
1672323300,4327.25,4330,4325.5,4329.5
1672323600,4329.5,4330.75,4328.25,4329.5
1672323900,4329.25,4329.25,4326.75,4327
1672324200,4327,4334,4321.25,4330.5
1672324500,4330.5,4339.75,4329,4337.5
1672324800,4337.75,4346.75,4337.75,4341.5
1672325100,4341.75,4346.25,4341.25,4345.25
1672325400,4345.5,4348,4339.5,4345
1672325700,4344.75,4349.25,4343.75,4347
1672326000,4347,4350.75,4344.25,4346.75
1672326300,4346.75,4354,4345.25,4351
1672326600,4351,4356.25,4351,4354.75
1672326900,4355,4359.25,4354.75,4359
1672327200,4359.25,4360.25,4355,4357.25
1672327500,4357.5,4357.75,4353,4354
1672327800,4354,4360.25,4354,4360.25
1672328100,4360,4362.25,4358.75,4360.5
1672328400,4360.75,4362.25,4359.25,4359.75
1672328700,4360,4360.5,4355.75,4357.25
1672329000,4357.25,4361.5,4357,4360.5
1672329300,4360.5,4363.75,4360,4362
1672329600,4362.25,4363.75,4358.75,4360
1672329900,4360,4361.25,4356.25,4357.5
1672330200,4357.5,4359,4353.75,4355.75
1672330500,4355.75,4359.75,4354.75,4358
1672330800,4358,4359.5,4355.5,4357.5
1672331100,4357.5,4360.75,4357.25,4359.5
1672331400,4359.75,4366.25,4359.75,4365.25
1672331700,4365.25,4365.75,4363.5,4365
1672332000,4365,4366.5,4364.25,4366
1672332300,4366,4370.5,4365.5,4369.5
1672332600,4369.5,4373.75,4369.5,4372.5
1672332900,4372.75,4373,4369.75,4370.25
1672333200,4370.25,4371.75,4368.5,4368.75
1672333500,4369,4371,4367.25,4370.75
1672333800,4370.75,4372.75,4368.5,4368.75
1672334100,4368.75,4372,4367.5,4370.75
1672334400,4370.75,4372.5,4369.75,4370.25
1672334700,4370.25,4371,4368.5,4369.25
1672335000,4369.5,4370.75,4367.75,4368.75
1672335300,4369,4369,4364,4365.75
1672335600,4365.75,4368,4364.75,4367.5
1672335900,4367.25,4368.25,4366,4366.75
1672336200,4366.5,4370.75,4366.5,4370.5
1672336500,4370.5,4371.25,4369,4369.25
1672336800,4369.25,4371.25,4367.5,4367.5
1672337100,4367.75,4368.5,4363.25,4364.5
1672337400,4364.75,4368,4364.25,4367.25
1672337700,4367.5,4370,4365.5,4367.25
1672338000,4367.25,4368.25,4364.75,4367.5
1672338300,4367.5,4368.75,4366.75,4367.5
1672338600,4367.5,4368.25,4364.75,4367
1672338900,4367,4368,4364.75,4367.75
1672339200,4367.75,4370.25,4367.75,4369.5
1672339500,4369.75,4370.75,4367.25,4369
1672339800,4369,4369.75,4367,4369.5
1672340100,4369.5,4371,4367.5,4370
1672340400,4370,4374.5,4369.75,4372.75
1672340700,4372.75,4375,4369.5,4371.25
1672341000,4371.5,4372,4368.25,4370
1672341300,4370,4371.75,4368.75,4371
1672341600,4371,4371.5,4369.25,4370.75
1672341900,4370.75,4371.5,4367.25,4367.25
1672342200,4367.5,4369.75,4365.75,4368.25
1672342500,4368.25,4370.25,4367.75,4369.75
1672342800,4369.75,4372.25,4369,4371
1672343100,4371,4371.5,4369,4369.75
1672343400,4369.75,4370.25,4367,4367.5
1672343700,4367.5,4368,4366,4366.5
1672344000,4366.5,4370,4366,4369.5
1672344300,4369.25,4370.5,4367.25,4369
1672344600,4369.25,4369.25,4365,4366.25
1672344900,4366.25,4366.5,4362.75,4364.75
1672345200,4365,4367.25,4363.5,4365.75
1672345500,4365.75,4367.75,4364.25,4365.75
1672345800,4365.5,4368.5,4365,4367.75
1672346100,4367.75,4369,4365.25,4366.75
1672346400,4366.5,4368.75,4365,4368.25
1672346700,4368.25,4370.25,4367,4369.5
1672347000,4369.5,4372,4367.25,4369.25
1672347300,4369.25,4369.25,4362.25,4364.5
1672347600,4364.5,4365.5,4362.25,4363.5
1672347900,4363.75,4366,4363.5,4365.75
1672348200,4366,4366,4363,4364.25
1672348500,4364.5,4365,4362,4362.25
1672348800,4362.5,4363.75,4362,4363.25
1672349100,4363.25,4363.25,4362.5,4363
1672349400,4363,4363,4362.25,4362.25
1672349700,4362.25,4362.75,4361.75,4362
1672350000,4361.75,4362,4361.25,4361.75
1672350300,4362,4362.25,4361.5,4361.75
1672350600,4362,4362.25,4361,4361.25
1672350900,4361.25,4361.75,4360.25,4361.5
1672354800,4362,4363.25,4360,4360.5
1672355100,4360.5,4361.75,4358.5,4358.75
1672355400,4358.75,4359.75,4358.25,4358.75
1672355700,4358.75,4359.75,4358.5,4359.25
1672356000,4359.25,4359.25,4358,4358.5
1672356300,4358.5,4359,4358,4358.5
1672356600,4358.25,4359.5,4358.25,4359.5
1672356900,4359.5,4359.5,4357.75,4358.75
1672357200,4358.75,4359.25,4357.75,4358.75
1672357500,4358.5,4359,4357.75,4358.25
1672357800,4358.25,4359,4358,4359
1672358100,4358.75,4359,4358.25,4358.25
1672358400,4358.5,4359.75,4358,4359.25
1672358700,4359.25,4359.5,4358,4358.5
1672359000,4358.5,4358.5,4358,4358.25
1672359300,4358,4358,4356.25,4357.5
1672359600,4357.25,4357.75,4357.25,4357.75
1672359900,4357.75,4358,4357.25,4357.5
1672360200,4357.5,4358,4357.25,4357.75
1672360500,4357.75,4358.5,4357.5,4358.25
1672360800,4358,4358.75,4358,4358.25
1672361100,4358.25,4358.5,4357.5,4358.5
1672361400,4358.25,4358.25,4357.75,4358.25
1672361700,4358.5,4359,4358,4358.5
1672362000,4358.5,4360.5,4358.25,4359.5
1672362300,4359.5,4359.75,4356.75,4357.5
1672362600,4357.5,4358.5,4356.5,4357
1672362900,4357,4358.5,4355.75,4357.75
1672363200,4358,4358.5,4357.25,4358.25
1672363500,4358.25,4358.25,4357,4357.5
1672363800,4357.5,4358,4357,4357.25
1672364100,4357.5,4357.75,4355.75,4356.25
1672364400,4356.25,4356.5,4354.25,4354.75
1672364700,4354.75,4356.75,4354.5,4355.5
1672365000,4355.75,4356.75,4355.25,4356.25
1672365300,4356.25,4357,4356,4357
1672365600,4357,4357,4355.5,4356.75
1672365900,4356.75,4356.75,4356,4356.25
1672366200,4356.5,4357.75,4356.5,4357.5
1672366500,4357.25,4357.5,4357,4357
1672366800,4357,4357,4354.25,4355.5
1672367100,4355.5,4357.5,4355.5,4357.5
1672367400,4357.5,4358.5,4357.5,4357.75
1672367700,4357.75,4358.25,4357.25,4358
1672368000,4358,4358.25,4357.25,4357.5
1672368300,4357.5,4358.75,4357.25,4358.5
1672368600,4358.25,4358.5,4357.75,4358.25
1672368900,4358.5,4359.25,4358,4359
1672369200,4358.75,4360.25,4358.75,4360.25
1672369500,4360.25,4361.25,4359.5,4360.75
1672369800,4360.75,4360.75,4360,4360.5
1672370100,4360.75,4360.75,4360,4360.25
1672370400,4360.25,4361,4360.25,4360.75
1672370700,4360.75,4360.75,4359.75,4359.75
1672371000,4359.75,4362.25,4359.75,4361.5
1672371300,4361.25,4361.5,4360.75,4361.5
1672371600,4361.5,4362,4361.25,4362
1672371900,4362,4362.25,4361,4361.5
1672372200,4361.25,4362.25,4361.25,4361.5
1672372500,4361.25,4362.25,4360.75,4360.75
1672372800,4361,4361,4360.25,4360.5
1672373100,4360.5,4360.75,4359.75,4360.75
1672373400,4360.5,4360.75,4360,4360
1672373700,4360.25,4360.25,4359.5,4360
1672374000,4360,4360.5,4360,4360.25
1672374300,4360.25,4360.5,4359.75,4360.25
1672374600,4360.5,4360.5,4359.25,4360.25
1672374900,4360,4360.25,4359.75,4360.25
1672375200,4360.5,4360.5,4359.5,4359.75
1672375500,4359.5,4359.75,4359,4359.5
1672375800,4359.75,4359.75,4359.25,4359.5
1672376100,4359.25,4360.25,4359.25,4360.25
1672376400,4360.25,4360.75,4359.25,4359.25
1672376700,4359.25,4360,4358.75,4359.25
1672377000,4359.25,4359.75,4358.5,4358.5
1672377300,4358.5,4359,4358.25,4358.5
1672377600,4358.5,4358.75,4357.5,4357.75
1672377900,4357.75,4358.25,4356.75,4357.25
1672378200,4357.25,4357.25,4354.75,4355
1672378500,4354.75,4356.5,4354.75,4356.25
1672378800,4356,4357,4356,4356.5
1672379100,4356.5,4356.5,4353.75,4354.25
1672379400,4354.25,4356,4354,4355.25
1672379700,4355,4356.5,4354.5,4355.5
1672380000,4355.75,4356,4351,4352.75
1672380300,4352.5,4352.75,4349.5,4350
1672380600,4349.75,4350.75,4349.25,4350.5
1672380900,4350.5,4351,4349.5,4349.75
1672381200,4349.75,4350.75,4349.75,4350
1672381500,4350.25,4350.25,4348.75,4349.5
1672381800,4349.75,4350.5,4349,4349.75
1672382100,4349.5,4349.75,4348.75,4349.25
1672382400,4349.5,4349.75,4349,4349.5
1672382700,4349.5,4350.5,4349,4350.5
1672383000,4350.5,4350.75,4349.75,4349.75
1672383300,4349.75,4349.75,4347,4348
1672383600,4347.75,4349.5,4347.25,4349.5
1672383900,4349.75,4351.75,4349.75,4351
1672384200,4350.75,4351.5,4350.75,4350.75
1672384500,4350.75,4351,4349,4349.25
1672384800,4349.25,4350,4348.5,4348.75
1672385100,4348.75,4348.75,4345.75,4345.75
1672385400,4345.75,4347.5,4345.5,4346.75
1672385700,4347,4347.5,4346.25,4347.25
1672386000,4347.25,4350.25,4346.75,4349.75
1672386300,4349.75,4350.5,4349,4349.75
1672386600,4349.75,4350.5,4349.25,4349.75
1672386900,4349.5,4351.25,4349.25,4350.25
1672387200,4350.25,4350.75,4345.75,4347
1672387500,4347,4348,4345.5,4347.75
1672387800,4347.75,4347.75,4344,4345.75
1672388100,4345.75,4348,4344.25,4347.5
1672388400,4347.5,4347.5,4343.5,4345.25
1672388700,4345.25,4347.75,4344.25,4347
1672389000,4346.75,4349.25,4346.75,4348
1672389300,4348.25,4349.75,4348,4348.5
1672389600,4348.75,4350.5,4348,4350
1672389900,4350,4350.25,4347.75,4348
1672390200,4348,4348,4346.25,4347.75
1672390500,4347.75,4347.75,4341.25,4342
1672390800,4342,4343.5,4340.75,4342.25
1672391100,4342.5,4346,4341.75,4345.25
1672391400,4345,4346.75,4343.75,4346.25
1672391700,4346,4348,4345,4345.5
1672392000,4345.5,4345.75,4344,4344.5
1672392300,4344.25,4346,4343,4346
1672392600,4345.75,4346.75,4345.25,4345.75
1672392900,4346,4347,4345.25,4345.75
1672393200,4345.75,4346.5,4345.5,4346.25
1672393500,4346.25,4346.25,4343.5,4343.5
1672393800,4343.75,4347.25,4343.5,4347
1672394100,4347,4349.5,4346.5,4349.5
1672394400,4349.75,4349.75,4347.25,4348
1672394700,4347.75,4350.25,4347.75,4349.75
1672395000,4349.5,4349.75,4347.25,4347.5
1672395300,4347.5,4348.5,4347,4347.5
1672395600,4347.5,4350.75,4347.25,4350
1672395900,4350.25,4351.75,4349.5,4351.25
1672396200,4351,4352.25,4350.25,4350.5
1672396500,4350.5,4353.5,4350.5,4353
1672396800,4353.25,4355.25,4352.75,4355
1672397100,4355,4356.25,4353.25,4353.75
1672397400,4353.25,4354,4351.5,4352
1672397700,4352,4352.25,4351,4352.25
1672398000,4352.25,4353.75,4350.25,4350.75
1672398300,4350.75,4351,4349.25,4350.5
1672398600,4350.5,4351,4350,4350.25
1672398900,4350.25,4351,4349.5,4350.5
1672399200,4350.5,4351.5,4349.25,4350.75
1672399500,4350.5,4351.25,4350,4351.25
1672399800,4351.25,4352,4350.75,4351.5
1672400100,4351.75,4356,4351.5,4355.75
1672400400,4355.75,4355.75,4352.25,4352.5
1672400700,4352.5,4353.25,4351,4351.5
1672401000,4351.25,4352.25,4349.25,4349.75
1672401300,4349.5,4349.75,4347.5,4348.75
1672401600,4348.5,4350.5,4348,4349
1672401900,4349,4349.25,4347.75,4348
1672402200,4348.25,4348.25,4347,4348
1672402500,4348,4348.5,4346.25,4346.5
1672402800,4346.75,4347,4345.25,4346.25
1672403100,4346.25,4346.25,4344,4344.25
1672403400,4344.25,4346.25,4343.75,4345.25
1672403700,4345.25,4345.25,4339.75,4342.5
1672404000,4342.25,4343.75,4341.5,4343.25
1672404300,4343.25,4344.5,4342.75,4343.75
1672404600,4343.5,4345.25,4343.25,4344.25
1672404900,4344,4344.25,4340.75,4341.25
1672405200,4341.25,4341.25,4338,4340.75
1672405500,4340.75,4342,4340.5,4341.25
1672405800,4341.5,4342,4339.75,4340.75
1672406100,4340.75,4341.75,4339.25,4340
1672406400,4339.75,4339.75,4337.5,4338
1672406700,4338.25,4339.25,4335.75,4336.75
1672407000,4336.5,4338.75,4335.25,4337.75
1672407300,4337.75,4339.5,4335.25,4335.75
1672407600,4335.75,4339.25,4335.5,4337.5
1672407900,4337.75,4338.75,4337.5,4337.75
1672408200,4337.75,4339.5,4336,4339.5
1672408500,4339.25,4340.25,4338.25,4339.75
1672408800,4339.5,4339.75,4337.75,4339.25
1672409100,4339.25,4339.5,4337.5,4337.75
1672409400,4338,4339,4336.5,4336.75
1672409700,4336.75,4339.5,4336.25,4339.5
1672410000,4339.25,4339.5,4337.25,4338.5
1672410300,4338.25,4338.5,4334.5,4336.25
1672410600,4336.25,4346.25,4330.5,4344.25
1672410900,4344.25,4346,4340.75,4340.75
1672411200,4340.75,4341.25,4330.75,4338.75
1672411500,4338.75,4339.25,4320,4322
1672411800,4321.75,4331.25,4321.25,4328.5
1672412100,4328.5,4334.5,4325.75,4334.5
1672412400,4334.5,4335.75,4329.5,4331.25
1672412700,4331.25,4332.25,4325.75,4327
1672413000,4327,4334.25,4326.75,4333.5
1672413300,4333.25,4342.75,4331.25,4341.5
1672413600,4341.75,4343.5,4338.5,4342.25
1672413900,4342.25,4342.75,4335.75,4338
1672414200,4338.25,4338.25,4333.25,4336.75
1672414500,4337,4339.25,4335,4336.25
1672414800,4336.25,4338.25,4333.75,4335.75
1672415100,4336,4345.75,4335.25,4344.5
1672415400,4344.5,4344.5,4335.75,4336
1672415700,4336,4337.75,4331.75,4333.75
1672416000,4333.75,4335.25,4331.5,4334.5
1672416300,4334.5,4336.5,4333.5,4336
1672416600,4335.75,4337.25,4330.25,4331.5
1672416900,4331.5,4332.75,4328.5,4329.75
1672417200,4329.75,4330.25,4326.5,4327.75
1672417500,4327.5,4329.75,4326.25,4328.25
1672417800,4328.25,4334.25,4326,4333.25
1672418100,4333.25,4336.25,4332,4335
1672418400,4335,4335.5,4332,4333
1672418700,4333.25,4335,4332.25,4333
1672419000,4333.25,4334.5,4332.25,4333.5
1672419300,4333.75,4338.75,4331.5,4337.5
1672419600,4337.5,4338.75,4335.75,4336.5
1672419900,4336.5,4336.5,4334.5,4336
1672420200,4336,4338.5,4333.75,4335
1672420500,4335,4338.5,4335,4337
1672420800,4337,4340,4336,4339
1672421100,4339.25,4339.5,4336,4337.75
1672421400,4337.75,4339.75,4336.75,4339.25
1672421700,4339,4340.75,4336.25,4336.75
1672422000,4336.75,4338.5,4335.75,4337.25
1672422300,4337.25,4339.25,4336,4337.25
1672422600,4337.5,4339,4334.25,4334.5
1672422900,4334.75,4339.75,4333.5,4339.75
1672423200,4339.75,4340,4334.75,4336.75
1672423500,4336.75,4337.25,4334.75,4335.5
1672423800,4335.5,4336.5,4334.25,4335
1672424100,4335,4335.25,4328.75,4329.25
1672424400,4329.25,4329.25,4318,4319.25
1672424700,4319.25,4323.5,4313.75,4323.25
1672425000,4323.25,4328.5,4322,4327.75
1672425300,4327.75,4330.5,4326,4327
1672425600,4327,4327,4323.5,4325.25
1672425900,4325.25,4326.25,4322.25,4323.5
1672426200,4323.25,4325.75,4322.25,4325.75
1672426500,4325.5,4325.5,4322.25,4322.5
1672426800,4322.75,4324.75,4318.75,4318.75
1672427100,4318.75,4320.5,4316.75,4317.25
1672427400,4317.25,4320,4315.75,4318.5
1672427700,4318.25,4318.25,4315.25,4317.5
1672428000,4317.5,4318.75,4316.25,4317.25
1672428300,4317.5,4322,4316.5,4320.75
1672428600,4320.75,4324,4320,4323
1672428900,4323,4323.25,4319.25,4320.75
1672429200,4321,4321,4318.5,4320
1672429500,4320,4321.75,4316.25,4317.25
1672429800,4317,4322.5,4317,4320.75
1672430100,4320.75,4321.75,4317.75,4320.25
1672430400,4320.25,4328.5,4319.5,4326
1672430700,4326.25,4329.25,4324.75,4328.25
1672431000,4328,4336.25,4327.25,4334
1672431300,4334.25,4340,4334.25,4335
1672431600,4335.25,4338,4333.75,4334.5
1672431900,4334.75,4335.25,4331.5,4332.75
1672432200,4332.75,4340.5,4331.5,4339.5
1672432500,4339.5,4340.75,4337,4340
1672432800,4339.75,4342.25,4338.25,4340.25
1672433100,4340.5,4349,4340,4348.5
1672433400,4348.25,4353.25,4347.5,4352.25
1672433700,4352.25,4354.5,4349.25,4353.5
1672434000,4353.75,4357.25,4352,4356.5
1672434300,4356.25,4357.25,4355.25,4356
1672434600,4356,4360.75,4356,4359.5
1672434900,4359.5,4360.75,4358.75,4359.75
1672435200,4359.75,4359.75,4359,4359.25
1672435500,4359.25,4359.75,4359,4359
1672435800,4359.25,4360,4359.25,4359.5
1672436100,4359.5,4359.75,4358.5,4358.5
1672436400,4358.75,4359.25,4358.5,4359
1672436700,4358.75,4359.25,4358.25,4358.75
1672437000,4358.75,4359.5,4358.5,4359.5
1672437300,4359.5,4360.25,4359,4360.25