time,open,high,low,close
1702249200,4973.25,4974.5,4972.75,4974.5
1702249500,4974.25,4975.75,4974,4975.75
1702249800,4975.75,4978.5,4975.5,4976.5
1702250100,4976.75,4979.5,4976.75,4978
1702250400,4977.75,4979.5,4977.5,4979.25
1702250700,4979.25,4979.75,4977.25,4977.5
1702251000,4977.5,4978,4976.25,4976.75
1702251300,4976.5,4977.5,4975.75,4976
1702251600,4976.25,4976.25,4975.75,4976
1702251900,4976,4976.25,4975.5,4976.25
1702252200,4976,4976.75,4975.75,4976.25
1702252500,4976.25,4977.25,4976.25,4977
1702252800,4976.5,4977.25,4975.5,4976.75
1702253100,4976.75,4978.75,4976.75,4977.75
1702253400,4977.5,4978.5,4977.25,4978.25
1702253700,4978.25,4978.5,4977.25,4978
1702254000,4978,4979.25,4977.75,4978
1702254300,4978,4978.25,4974.5,4974.75
1702254600,4975,4975.25,4973.75,4973.75
1702254900,4974,4974.5,4973.75,4974
1702255200,4974,4974,4972.75,4973
1702255500,4973,4974,4972.75,4973
1702255800,4973,4973,4972,4972
1702256100,4972.25,4974,4972.25,4973.25
1702256400,4973.25,4973.5,4972,4972.25
1702256700,4972.5,4973.25,4972.25,4973.25
1702257000,4973.25,4973.75,4972.75,4973.5
1702257300,4973.5,4973.5,4971,4971.25
1702257600,4971.5,4973.25,4971.5,4973
1702257900,4973.25,4973.25,4972.5,4972.5
1702258200,4972.75,4973.5,4971.5,4973.25
1702258500,4973,4974.25,4972.75,4973.5
1702258800,4973.25,4973.25,4972.25,4972.25
1702259100,4972,4972.75,4972,4972.5
1702259400,4972.5,4973.75,4972.25,4972.25
1702259700,4972,4973.5,4972,4973
1702260000,4972.75,4973,4972.25,4972.75
1702260300,4972.75,4973.5,4972.5,4973.5
1702260600,4973.25,4973.75,4972.75,4972.75
1702260900,4973,4973.5,4972.5,4973.5
1702261200,4973.5,4973.75,4971.75,4971.75
1702261500,4971.75,4972.25,4971,4971.25
1702261800,4971.25,4971.25,4970.75,4971
1702262100,4971,4971.75,4971,4971.5
1702262400,4971.5,4972.25,4971.5,4971.75
1702262700,4971.75,4972,4971,4971
1702263000,4971,4971.5,4970.5,4970.75
1702263300,4971,4971,4970,4970.5
1702263600,4970.75,4971,4970.5,4970.75
1702263900,4970.75,4971.5,4970.75,4970.75
1702264200,4971,4971,4969.25,4970.25
1702264500,4970.25,4971,4970.25,4970.75
1702264800,4970.75,4972,4970.75,4971.75
1702265100,4971.75,4971.75,4970.5,4970.75
1702265400,4971,4971.25,4970,4970.5
1702265700,4970.5,4971.5,4970.5,4971.25
1702266000,4971,4971,4970.5,4970.5
1702266300,4970.5,4970.75,4970,4970.5
1702266600,4970.75,4970.75,4970.25,4970.5
1702266900,4970.5,4971.25,4970.5,4971.25
1702267200,4971,4971.5,4971,4971.25
1702267500,4971.25,4971.75,4971,4971.5
1702267800,4971.5,4971.75,4971.25,4971.5
1702268100,4971.5,4971.75,4971,4971.25
1702268400,4971.5,4971.75,4971,4971.25
1702268700,4971.25,4971.5,4971,4971.5
1702269000,4971.5,4971.5,4970.75,4971
1702269300,4970.75,4970.75,4969.75,4969.75
1702269600,4969.75,4970.5,4969.75,4970.25
1702269900,4970,4970.25,4969.75,4970.25
1702270200,4970.25,4970.5,4969.75,4970
1702270500,4970,4970.5,4969.75,4970
1702270800,4970,4970.75,4969.75,4970.5
1702271100,4970.5,4970.75,4970,4970
1702271400,4970,4970.25,4970,4970.25
1702271700,4970,4970.25,4969.75,4970
1702272000,4970,4970.25,4969.75,4969.75
1702272300,4969.75,4969.75,4969.25,4969.5
1702272600,4969.5,4970.75,4969.5,4970.75
1702272900,4970.75,4970.75,4970,4970.5
1702273200,4970.25,4971.5,4970.25,4971.25
1702273500,4971,4972,4971,4971.75
1702273800,4972,4972.75,4971.75,4972.25
1702274100,4972.25,4972.5,4971.75,4972
1702274400,4972,4973.5,4971.5,4973.25
1702274700,4973.25,4973.75,4973,4973.5
1702275000,4973.25,4973.25,4971.75,4972.5
1702275300,4972.25,4973.75,4972.25,4973.75
1702275600,4973.5,4973.75,4973,4973
1702275900,4973.25,4973.75,4973,4973.25
1702276200,4973.25,4973.5,4972.75,4972.75
1702276500,4972.75,4973,4972.25,4972.25
1702276800,4972.25,4972.25,4971.5,4971.75
1702277100,4971.5,4971.5,4969.75,4969.75
1702277400,4970,4970.25,4969.75,4970
1702277700,4969.75,4970.75,4969.75,4969.75
1702278000,4969.5,4970,4968.5,4969.75
1702278300,4970,4970.25,4969,4969.75
1702278600,4970,4971.5,4970,4971.25
1702278900,4971.25,4971.25,4969.25,4969.25
1702279200,4969.25,4969.5,4968.75,4968.75
1702279500,4968.75,4969.25,4968.5,4968.5
1702279800,4968.75,4969,4968.25,4968.25
1702280100,4968.5,4968.75,4967.5,4967.75
1702280400,4968,4970.75,4968,4969.5
1702280700,4969.75,4970.75,4969.5,4970
1702281000,4970.25,4970.25,4968.75,4969
1702281300,4969.25,4970.25,4968.75,4969
1702281600,4969,4970.25,4968,4969.75
1702281900,4970,4971.5,4969.25,4969.5
1702282200,4969.5,4970.75,4968,4968.25
1702282500,4968,4969.25,4967.75,4967.75
1702282800,4967.75,4968.5,4967.5,4968.5
1702283100,4968.5,4970,4968,4968.75
1702283400,4968.75,4970.5,4968.5,4970.25
1702283700,4970.25,4970.75,4968.25,4969
1702284000,4968.75,4969,4967.5,4968.25
1702284300,4968.25,4969,4967.75,4968.5
1702284600,4968.5,4969.5,4967.5,4969.25
1702284900,4969,4969,4968,4968.25
1702285200,4968.25,4969.5,4967.5,4969.5
1702285500,4969.25,4972.5,4969.25,4972.25
1702285800,4972.25,4972.75,4971.5,4972
1702286100,4972,4973.5,4972,4972.75
1702286400,4972.75,4974.5,4972.75,4974.5
1702286700,4974.5,4974.75,4974,4974.75
1702287000,4974.75,4975,4973.75,4974.25
1702287300,4974.25,4974.5,4972.75,4973.75
1702287600,4973.75,4974.5,4973.5,4974
1702287900,4974.25,4974.75,4973.5,4973.75
1702288200,4973.5,4974.25,4972.25,4972.25
1702288500,4972.25,4972.25,4970,4970.5
1702288800,4970.25,4972.25,4969.5,4971.25
1702289100,4971,4971.5,4970.25,4970.25
1702289400,4970.25,4971.5,4969.75,4971.5
1702289700,4971.5,4973,4971.25,4972.25
1702290000,4972.25,4972.5,4970,4970
1702290300,4970.25,4971,4968.75,4969
1702290600,4969.25,4969.5,4968.75,4969.25
1702290900,4969.5,4970.25,4969.25,4969.25
1702291200,4969.25,4971,4969,4970.5
1702291500,4970.75,4971.5,4970.25,4971.25
1702291800,4971.25,4971.25,4968.75,4968.75
1702292100,4968.75,4969,4967.5,4967.75
1702292400,4967.75,4968.5,4967.5,4968
1702292700,4968,4969.25,4968,4968.5
1702293000,4968.5,4969.5,4967.25,4967.25
1702293300,4967.5,4967.5,4966,4966.5
1702293600,4966.5,4967,4965,4965
1702293900,4965,4966.75,4965,4966.5
1702294200,4966.5,4968.25,4966.5,4968.25
1702294500,4968.25,4969,4967.5,4968.75
1702294800,4968.75,4969,4967.75,4967.75
1702295100,4968,4968,4967,4967.25
1702295400,4967.25,4969.5,4967.25,4969.5
1702295700,4969.5,4970.75,4969.25,4969.75
1702296000,4970,4971.25,4969.75,4970.75
1702296300,4970.75,4970.75,4969.25,4970.5
1702296600,4970.5,4971.25,4970.25,4971
1702296900,4971,4971.75,4970.75,4971.5
1702297200,4971.5,4971.75,4970.75,4971
1702297500,4970.75,4971.25,4970,4970.25
1702297800,4970.25,4971,4970,4971
1702298100,4970.75,4971.25,4969.25,4969.5
1702298400,4969.25,4969.75,4968.5,4969.25
1702298700,4969.5,4970.5,4969,4970.25
1702299000,4970.25,4970.5,4969,4970
1702299300,4970,4971.5,4969.5,4971.25
1702299600,4971,4971.25,4967.75,4968.25
1702299900,4968.25,4969.25,4968,4969
1702300200,4969,4969.5,4967.5,4968.75
1702300500,4968.75,4972.25,4968.5,4972.25
1702300800,4972.25,4973.25,4971.5,4973
1702301100,4973.25,4973.25,4969.75,4969.75
1702301400,4969.5,4970.5,4968.25,4969.75
1702301700,4969.75,4971,4968.75,4969.75
1702302000,4969.75,4970,4968.25,4968.25
1702302300,4968.25,4969.5,4968.25,4969.25
1702302600,4969.25,4969.75,4968.25,4969.5
1702302900,4969.75,4970.75,4969.25,4969.75
1702303200,4969.75,4972.25,4969.5,4972
1702303500,4972,4972.25,4968.75,4969
1702303800,4968.75,4970.5,4968.5,4969.75
1702304100,4970,4971.25,4969.75,4970
1702304400,4970,4970,4967.25,4967.25
1702304700,4967.25,4968.25,4966.25,4967.75
1702305000,4967.75,4971.5,4965.25,4968
1702305300,4968,4973,4965.75,4972.5
1702305600,4972.75,4974,4971,4971.25
1702305900,4971.5,4974,4971,4972.5
1702306200,4972.5,4974.25,4971.5,4971.75
1702306500,4971.75,4975,4966.75,4974.75
1702306800,4974.5,4975.75,4970,4972
1702307100,4972,4975.25,4971.5,4975
1702307400,4975.25,4976.25,4973.5,4975.5
1702307700,4975.5,4975.75,4972.25,4975.25
1702308000,4975.25,4976.5,4973.25,4973.75
1702308300,4973.5,4974.25,4972,4972.75
1702308600,4972.75,4976.5,4971.5,4976.25
1702308900,4976.25,4978,4973.5,4974.5
1702309200,4974.25,4975.75,4972.5,4974.75
1702309500,4975,4981,4974.75,4979.5
1702309800,4979.75,4982.5,4979.5,4981
1702310100,4981,4982.5,4978.5,4978.75
1702310400,4978.75,4981.5,4978.25,4980.5
1702310700,4980.5,4980.5,4975.75,4976
1702311000,4976,4977,4972.25,4972.5
1702311300,4972.25,4974.75,4972,4974.25
1702311600,4974,4975.5,4971.25,4974.5
1702311900,4974.5,4976.75,4974.25,4975.75
1702312200,4975.5,4976.25,4969.5,4971
1702312500,4971,4976.25,4969.75,4974.75
1702312800,4974.75,4975.5,4971.75,4973.5
1702313100,4973.5,4974.25,4972.75,4973.75
1702313400,4973.75,4976.25,4973.25,4975.25
1702313700,4975.25,4976.5,4974.25,4976
1702314000,4976,4977.25,4973.75,4977
1702314300,4977,4979,4976.75,4977.5
1702314600,4977.5,4978.25,4976.5,4976.75
1702314900,4976.5,4976.75,4974.75,4976.25
1702315200,4976.25,4978.25,4976,4977.75
1702315500,4977.75,4978,4975.75,4977.5
1702315800,4977.75,4978,4976.75,4977.5
1702316100,4977.75,4979.5,4977.25,4979.5
1702316400,4979.25,4979.5,4978.25,4978.75
1702316700,4978.75,4980,4978.5,4979.75
1702317000,4979.75,4980.5,4979,4980
1702317300,4980.25,4980.75,4979.5,4980.25
1702317600,4980.25,4984.25,4977.25,4983.75
1702317900,4983.75,4984,4982,4982.75
1702318200,4982.75,4982.75,4981.75,4981.75
1702318500,4981.75,4984.75,4981.75,4984.75
1702318800,4984.75,4986.75,4984.75,4986.25
1702319100,4986.25,4986.5,4985,4985.5
1702319400,4985.5,4986.25,4985,4985.75
1702319700,4985.75,4986.5,4985,4986
1702320000,4985.75,4987.25,4985.5,4986.5
1702320300,4986.25,4987.5,4985.25,4987
1702320600,4987,4988.25,4987,4987.25
1702320900,4987.25,4987.75,4986.25,4987.25
1702321200,4987.25,4988,4986.5,4986.75
1702321500,4986.75,4987.75,4986.25,4987.75
1702321800,4987.75,4989.25,4987.25,4988
1702322100,4988.25,4988.25,4985.25,4985.5
1702322400,4985.5,4987.25,4985.5,4986.25
1702322700,4986.5,4988.25,4986,4988.25
1702323000,4988,4989.25,4987,4988.25
1702323300,4988,4988.25,4985.75,4987
1702323600,4986.75,4987.5,4985.75,4986
1702323900,4986,4987.5,4985.75,4987.5
1702324200,4987.5,4987.75,4986,4986.75
1702324500,4986.75,4986.75,4985.25,4986.25
1702324800,4986.25,4986.25,4984,4985.25
1702325100,4985.25,4988,4985,4987.25
1702325400,4987.5,4987.5,4985,4987
1702325700,4987,4989.25,4987,4987.75
1702326000,4988,4988.5,4986,4988.5
1702326300,4988.25,4988.5,4985,4985.5
1702326600,4985.5,4986.5,4985,4985.25
1702326900,4985,4988.25,4984.75,4988
1702327200,4988,4989.25,4987,4987
1702327500,4987,4988.5,4986.5,4987.25
1702327800,4987.5,4989.5,4986.5,4989
1702328100,4988.75,4992.75,4988.5,4990.5
1702328400,4990.5,4991.75,4989,4990
1702328700,4990,4990,4988.75,4989.25
1702329000,4989.25,4990.5,4989,4989.75
1702329300,4990,4991,4989.75,4990.75
1702329600,4990.75,4991.5,4990.25,4991.25
1702329900,4991.25,4991.5,4991,4991.5
1702330200,4991.25,4991.5,4990.5,4990.75
1702330500,4990.5,4991,4990.5,4990.75
1702330800,4990.75,4991.25,4990.75,4991.25
1702331100,4991,4991.5,4990.75,4990.75
1702331400,4990.75,4991.25,4990.5,4990.5
1702331700,4990.75,4990.75,4989.5,4990
1702335600,4990.75,4990.75,4988.75,4989.25
1702335900,4989,4989.25,4988,4988.5
1702336200,4988.5,4990,4988.25,4989.5
1702336500,4989.5,4989.5,4988.75,4989
1702336800,4989,4990.75,4989,4990.25
1702337100,4990.5,4990.5,4989.75,4990.25
1702337400,4990,4990.25,4990,4990.25
1702337700,4990,4990.25,4989.75,4990.25
1702338000,4990.25,4990.5,4990,4990.25
1702338300,4990,4990.5,4990,4990.25
1702338600,4990.25,4991.5,4990.25,4991.5
1702338900,4991.5,4991.75,4991,4991.25
1702339200,4991,4991.75,4990.75,4990.75
1702339500,4991,4991.5,4990.5,4991.25
1702339800,4991.25,4991.5,4990.75,4991.5
1702340100,4991.5,4992,4991,4991.75
1702340400,4991.75,4995.5,4991.75,4993.25
1702340700,4993.5,4994.25,4993,4993.5
1702341000,4993.5,4993.5,4991.75,4992.25
1702341300,4992,4992.75,4992,4992.5
1702341600,4992.75,4993.75,4992.5,4993
1702341900,4993.25,4993.5,4992.25,4993.25
1702342200,4993.25,4994,4993,4993.25
1702342500,4993.25,4994.5,4993.25,4993.75
1702342800,4993.75,4993.75,4992.25,4992.75
1702343100,4992.75,4993.5,4992.25,4993.25
1702343400,4993.5,4994,4992.75,4993
1702343700,4992.75,4993,4991.5,4992.25
1702344000,4992.25,4992.5,4991.75,4992.25
1702344300,4992.25,4992.75,4991.5,4991.5
1702344600,4991.5,4992.25,4991,4991
1702344900,4991,4992.5,4990.75,4992.5
1702345200,4992.25,4992.25,4990.75,4990.75
1702345500,4990.75,4992.25,4990.5,4992.25
1702345800,4992,4992.5,4991.75,4992.25
1702346100,4992.25,4992.75,4992.25,4992.5
1702346400,4992.25,4992.75,4992.25,4992.5
1702346700,4992.5,4993.5,4992.25,4993.25
1702347000,4993.25,4994,4993,4993
1702347300,4993,4994,4993,4993.5
1702347600,4993.25,4993.25,4992.5,4992.75
1702347900,4992.75,4993.25,4992.5,4992.5
1702348200,4992.5,4993.25,4992.5,4993
1702348500,4993.25,4993.5,4992.5,4992.5
1702348800,4992.5,4993.25,4992.5,4993.25
1702349100,4993.25,4993.5,4993,4993.25
1702349400,4993.5,4993.5,4993,4993.25
1702349700,4993.5,4994,4993.25,4993.5
1702350000,4993.5,4993.75,4993.25,4993.25
1702350300,4993.25,4993.5,4993,4993.5
1702350600,4993.5,4994,4993.25,4993.75
1702350900,4993.75,4994.5,4993.5,4994.25
1702351200,4994.25,4994.75,4994.25,4994.5
1702351500,4994.5,4994.5,4994,4994.25
1702351800,4994.25,4995.25,4994,4995.25
1702352100,4995,4995.25,4994.75,4995.25
1702352400,4995.25,4995.25,4994.5,4994.75
1702352700,4994.75,4995,4994.5,4994.75
1702353000,4994.75,4994.75,4993.5,4993.75
1702353300,4994,4994,4993,4993.25
1702353600,4993.25,4993.5,4993,4993
1702353900,4993,4993,4992.5,4992.75
1702354200,4992.75,4993.5,4992.5,4993
1702354500,4993,4993.25,4992.75,4993.25
1702354800,4993,4993.25,4992.75,4993.25
1702355100,4993.25,4993.5,4993,4993.5
1702355400,4993.25,4993.75,4993,4993
1702355700,4993.25,4993.25,4992.75,4993
1702356000,4993,4993.25,4992.75,4993
1702356300,4993,4993.25,4992.75,4993
1702356600,4993,4993.5,4993,4993.25
1702356900,4993,4993.25,4992.75,4993
1702357200,4992.75,4993.25,4992.5,4993.25
1702357500,4993.25,4993.25,4992.75,4993
1702357800,4993,4993.25,4993,4993
1702358100,4993,4993.25,4992.75,4993
1702358400,4993,4993.25,4992.75,4993
1702358700,4993,4993.5,4992.75,4993.5
1702359000,4993.25,4993.5,4992.75,4993.5
1702359300,4993.25,4994,4993.25,4994
1702359600,4994,4995,4994,4994.75
1702359900,4994.5,4994.5,4993.75,4994
1702360200,4994,4994,4993.75,4994
1702360500,4994,4994,4993.5,4993.75
1702360800,4993.5,4994.25,4993.5,4993.75
1702361100,4993.75,4993.75,4992.5,4992.75
1702361400,4992.75,4993.75,4992.5,4992.75
1702361700,4992.75,4993,4992.75,4993
1702362000,4992.75,4993.25,4992.25,4992.5
1702362300,4992.5,4992.5,4991.75,4992
1702362600,4992,4992.25,4991.5,4992
1702362900,4992.25,4992.5,4992,4992.25
1702363200,4992.25,4993.25,4992.25,4992.75
1702363500,4992.75,4993.25,4992.75,4993
1702363800,4993.25,4993.5,4993,4993.5
1702364100,4993.5,4993.75,4993,4993.25
1702364400,4993.25,4994,4992.25,4993.75
1702364700,4993.75,4994.5,4993.75,4994
1702365000,4994.25,4994.25,4993.5,4993.5
1702365300,4993.5,4993.75,4993,4993.25
1702365600,4993.5,4994.25,4993,4994.25
1702365900,4994.25,4994.25,4992.75,4992.75
1702366200,4993,4993.75,4992.75,4993
1702366500,4993.25,4993.75,4993,4993.5
1702366800,4993.5,4994,4993.25,4993.5
1702367100,4993.75,4995.5,4993.5,4995.25
1702367400,4995.25,4995.25,4994.75,4994.75
1702367700,4995,4995.25,4993.5,4993.5
1702368000,4993.5,4994.25,4992.75,4993.5
1702368300,4993.75,4995,4992.75,4994.25
1702368600,4994.25,4995.5,4993.5,4995.25
1702368900,4995.25,4996,4993.75,4994
1702369200,4994,4996,4993.75,4995.25
1702369500,4995.5,4997.25,4995,4995.25
1702369800,4995,4995.25,4993,4993.5
1702370100,4993.5,4994.25,4992.5,4994
1702370400,4994,4994.5,4993.75,4994.25
1702370700,4994.25,4994.75,4994,4994.5
1702371000,4994.5,4994.5,4992.5,4992.75
1702371300,4992.75,4993.75,4992.5,4992.75
1702371600,4992.75,4995.25,4992.25,4995
1702371900,4994.75,4994.75,4992.75,4993
1702372200,4993,4994,4992.25,4993.25
1702372500,4993.25,4994.5,4993.25,4994
1702372800,4994,4995,4993.75,4994.25
1702373100,4994.5,4995.25,4994,4995
1702373400,4994.75,4995,4994,4994.25
1702373700,4994,4995.75,4993,4995
1702374000,4995.25,4997.25,4995.25,4997
1702374300,4997,4998,4997,4997.75
1702374600,4997.75,4998.25,4997.25,4998
1702374900,4998,4998.25,4997.5,4998
1702375200,4997.75,4998,4995.75,4995.75
1702375500,4995.5,4996,4994.75,4995.25
1702375800,4995,4995.75,4994.75,4995
1702376100,4994.75,4995.5,4994.75,4994.75
1702376400,4994.75,4995.25,4994,4994.25
1702376700,4994.25,4995.25,4994,4994.75
1702377000,4994.5,4995,4994,4995
1702377300,4995,4995,4994,4994
1702377600,4994,4994.25,4992.5,4993.5
1702377900,4993.5,4993.75,4992.75,4993
1702378200,4993,4993.5,4992.5,4992.5
1702378500,4992.25,4992.75,4991.75,4992
1702378800,4992.25,4993,4991.75,4992.75
1702379100,4992.75,4993,4992,4993
1702379400,4992.75,4993.75,4992.5,4993.25
1702379700,4993.25,4994.25,4993.25,4993.5
1702380000,4993.5,4993.5,4992.25,4992.75
1702380300,4993,4993.75,4992.75,4993
1702380600,4993,4993,4992.25,4992.75
1702380900,4992.75,4993.25,4992.25,4992.5
1702381200,4992.5,4993,4991.25,4991.5
1702381500,4991.5,4992.5,4991.5,4992.25
1702381800,4992.25,4992.75,4991.5,4992.75
1702382100,4992.75,4993.25,4991.5,4991.5
1702382400,4991.5,4993,4991.25,4993
1702382700,4992.75,4994.25,4992.25,4992.25
1702383000,4992.25,4992.5,4991.5,4992.25
1702383300,4992,4993,4992,4992.75
1702383600,4993,4995.5,4992,4994.75
1702383900,4995,4996.25,4994.25,4995.75
1702384200,4995.5,4996,4995,4995.25
1702384500,4995.25,4995.25,4994.5,4995
1702384800,4995.25,4998.5,4994.75,4996.75
1702385100,4996.75,4998,4996.5,4997.25
1702385400,4997,4997.5,4996,4996.5
1702385700,4996.5,4996.75,4995.75,4996.5
1702386000,4996.5,4998.5,4995.75,4998
1702386300,4998,4998.5,4996.5,4997
1702386600,4997,4997.5,4995,4997.25
1702386900,4997.25,4999.75,4997,4998.5
1702387200,4998.75,5000,4998.5,5000
1702387500,4999.75,5003.25,4999.25,5003.25
1702387800,5002,5009.25,4992,4996
1702388100,4996.25,5000.75,4992.75,4997.25
1702388400,4997.25,4997.5,4991.5,4993
1702388700,4993,4993,4988.25,4991
1702389000,4991.25,4993.25,4986.5,4987
1702389300,4987,4989.5,4985.5,4986.75
1702389600,4987,4988.75,4985.75,4988
1702389900,4988,4990.5,4987,4990
1702390200,4990,4991.5,4988.75,4990.25
1702390500,4990.25,4990.5,4986.75,4987.5
1702390800,4987.75,4988.25,4986,4986.5
1702391100,4986.5,4987.25,4983.5,4986
1702391400,4985.75,4986.5,4977.25,4978.5
1702391700,4978.5,4979.5,4975.25,4975.75
1702392000,4975.75,4978.75,4975.25,4976.25
1702392300,4976.25,4982.75,4976,4982.25
1702392600,4982,4984.25,4981.25,4982
1702392900,4982,4984.75,4982,4984.25
1702393200,4984.25,4987.25,4982.25,4986.75
1702393500,4986.75,4990.25,4986.25,4989.75
1702393800,4989.5,4989.75,4986.25,4987.75
1702394100,4987.75,4991,4987.5,4990.25
1702394400,4990.25,4991.75,4988.75,4991.25
1702394700,4991.25,4992.5,4989,4989
1702395000,4989.25,4991.25,4988.25,4990.25
1702395300,4990.25,4992.75,4989.25,4992.25
1702395600,4992.25,4993.75,4991,4992.25
1702395900,4992.25,4994.75,4991.5,4992.5
1702396200,4992.25,4993,4989.5,4992.5
1702396500,4992.5,4996,4992.25,4995.75
1702396800,4995.75,4997,4995.25,4996.75
1702397100,4996.75,4997.5,4993.75,4994.5
1702397400,4994.25,4994.75,4992.75,4994.5
1702397700,4994.5,4994.5,4993,4993.5
1702398000,4993.5,4997,4993.25,4996.75
1702398300,4996.75,4996.75,4993,4994
1702398600,4994.25,4996.25,4993.5,4994.5
1702398900,4994.5,4996.25,4994,4995
1702399200,4995,4996.25,4993.75,4994.5
1702399500,4994.5,4996.5,4994.25,4996.5
1702399800,4996.5,4997.25,4994.75,4995.5
1702400100,4995.5,4996,4993.5,4995
1702400400,4995,4995.75,4993.75,4994.75
1702400700,4994.75,4995,4991.75,4992.25
1702401000,4992.5,4995.25,4991.25,4995.25
1702401300,4995.25,4996.5,4994.75,4995.75
1702401600,4996,4997.75,4995.75,4997.5
1702401900,4997.5,4998,4996,4997.5
1702402200,4997.5,5000.5,4997.25,4999
1702402500,4999.25,4999.5,4997.5,4998.25
1702402800,4998,4998.75,4997.25,4997.5
1702403100,4997.75,4998.5,4995.5,4995.5
1702403400,4995.5,4996.25,4994,4994.5
1702403700,4994.5,4995.75,4994,4995.25
1702404000,4995.25,5000,4994,4999.25
1702404300,4999.25,5000,4996.75,4999
1702404600,4999,4999.25,4997,4998
1702404900,4998,4999.5,4997.75,4998
1702405200,4998,4998,4996.25,4997.25
1702405500,4997,4998.5,4997,4998
1702405800,4998,5000,4997.25,4998.75
1702406100,4999,4999.5,4998,4999.25
1702406400,4999.25,4999.5,4998,4999.25
1702406700,4999.25,5001.25,4999,5001
1702407000,5000.75,5002,5000.5,5001.25
1702407300,5001.5,5001.75,5000.25,5001.25
1702407600,5001.25,5001.5,4999.75,5000.5
1702407900,5000.75,5001.5,5000,5000.5
1702408200,5000.75,5000.75,4999.25,4999.75
1702408500,4999.75,5001.5,4999.5,5001
1702408800,5001,5001.75,5000.75,5001.5
1702409100,5001.75,5002,5001,5001.5
1702409400,5001.75,5003,5001.5,5002.75
1702409700,5002.75,5003.5,5002.25,5002.75
1702410000,5002.75,5003.25,5002.25,5003
1702410300,5003,5004.5,5002.5,5003.25
1702410600,5003.25,5004.5,5003.25,5004
1702410900,5004,5005.5,5003.75,5005
1702411200,5005,5007.75,5004.25,5007.5
1702411500,5007.5,5010,5007.25,5009.5
1702411800,5009.5,5009.75,5007.25,5008.75
1702412100,5009,5010.5,5008.25,5008.5
1702412400,5008.5,5010.75,5008.5,5010
1702412700,5009.75,5010.5,5009,5010.25
1702413000,5010,5010.75,5008.5,5008.75
1702413300,5008.75,5008.75,5006.5,5007
1702413600,5007,5007.75,5005.75,5007.25
1702413900,5007,5008,5006.5,5007.25
1702414200,5007.25,5008.5,5006,5006.75
1702414500,5006.75,5011.5,5006.5,5011
1702414800,5011,5013.25,5009.5,5013
1702415100,5012.75,5013.5,5012.5,5013
1702415400,5012.75,5013.75,5012.5,5013
1702415700,5013.25,5014.75,5013,5013.75
1702416000,5013.75,5014.25,5013.5,5013.75
1702416300,5013.5,5014.25,5013.5,5013.75
1702416600,5013.75,5014.5,5013.75,5014
1702416900,5014,5014.5,5014,5014.25
1702417200,5014.25,5014.25,5014,5014.25
1702417500,5014,5014.25,5013.5,5013.5
1702417800,5013.5,5014,5013.5,5014
1702418100,5014,5014,5013.5,5013.5
1702422000,5013.5,5016.75,5013,5016.5
1702422300,5016.5,5017.25,5016,5017.25
1702422600,5017,5017.25,5016.75,5016.75
1702422900,5016.75,5016.75,5015.75,5016.25
1702423200,5016.5,5016.5,5015,5015.5
1702423500,5015.5,5016,5015.25,5016
1702423800,5015.75,5016.25,5015.5,5016.25
1702424100,5016,5016.5,5016,5016
1702424400,5016.25,5016.25,5015.75,5016.25
1702424700,5016,5016.25,5015.75,5016.25
1702425000,5016.25,5017,5016.25,5016.75
1702425300,5017,5017.25,5017,5017
1702425600,5017,5017,5016.5,5016.75
1702425900,5016.75,5017.75,5016.5,5017.5
1702426200,5017.5,5017.75,5016.75,5016.75
1702426500,5016.75,5017.5,5016.5,5017
1702426800,5017.25,5017.25,5016.75,5017
1702427100,5017.25,5017.25,5016.5,5016.75
1702427400,5016.75,5016.75,5015.25,5015.5
1702427700,5015.25,5016.5,5015.25,5016
1702428000,5016.25,5017.25,5016,5017.25
1702428300,5017,5017.25,5016.75,5017.25
1702428600,5017.25,5017.25,5016.5,5016.5
1702428900,5016.5,5017,5016.25,5017
1702429200,5016.75,5017.5,5016,5016.25
1702429500,5016.25,5017,5016,5016.5
1702429800,5016.5,5016.5,5014.75,5015.5
1702430100,5015.75,5015.75,5014.75,5015.75
1702430400,5015.75,5016.25,5015,5016.25
1702430700,5016.25,5017.25,5016.25,5017
1702431000,5017,5017.75,5016.75,5017.75
1702431300,5017.75,5017.75,5016.75,5017.75
1702431600,5017.75,5018,5016.5,5017
1702431900,5017,5017,5015.25,5015.75
1702432200,5015.75,5016.75,5015.5,5016.75
1702432500,5016.75,5017.25,5016.5,5016.75
1702432800,5017,5017.5,5016.75,5017.25
1702433100,5017.5,5017.5,5017,5017.25
1702433400,5017.5,5017.75,5017.25,5017.5
1702433700,5017.5,5018.25,5017.5,5018
1702434000,5018,5018,5017,5017.25
1702434300,5017.25,5017.25,5016.25,5016.25
1702434600,5016.25,5016.5,5016,5016
1702434900,5016.25,5016.5,5015.5,5016
1702435200,5016,5016.5,5016,5016.25
1702435500,5016.25,5016.75,5016.25,5016.75
1702435800,5016.75,5016.75,5016.25,5016.5
1702436100,5016.5,5016.5,5016,5016.5
1702436400,5016.5,5016.75,5016,5016
1702436700,5016.25,5016.5,5016,5016.25
1702437000,5016.25,5016.5,5016,5016.25
1702437300,5016.25,5016.25,5015.5,5016
1702437600,5015.75,5016.25,5015.75,5016
1702437900,5016,5016,5015.25,5015.25
1702438200,5015.5,5015.5,5015,5015.25
1702438500,5015.25,5015.25,5015,5015.25
1702438800,5015.25,5016,5014.75,5016
1702439100,5015.75,5016,5015.5,5016
1702439400,5016,5016.25,5016,5016
1702439700,5016,5016.25,5015.75,5016
1702440000,5016,5016.25,5015.5,5015.5
1702440300,5015.75,5016,5015.5,5015.75
1702440600,5015.75,5016,5015.75,5015.75
1702440900,5016,5016,5015,5015.25
1702441200,5015.5,5015.75,5015.25,5015.5
1702441500,5015.25,5015.5,5015.25,5015.5
1702441800,5015.5,5015.5,5015,5015.25
1702442100,5015,5015.5,5015,5015.5
1702442400,5015.5,5016,5015.5,5015.5
1702442700,5015.5,5016.5,5015.5,5016.5
1702443000,5016.5,5017,5016.25,5016.5
1702443300,5016.75,5016.75,5016.25,5016.5
1702443600,5016.5,5017,5016.5,5016.75
1702443900,5016.75,5017,5016.5,5016.5
1702444200,5016.5,5016.75,5016.5,5016.75
1702444500,5016.75,5017.25,5016.5,5017
1702444800,5017,5017.25,5017,5017
1702445100,5017,5017,5016.5,5016.75
1702445400,5016.5,5017.25,5016.5,5016.75
1702445700,5017,5017.25,5016.5,5016.5
1702446000,5016.5,5016.75,5016.25,5016.75
1702446300,5016.5,5016.75,5016.5,5016.5
1702446600,5016.5,5016.5,5015.25,5015.5
1702446900,5015.5,5016.25,5015.25,5016
1702447200,5016,5016.25,5015.75,5015.75
1702447500,5015.75,5015.75,5015.5,5015.5
1702447800,5015.5,5016,5015.25,5015.75
1702448100,5016,5016.5,5015.75,5015.75
1702448400,5015.75,5015.75,5015,5015.25
1702448700,5015.25,5015.5,5014.5,5014.75
1702449000,5014.75,5015.5,5014.5,5014.75
1702449300,5014.5,5015.5,5014.5,5015.5
1702449600,5015.5,5015.75,5015.25,5015.25
1702449900,5015.25,5015.5,5014.5,5014.75
1702450200,5014.75,5015,5014.25,5014.25
1702450500,5014.5,5015,5014.25,5014.75
1702450800,5015,5015,5014.25,5015
1702451100,5015,5016.5,5015,5016.5
1702451400,5016.5,5016.75,5015.25,5015.5
1702451700,5015.5,5016,5015.5,5015.75
1702452000,5015.75,5016.5,5015.75,5016.5
1702452300,5016.5,5017.25,5016.25,5017
1702452600,5017,5017,5016.25,5016.5
1702452900,5016.5,5016.5,5015.75,5015.75
1702453200,5016,5016.5,5016,5016.5
1702453500,5016.5,5017.5,5015.75,5015.75
1702453800,5016,5016,5014.75,5015.25
1702454100,5015,5015.25,5014,5014.5
1702454400,5014.5,5016.75,5014.5,5016
1702454700,5016,5017.25,5015.25,5016.75
1702455000,5016.75,5017,5015.5,5016
1702455300,5016,5016.75,5015.25,5016.5
1702455600,5016.25,5016.75,5016,5016.75
1702455900,5016.5,5016.75,5015.75,5016
1702456200,5016.25,5017.5,5015.75,5017.25
1702456500,5017.5,5017.75,5016,5016.75
1702456800,5016.5,5016.5,5015.5,5015.5
1702457100,5015.5,5016.75,5015.5,5016.5
1702457400,5016.5,5016.75,5015.75,5016.5
1702457700,5016.5,5018.25,5016.5,5018.25
1702458000,5018.25,5018.5,5016,5016
1702458300,5016.25,5017.25,5016,5016.5
1702458600,5016.75,5016.75,5015.5,5015.75
1702458900,5016,5016.25,5015.5,5016
1702459200,5016,5017.5,5016,5017
1702459500,5017.25,5017.25,5016.5,5016.5
1702459800,5016.5,5017.5,5016.25,5017.25
1702460100,5017.5,5017.75,5016.5,5016.5
1702460400,5016.5,5017.5,5016.25,5017
1702460700,5017,5017,5015.75,5017
1702461000,5017.25,5017.5,5016.5,5017
1702461300,5016.75,5017,5016,5016.25
1702461600,5016.25,5016.5,5015.75,5016
1702461900,5015.75,5015.75,5015,5015.5
1702462200,5015.5,5016.75,5015.25,5016.5
1702462500,5016.75,5017,5015,5015
1702462800,5015,5015.5,5014.75,5015.25
1702463100,5015.25,5015.5,5015,5015.5
1702463400,5015.25,5016,5015.25,5015.75
1702463700,5015.5,5015.5,5015,5015
1702464000,5015,5015.75,5015,5015
1702464300,5014.75,5016,5014.75,5015.5
1702464600,5015.25,5016.75,5015.25,5016.5
1702464900,5016.5,5017,5015,5015.5
1702465200,5015.25,5015.75,5014.5,5014.5
1702465500,5014.75,5015.5,5014.5,5015.25
1702465800,5015.25,5016.25,5015.25,5016.25
1702466100,5016.5,5017.5,5016.5,5017
1702466400,5017.25,5018,5017.25,5017.75
1702466700,5017.75,5018.25,5017.25,5017.25
1702467000,5017.25,5018.25,5017.25,5018
1702467300,5018,5018,5017.25,5017.75
1702467600,5017.75,5018.25,5017.5,5017.75
1702467900,5017.75,5018,5016.5,5017
1702468200,5016.75,5017.5,5016.5,5017
1702468500,5017,5017,5016.25,5016.75
1702468800,5016.75,5017.5,5016.25,5017
1702469100,5016.75,5017,5015.5,5015.5
1702469400,5015.75,5017,5015.5,5017
1702469700,5016.75,5017.25,5016.5,5016.5
1702470000,5016.75,5016.75,5015.5,5015.5
1702470300,5015.25,5015.5,5014.75,5015.25
1702470600,5015.25,5016.25,5015,5016.25
1702470900,5016.25,5016.75,5015.25,5015.75
1702471200,5015.5,5015.75,5014.5,5014.5
1702471500,5014.75,5015.25,5014.25,5015
1702471800,5014.75,5015.5,5014.75,5015.25
1702472100,5015.25,5015.25,5014.5,5014.75
1702472400,5014.75,5015.25,5014.5,5015.25
1702472700,5015,5016,5015,5015.5
1702473000,5015.5,5015.75,5014.5,5015.25
1702473300,5015.25,5015.75,5014.75,5015
1702473600,5015,5016,5014.75,5016
1702473900,5016,5017.25,5015.75,5016
1702474200,5016.25,5020.75,5015.75,5016.5
1702474500,5016.75,5019.5,5016.5,5018.5
1702474800,5018.5,5019,5016.5,5019
1702475100,5019,5021.25,5018.25,5020.75
1702475400,5020.75,5022.25,5020,5021.75
1702475700,5021.75,5021.75,5020.25,5021.5
1702476000,5021.25,5021.75,5020.5,5021.25
1702476300,5021.25,5021.25,5019.75,5020.25
1702476600,5020,5021.25,5019.25,5019.25
1702476900,5019.25,5020,5018.25,5018.25
1702477200,5018.5,5019,5018,5018.25
1702477500,5018,5018.5,5012.5,5013.5
1702477800,5013.25,5016.75,5011.25,5016.75
1702478100,5016.75,5017,5014.25,5015.25
1702478400,5015.25,5016,5012.5,5013
1702478700,5013.25,5014,5012,5013.25
1702479000,5013.5,5013.5,5011.5,5012.75
1702479300,5012.75,5014,5012,5013.25
1702479600,5013,5013.5,5011.5,5012.5
1702479900,5012.75,5014.5,5010.5,5014.25
1702480200,5014.25,5016.25,5014,5014.75
1702480500,5014.75,5016.75,5014.5,5016.75
1702480800,5016.75,5017.25,5015,5017
1702481100,5017.25,5017.5,5015.75,5016.75
1702481400,5016.75,5018.5,5015.5,5016.25
1702481700,5016.25,5019,5015.75,5017.75
1702482000,5018,5019.5,5017.5,5019.5
1702482300,5019.5,5021.5,5019,5021.25
1702482600,5021.5,5021.5,5019.5,5019.75
1702482900,5020,5021,5019.25,5020
1702483200,5020,5021.75,5019.75,5020.5
1702483500,5020.5,5020.5,5018,5019
1702483800,5018.75,5019.25,5017.5,5018.75
1702484100,5018.75,5020,5018.5,5019
1702484400,5018.75,5020,5017.75,5017.75
1702484700,5017.75,5018.5,5017,5017.5
1702485000,5017.5,5019,5016.75,5017.5
1702485300,5017.75,5018.5,5016,5016.75
1702485600,5016.75,5017.75,5015.75,5016.75
1702485900,5016.75,5017.75,5015.75,5016.75
1702486200,5016.75,5017,5015.25,5016.75
1702486500,5017,5017,5014.5,5014.75
1702486800,5015,5015.5,5013,5013.75
1702487100,5014,5014.5,5013,5014
1702487400,5014.25,5015.5,5013.75,5015
1702487700,5014.75,5015.25,5014,5014.25
1702488000,5014,5015,5013.5,5013.75
1702488300,5013.75,5015,5013.5,5013.75
1702488600,5014,5014.75,5012.5,5014
1702488900,5014,5014.25,5012,5014
1702489200,5014.25,5014.25,5012.5,5013.25
1702489500,5013.5,5014.25,5012.75,5014
1702489800,5014.25,5014.75,5013.75,5014.25
1702490100,5014,5014.5,5013,5013.5
1702490400,5013.5,5013.75,5011.25,5011.5
1702490700,5011.25,5012,5010.5,5011
1702491000,5011,5012,5010,5011.25
1702491300,5011.25,5012,5009.75,5010.25
1702491600,5010.5,5011.25,5009.75,5011
1702491900,5011,5011.75,5010,5010.5
1702492200,5010.5,5011.5,5009.75,5010.75
1702492500,5011,5011.5,5010.5,5011.25
1702492800,5011.5,5012,5010.5,5011.25
1702493100,5011.5,5012.75,5011.25,5012.25
1702493400,5012.25,5014.25,5011.75,5013.75
1702493700,5013.75,5016,5012,5012.5
1702494000,5012.25,5036,5012,5036
1702494300,5036,5040.5,5033.75,5040
1702494600,5040.25,5041.25,5038,5040.25
1702494900,5040.25,5042.5,5039.75,5042.25
1702495200,5042.25,5047.75,5042,5045
1702495500,5045,5045.5,5041.5,5043.75
1702495800,5044,5049.5,5040,5049.5
1702496100,5049.5,5057.5,5049,5057
1702496400,5057.25,5063,5056,5061.5
1702496700,5061.5,5064.25,5058.5,5061.5
1702497000,5061.75,5065.5,5059.25,5065
1702497300,5064.75,5070.5,5064.5,5067.5
1702497600,5067.5,5076.5,5064.75,5076.25
1702497900,5076.25,5077.25,5069.25,5071.5
1702498200,5071.5,5071.5,5064,5064.5
1702498500,5064.5,5066.75,5061.25,5062
1702498800,5062.25,5063.5,5052.5,5052.75
1702499100,5052.5,5058.5,5050.25,5058
1702499400,5058,5059.25,5053.75,5058.75
1702499700,5058.5,5068,5058.5,5068
1702500000,5068,5068.5,5066,5067.5
1702500300,5067.5,5068.25,5065,5066.75
1702500600,5066.75,5068.5,5060.5,5066.25
1702500900,5066,5075.25,5066,5074
1702501200,5073.75,5076.75,5073,5074.5
1702501500,5074.5,5075.25,5072.5,5074.75
1702501800,5074.75,5076.75,5074.5,5076
1702502100,5076,5076,5074.5,5075
1702502400,5075,5076,5074.75,5075.75
1702502700,5075.5,5076,5074.25,5074.5
1702503000,5074.25,5075,5073.75,5074.5
1702503300,5074.5,5074.75,5073.5,5074
1702503600,5074,5074.75,5073.5,5073.75
1702503900,5074,5074.25,5072.75,5073
1702504200,5072.75,5073.5,5072,5072.25
1702504500,5072.25,5072.5,5071.25,5071.5
1702508400,5073.75,5076.25,5072.75,5076
1702508700,5076,5077.5,5076,5077.25
1702509000,5077.25,5078,5076.5,5076.75
1702509300,5076.75,5077.25,5076,5076.5
1702509600,5076.5,5078,5076.5,5078
1702509900,5078.25,5078.75,5077.5,5078.5
1702510200,5078.75,5079.25,5078.25,5079
1702510500,5078.75,5079.75,5078.75,5079.75
1702510800,5079.5,5081.75,5079.25,5081.75
1702511100,5081.75,5081.75,5081,5081.75
1702511400,5081.75,5082.5,5081.25,5081.75
1702511700,5081.75,5082.25,5081.25,5082.25
1702512000,5082,5083.5,5081.75,5083.25
1702512300,5083,5084.5,5083,5083.5
1702512600,5083.5,5085.75,5083.5,5085.5
1702512900,5085.5,5088,5084.5,5087.25
1702513200,5087,5087.5,5086.5,5087.5
1702513500,5087.25,5088.75,5086.75,5087.5
1702513800,5087.5,5089.25,5087.5,5088.5
1702514100,5088.25,5089.25,5087.5,5088.5
1702514400,5088.75,5089,5087.5,5088.5
1702514700,5088.75,5089.75,5088.25,5089.5
1702515000,5089.75,5089.75,5088,5089
1702515300,5089,5089.5,5088.5,5089.25
1702515600,5089.25,5089.75,5088.75,5089
1702515900,5089.25,5089.75,5088.5,5088.5
1702516200,5088.75,5089.5,5088.25,5088.75
1702516500,5088.5,5089.75,5087.5,5089
1702516800,5089,5089.5,5088.25,5088.75
1702517100,5088.75,5088.75,5088.25,5088.5
1702517400,5088.5,5091.75,5088.25,5091.75
1702517700,5091.75,5092.5,5090.25,5090.25
1702518000,5090.25,5090.25,5089.5,5089.75
1702518300,5089.75,5090,5089,5089.5
1702518600,5089.5,5090.25,5089.5,5090.25
1702518900,5090.25,5091,5089.75,5090.75
1702519200,5090.75,5092,5090.5,5092
1702519500,5091.75,5092.5,5091,5092.5
1702519800,5092.25,5093.25,5091.75,5093
1702520100,5093,5093.25,5092.5,5092.5
1702520400,5092.75,5093.75,5092.25,5093.25
1702520700,5093,5094,5092.75,5093.75
1702521000,5093.75,5094.25,5093,5093.25
1702521300,5093.25,5093.75,5092.25,5092.25
1702521600,5092.25,5092.5,5090.5,5091
1702521900,5091,5092,5090.5,5091.75
1702522200,5091.5,5092.5,5091.25,5091.5
1702522500,5091.5,5092,5091.25,5091.75
1702522800,5091.75,5092.5,5091.5,5091.75
1702523100,5091.75,5092.25,5091.5,5091.75
1702523400,5092,5092,5091.25,5091.5
1702523700,5091.5,5091.5,5090.5,5090.5
1702524000,5090.5,5090.75,5089.75,5090.25
1702524300,5090.5,5090.5,5089.25,5089.5
1702524600,5089.5,5090.25,5089.5,5089.75
1702524900,5089.75,5089.75,5087.75,5088
1702525200,5088,5088.5,5087.5,5088
1702525500,5088,5088.75,5087.5,5088.5
1702525800,5088.5,5089.25,5087.75,5088.75
1702526100,5088.75,5089.5,5088.5,5089.5
1702526400,5089.5,5090.25,5089.25,5090
1702526700,5090,5091.5,5090,5091.25
1702527000,5091.5,5091.75,5091,5091.5
1702527300,5091.5,5092.5,5091.25,5092.25
1702527600,5092,5092.5,5092,5092
1702527900,5092.25,5092.25,5091.5,5092
1702528200,5092,5092.5,5091.75,5091.75
1702528500,5091.75,5092,5091,5091.25
1702528800,5091.25,5092.25,5091,5092
1702529100,5092.25,5093.5,5092,5093.25
1702529400,5093.25,5094,5093,5093.75
1702529700,5093.75,5094,5093.5,5094
1702530000,5094,5094.25,5093.25,5093.75
1702530300,5093.75,5093.75,5093,5093.25
1702530600,5093.25,5093.75,5093,5093.75
1702530900,5093.75,5093.75,5092.75,5093
1702531200,5093.25,5093.75,5093,5093.25
1702531500,5093.5,5093.5,5093,5093.25
1702531800,5093.25,5093.25,5092.5,5092.75
1702532100,5092.5,5092.5,5091.25,5092
1702532400,5092.25,5092.25,5090.25,5090.75
1702532700,5090.75,5092,5090.75,5091.25
1702533000,5091.25,5092,5091,5091.75
1702533300,5092,5092,5091.5,5091.75
1702533600,5091.75,5092,5090.75,5092
1702533900,5092,5092.25,5090.5,5090.75
1702534200,5090.75,5091.75,5090.75,5091.25
1702534500,5091.5,5091.75,5091,5091.5
1702534800,5091.75,5092,5091,5091.25
1702535100,5091.25,5091.75,5090.75,5090.75
1702535400,5090.75,5092,5090.5,5091.75
1702535700,5091.75,5093,5091.5,5092.75
1702536000,5092.75,5093,5091.75,5092.5
1702536300,5092.5,5092.5,5091.25,5091.5
1702536600,5091.25,5091.75,5091,5091.25
1702536900,5091.25,5092.5,5091,5092.5
1702537200,5092.25,5092.25,5090.5,5091
1702537500,5090.75,5091,5089.75,5090
1702537800,5090,5090.75,5089.5,5090
1702538100,5090,5090.5,5089,5090.25
1702538400,5090.25,5091,5090,5090.5
1702538700,5090.5,5090.5,5088.25,5088.75
1702539000,5088.5,5089,5087.25,5087.5
1702539300,5087.25,5088,5086.5,5087.5
1702539600,5087.25,5088.25,5087.25,5087.75
1702539900,5087.75,5087.75,5086.75,5087.5
1702540200,5087.5,5089.25,5087.5,5087.75
1702540500,5087.75,5088,5085.5,5085.75
1702540800,5085.75,5088,5085.5,5087.5
1702541100,5087.5,5089.25,5087.5,5088.25
1702541400,5088.25,5092.75,5088,5092.5
1702541700,5092.5,5092.5,5085.75,5086.5
1702542000,5086.75,5090.25,5085.25,5090.25
1702542300,5090.25,5092.75,5089.25,5092.5
1702542600,5092.5,5093.5,5090.5,5091.25
1702542900,5091.25,5092.25,5089.25,5091.25
1702543200,5091.25,5093.5,5090.25,5093
1702543500,5093,5093.5,5090.25,5091.5
1702543800,5091.5,5092.75,5090.75,5091
1702544100,5090.75,5090.75,5086.75,5088
1702544400,5087.75,5088,5083.75,5083.75
1702544700,5083.75,5085.25,5082.75,5084.75
1702545000,5084.75,5085.75,5082.75,5083
1702545300,5083,5083.75,5081.5,5082.25
1702545600,5082.25,5083.25,5080.25,5081.5
1702545900,5081.25,5083.5,5081.25,5081.75
1702546200,5081.75,5083.5,5080.75,5082
1702546500,5082,5083.25,5080.5,5083.25
1702546800,5083.25,5084.25,5082.75,5083.5
1702547100,5083.25,5083.5,5081.25,5082.5
1702547400,5082.5,5083.25,5081.25,5081.75
1702547700,5082,5083,5081.5,5083
1702548000,5083.25,5083.25,5081.25,5083.25
1702548300,5083,5083.25,5081.75,5082.25
1702548600,5082.25,5084.75,5082,5084.5
1702548900,5084.5,5085.5,5083.75,5085
1702549200,5085,5087.5,5085,5086.5
1702549500,5086.25,5087.5,5085.75,5087.25
1702549800,5087.25,5089,5087.25,5087.75
1702550100,5088,5089.75,5087.5,5089.5
1702550400,5089.75,5090.75,5089.25,5090.5
1702550700,5090.25,5090.25,5088,5088.5
1702551000,5088.25,5090,5087.25,5087.5
1702551300,5087.5,5087.75,5085.75,5087.5
1702551600,5087.5,5088,5085,5085.5
1702551900,5085.5,5086.5,5085.25,5086
1702552200,5086.25,5089,5086.25,5089
1702552500,5088.75,5090.25,5087.25,5087.5
1702552800,5087.75,5088.75,5087.5,5088
1702553100,5088,5088.25,5085.25,5086.25
1702553400,5086.5,5088,5085,5085
1702553700,5085,5085.5,5083.5,5085.25
1702554000,5085,5086.75,5085,5085.5
1702554300,5085.5,5086.25,5084.5,5084.75
1702554600,5084.75,5085.75,5084.25,5085.5
1702554900,5085.75,5086.75,5085,5085
1702555200,5085,5088.25,5085,5088
1702555500,5088,5088.75,5087,5087.75
1702555800,5088,5089,5087.75,5088.75
1702556100,5089,5090,5088.75,5089.25
1702556400,5089.25,5090.75,5088.75,5090.75
1702556700,5090.75,5091,5088.75,5089.25
1702557000,5089.25,5090.5,5088.75,5090.5
1702557300,5090.5,5090.5,5088.5,5089
1702557600,5088.75,5090,5088,5089.5
1702557900,5089.5,5090.75,5088.75,5090.25
1702558200,5090.25,5091.25,5089,5089.25
1702558500,5089.25,5089.5,5088.5,5088.75
1702558800,5088.75,5090,5085.75,5086
1702559100,5086,5086.5,5084.25,5084.75
1702559400,5085,5087.25,5084.75,5086.25
1702559700,5086,5088,5084,5084.75
1702560000,5084.75,5087.25,5084.5,5086
1702560300,5086,5089,5085.75,5087.75
1702560600,5087.5,5089.25,5083.5,5086.25
1702560900,5086.25,5090,5085,5089.5
1702561200,5089.75,5096.5,5089.5,5095.5
1702561500,5095.5,5096.5,5094.25,5095.75
1702561800,5095.75,5097.25,5094.5,5097
1702562100,5097,5101,5096.75,5101
1702562400,5101,5101.5,5098.75,5101.25
1702562700,5101.25,5103,5098.5,5099.25
1702563000,5099.25,5100,5096.5,5099.75
1702563300,5099.75,5099.75,5096.75,5097
1702563600,5097,5097,5094,5094
1702563900,5094,5096.75,5090.75,5092.25
1702564200,5092,5101.75,5091.75,5100.5
1702564500,5100.5,5100.5,5089.5,5093
1702564800,5093,5101,5092.25,5101
1702565100,5101,5104.75,5097.25,5097.75
1702565400,5097.5,5098.5,5093,5095.75
1702565700,5095.75,5103.25,5095.5,5099
1702566000,5098.75,5099.5,5092.5,5093.5
1702566300,5093.5,5094.75,5090.25,5093.25
1702566600,5093.25,5095.75,5090.75,5090.75
1702566900,5090.75,5091.5,5085.25,5088
1702567200,5088.25,5090.75,5085.5,5090.25
1702567500,5090.25,5093.5,5087,5090
1702567800,5090.25,5094,5088.5,5093.5
1702568100,5093.5,5094.25,5084,5086.25
1702568400,5086.5,5090.25,5085.75,5087.75
1702568700,5088,5089,5084.75,5087.75
1702569000,5087.75,5093.75,5087,5093.5
1702569300,5093.5,5096,5089.25,5093.25
1702569600,5093.25,5094.25,5089.25,5089.75
1702569900,5090,5091.75,5087.5,5088.75
1702570200,5088.5,5093.5,5082.75,5083.25
1702570500,5083.25,5087.5,5082,5086.5
1702570800,5086.5,5087,5082.75,5084.75
1702571100,5085,5087.25,5082.75,5086.25
1702571400,5086.5,5089.75,5085.75,5086.25
1702571700,5086.25,5087,5082.5,5085.5
1702572000,5085.5,5091.25,5085.25,5090.5
1702572300,5090.75,5093.25,5089.5,5092
1702572600,5092.25,5093.25,5091,5092.75
1702572900,5092.75,5093.75,5091.25,5092.5
1702573200,5092.5,5096,5091.75,5095.75
1702573500,5095.75,5097,5094,5096.5
1702573800,5096.5,5099.25,5095.75,5098.75
1702574100,5099,5099.75,5095.25,5096.5
1702574400,5096.75,5099.5,5096,5096.75
1702574700,5096.75,5100.25,5096.75,5100
1702575000,5099.75,5100.5,5098.5,5100.25
1702575300,5100.25,5100.75,5097,5097.5
1702575600,5097.25,5101,5097.25,5099.75
1702575900,5100,5101,5099,5099.75
1702576200,5100,5100.25,5094.25,5094.5
1702576500,5094.5,5095,5086.5,5087
1702576800,5087.25,5087.25,5079.5,5080
1702577100,5080.25,5082,5079,5081
1702577400,5081,5082,5079,5080.5
1702577700,5080.5,5080.75,5078.75,5079
1702578000,5079,5080.75,5077.5,5078.5
1702578300,5078.5,5078.5,5075.25,5075.5
1702578600,5075.5,5077.75,5074.75,5077.25
1702578900,5077.25,5077.25,5075,5075.75
1702579200,5075.75,5076.25,5074,5074.5
1702579500,5074.75,5075.5,5070.5,5071.25
1702579800,5071.5,5071.5,5059.25,5062.25
1702580100,5062.25,5069.5,5062.25,5068.75
1702580400,5068.75,5073,5068.25,5070.75
1702580700,5070.75,5072.5,5070.5,5070.75
1702581000,5070.75,5075.5,5069,5074
1702581300,5074,5077.25,5073.25,5076.75
1702581600,5077,5079,5076.25,5079
1702581900,5079,5079.5,5076.5,5078.75
1702582200,5078.75,5080,5076.75,5079.5
1702582500,5079.25,5080.75,5077.25,5077.5
1702582800,5077.5,5079.75,5076.25,5079.25
1702583100,5079,5081.5,5078.75,5081.25
1702583400,5081.25,5081.5,5079.5,5080
1702583700,5079.75,5083,5079.5,5082.25
1702584000,5082.25,5083,5080.25,5080.25
1702584300,5080.25,5083,5080,5082.25
1702584600,5082.25,5083.25,5080.75,5081.25
1702584900,5081.25,5083.75,5080,5083.5
1702585200,5083.5,5084,5082.25,5083.75
1702585500,5083.5,5084,5081.25,5081.5
1702585800,5081.75,5083.25,5081,5081.25
1702586100,5081,5083.5,5079.5,5080
1702586400,5080,5081.5,5078.25,5079
1702586700,5079,5083,5077.75,5079.25
1702587000,5079,5083.75,5078.5,5080.25
1702587300,5080.25,5088.75,5079.75,5088.25
1702587600,5088,5089,5084,5085
1702587900,5084.75,5085.25,5083.5,5083.75
1702588200,5083.75,5084.5,5083,5083
1702588500,5082.75,5084,5082.75,5083.25
1702588800,5083.25,5083.5,5081.5,5082.75
1702589100,5082.75,5083,5081.25,5081.25
1702589400,5081.25,5082.25,5081.25,5081.75
1702589700,5081.5,5082,5081,5081.75
1702590000,5081.5,5082.5,5081.5,5082.25
1702590300,5082.25,5083,5081.75,5083
1702590600,5082.75,5083.25,5082.5,5082.75
1702590900,5082.75,5083,5081.25,5081.5
1702594800,5080.75,5082.5,5079.5,5080
1702595100,5080.25,5080.75,5078.75,5079.25
1702595400,5079.5,5080.5,5079,5080.25
1702595700,5080.5,5082.25,5080.25,5082.25
1702596000,5082.25,5083,5082,5082.75
1702596300,5082.75,5084.5,5082.75,5083.75
1702596600,5084,5084.5,5083.5,5084.25
1702596900,5084.25,5084.25,5083.25,5083.75
1702597200,5083.75,5084.75,5083.75,5084.25
1702597500,5084.25,5085,5084,5084.25
1702597800,5084.5,5085.25,5084.5,5085
1702598100,5084.75,5085,5084.25,5084.75
1702598400,5084.75,5086.75,5084.75,5086.5
1702598700,5086.5,5087,5086,5087
1702599000,5086.75,5087.25,5086.25,5087.25
1702599300,5087,5088,5085.75,5086
1702599600,5086,5086.5,5085.25,5086.25
1702599900,5086.25,5086.75,5085.5,5085.5
1702600200,5085.75,5086.75,5085.5,5086
1702600500,5086,5086.25,5085.25,5086
1702600800,5086,5087,5086,5086.25
1702601100,5086.25,5086.25,5084.75,5085
1702601400,5085.25,5085.75,5085,5085.25
1702601700,5085.25,5086.25,5084.75,5085.5
1702602000,5085.75,5086.25,5084,5084.5
1702602300,5084.5,5084.75,5081.5,5082.5
1702602600,5082.25,5084.5,5081.5,5083.5
1702602900,5083.5,5085.5,5083.25,5085
1702603200,5085,5086,5085,5085.75
1702603500,5085.75,5086,5084.75,5085.75
1702603800,5086,5086.5,5085,5085.25
1702604100,5085.25,5086.25,5085.25,5086
1702604400,5086,5086.25,5085.25,5085.5
1702604700,5085.5,5086.75,5085.5,5086.5
1702605000,5086.5,5086.5,5085.5,5085.5
1702605300,5085.5,5086.25,5085.25,5085.75
1702605600,5085.75,5086.25,5085.25,5085.75
1702605900,5085.75,5087,5085.75,5086.25
1702606200,5086.5,5086.75,5086,5086.5
1702606500,5086.5,5087.25,5086.25,5087.25
1702606800,5087,5088,5087,5087.75
1702607100,5087.75,5088.25,5087.5,5088
1702607400,5088,5088.5,5087.25,5087.5
1702607700,5087.5,5087.75,5086.25,5086.75
1702608000,5086.75,5087.5,5086.5,5086.75
1702608300,5086.75,5087,5086.5,5087
1702608600,5087,5087.25,5086.75,5087
1702608900,5087,5087.75,5087,5087.75
1702609200,5087.75,5087.75,5087,5087.5
1702609500,5087.5,5088.25,5087.5,5088
1702609800,5087.75,5088.25,5087.5,5088
1702610100,5088,5088.25,5087.5,5087.75
1702610400,5087.75,5088.25,5087.5,5087.75
1702610700,5088,5088.5,5088,5088
1702611000,5088,5088.5,5087.75,5088.5
1702611300,5088.5,5088.75,5088.25,5088.5
1702611600,5088.5,5089.5,5088.25,5089.5
1702611900,5089.5,5089.75,5089.25,5089.75
1702612200,5089.5,5089.75,5089.25,5089.5
1702612500,5089.5,5091.5,5089.25,5091.5
1702612800,5091.5,5091.75,5090.5,5090.75
1702613100,5090.75,5091.25,5090.5,5090.75
1702613400,5091,5091.75,5090.75,5091.25
1702613700,5091.25,5091.5,5090.75,5091.25
1702614000,5091.5,5091.75,5091,5091.25
1702614300,5091.25,5091.75,5091,5091.75
1702614600,5091.75,5092,5091.5,5091.75
1702614900,5091.5,5092,5091.5,5091.75
1702615200,5091.5,5092,5091.25,5092
1702615500,5092,5092,5091,5091.25
1702615800,5091.25,5091.5,5091,5091.25
1702616100,5091.25,5092.25,5091.25,5092.25
1702616400,5092.25,5092.25,5091.5,5092
1702616700,5092,5092.75,5091.5,5092.25
1702617000,5092.5,5092.5,5091.5,5092
1702617300,5092,5092.25,5091.5,5091.75
1702617600,5091.75,5091.75,5090,5091.25
1702617900,5091.25,5092,5090.75,5092
1702618200,5091.75,5091.75,5090,5090
1702618500,5090,5090.5,5089.5,5090
1702618800,5090,5090.75,5089.75,5090.25
1702619100,5090,5091.25,5090,5091
1702619400,5091,5092,5090.75,5092
1702619700,5091.75,5093,5091.75,5092.25
1702620000,5092,5092,5090.75,5091
1702620300,5090.75,5091.75,5090.75,5091.5
1702620600,5091.5,5091.5,5090.5,5091
1702620900,5090.75,5091,5090.5,5091
1702621200,5091,5091.25,5090.5,5091
1702621500,5090.75,5091.25,5090.5,5090.75
1702621800,5090.75,5092,5090.75,5091.25
1702622100,5091.5,5092,5091,5091
1702622400,5091.25,5092,5091.25,5091.75
1702622700,5091.5,5091.75,5090.5,5091.5
1702623000,5091.5,5092.25,5091.25,5092
1702623300,5091.75,5092.25,5090.25,5091.25
1702623600,5091.25,5092.25,5091,5091.75
1702623900,5091.75,5093.5,5091.75,5093.25
1702624200,5093.25,5094.75,5093.25,5094.5
1702624500,5094.5,5095.5,5094.5,5094.75
1702624800,5094.75,5095.5,5094.25,5094.5
1702625100,5094.5,5096,5094.25,5095.5
1702625400,5095.5,5096.75,5095.5,5096.5
1702625700,5096.5,5096.75,5096.25,5096.5
1702626000,5096.5,5097.75,5096.5,5097.5
1702626300,5097.5,5098,5097,5097.5
1702626600,5097.5,5098,5097.25,5097.5
1702626900,5097.75,5098.25,5097.5,5097.5
1702627200,5097.25,5098.25,5097.25,5098.25
1702627500,5098.25,5098.75,5097,5097.5
1702627800,5097.25,5098,5096.5,5096.5
1702628100,5096.75,5097.5,5096,5097
1702628400,5097,5097,5095.25,5095.75
1702628700,5095.75,5097.25,5095.25,5096.25
1702629000,5096.25,5097.5,5096.25,5096.75
1702629300,5096.5,5096.75,5095,5095.25
1702629600,5095.5,5097.5,5095.5,5096.5
1702629900,5096.5,5096.75,5095.5,5095.5
1702630200,5095.5,5097.75,5095.25,5097.5
1702630500,5097.75,5098.5,5097.5,5098.5
1702630800,5098.25,5098.5,5096,5096.25
1702631100,5096.25,5098,5095.75,5097.75
1702631400,5097.75,5098.75,5097.5,5098.75
1702631700,5098.75,5098.75,5097.75,5098.75
1702632000,5098.5,5099.25,5098.5,5099.25
1702632300,5099.25,5099.5,5098.25,5099.25
1702632600,5099,5099.25,5098,5098.75
1702632900,5099,5099.5,5098.5,5099
1702633200,5099,5099.75,5098,5099.5
1702633500,5099.75,5100,5099.25,5099.75
1702633800,5099.75,5100.25,5099.25,5100
1702634100,5100.25,5100.75,5100,5100.25
1702634400,5100,5101,5100,5100.75
1702634700,5100.75,5101,5100,5100.5
1702635000,5100.75,5101.25,5100,5101
1702635300,5101,5102,5100.75,5101.5
1702635600,5101.75,5102,5100.25,5100.25
1702635900,5100.25,5101,5100,5101
1702636200,5101,5101,5099.25,5099.25
1702636500,5099.5,5099.5,5098.25,5098.75
1702636800,5098.5,5098.5,5097.25,5097.75
1702637100,5097.75,5098.75,5097,5098.75
1702637400,5098.75,5099.5,5097.75,5098.5
1702637700,5098.5,5100,5098.25,5098.5
1702638000,5098.5,5099,5097.25,5097.75
1702638300,5097.75,5099.25,5097.75,5098.5
1702638600,5098.25,5099.75,5098.25,5099.25
1702638900,5099.25,5100.25,5098.75,5100
1702639200,5100,5100.25,5098.5,5099.25
1702639500,5099,5099.75,5098.5,5099
1702639800,5099,5099.75,5098.75,5099.5
1702640100,5099.5,5099.75,5098.75,5099.25
1702640400,5099,5100,5098.75,5099.25
1702640700,5099.25,5101,5099.25,5100.5
1702641000,5100.5,5101,5100,5100.5
1702641300,5100.5,5100.5,5098.75,5099
1702641600,5098.75,5099.5,5098,5098.25
1702641900,5098.25,5099.25,5097.75,5098.5
1702642200,5098.5,5099,5097.5,5097.75
1702642500,5097.75,5098.5,5097.5,5098.5
1702642800,5098.5,5099,5098,5099
1702643100,5099,5099.5,5098.5,5099
1702643400,5099,5099.25,5098,5098.5
1702643700,5098.5,5099.5,5098.5,5098.75
1702644000,5098.75,5098.75,5096.25,5096.5
1702644300,5096.5,5096.75,5095.25,5095.5
1702644600,5095.5,5096,5095,5095.5
1702644900,5095.25,5095.5,5093.5,5094.75
1702645200,5094.75,5095.5,5093.5,5093.75
1702645500,5093.5,5094.75,5093.25,5094.5
1702645800,5094.5,5095.5,5094.25,5095
1702646100,5095,5095.25,5093.25,5093.5
1702646400,5093.75,5094.5,5092.5,5094.25
1702646700,5094,5096,5093.5,5095.75
1702647000,5096,5097.75,5089.75,5091
1702647300,5091,5091.5,5083,5083
1702647600,5083.25,5085,5078.25,5083.5
1702647900,5083.75,5084.5,5081.5,5083.25
1702648200,5083,5087.25,5082.5,5086.25
1702648500,5086.25,5087.5,5084.75,5085.75
1702648800,5086,5087.75,5084.5,5086.25
1702649100,5086.25,5089.25,5085.25,5089.25
1702649400,5089,5091.25,5088.25,5090.5
1702649700,5090.25,5092.5,5089.5,5091.5
1702650000,5091.5,5092.75,5089.25,5089.5
1702650300,5089.5,5089.5,5079.5,5081
1702650600,5081.25,5082.25,5076,5077.75
1702650900,5077.5,5080.25,5074.5,5078
1702651200,5078.25,5083.75,5076.75,5081
1702651500,5081.25,5083.25,5076.5,5078.25
1702651800,5078.5,5084.25,5077.25,5082.5
1702652100,5082.5,5083,5076.25,5077.25
1702652400,5077.25,5081.25,5077,5079.25
1702652700,5079.25,5083,5079,5081.75
1702653000,5081.75,5084,5077,5083.25
1702653300,5083,5086,5080,5082.75
1702653600,5082.5,5086,5081,5082.5
1702653900,5082.5,5088.25,5082.25,5086.75
1702654200,5086.5,5089,5085.5,5087.75
1702654500,5087.75,5088.75,5086.5,5087.5
1702654800,5087.5,5089,5084.5,5084.5
1702655100,5084.5,5087,5084.25,5086.75
1702655400,5087,5090.75,5087,5090
1702655700,5090.25,5091.5,5088.75,5089.5
1702656000,5089.5,5091,5089,5089.75
1702656300,5090,5090,5084,5085.75
1702656600,5085.75,5088.25,5083.5,5087.5
1702656900,5087.25,5088.75,5084.75,5087.75
1702657200,5087.75,5088.75,5085.5,5088.5
1702657500,5088.25,5090.5,5087.75,5089.5
1702657800,5089.5,5091.25,5088.25,5089.25
1702658100,5089.25,5091.25,5087.25,5087.5
1702658400,5087.75,5088,5085.5,5087
1702658700,5086.75,5087.25,5085,5085.5
1702659000,5085.5,5087.25,5085,5085.5
1702659300,5085.25,5087.75,5084.5,5087
1702659600,5087,5088.25,5084,5085
1702659900,5085,5087.25,5084.5,5086.25
1702660200,5086,5088.75,5085.75,5087
1702660500,5087,5088.75,5085.5,5088.25
1702660800,5088,5088.75,5086,5088.5
1702661100,5088.5,5090.25,5088,5089.5
1702661400,5089.25,5089.75,5087,5087.5
1702661700,5087.5,5087.75,5084.25,5085.5
1702662000,5085.5,5085.75,5084,5084.75
1702662300,5085,5085.25,5080.5,5084.75
1702662600,5084.5,5085.75,5081.75,5082.25
1702662900,5082,5082.75,5079,5080
1702663200,5079.75,5081.75,5079,5080.75
1702663500,5080.75,5083,5080.5,5080.75
1702663800,5080.75,5081.75,5079,5081.25
1702664100,5081.25,5082.5,5079.25,5080.5
1702664400,5080.75,5083.5,5080,5082.75
1702664700,5082.75,5084.25,5081.25,5084.25
1702665000,5084,5085.75,5083.25,5084.25
1702665300,5084.5,5084.5,5078.5,5079.75
1702665600,5079.75,5079.75,5072,5072.75
1702665900,5072.75,5076.5,5070.5,5076.25
1702666200,5076.25,5077.75,5072,5073.5
1702666500,5073.5,5075,5070.25,5072.75
1702666800,5073,5074.75,5070.75,5073.5
1702667100,5073.5,5074.25,5070.75,5072.5
1702667400,5072.25,5075.5,5071,5074
1702667700,5074,5078,5074,5076.5
1702668000,5076.5,5076.75,5073.75,5074
1702668300,5074.25,5075,5070.75,5071
1702668600,5071,5076.75,5071,5076
1702668900,5075.75,5078.5,5075.75,5077.25
1702669200,5077.5,5079.5,5076.25,5078.75
1702669500,5078.5,5079.25,5076,5076.75
1702669800,5076.75,5078,5075.75,5076.25
1702670100,5076.25,5076.5,5072.5,5076.25
1702670400,5076.25,5079.25,5076,5078.25
1702670700,5078.25,5078.25,5074.75,5075.25
1702671000,5075.25,5077.75,5075.25,5076.75
1702671300,5076.5,5078.75,5076,5078.25
1702671600,5078.5,5080,5077.75,5079.5
1702671900,5079.75,5082,5079.75,5080.5
1702672200,5080.5,5081.75,5078.5,5079
1702672500,5079.25,5079.25,5075.75,5077.75
1702672800,5077.75,5079,5076.75,5077.25
1702673100,5077.25,5080,5077,5079.75
1702673400,5079.75,5092.5,5079.75,5091.25
1702673700,5091.5,5092.25,5079,5079.75
1702674000,5079.75,5084,5079,5082
1702674300,5082.25,5084,5080.75,5083.75
1702674600,5083.5,5086,5083.5,5084.25
1702674900,5084.5,5085.25,5083.25,5084.25
1702675200,5084,5084.75,5083.5,5084.5
1702675500,5084.5,5085.25,5084.25,5084.75
1702675800,5084.75,5085.5,5083.75,5084
1702676100,5084,5084.25,5083,5083.75
1702676400,5083.75,5084,5083,5083.5
1702676700,5083.5,5083.75,5083,5083.5
1702677000,5083.25,5084,5083.25,5083.75
1702677300,5083.75,5083.75,5082.25,5082.5
1702854000,5083.5,5086.5,5083.5,5085.5
1702854300,5085.5,5086,5084.5,5085.5
1702854600,5085.5,5085.75,5084.25,5084.5
1702854900,5084.5,5084.75,5084.25,5084.75
1702855200,5084.5,5084.75,5082.75,5082.75
1702855500,5083,5083.75,5082.5,5083
1702855800,5083.25,5084.5,5083.25,5084.25
1702856100,5084.5,5085.75,5084.25,5085.25
1702856400,5085.25,5085.25,5084.5,5085.25
1702856700,5085.25,5086,5085,5085.5
1702857000,5085.75,5087,5085.5,5086
1702857300,5086.25,5087.25,5086.25,5087.25
1702857600,5087.25,5088.75,5086.5,5088.5
1702857900,5088.5,5090,5087.75,5089.75
1702858200,5089.75,5089.75,5088.75,5089.75
1702858500,5089.75,5090,5089.25,5089.25
1702858800,5089.25,5091,5089.25,5090.75
1702859100,5090.75,5091,5089.5,5090.75
1702859400,5090.5,5090.75,5089.75,5090
1702859700,5090,5091.5,5089.5,5091
1702860000,5091,5091.25,5089.5,5089.5
1702860300,5089.5,5089.75,5088.25,5089
1702860600,5089.25,5089.5,5088.75,5089
1702860900,5089,5089.75,5089,5089.5
1702861200,5089.5,5089.75,5088.75,5089.75
1702861500,5089.5,5089.75,5088.25,5088.25
1702861800,5088.25,5089.5,5087.5,5089.5
1702862100,5089.75,5090.25,5088.75,5089.75
1702862400,5089.75,5090,5089,5089.25
1702862700,5089.25,5090.25,5089.25,5089.75
1702863000,5089.75,5090.75,5089,5090.75
1702863300,5090.5,5090.75,5089.5,5089.5
1702863600,5089.75,5090,5088.75,5089.5
1702863900,5089.5,5089.5,5087.75,5089.25
1702864200,5089.25,5089.5,5088.75,5088.75
1702864500,5089,5089.25,5088.75,5089
1702864800,5089,5089.25,5088.5,5088.75
1702865100,5088.5,5089.25,5088.25,5088.75
1702865400,5088.75,5090,5088.75,5090
1702865700,5089.75,5090.25,5089.25,5090
1702866000,5090,5090,5089.25,5089.5
1702866300,5089.5,5090,5089.25,5090
1702866600,5089.75,5090.5,5089.5,5090.5
1702866900,5090.5,5090.75,5090,5090.5
1702867200,5090.5,5090.75,5089.5,5090
1702867500,5090,5090.5,5089.75,5090.5
1702867800,5090.5,5090.75,5090,5090.5
1702868100,5090.5,5090.5,5090,5090.25
1702868400,5090,5090,5089.5,5089.75
1702868700,5090,5090,5089.5,5089.75
1702869000,5089.75,5090,5089.5,5089.75
1702869300,5089.75,5090.5,5089.5,5090.5
1702869600,5090.5,5091,5090.25,5091
1702869900,5091,5091.25,5090.25,5090.25
1702870200,5090.5,5090.5,5090,5090
1702870500,5090,5090.5,5089.75,5090.5
1702870800,5090.5,5090.5,5090,5090.25
1702871100,5090.25,5091,5090.25,5090.75
1702871400,5091,5092.5,5091,5091.75
1702871700,5091.75,5092,5091.25,5091.5
1702872000,5091.75,5091.75,5091,5091.5
1702872300,5091.5,5092.25,5091.5,5091.75
1702872600,5092.25,5092.25,5091.75,5092.25
1702872900,5092,5092.25,5091.75,5092
1702873200,5092,5093.5,5091.75,5093.5
1702873500,5093.75,5093.75,5092.75,5092.75
1702873800,5092.75,5093,5092.25,5092.25
1702874100,5092.25,5092.5,5091.75,5092.5
1702874400,5092.75,5093.75,5092.75,5093.5
1702874700,5093.5,5093.75,5093,5093.25
1702875000,5093,5093.75,5093,5093.75
1702875300,5093.75,5094.25,5093.5,5094
1702875600,5094.25,5094.25,5093.75,5094
1702875900,5094,5094.75,5094,5094.25
1702876200,5094.25,5094.5,5094,5094.5
1702876500,5094.25,5094.75,5094.25,5094.25
1702876800,5094.5,5095,5094.25,5095
1702877100,5094.75,5095,5094.5,5094.75
1702877400,5095,5095,5094.75,5095
1702877700,5095,5095,5094.75,5094.75
1702878000,5095,5095,5094.25,5094.75
1702878300,5095,5095,5094.5,5094.5
1702878600,5094.5,5094.5,5093.75,5094.25
1702878900,5094.25,5094.75,5094.25,5094.5
1702879200,5094.5,5094.5,5093.75,5094
1702879500,5094.25,5095,5094.25,5094.75
1702879800,5094.75,5095.5,5094.75,5095.5
1702880100,5095.25,5095.75,5094.75,5095
1702880400,5094.75,5095.25,5094.75,5095
1702880700,5095,5095.5,5094.5,5095.5
1702881000,5095.5,5095.5,5094.25,5094.25
1702881300,5094.5,5094.75,5094.25,5094.25
1702881600,5094.5,5094.5,5093.5,5093.5
1702881900,5093.5,5093.75,5093,5093.25
1702882200,5093.25,5093.75,5093.25,5093.25
1702882500,5093,5093.75,5093,5093
1702882800,5093,5093,5091.25,5092
1702883100,5091.75,5092.25,5091.25,5091.5
1702883400,5091.75,5092.25,5091.25,5092
1702883700,5092,5092.5,5091.75,5092
1702884000,5091.75,5093,5091.75,5092.25
1702884300,5092,5093,5091.75,5093
1702884600,5092.75,5094,5092.75,5093
1702884900,5093,5094,5093,5093.75
1702885200,5093.75,5094.75,5093.75,5094.75
1702885500,5094.75,5095,5094,5094
1702885800,5094,5094.25,5093.25,5093.5
1702886100,5093.25,5093.5,5091,5091.25
1702886400,5091.25,5091.25,5088.5,5090.25
1702886700,5090.25,5090.25,5088.25,5089.75
1702887000,5089.75,5090,5088.25,5089
1702887300,5089,5090.5,5089,5089.75
1702887600,5089.5,5089.75,5087.25,5087.5
1702887900,5087.75,5088,5084.25,5084.75
1702888200,5084.75,5087.75,5084,5087.25
1702888500,5087.25,5088.75,5086.25,5088.75
1702888800,5088.75,5089.75,5088,5089.25
1702889100,5089,5091.25,5089,5091
1702889400,5091,5091.5,5090,5091
1702889700,5091,5091.5,5090.5,5091
1702890000,5091,5091.25,5089,5090.5
1702890300,5090.5,5092.75,5090.5,5091.75
1702890600,5092,5092.75,5091.25,5092.5
1702890900,5092.75,5092.75,5090,5090
1702891200,5090.25,5092.75,5089.75,5092.75
1702891500,5092.75,5093.75,5092.25,5093.5
1702891800,5093.5,5093.5,5092.25,5093
1702892100,5093,5094.25,5093,5094
1702892400,5094,5094.25,5093.25,5093.25
1702892700,5093.5,5093.5,5092.25,5092.5
1702893000,5092.5,5093,5092,5092.25
1702893300,5092.25,5093,5092,5092.25
1702893600,5092.25,5092.5,5091.25,5092.25
1702893900,5092,5092,5090.5,5090.75
1702894200,5090.75,5092,5090.75,5091.5
1702894500,5091.5,5093,5091,5092.25
1702894800,5092.25,5093.75,5091.75,5093.5
1702895100,5093.5,5093.75,5092.25,5093.5
1702895400,5093.5,5095,5093.25,5093.25
1702895700,5093,5093.25,5091.75,5092
1702896000,5092,5092.25,5090.75,5091.25
1702896300,5091.25,5091.25,5090.25,5091
1702896600,5090.75,5091.25,5090,5090.5
1702896900,5090.5,5091.5,5090.25,5090.25
1702897200,5090.25,5090.75,5089.75,5090.25
1702897500,5090,5091.75,5090,5090.75
1702897800,5090.5,5091.5,5089.75,5091.25
1702898100,5091.25,5092.25,5090.75,5092
1702898400,5092.25,5093.25,5092,5093
1702898700,5092.75,5092.75,5090.25,5090.25
1702899000,5090.25,5090.5,5089,5089
1702899300,5089.25,5089.25,5088.5,5088.75
1702899600,5088.75,5089.25,5087.5,5087.75
1702899900,5087.75,5088.5,5086.75,5087.25
1702900200,5087.25,5088.75,5086.75,5088.5
1702900500,5088.25,5088.75,5087,5088
1702900800,5088,5090.5,5088,5090.5
1702901100,5090.25,5091.5,5090,5091.25
1702901400,5091.5,5093,5091.5,5092.75
1702901700,5092.75,5092.75,5091.25,5091.5
1702902000,5091.5,5092.5,5091.25,5091.25
1702902300,5091.5,5092.5,5091.25,5091.25
1702902600,5091.25,5091.5,5090.75,5091
1702902900,5091,5091.5,5090.5,5091
1702903200,5090.75,5091.75,5090.5,5090.5
1702903500,5090.75,5091,5090,5090
1702903800,5090,5091.5,5090,5091
1702904100,5091,5093.25,5090.75,5093
1702904400,5093,5093.75,5091.5,5093
1702904700,5093,5093,5090.5,5091.5
1702905000,5091.5,5093.5,5091.5,5092.5
1702905300,5092.75,5092.75,5091.25,5092
1702905600,5092,5094.25,5092,5093.75
1702905900,5093.75,5094.25,5092.5,5093
1702906200,5093,5095.25,5093,5093.75
1702906500,5094,5094.75,5091.25,5092
1702906800,5092,5093.25,5090.75,5092.25
1702907100,5092.25,5096.75,5092.25,5096.5
1702907400,5096.5,5097.5,5095.5,5096.25
1702907700,5096.25,5096.5,5095.25,5095.5
1702908000,5095.5,5096.5,5094.5,5094.75
1702908300,5094.5,5094.75,5092.5,5093.25
1702908600,5093,5094.25,5092,5092.25
1702908900,5092.5,5094.25,5091.75,5092.75
1702909200,5092.75,5095.25,5092.75,5094.5
1702909500,5094.25,5095.5,5093.5,5095.25
1702909800,5095,5098.5,5093.25,5096.75
1702910100,5097,5099.75,5096,5098.5
1702910400,5098.75,5099.5,5095.25,5097.25
1702910700,5097.25,5099.75,5096.75,5097.5
1702911000,5097.75,5098.75,5096,5096.75
1702911300,5096.75,5099.25,5095.5,5099
1702911600,5099,5103.25,5099,5102
1702911900,5102,5103.75,5101.25,5102.25
1702912200,5102.5,5103.75,5098.5,5100
1702912500,5100,5103.5,5099,5103.25
1702912800,5103.25,5103.5,5099.25,5103.25
1702913100,5103.5,5104.5,5101.25,5103.25
1702913400,5103.5,5104.25,5101.5,5103.25
1702913700,5103,5103.75,5099.5,5100
1702914000,5099.75,5101.25,5099.25,5099.75
1702914300,5099.75,5100.25,5096.5,5099
1702914600,5099,5099.25,5096.75,5097
1702914900,5097,5098.75,5096,5098
1702915200,5098,5098.25,5096.25,5097
1702915500,5097,5099.25,5096.25,5099.25
1702915800,5099.25,5102.25,5098.75,5101.75
1702916100,5102,5106.25,5101.75,5106
1702916400,5106,5106.5,5103.25,5104.25
1702916700,5104.5,5106,5104,5105.25
1702917000,5105.25,5107.25,5105,5106.25
1702917300,5106.25,5106.75,5104.5,5105.25
1702917600,5105.25,5106.25,5104.75,5106
1702917900,5106,5106.25,5104.75,5105.5
1702918200,5105.5,5106.75,5104.5,5105.25
1702918500,5105.5,5106.5,5104.5,5105.25
1702918800,5105.5,5108,5105.25,5107
1702919100,5107.25,5108.5,5106.75,5108.25
1702919400,5108.5,5110,5108.25,5109.75
1702919700,5109.75,5112.25,5109.5,5112
1702920000,5112,5112.25,5109.75,5110
1702920300,5109.75,5110.75,5109.25,5110.5
1702920600,5110.5,5111,5109.75,5110.25
1702920900,5110.25,5110.5,5108.5,5109
1702921200,5109,5109.5,5107.75,5109
1702921500,5109,5109.25,5108.25,5108.5
1702921800,5108.75,5108.75,5107.75,5108.25
1702922100,5108,5109.75,5107.5,5109.75
1702922400,5109.5,5110.25,5106.5,5106.5
1702922700,5106.75,5109,5106.5,5108.25
1702923000,5108.25,5109.25,5108.25,5108.5
1702923300,5108.5,5109.75,5107.75,5109.5
1702923600,5109.5,5110.25,5109.25,5109.5
1702923900,5109.25,5111.25,5109.25,5110.75
1702924200,5110.75,5112,5110.25,5110.5
1702924500,5110.5,5111,5109,5109.25
1702924800,5109,5109.75,5108.25,5109.25
1702925100,5109,5110,5108.75,5110
1702925400,5110,5110.5,5109.75,5110.25
1702925700,5110,5110.5,5109,5110.5
1702926000,5110.5,5111.25,5110.25,5110.75
1702926300,5111,5111.75,5109,5110
1702926600,5109.75,5111.75,5109.75,5110.5
1702926900,5110.5,5111,5109.5,5110
1702927200,5110,5115.25,5110,5114
1702927500,5114,5114.25,5109,5110.25
1702927800,5110.5,5110.75,5107.5,5107.75
1702928100,5108,5109.75,5107.5,5109.25
1702928400,5109.25,5112,5109,5111.25
1702928700,5111.5,5112.25,5110,5111
1702929000,5111.25,5112.75,5110.75,5112.75
1702929300,5112.75,5113,5110.75,5111.25
1702929600,5111,5111.75,5109.25,5111.5
1702929900,5111.5,5112.25,5109.5,5110
1702930200,5110.25,5111.5,5109.75,5110.75
1702930500,5110.75,5112.25,5110.75,5111
1702930800,5111,5113.75,5110.75,5112.75
1702931100,5112.75,5113.5,5112.25,5112.75
1702931400,5113,5113,5111,5112
1702931700,5111.75,5111.75,5108.75,5109.5
1702932000,5109.5,5111,5108.25,5109.25
1702932300,5109.25,5111,5108.5,5110.75
1702932600,5110.5,5110.75,5108.25,5110.25
1702932900,5110,5110.25,5105.25,5105.75
1702933200,5105.75,5106.25,5102.25,5102.5
1702933500,5102.5,5103,5101.25,5101.5
1702933800,5101.75,5102.75,5101.5,5102.25
1702934100,5102.5,5103.25,5102.25,5103.25
1702934400,5103,5103.75,5103,5103.25
1702934700,5103.25,5104,5103,5103
1702935000,5103,5103.5,5103,5103.25
1702935300,5103,5103.25,5102.5,5102.5
1702935600,5102.5,5103,5102.25,5102.5
1702935900,5102.5,5103.25,5102.25,5102.75
1702936200,5102.5,5103.5,5102.5,5103.25
1702936500,5103,5103.75,5102.25,5103.25
1702940400,5103.5,5103.5,5102.25,5103
1702940700,5103,5104,5102.25,5102.75
1702941000,5102.5,5103,5101.75,5102.25
1702941300,5102.25,5103,5102,5102.75
1702941600,5102.75,5103,5102.25,5103
1702941900,5102.75,5103.5,5102.75,5103.5
1702942200,5103.75,5104.25,5103.75,5103.75
1702942500,5103.5,5104.25,5103.5,5104
1702942800,5104,5104.25,5103.5,5103.5
1702943100,5103.5,5104,5103.5,5103.75
1702943400,5104,5104,5103.25,5103.5
1702943700,5103.5,5104,5103.25,5104
1702944000,5103.75,5103.75,5103,5103.25
1702944300,5103.25,5103.75,5102.25,5103.25
1702944600,5103.25,5103.75,5103,5103.5
1702944900,5103.25,5103.5,5103,5103.25
1702945200,5103.5,5104.25,5103.5,5103.75
1702945500,5103.75,5104.25,5103.75,5103.75
1702945800,5103.75,5104.5,5103.75,5104.25
1702946100,5104.5,5104.75,5104,5104.25
1702946400,5104.25,5104.5,5103.5,5104
1702946700,5103.75,5104.25,5103.75,5103.75
1702947000,5103.75,5104.25,5103.75,5104
1702947300,5103.75,5104,5103.5,5103.75
1702947600,5103.75,5104,5103.5,5103.75
1702947900,5103.5,5103.5,5102.5,5102.75
1702948200,5102.75,5103,5102,5102.75
1702948500,5102.75,5102.75,5102.25,5102.5
1702948800,5102.5,5102.75,5102.25,5102.5
1702949100,5102.25,5102.75,5102.25,5102.5
1702949400,5102.5,5102.5,5101.5,5101.75
1702949700,5101.5,5102.25,5100.75,5102.25
1702950000,5102,5102.5,5101.75,5102.5
1702950300,5102.5,5103,5102.5,5103
1702950600,5103,5103.75,5102.75,5103.75
1702950900,5103.5,5104,5103.25,5104
1702951200,5104,5105,5103.75,5104.75
1702951500,5104.75,5105.25,5104.5,5105.25
1702951800,5105.25,5105.5,5105,5105
1702952100,5105,5105.25,5104,5104.25
1702952400,5104,5104.25,5104,5104.25
1702952700,5104.25,5105.25,5104,5105.25
1702953000,5105,5105.5,5104.75,5105.25
1702953300,5105.25,5106,5105.25,5105.75
1702953600,5105.5,5105.5,5105,5105
1702953900,5105.25,5107.25,5105,5106.75
1702954200,5107,5107.5,5105.25,5105.75
1702954500,5106,5106,5105.5,5105.75
1702954800,5105.75,5106.5,5105.25,5106.5
1702955100,5106.5,5107.5,5106.25,5107
1702955400,5107,5107.25,5106.25,5107.25
1702955700,5107.25,5108,5107.25,5107.25
1702956000,5107.5,5108,5107.5,5108
1702956300,5108,5108,5107.25,5107.5
1702956600,5107.5,5107.5,5106.5,5107
1702956900,5107.25,5108.25,5107,5107.75
1702957200,5107.5,5107.75,5106.75,5107.5
1702957500,5107.25,5107.5,5107,5107.25
1702957800,5107,5107.25,5106.5,5106.5
1702958100,5106.5,5107,5106.25,5107
1702958400,5106.75,5107.5,5106.75,5107
1702958700,5107,5107,5106.25,5107
1702959000,5107,5107,5105.5,5106
1702959300,5106.25,5106.75,5106,5106.75
1702959600,5106.75,5106.75,5106.25,5106.5
1702959900,5106.75,5107,5106.5,5107
1702960200,5106.75,5106.75,5106,5106
1702960500,5106.25,5106.5,5106,5106
1702960800,5106,5106.5,5106,5106.25
1702961100,5106.25,5106.75,5106.25,5106.5
1702961400,5106.5,5107,5106.5,5106.75
1702961700,5106.75,5107,5106.5,5106.75
1702962000,5106.5,5106.5,5106.25,5106.5
1702962300,5106.25,5106.75,5106.25,5106.75
1702962600,5106.75,5107.5,5106.75,5107
1702962900,5107,5107,5106.5,5107
1702963200,5107,5107.5,5106.75,5107.25
1702963500,5107.25,5107.75,5107.25,5107.5
1702963800,5107.25,5107.5,5106.75,5107
1702964100,5107,5107.75,5106.75,5107.75
1702964400,5107.5,5107.5,5107,5107
1702964700,5107.25,5107.5,5107.25,5107.5
1702965000,5107.5,5107.75,5107.25,5107.25
1702965300,5107.5,5107.75,5107.25,5107.5
1702965600,5107.25,5108.25,5107.25,5107.5
1702965900,5107.5,5107.75,5106.75,5106.75
1702966200,5106.75,5106.75,5106,5106.25
1702966500,5106.5,5106.5,5105.25,5105.25
1702966800,5105.25,5106.25,5105,5106.25
1702967100,5106.25,5106.5,5105.75,5105.75
1702967400,5106,5106.25,5105.75,5106.25
1702967700,5106.25,5106.25,5105.5,5106
1702968000,5106,5106,5105,5105.5
1702968300,5105.5,5105.75,5105,5105.75
1702968600,5105.75,5106.25,5105.75,5106
1702968900,5106,5106.25,5105.75,5106
1702969200,5106,5107.5,5105.75,5107.5
1702969500,5107.25,5107.25,5106,5106.25
1702969800,5106,5106.75,5105.75,5106.25
1702970100,5106.25,5108,5106.25,5107
1702970400,5107,5107.25,5106.5,5106.5
1702970700,5106.5,5107,5106,5106
1702971000,5106,5107.5,5106,5107.5
1702971300,5107.5,5108.25,5107,5107.75
1702971600,5107.75,5108,5107.25,5107.75
1702971900,5107.75,5108.25,5107.5,5108
1702972200,5108,5108,5107,5107
1702972500,5107.25,5107.25,5106,5106
1702972800,5106,5108,5106,5107.75
1702973100,5107.75,5108.25,5106.75,5107.5
1702973400,5107.75,5109,5107.75,5108
1702973700,5108,5108.5,5107.75,5108
1702974000,5108.25,5109.25,5107.75,5109.25
1702974300,5109,5110.5,5109,5110
1702974600,5109.75,5110.5,5109,5110.25
1702974900,5110.25,5111.25,5110,5110.75
1702975200,5110.5,5110.75,5109.75,5110.25
1702975500,5110,5110.25,5109.25,5110.25
1702975800,5110.25,5111,5109.25,5109.25
1702976100,5109.25,5109.5,5108.5,5109.25
1702976400,5109,5109.5,5108.5,5109.25
1702976700,5109.25,5110,5108.75,5109.25
1702977000,5109,5110.25,5109,5110.25
1702977300,5110.25,5111.25,5109.75,5111
1702977600,5111,5111.75,5110.75,5111.5
1702977900,5111.5,5111.5,5110,5110.25
1702978200,5110.25,5111,5109.25,5109.75
1702978500,5109.5,5111,5109.5,5110.5
1702978800,5110.5,5110.75,5109.75,5110
1702979100,5109.75,5110,5108.75,5109.75
1702979400,5110,5110.75,5109.75,5110
1702979700,5110,5110.25,5109,5109.25
1702980000,5109.25,5110.25,5109,5109.5
1702980300,5109.75,5110.25,5109,5110
1702980600,5109.75,5109.75,5108.75,5109
1702980900,5109,5109.5,5108.75,5109.25
1702981200,5109.25,5109.25,5108.75,5109.25
1702981500,5109.25,5109.75,5109,5109
1702981800,5109,5109.25,5108.75,5109
1702982100,5109,5109.75,5108.75,5108.75
1702982400,5109,5109.75,5109,5109.25
1702982700,5109.5,5110.5,5109.25,5109.75
1702983000,5109.5,5109.75,5108.25,5108.25
1702983300,5108.5,5109.5,5108,5109.5
1702983600,5109.25,5110.75,5109,5109.25
1702983900,5109.25,5110,5109,5109.25
1702984200,5109.25,5109.5,5107.5,5108.25
1702984500,5108,5109,5108,5108.25
1702984800,5108.25,5110,5108.25,5109.75
1702985100,5109.75,5111.25,5109,5110.75
1702985400,5110.75,5111.25,5109.75,5110.5
1702985700,5110.5,5111,5109.75,5110.5
1702986000,5110.5,5111.5,5110.25,5111
1702986300,5111,5111.25,5110.25,5110.25
1702986600,5110.25,5112,5110,5111.5
1702986900,5111.5,5111.5,5110,5110
1702987200,5110,5110.5,5109.5,5110.25
1702987500,5110.25,5110.75,5109.75,5109.75
1702987800,5110,5113,5110,5112.75
1702988100,5112.75,5116.75,5112.25,5114.25
1702988400,5114.5,5114.75,5112.25,5113.5
1702988700,5113.75,5114.25,5112.75,5113
1702989000,5113,5113.25,5111.75,5111.75
1702989300,5112,5113.5,5111.5,5112.75
1702989600,5112.75,5114.25,5112.5,5114
1702989900,5114,5114.5,5113.25,5114.5
1702990200,5114.25,5115.75,5114.25,5115.5
1702990500,5115.5,5117.25,5115,5116
1702990800,5116.25,5117,5115.75,5116
1702991100,5116,5116.5,5115.5,5116
1702991400,5116,5117,5115.75,5116.5
1702991700,5116.5,5117,5116,5116.5
1702992000,5116.5,5117,5115.5,5116
1702992300,5116,5117,5115.25,5116.5
1702992600,5116.5,5116.75,5113,5114
1702992900,5114,5115.25,5113.75,5114
1702993200,5114,5114.5,5113,5114.5
1702993500,5114.5,5116.25,5114.25,5115.75
1702993800,5115.5,5116.75,5115.5,5116.25
1702994100,5116.25,5116.25,5113.75,5114
1702994400,5114,5114,5112,5113
1702994700,5113,5113.25,5111.75,5113
1702995000,5113,5113.75,5112,5112.5
1702995300,5112.5,5113.5,5111.75,5112
1702995600,5112.25,5112.5,5110.25,5110.5
1702995900,5110.5,5111.75,5109.5,5110.25
1702996200,5110.5,5115.25,5109.5,5114.5
1702996500,5114.75,5115.75,5112.5,5115.75
1702996800,5115.75,5118.5,5113.5,5117
1702997100,5117.25,5118.5,5115.25,5117
1702997400,5117,5120.5,5116.25,5120.5
1702997700,5120.5,5121.75,5119.75,5120
1702998000,5120,5120.25,5115.25,5118.5
1702998300,5118.75,5120.75,5117.75,5120.25
1702998600,5120.25,5123.5,5119.75,5123
1702998900,5123,5123.75,5121.5,5123
1702999200,5123.25,5124.75,5122,5124.25
1702999500,5124.25,5125.5,5123.25,5123.75
1702999800,5123.75,5125.75,5123.25,5125.25
1703000100,5125,5125.75,5122.75,5123.5
1703000400,5123.75,5124.75,5121.25,5123.25
1703000700,5123.25,5124.5,5121.25,5124.5
1703001000,5124.5,5125.25,5123.25,5125
1703001300,5125,5126,5124.75,5126
1703001600,5125.75,5127.25,5123.5,5126.75
1703001900,5127,5129,5126,5128.75
1703002200,5128.75,5129.5,5128,5128.75
1703002500,5129,5129.5,5128,5128.5
1703002800,5128.75,5129.25,5126.75,5127.75
1703003100,5127.5,5129,5126.5,5127.5
1703003400,5127.75,5128.25,5126,5126
1703003700,5126.25,5128.5,5125.75,5128.25
1703004000,5128.5,5129.75,5128.25,5129.5
1703004300,5129.75,5130,5127.25,5127.25
1703004600,5127.5,5127.75,5125,5127
1703004900,5127,5127,5123.75,5124
1703005200,5124.25,5124.75,5121.75,5124.25
1703005500,5124,5125.75,5123.25,5123.75
1703005800,5123.75,5124,5121.5,5122.5
1703006100,5122.25,5123,5121.5,5122.75
1703006400,5122.75,5123.75,5121.25,5123.25
1703006700,5123.5,5124,5122.75,5123.25
1703007000,5123.25,5125.25,5123,5125
1703007300,5125,5125.5,5123.25,5124.25
1703007600,5124.25,5125,5123.25,5125
1703007900,5125,5126,5124.5,5125
1703008200,5125,5127,5125,5126.75
1703008500,5126.75,5127,5125.25,5125.5
1703008800,5125.5,5126.5,5124,5125.5
1703009100,5125.75,5126.25,5121.5,5122
1703009400,5122.25,5124.25,5121.25,5123.75
1703009700,5124,5124,5121.75,5122.5
1703010000,5122.75,5123.75,5122.5,5123.5
1703010300,5123.5,5124.75,5123,5124.5
1703010600,5124.75,5126,5123.75,5124.75
1703010900,5125,5126,5122.5,5126
1703011200,5126,5127,5125.5,5126.75
1703011500,5126.75,5128.5,5126.5,5127.25
1703011800,5127.5,5127.75,5126.25,5126.75
1703012100,5126.75,5127,5125,5126.75
1703012400,5126.75,5127.75,5126.5,5127.25
1703012700,5127.25,5127.75,5126.75,5127.25
1703013000,5127.5,5128.5,5126,5126.5
1703013300,5126.5,5128,5125.75,5128
1703013600,5127.75,5127.75,5126,5126.75
1703013900,5127,5128.25,5126.5,5128.25
1703014200,5128.25,5129.25,5127,5129
1703014500,5129,5129.25,5127.75,5128.25
1703014800,5128.5,5128.5,5126,5126.5
1703015100,5126.75,5126.75,5125.5,5125.75
1703015400,5125.75,5126.75,5124.75,5126.25
1703015700,5126.5,5127.25,5125.5,5126.5
1703016000,5126.75,5128.25,5125.5,5126
1703016300,5126,5126,5123.25,5124.75
1703016600,5124.75,5127,5124.25,5126.25
1703016900,5126.5,5127.5,5126,5126.75
1703017200,5127,5127.75,5125.75,5126
1703017500,5125.75,5127,5124.25,5127
1703017800,5127,5127.5,5126,5127.25
1703018100,5127,5127.5,5126.25,5127.25
1703018400,5127.25,5130.5,5127,5128.25
1703018700,5128.25,5128.5,5125.25,5126
1703019000,5126,5129.5,5126,5128
1703019300,5128,5134.5,5127.75,5133.25
1703019600,5133.25,5134.5,5130.75,5131
1703019900,5130.75,5131.25,5129,5129.25
1703020200,5129.25,5130.5,5128.75,5130.25
1703020500,5130.25,5131.25,5130.25,5131.25
1703020800,5131.25,5131.25,5130.5,5130.75
1703021100,5131,5131.25,5130.75,5131
1703021400,5131,5131,5130.25,5130.25
1703021700,5130.25,5130.75,5130.25,5130.25
1703022000,5130.5,5130.5,5130.25,5130.5
1703022300,5130.5,5130.5,5130,5130.25
1703022600,5130,5130.75,5130,5130.5
1703022900,5130.5,5131.25,5130.25,5131.25
1703026800,5131.5,5131.5,5130.25,5130.75
1703027100,5130.5,5131.5,5130.5,5131
1703027400,5130.75,5131,5130.25,5131
1703027700,5131,5131.5,5130.5,5131.5
1703028000,5131.25,5132,5131,5132
1703028300,5132,5132.75,5131.75,5132.25
1703028600,5132.5,5132.75,5131.75,5131.75
1703028900,5132,5132,5130.75,5130.75
1703029200,5131,5131,5130.25,5130.75
1703029500,5130.75,5131,5130.5,5130.5
1703029800,5130.75,5131,5130.5,5131
1703030100,5131,5131,5130.5,5130.5
1703030400,5130.5,5131.5,5130.5,5131.5
1703030700,5131.5,5132,5131.25,5131.5
1703031000,5131.75,5132,5131.5,5131.75
1703031300,5131.75,5131.75,5131,5131.25
1703031600,5131,5131.25,5130.75,5131
1703031900,5131.25,5132,5131,5131.75
1703032200,5132,5132.25,5131.5,5132.25
1703032500,5132,5132.5,5131.5,5132
1703032800,5132,5132.25,5131.25,5131.75
1703033100,5131.75,5132.25,5131.5,5132.25
1703033400,5132,5132.25,5131.25,5131.5
1703033700,5131.5,5131.75,5131.25,5131.25
1703034000,5131.5,5131.5,5130.75,5130.75
1703034300,5131,5131.25,5130.75,5131
1703034600,5131,5131.5,5131,5131.5
1703034900,5131.5,5132.5,5131.25,5132
1703035200,5132,5133.25,5132,5133
1703035500,5132.75,5133,5132,5132.25
1703035800,5132.25,5133.25,5132,5132.5
1703036100,5132.75,5133,5132.75,5132.75
1703036400,5132.75,5133.5,5132.75,5133
1703036700,5132.75,5133.25,5132.5,5132.75
1703037000,5132.75,5133,5132.5,5132.75
1703037300,5133,5133.5,5133,5133.25
1703037600,5133,5133,5132.25,5132.75
1703037900,5132.75,5132.75,5132.5,5132.75
1703038200,5132.75,5133,5132.5,5132.5
1703038500,5132.5,5132.75,5132.25,5132.75
1703038800,5132.75,5133.25,5132.5,5133
1703039100,5133,5133.75,5133,5133.75
1703039400,5133.75,5134.25,5133.5,5134.25
1703039700,5134.25,5134.5,5134,5134.5
1703040000,5134.5,5134.5,5134,5134.25
1703040300,5134.25,5134.5,5134.25,5134.5
1703040600,5134.5,5134.75,5134.25,5134.5
1703040900,5134.5,5134.5,5134,5134.25
1703041200,5134.25,5134.5,5134.25,5134.5
1703041500,5134.5,5135.25,5134.25,5135
1703041800,5135,5136,5135,5135.5
1703042100,5135.5,5136,5135.5,5136
1703042400,5136,5136.25,5135.5,5135.75
1703042700,5135.75,5136.5,5135.75,5136.25
1703043000,5136.25,5136.5,5135.75,5135.75
1703043300,5135.75,5136.25,5135.5,5135.75
1703043600,5135.75,5135.75,5135,5135.25
1703043900,5135.25,5135.75,5135.25,5135.5
1703044200,5135.25,5135.75,5135.25,5135.25
1703044500,5135.25,5135.25,5134.75,5135
1703044800,5134.75,5135,5134.5,5134.75
1703045100,5134.5,5134.5,5134,5134
1703045400,5134,5134.25,5133.75,5134
1703045700,5134,5134,5133.5,5134
1703046000,5134,5134,5133.5,5133.5
1703046300,5133.5,5134,5133.25,5133.75
1703046600,5133.75,5134.25,5133.5,5134.25
1703046900,5134.25,5134.5,5134,5134.25
1703047200,5134.25,5134.5,5134,5134.5
1703047500,5134.75,5135.25,5134.75,5135
1703047800,5135,5135.25,5134.75,5135
1703048100,5135,5135.75,5135,5135.25
1703048400,5135.5,5135.75,5135.25,5135.5
1703048700,5135.5,5135.75,5135.25,5135.25
1703049000,5135.5,5136.25,5135.25,5136.25
1703049300,5136.5,5137.25,5136.25,5136.75
1703049600,5136.75,5137,5136.5,5136.75
1703049900,5136.75,5137.25,5136.75,5137
1703050200,5137,5137.25,5135.25,5135.5
1703050500,5135.25,5135.5,5135,5135
1703050800,5134.75,5135,5134.25,5134.5
1703051100,5134.25,5134.5,5134,5134.5
1703051400,5134.5,5135.25,5134.25,5135
1703051700,5135,5135.5,5134.75,5135.5
1703052000,5135.5,5136,5135,5135.25
1703052300,5135.25,5135.5,5134.75,5135.25
1703052600,5135.25,5135.5,5134.5,5135.25
1703052900,5135.25,5136,5135.25,5135.5
1703053200,5135.25,5135.75,5134.75,5135
1703053500,5135,5135.25,5134.75,5135
1703053800,5134.75,5135,5134.5,5135
1703054100,5135,5135,5133.5,5134
1703054400,5134,5134.25,5133.5,5133.75
1703054700,5133.75,5134,5133,5133.5
1703055000,5133.5,5133.75,5133,5133.75
1703055300,5133.5,5134,5133.5,5133.75
1703055600,5134,5134.25,5133,5133.75
1703055900,5133.75,5134.5,5133.75,5134.25
1703056200,5134.25,5135,5133.25,5133.25
1703056500,5133.25,5134.5,5133,5134
1703056800,5134.25,5135.25,5134,5135
1703057100,5135,5135.75,5134.25,5134.25
1703057400,5134.5,5135.5,5134.25,5135.25
1703057700,5135.5,5135.75,5134.25,5134.25
1703058000,5134.25,5135,5134.25,5134.75
1703058300,5134.75,5135.5,5134.75,5135.25
1703058600,5135.25,5135.75,5135,5135.25
1703058900,5135.5,5135.75,5134.75,5134.75
1703059200,5134.75,5134.75,5131,5132.5
1703059500,5132.75,5133.25,5131.5,5133
1703059800,5133.25,5133.5,5130.5,5130.75
1703060100,5130.75,5132.25,5130.5,5131.25
1703060400,5131.25,5131.75,5130.25,5131.75
1703060700,5131.75,5132.25,5130.5,5132
1703061000,5131.75,5132,5129.25,5129.25
1703061300,5129.25,5130,5128.75,5129.25
1703061600,5129.25,5129.5,5128,5129.5
1703061900,5129.5,5129.5,5128.5,5128.75
1703062200,5128.75,5129.75,5128.5,5129.25
1703062500,5129.25,5129.75,5128,5129
1703062800,5128.75,5129.25,5126.25,5126.75
1703063100,5126.5,5126.75,5124,5124.75
1703063400,5124.5,5125,5123.5,5124.75
1703063700,5124.5,5125.25,5123.5,5125
1703064000,5125,5126.25,5124.75,5125.75
1703064300,5125.75,5126.5,5124.75,5125
1703064600,5125,5125.75,5124.25,5125.25
1703064900,5125,5125.5,5124,5124.5
1703065200,5124.5,5125.25,5124.25,5124.5
1703065500,5124.25,5125.25,5124,5125
1703065800,5125,5126.25,5125,5126
1703066100,5126,5126.25,5125.25,5125.5
1703066400,5125.5,5127,5125.5,5126.75
1703066700,5126.75,5127,5126.25,5126.5
1703067000,5126.5,5127,5125.75,5127
1703067300,5126.75,5127,5125.5,5126
1703067600,5125.75,5126,5124.75,5125.25
1703067900,5125.25,5125.5,5123.75,5124.25
1703068200,5124.5,5125.25,5124,5124
1703068500,5124,5125,5123.25,5124.25
1703068800,5124.25,5126.75,5124.25,5126.75
1703069100,5126.75,5126.75,5125,5125.25
1703069400,5125.25,5125.25,5124.25,5125
1703069700,5125,5125,5123.75,5124.25
1703070000,5124.25,5125.75,5123.75,5125.75
1703070300,5125.75,5126.25,5124.75,5125.25
1703070600,5125.5,5125.75,5125,5125
1703070900,5125,5125.25,5124,5124.25
1703071200,5124.25,5125.25,5124,5125
1703071500,5125,5125.5,5124.5,5124.5
1703071800,5124.5,5125.75,5124.5,5125.25
1703072100,5125.25,5125.25,5124.25,5124.75
1703072400,5124.5,5124.5,5121.75,5122.5
1703072700,5122.5,5124.75,5122.25,5123.75
1703073000,5123.75,5123.75,5122.75,5123.5
1703073300,5123.5,5124,5123,5124
1703073600,5123.75,5124,5123.25,5123.5
1703073900,5123.5,5123.75,5121.25,5121.25
1703074200,5121.25,5123,5121.25,5122.25
1703074500,5122.25,5124.5,5122.25,5124.25
1703074800,5124.25,5124.75,5123.5,5123.75
1703075100,5123.75,5125,5123.75,5124.25
1703075400,5124.5,5125.25,5124.25,5124.75
1703075700,5124.5,5124.5,5123.25,5123.75
1703076000,5123.75,5124,5122.5,5123.75
1703076300,5123.75,5123.75,5122.5,5122.75
1703076600,5123,5123.25,5121.5,5122.25
1703076900,5122.25,5123.25,5122.25,5122.5
1703077200,5122.5,5123.5,5122,5123.5
1703077500,5123.5,5124,5123.25,5123.75
1703077800,5123.75,5124.5,5122.75,5123.5
1703078100,5123.5,5125,5122.75,5124.25
1703078400,5124.25,5125.25,5124,5124.75
1703078700,5125,5125.25,5124.25,5125
1703079000,5125,5125.25,5123.75,5124.25
1703079300,5124,5126.25,5123.75,5125.75
1703079600,5125.75,5126.25,5125,5125.75
1703079900,5125.75,5126.5,5125.25,5125.75
1703080200,5125.75,5125.75,5124,5124
1703080500,5124.25,5124.5,5123.5,5123.75
1703080800,5124,5124.5,5122.25,5122.5
1703081100,5122.5,5123,5122,5122.5
1703081400,5122.5,5123.5,5122.25,5122.5
1703081700,5122.75,5122.75,5121.75,5121.75
1703082000,5122,5123.25,5120.5,5121
1703082300,5121,5123.75,5120.75,5123.5
1703082600,5123.5,5125.75,5121.5,5125.25
1703082900,5125.5,5128.25,5125,5128
1703083200,5128,5130.25,5126.75,5130.25
1703083500,5130.25,5130.5,5128.75,5129.75
1703083800,5130,5130.75,5129.25,5129.25
1703084100,5129.25,5130.75,5129,5130.25
1703084400,5130.25,5134.75,5130,5133.25
1703084700,5133.25,5136.25,5133.25,5135.5
1703085000,5135.75,5136,5134,5135
1703085300,5135.25,5136.75,5134.25,5135
1703085600,5135,5136.5,5134.5,5135.25
1703085900,5135.5,5136.25,5134.5,5135.75
1703086200,5135.5,5140,5135.5,5138.75
1703086500,5138.5,5139.5,5137.5,5137.75
1703086800,5138,5139.5,5136,5139.25
1703087100,5139.25,5140.5,5137,5138.25
1703087400,5138.5,5139.5,5136.25,5136.25
1703087700,5136.5,5138.5,5136.25,5138
1703088000,5138,5139,5136.75,5137.75
1703088300,5137.5,5138.5,5135.75,5136
1703088600,5136,5137.75,5135.5,5135.75
1703088900,5136,5138.25,5135,5138.25
1703089200,5138.25,5139,5137.5,5138.5
1703089500,5138.5,5138.75,5135.75,5137.25
1703089800,5137.5,5137.75,5134.75,5135.75
1703090100,5135.5,5137,5135.25,5136
1703090400,5136.25,5136.5,5135,5135.75
1703090700,5135.75,5137.25,5135.25,5136.5
1703091000,5136.5,5137.75,5135.75,5137
1703091300,5137.25,5137.5,5135.5,5136.25
1703091600,5136.25,5138.5,5136,5138.25
1703091900,5138.25,5138.25,5137.25,5137.5
1703092200,5137.5,5139.25,5137.5,5138.5
1703092500,5138.75,5139.5,5137.75,5139
1703092800,5139,5140,5138.25,5139.5
1703093100,5139.5,5140,5138.75,5139
1703093400,5139.25,5139.75,5135.25,5137
1703093700,5137,5138,5136.25,5137.75
1703094000,5137.75,5141.25,5137.5,5140.25
1703094300,5140.25,5141.25,5139.5,5140.25
1703094600,5140.5,5141.5,5140,5140.75
1703094900,5141,5143.75,5140.75,5142.5
1703095200,5142.75,5142.75,5139.75,5142.25
1703095500,5142.25,5142.5,5140.5,5140.75
1703095800,5140.5,5142,5139.75,5140
1703096100,5140.25,5141.5,5139.5,5141
1703096400,5141,5141.25,5139.75,5140.25
1703096700,5140.25,5140.75,5139.75,5140.25
1703097000,5140.25,5142.25,5140.25,5141.75
1703097300,5141.75,5142,5139,5139.25
1703097600,5139.25,5140,5137,5138
1703097900,5138,5139,5137,5138
1703098200,5138,5138.5,5137,5137.25
1703098500,5137,5137.25,5134.25,5135
1703098800,5135,5135.25,5130.75,5131.25
1703099100,5131,5133,5131,5132.5
1703099400,5132.5,5134.75,5132.25,5134.25
1703099700,5134.5,5134.5,5133,5133
1703100000,5133,5133.25,5131.25,5132
1703100300,5132,5132.5,5129.75,5130.25
1703100600,5130.25,5130.5,5125.75,5126.75
1703100900,5126.75,5128,5117.5,5119
1703101200,5118.75,5122.5,5116.25,5116.25
1703101500,5116.25,5118.5,5109.25,5110.5
1703101800,5110.5,5111.25,5086.75,5100.75
1703102100,5101,5103,5088.75,5088.75
1703102400,5089,5091.75,5080.5,5081.5
1703102700,5081.5,5084.25,5074,5081.75
1703103000,5081.5,5090.75,5080.25,5081.75
1703103300,5081.5,5095.75,5081.5,5092.25
1703103600,5092,5094,5083.75,5083.75
1703103900,5083.5,5086.75,5076,5076.5
1703104200,5076.5,5083.25,5073.75,5077.25
1703104500,5077.25,5077.75,5072.75,5073.5
1703104800,5073.5,5081.5,5073.5,5081
1703105100,5081,5082.5,5077.25,5081.5
1703105400,5081.75,5085.25,5072.75,5077.25
1703105700,5077,5077.25,5061,5062.75
1703106000,5063,5065.75,5056.25,5060.5
1703106300,5060.5,5062.5,5058,5058
1703106600,5058.25,5059.75,5058,5059.5
1703106900,5059.75,5062.25,5059.25,5062.25
1703107200,5062.25,5062.5,5061.25,5062.25
1703107500,5062,5064.5,5062,5063.75
1703107800,5063.5,5064.25,5063,5063.25
1703108100,5063.5,5063.75,5061.25,5061.25
1703108400,5061.25,5063,5061,5063
1703108700,5063,5063.75,5062.75,5063.75
1703109000,5063.75,5065.5,5063.25,5065.25
1703109300,5065.25,5067,5063.5,5066.25
1703113200,5064,5069,5064,5068
1703113500,5067.75,5068.5,5067.5,5068
1703113800,5067.75,5069.25,5067.5,5068.5
1703114100,5068.5,5070,5068.25,5069.5
1703114400,5069.25,5070.5,5069,5069
1703114700,5069.25,5070.25,5069,5069.5
1703115000,5069.5,5070.25,5069.25,5070
1703115300,5070,5070.5,5069.75,5070
1703115600,5070.25,5071.25,5070,5071
1703115900,5071.25,5072.5,5071,5072
1703116200,5071.75,5072.25,5071.5,5072.25
1703116500,5072.25,5072.5,5071.75,5072.25
1703116800,5072,5072.25,5071,5071.5
1703117100,5071.25,5071.75,5071,5071.25
1703117400,5071.25,5072.5,5071,5072.25
1703117700,5072.25,5072.5,5071.5,5071.75
1703118000,5071.75,5071.75,5071,5071
1703118300,5071,5071,5069.5,5070
1703118600,5070,5071.25,5069.5,5071.25
1703118900,5071.25,5072.25,5070.75,5071.75
1703119200,5071.75,5072,5070,5070.25
1703119500,5070,5070.75,5069.75,5070.5
1703119800,5070.5,5070.75,5069.5,5070
1703120100,5069.75,5070.75,5069.5,5070.5
1703120400,5070.5,5070.5,5069.75,5070.25
1703120700,5070.25,5072,5070.25,5071.25
1703121000,5071.25,5071.25,5070.25,5070.5
1703121300,5070.75,5071.75,5070.5,5071.25
1703121600,5071.25,5072,5071,5072
1703121900,5072,5072.25,5070.75,5071
1703122200,5070.75,5071.25,5070.25,5070.75
1703122500,5070.5,5071,5069.75,5071
1703122800,5070.75,5072,5070.5,5071.25
1703123100,5071.25,5071.5,5070.25,5070.5
1703123400,5070.5,5070.75,5070,5070.25
1703123700,5070.25,5071.5,5070.25,5071.25
1703124000,5071.25,5072,5071.25,5071.25
1703124300,5071.25,5072.25,5071.25,5072
1703124600,5072.25,5072.5,5071.5,5072
1703124900,5072.25,5073.5,5072,5073.5
1703125200,5073.25,5073.5,5073,5073.25
1703125500,5073,5073.5,5073,5073.25
1703125800,5073.25,5074.25,5073,5074
1703126100,5073.75,5074.25,5073,5073.25
1703126400,5073,5073.75,5072.25,5073.75
1703126700,5073.75,5074.25,5073.75,5074
1703127000,5073.75,5073.75,5073,5073.5
1703127300,5073.5,5074,5073.25,5074
1703127600,5074,5074.5,5073.5,5074.25
1703127900,5074,5074.25,5073.5,5073.75
1703128200,5073.5,5073.75,5073.5,5073.75
1703128500,5073.75,5073.75,5073.25,5073.5
1703128800,5073.25,5074.25,5073.25,5074
1703129100,5074.25,5074.25,5073.75,5074.25
1703129400,5074,5074.5,5074,5074.25
1703129700,5074.25,5074.75,5074,5074.5
1703130000,5074.5,5074.75,5074.25,5074.5
1703130300,5074.5,5074.5,5073.5,5073.75
1703130600,5073.75,5074.5,5073.75,5074
1703130900,5074.25,5074.25,5073.75,5073.75
1703131200,5073.75,5074,5073,5073.25
1703131500,5073,5075,5073,5075
1703131800,5074.75,5075.75,5074.75,5075.75
1703132100,5075.75,5076.25,5075.25,5075.25
1703132400,5075.25,5076,5075,5076
1703132700,5076,5076.75,5075.5,5076.5
1703133000,5076.5,5076.75,5075.75,5076.75
1703133300,5076.75,5077,5076.5,5076.5
1703133600,5076.5,5077.5,5076.5,5077.25
1703133900,5077.25,5077.75,5077,5077.75
1703134200,5077.5,5078,5077,5077.75
1703134500,5077.75,5078,5077.5,5077.75
1703134800,5078,5078,5077,5078
1703135100,5078,5078,5077.5,5077.5
1703135400,5077.75,5078,5077.25,5077.75
1703135700,5077.75,5078.5,5077.5,5078.25
1703136000,5078.25,5079.5,5078.25,5078.75
1703136300,5078.75,5079.25,5078,5078.5
1703136600,5078.5,5079.75,5078.5,5079.75
1703136900,5079.5,5079.75,5079.25,5079.75
1703137200,5079.75,5080.25,5079.25,5080
1703137500,5080.25,5080.25,5079.75,5079.75
1703137800,5080,5080.75,5080,5080.25
1703138100,5080.25,5081,5080.25,5080.5
1703138400,5080.75,5081,5080.25,5081
1703138700,5081,5081.25,5080.75,5081
1703139000,5081,5081,5080,5080.5
1703139300,5080.5,5081.5,5080.5,5081.5
1703139600,5081.25,5081.5,5081,5081.25
1703139900,5081.5,5082,5081.5,5082
1703140200,5081.75,5082.25,5081.5,5081.75
1703140500,5081.75,5081.75,5081,5081
1703140800,5081,5081,5079.5,5080.25
1703141100,5080.25,5082,5080,5081.75
1703141400,5081.5,5082,5081,5081.5
1703141700,5081.5,5081.75,5081.25,5081.5
1703142000,5081.5,5082.25,5081.25,5082.25
1703142300,5082,5082.5,5081.25,5081.75
1703142600,5081.5,5083,5081.5,5082.75
1703142900,5083,5083.75,5082.75,5083.5
1703143200,5083.75,5084.5,5083.25,5084
1703143500,5083.75,5084.5,5083.75,5084
1703143800,5084,5085.75,5083.75,5085.5
1703144100,5085.5,5085.75,5085,5085.25
1703144400,5085.25,5086.25,5084.5,5085.75
1703144700,5085.75,5086.25,5084.75,5085
1703145000,5085,5085.75,5085,5085.25
1703145300,5085.25,5086.25,5085,5085.25
1703145600,5085,5088,5085,5086.5
1703145900,5086.75,5087.75,5086,5086.75
1703146200,5086.5,5087.75,5086.25,5087.25
1703146500,5087.5,5087.75,5087,5087.75
1703146800,5087.5,5088.75,5087,5088.25
1703147100,5088.25,5088.25,5085.25,5086.5
1703147400,5086.5,5086.5,5083,5084
1703147700,5084,5087.75,5084,5087.75
1703148000,5087.5,5089,5087.5,5088.5
1703148300,5088.5,5088.75,5087.25,5088.5
1703148600,5088.25,5088.5,5087,5087.75
1703148900,5087.75,5088.5,5087.25,5087.5
1703149200,5087.5,5088.25,5086.75,5087.5
1703149500,5087.25,5088.75,5087,5087.75
1703149800,5088,5089.75,5087.5,5089.25
1703150100,5089.25,5090,5088.75,5089.25
1703150400,5089.25,5090.5,5089,5090.25
1703150700,5090.25,5091,5090,5090
1703151000,5090.25,5090.25,5089,5089.75
1703151300,5089.75,5090.75,5089,5089.5
1703151600,5089.25,5089.75,5088.75,5089.5
1703151900,5089.5,5090.75,5089.5,5089.5
1703152200,5089.75,5090,5088.25,5088.5
1703152500,5088.5,5088.5,5087.5,5087.75
1703152800,5087.75,5088,5085.75,5085.75
1703153100,5085.75,5086.75,5084.25,5086.5
1703153400,5086.5,5087.5,5086,5086.75
1703153700,5086.75,5086.75,5085.25,5085.5
1703154000,5085.5,5085.75,5084.25,5085.25
1703154300,5085.25,5085.5,5083.75,5084.25
1703154600,5084.25,5085.5,5083.75,5085
1703154900,5084.75,5085,5082.5,5083
1703155200,5083,5083.75,5082.5,5083
1703155500,5083,5084,5082.75,5083.25
1703155800,5083,5084.25,5082.75,5084
1703156100,5084,5084.5,5082.75,5083
1703156400,5083.25,5084.5,5082.75,5084.25
1703156700,5084.5,5086.5,5084.25,5085.75
1703157000,5085.75,5087,5085.75,5087
1703157300,5086.75,5087.5,5086.25,5086.75
1703157600,5086.75,5086.75,5084.25,5084.5
1703157900,5084.25,5085.5,5084.25,5085
1703158200,5085,5085.75,5083.75,5084
1703158500,5084,5084.5,5083.25,5083.5
1703158800,5083.5,5085,5083.5,5084.75
1703159100,5084.75,5085.25,5084.5,5084.75
1703159400,5084.5,5085.25,5083.75,5084.5
1703159700,5084.5,5085,5084.25,5084.25
1703160000,5084.25,5085.25,5083,5083.5
1703160300,5083.75,5084.5,5083,5084.25
1703160600,5084.25,5085,5084,5084.5
1703160900,5084.5,5087,5084.5,5086.5
1703161200,5086.75,5088,5086.5,5087.75
1703161500,5088,5088.5,5087.5,5088
1703161800,5088,5088.5,5086.25,5087.5
1703162100,5087.5,5088,5087.25,5087.5
1703162400,5087.5,5088.25,5086.75,5087.5
1703162700,5087.5,5089,5087.5,5088
1703163000,5088,5088.5,5087,5087.25
1703163300,5087.5,5087.75,5087,5087.25
1703163600,5087,5087.5,5085.25,5085.5
1703163900,5085.75,5087.75,5085.25,5087.75
1703164200,5087.75,5088.25,5087,5087.5
1703164500,5087.5,5088.25,5087,5088
1703164800,5088,5088.25,5086.25,5086.5
1703165100,5086.25,5086.5,5084.5,5085.5
1703165400,5085.25,5094.75,5083.25,5094.5
1703165700,5094.5,5100.5,5093.75,5098
1703166000,5098.25,5107.75,5098.25,5102.5
1703166300,5102.75,5102.75,5100.25,5100.75
1703166600,5100.75,5100.75,5095.75,5098.5
1703166900,5098.75,5101.25,5096.5,5098.75
1703167200,5099,5099.25,5094.75,5097.25
1703167500,5097.25,5098,5095.5,5097.75
1703167800,5097.75,5098.5,5096.5,5097
1703168100,5097.25,5097.5,5094.5,5095.25
1703168400,5095.25,5096,5094,5094
1703168700,5094,5095.75,5093.5,5094.25
1703169000,5094.25,5102.25,5093,5099.75
1703169300,5099.75,5103.25,5093.75,5102.25
1703169600,5102.25,5103.25,5095.25,5100.5
1703169900,5100.5,5101.75,5097.5,5099.25
1703170200,5099.25,5102.5,5097.75,5098.25
1703170500,5098.25,5099.25,5093.5,5094.75
1703170800,5094.75,5098.5,5092.5,5093
1703171100,5093,5093.25,5086,5087.25
1703171400,5087,5096,5086.25,5094.5
1703171700,5094.5,5098.75,5090.5,5097
1703172000,5097,5105.5,5096.75,5104.25
1703172300,5104.25,5104.75,5090.5,5092.75
1703172600,5092.75,5098.25,5092.75,5097.75
1703172900,5097.75,5099,5093.5,5094.5
1703173200,5094.5,5098,5091.5,5096.75
1703173500,5096.75,5099,5095,5095.75
1703173800,5095.5,5095.75,5089.75,5091.5
1703174100,5091.25,5092.75,5089,5092.5
1703174400,5092.25,5097,5090.5,5095
1703174700,5094.75,5095.75,5088.5,5090
1703175000,5090.25,5093,5088,5092.25
1703175300,5092.5,5093.25,5087.25,5090.25
1703175600,5090,5094,5089,5093.25
1703175900,5093.25,5096.25,5090.75,5096
1703176200,5096,5096.5,5092,5093
1703176500,5093.25,5097.75,5092.75,5094.75
1703176800,5094.75,5095,5092.25,5093
1703177100,5092.75,5095.25,5092.5,5094.25
1703177400,5094.25,5094.25,5090,5090.5
1703177700,5090.25,5090.75,5084.75,5086.25
1703178000,5086,5086,5076.25,5076.5
1703178300,5076.5,5081.25,5075.25,5075.5
1703178600,5075.5,5079.25,5075,5075.75
1703178900,5076,5079.25,5075.25,5077.25
1703179200,5077.25,5078,5074.5,5077.75
1703179500,5077.75,5077.75,5074.5,5075.75
1703179800,5076,5082.5,5075.25,5076.25
1703180100,5076.5,5079.25,5074.5,5077.5
1703180400,5077.25,5082,5076.5,5078.75
1703180700,5078.75,5080.25,5077.5,5078.25
1703181000,5078.25,5080,5074.25,5074.75
1703181300,5074.75,5076.25,5073,5075.25
1703181600,5075,5081.5,5074.75,5080.25
1703181900,5080.25,5081,5076.25,5078.25
1703182200,5078,5081.25,5076.25,5077
1703182500,5076.75,5077.25,5069,5069.25
1703182800,5069.25,5082.25,5068.5,5080.5
1703183100,5080.5,5082,5077.25,5081.25
1703183400,5081.5,5085.25,5080.25,5081
1703183700,5081.25,5082.25,5079,5079.75
1703184000,5079.5,5081.75,5078.25,5079.5
1703184300,5079.75,5083.5,5079.5,5081.75
1703184600,5082,5085.25,5080.5,5083.75
1703184900,5083.75,5086.5,5083.5,5086.25
1703185200,5086.25,5087.5,5084.25,5085.5
1703185500,5085.75,5086.5,5083.5,5084.25
1703185800,5084.25,5086.25,5082,5082.75
1703186100,5082.75,5089.5,5082.25,5088
1703186400,5088,5088.5,5083.5,5084.25
1703186700,5084.25,5087,5083.25,5086.75
1703187000,5086.75,5089.25,5084.75,5089
1703187300,5089,5089.75,5086.5,5088.5
1703187600,5088.5,5090.25,5088.25,5090
1703187900,5090,5091.5,5087.25,5087.5
1703188200,5087.75,5089.5,5086.5,5087.25
1703188500,5087.25,5087.5,5082.25,5086.5
1703188800,5086.5,5088.25,5084.25,5086.25
1703189100,5086.5,5087.25,5083.25,5084.5
1703189400,5084.75,5089.75,5084,5089
1703189700,5089,5091,5087.25,5090.5
1703190000,5090.5,5092.75,5090.25,5091.75
1703190300,5091.75,5100,5091,5099.75
1703190600,5100,5101.5,5097,5099.75
1703190900,5099.75,5105,5099.25,5103.5
1703191200,5103.5,5105,5101.25,5101.75
1703191500,5101.75,5105.75,5101.25,5104.5
1703191800,5104.5,5109.25,5103.5,5107.5
1703192100,5107.5,5111.25,5106.5,5108.25
1703192400,5108.25,5108.75,5106.5,5107.25
1703192700,5107.5,5109.5,5107.25,5108.25
1703193000,5108.25,5109.5,5108,5108.75
1703193300,5108.75,5110.25,5108.5,5110
1703193600,5109.75,5110.25,5109.5,5109.75
1703193900,5109.75,5110.75,5109.75,5110
1703194200,5110,5110.25,5109.5,5109.75
1703194500,5110,5110.25,5109.5,5110.25
1703194800,5110,5110.25,5109.5,5109.5
1703195100,5109.5,5109.75,5109.25,5109.75
1703195400,5109.5,5110,5109.25,5109.5
1703195700,5109.5,5109.75,5108.75,5108.75
1703199600,5108.75,5109.25,5103.75,5105.75
1703199900,5106,5107.5,5105.25,5105.75
1703200200,5105.75,5107,5105.75,5106.75
1703200500,5106.75,5107.25,5106.5,5107
1703200800,5107,5107.5,5106.75,5107.25
1703201100,5107.5,5108,5107,5107
1703201400,5107.25,5108,5107.25,5107.75
1703201700,5107.5,5110,5107.5,5108.75
1703202000,5108.75,5110.25,5108.5,5109.5
1703202300,5109.25,5109.25,5107.5,5107.75
1703202600,5107.75,5107.75,5106.25,5106.75
1703202900,5106.75,5107,5106,5106.25
1703203200,5106.25,5106.5,5105,5105.25
1703203500,5105.5,5107,5105.25,5107
1703203800,5107,5107.25,5106.25,5106.5
1703204100,5106.25,5106.5,5103.75,5105.5
1703204400,5105.5,5106.5,5105.5,5106.25
1703204700,5106.25,5106.5,5105.5,5105.75
1703205000,5105.75,5106.25,5105.75,5106.25
1703205300,5106,5106.25,5105.75,5106.25
1703205600,5106,5106.25,5105,5105
1703205900,5105,5105.75,5105,5105.5
1703206200,5105.25,5105.75,5105,5105.25
1703206500,5105.25,5105.25,5104.5,5104.75
1703206800,5104.75,5105.5,5104.5,5105.25
1703207100,5105,5105.25,5102.5,5104
1703207400,5104,5104.25,5103.5,5104.25
1703207700,5104.25,5105.5,5103.75,5105
1703208000,5105,5105,5104.25,5104.25
1703208300,5104.25,5105.5,5104,5105
1703208600,5105,5105.25,5104.75,5104.75
1703208900,5104.75,5105,5103.5,5104.5
1703209200,5104.5,5104.5,5102.5,5103
1703209500,5103,5103.25,5101.5,5102.75
1703209800,5102.75,5103.25,5102.25,5102.75
1703210100,5102.75,5103,5102,5102.75
1703210400,5102.5,5103,5102,5102
1703210700,5102.25,5102.75,5101.75,5102.75
1703211000,5102.75,5103,5102.5,5102.75
1703211300,5102.75,5103.75,5102.75,5103.5
1703211600,5103.5,5104.25,5103,5103
1703211900,5103,5103.75,5102.5,5102.75
1703212200,5102.75,5103.5,5102.75,5103.25
1703212500,5103.25,5103.25,5102,5102.25
1703212800,5102.25,5102.5,5101.5,5101.75
1703213100,5101.75,5102.75,5101.75,5102.75
1703213400,5102.75,5104,5102.75,5103.5
1703213700,5103.75,5104,5103.25,5103.5
1703214000,5103.5,5104.5,5103.5,5104
1703214300,5104,5104.5,5104,5104.5
1703214600,5104.5,5105,5104.5,5104.75
1703214900,5104.75,5104.75,5103.75,5103.75
1703215200,5103.75,5104,5103.25,5103.75
1703215500,5103.75,5103.75,5103.25,5103.75
1703215800,5103.75,5104,5102.5,5102.5
1703216100,5102.75,5102.75,5101.75,5102
1703216400,5102,5102,5099.75,5100.5
1703216700,5100.5,5104.25,5100.5,5103.75
1703217000,5103.5,5103.75,5103,5103
1703217300,5103.25,5103.5,5102.75,5103
1703217600,5103,5104,5102.75,5103.75
1703217900,5103.5,5103.75,5102.75,5102.75
1703218200,5102.5,5103.5,5102.25,5103.5
1703218500,5103.25,5103.5,5102.75,5103.25
1703218800,5103.25,5103.25,5102.75,5103
1703219100,5103,5103.75,5103,5103.25
1703219400,5103.25,5103.75,5103,5103.5
1703219700,5103.5,5104,5103.5,5103.75
1703220000,5103.5,5104,5103.25,5103.75
1703220300,5103.75,5103.75,5103,5103.25
1703220600,5103.5,5103.5,5102.75,5102.75
1703220900,5102.75,5103.25,5102.25,5103.25
1703221200,5103,5103.25,5102.5,5102.75
1703221500,5103,5103,5101.75,5101.75
1703221800,5101.75,5103.25,5101.75,5102.5
1703222100,5102.5,5103,5102,5102.25
1703222400,5102,5102.25,5101.75,5101.75
1703222700,5101.75,5102.5,5101.5,5102.25
1703223000,5102.25,5102.5,5101.75,5102
1703223300,5102,5103.25,5101.5,5103
1703223600,5103,5103,5102,5102.25
1703223900,5102.25,5102.25,5101,5101
1703224200,5101,5101.75,5100.75,5101.25
1703224500,5101.25,5101.25,5099.75,5100
1703224800,5100,5101,5099.25,5100.5
1703225100,5100.5,5100.5,5098.75,5099
1703225400,5099.25,5099.5,5098.5,5098.5
1703225700,5098.5,5099,5098.5,5098.75
1703226000,5099,5099.5,5098.75,5099.25
1703226300,5099.25,5101,5099.25,5100.5
1703226600,5100.5,5100.75,5100.25,5100.5
1703226900,5100.5,5101.25,5100.5,5101
1703227200,5101,5101.75,5100.75,5101.5
1703227500,5101.75,5102.25,5101.25,5102
1703227800,5102.25,5102.5,5102,5102.5
1703228100,5102.25,5102.5,5101.5,5101.5
1703228400,5101.5,5103,5101,5102.5
1703228700,5102.25,5102.25,5101.5,5102
1703229000,5101.75,5102,5101.25,5102
1703229300,5102,5102.25,5101.75,5102
1703229600,5102,5102.5,5101.25,5101.5
1703229900,5101.5,5101.75,5100.5,5101
1703230200,5101,5102,5100.5,5102
1703230500,5102,5102.25,5101.5,5101.75
1703230800,5102,5102.25,5101,5102
1703231100,5102,5102.75,5102,5102.25
1703231400,5102.5,5102.75,5101.75,5102
1703231700,5102,5102.25,5101,5101.25
1703232000,5101.25,5102.75,5100.75,5101.5
1703232300,5101.5,5102.25,5101,5101.25
1703232600,5101.25,5103.25,5100.75,5102.5
1703232900,5102.5,5103.25,5101.75,5102
1703233200,5102,5102.25,5100.5,5100.75
1703233500,5100.75,5103,5100.75,5102.5
1703233800,5102.75,5105.75,5102.25,5105.75
1703234100,5105.5,5106,5104.5,5105.25
1703234400,5105.25,5105.75,5104.25,5104.25
1703234700,5104.25,5104.5,5102.75,5102.75
1703235000,5102.75,5102.75,5100.75,5101
1703235300,5101,5101.25,5099.75,5100
1703235600,5100.25,5102.25,5100,5101.25
1703235900,5101.25,5103.5,5100.75,5103
1703236200,5103.25,5103.75,5102.75,5103
1703236500,5103,5104.5,5103,5104.25
1703236800,5104,5105.25,5103.75,5104.25
1703237100,5104.25,5104.75,5103.75,5104
1703237400,5104.25,5107,5104.25,5106.5
1703237700,5106.5,5107.25,5106,5106.75
1703238000,5106.5,5106.75,5106,5106.5
1703238300,5106.5,5106.5,5104.75,5105.25
1703238600,5105.25,5105.5,5103.75,5104
1703238900,5103.75,5104.25,5103.5,5104.25
1703239200,5104.25,5104.25,5102.75,5103
1703239500,5103,5103.75,5102.75,5103.5
1703239800,5103.5,5105,5103.5,5104
1703240100,5104,5105,5103.75,5104.75
1703240400,5104.75,5105,5104.5,5104.75
1703240700,5104.75,5104.75,5103.75,5104.25
1703241000,5104.5,5104.5,5103.25,5103.5
1703241300,5103.25,5103.5,5102.5,5103.5
1703241600,5103.5,5104.5,5103.25,5104.5
1703241900,5104.5,5106,5104.25,5105.5
1703242200,5105.25,5107,5104.5,5106.75
1703242500,5106.75,5107,5106,5106.5
1703242800,5106.5,5107.5,5106.25,5107
1703243100,5106.75,5107.25,5106.5,5107
1703243400,5107,5108.25,5106.75,5108
1703243700,5108,5108.25,5107,5107
1703244000,5107,5107.25,5106.75,5106.75
1703244300,5107,5107.25,5106,5106.25
1703244600,5106.5,5108,5105.75,5107.75
1703244900,5107.75,5107.75,5106.25,5106.25
1703245200,5106.25,5107,5105.75,5106.5
1703245500,5106.5,5107.75,5106.25,5107
1703245800,5107,5108.25,5106.75,5108
1703246100,5108,5108.25,5107.5,5107.5
1703246400,5107.5,5109,5107.5,5109
1703246700,5108.75,5109,5108,5108.75
1703247000,5108.5,5109,5108,5108.25
1703247300,5108.25,5109.5,5108,5109
1703247600,5109.25,5110.25,5108.75,5109.75
1703247900,5110,5110,5108.5,5109
1703248200,5109,5109.25,5107.5,5107.75
1703248500,5108,5109,5107.5,5108.25
1703248800,5108.25,5108.75,5107.25,5107.75
1703249100,5107.5,5108,5106.25,5107
1703249400,5107,5107.75,5106.75,5107
1703249700,5107,5107.25,5106.5,5107
1703250000,5107.25,5109.75,5107.25,5109.75
1703250300,5109.75,5110.75,5109,5109
1703250600,5109.25,5110.25,5108.25,5109.75
1703250900,5109.75,5111.5,5109.5,5111.5
1703251200,5111.5,5111.75,5110.75,5111.5
1703251500,5111.5,5112.5,5109.5,5110.75
1703251800,5111,5116.25,5102.5,5108
1703252100,5108,5117.5,5108,5113.75
1703252400,5114,5118.25,5113.25,5117.75
1703252700,5117.75,5117.75,5115.75,5116
1703253000,5115.75,5120.75,5115,5120.75
1703253300,5120.5,5120.75,5119,5120.25
1703253600,5120.5,5121,5119,5120.5
1703253900,5120.75,5120.75,5119.25,5119.5
1703254200,5119.5,5121,5118.5,5119
1703254500,5118.75,5120.25,5118,5120
1703254800,5120,5120.5,5118.5,5119.75
1703255100,5119.75,5121,5118.75,5119.25
1703255400,5119.25,5126,5119,5123
1703255700,5123.25,5128.25,5121.25,5127
1703256000,5127.25,5131.5,5126.25,5131.25
1703256300,5131.25,5132.75,5129.5,5132
1703256600,5132,5134.75,5132,5132.75
1703256900,5132.75,5134.5,5129.5,5130.25
1703257200,5130.25,5132.5,5126.75,5131
1703257500,5131.25,5133.75,5128.25,5131
1703257800,5131,5131.5,5128.25,5130
1703258100,5130.25,5130.75,5127.75,5129.5
1703258400,5129.75,5130.5,5126.75,5128.75
1703258700,5129,5133.25,5127,5132.5
1703259000,5132.5,5134,5131.75,5132.75
1703259300,5132.5,5133.5,5126.75,5129.25
1703259600,5129.25,5131,5129,5130.5
1703259900,5130.5,5131.25,5127.75,5128.25
1703260200,5128.5,5129,5127,5128.25
1703260500,5128,5128.25,5122.25,5122.5
1703260800,5122.25,5123,5116.5,5120
1703261100,5120.25,5122.25,5116.75,5122
1703261400,5122,5124.25,5120.75,5123.5
1703261700,5123.75,5124.5,5121.75,5124.25
1703262000,5124.25,5127.5,5123.25,5123.75
1703262300,5123.5,5125.75,5122.5,5124.75
1703262600,5124.75,5128,5124.5,5126
1703262900,5125.75,5126,5123,5124
1703263200,5124,5124.25,5121.25,5121.75
1703263500,5121.75,5122.75,5120,5120.75
1703263800,5120.75,5122.75,5120.25,5122.25
1703264100,5122,5124,5121.25,5121.5
1703264400,5121.75,5124,5121.5,5122.75
1703264700,5122.75,5125.5,5120,5120.75
1703265000,5120.75,5121.5,5118.75,5118.75
1703265300,5119,5120.5,5118,5119.5
1703265600,5119.5,5120.25,5117.5,5119
1703265900,5119,5123,5118.5,5122
1703266200,5122,5123,5120,5121.25
1703266500,5121,5124,5121,5123.75
1703266800,5123.75,5125.25,5123.25,5125
1703267100,5124.75,5126.5,5124.25,5124.75
1703267400,5124.5,5126.75,5123.75,5126.5
1703267700,5126.25,5126.75,5124.25,5126.75
1703268000,5126.75,5127.25,5124.75,5126.75
1703268300,5126.75,5128,5126.5,5127.5
1703268600,5127.5,5128.5,5127.25,5128.25
1703268900,5128.25,5128.5,5126.5,5127
1703269200,5127,5127.75,5126.75,5127
1703269500,5127,5128,5126.25,5126.75
1703269800,5127,5128.25,5126.75,5127
1703270100,5127,5128,5125.75,5126.25
1703270400,5126.25,5126.75,5123.5,5125.75
1703270700,5126,5126.75,5124.5,5126.5
1703271000,5126.25,5127,5124.5,5125
1703271300,5124.75,5125.5,5123,5123.5
1703271600,5123.25,5123.75,5119.5,5119.75
1703271900,5119.75,5120.5,5111.75,5114.5
1703272200,5114.5,5116.75,5114,5116.25
1703272500,5116,5116.5,5106.5,5110.5
1703272800,5110.5,5112.75,5101.75,5104.75
1703273100,5105,5105.5,5100.5,5101.75
1703273400,5101.75,5104.5,5097.75,5101.75
1703273700,5101.5,5109.25,5101,5106.75
1703274000,5106.5,5114.5,5106.5,5113.75
1703274300,5114,5117.75,5113.75,5116
1703274600,5115.75,5119.5,5115.75,5118
1703274900,5118,5120,5117.75,5120
1703275200,5120,5121.75,5117.25,5120
1703275500,5120,5120.5,5116.5,5116.75
1703275800,5116.5,5119.5,5116.5,5119
1703276100,5119,5119.5,5116.5,5118.5
1703276400,5118.5,5119.5,5115.75,5118.5
1703276700,5118.25,5121.25,5117.5,5120.75
1703277000,5120.75,5121.25,5116.75,5116.75
1703277300,5116.75,5117.75,5114,5114
1703277600,5114,5115.25,5111,5115.25
1703277900,5115,5116.5,5112.5,5113
1703278200,5112.75,5118.25,5111.75,5117.75
1703278500,5117.5,5119.25,5115.25,5118.25
1703278800,5118.5,5121.25,5114.25,5115.25
1703279100,5115,5116,5114,5114
1703279400,5114.25,5114.5,5112.5,5113.25
1703279700,5113.25,5114,5111.75,5112.5
1703280000,5112.5,5113.25,5112.25,5112.75
1703280300,5112.5,5113.5,5112.5,5113
1703280600,5113,5113,5112.25,5112.75
1703280900,5112.75,5113,5112.25,5112.75
1703281200,5112.5,5112.75,5111.5,5111.75
1703281500,5111.75,5111.75,5110.5,5110.5
1703281800,5110.75,5111.75,5110.75,5111.25
1703282100,5111.25,5112.25,5110.75,5112.25
1703545200,5113.25,5120.75,5113.25,5120.25
1703545500,5120.25,5120.75,5118.75,5120.25
1703545800,5120.25,5121,5119.5,5120.75
1703546100,5120.75,5121.25,5120.25,5121
1703546400,5121,5122.5,5120.75,5122.25
1703546700,5122.25,5123.75,5122.25,5123.5
1703547000,5123.25,5124.25,5123,5124
1703547300,5123.75,5124.25,5123.5,5124
1703547600,5124,5124.25,5123.75,5124
1703547900,5124.25,5124.75,5122.25,5122.75
1703548200,5122.5,5123.25,5121.75,5122.75
1703548500,5123,5123.75,5123,5123
1703548800,5123,5123,5120.75,5120.75
1703549100,5121,5121.5,5119.75,5121
1703549400,5121.25,5121.75,5120.5,5120.75
1703549700,5120.75,5121.75,5120.75,5121.25
1703550000,5121.5,5122.25,5121.25,5121.5
1703550300,5121.25,5122.5,5121,5122.5
1703550600,5122.25,5122.75,5121.75,5122
1703550900,5122,5122.25,5121.25,5121.25
1703551200,5121.5,5121.5,5119,5119.75
1703551500,5119.75,5120.75,5119.75,5120.25
1703551800,5120.25,5120.75,5120,5120.75
1703552100,5120.75,5120.75,5120,5120.25
1703552400,5120,5120.25,5119,5119.25
1703552700,5119.25,5120.25,5119,5120
1703553000,5120,5120.25,5119.5,5120
1703553300,5120,5121.5,5120,5121.25
1703553600,5121,5121.25,5120.25,5120.5
1703553900,5120.25,5121.5,5120.25,5121
1703554200,5121,5121.5,5120.75,5121.25
1703554500,5121.25,5121.25,5120.75,5120.75
1703554800,5120.75,5120.75,5120.25,5120.5
1703555100,5120.5,5120.75,5120.25,5120.75
1703555400,5120.75,5121.5,5120.25,5121.25
1703555700,5121.25,5122,5121,5121.75
1703556000,5122,5122,5121.25,5121.25
1703556300,5121.5,5121.5,5120.75,5121
1703556600,5121,5121.25,5120,5120.5
1703556900,5120.5,5120.75,5120.5,5120.75
1703557200,5120.75,5121,5120.5,5120.75
1703557500,5121,5121.75,5120.75,5121.25
1703557800,5121.5,5121.5,5121.25,5121.25
1703558100,5121.25,5121.5,5120.75,5121
1703558400,5120.75,5121.5,5120.75,5121
1703558700,5121,5121,5121,5121
1703559000,5120.75,5121.5,5120.5,5121.5
1703559300,5121.5,5121.5,5121,5121
1703559600,5121,5122,5121,5121.75
1703559900,5121.75,5122,5121.75,5121.75
1703560200,5122,5123.5,5122,5123.5
1703560500,5123.25,5124,5123,5123.5
1703560800,5123.25,5123.5,5123.25,5123.25
1703561100,5123,5123.5,5122.75,5123.5
1703561400,5123.25,5124,5123.25,5124
1703561700,5124.25,5124.25,5123.5,5123.75
1703562000,5123.75,5124,5123.5,5123.5
1703562300,5123.5,5123.75,5123.25,5123.5
1703562600,5123.25,5123.5,5122.75,5122.75
1703562900,5123,5123,5122.75,5122.75
1703563200,5122.75,5123.5,5122.75,5123.25
1703563500,5123.25,5123.5,5123.25,5123.5
1703563800,5123.25,5123.5,5123.25,5123.25
1703564100,5123.5,5123.5,5123.25,5123.25
1703564400,5123.25,5123.25,5122.5,5123
1703564700,5122.75,5123,5122.75,5123
1703565000,5123,5123,5122.75,5123
1703565300,5123,5123,5122.75,5123
1703565600,5123,5123.25,5122.75,5123.25
1703565900,5123.5,5124,5123.25,5124
1703566200,5124,5125.25,5123.75,5125
1703566500,5125.25,5125.25,5124.25,5124.25
1703566800,5124.25,5124.75,5124,5124.75
1703567100,5124.75,5125,5124.25,5124.5
1703567400,5124.5,5124.5,5124,5124.25
1703567700,5124.25,5124.5,5124,5124
1703568000,5124,5125.5,5124,5125
1703568300,5125,5125.75,5124.75,5125.5
1703568600,5125.5,5126,5125.25,5125.75
1703568900,5125.5,5125.75,5124.25,5125
1703569200,5124.75,5126,5124.75,5125.75
1703569500,5125.5,5126,5125.5,5126
1703569800,5125.75,5126,5124.5,5124.75
1703570100,5124.75,5125,5124.5,5124.5
1703570400,5124.75,5125.25,5124.75,5125
1703570700,5125,5125.25,5124.75,5124.75
1703571000,5124.75,5125.25,5124.5,5125
1703571300,5125,5125,5124.5,5124.5
1703571600,5124.75,5124.75,5123.75,5124.25
1703571900,5124.25,5124.75,5124.25,5124.25
1703572200,5124.25,5125,5124.25,5125
1703572500,5124.75,5125.5,5124.75,5125.25
1703572800,5125.25,5125.25,5125,5125
1703573100,5125,5125.25,5124.5,5124.75
1703573400,5124.75,5125.25,5124.75,5125
1703573700,5125,5125,5124.5,5124.75
1703574000,5124.75,5125.75,5124.75,5125.75
1703574300,5125.75,5126.5,5125.5,5126.25
1703574600,5126.25,5126.5,5126,5126.25
1703574900,5126.5,5127.25,5126.25,5127.25
1703575200,5127.25,5127.25,5126.5,5126.75
1703575500,5126.5,5127,5126.25,5126.75
1703575800,5126.75,5127.75,5126.75,5127.5
1703576100,5127.5,5127.75,5127.25,5127.25
1703576400,5127.25,5127.75,5127.25,5127.5
1703576700,5127.5,5127.75,5126.5,5127
1703577000,5126.75,5127,5126.5,5126.75
1703577300,5126.75,5127.25,5126.5,5127.25
1703577600,5127,5128,5126.5,5126.75
1703577900,5127,5127,5125.5,5126
1703578200,5126.25,5126.75,5126,5126.75
1703578500,5126.5,5126.75,5126.25,5126.75
1703578800,5126.75,5127.25,5126.25,5126.5
1703579100,5126.5,5127.5,5126.5,5127.5
1703579400,5127.25,5127.75,5127.25,5127.75
1703579700,5127.5,5127.5,5126.5,5126.75
1703580000,5126.75,5127,5126,5126
1703580300,5126,5126.25,5125.75,5126
1703580600,5126,5126.25,5126,5126
1703580900,5125.75,5126.75,5125.75,5126.5
1703581200,5126.25,5126.75,5125.75,5126.75
1703581500,5126.75,5126.75,5125.5,5126.75
1703581800,5126.75,5126.75,5126,5126
1703582100,5125.75,5125.75,5124.5,5124.75
1703582400,5124.75,5124.75,5123.5,5123.5
1703582700,5123.5,5125,5123.25,5124.25
1703583000,5124.25,5125.75,5124.25,5125.5
1703583300,5125.75,5126.25,5125.5,5126.25
1703583600,5126,5126,5125,5125
1703583900,5125,5125.25,5124.25,5124.75
1703584200,5125,5125,5124.5,5124.75
1703584500,5124.75,5125,5124.5,5124.75
1703584800,5125,5125.5,5124.5,5125
1703585100,5125.25,5125.25,5124.5,5125
1703585400,5125,5125,5124.5,5124.5
1703585700,5124.75,5125,5124.5,5125
1703586000,5125.25,5125.25,5124,5124.5
1703586300,5124.25,5124.5,5124,5124.25
1703586600,5124.5,5124.5,5124,5124.25
1703586900,5124.5,5125.5,5124.5,5125.5
1703587200,5125.5,5126,5125.5,5125.5
1703587500,5125.5,5126,5125.5,5125.75
1703587800,5126,5126,5125.5,5126
1703588100,5126,5126.25,5125.75,5126.25
1703588400,5126.25,5126.5,5125.75,5126
1703588700,5126,5126.25,5124.5,5124.75
1703589000,5124.75,5125,5123.75,5124.25
1703589300,5124.25,5124.25,5123,5123.25
1703589600,5123,5123.75,5122.75,5123.5
1703589900,5123.25,5124.75,5123.25,5124.5
1703590200,5124.5,5124.75,5124.25,5124.5
1703590500,5124.75,5125,5124.5,5124.75
1703590800,5125,5125.5,5125,5125.5
1703591100,5125.5,5125.75,5124.5,5124.5
1703591400,5124.75,5124.75,5124,5124.25
1703591700,5124.25,5124.5,5123.25,5123.5
1703592000,5123.5,5123.75,5123,5123.25
1703592300,5123.25,5123.25,5119.5,5121.5
1703592600,5121.75,5122.5,5120.75,5120.75
1703592900,5121,5121.5,5120.25,5121.25
1703593200,5121.25,5122.25,5121,5122.25
1703593500,5122.25,5122.5,5121.25,5121.75
1703593800,5122,5122.75,5121.75,5122.75
1703594100,5122.75,5122.75,5122,5122.25
1703594400,5122,5122.75,5121.75,5122.75
1703594700,5123,5123.5,5123,5123.5
1703595000,5123.25,5123.75,5123.25,5123.5
1703595300,5123.5,5124.25,5123.25,5123.75
1703595600,5123.75,5124,5123,5123.5
1703595900,5123.5,5124,5123,5123.75
1703596200,5123.75,5124,5122.25,5122.5
1703596500,5122.25,5122.75,5121.75,5122
1703596800,5122,5124.5,5122,5124.25
1703597100,5124.25,5124.5,5123.5,5123.5
1703597400,5123.75,5123.75,5122.25,5122.5
1703597700,5122.75,5123.25,5121.25,5121.75
1703598000,5121.75,5122.25,5120.75,5122
1703598300,5122,5123.5,5122,5122.75
1703598600,5122.75,5124.25,5122.75,5124
1703598900,5124,5124.5,5123.25,5123.5
1703599200,5123.5,5123.75,5123,5123.5
1703599500,5123.5,5124.25,5123.5,5124
1703599800,5124,5124.25,5123.25,5123.75
1703600100,5123.75,5124,5122.5,5122.5
1703600400,5122.25,5123.5,5122.25,5122.25
1703600700,5122.25,5123,5121.25,5121.75
1703601000,5121.75,5127.25,5121,5126.75
1703601300,5127,5127.75,5125.75,5126.75
1703601600,5126.75,5128.75,5126.25,5127.25
1703601900,5127.5,5129.25,5126.75,5127
1703602200,5127.25,5127.75,5124.5,5125.5
1703602500,5125.5,5128,5124.5,5127.75
1703602800,5128,5128.25,5127,5128
1703603100,5128,5129.75,5127.75,5128.75
1703603400,5129,5131,5128.75,5130.25
1703603700,5130.25,5131.25,5129.75,5129.75
1703604000,5130,5131,5128.75,5130.25
1703604300,5130.5,5132.5,5128.75,5129.75
1703604600,5129.75,5132.25,5129.75,5131.5
1703604900,5131.75,5132.75,5131.25,5132.75
1703605200,5132.5,5133.25,5130.75,5130.75
1703605500,5130.75,5131.25,5130,5130.25
1703605800,5130.25,5130.25,5126.5,5128.5
1703606100,5128.75,5130.75,5128.5,5130.5
1703606400,5130.5,5131,5127.5,5129
1703606700,5129,5130.75,5128.75,5130.5
1703607000,5130.5,5132.75,5129.25,5132
1703607300,5132.25,5132.5,5128.25,5129
1703607600,5128.75,5129.75,5127.5,5127.75
1703607900,5127.5,5129,5127,5128.75
1703608200,5128.75,5130.75,5128.5,5130.5
1703608500,5130.5,5131.25,5129.75,5130.5
1703608800,5130.5,5131.5,5129.75,5130.75
1703609100,5130.75,5132.5,5130.5,5131
1703609400,5131.25,5132.5,5130.75,5132.25
1703609700,5132.25,5132.75,5130.25,5132
1703610000,5132.25,5132.25,5130.25,5130.75
1703610300,5131,5131.25,5130.25,5130.75
1703610600,5131,5133.25,5130.75,5132.75
1703610900,5133,5133.75,5132.25,5132.75
1703611200,5133,5133.75,5132,5132.5
1703611500,5132.5,5133.5,5132,5132
1703611800,5132,5133,5131.25,5131.25
1703612100,5131.5,5131.75,5129.75,5130.25
1703612400,5130.5,5132.25,5130.25,5132
1703612700,5132,5135.75,5131.75,5134.75
1703613000,5134.75,5135,5132.75,5134.75
1703613300,5134.75,5134.75,5131.5,5132
1703613600,5132,5133.75,5131.5,5133.5
1703613900,5133.5,5133.5,5132.5,5133
1703614200,5133.25,5135.5,5133.25,5134
1703614500,5134.25,5134.5,5133,5133.5
1703614800,5133.5,5136,5133.25,5135.75
1703615100,5135.75,5136.25,5134.5,5134.5
1703615400,5134.5,5135.75,5134,5134
1703615700,5134.25,5134.25,5133.5,5133.5
1703616000,5133.75,5134.5,5133.25,5134.5
1703616300,5134.5,5135.5,5134.25,5135
1703616600,5135,5135.25,5132.75,5133.75
1703616900,5134,5134.75,5132.75,5133.25
1703617200,5133.25,5135.5,5133,5134.75
1703617500,5135,5135.75,5134.5,5135.75
1703617800,5135.75,5136.5,5135,5135
1703618100,5135.25,5136.5,5135,5136.25
1703618400,5136.25,5136.5,5135.5,5136.25
1703618700,5136.5,5137.25,5135.75,5136.5
1703619000,5136.75,5138.5,5136.75,5137.25
1703619300,5137.5,5138.5,5137.25,5138.25
1703619600,5138.25,5138.5,5136.25,5136.25
1703619900,5136.5,5138,5136.25,5137.25
1703620200,5137.25,5138.5,5137.25,5138.25
1703620500,5138.25,5139.25,5137.75,5139
1703620800,5139,5140.25,5137.75,5139.75
1703621100,5139.5,5140.5,5138.25,5138.5
1703621400,5138.75,5139.75,5138.5,5139.25
1703621700,5139.25,5139.5,5138.5,5139.25
1703622000,5139.5,5142.5,5139.25,5142.25
1703622300,5142.5,5147.5,5142.25,5143.5
1703622600,5143.75,5146.25,5143.25,5145.5
1703622900,5145.5,5146.25,5141.5,5142.25
1703623200,5142,5142.25,5140.75,5141.25
1703623500,5141.25,5143,5139.5,5140
1703623800,5139.75,5142,5136.5,5137
1703624100,5137,5138.75,5135,5138
1703624400,5138,5140.25,5137.5,5138.25
1703624700,5138.25,5139.25,5137.25,5138.75
1703625000,5138.75,5139.25,5137.75,5139
1703625300,5138.75,5139.5,5138.5,5138.75
1703625600,5138.75,5139,5137.5,5137.5
1703625900,5137.5,5138.25,5137.5,5138.25
1703626200,5138.25,5138.5,5138,5138.25
1703626500,5138.25,5139,5138,5139
1703626800,5138.75,5139.75,5138.5,5139.5
1703627100,5139.5,5139.75,5139,5139.25
1703627400,5139.25,5139.5,5137,5139.25
1703627700,5139.5,5140.5,5139,5140
1703631600,5140.75,5142.25,5140,5142
1703631900,5142.25,5142.75,5141.75,5142.5
1703632200,5142.5,5143,5141.75,5142.25
1703632500,5142.25,5142.25,5141,5141.25
1703632800,5141.25,5141.75,5141,5141.5
1703633100,5141.75,5141.75,5140.5,5141
1703633400,5141,5141.25,5140.5,5140.75
1703633700,5140.75,5141,5139.75,5140
1703634000,5140.25,5140.5,5140,5140.5
1703634300,5140.75,5140.75,5140,5140.5
1703634600,5140.25,5140.25,5139.5,5139.75
1703634900,5139.75,5140,5139.75,5139.75
1703635200,5139.75,5140,5138.75,5140
1703635500,5140,5140,5139,5139
1703635800,5139,5139.5,5138.75,5139
1703636100,5139,5139,5138,5138.25
1703636400,5138.25,5139,5137.5,5137.5
1703636700,5137.75,5138.25,5137.5,5137.5
1703637000,5137.75,5138,5137.5,5138
1703637300,5137.75,5138,5137.5,5138
1703637600,5138,5138.5,5137.25,5138.25
1703637900,5138.25,5138.5,5137.5,5137.75
1703638200,5137.5,5137.5,5137.25,5137.25
1703638500,5137.5,5137.75,5137,5137
1703638800,5137.25,5137.5,5136.75,5137
1703639100,5137,5137.5,5136.75,5137.25
1703639400,5137.25,5137.5,5136.75,5137
1703639700,5137,5138.25,5136.5,5137.5
1703640000,5137.5,5138,5137,5137
1703640300,5136.75,5137.25,5136.5,5136.75
1703640600,5136.5,5137,5135.75,5136.25
1703640900,5136.25,5137.5,5136.25,5137.5
1703641200,5137.5,5137.75,5136.75,5137
1703641500,5137.25,5137.5,5136.75,5137.5
1703641800,5137.75,5138.25,5137.25,5138.25
1703642100,5138.25,5138.5,5138,5138.25
1703642400,5138.25,5138.5,5137.75,5138.25
1703642700,5138.25,5138.5,5137.75,5138.25
1703643000,5138.25,5138.75,5138,5138
1703643300,5138,5138.25,5137.75,5138
1703643600,5138,5138.25,5137.75,5138
1703643900,5137.75,5137.75,5137.25,5137.5
1703644200,5137.5,5138.75,5137.5,5138.5
1703644500,5138.5,5139.5,5138.5,5139.5
1703644800,5139.5,5139.5,5138.5,5138.75
1703645100,5138.5,5138.5,5137.75,5138
1703645400,5138,5138.75,5137.75,5138.5
1703645700,5138.5,5138.5,5137.5,5137.75
1703646000,5137.75,5138,5137.25,5137.25
1703646300,5137.25,5137.5,5136.75,5137.25
1703646600,5137.25,5137.75,5137,5137.5
1703646900,5137.25,5137.75,5137.25,5137.75
1703647200,5137.75,5138,5137.5,5138
1703647500,5138,5138,5137.5,5137.75
1703647800,5137.75,5137.75,5137,5137.25
1703648100,5137,5137.25,5137,5137.25
1703648400,5137.25,5137.5,5137,5137
1703648700,5137,5137.5,5136.75,5136.75
1703649000,5136.75,5137.25,5136.75,5137
1703649300,5137,5137,5136.5,5136.75
1703649600,5136.75,5137,5136.25,5137
1703649900,5136.75,5137.25,5136.5,5137.25
1703650200,5137.25,5138,5137,5138
1703650500,5138,5138.25,5137.75,5138
1703650800,5138,5138.5,5137.75,5138.5
1703651100,5138.25,5138.75,5138.25,5138.5
1703651400,5138.5,5138.5,5138,5138.5
1703651700,5138.5,5138.5,5138,5138
1703652000,5138.25,5138.5,5138,5138.25
1703652300,5138.25,5138.25,5138,5138
1703652600,5137.75,5138.25,5137.75,5138
1703652900,5138,5138.75,5138,5138.5
1703653200,5138.5,5138.5,5137.75,5138.25
1703653500,5138.5,5138.5,5137.75,5138
1703653800,5138,5138.75,5137.75,5138.5
1703654100,5138.5,5139.25,5138.5,5139.25
1703654400,5139,5139.25,5138.5,5138.75
1703654700,5138.75,5139.75,5138.75,5139.25
1703655000,5139.25,5139.5,5139,5139.25
1703655300,5139.25,5140,5139.25,5139.75
1703655600,5139.75,5139.75,5139,5139.25
1703655900,5139.25,5139.5,5139,5139.5
1703656200,5139.5,5140.25,5139.5,5140.25
1703656500,5140,5140.5,5140,5140.25
1703656800,5140.25,5140.75,5140,5140.75
1703657100,5140.75,5141,5140,5140
1703657400,5140,5140,5139.25,5139.75
1703657700,5139.75,5140,5139.5,5140
1703658000,5140,5141,5139.75,5140.75
1703658300,5141,5141.5,5140.75,5140.75
1703658600,5140.75,5141.5,5140.75,5141.25
1703658900,5141.25,5141.5,5141,5141
1703659200,5141,5141.75,5141,5141.25
1703659500,5141.25,5141.25,5140.5,5140.75
1703659800,5140.75,5141,5140.25,5140.5
1703660100,5140.5,5140.75,5140.25,5140.25
1703660400,5140.25,5141.25,5140.25,5141.25
1703660700,5141.25,5141.5,5140.25,5140.25
1703661000,5140.25,5140.75,5140,5140.75
1703661300,5141,5141.75,5141,5141.5
1703661600,5141.25,5142,5141.25,5141.75
1703661900,5141.75,5142.25,5141,5141.25
1703662200,5141.25,5141.25,5139.5,5140.5
1703662500,5140.5,5141.25,5140,5140
1703662800,5140,5140.5,5140,5140.25
1703663100,5140.25,5140.5,5139.5,5139.75
1703663400,5139.75,5140,5139.5,5139.75
1703663700,5139.75,5139.75,5138.25,5138.5
1703664000,5138.5,5138.5,5136.25,5136.25
1703664300,5136.25,5137,5135.75,5136
1703664600,5136.25,5137.25,5136,5137.25
1703664900,5137,5138,5136.5,5137
1703665200,5137,5138.5,5136.75,5138
1703665500,5138.25,5139.5,5138,5139
1703665800,5139,5140.25,5138.75,5140
1703666100,5140,5140.25,5139,5139
1703666400,5139,5139,5138,5138.75
1703666700,5138.75,5139,5137.5,5137.75
1703667000,5137.75,5138,5136,5136.5
1703667300,5136.5,5138.25,5136.25,5137.75
1703667600,5137.75,5138.25,5136.25,5136.75
1703667900,5136.75,5137.5,5135.75,5137.25
1703668200,5137,5137.25,5136.5,5136.75
1703668500,5136.75,5138.25,5136.25,5137.5
1703668800,5137.5,5137.75,5136.25,5137.25
1703669100,5137.25,5137.25,5136,5136.5
1703669400,5136.25,5137.25,5136.25,5137
1703669700,5137,5137.5,5137,5137.5
1703670000,5137.25,5137.25,5135.5,5135.75
1703670300,5135.5,5136.5,5135,5136
1703670600,5136,5136.5,5135.5,5136.25
1703670900,5136.25,5137.25,5136.25,5136.75
1703671200,5137,5137.25,5136.5,5137
1703671500,5137,5137.75,5136.75,5137.5
1703671800,5137.25,5137.5,5135.25,5135.75
1703672100,5135.5,5136.5,5134.75,5136.5
1703672400,5136.5,5136.5,5135.5,5136
1703672700,5136,5137,5136,5136.75
1703673000,5136.5,5137.25,5136.5,5137.25
1703673300,5137,5137.5,5136.25,5137.25
1703673600,5137.5,5138,5137,5137.25
1703673900,5137,5137.5,5136.5,5136.75
1703674200,5136.75,5137.5,5136.5,5137.5
1703674500,5137.5,5137.5,5136.5,5136.75
1703674800,5136.75,5137.75,5136.5,5137.75
1703675100,5137.5,5137.75,5136.25,5136.5
1703675400,5136.75,5137,5136.25,5137
1703675700,5137,5137,5135.75,5136.25
1703676000,5136.5,5137,5136.5,5137
1703676300,5137.25,5137.5,5136.5,5137.5
1703676600,5137.5,5137.5,5136.25,5137.5
1703676900,5137.25,5137.75,5136.25,5136.25
1703677200,5136,5136.75,5136,5136.75
1703677500,5136.75,5136.75,5136,5136
1703677800,5136,5137,5136,5136.75
1703678100,5136.5,5137,5136.5,5137
1703678400,5137,5137.25,5136.5,5136.5
1703678700,5136.75,5136.75,5134,5134.25
1703679000,5134,5135.5,5134,5135.25
1703679300,5135,5136,5134.75,5135.25
1703679600,5135.25,5136.25,5135,5135.5
1703679900,5135.5,5136.75,5135.25,5136.75
1703680200,5136.75,5137.25,5136,5136.75
1703680500,5136.5,5136.75,5135.75,5136.25
1703680800,5136.25,5136.25,5135.5,5136.25
1703681100,5136,5136.75,5135.75,5136.75
1703681400,5136.5,5137.25,5136.5,5137
1703681700,5137,5138.25,5136.75,5138
1703682000,5137.75,5139.5,5137.75,5138.75
1703682300,5138.75,5140,5138.5,5139.5
1703682600,5139.5,5140,5139,5139.25
1703682900,5139.25,5140.5,5139.25,5140
1703683200,5140,5141.5,5140,5141.25
1703683500,5141.25,5141.75,5141,5141.25
1703683800,5141.5,5141.75,5140.5,5141.25
1703684100,5141.25,5141.25,5139.75,5140
1703684400,5140,5140.5,5139,5140
1703684700,5140.25,5140.5,5139.75,5140.25
1703685000,5140.5,5140.5,5138.5,5139
1703685300,5139,5139.25,5138,5138.25
1703685600,5138,5138.25,5136.5,5137.5
1703685900,5137.75,5138.25,5137,5137.5
1703686200,5137.5,5138.25,5136.75,5136.75
1703686500,5137,5137.75,5136.5,5136.75
1703686800,5136.75,5137.25,5135.75,5136
1703687100,5135.75,5136,5134,5135
1703687400,5135.25,5140,5133.25,5138.75
1703687700,5138.75,5140,5137.5,5139.25
1703688000,5139.25,5140.75,5138.5,5140
1703688300,5140.25,5141,5138.5,5140
1703688600,5140,5141.75,5139.75,5141.5
1703688900,5141.25,5142,5140.25,5140.5
1703689200,5140.5,5142,5139.5,5140.5
1703689500,5140.75,5140.75,5138.75,5139.75
1703689800,5139.75,5140.5,5132.5,5134.5
1703690100,5134.5,5137.25,5133.75,5135.25
1703690400,5135.25,5137.5,5132,5137
1703690700,5137,5139.25,5136.5,5138
1703691000,5138,5138.5,5135.75,5135.75
1703691300,5135.75,5136.25,5133,5136
1703691600,5136,5136.25,5133,5134
1703691900,5134,5135,5132.25,5132.75
1703692200,5132.75,5133.75,5131,5133.75
1703692500,5133.5,5135.25,5133.25,5134.25
1703692800,5134.5,5134.75,5132.25,5133
1703693100,5133,5134.75,5132.25,5133.5
1703693400,5133.25,5134.5,5132.25,5134
1703693700,5134,5135.25,5134,5134.75
1703694000,5135,5135.25,5134,5134
1703694300,5134.25,5135.25,5132.5,5135.25
1703694600,5135.25,5137,5134.5,5136.5
1703694900,5136.5,5138.5,5136.5,5137.75
1703695200,5138,5140,5137.25,5139.5
1703695500,5139.5,5139.75,5137.75,5138.75
1703695800,5138.75,5139.5,5137.75,5138.75
1703696100,5139,5139.5,5138,5138.25
1703696400,5138.5,5139.5,5136.25,5137.75
1703696700,5137.75,5138.25,5137,5138
1703697000,5138,5140,5138,5139.25
1703697300,5139.5,5140,5139,5139.5
1703697600,5139.5,5141,5138.25,5139.5
1703697900,5139.75,5139.75,5138.5,5139
1703698200,5138.75,5140.5,5138.75,5139.75
1703698500,5139.75,5140,5136.75,5137.5
1703698800,5137.5,5137.75,5133.5,5134.5
1703699100,5134.5,5136.5,5134.25,5136
1703699400,5136,5136.5,5135.25,5135.5
1703699700,5135.5,5136.75,5135.25,5135.75
1703700000,5135.75,5140.25,5135.75,5139.5
1703700300,5139.5,5148,5139.25,5145.25
1703700600,5145,5147.75,5142.75,5143.25
1703700900,5143,5146,5142.25,5144.25
1703701200,5144,5144.75,5142.75,5143
1703701500,5142.75,5144.25,5141.75,5143
1703701800,5143.25,5145,5142.25,5143
1703702100,5143,5144.25,5142.5,5143.75
1703702400,5144,5145.25,5144,5145.25
1703702700,5145.25,5145.75,5143.75,5144.75
1703703000,5144.75,5145.5,5142.75,5143.75
1703703300,5144,5144.5,5140.75,5140.75
1703703600,5141,5141,5129.5,5131.5
1703703900,5131.75,5135,5129.5,5133.75
1703704200,5134,5134.5,5129.5,5131.5
1703704500,5131.75,5135,5130.25,5134.75
1703704800,5134.5,5137.75,5134.5,5137.25
1703705100,5137.25,5141,5135.25,5138.75
1703705400,5138.75,5139,5134.75,5136
1703705700,5136.25,5137,5135.25,5135.25
1703706000,5135.25,5135.5,5132.5,5133.75
1703706300,5133.75,5135,5133.25,5135
1703706600,5134.75,5135.25,5132.75,5132.75
1703706900,5132.75,5136.25,5132.5,5135.5
1703707200,5135.5,5137.75,5134.5,5137
1703707500,5136.75,5137.75,5134.25,5137.5
1703707800,5137.75,5139.25,5136.75,5137.25
1703708100,5137.25,5140,5137,5138.75
1703708400,5138.5,5139.5,5136.5,5136.75
1703708700,5136.5,5137,5134,5136.75
1703709000,5137,5139.25,5135.5,5138.75
1703709300,5139,5141,5138.75,5139.5
1703709600,5139.75,5140.5,5134.25,5135
1703709900,5135,5136,5134,5135.25
1703710200,5135.5,5137.75,5132.75,5136.75
1703710500,5136.75,5148.5,5136.75,5147.75
1703710800,5147.75,5149.25,5145.5,5149
1703711100,5148.75,5149.5,5147.25,5147.75
1703711400,5147.75,5148.75,5147.5,5147.75
1703711700,5148,5148,5146.5,5146.75
1703712000,5146.75,5147.75,5146.75,5147
1703712300,5147,5147.25,5146.5,5147
1703712600,5146.75,5147.5,5146.75,5147.25
1703712900,5147.5,5148,5147.25,5147.5
1703713200,5147.5,5148,5147.5,5147.5
1703713500,5147.5,5147.75,5147.25,5147.5
1703713800,5147.5,5148,5147.25,5147.5
1703714100,5147.5,5148.25,5147.5,5147.75
1703718000,5147.5,5148,5145.75,5147.75
1703718300,5147.75,5148,5146.75,5147.25
1703718600,5147.25,5147.75,5147,5147.75
1703718900,5147.5,5148.25,5147.5,5148.25
1703719200,5148.25,5148.25,5148,5148
1703719500,5148,5148,5147,5147.25
1703719800,5147,5147.25,5146.5,5146.5
1703720100,5146.5,5146.75,5146.25,5146.75
1703720400,5146.5,5147.5,5146.5,5147
1703720700,5147,5147.5,5146.75,5147.5
1703721000,5147.5,5147.75,5147,5147.5
1703721300,5147.5,5147.75,5147.25,5147.5
1703721600,5147.5,5149,5147.25,5148.75
1703721900,5148.75,5149.25,5148.25,5148.75
1703722200,5148.5,5149.25,5148.5,5149
1703722500,5148.75,5148.75,5148.25,5148.5
1703722800,5148.5,5149,5148.25,5149
1703723100,5149,5149,5148.5,5149
1703723400,5149,5149.75,5148.75,5149.25
1703723700,5149.25,5149.5,5148.5,5149
1703724000,5149,5149.25,5148.75,5149.25
1703724300,5149,5150.75,5148.75,5150
1703724600,5150,5150.5,5149,5149.5
1703724900,5149.5,5150.5,5149.5,5150.25
1703725200,5150.25,5151.25,5150.25,5151
1703725500,5151,5152.5,5150.75,5152.25
1703725800,5152.25,5152.25,5151,5151
1703726100,5151.25,5152,5150.75,5151.5
1703726400,5151.5,5151.75,5151.25,5151.5
1703726700,5151.75,5151.75,5151,5151.5
1703727000,5151.75,5151.75,5151.25,5151.75
1703727300,5151.5,5153,5151.5,5152.5
1703727600,5152.25,5153.5,5152.25,5153.25
1703727900,5153.5,5153.5,5153,5153
1703728200,5153.25,5153.5,5152.75,5153.25
1703728500,5153.25,5153.5,5153,5153.5
1703728800,5153.5,5153.75,5153.25,5153.5
1703729100,5153.5,5154.5,5153.5,5154.5
1703729400,5154.5,5154.5,5152.75,5153.5
1703729700,5153.5,5154,5153.25,5153.5
1703730000,5153.5,5154,5153.25,5153.5
1703730300,5153.5,5154,5153.25,5153.75
1703730600,5154,5154.5,5153.75,5154.25
1703730900,5154.25,5154.5,5153.75,5154
1703731200,5153.75,5154.25,5153,5153.25
1703731500,5153.25,5153.5,5152.5,5153.5
1703731800,5153.5,5154,5153.25,5153.75
1703732100,5153.5,5154.5,5153.5,5154.25
1703732400,5154.5,5154.5,5153.5,5153.75
1703732700,5153.75,5154.25,5153.25,5153.5
1703733000,5153.25,5153.25,5153,5153.25
1703733300,5153,5153.25,5151.75,5152
1703733600,5152,5152,5151,5151.25
1703733900,5151.25,5151.75,5151,5151.25
1703734200,5151.25,5152,5151.25,5151.75
1703734500,5151.75,5152,5151.5,5152
1703734800,5151.75,5152.25,5151.75,5152
1703735100,5151.75,5152.5,5151.75,5152.5
1703735400,5152.5,5153,5152.25,5152.75
1703735700,5152.5,5152.75,5152.25,5152.75
1703736000,5152.75,5153,5152.5,5152.75
1703736300,5152.75,5153.5,5152.75,5153.25
1703736600,5153,5153.5,5153,5153.25
1703736900,5153.25,5154.25,5153,5154.25
1703737200,5154.25,5154.25,5153.75,5154
1703737500,5154,5154,5153.25,5153.5
1703737800,5153.25,5153.5,5153.25,5153.25
1703738100,5153.25,5153.25,5152.25,5152.25
1703738400,5152.25,5152.5,5152,5152
1703738700,5152,5152,5151.5,5151.5
1703739000,5151.5,5152,5151.5,5151.75
1703739300,5151.5,5151.75,5151.5,5151.5
1703739600,5151.75,5152.25,5151.75,5152.25
1703739900,5152.25,5153.5,5152.25,5153.5
1703740200,5153.5,5153.5,5152.75,5152.75
1703740500,5152.75,5153.25,5152.75,5153
1703740800,5153,5153,5152.75,5152.75
1703741100,5152.75,5153,5152.5,5152.75
1703741400,5152.5,5153,5152,5152.5
1703741700,5152.5,5153,5152.5,5152.5
1703742000,5152.5,5152.75,5151.75,5152.5
1703742300,5152.25,5152.5,5151.75,5152
1703742600,5152,5152.5,5152,5152.25
1703742900,5152.25,5153,5152.25,5153
1703743200,5153,5153.5,5152.5,5153.25
1703743500,5153.25,5153.5,5152.75,5153
1703743800,5153,5153.25,5152.75,5152.75
1703744100,5152.75,5152.75,5152.25,5152.5
1703744400,5152.5,5153.5,5152.5,5153.25
1703744700,5153.25,5153.25,5152.5,5152.5
1703745000,5152.5,5152.75,5152.25,5152.25
1703745300,5152.25,5153,5152,5153
1703745600,5153,5153.25,5152.5,5152.5
1703745900,5152.75,5153.5,5152.5,5153.25
1703746200,5153,5153.75,5153,5153.75
1703746500,5153.5,5154,5153.5,5153.5
1703746800,5153.75,5153.75,5153.25,5153.5
1703747100,5153.5,5153.75,5153,5153
1703747400,5153,5153.5,5152.75,5153.25
1703747700,5153,5153.25,5152.5,5152.75
1703748000,5152.75,5154.25,5152.75,5153.75
1703748300,5154,5154.25,5153.25,5153.25
1703748600,5153,5153.75,5153,5153.25
1703748900,5153.25,5153.25,5152.5,5152.75
1703749200,5152.5,5153.25,5152.5,5152.75
1703749500,5152.75,5153,5152.25,5152.25
1703749800,5152.25,5152.5,5152.25,5152.5
1703750100,5152.75,5153.25,5152.25,5153
1703750400,5153,5153.25,5151.75,5153
1703750700,5153,5153.25,5151.5,5151.5
1703751000,5151.75,5152.75,5151.75,5151.75
1703751300,5152,5152.5,5151.25,5151.5
1703751600,5151.5,5151.5,5150,5150.25
1703751900,5150.25,5151,5150,5150.75
1703752200,5150.75,5150.75,5149.5,5150
1703752500,5149.75,5150.75,5149.5,5150
1703752800,5150,5150.5,5149,5149.25
1703753100,5149.25,5150,5149,5149.5
1703753400,5149.5,5149.75,5148.75,5149.75
1703753700,5149.75,5150,5147.25,5147.5
1703754000,5147.5,5148.25,5146.5,5146.75
1703754300,5146.5,5147.5,5146,5147.25
1703754600,5147,5147.75,5146.25,5146.5
1703754900,5146.75,5147.5,5146.25,5147.5
1703755200,5147.5,5148,5147,5147
1703755500,5147.25,5148,5147,5147.75
1703755800,5147.75,5148,5147.25,5147.25
1703756100,5147.5,5148,5147,5147.75
1703756400,5147.75,5147.75,5146.5,5147.25
1703756700,5147.25,5147.75,5146.25,5146.5
1703757000,5146.25,5147.25,5146.25,5146.25
1703757300,5146.5,5147.5,5146.25,5146.75
1703757600,5147,5148.25,5147,5148
1703757900,5148.25,5149,5148.25,5148.5
1703758200,5148.5,5149,5148.25,5148.5
1703758500,5148.5,5148.75,5148,5148.75
1703758800,5148.5,5148.5,5148,5148.5
1703759100,5148.5,5148.5,5147.25,5147.5
1703759400,5147.75,5148.75,5147.75,5147.75
1703759700,5148,5148,5146.5,5146.5
1703760000,5146.75,5146.75,5145.25,5146.25
1703760300,5146.25,5146.75,5145.25,5146.5
1703760600,5146.5,5146.5,5145.25,5145.5
1703760900,5145.5,5145.5,5144.25,5145.25
1703761200,5145.25,5146.75,5145,5146.75
1703761500,5146.75,5148,5146.5,5147.5
1703761800,5147.25,5147.5,5146.75,5147.25
1703762100,5147.25,5147.25,5146,5146.5
1703762400,5146.5,5146.5,5145.5,5145.5
1703762700,5145.5,5146,5145.25,5145.5
1703763000,5145.75,5146.25,5145.5,5145.5
1703763300,5145.75,5146.5,5144.5,5145.5
1703763600,5145.25,5145.75,5144.5,5144.75
1703763900,5144.75,5145.5,5144.25,5145
1703764200,5145.25,5145.5,5144.75,5145.25
1703764500,5145.25,5146.25,5145.25,5146
1703764800,5146.25,5146.25,5145.5,5145.5
1703765100,5145.25,5146.25,5145.25,5145.5
1703765400,5145.5,5146.5,5145.25,5146.5
1703765700,5146.5,5147.5,5146.5,5147.5
1703766000,5147.5,5147.5,5146.75,5147
1703766300,5146.75,5148,5146.75,5148
1703766600,5147.75,5148.5,5147.25,5148.5
1703766900,5148.5,5148.5,5147.25,5147.75
1703767200,5147.75,5147.75,5147,5147.5
1703767500,5147.75,5147.75,5146.75,5146.75
1703767800,5147,5148,5146.75,5147.25
1703768100,5147.25,5147.5,5146.5,5146.75
1703768400,5146.75,5148,5146.5,5148
1703768700,5147.75,5147.75,5146.5,5147
1703769000,5147,5147,5146,5146.25
1703769300,5146.25,5146.75,5145.75,5146.5
1703769600,5146.5,5147.5,5146.5,5147.5
1703769900,5147.5,5147.75,5146.5,5147.25
1703770200,5147.5,5149,5146.25,5146.5
1703770500,5146.5,5147.5,5146.5,5147
1703770800,5147,5148.25,5146.75,5147.5
1703771100,5147.75,5147.75,5145.75,5146.25
1703771400,5146,5146.25,5143.75,5145.5
1703771700,5145.5,5145.75,5142.5,5142.5
1703772000,5142.75,5144,5142,5142.5
1703772300,5142.5,5143.5,5142.25,5143.5
1703772600,5143.5,5144.25,5142.5,5143.75
1703772900,5143.75,5145.25,5143.5,5144.5
1703773200,5144.75,5145.5,5143.75,5145.25
1703773500,5145,5145.75,5143.25,5144.75
1703773800,5145,5150.5,5144.5,5148
1703774100,5148,5149.25,5147,5149
1703774400,5149.25,5150.5,5144.75,5145.5
1703774700,5145.25,5148,5144.5,5147.75
1703775000,5147.5,5149,5146.25,5148
1703775300,5148,5149.75,5147.75,5148.75
1703775600,5148.5,5149,5146.25,5147
1703775900,5147,5147.5,5144.75,5146.25
1703776200,5146.25,5147.75,5145,5146.25
1703776500,5146.25,5148,5145.75,5146.75
1703776800,5146.75,5148.25,5146,5147.75
1703777100,5147.75,5150,5147.5,5149.75
1703777400,5149.75,5151,5149,5150.25
1703777700,5150.5,5150.75,5149.25,5149.5
1703778000,5149.5,5151.25,5148.5,5149.5
1703778300,5149.5,5152.25,5148.75,5151.75
1703778600,5151.75,5152.25,5149.25,5150
1703778900,5150,5150.75,5146.5,5147.75
1703779200,5147.75,5148.5,5146.25,5147
1703779500,5147,5148,5144.5,5146.75
1703779800,5146.75,5148.25,5146,5147
1703780100,5147,5147.25,5143,5143.5
1703780400,5143.5,5146.75,5143,5144.75
1703780700,5145,5146.25,5143,5145.5
1703781000,5145.5,5147,5144.75,5145.25
1703781300,5145.25,5146,5144.25,5145.75
1703781600,5145.75,5147.75,5145.75,5146.75
1703781900,5147,5147.5,5146,5147
1703782200,5147,5148,5146.25,5147
1703782500,5147,5147.25,5145.25,5145.75
1703782800,5145.75,5148.5,5145,5148.25
1703783100,5148,5149.25,5148,5148
1703783400,5148.25,5149,5146.75,5146.75
1703783700,5147,5148.25,5146.75,5147.5
1703784000,5147.5,5148,5146,5147.25
1703784300,5147.5,5147.75,5146.25,5146.25
1703784600,5146.25,5148.75,5146,5148.5
1703784900,5148.5,5149,5148,5148.5
1703785200,5148.75,5149.5,5148.25,5149.25
1703785500,5149.5,5150.5,5148,5148
1703785800,5148.25,5150.5,5147.75,5150.25
1703786100,5150.5,5151.5,5149.5,5150.25
1703786400,5150.25,5150.75,5142,5145
1703786700,5145.25,5147.75,5141.5,5147.25
1703787000,5147.5,5148.75,5144.75,5146.25
1703787300,5146.5,5149,5146.25,5148.75
1703787600,5148.75,5149.5,5147.75,5149.5
1703787900,5149.5,5149.5,5147,5147.5
1703788200,5147.5,5149.5,5147.5,5149.25
1703788500,5149.25,5152.75,5148.75,5150.5
1703788800,5150.5,5150.75,5147.25,5148.5
1703789100,5148.5,5148.5,5146.5,5147.25
1703789400,5147,5149.75,5147,5148.25
1703789700,5148.5,5148.5,5146.75,5147.5
1703790000,5147.5,5150,5147.25,5150
1703790300,5150,5150,5148.5,5149.5
1703790600,5149.75,5151.5,5149,5150.25
1703790900,5150.5,5151.5,5149.5,5149.75
1703791200,5150,5151.25,5149,5150.75
1703791500,5150.75,5151.75,5150.5,5151
1703791800,5151.25,5152.5,5149,5150.5
1703792100,5150.5,5152.75,5150,5151.25
1703792400,5151.25,5151.75,5149.75,5150
1703792700,5150.25,5151,5148.75,5151
1703793000,5150.75,5151,5148.25,5148.75
1703793300,5148.5,5150.25,5148.5,5149.5
1703793600,5149.75,5149.75,5147,5148.25
1703793900,5148.25,5149.5,5147.25,5148.75
1703794200,5148.75,5148.75,5143.5,5146.25
1703794500,5146.25,5149,5143.75,5148.5
1703794800,5148.5,5149.25,5147,5147
1703795100,5147.25,5148,5145.5,5146.5
1703795400,5146.5,5148.25,5146.5,5147.25
1703795700,5147.5,5149.75,5147.25,5149.25
1703796000,5149,5151.25,5148.5,5150.5
1703796300,5150.75,5150.75,5146,5147.5
1703796600,5147.5,5148.5,5141.75,5142.25
1703796900,5142.25,5146.75,5141,5146
1703797200,5146.25,5147.25,5145,5146
1703797500,5146.25,5147.75,5146,5146.75
1703797800,5146.5,5147,5146,5146.5
1703798100,5146.5,5147.25,5146.25,5146.75
1703798400,5146.75,5148.25,5146.75,5147.5
1703798700,5147.75,5147.75,5147,5147.5
1703799000,5147.75,5147.75,5146.75,5147
1703799300,5147,5147.5,5146.75,5146.75
1703799600,5146.75,5147,5146.25,5146.75
1703799900,5146.75,5147,5145.75,5145.75
1703800200,5146,5146.75,5145.75,5146.25
1703800500,5146,5146.5,5146,5146.5
1703804400,5147.75,5147.75,5145.5,5146.75
1703804700,5146.75,5147.5,5146.5,5147.5
1703805000,5147.5,5147.75,5146.75,5147
1703805300,5147.25,5148,5147,5147.75
1703805600,5147.5,5148,5147.25,5148
1703805900,5148,5148.5,5148,5148.5
1703806200,5148.5,5148.5,5147.5,5147.5
1703806500,5147.5,5148.5,5147.25,5148.25
1703806800,5148.25,5148.75,5148.25,5148.5
1703807100,5148.5,5148.5,5147.75,5148
1703807400,5148.25,5148.75,5148,5148.75
1703807700,5148.75,5148.75,5148,5148.25
1703808000,5148.25,5149,5147.25,5148.5
1703808300,5148.5,5148.75,5147.5,5147.75
1703808600,5148,5148.25,5147.5,5148
1703808900,5148.25,5148.5,5147.75,5148
1703809200,5148.25,5148.75,5148,5148
1703809500,5148,5148.5,5148,5148.5
1703809800,5148.5,5148.5,5148.25,5148.25
1703810100,5148,5148.5,5148,5148.25
1703810400,5148.25,5148.25,5147.5,5147.75
1703810700,5148,5148.5,5147.75,5148.5
1703811000,5148.5,5148.5,5148.25,5148.25
1703811300,5148.5,5148.75,5148.25,5148.5
1703811600,5148.5,5148.75,5148,5148
1703811900,5148.25,5148.25,5146,5146.75
1703812200,5146.5,5147.25,5146.25,5147.25
1703812500,5147.5,5148,5147.5,5148
1703812800,5148,5148,5147.75,5147.75
1703813100,5147.5,5148,5147.25,5147.75
1703813400,5148,5148.5,5147.5,5147.75
1703813700,5147.75,5149,5147.75,5148.75
1703814000,5148.5,5149,5148,5149
1703814300,5148.75,5149,5148.5,5148.75
1703814600,5148.5,5148.75,5148,5148.25
1703814900,5148,5148.25,5147.25,5147.75
1703815200,5147.5,5149,5147.5,5148.5
1703815500,5148.5,5148.5,5147.75,5148
1703815800,5147.75,5148.25,5147.25,5148.25
1703816100,5148,5148.25,5148,5148
1703816400,5148,5148.25,5147.75,5148.25
1703816700,5148.25,5148.25,5147.75,5148
1703817000,5148,5148.25,5147.75,5148
1703817300,5148.25,5148.5,5148.25,5148.5
1703817600,5148.25,5149,5148.25,5148.75
1703817900,5148.75,5149.5,5148.75,5149
1703818200,5149,5149,5148.25,5148.5
1703818500,5148.5,5148.75,5148.5,5148.5
1703818800,5148.25,5149.5,5148.25,5149
1703819100,5149,5149.25,5148.75,5149
1703819400,5149.25,5149.75,5149,5149.75
1703819700,5149.75,5150,5149,5149.25
1703820000,5149.25,5149.5,5149,5149
1703820300,5149,5149.25,5148.75,5149
1703820600,5149.25,5149.5,5149,5149.5
1703820900,5149.25,5149.5,5148.75,5148.75
1703821200,5149,5149,5148.75,5149
1703821500,5149,5149,5148.75,5149
1703821800,5149,5149.25,5148.75,5149
1703822100,5149,5149,5148.5,5149
1703822400,5149,5149.5,5148.75,5149.25
1703822700,5149.5,5149.75,5149.5,5149.5
1703823000,5149.75,5149.75,5149.5,5149.5
1703823300,5149.5,5149.5,5149,5149
1703823600,5149,5149,5147.75,5148
1703823900,5148.25,5148.5,5148,5148.25
1703824200,5148,5148.5,5148,5148.25
1703824500,5148.25,5148.75,5148,5148
1703824800,5148.25,5148.25,5147.5,5147.5
1703825100,5147.75,5148.5,5147.5,5148.5
1703825400,5148.25,5148.5,5148,5148
1703825700,5148.25,5148.5,5148,5148.25
1703826000,5148.25,5148.5,5148,5148.5
1703826300,5148.5,5149.25,5148.5,5148.75
1703826600,5148.75,5149.25,5148.75,5149
1703826900,5149,5149.25,5148.75,5149
1703827200,5148.75,5148.75,5148.25,5148.5
1703827500,5148.5,5149.25,5148.5,5149
1703827800,5149.25,5149.25,5148,5148.25
1703828100,5148.5,5149,5148.25,5148.75
1703828400,5148.5,5149,5148.5,5149
1703828700,5148.75,5148.75,5148.5,5148.75
1703829000,5148.75,5148.75,5148.5,5148.75
1703829300,5148.5,5149.5,5148.5,5149.25
1703829600,5149.5,5150,5149.25,5149.75
1703829900,5149.75,5150,5149.25,5149.5
1703830200,5149.5,5149.75,5149.25,5149.5
1703830500,5149.75,5149.75,5149.25,5149.5
1703830800,5149.5,5149.75,5149.5,5149.5
1703831100,5149.5,5150,5149.5,5150
1703831400,5150,5150,5149.75,5150
1703831700,5150,5150.25,5149.75,5149.75
1703832000,5150,5150,5149.75,5149.75
1703832300,5150,5150.5,5150,5150.25
1703832600,5150.25,5150.5,5150.25,5150.5
1703832900,5150.5,5150.5,5150,5150
1703833200,5150,5150.75,5149.75,5150.5
1703833500,5150.5,5150.75,5150.25,5150.75
1703833800,5150.75,5151,5150.25,5151
1703834100,5151,5151,5150.75,5150.75
1703834400,5150.75,5150.75,5150.25,5150.75
1703834700,5150.5,5150.75,5150.25,5150.5
1703835000,5150.5,5151,5150,5150.75
1703835300,5150.75,5151,5150.5,5151
1703835600,5151,5151,5150,5150
1703835900,5150.25,5150.5,5149.5,5150
1703836200,5150,5150.5,5149.75,5150
1703836500,5150,5150.25,5149.5,5149.75
1703836800,5150,5151.5,5149.75,5151.5
1703837100,5151.5,5152,5150.5,5150.75
1703837400,5150.5,5152,5150.5,5152
1703837700,5152,5153,5151.75,5152.5
1703838000,5152.5,5153,5152,5153
1703838300,5153,5154,5152.5,5154
1703838600,5154,5154,5152.5,5153
1703838900,5153,5153.25,5152.25,5152.5
1703839200,5152.5,5152.5,5151.5,5151.75
1703839500,5151.75,5152.25,5150.5,5150.75
1703839800,5150.5,5151.5,5150.5,5151
1703840100,5151,5151.25,5150,5151
1703840400,5151.25,5151.75,5150.75,5151.5
1703840700,5151.75,5152.25,5151.25,5151.5
1703841000,5151.5,5151.75,5150.5,5151
1703841300,5151,5151.25,5150,5151
1703841600,5151.25,5151.25,5150,5150
1703841900,5150,5151,5149.75,5150
1703842200,5150,5151,5149.75,5150.25
1703842500,5150.25,5150.5,5149.25,5149.5
1703842800,5149.5,5150.25,5148.5,5148.75
1703843100,5148.5,5149,5147.75,5148.5
1703843400,5148.5,5149,5148,5148
1703843700,5148,5148,5147.5,5147.75
1703844000,5147.75,5148.25,5147,5147.5
1703844300,5147.5,5148,5147,5147.25
1703844600,5147.25,5148.25,5147.25,5147.75
1703844900,5147.75,5148.75,5146.5,5146.5
1703845200,5146.5,5146.75,5146.25,5146.5
1703845500,5146.5,5147,5146.25,5146.5
1703845800,5146.75,5147,5146,5147
1703846100,5147,5148.25,5147,5148
1703846400,5147.75,5148.5,5147.25,5148
1703846700,5147.75,5148.5,5147.5,5147.5
1703847000,5147.5,5148.5,5147.5,5148.5
1703847300,5148.5,5149,5147.5,5148
1703847600,5148,5148.25,5147.25,5148.25
1703847900,5148.25,5148.5,5147.75,5148.5
1703848200,5148.25,5148.75,5147.75,5147.75
1703848500,5147.75,5148,5147.5,5148
1703848800,5148,5148.75,5147.75,5148.25
1703849100,5148.25,5148.5,5147.25,5147.5
1703849400,5147.5,5148.25,5147,5147.75
1703849700,5148,5149,5147.75,5148.75
1703850000,5149,5150.25,5148.75,5149.5
1703850300,5149.25,5149.75,5148.25,5148.5
1703850600,5148.5,5149,5148.5,5148.75
1703850900,5149,5149,5148.25,5148.5
1703851200,5148.5,5148.75,5147,5147
1703851500,5147.25,5147.25,5145.25,5146.25
1703851800,5146,5146.75,5144,5145
1703852100,5145,5145.75,5144.5,5145.75
1703852400,5145.75,5146.5,5145.5,5145.5
1703852700,5145.75,5145.75,5144.5,5144.5
1703853000,5144.5,5145.75,5143.25,5143.75
1703853300,5144,5144.5,5141.5,5142
1703853600,5142.25,5144,5142.25,5143.5
1703853900,5143.5,5143.75,5142.5,5142.75
1703854200,5142.75,5143.5,5142.5,5143.25
1703854500,5143.25,5143.75,5142.75,5143.25
1703854800,5143.25,5143.5,5142,5143
1703855100,5143,5145,5142.75,5145
1703855400,5145.25,5145.25,5142.5,5143
1703855700,5143,5143,5141,5142.5
1703856000,5142.25,5144,5142.25,5143.75
1703856300,5143.75,5144.25,5143,5144.25
1703856600,5144.25,5144.5,5143.75,5144.5
1703856900,5144.5,5145,5143.75,5143.75
1703857200,5143.75,5144.5,5143.5,5144
1703857500,5143.75,5144,5142.75,5143.25
1703857800,5143,5143,5141.75,5142.25
1703858100,5142,5142.25,5141.5,5141.75
1703858400,5141.75,5143.5,5141.75,5142.5
1703858700,5142.5,5143,5141.75,5142.75
1703859000,5142.75,5143.25,5142,5142.5
1703859300,5142.75,5143.25,5142,5142.75
1703859600,5142.5,5143,5142,5142.25
1703859900,5142,5142.5,5140.5,5141.75
1703860200,5141.5,5145.25,5140,5145
1703860500,5145,5146.5,5143.25,5145.75
1703860800,5145.75,5146.5,5143.5,5146
1703861100,5146,5146.5,5144.5,5145
1703861400,5145,5146.25,5144,5145
1703861700,5145,5145.75,5144,5144.75
1703862000,5145,5146.25,5144.75,5146
1703862300,5146,5148,5144.5,5145.25
1703862600,5145,5146,5143.5,5143.75
1703862900,5143.75,5144.75,5143,5144.25
1703863200,5144.25,5144.75,5142.25,5142.75
1703863500,5143,5144.75,5142.75,5144.5
1703863800,5144.75,5145.25,5138,5140.75
1703864100,5140.75,5141.75,5139.5,5139.75
1703864400,5139.5,5140,5135.5,5136.25
1703864700,5136.25,5137.75,5127.5,5131.75
1703865000,5131.75,5134.5,5129.75,5130.25
1703865300,5130.5,5133.75,5129.25,5131.75
1703865600,5132,5134.25,5131.5,5133.75
1703865900,5133.5,5133.75,5128,5129.75
1703866200,5129.75,5130.5,5124.5,5124.5
1703866500,5124.75,5125,5118.5,5123.5
1703866800,5123.5,5123.75,5119,5120
1703867100,5120.25,5121.25,5116.25,5116.5
1703867400,5116.75,5120.25,5116,5116.75
1703867700,5116.75,5119,5114.75,5118.75
1703868000,5118.5,5120,5117,5118.25
1703868300,5118.25,5121.75,5117.75,5121.5
1703868600,5121.5,5122,5116.75,5120.5
1703868900,5120.25,5121.5,5118.75,5119
1703869200,5119,5122.75,5118,5118.75
1703869500,5118.75,5119,5114.75,5116
1703869800,5116,5117.75,5112.5,5113.75
1703870100,5113.75,5116.25,5112.5,5115.5
1703870400,5115.5,5117,5109.75,5112.75
1703870700,5112.75,5113.75,5111.5,5112.75
1703871000,5112.5,5115.75,5111.75,5115.25
1703871300,5115,5117,5114,5116.25
1703871600,5116.25,5118,5115.75,5117.5
1703871900,5117.25,5119.5,5115.75,5116.75
1703872200,5116.5,5119.75,5116,5118.5
1703872500,5118.75,5122.5,5118.5,5121.5
1703872800,5121.5,5125.25,5120,5124
1703873100,5124.25,5126.75,5124.25,5125.25
1703873400,5125.5,5128,5125,5125.5
1703873700,5125.5,5126,5122,5122.5
1703874000,5122.5,5123.75,5120.5,5122
1703874300,5122.25,5123.25,5121,5121.75
1703874600,5121.75,5125,5121.5,5123
1703874900,5123.25,5126.75,5123.25,5126.75
1703875200,5126.75,5129,5125.75,5127.25
1703875500,5127.5,5130,5126,5129.5
1703875800,5129.75,5130.25,5125.75,5125.75
1703876100,5126,5128.5,5125.25,5127.5
1703876400,5127.5,5129.25,5126,5127.75
1703876700,5127.5,5128.75,5126.75,5127.25
1703877000,5127.25,5128.5,5125.75,5126.75
1703877300,5127,5129.25,5126.25,5129.25
1703877600,5129.25,5131.5,5128.25,5130.75
1703877900,5130.75,5131.5,5126.75,5127.25
1703878200,5127.25,5130,5127.25,5129.5
1703878500,5129.75,5130.75,5128.75,5130
1703878800,5130,5131.25,5129,5130.5
1703879100,5130.5,5132,5130,5131.75
1703879400,5131.75,5133.25,5131.25,5132.25
1703879700,5132.5,5134,5131.75,5132.5
1703880000,5132.5,5133.25,5129,5129.5
1703880300,5129.5,5134.5,5128.25,5134
1703880600,5134,5136,5131.75,5134.25
1703880900,5134.25,5135,5131.25,5132
1703881200,5132,5132.5,5128.25,5131.75
1703881500,5131.75,5135.75,5131.5,5135
1703881800,5135,5135.25,5131.5,5131.75
1703882100,5131.75,5133.5,5131.75,5133
1703882400,5133,5134.5,5129.75,5130
1703882700,5130,5132,5128.5,5129
1703883000,5128.75,5133.5,5124.25,5124.75
1703883300,5124.5,5135.75,5122,5131.75
1703883600,5132,5133,5127,5127.75
1703883900,5128,5128.5,5126.75,5127.25
1703884200,5127.25,5127.5,5126,5126.5
1703884500,5126.5,5127.75,5126.25,5126.5
1703884800,5126.5,5127.5,5126,5127.25
1703885100,5127.25,5127.5,5126.25,5127.25
1703885400,5127,5128,5127,5127.25
1703885700,5127.5,5127.5,5127,5127
1703886000,5127.25,5127.5,5126.5,5127.25
1703886300,5127.25,5127.5,5126.5,5127.25
1703886600,5127.25,5127.5,5127,5127.25
1703886900,5127.5,5127.5,5125.25,5125.75
1704150000,5131,5133.75,5128.75,5131.75
1704150300,5132,5134.75,5132,5134.25
1704150600,5134.5,5135.5,5133.75,5134
1704150900,5133.75,5134.5,5133.75,5133.75
1704151200,5134,5134.75,5133.25,5134.5
1704151500,5134.5,5135.25,5134.5,5134.75
1704151800,5135,5135.25,5134,5134
1704152100,5134,5135,5133.75,5134.5
1704152400,5134.5,5135,5133.25,5133.25
1704152700,5133.25,5133.75,5133.25,5133.25
1704153000,5133.25,5134,5133.25,5133.75
1704153300,5133.75,5134,5133.75,5134
1704153600,5133.75,5134.25,5133.5,5134.25
1704153900,5134,5134.25,5133.75,5134.25
1704154200,5134.25,5134.5,5133.75,5134
1704154500,5134.25,5134.25,5133.5,5133.5
1704154800,5133.75,5133.75,5133,5133.5
1704155100,5133.5,5133.5,5132,5132.25
1704155400,5132.25,5132.5,5131.75,5132.5
1704155700,5132.5,5133.5,5132.5,5133.5
1704156000,5133.25,5133.5,5132.75,5133.25
1704156300,5133.25,5133.25,5132.5,5133
1704156600,5133,5133.25,5132.75,5132.75
1704156900,5132.5,5133,5132.5,5132.75
1704157200,5132.75,5135.75,5132.75,5135.5
1704157500,5135.5,5135.75,5134.25,5134.5
1704157800,5134.5,5134.75,5133.5,5133.5
1704158100,5133.75,5135.5,5133.5,5135.5
1704158400,5135.5,5135.75,5134.5,5135.25
1704158700,5135.25,5135.25,5133.5,5134.25
1704159000,5134.25,5134.5,5133.5,5133.5
1704159300,5133.5,5133.5,5132.5,5132.5
1704159600,5132.5,5132.5,5130.75,5131.25
1704159900,5131.5,5133,5131,5131.25
1704160200,5131.5,5132.25,5131.25,5132.25
1704160500,5132.25,5132.5,5131.5,5131.75
1704160800,5132,5133,5131.75,5132.5
1704161100,5132.25,5132.5,5131.75,5132.25
1704161400,5132.25,5132.25,5132,5132.25
1704161700,5132.25,5132.5,5131.5,5132
1704162000,5132,5132.5,5131.75,5132.5
1704162300,5132.5,5132.5,5132,5132
1704162600,5132.25,5132.25,5131.5,5131.75
1704162900,5132,5132,5131.25,5131.75
1704163200,5131.75,5132,5131.5,5131.75
1704163500,5131.75,5132.25,5131.5,5132
1704163800,5132,5132,5130,5130.75
1704164100,5130.75,5131.75,5130.75,5131.5
1704164400,5131.75,5132.5,5131.75,5132
1704164700,5132,5132.5,5132,5132.5
1704165000,5132.5,5133.25,5132.5,5132.5
1704165300,5132.75,5133,5131.75,5131.75
1704165600,5131.75,5132,5131.75,5132
1704165900,5132,5132.25,5131.75,5132.25
1704166200,5132.5,5132.5,5132.25,5132.25
1704166500,5132.25,5132.5,5131.25,5131.75
1704166800,5132,5132.5,5131.75,5132.25
1704167100,5132.25,5133,5132.25,5132.5
1704167400,5132.25,5132.25,5131.5,5132
1704167700,5132,5132.5,5131.75,5132.5
1704168000,5132.5,5132.5,5132,5132
1704168300,5132.25,5132.5,5132,5132.25
1704168600,5132.25,5133,5132,5132.75
1704168900,5132.75,5133,5132.75,5132.75
1704169200,5133,5133,5132.5,5133
1704169500,5133,5133,5132.75,5133
1704169800,5133,5133.5,5133,5133.5
1704170100,5133.25,5134.5,5133.25,5134
1704170400,5134,5134.5,5133.5,5133.5
1704170700,5133.5,5134.25,5133.5,5134.25
1704171000,5134.25,5134.25,5133.75,5134
1704171300,5133.75,5134,5133.5,5133.75
1704171600,5133.75,5134.25,5133.75,5134.25
1704171900,5134.25,5134.5,5133.75,5134.5
1704172200,5134.25,5136,5134.25,5136
1704172500,5135.75,5136,5135.5,5135.5
1704172800,5135.75,5135.75,5135.5,5135.5
1704173100,5135.75,5136.5,5135.25,5135.25
1704173400,5135.25,5135.75,5135,5135.5
1704173700,5135.5,5135.5,5135,5135.25
1704174000,5135.25,5135.5,5135.25,5135.25
1704174300,5135.25,5135.25,5134.75,5134.75
1704174600,5135,5135.5,5135,5135.5
1704174900,5135.5,5135.5,5135,5135.25
1704175200,5135.5,5135.5,5135,5135.25
1704175500,5135.5,5135.5,5134.5,5134.75
1704175800,5134.75,5135,5134,5134.25
1704176100,5134.25,5134.5,5134,5134
1704176400,5134,5134.5,5134,5134.5
1704176700,5134.5,5134.75,5134,5134.25
1704177000,5134.5,5134.75,5133.25,5133.25
1704177300,5133.5,5133.75,5133,5133.25
1704177600,5133.25,5134,5133,5133.75
1704177900,5134,5134.5,5133.75,5134.5
1704178200,5134.25,5134.75,5134,5134
1704178500,5134,5134.25,5132.75,5133
1704178800,5133.25,5134.5,5133.25,5133.5
1704179100,5133.5,5134.25,5133.5,5134.25
1704179400,5134.5,5136.25,5134.25,5136
1704179700,5136,5136.5,5135.5,5136.25
1704180000,5136,5136.75,5135.75,5136.75
1704180300,5136.75,5137,5136,5136.5
1704180600,5136.5,5136.5,5136,5136.25
1704180900,5136.25,5136.25,5135.75,5136
1704181200,5136,5136,5134.5,5134.75
1704181500,5134.75,5135.75,5134.25,5135.25
1704181800,5135.25,5135.75,5134.75,5135
1704182100,5135,5136.25,5135,5135.25
1704182400,5135.5,5139,5135.25,5138.75
1704182700,5139,5139,5136.75,5137.25
1704183000,5137,5138,5136.5,5137.75
1704183300,5137.75,5138.5,5137,5138.25
1704183600,5138.25,5139,5137.25,5138.5
1704183900,5138.75,5139.25,5138.25,5139.25
1704184200,5139.25,5141,5139.25,5140.5
1704184500,5140.5,5141,5140,5140.5
1704184800,5140.5,5140.75,5140.25,5140.75
1704185100,5140.5,5140.5,5138.75,5139
1704185400,5139,5139.75,5138.75,5139.75
1704185700,5139.5,5140,5139.25,5139.5
1704186000,5139.5,5139.75,5138,5138
1704186300,5138,5138.25,5137.25,5137.5
1704186600,5137.25,5137.5,5135,5135.75
1704186900,5135.75,5135.75,5133.75,5134
1704187200,5134,5134,5132.75,5132.75
1704187500,5132.75,5133.5,5132,5133.25
1704187800,5133.25,5133.75,5132.5,5132.75
1704188100,5132.5,5132.5,5130.25,5130.25
1704188400,5130.5,5130.75,5129.25,5130.75
1704188700,5130.5,5131,5130,5130
1704189000,5130,5130.25,5128,5128.25
1704189300,5128.25,5130,5128,5129.5
1704189600,5129.25,5130,5128.75,5129
1704189900,5129,5130,5128.25,5128.5
1704190200,5128.75,5129,5126.75,5127.25
1704190500,5127.25,5128.75,5127.25,5128.25
1704190800,5128.5,5129.75,5128.25,5128.25
1704191100,5128,5128.5,5126,5127
1704191400,5127,5128.5,5127,5127.75
1704191700,5127.75,5129.75,5127.75,5129.75
1704192000,5129.75,5130.75,5129.75,5130.25
1704192300,5130.25,5130.25,5129.5,5129.75
1704192600,5129.75,5130,5127.75,5128.25
1704192900,5128.5,5129,5125.75,5126.25
1704193200,5126.25,5126.25,5125,5125.25
1704193500,5125.25,5126.25,5120.75,5120.75
1704193800,5121,5121.75,5116.75,5117
1704194100,5117,5117.5,5109.5,5111.25
1704194400,5111.25,5113.25,5109.75,5111
1704194700,5111,5111.5,5106.25,5106.5
1704195000,5106.75,5107,5104.25,5104.5
1704195300,5104.5,5104.5,5099.25,5101.75
1704195600,5101.75,5102.75,5099.75,5101.75
1704195900,5101.5,5104.25,5101.5,5103.25
1704196200,5103.5,5104.25,5102,5103
1704196500,5103,5105.75,5102.75,5104.5
1704196800,5104.5,5104.75,5101.75,5102.25
1704197100,5102.5,5102.5,5099,5102
1704197400,5102,5103.5,5101.25,5103
1704197700,5103,5103.25,5099,5099.25
1704198000,5099.5,5102.25,5099,5101.25
1704198300,5101.25,5102.25,5100.25,5100.75
1704198600,5100.75,5101.25,5099.75,5101
1704198900,5100.75,5100.75,5098,5099
1704199200,5099,5099.75,5097.75,5098.25
1704199500,5098,5099.25,5097.25,5097.5
1704199800,5097.5,5097.75,5094.25,5095
1704200100,5094.75,5095,5091.25,5092
1704200400,5092,5094.75,5090.75,5094.5
1704200700,5094.25,5095.25,5093,5094.25
1704201000,5094.25,5094.25,5091.25,5091.5
1704201300,5091.5,5093,5091,5092.5
1704201600,5092.75,5093.5,5091.25,5092.75
1704201900,5092.5,5094.75,5092,5092.75
1704202200,5092.75,5098,5091,5097.75
1704202500,5097.75,5098.25,5093.5,5095.25
1704202800,5095.5,5096.5,5095,5095.75
1704203100,5095.75,5095.75,5093.5,5094.5
1704203400,5094.25,5094.75,5093,5094.75
1704203700,5094.5,5096.25,5094.5,5095.75
1704204000,5095.5,5097.25,5090.25,5090.5
1704204300,5090.5,5097,5090.5,5096.5
1704204600,5096.75,5098,5095,5097.5
1704204900,5097.25,5098,5097,5097.75
1704205200,5097.75,5100,5097,5099
1704205500,5099,5099,5095.75,5096.5
1704205800,5096.5,5102.75,5095.25,5101.25
1704206100,5101.5,5102,5092.75,5093
1704206400,5093.25,5095.25,5091,5091.75
1704206700,5091.75,5094.75,5087.25,5087.25
1704207000,5087.5,5093,5087,5087.5
1704207300,5087.5,5096.25,5087.25,5096.25
1704207600,5096,5100.75,5094.75,5099.25
1704207900,5099,5099.25,5093.5,5096.5
1704208200,5096.5,5098.5,5093.5,5094.75
1704208500,5094.75,5096.5,5093,5094
1704208800,5094.25,5098,5093.75,5096
1704209100,5096,5097,5089.5,5091
1704209400,5091.25,5091.25,5087.5,5088.5
1704209700,5088.5,5089,5086.25,5088.5
1704210000,5088.5,5093,5088,5092
1704210300,5092,5094,5089.25,5090.25
1704210600,5090.25,5092.25,5089.25,5090.25
1704210900,5090.25,5091.25,5088,5090.25
1704211200,5090.25,5095,5089.5,5094.5
1704211500,5094.25,5095.5,5091.25,5095.25
1704211800,5095,5098,5093,5095
1704212100,5095,5097.25,5094,5095.75
1704212400,5095.75,5096.75,5093.25,5094.5
1704212700,5094.5,5097,5093.75,5097
1704213000,5097,5100,5096,5099.5
1704213300,5099.75,5100,5097.5,5097.75
1704213600,5097.75,5100.25,5097.25,5100.25
1704213900,5100,5105.25,5099.5,5104.75
1704214200,5104.75,5105.25,5102.25,5104
1704214500,5104,5107,5103.75,5105.5
1704214800,5105.75,5107.5,5105.25,5105.75
1704215100,5106,5106.5,5104.75,5105.5
1704215400,5105.5,5107.5,5105,5106.25
1704215700,5106.25,5106.25,5101.25,5104
1704216000,5104,5106.25,5102.75,5104
1704216300,5104,5105.5,5102.75,5103.75
1704216600,5103.75,5106,5103,5106
1704216900,5106,5109,5105.75,5109
1704217200,5109,5110.5,5108.25,5109
1704217500,5108.75,5108.75,5102.5,5104.5
1704217800,5104.5,5104.5,5101,5102.25
1704218100,5102.5,5102.75,5099.5,5100
1704218400,5100.25,5100.25,5097.75,5098.75
1704218700,5098.75,5100.25,5096.5,5097.5
1704219000,5097.5,5100.75,5096.5,5099.75
1704219300,5099.75,5101.75,5098.5,5100.75
1704219600,5100.75,5102.25,5098.75,5101.5
1704219900,5101.25,5103.5,5100.25,5100.25
1704220200,5100.25,5102.25,5098.5,5101.75
1704220500,5101.5,5103,5101,5102.5
1704220800,5102.25,5103.25,5100.5,5101.25
1704221100,5101.25,5103.5,5100,5100.75
1704221400,5100.5,5100.75,5097,5097.25
1704221700,5097.25,5098,5093.75,5095
1704222000,5095,5096.25,5092,5092.25
1704222300,5092.5,5093.25,5089,5091.25
1704222600,5091,5094.5,5090.5,5092.5
1704222900,5092.5,5092.75,5090.5,5091
1704223200,5091,5092.25,5089.75,5090.25
1704223500,5090.25,5093.25,5089.75,5092.5
1704223800,5092.25,5094.25,5090.25,5091
1704224100,5091,5091.5,5088.75,5088.75
1704224400,5088.75,5090,5088.25,5089.25
1704224700,5089,5090.25,5087,5087.25
1704225000,5087.5,5088.75,5083.75,5084.75
1704225300,5084.75,5085.5,5082.75,5082.75
1704225600,5082.75,5083.5,5079,5079.75
1704225900,5079.75,5082.75,5078.5,5080.25
1704226200,5080.5,5082,5079.25,5080
1704226500,5080,5084.5,5079,5083.25
1704226800,5083.25,5084,5080.5,5082.5
1704227100,5082.75,5083.75,5081,5082.75
1704227400,5083,5085.75,5082.25,5083
1704227700,5083.25,5083.25,5080.75,5081.5
1704228000,5081.75,5084.5,5081,5084.25
1704228300,5084,5086.75,5083,5086.5
1704228600,5086.75,5095.25,5086.75,5093.5
1704228900,5093.5,5101.5,5092.75,5101
1704229200,5101,5102.25,5098.25,5100.75
1704229500,5100.75,5102.5,5100.5,5101
1704229800,5101,5102.25,5100.5,5101
1704230100,5100.75,5101.25,5100,5100.25
1704230400,5100.5,5100.75,5100,5100.5
1704230700,5100.25,5101,5100,5100
1704231000,5100,5100.5,5099.75,5100.5
1704231300,5100.75,5101.5,5100.5,5100.5
1704231600,5100.75,5101.75,5100.75,5101.75
1704231900,5101.75,5102.5,5101.5,5102.25
1704232200,5102.25,5102.5,5101.5,5101.75
1704232500,5102,5102,5101.25,5101.5
1704236400,5103.75,5103.75,5101.75,5103.25
1704236700,5103.5,5103.75,5102.75,5103
1704237000,5103,5103.25,5101.75,5102
1704237300,5101.75,5102.25,5100.25,5100.25
1704237600,5100.25,5101.5,5099.75,5100.25
1704237900,5100.25,5100.75,5100,5100.5
1704238200,5100.25,5101,5100.25,5101
1704238500,5101,5101.25,5100.75,5101
1704238800,5101,5101.25,5100.75,5101.25
1704239100,5101,5101.5,5100.5,5101.25
1704239400,5101.25,5101.5,5101,5101.25
1704239700,5101.25,5101.75,5101.25,5101.5
1704240000,5101.75,5102,5100.75,5101.5
1704240300,5101.25,5101.25,5100.75,5101.25
1704240600,5101.25,5101.5,5100.75,5101.5
1704240900,5101.75,5102,5101.25,5101.25
1704241200,5101,5102.25,5101,5102
1704241500,5102,5102.25,5101.5,5101.5
1704241800,5101.5,5102,5101.25,5101.75
1704242100,5101.75,5101.75,5100.75,5100.75
1704242400,5100.75,5100.75,5099.5,5099.75
1704242700,5100,5100,5099.5,5099.75
1704243000,5099.75,5099.75,5098.75,5099.5
1704243300,5099.5,5099.75,5099.25,5099.25
1704243600,5099.25,5100.5,5099,5099.5
1704243900,5099.25,5100,5099.25,5099.5
1704244200,5099.5,5099.5,5098.75,5099
1704244500,5099,5099.5,5098.25,5099.25
1704244800,5099.25,5099.75,5098.75,5099.25
1704245100,5099,5100,5098.75,5099.5
1704245400,5099.5,5100,5098.75,5099.25
1704245700,5099.25,5100,5099,5099.25
1704246000,5099.25,5099.25,5098.75,5099.25
1704246300,5099.25,5099.75,5098.75,5099.25
1704246600,5099.5,5100,5099,5100
1704246900,5099.75,5100.25,5099.25,5099.25
1704247200,5099.5,5100,5099.25,5100
1704247500,5100,5100,5099.25,5099.25
1704247800,5099.25,5099.75,5099.25,5099.5
1704248100,5099.5,5099.5,5098.5,5098.75
1704248400,5098.75,5098.75,5098,5098
1704248700,5098,5098.25,5097.25,5098
1704249000,5098,5098.75,5097.75,5098
1704249300,5098.25,5099,5098,5098.25
1704249600,5098.25,5098.75,5098.25,5098.5
1704249900,5098.5,5098.75,5098,5098.25
1704250200,5098.25,5098.75,5098,5098
1704250500,5098,5098.25,5097.25,5098
1704250800,5098.25,5098.75,5098,5098.75
1704251100,5098.75,5099,5098.25,5098.75
1704251400,5098.75,5099,5098.25,5098.25
1704251700,5098.25,5098.25,5097.25,5097.75
1704252000,5097.75,5098,5097.25,5097.75
1704252300,5097.75,5097.75,5097.25,5097.5
1704252600,5097.5,5098.75,5097.5,5098.75
1704252900,5098.75,5098.75,5097.75,5098
1704253200,5098.25,5098.25,5097.75,5098.25
1704253500,5098,5098.25,5098,5098
1704253800,5098,5098.25,5097.75,5097.75
1704254100,5097.75,5098,5097.5,5097.75
1704254400,5097.5,5098,5097.25,5097.5
1704254700,5097.5,5097.75,5097.25,5097.5
1704255000,5097.75,5097.75,5097.25,5097.75
1704255300,5097.75,5097.75,5097.25,5097.5
1704255600,5097.5,5097.75,5097.25,5097.75
1704255900,5097.75,5097.75,5097.25,5097.25
1704256200,5097.25,5097.75,5097.25,5097.25
1704256500,5097.25,5097.25,5096.5,5097
1704256800,5097,5097,5096.25,5097
1704257100,5096.75,5097,5096.5,5096.75
1704257400,5096.75,5096.75,5096.25,5096.5
1704257700,5096.25,5096.75,5096.25,5096.5
1704258000,5096.25,5096.25,5095.5,5095.75
1704258300,5095.75,5096,5095.75,5095.75
1704258600,5096,5096.25,5094.75,5095.75
1704258900,5095.75,5096.75,5095.5,5096
1704259200,5096,5096,5095,5095.25
1704259500,5095.25,5095.75,5095.25,5095.75
1704259800,5096,5097,5096,5096.75
1704260100,5096.75,5097,5096.5,5096.75
1704260400,5096.5,5096.75,5096,5096
1704260700,5096.25,5097,5096,5096.75
1704261000,5096.75,5096.75,5096.25,5096.75
1704261300,5096.75,5097,5096.5,5096.75
1704261600,5096.75,5097.25,5096.5,5096.75
1704261900,5097,5097,5096,5096
1704262200,5096.25,5097.25,5096,5097.25
1704262500,5097.25,5097.5,5097,5097.5
1704262800,5097.25,5097.75,5097.25,5097.75
1704263100,5097.75,5098.5,5097.5,5098.5
1704263400,5098.5,5098.5,5097.75,5097.75
1704263700,5097.75,5098.25,5097.5,5098
1704264000,5098,5098.75,5098,5098.5
1704264300,5098.5,5098.75,5098,5098.5
1704264600,5098.5,5098.5,5097.75,5098
1704264900,5097.75,5098,5097.5,5097.5
1704265200,5097.5,5098,5096.75,5096.75
1704265500,5097,5097.5,5096,5097.25
1704265800,5097.5,5097.75,5096.75,5096.75
1704266100,5096.75,5097,5096,5096.25
1704266400,5096.25,5098.25,5096.25,5098.25
1704266700,5098.25,5098.25,5097.75,5098.25
1704267000,5098.25,5098.5,5097,5098.25
1704267300,5098,5098.5,5097.75,5098
1704267600,5098,5098.5,5097.75,5098.25
1704267900,5098.25,5098.75,5098,5098.5
1704268200,5098.25,5098.75,5098,5098.5
1704268500,5098.5,5099,5098,5098.25
1704268800,5098.25,5099.25,5096.75,5097.5
1704269100,5097.5,5099.75,5097.25,5099.5
1704269400,5099.5,5101,5098.75,5099.5
1704269700,5099.5,5101,5099.5,5101
1704270000,5101,5102,5099.75,5099.75
1704270300,5100,5100.5,5096.25,5097.5
1704270600,5097.25,5100,5097,5098.25
1704270900,5098.25,5099.75,5098.25,5098.75
1704271200,5098.75,5099.5,5096.75,5097.5
1704271500,5097.75,5098.5,5096.75,5097
1704271800,5097,5097.25,5094.75,5094.75
1704272100,5094.75,5095.5,5094.5,5094.5
1704272400,5094.75,5096,5093.5,5093.5
1704272700,5093.5,5094,5091.25,5091.75
1704273000,5092,5093,5091.25,5091.5
1704273300,5091.5,5092.25,5090.25,5091.75
1704273600,5091.75,5093,5091.25,5092.75
1704273900,5092.75,5093.25,5091.75,5092.5
1704274200,5092.5,5092.75,5091.25,5092
1704274500,5091.75,5093,5091.75,5092.5
1704274800,5092.25,5092.25,5089.75,5090.25
1704275100,5090,5090.5,5088.5,5089
1704275400,5089,5089.75,5088.5,5089.5
1704275700,5089.5,5089.75,5088.5,5088.5
1704276000,5088.75,5089.25,5087.5,5089.25
1704276300,5089.25,5090.25,5088.25,5088.75
1704276600,5088.5,5091,5088.25,5090.25
1704276900,5090.25,5090.5,5088.5,5088.75
1704277200,5089,5089.75,5088.25,5088.5
1704277500,5088.5,5089,5087.5,5088.5
1704277800,5088.5,5092,5088,5092
1704278100,5091.75,5092,5089.5,5090.75
1704278400,5090.75,5093,5090.75,5092.25
1704278700,5092.25,5092.25,5090.5,5090.5
1704279000,5090.75,5092,5090.5,5091.5
1704279300,5091.5,5091.5,5089.25,5089.5
1704279600,5089.75,5090.75,5089.5,5089.5
1704279900,5089.25,5090.5,5089,5090.5
1704280200,5090.5,5091,5089,5089.25
1704280500,5089.25,5089.5,5088.5,5088.75
1704280800,5089,5089.25,5087.75,5087.75
1704281100,5087.5,5087.75,5085.75,5086
1704281400,5086.25,5086.25,5085,5085.5
1704281700,5085.25,5085.75,5084.5,5085.25
1704282000,5085.25,5086,5084.5,5085.5
1704282300,5085.5,5086.75,5085.25,5086
1704282600,5086,5086,5084.25,5085
1704282900,5084.75,5086.25,5084,5085.75
1704283200,5086,5086,5083.75,5083.75
1704283500,5083.75,5084.25,5082.5,5083.5
1704283800,5083.75,5083.75,5082.25,5082.5
1704284100,5082.5,5084.5,5082.5,5082.5
1704284400,5082.5,5083.25,5081,5081
1704284700,5081,5082,5080.5,5081.25
1704285000,5081.25,5081.75,5080.25,5080.75
1704285300,5080.75,5081,5079,5079.5
1704285600,5079.75,5081,5079,5079.5
1704285900,5079.75,5081,5079.25,5080.75
1704286200,5080.5,5083,5080,5081.25
1704286500,5081,5081,5079.25,5080
1704286800,5080,5080.75,5078.5,5080
1704287100,5079.75,5080.75,5079.5,5080.5
1704287400,5080.25,5081.5,5080,5081.25
1704287700,5081.25,5084,5080.5,5084
1704288000,5084,5084.5,5082.5,5083
1704288300,5082.75,5084.75,5082.75,5084
1704288600,5083.75,5084,5081.75,5083.5
1704288900,5083.5,5085.75,5083.25,5085.25
1704289200,5085.5,5085.5,5083,5083.25
1704289500,5083,5083.75,5081.5,5082
1704289800,5082.25,5084,5081.25,5081.75
1704290100,5082,5082.25,5078.75,5079.5
1704290400,5079.25,5081,5078.25,5078.75
1704290700,5078.75,5079,5076.25,5077
1704291000,5077,5077.25,5075.75,5076.25
1704291300,5076,5078,5075.5,5077.5
1704291600,5077.5,5079.75,5075.25,5075.75
1704291900,5075.5,5078,5075.25,5077.25
1704292200,5077.25,5078.25,5073.25,5074.25
1704292500,5074.5,5076.75,5073.5,5074.75
1704292800,5075,5078,5074.5,5074.75
1704293100,5074.75,5075.75,5073,5075
1704293400,5075.25,5077.5,5073.25,5074
1704293700,5073.75,5074.5,5069,5072.5
1704294000,5072.25,5080.75,5070.25,5079.25
1704294300,5079.25,5082.5,5072.75,5073.5
1704294600,5073.5,5074.5,5066.5,5066.5
1704294900,5066.75,5067.75,5065.5,5066.75
1704295200,5066.5,5067.25,5064.75,5067
1704295500,5067,5070.5,5066,5067.5
1704295800,5067.25,5069.25,5065,5066.5
1704296100,5066.25,5067.5,5060.25,5061.25
1704296400,5061,5063.25,5060.25,5061.75
1704296700,5061.75,5062.5,5059.5,5060.5
1704297000,5060.25,5064.25,5060,5062
1704297300,5062,5067.75,5060.75,5066.25
1704297600,5066.25,5071,5066,5068.75
1704297900,5068.75,5070.25,5067.75,5069.25
1704298200,5069.5,5070.75,5067.25,5069
1704298500,5069,5071.5,5066.75,5067.25
1704298800,5067.5,5070,5066.75,5068
1704299100,5068,5072,5067.5,5069.5
1704299400,5069.5,5071,5067.5,5068.75
1704299700,5069,5069.75,5066.25,5066.5
1704300000,5066.5,5068.5,5063.5,5068.25
1704300300,5068.25,5068.5,5066.25,5068
1704300600,5068,5069,5066.75,5067
1704300900,5067.25,5067.75,5064.5,5064.75
1704301200,5065,5067,5063.75,5067
1704301500,5066.75,5068,5064,5064.5
1704301800,5064.5,5065,5062.75,5063.5
1704302100,5063.5,5065.5,5062,5062.25
1704302400,5062.25,5064.75,5062,5064.25
1704302700,5064.25,5068.25,5063.75,5068.25
1704303000,5068,5069.5,5066.5,5068.75
1704303300,5068.5,5070.25,5068.5,5069.75
1704303600,5069.5,5072.25,5069.5,5070.75
1704303900,5070.75,5072,5069.75,5071.25
1704304200,5071.5,5071.5,5070,5070.75
1704304500,5070.75,5076.25,5070.25,5075.25
1704304800,5075.25,5080.5,5075.25,5076.75
1704305100,5076.75,5077.5,5075.25,5076.25
1704305400,5076.5,5078.25,5076,5076.75
1704305700,5077,5078,5076.25,5077
1704306000,5077,5077,5075,5076
1704306300,5076.25,5077.5,5075,5076
1704306600,5076,5076.75,5073,5073.25
1704306900,5073.25,5075.25,5071,5074.5
1704307200,5074.75,5075.5,5072.5,5073
1704307500,5073.25,5074.75,5072.25,5073.75
1704307800,5074,5076,5072.75,5073
1704308100,5073,5074,5072,5073.5
1704308400,5073.5,5078,5067,5067.25
1704308700,5067.25,5072.25,5061.75,5071.25
1704309000,5071,5075.75,5065.75,5067.75
1704309300,5067.75,5072.25,5064.25,5070
1704309600,5070,5072.25,5066.75,5072
1704309900,5071.75,5084.75,5070.75,5081.75
1704310200,5081.75,5084.5,5077,5080
1704310500,5080,5080.5,5076,5079
1704310800,5079,5084.25,5076.5,5082.5
1704311100,5082.5,5083.5,5077.5,5077.75
1704311400,5078,5079,5075.5,5076.75
1704311700,5076.75,5078,5074.25,5074.5
1704312000,5074.75,5075.5,5069,5069.75
1704312300,5069.75,5070.5,5065.5,5067.75
1704312600,5067.75,5069.5,5065.25,5067.5
1704312900,5067.25,5067.5,5064.25,5065.75
1704313200,5066,5067.75,5063.5,5063.75
1704313500,5064,5065,5062,5064.75
1704313800,5064.75,5070.25,5064,5069.25
1704314100,5069.25,5070,5065,5067.5
1704314400,5067.5,5069,5062,5062.25
1704314700,5062.25,5064.25,5061.25,5061.5
1704315000,5061.75,5062.25,5054,5055.25
1704315300,5055.5,5062.25,5055.25,5060
1704315600,5060,5061,5057.25,5059
1704315900,5059,5060,5058.5,5058.5
1704316200,5058.75,5059.5,5058.5,5059.5
1704316500,5059.5,5059.5,5058,5058.5
1704316800,5058.5,5059.5,5058.25,5058.75
1704317100,5059,5059.5,5058.5,5059.25
1704317400,5059.5,5059.5,5058.5,5059.25
1704317700,5059,5059.75,5058.5,5059.25
1704318000,5059.25,5060.25,5059,5060.25
1704318300,5060.25,5061.25,5060.25,5061
1704318600,5060.75,5061.25,5060.75,5061
1704318900,5061.25,5062,5061,5061.75
1704322800,5063,5066.25,5063,5063.75
1704323100,5063.75,5064.25,5062.5,5063
1704323400,5063,5063,5062.25,5062.75
1704323700,5062.5,5063,5062.25,5062.5
1704324000,5062.5,5063.5,5062.25,5063
1704324300,5063,5063.25,5062.75,5063.25
1704324600,5063.25,5063.25,5062,5062.5
1704324900,5062.5,5062.5,5061.75,5062.5
1704325200,5062.5,5062.5,5061.75,5062
1704325500,5062,5062.5,5061.75,5062.25
1704325800,5062.25,5063,5062.25,5063
1704326100,5062.75,5063,5062.5,5063
1704326400,5062.75,5062.75,5060.5,5061
1704326700,5060.75,5061.5,5060,5060.25
1704327000,5060.25,5061,5059.75,5060.5
1704327300,5060.5,5061,5060,5061
1704327600,5061,5063.25,5061,5063
1704327900,5063,5064,5063,5063
1704328200,5063.25,5064,5063.25,5063.75
1704328500,5064,5064.25,5063.5,5063.75
1704328800,5064,5064.5,5064,5064.25
1704329100,5064.25,5065.5,5064.25,5065.25
1704329400,5065.25,5065.75,5064.75,5065.5
1704329700,5065.25,5065.75,5065,5065.75
1704330000,5065.5,5065.75,5065,5065.75
1704330300,5065.75,5065.75,5064.75,5064.75
1704330600,5065,5065,5064,5065
1704330900,5065,5066,5064.75,5065.25
1704331200,5065.25,5066,5065,5065.25
1704331500,5065.25,5065.25,5064.5,5065
1704331800,5065,5065.75,5064.25,5064.75
1704332100,5064.5,5064.75,5063.5,5064.75
1704332400,5064.5,5065.25,5064,5064.5
1704332700,5064.75,5065.25,5064.25,5064.5
1704333000,5064.25,5065.25,5064,5065
1704333300,5065.25,5065.75,5065,5065.25
1704333600,5065.25,5065.5,5064.5,5064.5
1704333900,5064.75,5065,5064.25,5064.75
1704334200,5064.5,5064.75,5063.75,5064.25
1704334500,5064.25,5064.25,5063.25,5063.25
1704334800,5063.25,5063.5,5061.75,5062.25
1704335100,5062.25,5064.75,5062.25,5064.25
1704335400,5064.25,5064.25,5063.5,5063.75
1704335700,5063.75,5064,5063,5063
1704336000,5063,5063.5,5062.75,5062.75
1704336300,5062.75,5063.25,5062.5,5063.25
1704336600,5063.25,5064,5063.25,5064
1704336900,5064,5064.25,5063.75,5064
1704337200,5064,5064.25,5063.75,5064
1704337500,5064.25,5065,5064,5065
1704337800,5065,5065.25,5064,5064.25
1704338100,5064.25,5065.25,5064,5065
1704338400,5065,5065,5064.25,5064.5
1704338700,5064.25,5064.5,5063.25,5063.5
1704339000,5063.5,5063.5,5062.75,5063.25
1704339300,5063.5,5064,5063,5063.75
1704339600,5063.5,5063.75,5063,5063
1704339900,5063,5063.75,5062.75,5062.75
1704340200,5062.75,5063,5062,5062.75
1704340500,5062.75,5062.75,5062.5,5062.5
1704340800,5062.75,5064,5062.5,5064
1704341100,5064,5064.25,5063.75,5063.75
1704341400,5063.75,5064.25,5063.75,5063.75
1704341700,5064,5064.5,5064,5064.5
1704342000,5064.25,5064.5,5063.75,5064.25
1704342300,5064.25,5064.75,5064,5064.25
1704342600,5064,5064.25,5063.5,5063.75
1704342900,5064,5064.25,5063.75,5064
1704343200,5064,5064,5063.5,5063.75
1704343500,5063.5,5063.75,5063,5063
1704343800,5063.25,5063.5,5063,5063.5
1704344100,5063.5,5063.5,5062.25,5062.75
1704344400,5062.75,5063,5062.5,5062.75
1704344700,5062.75,5062.75,5061.75,5062.25
1704345000,5062.25,5062.25,5061.5,5062.25
1704345300,5062.25,5063,5062.25,5062.5
1704345600,5062.5,5062.5,5062,5062.25
1704345900,5062,5062.5,5061.5,5061.5
1704346200,5061.5,5062,5061.5,5061.75
1704346500,5061.75,5061.75,5061,5061.5
1704346800,5061.5,5061.75,5061,5061.25
1704347100,5061,5061.5,5061,5061
1704347400,5061.25,5061.5,5061,5061.5
1704347700,5061.5,5061.75,5061.25,5061.25
1704348000,5061.25,5061.75,5061.25,5061.5
1704348300,5061.5,5062,5061.25,5061.5
1704348600,5061.5,5061.75,5061.25,5061.5
1704348900,5061.5,5062.75,5061.5,5062.5
1704349200,5062.5,5063.75,5062.5,5063.75
1704349500,5063.75,5065,5063.75,5064.75
1704349800,5064.75,5066,5064.25,5064.75
1704350100,5064.75,5065.25,5064.5,5065
1704350400,5065,5065.25,5064,5064.25
1704350700,5064.5,5064.75,5064,5064.75
1704351000,5064.75,5066,5064.5,5065.75
1704351300,5066,5066.75,5065.5,5066.25
1704351600,5066.5,5067.25,5066.25,5066.5
1704351900,5066.5,5067,5066.25,5066.75
1704352200,5066.5,5067.75,5066,5067.75
1704352500,5067.5,5067.5,5067,5067
1704352800,5067,5067.5,5066.75,5067.5
1704353100,5067.25,5068.75,5067.25,5068.75
1704353400,5068.75,5068.75,5067.5,5067.75
1704353700,5067.75,5068.5,5067.75,5068.25
1704354000,5068,5069,5067.25,5068.75
1704354300,5068.75,5069,5067.25,5067.25
1704354600,5067.5,5067.5,5066.25,5066.5
1704354900,5066.5,5066.75,5064.75,5065.75
1704355200,5065.75,5068.25,5065.25,5067.5
1704355500,5067.25,5069,5066.75,5068.75
1704355800,5068.75,5069.25,5066.75,5067.25
1704356100,5067.25,5068,5065.75,5067
1704356400,5067,5069,5066.75,5068
1704356700,5068,5068.5,5066,5066.25
1704357000,5066.25,5066.5,5064.75,5065.75
1704357300,5066,5070,5065.75,5068.5
1704357600,5068.75,5069,5066.75,5067.25
1704357900,5067.5,5067.5,5065.5,5066.75
1704358200,5066.75,5067.5,5065.25,5065.75
1704358500,5065.75,5065.75,5063,5063.5
1704358800,5063.5,5064.25,5062.25,5062.5
1704359100,5062.5,5063.75,5061.75,5063.5
1704359400,5063.75,5064,5062.5,5063
1704359700,5062.75,5067.5,5062.75,5066.5
1704360000,5066.5,5067,5064.75,5065.75
1704360300,5065.75,5066.5,5064.5,5066.25
1704360600,5066.25,5067.75,5065.75,5066.25
1704360900,5066,5066.75,5065,5066
1704361200,5066.25,5067,5065.5,5066
1704361500,5066,5066.5,5064.5,5065.25
1704361800,5065,5067,5064.75,5066.25
1704362100,5066.25,5067.5,5065.75,5067.25
1704362400,5067,5067.5,5064,5064.5
1704362700,5064.25,5064.25,5062.5,5062.75
1704363000,5063,5065,5062.75,5064.5
1704363300,5064.5,5067.5,5064.5,5067.25
1704363600,5067,5068,5066.5,5067.25
1704363900,5067.5,5068,5066,5066
1704364200,5066,5066,5065,5065.25
1704364500,5065.25,5066.5,5065,5065.5
1704364800,5065.75,5066,5064.25,5064.25
1704365100,5064.5,5064.5,5062,5063
1704365400,5063,5063.25,5062,5063.25
1704365700,5063.25,5065.25,5063,5064.75
1704366000,5064.5,5065.75,5063.75,5065
1704366300,5065,5066,5064.75,5065.75
1704366600,5065.75,5066,5064.25,5064.75
1704366900,5065,5066.75,5064.75,5065.75
1704367200,5065.75,5067.25,5065.75,5067
1704367500,5066.75,5068,5066.5,5067
1704367800,5067,5067,5065.5,5065.5
1704368100,5065.5,5065.5,5061.25,5061.75
1704368400,5062,5062,5059.25,5061.25
1704368700,5061.25,5062.75,5060.25,5062.5
1704369000,5062.5,5062.75,5061,5061
1704369300,5060.75,5061.25,5059.25,5060.25
1704369600,5060.25,5061,5057.5,5058
1704369900,5058,5058.75,5056.25,5058.25
1704370200,5058.25,5062.5,5058.25,5061.75
1704370500,5061.75,5062.25,5059.5,5060.75
1704370800,5061,5061.75,5059.5,5061.5
1704371100,5061.5,5064.25,5060.75,5063.75
1704371400,5063.75,5067.25,5063,5067.25
1704371700,5067.25,5067.5,5063.75,5063.75
1704372000,5063.75,5066.25,5063.25,5066
1704372300,5065.75,5066.25,5064,5064.5
1704372600,5064.5,5065.5,5063,5064
1704372900,5064,5064.25,5062.75,5063.5
1704373200,5063.5,5063.5,5060.75,5061.5
1704373500,5061.5,5062.5,5060.5,5062.25
1704373800,5062,5063.25,5060.25,5062
1704374100,5062,5064.25,5059.5,5060.25
1704374400,5060.25,5062.25,5059.75,5061.25
1704374700,5061.25,5063.25,5060.5,5062.75
1704375000,5062.75,5063,5057.5,5058.5
1704375300,5058.25,5059,5055.75,5056.25
1704375600,5056,5057,5054.75,5056.25
1704375900,5056,5059.75,5055.75,5059.75
1704376200,5059.75,5059.75,5058,5058.75
1704376500,5058.5,5059.25,5056,5056
1704376800,5056,5057.25,5054.75,5055.25
1704377100,5055.25,5057.75,5054.25,5056.75
1704377400,5056.75,5059.5,5056.5,5058.75
1704377700,5058.75,5059.25,5056.75,5057
1704378000,5056.75,5057.25,5053.75,5053.75
1704378300,5054,5055,5050,5052.5
1704378600,5052.5,5060.5,5050.75,5058.25
1704378900,5058.5,5061.25,5055.75,5060
1704379200,5060,5062.5,5055.75,5059.75
1704379500,5059.5,5060.75,5054.25,5055.75
1704379800,5056,5062.25,5055.5,5060.75
1704380100,5061,5062.5,5057,5058.75
1704380400,5058.75,5067,5056.5,5067
1704380700,5066.75,5069.75,5064.25,5069.75
1704381000,5069.5,5071.25,5067,5070.75
1704381300,5070.75,5071.5,5067.5,5068.25
1704381600,5068.25,5068.75,5065,5067.5
1704381900,5067.5,5069,5065.25,5067.5
1704382200,5067.25,5070.5,5066,5068
1704382500,5068.25,5069.75,5066.5,5066.75
1704382800,5067,5070.75,5066.25,5070.25
1704383100,5070.5,5072.25,5069,5072
1704383400,5071.75,5072.25,5068,5070.5
1704383700,5070.25,5071,5067.75,5068.5
1704384000,5068.25,5071.75,5068.25,5070.5
1704384300,5070.5,5071.75,5069.5,5071.5
1704384600,5071.5,5078.5,5071,5077.5
1704384900,5077.5,5079.5,5075.75,5076.25
1704385200,5076,5078.5,5076,5078.5
1704385500,5078.25,5079.5,5075.5,5076.5
1704385800,5076.25,5077,5073,5074.5
1704386100,5074.25,5078,5074,5075.25
1704386400,5075.25,5075.25,5072.25,5072.5
1704386700,5072.75,5073.75,5069.75,5070.25
1704387000,5070.25,5070.25,5064,5067.25
1704387300,5067.25,5068.25,5065.75,5066.75
1704387600,5066.75,5068,5062,5065.25
1704387900,5065.25,5066.5,5063.25,5064.5
1704388200,5064.25,5067.5,5064,5065.75
1704388500,5065.75,5065.75,5063.25,5065.75
1704388800,5065.75,5067.5,5063.75,5064.25
1704389100,5064.5,5066.75,5064,5065.75
1704389400,5065.75,5065.75,5060.5,5061.75
1704389700,5061.5,5064.25,5059.75,5063.75
1704390000,5063.5,5063.75,5058.75,5059.75
1704390300,5059.5,5059.75,5056,5059.5
1704390600,5059.5,5061.5,5057.5,5061.25
1704390900,5061,5061.25,5058,5060.75
1704391200,5060.5,5061.75,5059.5,5061.75
1704391500,5061.5,5063,5060.25,5062.25
1704391800,5062,5062.5,5059.25,5061.75
1704392100,5061.5,5062.75,5059.5,5061
1704392400,5060.75,5062.75,5060.25,5061.5
1704392700,5061.5,5063.5,5061.25,5062.75
1704393000,5062.75,5064,5061.5,5062.5
1704393300,5062.5,5063.5,5060,5062
1704393600,5061.75,5063.75,5060.75,5063.5
1704393900,5063.5,5064,5061.75,5063
1704394200,5063,5064,5060.5,5060.75
1704394500,5060.75,5062.5,5059,5060.25
1704394800,5060.25,5062.75,5058.5,5059
1704395100,5059.25,5060.5,5057.75,5058
1704395400,5058,5060,5055.5,5059.5
1704395700,5059.25,5061,5056.75,5057
1704396000,5057,5058.75,5054.75,5055.25
1704396300,5055.5,5057.25,5054.25,5055.25
1704396600,5055,5056.25,5053.5,5055.5
1704396900,5055.25,5055.75,5053.5,5054.5
1704397200,5054.5,5054.75,5052.75,5053.25
1704397500,5053,5056,5051,5055.75
1704397800,5055.5,5059.5,5055.5,5057.75
1704398100,5057.75,5059,5055,5056.25
1704398400,5056.25,5057,5053.25,5054
1704398700,5054,5060,5054,5059.25
1704399000,5059.5,5059.75,5055.25,5055.5
1704399300,5055.5,5055.75,5050,5052.75
1704399600,5052.5,5053.75,5050.5,5051.75
1704399900,5051.75,5052.75,5050,5052
1704400200,5052.25,5056.5,5051.25,5054.5
1704400500,5054.75,5056,5054,5054.75
1704400800,5055,5056,5051.75,5053
1704401100,5053.25,5055,5047.75,5048
1704401400,5048.25,5049.5,5040,5042
1704401700,5042.25,5045,5040.25,5042.75
1704402000,5043,5045.5,5040.5,5045.25
1704402300,5045.5,5046.5,5043.25,5043.25
1704402600,5043.5,5044.25,5041.5,5041.75
1704402900,5041.75,5043.25,5041.25,5042.75
1704403200,5042.75,5044.75,5042.5,5044.75
1704403500,5045,5045.5,5044,5045
1704403800,5045,5045.5,5044.5,5045.5
1704404100,5045.25,5045.75,5044.75,5045.25
1704404400,5045.5,5045.75,5044.75,5045.5
1704404700,5045.75,5046.25,5045,5045.5
1704405000,5045.5,5045.75,5044.5,5045
1704405300,5045,5045.5,5044.25,5045.25
1704409200,5045.75,5048.5,5045.5,5047.5
1704409500,5047.5,5048.25,5047.25,5047.75
1704409800,5047.75,5049.25,5047.75,5048.75
1704410100,5048.75,5049.5,5048.5,5048.75
1704410400,5048.75,5049,5048,5048.25
1704410700,5048.25,5048.5,5047.75,5048
1704411000,5048,5048.75,5047.25,5048.5
1704411300,5048.5,5049.25,5048.5,5048.75
1704411600,5048.75,5049,5047.75,5047.75
1704411900,5048,5048.5,5047.75,5048.25
1704412200,5048,5048,5047.25,5047.25
1704412500,5047.25,5047.5,5046.75,5047
1704412800,5047,5047,5046,5046.75
1704413100,5046.5,5047.25,5046.5,5047
1704413400,5047,5047.5,5046.5,5047.5
1704413700,5047.5,5048.25,5047,5048
1704414000,5048,5048.5,5048,5048
1704414300,5047.75,5047.75,5047,5047.5
1704414600,5047.5,5049,5047.5,5048.5
1704414900,5048.5,5048.75,5048.25,5048.5
1704415200,5048.5,5048.75,5048.25,5048.5
1704415500,5048.25,5049,5048,5048.5
1704415800,5048.5,5048.5,5048,5048
1704416100,5048,5048,5047,5047
1704416400,5047.25,5047.75,5046.75,5047
1704416700,5047,5047.5,5046.75,5047.25
1704417000,5047.25,5049,5047.25,5049
1704417300,5049,5049.25,5047.75,5048.5
1704417600,5048.25,5048.5,5046.25,5047
1704417900,5047,5047.5,5046,5047.5
1704418200,5047.25,5047.5,5046,5047.25
1704418500,5047.25,5048.25,5046.75,5048.25
1704418800,5048,5048.5,5047.25,5048.25
1704419100,5048.5,5049.5,5048,5048.5
1704419400,5048.5,5048.75,5047.5,5047.75
1704419700,5047.75,5048.5,5047.75,5048.25
1704420000,5048.25,5048.25,5046.75,5047.5
1704420300,5047.75,5048,5047.5,5047.5
1704420600,5047.5,5047.75,5047,5047
1704420900,5047,5047.25,5046.75,5047
1704421200,5046.75,5047.75,5046.5,5047.75
1704421500,5047.75,5048,5047,5047.5
1704421800,5047.5,5047.75,5047,5047
1704422100,5047.25,5047.5,5046.75,5047
1704422400,5047,5047.25,5046,5046.25
1704422700,5046.25,5046.5,5045.75,5045.75
1704423000,5045.75,5046.5,5045.5,5046.5
1704423300,5046.5,5046.75,5045.75,5046
1704423600,5046.25,5046.75,5046,5046.75
1704423900,5046.75,5046.75,5046.25,5046.25
1704424200,5046.5,5046.75,5046.25,5046.25
1704424500,5046.5,5046.75,5046.25,5046.5
1704424800,5046.75,5047,5046.5,5046.75
1704425100,5046.75,5047.25,5046.5,5047
1704425400,5047,5047,5046.5,5046.5
1704425700,5046.5,5046.75,5045.75,5046
1704426000,5046,5046.25,5045,5045.25
1704426300,5045.25,5046.25,5045.25,5046
1704426600,5046,5046,5045.25,5045.25
1704426900,5045.25,5045.75,5045,5045.5
1704427200,5045.25,5046.25,5045.25,5045.5
1704427500,5045.5,5046.5,5045.5,5046.25
1704427800,5046.25,5047,5046.25,5047
1704428100,5047.25,5047.25,5046.5,5047
1704428400,5047,5047.25,5047,5047
1704428700,5047.25,5048,5047,5048
1704429000,5047.75,5048,5047.25,5047.5
1704429300,5047.25,5047.5,5047,5047
1704429600,5047,5047.25,5046.25,5046.25
1704429900,5046,5046.5,5045.5,5046
1704430200,5046,5046,5044.5,5044.75
1704430500,5044.75,5045.75,5044.75,5045
1704430800,5045,5045.5,5044.75,5045.5
1704431100,5045.25,5045.25,5044.5,5045
1704431400,5045,5045,5044.25,5044.75
1704431700,5044.75,5045.25,5044.25,5044.5
1704432000,5044.5,5044.5,5042.5,5042.75
1704432300,5043,5044,5042.5,5043.75
1704432600,5043.5,5044.25,5043.5,5043.75
1704432900,5043.5,5044.25,5043.25,5044
1704433200,5044,5044.5,5043.75,5044.25
1704433500,5044.25,5044.25,5043.25,5043.5
1704433800,5043.75,5043.75,5043.25,5043.75
1704434100,5043.75,5044,5043,5043.25
1704434400,5043,5044.75,5043,5044.5
1704434700,5044.25,5044.25,5042.5,5043.25
1704435000,5043.25,5043.5,5042.25,5042.75
1704435300,5042.5,5042.5,5041,5041.25
1704435600,5041.25,5042.25,5041.25,5042
1704435900,5042,5042.5,5041,5041.25
1704436200,5041,5041.25,5039.25,5039.5
1704436500,5039.75,5039.75,5037.25,5037.25
1704436800,5037.5,5038.5,5035.5,5036.25
1704437100,5036.25,5037.75,5036.25,5037.75
1704437400,5037.75,5038.25,5037,5037
1704437700,5037,5039,5037,5038.5
1704438000,5038.5,5039,5037.75,5038.75
1704438300,5038.75,5039,5037.25,5038.25
1704438600,5038.25,5039.75,5037.5,5039.25
1704438900,5039.5,5040.75,5038.5,5040.25
1704439200,5040.25,5041,5040,5040.75
1704439500,5040.5,5040.75,5040,5040.5
1704439800,5040.5,5041.25,5040.25,5041
1704440100,5041,5041,5039,5039.25
1704440400,5039.25,5039.5,5037,5037
1704440700,5037,5038.25,5036.5,5037.5
1704441000,5037.5,5038,5036.5,5036.5
1704441300,5036.5,5037,5035,5035.75
1704441600,5036,5037.75,5035.5,5037.75
1704441900,5037.75,5038.25,5036.5,5038
1704442200,5037.75,5040.5,5037.25,5039.5
1704442500,5039.5,5040.25,5039,5039.25
1704442800,5039,5041,5039,5039.75
1704443100,5039.75,5041.5,5039.25,5039.25
1704443400,5039.25,5039.25,5037,5038.25
1704443700,5038.25,5039.75,5038,5038.25
1704444000,5038.5,5040.25,5038.5,5038.75
1704444300,5039,5039.5,5038,5038
1704444600,5038,5038.75,5036,5036.25
1704444900,5036.25,5037,5036,5036.25
1704445200,5036.25,5037.5,5033.75,5033.75
1704445500,5033.75,5033.75,5031.5,5032.75
1704445800,5033,5034.25,5032.75,5033.75
1704446100,5033.75,5036.25,5033,5036.25
1704446400,5036,5038,5036,5037.25
1704446700,5037,5037.25,5035.75,5036
1704447000,5036,5036.25,5034,5034.75
1704447300,5034.5,5035.25,5031.75,5032.25
1704447600,5032.25,5032.5,5030.75,5031
1704447900,5030.75,5032.5,5030.5,5032.5
1704448200,5032.25,5032.75,5031.25,5032
1704448500,5032,5032.5,5031,5031.25
1704448800,5031.25,5032.25,5031,5032
1704449100,5032,5033.25,5030.75,5031.75
1704449400,5032,5033.75,5032,5033
1704449700,5032.75,5033,5031.5,5032
1704450000,5031.75,5032.5,5031,5031.5
1704450300,5031.5,5031.5,5029.75,5030.5
1704450600,5030.5,5031.25,5029.75,5030.25
1704450900,5030.25,5030.5,5029.75,5029.75
1704451200,5029.75,5031.5,5029.25,5030.25
1704451500,5030,5030.25,5028.25,5028.25
1704451800,5028.25,5030.25,5026.75,5030
1704452100,5030,5031.5,5029.5,5031.5
1704452400,5031.25,5033,5031,5032.75
1704452700,5032.75,5032.75,5031.5,5031.5
1704453000,5031.5,5032.5,5030.25,5030.25
1704453300,5030.25,5031.25,5029.75,5030.5
1704453600,5030.5,5031.25,5029,5029.25
1704453900,5029.25,5030.75,5027,5027.25
1704454200,5027.25,5027.75,5025,5025.25
1704454500,5025.25,5026.5,5024.25,5026.5
1704454800,5026.25,5027.25,5025.75,5026.5
1704455100,5026.75,5028.75,5026.5,5027.5
1704455400,5027.75,5029,5027.5,5027.75
1704455700,5028,5030.25,5028,5030.25
1704456000,5030.25,5031.5,5030,5030.5
1704456300,5030.25,5030.25,5028,5028.25
1704456600,5028,5031,5028,5031
1704456900,5030.75,5032,5030.25,5031.75
1704457200,5031.75,5032,5030.25,5032
1704457500,5032.25,5032.75,5031.25,5032
1704457800,5032,5033,5031.75,5032.25
1704458100,5032.25,5033.5,5031.5,5031.5
1704458400,5031.75,5032.5,5031.25,5031.75
1704458700,5032,5032.75,5029.75,5030
1704459000,5029.75,5030.5,5027.5,5029.75
1704459300,5029.5,5029.75,5028.75,5029.5
1704459600,5029.25,5029.75,5025.75,5027
1704459900,5027,5028.75,5026.25,5028.5
1704460200,5028.5,5031.5,5028,5031.5
1704460500,5031.5,5037,5031.25,5035.75
1704460800,5035.5,5036.25,5031.25,5032.75
1704461100,5032.75,5034.25,5031,5033.25
1704461400,5032.5,5032.5,5015,5021.75
1704461700,5022,5024.25,5015.25,5019.5
1704462000,5019.25,5026.5,5018.25,5025.75
1704462300,5025.75,5027.75,5021,5023.75
1704462600,5023.75,5035.25,5023.75,5034
1704462900,5034,5034.5,5030,5032.75
1704463200,5032.75,5039.75,5032.25,5039.75
1704463500,5039.75,5040.75,5036.25,5036.5
1704463800,5036.25,5039.5,5035.25,5036.5
1704464100,5036.5,5041.5,5036,5039.25
1704464400,5039,5042.5,5038.25,5041
1704464700,5041,5045.25,5039.5,5043.25
1704465000,5043.25,5049.75,5039.75,5049.25
1704465300,5049,5054,5047.5,5047.75
1704465600,5047.5,5050.5,5043.75,5048.75
1704465900,5048.75,5053,5048.75,5052.5
1704466200,5052.5,5054.5,5051,5052.5
1704466500,5052.25,5053.25,5048.5,5049.75
1704466800,5050,5067.5,5049.75,5066.25
1704467100,5066.25,5071.5,5064.75,5070.25
1704467400,5070.25,5073,5064.25,5066
1704467700,5065.75,5066.5,5060,5062.5
1704468000,5062.5,5066.5,5060,5066
1704468300,5066,5068.25,5062.5,5063.25
1704468600,5063.25,5068.75,5060.75,5068
1704468900,5067.75,5069.25,5065.25,5065.5
1704469200,5065.75,5070,5064,5069.5
1704469500,5069.25,5071.25,5067.5,5068.5
1704469800,5068.75,5071.75,5065.75,5070.75
1704470100,5071,5072.25,5068,5070
1704470400,5070.25,5072.75,5068.75,5069.25
1704470700,5069.25,5071.25,5064.5,5068.25
1704471000,5068.5,5073,5067,5071.5
1704471300,5071.5,5073.25,5061.75,5062.75
1704471600,5062.75,5064,5059.75,5062.25
1704471900,5062.25,5064,5059,5059.75
1704472200,5060,5062.5,5059.25,5061
1704472500,5060.75,5061,5058.25,5059.5
1704472800,5059.5,5060,5057,5057.5
1704473100,5057.5,5058.75,5054.5,5055.5
1704473400,5055.25,5058.5,5055.25,5058
1704473700,5057.75,5058.25,5054.5,5056.25
1704474000,5056,5056.75,5053.75,5054.25
1704474300,5054,5054.5,5044,5044
1704474600,5044.25,5048,5041.75,5047
1704474900,5046.75,5048.5,5044.25,5044.5
1704475200,5044.5,5047,5042.5,5043
1704475500,5043,5044.75,5040.5,5042
1704475800,5042.25,5043.25,5039.25,5040
1704476100,5040,5046.25,5039.75,5043.25
1704476400,5043,5046.75,5043,5046
1704476700,5045.75,5047.25,5043,5043.25
1704477000,5043.25,5047.5,5042.5,5045
1704477300,5045,5046.5,5043.25,5043.75
1704477600,5043.5,5044,5036.75,5038.25
1704477900,5038.25,5041,5038,5039
1704478200,5039,5040.75,5036.75,5037.25
1704478500,5037.25,5038,5034.75,5035.25
1704478800,5035.25,5040,5035.25,5040
1704479100,5039.75,5047,5039.75,5047
1704479400,5047,5051.75,5046.75,5050
1704479700,5050.25,5055,5048.5,5054.25
1704480000,5054.25,5055.5,5050.75,5051.5
1704480300,5051.75,5054.75,5051.25,5052.75
1704480600,5052.75,5054.5,5051,5052.5
1704480900,5052.75,5054.25,5051.5,5052
1704481200,5052.25,5055.25,5052.25,5054.75
1704481500,5054.75,5056.75,5054,5055.5
1704481800,5055.75,5058.5,5053.75,5055.5
1704482100,5055.75,5057,5049,5050.75
1704482400,5050.75,5053.5,5049.75,5052.25
1704482700,5052.25,5053,5050,5050.5
1704483000,5050.5,5052.5,5049.5,5051
1704483300,5051,5053.5,5049,5049
1704483600,5049,5049.25,5044.25,5046
1704483900,5046,5047.25,5042.25,5043
1704484200,5042.75,5043.25,5036,5037
1704484500,5036.75,5039,5034.75,5036.5
1704484800,5036.5,5038.25,5035,5036.25
1704485100,5036,5038.75,5035,5037.5
1704485400,5037.5,5041.5,5036,5039.5
1704485700,5039.25,5040,5036.5,5037.5
1704486000,5037.25,5039.75,5037,5037.5
1704486300,5037.5,5038.75,5033.25,5037.75
1704486600,5037.75,5037.75,5032.75,5036.75
1704486900,5036.75,5039.25,5036.5,5038
1704487200,5037.75,5043.5,5037.25,5043.5
1704487500,5043.5,5046.25,5041,5046
1704487800,5046.25,5050.25,5044.75,5049.75
1704488100,5050,5052,5046.75,5048.5
1704488400,5048.5,5050.5,5047.25,5050
1704488700,5050.25,5051.5,5049.5,5050
1704489000,5050,5050.75,5049.75,5050
1704489300,5049.75,5050,5048.25,5048.75
1704489600,5048.5,5049.75,5048.5,5049.5
1704489900,5049.5,5049.75,5049,5049
1704490200,5048.75,5049,5047.75,5048
1704490500,5048,5048.25,5047.75,5048
1704490800,5048,5048.5,5048,5048
1704491100,5048,5048.25,5047.75,5047.75
1704491400,5048,5049,5047.75,5048.75
1704491700,5048.75,5049,5048.25,5048.5
1704668400,5048.75,5053.5,5046.5,5052.75
1704668700,5052.75,5054.5,5052.5,5053
1704669000,5053.25,5053.25,5051,5052.5
1704669300,5052.5,5052.75,5052.25,5052.75
1704669600,5052.75,5053,5051.75,5052
1704669900,5052,5052.75,5051.5,5051.5
1704670200,5051.5,5052.25,5051,5051.25
1704670500,5051.25,5051.75,5050.5,5050.5
1704670800,5050.5,5050.75,5049.75,5049.75
1704671100,5050,5051.25,5050,5051.25
1704671400,5051.25,5052,5051,5051.75
1704671700,5052,5052.5,5051.5,5052
1704672000,5051.75,5052.75,5051.75,5052.5
1704672300,5052.5,5052.75,5051.75,5052.25
1704672600,5052.5,5053,5052.5,5053
1704672900,5053,5054.25,5052.75,5054.25
1704673200,5054.25,5054.75,5053.75,5053.75
1704673500,5053.5,5054.75,5053.5,5054
1704673800,5054,5055,5053.75,5054.75
1704674100,5054.75,5054.75,5053.5,5053.5
1704674400,5053.5,5054,5053.5,5053.75
1704674700,5054,5054.5,5054,5054.25
1704675000,5054.25,5055.5,5054.25,5054.5
1704675300,5054.5,5055.25,5054,5054.25
1704675600,5054.25,5054.25,5052.75,5053.5
1704675900,5053.5,5056,5053.25,5056
1704676200,5055.75,5056,5055,5055.75
1704676500,5055.5,5056.25,5055.25,5056
1704676800,5056,5056.25,5055.5,5055.75
1704677100,5055.75,5055.75,5054.5,5054.75
1704677400,5054.5,5055.25,5054.25,5055.25
1704677700,5055,5055,5054,5054.25
1704678000,5054.25,5054.25,5053.25,5053.75
1704678300,5054,5054.25,5052.5,5052.5
1704678600,5052.5,5052.5,5050,5050
1704678900,5050.25,5051,5049,5049.5
1704679200,5049.25,5049.25,5047,5048.25
1704679500,5048,5048.5,5047,5047.75
1704679800,5047.75,5048.25,5047.25,5048.25
1704680100,5048.25,5048.25,5046.5,5047.75
1704680400,5047.75,5048,5046,5047
1704680700,5047.25,5047.75,5047,5047.5
1704681000,5047.5,5047.75,5046.5,5047.25
1704681300,5047.25,5047.75,5047,5047
1704681600,5047,5047.75,5047,5047.5
1704681900,5047.5,5048.5,5047.25,5047.5
1704682200,5047.5,5048.5,5047.5,5047.75
1704682500,5048,5048.25,5047.25,5047.75
1704682800,5048,5048,5046.25,5046.75
1704683100,5046.75,5048,5045.5,5045.5
1704683400,5045.5,5046.5,5044.75,5046
1704683700,5046.25,5047,5046.25,5046.25
1704684000,5046.5,5046.75,5045.5,5046.25
1704684300,5046.25,5046.25,5045.5,5045.75
1704684600,5045.5,5046,5044.75,5045
1704684900,5045,5045,5043.25,5044
1704685200,5044.25,5044.75,5043.75,5044
1704685500,5044.25,5044.5,5044,5044
1704685800,5044,5044.5,5043.5,5043.75
1704686100,5043.5,5044.25,5043.25,5044.25
1704686400,5044,5044.75,5043.75,5043.75
1704686700,5043.75,5043.75,5043.25,5043.5
1704687000,5043.5,5044.5,5043.5,5044.25
1704687300,5044.5,5044.75,5044.25,5044.5
1704687600,5044.75,5045.5,5044.75,5045.5
1704687900,5045.25,5045.75,5045,5045
1704688200,5045.25,5045.25,5044.75,5045
1704688500,5044.75,5045.25,5044.75,5045
1704688800,5045.25,5045.25,5044.75,5044.75
1704689100,5044.5,5045.25,5044.5,5045.25
1704689400,5045.5,5045.5,5045,5045.25
1704689700,5045.25,5045.5,5045,5045.25
1704690000,5045.5,5046,5045,5045.75
1704690300,5045.75,5046.75,5045.5,5046.25
1704690600,5046.25,5046.75,5045.75,5046.25
1704690900,5046.25,5046.75,5046.25,5046.5
1704691200,5046.5,5046.5,5045,5045.25
1704691500,5045,5045.5,5045,5045.25
1704691800,5045,5045.25,5043,5043
1704692100,5043.25,5043.5,5042.5,5043
1704692400,5043.25,5044,5042.75,5043.25
1704692700,5043,5043.5,5042.5,5043.5
1704693000,5043.75,5043.75,5042.5,5043.75
1704693300,5043.75,5044.25,5043.25,5043.5
1704693600,5043.5,5043.75,5043,5043.5
1704693900,5043.5,5045.75,5043.25,5045
1704694200,5044.75,5045,5043,5044.5
1704694500,5044.5,5045,5044.5,5044.75
1704694800,5044.75,5045,5043.75,5044
1704695100,5044,5044.75,5044,5044.5
1704695400,5044.5,5044.5,5042,5043
1704695700,5043,5043.75,5041.5,5041.75
1704696000,5041.75,5042.25,5041.25,5041.5
1704696300,5041.5,5042,5041.25,5041.75
1704696600,5041.75,5043.5,5041.75,5042.75
1704696900,5042.5,5042.75,5042.25,5042.25
1704697200,5042,5044.5,5042,5044
1704697500,5044,5046.75,5044,5045.75
1704697800,5045.75,5047.25,5045.75,5046.75
1704698100,5046.75,5046.75,5044.75,5044.75
1704698400,5044.5,5046.25,5044.25,5046
1704698700,5045.75,5046,5045.25,5045.75
1704699000,5045.75,5045.75,5044.25,5044.25
1704699300,5044.25,5044.5,5042.25,5042.5
1704699600,5042.5,5043.5,5042,5043.5
1704699900,5043.25,5045.25,5043.25,5044.75
1704700200,5044.5,5045.5,5044.25,5044.5
1704700500,5044.5,5045.25,5042.75,5042.75
1704700800,5043,5046,5042.25,5045.75
1704701100,5045.5,5045.75,5042,5043.25
1704701400,5043.25,5045.75,5040,5042.25
1704701700,5042.25,5046.75,5041.5,5045.75
1704702000,5046,5047.75,5045.5,5046
1704702300,5046.25,5047,5044.25,5046.25
1704702600,5046.25,5047.5,5044,5046.75
1704702900,5046.75,5047.5,5045.5,5046.75
1704703200,5046.75,5048.75,5044,5044.5
1704703500,5044.75,5046.25,5043.5,5046
1704703800,5046.25,5046.75,5043.75,5043.75
1704704100,5043.75,5044.25,5042,5042.25
1704704400,5042.5,5042.5,5039.75,5039.75
1704704700,5039.75,5042.25,5039,5042
1704705000,5042,5042.25,5040,5040.5
1704705300,5040.25,5042,5039,5039
1704705600,5039,5040,5035.5,5036
1704705900,5036,5037,5034.25,5035
1704706200,5034.75,5034.75,5028.5,5029.75
1704706500,5029.75,5032,5028.25,5030.75
1704706800,5030.75,5034,5030.25,5033.75
1704707100,5033.75,5037,5033.5,5036.25
1704707400,5036.25,5039,5035.75,5038.75
1704707700,5038.75,5039,5037.5,5038
1704708000,5037.75,5040,5037.75,5038.75
1704708300,5038.75,5039.25,5037,5038.75
1704708600,5038.5,5039.25,5036.75,5038
1704708900,5038.25,5040.25,5037,5039.5
1704709200,5039.5,5040.25,5039,5039.5
1704709500,5039.75,5040.5,5038.25,5039.5
1704709800,5039.75,5042.25,5039.25,5041.5
1704710100,5041.5,5041.75,5039.5,5040.25
1704710400,5040.25,5041,5039.25,5039.75
1704710700,5039.5,5041,5038.5,5039
1704711000,5039,5039.75,5037.5,5038.75
1704711300,5038.5,5039,5037,5037.5
1704711600,5037.5,5038,5035,5035
1704711900,5035.25,5037,5034,5037
1704712200,5036.75,5042,5036.75,5041.25
1704712500,5041.5,5041.75,5038,5038.75
1704712800,5038.75,5040.25,5037.5,5038.5
1704713100,5038.5,5040.75,5037.75,5040.75
1704713400,5040.5,5042.25,5040.25,5041.75
1704713700,5042,5042.75,5040.5,5042.75
1704714000,5042.5,5045.5,5042.5,5044.75
1704714300,5045,5046,5044.25,5044.5
1704714600,5044.75,5045.25,5043.25,5043.25
1704714900,5043.25,5044.5,5043.25,5044.25
1704715200,5044.25,5045,5043.25,5044.75
1704715500,5044.75,5046.75,5044.25,5046.75
1704715800,5046.75,5047.5,5046,5047.25
1704716100,5047.5,5047.75,5046,5046.5
1704716400,5046.5,5046.75,5044.75,5045.75
1704716700,5045.5,5046.25,5044.75,5045.75
1704717000,5045.75,5046,5043.25,5043.5
1704717300,5043.75,5045,5042.5,5043
1704717600,5043.25,5044,5042.75,5043.5
1704717900,5043.25,5045,5043.25,5045
1704718200,5045,5045,5042.25,5043.75
1704718500,5043.5,5048.75,5043,5048.25
1704718800,5048.25,5050,5047.75,5048.5
1704719100,5048.75,5048.75,5046,5046.25
1704719400,5046.25,5048.25,5045.75,5047.75
1704719700,5047.75,5050.75,5047.75,5050.75
1704720000,5050.75,5052.25,5049.25,5052.25
1704720300,5052.25,5052.5,5049.25,5049.75
1704720600,5050,5051.75,5049.75,5050.5
1704720900,5050.5,5051.5,5049.25,5050.5
1704721200,5050.5,5051.75,5049.75,5050.5
1704721500,5050.5,5050.5,5047.25,5048
1704721800,5048,5050,5047.75,5048
1704722100,5048,5048.75,5046.25,5048
1704722400,5048.25,5052,5047,5047.25
1704722700,5047.25,5049,5045.75,5048.75
1704723000,5049,5050.75,5048.5,5050
1704723300,5050,5051.75,5050,5051
1704723600,5051,5051.5,5049.25,5050.5
1704723900,5050.5,5052.5,5049.5,5052.25
1704724200,5052.25,5059.25,5051,5059
1704724500,5059,5060.75,5057.25,5059.75
1704724800,5060,5061.25,5052.75,5056.75
1704725100,5056.75,5061.5,5056.75,5059
1704725400,5059.25,5061.25,5053.75,5057.5
1704725700,5057.5,5065.75,5056.5,5065.25
1704726000,5065,5067.25,5061.25,5067
1704726300,5067,5067.25,5062.75,5064.75
1704726600,5064.75,5066,5061.5,5062.5
1704726900,5062.75,5066,5062.5,5065.5
1704727200,5065.75,5066.75,5063.25,5065.75
1704727500,5065.75,5068,5065.25,5067.5
1704727800,5067.25,5072.5,5067.25,5072.25
1704728100,5072,5072.25,5069,5070.75
1704728400,5070.75,5072.5,5070.5,5072
1704728700,5072,5075.5,5071.5,5075.25
1704729000,5075.5,5075.5,5071.5,5072
1704729300,5072.25,5073,5070.75,5071.75
1704729600,5071.75,5072.5,5068.5,5068.75
1704729900,5069,5072.75,5068.75,5070.25
1704730200,5070.5,5071.75,5067.5,5070.75
1704730500,5070.75,5072.25,5069.5,5072.25
1704730800,5072.25,5074.25,5070,5071.75
1704731100,5071.75,5072.75,5070.5,5072
1704731400,5072.25,5074.25,5071.75,5073.25
1704731700,5073.25,5074.5,5071.75,5073
1704732000,5073,5074.5,5071.5,5074
1704732300,5074,5076,5073,5073.75
1704732600,5074,5075.25,5072.75,5074.75
1704732900,5074.75,5077,5072.5,5076.75
1704733200,5076.75,5080.75,5076.75,5078.75
1704733500,5079,5080.25,5077.75,5078.25
1704733800,5078.25,5079.25,5077,5077.75
1704734100,5078,5079.75,5077.5,5078.75
1704734400,5078.75,5078.75,5073.5,5075.25
1704734700,5075.5,5075.5,5074.25,5075.5
1704735000,5075.25,5078.5,5074.5,5078.25
1704735300,5078.25,5081.5,5077.75,5080.75
1704735600,5080.75,5081.75,5079,5080
1704735900,5080,5080.75,5079.25,5080
1704736200,5080.25,5084.5,5079.5,5083.5
1704736500,5083.75,5083.75,5081.25,5083
1704736800,5083,5083.25,5081.5,5082.5
1704737100,5082.5,5085.5,5082.5,5083.5
1704737400,5083.5,5083.5,5080.5,5082
1704737700,5082.25,5083.25,5081.5,5082
1704738000,5082,5084.25,5081.5,5084
1704738300,5084.25,5084.75,5081.25,5081.75
1704738600,5081.75,5083.5,5081.75,5083.5
1704738900,5083.5,5083.5,5081.75,5082.75
1704739200,5082.75,5084.5,5082.25,5084.25
1704739500,5084.25,5087.25,5084.25,5086
1704739800,5086,5086.75,5084.75,5086
1704740100,5085.75,5089.25,5085.5,5088.5
1704740400,5088.5,5089.5,5087.5,5088.5
1704740700,5088.75,5090,5087.5,5089.5
1704741000,5089.75,5094.5,5089.5,5094
1704741300,5094,5095.5,5092.75,5093.75
1704741600,5093.5,5094.25,5092.25,5094.25
1704741900,5094.25,5098.75,5094.25,5098.5
1704742200,5098.5,5102.75,5098.5,5101
1704742500,5101.25,5101.5,5099.25,5099.75
1704742800,5100,5102.75,5099.5,5101.5
1704743100,5101.5,5104,5101,5103.25
1704743400,5103.25,5104.75,5102.5,5104
1704743700,5104,5109,5103.75,5106.5
1704744000,5106.25,5107.5,5103.75,5107
1704744300,5107.25,5107.75,5104.25,5105.5
1704744600,5105.75,5105.75,5102.5,5103.25
1704744900,5103.25,5108,5102.5,5107
1704745200,5107,5108,5106,5107.75
1704745500,5107.75,5108.25,5105,5105.5
1704745800,5105.5,5107.5,5104.5,5107.5
1704746100,5107.5,5112.5,5105.5,5112
1704746400,5112,5113.75,5109.25,5110.5
1704746700,5110.25,5110.5,5104.75,5105.25
1704747000,5105,5116,5105,5114.5
1704747300,5114.5,5116.25,5112,5114.5
1704747600,5114.5,5114.5,5112.5,5113.25
1704747900,5113.25,5113.75,5112.5,5113
1704748200,5112.75,5113.5,5112.5,5113
1704748500,5112.75,5113.25,5112.5,5112.75
1704748800,5112.5,5114,5112.5,5113.5
1704749100,5113.25,5113.75,5113,5113.75
1704749400,5113.5,5113.5,5112.5,5112.5
1704749700,5112.5,5113,5111.75,5111.75
1704750000,5111.75,5112,5111.75,5112
1704750300,5112,5112.5,5111.25,5112.25
1704750600,5112.25,5112.75,5111.75,5112.75
1704750900,5112.5,5112.75,5110.25,5111
1704754800,5110.75,5111.75,5109.5,5110.5
1704755100,5110.5,5110.5,5109.75,5109.75
1704755400,5109.5,5110.75,5109.5,5110.5
1704755700,5110.25,5110.75,5109.75,5110
1704756000,5109.75,5110.25,5109.25,5109.5
1704756300,5109.5,5110.25,5109.5,5109.75
1704756600,5110,5110.25,5109,5109.5
1704756900,5109.5,5110,5109.25,5109.75
1704757200,5109.75,5110,5109.5,5109.75
1704757500,5109.75,5110.75,5109.75,5110.25
1704757800,5110.25,5110.5,5110,5110
1704758100,5110.25,5110.5,5110,5110.25
1704758400,5110.25,5110.5,5109.75,5110
1704758700,5110,5111.75,5110,5111.5
1704759000,5111.75,5111.75,5110.5,5110.5
1704759300,5110.75,5110.75,5109.75,5110
1704759600,5110,5110.5,5109.75,5110.25
1704759900,5110.25,5110.5,5110,5110.25
1704760200,5110.25,5110.5,5110,5110.5
1704760500,5110.75,5110.75,5110,5110
1704760800,5110.25,5110.75,5110,5110.5
1704761100,5110.75,5110.75,5110.25,5110.5
1704761400,5110.75,5111,5110,5110
1704761700,5110,5110.75,5109.5,5110.25
1704762000,5110.25,5110.75,5110,5110.25
1704762300,5110.25,5111,5110.25,5110.75
1704762600,5110.5,5110.5,5110,5110.25
1704762900,5110.5,5110.5,5109.25,5110
1704763200,5110,5111,5110,5110.75
1704763500,5110.75,5111,5110,5110.25
1704763800,5110.25,5110.5,5109.75,5110.25
1704764100,5110.25,5110.25,5109,5109.75
1704764400,5109.5,5110,5109,5109
1704764700,5109.25,5110,5108.75,5109.5
1704765000,5109.5,5110.75,5109.5,5110.25
1704765300,5110.25,5110.5,5110.25,5110.25
1704765600,5110.25,5110.5,5110,5110.25
1704765900,5110.25,5111,5110.25,5110.25
1704766200,5110.5,5110.5,5109.5,5110.25
1704766500,5110.5,5111.25,5110.25,5111
1704766800,5111,5111.75,5111,5111.75
1704767100,5111.5,5111.5,5110.75,5110.75
1704767400,5111,5111,5110.5,5110.5
1704767700,5110.5,5110.75,5110.25,5110.25
1704768000,5110.25,5110.25,5109.75,5109.75
1704768300,5109.75,5110.5,5109.75,5110.5
1704768600,5110.5,5110.5,5110,5110.25
1704768900,5110.25,5110.75,5110.25,5110.75
1704769200,5110.75,5111.25,5110.75,5111
1704769500,5111,5111.25,5110.75,5111
1704769800,5110.75,5111,5110,5110
1704770100,5110.25,5110.75,5110,5110.25
1704770400,5110.5,5110.5,5110.25,5110.5
1704770700,5110.5,5110.5,5110,5110.5
1704771000,5110.25,5110.75,5110.25,5110.25
1704771300,5110.5,5110.5,5110,5110.5
1704771600,5110.25,5110.25,5110,5110
1704771900,5110,5110.25,5109.75,5109.75
1704772200,5110,5110.25,5109.5,5110
1704772500,5110,5110.5,5110,5110.5
1704772800,5110.5,5110.5,5109.25,5109.5
1704773100,5109.5,5110.25,5109.5,5109.75
1704773400,5109.75,5109.75,5108.75,5109
1704773700,5109,5109,5108,5108.25
1704774000,5108.25,5108.75,5107.75,5107.75
1704774300,5108,5108.75,5107.75,5108
1704774600,5108,5109,5108,5108.75
1704774900,5109.25,5109.25,5108.75,5108.75
1704775200,5108.75,5109.5,5108.5,5109.25
1704775500,5109.5,5109.75,5109,5109.5
1704775800,5109.75,5109.75,5109.25,5109.75
1704776100,5109.5,5109.5,5109,5109
1704776400,5109.25,5109.5,5109,5109.25
1704776700,5109.5,5109.75,5109.25,5109.5
1704777000,5109.5,5109.75,5109.25,5109.25
1704777300,5109.25,5109.5,5108.75,5109
1704777600,5109,5109,5108.5,5108.75
1704777900,5108.75,5108.75,5108.25,5108.5
1704778200,5108.5,5109.25,5108.25,5109
1704778500,5109,5109.25,5108.5,5108.5
1704778800,5108.5,5108.75,5108,5108.5
1704779100,5108.5,5108.75,5108,5108.25
1704779400,5108.25,5108.25,5107.25,5108
1704779700,5108,5108.25,5107.5,5107.75
1704780000,5107.75,5108.25,5107.25,5107.25
1704780300,5107.25,5108.5,5107,5108.5
1704780600,5108.5,5108.5,5107.25,5107.5
1704780900,5107.5,5108.25,5107.25,5108.25
1704781200,5108.25,5108.25,5107.5,5107.75
1704781500,5108,5108.75,5108,5108.25
1704781800,5108.5,5108.5,5108,5108.25
1704782100,5108.25,5109,5108.25,5108.75
1704782400,5108.75,5110.25,5108.75,5110
1704782700,5110.25,5110.25,5109.25,5109.5
1704783000,5109.75,5110,5109.25,5109.25
1704783300,5109.5,5110,5109,5109.25
1704783600,5109.25,5109.25,5106.5,5108
1704783900,5108.25,5109.25,5108.25,5109.25
1704784200,5109,5109.25,5108.25,5108.5
1704784500,5108.5,5109,5107.75,5109
1704784800,5109,5109.25,5107.5,5107.5
1704785100,5107.5,5108.25,5107.25,5107.25
1704785400,5107.25,5108,5106.5,5107.75
1704785700,5107.75,5108,5107.25,5107.75
1704786000,5107.75,5108,5107,5107.75
1704786300,5107.75,5107.75,5106.5,5107
1704786600,5107,5107.75,5106.75,5107.25
1704786900,5107,5107.5,5106.5,5106.75
1704787200,5106.75,5106.75,5104,5104
1704787500,5104,5105,5102.75,5104.5
1704787800,5104.25,5104.75,5103,5103.25
1704788100,5103.25,5103.75,5102.5,5103
1704788400,5103,5103.5,5102.75,5103.25
1704788700,5103.25,5103.75,5101,5101.5
1704789000,5101.75,5102.5,5100.5,5102
1704789300,5101.75,5102.5,5100.25,5100.75
1704789600,5100.75,5101,5100,5100.75
1704789900,5100.5,5101.5,5100,5100.75
1704790200,5100.5,5102.25,5100.5,5101.25
1704790500,5101.25,5102,5100.5,5101.75
1704790800,5101.75,5103,5101.25,5102
1704791100,5101.75,5101.75,5099.5,5099.5
1704791400,5099.75,5100,5096,5097
1704791700,5096.75,5098.5,5096.25,5097.5
1704792000,5097.75,5098.5,5096.25,5097.75
1704792300,5098,5099,5097.75,5098.75
1704792600,5099,5101.25,5098.75,5100.5
1704792900,5100.5,5100.5,5098.75,5099.5
1704793200,5099.25,5100.75,5099,5100.5
1704793500,5100.75,5101.5,5100.25,5101.5
1704793800,5101.5,5103,5101.5,5101.5
1704794100,5101.5,5101.75,5100.75,5101.25
1704794400,5101.25,5101.5,5099.25,5100.75
1704794700,5100.75,5100.75,5099.25,5099.5
1704795000,5099.5,5102.25,5099,5101
1704795300,5101.25,5102,5100.75,5101.25
1704795600,5101.25,5101.25,5100,5101
1704795900,5101.25,5102,5100.75,5101
1704796200,5101,5101.5,5100.25,5101.25
1704796500,5101.25,5101.5,5100.25,5100.25
1704796800,5100.25,5100.75,5099,5099.25
1704797100,5099.25,5099.75,5097.75,5099.75
1704797400,5099.5,5100,5099,5099.25
1704797700,5099.25,5099.75,5098.75,5099.5
1704798000,5099.25,5100.5,5098.5,5099
1704798300,5099,5099.25,5096.25,5096.25
1704798600,5096.25,5096.75,5095.25,5096.5
1704798900,5096.75,5097.5,5095.5,5095.5
1704799200,5095.5,5096.5,5095,5096.25
1704799500,5096.25,5096.25,5095,5095.75
1704799800,5095.75,5097,5094.5,5096.75
1704800100,5096.5,5096.5,5094,5094.5
1704800400,5094.25,5095,5093.5,5094.5
1704800700,5094.25,5094.5,5093.75,5094.25
1704801000,5094.25,5094.25,5091.25,5091.75
1704801300,5091.75,5092.25,5090.25,5091.75
1704801600,5092,5092,5090.25,5091.75
1704801900,5091.75,5093.75,5091.5,5093.5
1704802200,5093.25,5095.25,5093,5094.75
1704802500,5094.75,5096.25,5094.25,5095.5
1704802800,5095.5,5095.75,5094.25,5094.25
1704803100,5094.25,5096.25,5094.25,5095
1704803400,5095,5097.25,5094,5096.75
1704803700,5096.75,5097.5,5095.75,5097
1704804000,5097,5097.25,5095.5,5096
1704804300,5096.25,5097.25,5096,5096.75
1704804600,5096.5,5098.25,5096.25,5097.75
1704804900,5098,5098.5,5097,5097.5
1704805200,5097.25,5097.75,5094,5094.25
1704805500,5094,5095.5,5094,5095.25
1704805800,5095.5,5096.75,5094.75,5096.25
1704806100,5096.25,5096.5,5093.5,5094.75
1704806400,5094.5,5094.75,5092.5,5092.5
1704806700,5092.75,5093.75,5092.5,5092.75
1704807000,5092.75,5093.5,5090,5092
1704807300,5091.75,5092,5090,5091.5
1704807600,5091.75,5091.75,5087.75,5088
1704807900,5088,5089.25,5087,5089
1704808200,5088.75,5089.5,5087.5,5087.75
1704808500,5087.75,5088,5086.5,5087
1704808800,5087.25,5089,5086.75,5088.5
1704809100,5088.25,5088.75,5085.75,5087
1704809400,5087.25,5087.5,5086,5087.25
1704809700,5087,5087.25,5085,5085.75
1704810000,5085.75,5087.25,5084.5,5086
1704810300,5086,5087.75,5083.25,5086
1704810600,5086,5088.25,5084.5,5088
1704810900,5088,5089.25,5085.75,5087
1704811200,5087,5088.5,5084,5085.25
1704811500,5085,5085.25,5080.5,5083.25
1704811800,5083.25,5087,5082.25,5085.25
1704812100,5085,5088.75,5084,5088.75
1704812400,5088.5,5090.25,5084.75,5085
1704812700,5085,5090.75,5082.5,5090.25
1704813000,5090.25,5092.75,5090,5092.5
1704813300,5092.5,5096.75,5091.75,5095.5
1704813600,5095.5,5096.5,5094.25,5094.75
1704813900,5094.75,5095.5,5090.75,5092
1704814200,5092,5094.25,5090,5093.75
1704814500,5093.75,5095.25,5091.75,5094.75
1704814800,5094.75,5095,5092.75,5094.25
1704815100,5094,5095,5091.5,5094
1704815400,5093.75,5094.25,5090,5091.25
1704815700,5091,5092.5,5088.75,5089.5
1704816000,5089.5,5095,5089,5094.75
1704816300,5094.75,5095.25,5092.25,5093.75
1704816600,5093.75,5095,5092.75,5094.75
1704816900,5094.75,5099,5094.25,5097.5
1704817200,5097.5,5101,5097.5,5100.75
1704817500,5100.5,5100.5,5099.25,5100.25
1704817800,5100.25,5102.5,5100.25,5102.25
1704818100,5102,5102.5,5099.25,5100.25
1704818400,5100.25,5101.25,5098.25,5101
1704818700,5101.25,5102.25,5100.5,5101.5
1704819000,5101.75,5105.75,5101.25,5105.5
1704819300,5105.25,5109.75,5105.25,5109.75
1704819600,5109.75,5110.5,5105.75,5108.25
1704819900,5108.25,5111.25,5107.75,5111
1704820200,5111,5111,5108.75,5109.5
1704820500,5109.75,5110.5,5106.75,5107.25
1704820800,5107.5,5110,5107,5109.75
1704821100,5109.75,5110.5,5109,5109.75
1704821400,5109.5,5110.5,5108.25,5108.75
1704821700,5108.75,5109.75,5108,5108.75
1704822000,5109,5111,5109,5110.5
1704822300,5110.25,5111,5108.5,5109
1704822600,5109,5112.25,5109,5111.25
1704822900,5111.5,5111.5,5109.5,5111.25
1704823200,5111,5116.75,5110.75,5116.5
1704823500,5116.5,5117,5108,5108.75
1704823800,5108.75,5112,5108.5,5111.25
1704824100,5111,5111.5,5109.75,5110.25
1704824400,5110,5111,5106.75,5107
1704824700,5107,5108,5104.75,5105.5
1704825000,5105.5,5105.5,5098.75,5100.5
1704825300,5100.5,5104.25,5099.75,5103.25
1704825600,5103.25,5104,5101.5,5102.75
1704825900,5102.75,5108.75,5101.75,5108
1704826200,5107.75,5114.25,5107.75,5112.75
1704826500,5112.75,5113.5,5109.75,5110.5
1704826800,5110.5,5112.75,5110.5,5111.5
1704827100,5111.75,5113,5111,5113
1704827400,5112.75,5113.25,5107.25,5107.5
1704827700,5107.5,5107.5,5103.25,5106
1704828000,5105.75,5108,5104.25,5105.25
1704828300,5105.25,5106.5,5102,5103.25
1704828600,5103.5,5107,5103.25,5106.25
1704828900,5106,5107,5103.5,5103.75
1704829200,5103.75,5105,5101,5102.5
1704829500,5102.5,5105.25,5101.25,5104.75
1704829800,5105,5106,5102,5105.25
1704830100,5105.25,5106.75,5102.75,5105.5
1704830400,5105.5,5107.75,5105.25,5107
1704830700,5107,5107.75,5099.25,5103.25
1704831000,5103,5106.25,5102.75,5104
1704831300,5103.75,5106,5103.25,5105
1704831600,5104.75,5110.25,5104.25,5104.75
1704831900,5104.75,5106.5,5103.75,5105.25
1704832200,5105.25,5106,5103.25,5104.25
1704832500,5104.25,5105,5102.5,5104
1704832800,5104,5104.5,5100,5101.75
1704833100,5101.75,5102.5,5099.5,5099.75
1704833400,5100,5108.25,5096.75,5107.25
1704833700,5107.25,5109.75,5103.75,5106
1704834000,5106,5107.75,5104.75,5106.5
1704834300,5106.5,5106.5,5105,5105.25
1704834600,5105.5,5106,5104,5105
1704834900,5105,5105.75,5104.75,5105.25
1704835200,5105,5105.25,5104.5,5104.5
1704835500,5104.5,5104.75,5104,5104
1704835800,5104.25,5104.25,5103,5103.5
1704836100,5104,5104,5103.25,5103.75
1704836400,5103.75,5105,5103.75,5104.5
1704836700,5104.25,5105,5104,5105
1704837000,5104.75,5105,5103.75,5103.75
1704837300,5103.75,5104.25,5102.75,5103.5
1704841200,5103.75,5103.75,5102.25,5102.5
1704841500,5102.5,5102.75,5101,5101.25
1704841800,5101.25,5102.25,5100.75,5102.25
1704842100,5102.25,5102.25,5101.75,5102
1704842400,5102,5102.25,5101.75,5102.25
1704842700,5102.25,5102.5,5102,5102.5
1704843000,5102.5,5102.75,5102.5,5102.5
1704843300,5102.5,5102.5,5102,5102.5
1704843600,5102.25,5103,5102.25,5102.75
1704843900,5102.75,5103.75,5102.75,5103.5
1704844200,5103.75,5104.25,5103.5,5104.25
1704844500,5104,5105.5,5104,5105
1704844800,5105.25,5106.5,5104.5,5106.25
1704845100,5106.25,5107.5,5106.25,5107
1704845400,5107,5107.75,5107,5107.25
1704845700,5107.25,5108,5106.75,5107
1704846000,5106.75,5107.5,5106.25,5107.25
1704846300,5107.25,5108,5106.75,5107.25
1704846600,5107.25,5108,5106.75,5107.75
1704846900,5108,5108,5107.5,5107.5
1704847200,5107.75,5107.75,5106.75,5107
1704847500,5107,5107.25,5105.25,5105.75
1704847800,5105.5,5106.25,5105.25,5105.5
1704848100,5105.25,5105.75,5105,5105.5
1704848400,5105.75,5106,5104,5104.25
1704848700,5104,5105,5103.75,5104.75
1704849000,5104.75,5105.25,5103.75,5104
1704849300,5104,5105.25,5103.75,5104.75
1704849600,5105,5105,5102.75,5103
1704849900,5103,5103.75,5102.75,5103.75
1704850200,5103.5,5104.75,5103.25,5103.75
1704850500,5103.75,5105,5103.25,5104.5
1704850800,5104.5,5104.75,5103,5103.75
1704851100,5103.75,5104,5103.25,5103.5
1704851400,5103.25,5104.25,5103,5104.25
1704851700,5104.25,5104.5,5103.75,5104
1704852000,5104.25,5104.75,5103,5103
1704852300,5103.25,5104.25,5103.25,5104
1704852600,5104,5104.5,5104,5104.25
1704852900,5104.25,5104.75,5104,5104.75
1704853200,5104.75,5104.75,5104,5104
1704853500,5104,5104.25,5103,5103
1704853800,5103.25,5104.25,5102.5,5104
1704854100,5103.75,5104.5,5103.75,5104.25
1704854400,5104.25,5105,5103.75,5104.75
1704854700,5104.75,5105.25,5104.5,5105
1704855000,5104.75,5105.25,5104.25,5104.5
1704855300,5104.5,5105.25,5104.5,5104.5
1704855600,5104.5,5105,5104.25,5104.5
1704855900,5104.5,5104.75,5103.5,5103.75
1704856200,5103.75,5103.75,5102.25,5102.25
1704856500,5102.25,5103.75,5102,5103.5
1704856800,5103.5,5103.75,5102,5102.5
1704857100,5102.5,5102.75,5101.75,5102
1704857400,5102,5102.25,5101,5101
1704857700,5101,5102.25,5100.5,5101.75
1704858000,5102,5102.25,5101,5101
1704858300,5101.25,5101.75,5101,5101.25
1704858600,5101,5101.75,5101,5101.5
1704858900,5101.75,5102,5101.25,5101.75
1704859200,5101.75,5102.75,5101.5,5102.5
1704859500,5102.5,5103.25,5102,5103
1704859800,5103,5103.75,5102.75,5103.75
1704860100,5103.75,5104,5102.5,5102.75
1704860400,5102.75,5103.5,5102.75,5103.25
1704860700,5103.25,5103.25,5102,5102.5
1704861000,5102.75,5102.75,5101.5,5101.75
1704861300,5101.75,5102,5101.75,5102
1704861600,5102,5102,5101.5,5102
1704861900,5102,5102.25,5101.25,5102
1704862200,5102,5102.5,5102,5102
1704862500,5102,5102.25,5101.75,5101.75
1704862800,5102,5102,5101.5,5102
1704863100,5102,5102,5101.25,5101.5
1704863400,5101.5,5102,5101.25,5102
1704863700,5101.75,5102.5,5101.25,5101.5
1704864000,5101.5,5101.5,5100.75,5101.25
1704864300,5101.25,5101.25,5100.5,5101
1704864600,5101,5102.75,5101,5101.75
1704864900,5101.75,5102,5100.75,5101.25
1704865200,5101.25,5101.5,5101,5101.5
1704865500,5101.5,5102.5,5101.5,5102.5
1704865800,5102.5,5103.5,5102.5,5103.25
1704866100,5103.25,5103.5,5102.25,5102.5
1704866400,5102.5,5103.75,5102.25,5102.75
1704866700,5103,5104,5103,5104
1704867000,5104,5104.25,5102.25,5102.5
1704867300,5102.5,5103,5102.25,5103
1704867600,5102.75,5103.5,5102.75,5103.25
1704867900,5103.25,5103.5,5101.5,5102.25
1704868200,5102.5,5102.5,5101.5,5102
1704868500,5102,5102.25,5101,5101
1704868800,5101.25,5102,5101.25,5102
1704869100,5101.75,5101.75,5100.25,5100.25
1704869400,5100.25,5100.25,5099,5100
1704869700,5099.75,5100.75,5099.5,5100.75
1704870000,5100.75,5102,5100,5101.25
1704870300,5101.25,5101.75,5100.5,5101.5
1704870600,5101.25,5102.25,5100.5,5101.75
1704870900,5101.75,5102.5,5101.25,5102.5
1704871200,5102.5,5103.5,5102.25,5103
1704871500,5103,5103.25,5102.5,5103
1704871800,5103,5103.5,5102.5,5103.25
1704872100,5103,5104.25,5102.75,5104.25
1704872400,5104.25,5105.25,5103.75,5105.25
1704872700,5105.25,5105.75,5104.75,5105.5
1704873000,5105.5,5106,5105,5105.75
1704873300,5105.75,5106,5105.25,5105.5
1704873600,5105.5,5107.25,5105.25,5106.5
1704873900,5106.5,5107,5104.5,5104.5
1704874200,5104.75,5105,5103.5,5104.25
1704874500,5104.5,5105.5,5103.75,5105
1704874800,5104.75,5105.75,5104.5,5105.75
1704875100,5105.75,5106,5104.75,5105.5
1704875400,5105.75,5105.75,5103.75,5103.75
1704875700,5103.75,5104.5,5103,5104.25
1704876000,5104.5,5105,5103,5104
1704876300,5104,5107.25,5104,5107
1704876600,5107,5107.25,5105.5,5105.75
1704876900,5106,5106.25,5104.25,5106
1704877200,5106,5107.75,5105.5,5107.5
1704877500,5107.75,5112,5107.75,5111.75
1704877800,5111.75,5114.75,5111.5,5113.25
1704878100,5113.5,5115,5113,5113.75
1704878400,5114,5115.25,5113.5,5115
1704878700,5115,5116,5114.5,5115
1704879000,5115,5117,5114.5,5116.25
1704879300,5116,5116.5,5115.25,5115.5
1704879600,5115.5,5116.5,5114.25,5114.25
1704879900,5114.25,5114.5,5111.75,5113.25
1704880200,5113.25,5113.75,5112.5,5113.5
1704880500,5113.5,5114,5112.75,5113.75
1704880800,5114,5114.25,5112.5,5113.75
1704881100,5113.75,5114.5,5112,5112.25
1704881400,5112.25,5112.75,5111.75,5112
1704881700,5112,5112.25,5110.25,5110.5
1704882000,5110.75,5110.75,5109.5,5110.5
1704882300,5110.5,5110.75,5109,5110.5
1704882600,5110.5,5110.5,5107.75,5109.5
1704882900,5109.25,5110.75,5109.25,5110.25
1704883200,5110.5,5111,5109.75,5111
1704883500,5111,5111,5109.75,5110.25
1704883800,5110.5,5111,5110,5110.25
1704884100,5110.25,5110.25,5108.75,5109.5
1704884400,5109.75,5110.5,5109.25,5110.25
1704884700,5110.25,5110.75,5110,5110.25
1704885000,5110.25,5111.25,5108.5,5111
1704885300,5111.25,5111.25,5108.5,5109
1704885600,5109,5109.25,5108.25,5108.5
1704885900,5108.75,5108.75,5106.25,5106.75
1704886200,5107,5107,5104.5,5106.25
1704886500,5106.25,5106.75,5105.75,5106.25
1704886800,5106,5106.75,5105.5,5105.75
1704887100,5106,5106.25,5103.75,5104
1704887400,5104,5104.25,5102,5102.25
1704887700,5102.5,5104.5,5102.25,5104.5
1704888000,5104.5,5108,5104.25,5107.75
1704888300,5107.75,5108.5,5106,5106.5
1704888600,5106.25,5108.25,5106.25,5107.25
1704888900,5107.5,5108,5106.5,5106.75
1704889200,5107,5109.5,5106.5,5109.5
1704889500,5109.25,5109.5,5108.25,5109.5
1704889800,5109.5,5109.75,5107.5,5107.5
1704890100,5107.5,5108.5,5107.25,5107.5
1704890400,5107.5,5107.5,5106,5106
1704890700,5106,5106.25,5104.75,5106.25
1704891000,5106.25,5108.5,5106.25,5108.25
1704891300,5108,5108.25,5105.5,5106
1704891600,5106,5106,5103.5,5105.25
1704891900,5105.25,5107,5104.5,5106
1704892200,5106,5108,5106,5107.5
1704892500,5107.5,5107.75,5105.25,5105.5
1704892800,5105.5,5107.25,5104.75,5106
1704893100,5106.25,5108.25,5105.5,5107.25
1704893400,5107,5107.25,5104.5,5105.25
1704893700,5105.5,5106.25,5104.25,5106
1704894000,5106,5106.25,5104.5,5104.5
1704894300,5104.5,5104.75,5102.5,5104
1704894600,5104,5104.25,5102.5,5104
1704894900,5103.75,5104.5,5102.25,5102.5
1704895200,5102.25,5103.5,5100.75,5103
1704895500,5103,5104.75,5102.5,5103
1704895800,5103,5105.75,5102,5105.5
1704896100,5105.5,5106.5,5104.75,5106
1704896400,5106,5106.75,5104.75,5106
1704896700,5106,5108.5,5105.75,5108.25
1704897000,5108.25,5115.5,5108,5114.75
1704897300,5115,5118.5,5114.25,5118
1704897600,5118.25,5120.25,5115.25,5118.5
1704897900,5118.5,5119.25,5115.25,5117.5
1704898200,5117.5,5118.25,5111,5111.5
1704898500,5111.5,5114,5110.25,5114
1704898800,5113.75,5114.5,5106.75,5108.25
1704899100,5108.5,5110,5105.25,5109.5
1704899400,5109.5,5113,5109,5111.25
1704899700,5111.5,5113.5,5109.25,5110.25
1704900000,5110,5111.75,5108.75,5109.75
1704900300,5109.75,5114.75,5108.75,5113.5
1704900600,5113.75,5115.75,5113.5,5115
1704900900,5115,5116.25,5114,5115.5
1704901200,5115.5,5118.75,5115.25,5118
1704901500,5118,5118.5,5115,5117.5
1704901800,5117.5,5118.25,5116,5116.25
1704902100,5116.5,5119.25,5116.25,5119
1704902400,5118.75,5119.5,5117.25,5118
1704902700,5118,5118.75,5117,5118.25
1704903000,5118.25,5118.5,5110.75,5113.5
1704903300,5113.5,5114.75,5111.25,5114.5
1704903600,5114.5,5116.5,5114,5115
1704903900,5114.75,5116.25,5114,5114.5
1704904200,5114.5,5115.5,5112,5113.25
1704904500,5113,5114.5,5112.5,5113.5
1704904800,5113.5,5117,5113.5,5116.75
1704905100,5117,5117.5,5114.75,5115
1704905400,5115.25,5115.5,5111.25,5115
1704905700,5115,5117.5,5113.75,5116
1704906000,5116,5116.25,5112.5,5113.75
1704906300,5113.75,5116.25,5112.75,5116
1704906600,5116,5117.5,5114.75,5117
1704906900,5117,5117.75,5115.25,5116.75
1704907200,5117,5118.5,5116.75,5118
1704907500,5118.25,5118.25,5116,5117.75
1704907800,5118,5119.25,5117.5,5118.5
1704908100,5118.5,5120.75,5118,5119.75
1704908400,5120,5120.5,5117.25,5119.25
1704908700,5119.25,5120,5118.25,5120
1704909000,5120,5120.75,5119.25,5120
1704909300,5120.25,5121.5,5119.5,5120.5
1704909600,5120.75,5125.25,5116.75,5125
1704909900,5124.75,5126.25,5120,5120.25
1704910200,5120.25,5120.5,5114.75,5118.5
1704910500,5118.75,5121.75,5117.5,5120.5
1704910800,5120.5,5121,5117,5120.75
1704911100,5120.75,5121.5,5119,5119.75
1704911400,5119.75,5123.5,5119,5123.25
1704911700,5123.25,5123.25,5119,5121.75
1704912000,5121.75,5123,5121,5122.25
1704912300,5122.25,5123.75,5121.5,5123.75
1704912600,5123.75,5125.25,5123,5124.75
1704912900,5124.75,5125.5,5123.5,5124.5
1704913200,5124.5,5126,5123.5,5126
1704913500,5126,5126.5,5124.5,5125.5
1704913800,5125.5,5134.5,5125,5130.25
1704914100,5130.5,5133.75,5130.25,5133
1704914400,5133.25,5133.75,5131,5133.5
1704914700,5133.75,5135.5,5131.75,5133.25
1704915000,5133.25,5135.25,5133,5134
1704915300,5134.25,5134.75,5131.75,5133.25
1704915600,5133.25,5134.5,5132.5,5134.5
1704915900,5134.5,5136.75,5134.25,5135.25
1704916200,5135.25,5139.75,5135.25,5138.25
1704916500,5138.5,5140,5138,5139.75
1704916800,5139.75,5140.75,5136.25,5139.5
1704917100,5139.75,5141.5,5138,5140.5
1704917400,5140.5,5140.5,5134,5136.75
1704917700,5136.5,5138.5,5133.25,5134.25
1704918000,5134.5,5135.75,5126.25,5127.25
1704918300,5127.25,5132,5125.75,5129.25
1704918600,5129.25,5133.25,5127.5,5131.75
1704918900,5131.5,5132.25,5129,5130.75
1704919200,5130.5,5131,5125,5126
1704919500,5125.75,5127.75,5121.75,5122.5
1704919800,5122.5,5129.75,5118.75,5129.5
1704920100,5129.5,5135.5,5128.5,5132.25
1704920400,5132.25,5134.5,5131.25,5132
1704920700,5132.25,5133,5131.25,5132.25
1704921000,5132.25,5132.75,5131.5,5132.5
1704921300,5132.5,5133.75,5132.25,5133.25
1704921600,5133.25,5134,5132.75,5133.5
1704921900,5133.5,5133.75,5133,5133.75
1704922200,5133.5,5133.75,5133.25,5133.5
1704922500,5133.75,5133.75,5132.5,5132.75
1704922800,5132.5,5133.5,5132.5,5133.5
1704923100,5133.25,5134.5,5133.25,5134
1704923400,5134,5134.25,5133.25,5133.5
1704923700,5133.75,5134,5132.75,5133.25
1704927600,5133.5,5134.75,5131,5132
1704927900,5131.75,5132,5131.25,5132
1704928200,5131.75,5134,5131.75,5133.5
1704928500,5133.5,5134.5,5133.5,5133.75
1704928800,5134,5135,5133.75,5134.75
1704929100,5134.5,5135.5,5134.5,5135.5
1704929400,5135.5,5135.75,5134.75,5134.75
1704929700,5135,5135,5134.25,5134.5
1704930000,5134.75,5135.5,5134.5,5135.25
1704930300,5135.25,5135.25,5134,5134.25
1704930600,5134,5135,5134,5134.5
1704930900,5134.5,5135,5134.25,5134.25
1704931200,5134.25,5135.25,5133.75,5135
1704931500,5135,5135.25,5133.25,5133.25
1704931800,5133.5,5134.5,5133.25,5134.5
1704932100,5134.25,5134.75,5133.5,5134.5
1704932400,5134.5,5134.5,5133.75,5133.75
1704932700,5134,5134.75,5133.75,5134.25
1704933000,5134.25,5135.5,5134.25,5135.5
1704933300,5135.5,5136.25,5135,5136
1704933600,5136,5137.5,5135.75,5137.5
1704933900,5137.5,5139.5,5137.5,5138.75
1704934200,5138.5,5138.5,5137.25,5138
1704934500,5138,5138.25,5137.25,5137.5
1704934800,5137.5,5140,5137.5,5138.5
1704935100,5138.5,5140,5138.25,5139.5
1704935400,5139.5,5140.25,5139.5,5139.75
1704935700,5140,5140.5,5139.75,5140.5
1704936000,5140.25,5140.5,5138.5,5138.75
1704936300,5139,5139,5138.5,5138.75
1704936600,5139,5139,5138,5138.75
1704936900,5139,5140,5138.5,5139
1704937200,5139,5139.5,5138.75,5139.5
1704937500,5139.25,5139.5,5138.75,5139
1704937800,5139,5139.5,5138.75,5139.25
1704938100,5139.25,5139.5,5139,5139.25
1704938400,5139.5,5140.25,5139,5140
1704938700,5140,5140.25,5139.5,5140
1704939000,5140.25,5140.75,5139.75,5140.75
1704939300,5140.75,5141.5,5140.5,5140.75
1704939600,5141,5141.25,5139.75,5140
1704939900,5140,5140,5139.5,5139.75
1704940200,5139.75,5140.5,5139.25,5139.5
1704940500,5139.5,5139.75,5139,5139.25
1704940800,5139.25,5139.25,5138.75,5139.25
1704941100,5139.25,5139.75,5138.75,5139.75
1704941400,5139.5,5140,5139.25,5139.75
1704941700,5139.5,5140.25,5139.5,5139.75
1704942000,5140,5140.25,5139.75,5140
1704942300,5140,5140.5,5139.75,5140.25
1704942600,5140.25,5141,5140.25,5140.5
1704942900,5140.5,5140.75,5140.25,5140.5
1704943200,5140.5,5140.75,5140.25,5140.25
1704943500,5140.25,5141,5140,5140.5
1704943800,5140.5,5142.5,5140.5,5142
1704944100,5142,5142.25,5141.5,5141.5
1704944400,5141.5,5141.5,5140.75,5140.75
1704944700,5140.75,5141.25,5140.5,5141
1704945000,5141.25,5143.25,5141,5143
1704945300,5143,5143,5141.75,5142.75
1704945600,5142.5,5142.75,5142,5142.25
1704945900,5142.25,5143,5142,5143
1704946200,5142.75,5143,5142.25,5142.5
1704946500,5142.5,5142.5,5141.5,5142
1704946800,5141.75,5142.5,5141.75,5142.25
1704947100,5142.25,5142.5,5141.75,5142
1704947400,5142,5142.25,5141.25,5141.75
1704947700,5141.5,5141.75,5140.75,5141
1704948000,5140.75,5141.75,5140.75,5141.75
1704948300,5141.75,5141.75,5141,5141
1704948600,5141,5141.5,5140.75,5141.5
1704948900,5141.75,5141.75,5141.25,5141.5
1704949200,5141.75,5142.25,5141.25,5142
1704949500,5142.25,5142.25,5141.5,5142
1704949800,5142,5142,5141.5,5141.75
1704950100,5141.75,5142.25,5141.75,5142
1704950400,5142,5142.25,5140.75,5140.75
1704950700,5140.75,5143,5140.5,5142.25
1704951000,5142.25,5142.25,5141,5141.25
1704951300,5141,5141.25,5140.75,5141
1704951600,5141.25,5141.75,5141,5141.75
1704951900,5141.75,5142.25,5141.5,5141.75
1704952200,5141.5,5141.75,5140.25,5140.5
1704952500,5140.5,5141.25,5140.25,5141
1704952800,5141,5141.5,5140.75,5141
1704953100,5141,5141.25,5140.5,5141.25
1704953400,5141.25,5143,5141.25,5142.75
1704953700,5142.75,5143,5142.25,5142.5
1704954000,5142.5,5143.25,5142.25,5143
1704954300,5143,5143.75,5142.75,5143
1704954600,5142.75,5144.5,5142.75,5144.25
1704954900,5144.25,5145.5,5143.75,5144.75
1704955200,5144.75,5145,5143.75,5144.25
1704955500,5144.25,5144.5,5143.5,5144
1704955800,5143.75,5144,5143.25,5143.75
1704956100,5144,5144.5,5143.75,5144.25
1704956400,5144.25,5145,5144,5144.75
1704956700,5145,5146,5144.75,5145.5
1704957000,5145.75,5146,5144.5,5144.5
1704957300,5144.5,5145.25,5144,5144.75
1704957600,5145,5146,5144.5,5145.5
1704957900,5145.25,5146.75,5145.25,5146
1704958200,5146,5146,5144.25,5144.5
1704958500,5144.5,5145.25,5144.5,5145
1704958800,5145,5145.75,5145,5145.25
1704959100,5145.5,5145.75,5144.5,5144.75
1704959400,5144.5,5145.5,5144.5,5144.5
1704959700,5144.5,5144.75,5143.75,5144.25
1704960000,5144,5145,5143,5143.75
1704960300,5143.75,5145.5,5142.75,5145.25
1704960600,5145,5146.5,5144.5,5145.75
1704960900,5146,5148.5,5145.25,5147.5
1704961200,5147.5,5149.5,5147,5149
1704961500,5149,5150,5148,5148.25
1704961800,5148.25,5149,5147.5,5148.75
1704962100,5148.75,5149.75,5148.25,5148.75
1704962400,5149,5149.5,5148,5148.75
1704962700,5148.75,5150.25,5148.75,5149.75
1704963000,5150,5151,5149.25,5149.5
1704963300,5149.25,5149.75,5148.75,5149.25
1704963600,5149,5149.5,5147,5147.25
1704963900,5147.25,5147.5,5145.25,5145.5
1704964200,5145.5,5146,5144,5144.75
1704964500,5144.75,5145,5143.75,5144.5
1704964800,5144.25,5145.25,5143.5,5143.75
1704965100,5143.75,5144.5,5143,5143.75
1704965400,5143.75,5143.75,5140.75,5142.25
1704965700,5142.25,5142.25,5140.25,5140.75
1704966000,5140.5,5140.75,5139,5139.25
1704966300,5139.25,5140.75,5139.25,5140.75
1704966600,5140.75,5141.75,5140,5141.25
1704966900,5141,5141.25,5140,5140.5
1704967200,5140.75,5141.5,5140,5140.75
1704967500,5140.75,5140.75,5139.5,5139.75
1704967800,5139.75,5140.5,5139,5139.75
1704968100,5140,5140.75,5139.5,5140.75
1704968400,5140.5,5140.75,5139,5139.5
1704968700,5139.5,5140.75,5139.25,5139.75
1704969000,5140,5140.25,5138.5,5139.25
1704969300,5139,5139.5,5138,5138.5
1704969600,5138.5,5138.5,5136.25,5136.75
1704969900,5136.75,5137.75,5136.25,5136.5
1704970200,5136.5,5137,5135.75,5135.75
1704970500,5136,5138.25,5136,5138
1704970800,5138,5140,5137.75,5140
1704971100,5139.75,5140.25,5138.75,5139.75
1704971400,5139.75,5140.75,5139.5,5140.25
1704971700,5140,5141.5,5140,5140.75
1704972000,5140.75,5141.25,5139.25,5139.75
1704972300,5139.5,5139.75,5139,5139.25
1704972600,5139,5140.25,5139,5140
1704972900,5140,5140,5139,5139.75
1704973200,5139.75,5140.25,5138.25,5138.5
1704973500,5138.5,5139.25,5137.25,5137.75
1704973800,5137.75,5138.75,5137.5,5138.5
1704974100,5138.5,5139.5,5138.25,5138.75
1704974400,5138.5,5140,5137.25,5137.25
1704974700,5137.5,5138.75,5136.25,5138
1704975000,5138.25,5138.25,5136.25,5137.75
1704975300,5137.75,5138.5,5137,5138.5
1704975600,5138.25,5139.75,5138.25,5139.25
1704975900,5139.5,5141.25,5139.25,5140.25
1704976200,5140.25,5141.5,5139.5,5141.5
1704976500,5141.5,5141.75,5140.5,5140.75
1704976800,5140.75,5141.75,5140,5141.25
1704977100,5141.25,5142,5140.25,5140.5
1704977400,5140.5,5141.5,5140,5140
1704977700,5140,5140.25,5138.5,5139
1704978000,5139,5140.5,5138.75,5140.5
1704978300,5140.25,5141.25,5139.5,5140
1704978600,5140.25,5141.25,5140,5140.5
1704978900,5140.75,5141.5,5140.25,5141
1704979200,5141,5142,5140.25,5141.25
1704979500,5141.5,5145.75,5141,5142.75
1704979800,5143.25,5150,5115.5,5129.75
1704980100,5130,5136.5,5127.25,5128.25
1704980400,5128,5131.75,5125.25,5127.25
1704980700,5127.5,5132.5,5126,5127.75
1704981000,5127.75,5129.25,5124.25,5125
1704981300,5124.75,5126.75,5119.75,5120.5
1704981600,5120.75,5124.25,5119.5,5123
1704981900,5123.25,5127.75,5121.75,5127.25
1704982200,5127.25,5129.25,5125.5,5128
1704982500,5128,5133,5127.75,5132.5
1704982800,5132.5,5136,5129.75,5136
1704983100,5136,5140.75,5135.75,5140.25
1704983400,5140,5143,5133,5141
1704983700,5141,5145.25,5139.25,5140.5
1704984000,5140.75,5142,5134.5,5135
1704984300,5135.25,5135.75,5125.25,5126
1704984600,5126,5127.25,5121,5125.25
1704984900,5125.5,5127.25,5123.5,5126.75
1704985200,5127,5127.75,5112.5,5113.75
1704985500,5113.5,5114.75,5101,5102
1704985800,5102,5105.75,5099.25,5101
1704986100,5101,5112,5100,5111.75
1704986400,5111.75,5114.5,5109.25,5111
1704986700,5110.75,5113.75,5109.75,5113.5
1704987000,5113.5,5119.5,5107.25,5107.5
1704987300,5107.5,5115.75,5107.5,5115
1704987600,5114.75,5115.75,5110.5,5114.5
1704987900,5114.5,5115,5106,5108
1704988200,5108.25,5109.25,5102.5,5103.25
1704988500,5103.25,5106.75,5102.25,5103.5
1704988800,5103.25,5106.25,5100.5,5102.25
1704989100,5102.25,5104.75,5101,5101.5
1704989400,5101.25,5103.25,5090.5,5090.75
1704989700,5090.75,5092.5,5088.5,5091.5
1704990000,5091.75,5095.25,5091,5095
1704990300,5095,5096.5,5092.5,5093.75
1704990600,5094,5094.5,5090.75,5091
1704990900,5091,5094.75,5087.5,5088.25
1704991200,5088.25,5092.75,5087.5,5088.25
1704991500,5088.25,5097.25,5085.75,5096.5
1704991800,5096.25,5098.5,5088.5,5090.5
1704992100,5090.25,5092,5088.75,5089.25
1704992400,5089.25,5095,5088.75,5094.25
1704992700,5094,5097,5092.5,5096
1704993000,5096.25,5099.5,5095.5,5097.75
1704993300,5098,5099,5094.25,5095.75
1704993600,5095.75,5098,5092,5096.75
1704993900,5096.75,5098.25,5092.25,5092.75
1704994200,5092.75,5096.5,5092.75,5095.5
1704994500,5095.5,5097,5093.25,5096.5
1704994800,5096.5,5103.5,5096.25,5101.5
1704995100,5101.5,5104.25,5101.25,5103.25
1704995400,5103.25,5107,5103.25,5104.75
1704995700,5104.5,5105.75,5101,5103
1704996000,5103,5109.5,5102.25,5108.25
1704996300,5108.25,5111,5106.5,5108.5
1704996600,5108.75,5111.75,5108.25,5111
1704996900,5111.25,5114,5109.5,5111.5
1704997200,5111.5,5113,5110,5112.5
1704997500,5112.75,5113.5,5110,5111
1704997800,5111.25,5113.25,5109.75,5112
1704998100,5112,5114,5111.75,5113.25
1704998400,5113.25,5114.25,5112.5,5113.75
1704998700,5113.75,5114.5,5111.5,5113
1704999000,5113,5118.5,5111.5,5115.5
1704999300,5115.75,5122,5115.25,5121.25
1704999600,5121.5,5125.5,5120.75,5121.75
1704999900,5121.75,5122.5,5117,5117.25
1705000200,5117.5,5123.25,5117.25,5122.5
1705000500,5122.5,5123.75,5119.75,5120
1705000800,5120.25,5122.5,5118,5119
1705001100,5119.25,5126.25,5119,5125
1705001400,5125,5127,5123,5124.75
1705001700,5124.5,5126.25,5123.75,5125.5
1705002000,5125.5,5128.25,5124.25,5124.5
1705002300,5124.75,5127.75,5124,5127
1705002600,5127,5130.5,5127,5129.75
1705002900,5129.75,5133.75,5129.5,5132
1705003200,5132.25,5133,5125.25,5127
1705003500,5127.25,5127.75,5123.25,5124.5
1705003800,5124.5,5126,5119.25,5124.5
1705004100,5124.25,5124.5,5118.5,5121.5
1705004400,5121.75,5125.75,5121,5123.5
1705004700,5123.75,5127.5,5122.5,5123
1705005000,5123,5126.75,5122.5,5126.5
1705005300,5126.25,5126.5,5120.75,5122.25
1705005600,5122.25,5124.5,5120.75,5122.75
1705005900,5122.5,5126.75,5121,5124.75
1705006200,5124.5,5125.75,5119.25,5125.5
1705006500,5125.25,5131.5,5124.5,5127.75
1705006800,5127.5,5128.25,5126,5126.75
1705007100,5126.75,5127.75,5125.75,5127.5
1705007400,5127.25,5128,5126.75,5127
1705007700,5127,5127.75,5126.75,5126.75
1705008000,5127,5127,5126,5126.25
1705008300,5126.25,5126.25,5125.75,5126
1705008600,5126,5126.25,5125,5125.25
1705008900,5125,5126,5124.75,5125
1705009200,5125,5125.25,5124.5,5125
1705009500,5125,5125.25,5123.75,5124.5
1705009800,5124.5,5124.75,5123.75,5124
1705010100,5124,5125,5124,5125
1705014000,5124.25,5125,5121.75,5122.5
1705014300,5122.25,5124,5122.25,5123.75
1705014600,5123.75,5124.5,5123.5,5123.75
1705014900,5124,5125,5123.75,5124.25
1705015200,5124.25,5124.5,5124,5124.25
1705015500,5124.5,5126.5,5124.5,5125.75
1705015800,5126,5126.25,5124.75,5125
1705016100,5125,5125,5122,5122
1705016400,5122.25,5123,5122,5122.25
1705016700,5122.25,5123.75,5122,5123.25
1705017000,5123.25,5123.75,5123,5123.75
1705017300,5123.75,5124.75,5123.5,5124
1705017600,5124,5126,5124,5125.5
1705017900,5125.5,5125.5,5123.75,5124.5
1705018200,5124.75,5125,5123.25,5123.5
1705018500,5123.75,5125.25,5123.5,5125.25
1705018800,5125,5126,5124.75,5126
1705019100,5125.75,5125.75,5123.25,5123.5
1705019400,5123.5,5123.75,5122,5122.5
1705019700,5122.5,5123.5,5122.25,5122.75
1705020000,5122.5,5122.75,5121,5121.75
1705020300,5121.75,5123,5121.5,5122.25
1705020600,5122.25,5122.25,5119.25,5119.5
1705020900,5119.5,5119.75,5118,5118.75
1705021200,5119,5119,5117,5117.5
1705021500,5117.25,5118.5,5116.25,5117.5
1705021800,5117.75,5117.75,5116.5,5116.75
1705022100,5116.75,5117.75,5116.25,5117.5
1705022400,5117.75,5117.75,5116.5,5117
1705022700,5117,5117.75,5116.75,5117.75
1705023000,5117.75,5117.75,5116,5117
1705023300,5117,5119.25,5117,5118.5
1705023600,5118.75,5120.5,5118.5,5120.25
1705023900,5120.25,5120.75,5119.5,5120.75
1705024200,5120.75,5121.25,5120,5120.5
1705024500,5120.5,5120.75,5120,5120.5
1705024800,5120.25,5121.75,5120.25,5121
1705025100,5121,5121,5120.5,5120.5
1705025400,5120.75,5122.25,5120,5122
1705025700,5122,5122.5,5120.75,5121.75
1705026000,5121.75,5123,5121.5,5122.75
1705026300,5122.75,5123.25,5122.25,5123
1705026600,5123,5123.25,5122.25,5122.5
1705026900,5122.5,5122.5,5122.25,5122.5
1705027200,5122.5,5123.25,5122.5,5123.25
1705027500,5123.25,5125,5123.25,5124.75
1705027800,5124.5,5124.75,5124,5124.5
1705028100,5124.5,5124.5,5123.5,5124
1705028400,5124,5124,5122.75,5122.75
1705028700,5123,5123.25,5122.5,5122.75
1705029000,5123,5123,5122.5,5122.75
1705029300,5122.75,5123.5,5122.5,5123.25
1705029600,5123.5,5124,5123.25,5123.75
1705029900,5123.75,5124.5,5123.75,5123.75
1705030200,5123.75,5124.25,5123.75,5124.25
1705030500,5124.25,5124.25,5123.5,5123.5
1705030800,5123.5,5123.75,5123.25,5123.5
1705031100,5123.5,5123.75,5123.25,5123.5
1705031400,5123.5,5123.75,5123.25,5123.25
1705031700,5123.25,5123.5,5123.25,5123.25
1705032000,5123.5,5123.5,5121,5121.25
1705032300,5121.25,5121.75,5121,5121.25
1705032600,5121,5121.75,5120.5,5121.75
1705032900,5121.75,5121.75,5119.5,5119.5
1705033200,5119.75,5120.25,5119,5119.5
1705033500,5119.25,5119.25,5117.75,5118.25
1705033800,5118.25,5118.25,5117.75,5118.25
1705034100,5118.25,5119.75,5118,5119.75
1705034400,5119.75,5120.25,5119.5,5119.75
1705034700,5119.75,5120.25,5119.75,5120
1705035000,5120,5120.25,5119.75,5120
1705035300,5120,5121,5120,5120.75
1705035600,5120.75,5121.75,5120.75,5121.5
1705035900,5121.5,5122.5,5121.25,5122.25
1705036200,5122.5,5123.25,5120.5,5120.75
1705036500,5121,5122.25,5120.75,5121.25
1705036800,5121.5,5121.75,5120.75,5121.75
1705037100,5121.75,5122.25,5121.75,5122
1705037400,5122,5122.75,5121.5,5122
1705037700,5121.75,5122.25,5121.75,5121.75
1705038000,5121.75,5121.75,5120.5,5120.5
1705038300,5120.75,5121.25,5120.25,5121
1705038600,5121,5121.5,5121,5121.25
1705038900,5121.25,5121.5,5120,5120
1705039200,5120.25,5121,5119.75,5121
1705039500,5121,5121.75,5120.25,5120.75
1705039800,5121,5121.5,5120.5,5121.25
1705040100,5121.25,5121.5,5121,5121.25
1705040400,5121.25,5122.25,5121.25,5122.25
1705040700,5122.25,5122.5,5121.5,5122.25
1705041000,5122.25,5122.75,5122,5122.25
1705041300,5122.25,5122.25,5121,5121.25
1705041600,5121,5122.75,5120.75,5122
1705041900,5122,5122,5121,5121.75
1705042200,5121.5,5123,5121.5,5122.25
1705042500,5122.25,5123.75,5122,5123.5
1705042800,5123.5,5124.5,5119.75,5120
1705043100,5120,5121.75,5119.25,5119.5
1705043400,5119.5,5120.75,5119.25,5119.75
1705043700,5120,5122.5,5119.75,5122.5
1705044000,5122.5,5123,5120.25,5120.75
1705044300,5120.75,5120.75,5118.75,5118.75
1705044600,5118.75,5120,5118.25,5118.25
1705044900,5118.5,5118.5,5116.75,5116.75
1705045200,5116.75,5117,5115.5,5116
1705045500,5116.25,5116.75,5114.75,5115
1705045800,5114.75,5116.25,5114.25,5115.75
1705046100,5115.75,5116.75,5114.75,5115
1705046400,5115,5118.25,5114.75,5118
1705046700,5118,5123.5,5117.75,5123.25
1705047000,5123,5125.25,5123,5125
1705047300,5125,5126.25,5124.25,5125.5
1705047600,5125.5,5129.25,5124.25,5129
1705047900,5129,5129.75,5128.25,5129
1705048200,5129.25,5132.5,5127.25,5132.25
1705048500,5132.5,5132.5,5128.25,5129.5
1705048800,5129.75,5129.75,5126.75,5127.75
1705049100,5127.75,5128.25,5124.75,5125.25
1705049400,5125.25,5130,5125.25,5129.25
1705049700,5129.25,5130.75,5128.25,5130.75
1705050000,5130.5,5131.75,5129,5130.75
1705050300,5131,5132.5,5129.75,5131.75
1705050600,5131.75,5134.75,5131.25,5134
1705050900,5133.75,5134.75,5131,5131.25
1705051200,5131.25,5131.25,5128,5128.25
1705051500,5128,5130.25,5127,5129.75
1705051800,5129.75,5132.75,5129.5,5131.25
1705052100,5131.25,5132.25,5128,5128.75
1705052400,5128.5,5129.5,5127.75,5129.25
1705052700,5129.25,5129.5,5126.75,5128.25
1705053000,5128.25,5130,5126.25,5126.75
1705053300,5126.5,5127,5125,5125.5
1705053600,5125.25,5127.75,5125.25,5127.25
1705053900,5127.25,5127.5,5124.25,5127
1705054200,5127.25,5128.5,5126.75,5127
1705054500,5126.75,5127.75,5126,5127.75
1705054800,5127.75,5129.5,5127.75,5128.5
1705055100,5128.75,5130,5128.75,5129
1705055400,5129,5130,5127.5,5129.75
1705055700,5129.75,5129.75,5128,5128.5
1705056000,5128.75,5128.75,5126,5126
1705056300,5126,5126.75,5124,5124.5
1705056600,5124.75,5125.25,5122.5,5123.25
1705056900,5123.25,5125.5,5123,5124
1705057200,5124,5127.75,5123.5,5126
1705057500,5125.75,5126.25,5123.25,5123.5
1705057800,5123.5,5125,5122.25,5122.5
1705058100,5122.25,5123.5,5120.75,5121.25
1705058400,5121.25,5122.75,5120.25,5121.75
1705058700,5121.75,5122.75,5121.25,5122.25
1705059000,5122.25,5122.25,5120.75,5121.25
1705059300,5121,5121.5,5119.25,5119.5
1705059600,5119.5,5119.75,5115.5,5116.25
1705059900,5116,5117,5104.5,5106.5
1705060200,5106.5,5108,5105.25,5106.75
1705060500,5106.75,5112.75,5106.25,5112.75
1705060800,5112.75,5116.5,5112.25,5114.75
1705061100,5114.75,5115.25,5112,5113.25
1705061400,5113.25,5115.25,5113,5114.75
1705061700,5114.5,5114.5,5112,5112.25
1705062000,5112,5115.25,5110.5,5115
1705062300,5114.75,5116.75,5114.5,5115
1705062600,5115.25,5119.25,5115.25,5117.5
1705062900,5117.75,5118.25,5115.75,5117.25
1705063200,5117.25,5118,5116.5,5116.75
1705063500,5116.75,5117.25,5114.25,5115.75
1705063800,5115.75,5118,5114,5116.5
1705064100,5116.25,5117,5114,5115
1705064400,5115,5120.5,5113,5118.75
1705064700,5118.5,5118.75,5115.5,5116
1705065000,5115.75,5117.25,5112.75,5115
1705065300,5115,5117,5113,5114
1705065600,5113.75,5113.75,5111.75,5112.75
1705065900,5113,5116.25,5112.25,5115.5
1705066200,5115.75,5128.25,5115.75,5126.5
1705066500,5126.75,5130.5,5126,5128.75
1705066800,5128.5,5129.25,5124.75,5125.5
1705067100,5125.75,5127.75,5122.25,5124.25
1705067400,5124.25,5127.25,5122.75,5126.5
1705067700,5126.5,5127.75,5123.75,5127.75
1705068000,5127.5,5130,5126,5129.5
1705068300,5129.25,5131,5127,5127.75
1705068600,5127.75,5131,5127.25,5131
1705068900,5130.75,5132.5,5130,5131.75
1705069200,5131.75,5137,5131.5,5136.5
1705069500,5136.5,5143.25,5135.75,5142
1705069800,5142,5144.5,5140.75,5143.5
1705070100,5143.5,5148.75,5142.5,5147.25
1705070400,5147.25,5149.25,5145.75,5147.25
1705070700,5147.25,5149.5,5144.25,5144.5
1705071000,5144.5,5147,5142.25,5143.25
1705071300,5143.5,5144,5134,5134.75
1705071600,5134.75,5135.25,5125.5,5129.75
1705071900,5129.75,5138.25,5128.5,5136
1705072200,5136.25,5137.25,5127,5128.75
1705072500,5129,5132.75,5122,5123
1705072800,5123.25,5129.5,5123.25,5129.25
1705073100,5129.25,5130.25,5125.5,5128.5
1705073400,5128.5,5132.5,5128,5130
1705073700,5129.75,5130.75,5122.75,5124.5
1705074000,5124.75,5128.25,5119.25,5126.75
1705074300,5126.75,5128.75,5119.75,5120.25
1705074600,5120.5,5122.25,5115.25,5116.5
1705074900,5116.25,5121.5,5115.75,5121
1705075200,5121,5125,5119,5123.75
1705075500,5123.75,5128.75,5121,5127.75
1705075800,5127.75,5129.75,5125.5,5127.75
1705076100,5127.5,5130.25,5126.25,5128.5
1705076400,5128.25,5129.25,5125.25,5127.25
1705076700,5127,5131,5127,5128.75
1705077000,5129,5131.5,5128,5130
1705077300,5130,5130.25,5117,5121.75
1705077600,5121.75,5123,5118.5,5121.25
1705077900,5121,5123,5117.5,5120
1705078200,5120,5122.25,5117.5,5120.5
1705078500,5120.75,5121.75,5118,5119.75
1705078800,5120,5121.5,5116.5,5117.75
1705079100,5117.75,5121.25,5117.5,5119.5
1705079400,5119.75,5124,5119,5122
1705079700,5122,5125.75,5121.25,5124.5
1705080000,5124.75,5126.25,5121.75,5122
1705080300,5121.75,5123,5118.5,5122.25
1705080600,5122.5,5124.5,5120.25,5123
1705080900,5123,5123.25,5119,5122
1705081200,5121.75,5124,5119.75,5123.5
1705081500,5123.5,5124,5120.25,5122.25
1705081800,5122,5127.25,5121,5127
1705082100,5127,5128,5122.5,5124.5
1705082400,5124.5,5127.5,5124.5,5127
1705082700,5127.25,5128.5,5125.75,5128
1705083000,5128,5130,5127.75,5128.75
1705083300,5128.75,5129.75,5127.5,5128.5
1705083600,5128.75,5130.75,5126.25,5128.25
1705083900,5128.5,5130.5,5128,5129.25
1705084200,5129.5,5130.5,5128,5129.5
1705084500,5129.5,5131.75,5128.5,5131.25
1705084800,5131.25,5132.5,5130.25,5130.75
1705085100,5130.75,5131.75,5129.5,5131.75
1705085400,5131.75,5132.25,5129.5,5132
1705085700,5132,5133.5,5130.25,5132.5
1705086000,5132.75,5134,5132.25,5134
1705086300,5134,5135,5133.25,5134.5
1705086600,5134.75,5135.75,5133,5135
1705086900,5135.25,5136.75,5134.5,5135.25
1705087200,5135.25,5135.5,5129,5133
1705087500,5133.25,5134.25,5131.75,5132.5
1705087800,5132.25,5132.5,5126,5128
1705088100,5128,5129,5124.5,5128.75
1705088400,5128.75,5129.25,5126.5,5127.25
1705088700,5127.25,5127.25,5125.25,5127
1705089000,5127,5129.5,5126.5,5127.25
1705089300,5127,5128,5124.75,5125.75
1705089600,5125.75,5126.25,5124,5125
1705089900,5125.25,5128,5124,5125
1705090200,5124.75,5126.25,5123.75,5125
1705090500,5125,5126.25,5123.25,5124
1705090800,5123.75,5124.75,5120.75,5122.25
1705091100,5122.25,5126.5,5122,5125
1705091400,5125,5128,5124,5127.75
1705091700,5127.5,5128.25,5126,5126.5
1705092000,5126.25,5128.5,5124,5128.25
1705092300,5128,5130.5,5127.75,5130.25
1705092600,5130.5,5131.5,5127.25,5130.5
1705092900,5130.25,5132.5,5127.75,5129.75
1705093200,5129.75,5130.75,5126.25,5127
1705093500,5127.25,5127.75,5125.75,5126
1705093800,5126,5127.75,5126,5126.5
1705094100,5126.5,5126.75,5125.25,5125.25
1705094400,5125.25,5126,5125.25,5125.5
1705094700,5125.5,5125.75,5124.25,5124.5
1705095000,5124.25,5124.75,5123,5123
1705095300,5123,5123.25,5122.5,5122.75
1705095600,5122.75,5124.25,5122.75,5123.75
1705095900,5124,5125,5123.5,5124
1705096200,5124.25,5124.25,5123.25,5123.75
1705096500,5123.75,5124.75,5123.5,5124.25
1705273200,5125,5126,5120,5120.25
1705273500,5120.75,5121,5119.5,5120.25
1705273800,5120.25,5122.25,5120,5121.5
1705274100,5121.5,5122.25,5120.25,5120.5
1705274400,5120.75,5121.25,5119.75,5121
1705274700,5121,5121.5,5120.5,5121.25
1705275000,5121,5121.5,5121,5121.25
1705275300,5121.25,5123.5,5121.25,5123.5
1705275600,5123.25,5124.75,5122.75,5124
1705275900,5123.75,5123.75,5122.25,5122.75
1705276200,5122.75,5123.75,5121.5,5123.75
1705276500,5123.75,5124,5123,5123.25
1705276800,5123.25,5123.5,5121.75,5122
1705277100,5122,5122.5,5120.75,5122
1705277400,5122,5122.5,5121.5,5122.25
1705277700,5122.25,5124.25,5122.25,5123
1705278000,5123,5123.75,5122.75,5123.75
1705278300,5124,5124,5123.5,5123.5
1705278600,5123.5,5123.5,5122.75,5123.25
1705278900,5123.25,5123.5,5123,5123.25
1705279200,5123,5123.25,5122.5,5123
1705279500,5123.25,5124.25,5123,5123
1705279800,5123.25,5125,5123.25,5124.75
1705280100,5124.75,5124.75,5123.75,5124.5
1705280400,5124.5,5125.5,5124.5,5125
1705280700,5125,5125.5,5124.5,5125
1705281000,5125,5125,5123.5,5124
1705281300,5124,5124.25,5123.5,5124
1705281600,5123.75,5124,5123.25,5123.5
1705281900,5123.5,5123.75,5122.25,5122.5
1705282200,5122.75,5122.75,5121.5,5122.5
1705282500,5122.25,5124.25,5122.25,5123.75
1705282800,5124,5125.5,5123.75,5125.25
1705283100,5125.25,5125.5,5124.5,5124.75
1705283400,5124.75,5125.5,5124.5,5125
1705283700,5124.75,5125.25,5124.5,5125
1705284000,5125,5125.5,5125,5125.5
1705284300,5125.5,5125.5,5124.75,5125.5
1705284600,5125.25,5125.5,5125,5125.25
1705284900,5125.25,5127.75,5125.25,5127.25
1705285200,5127.5,5128.75,5127.25,5128
1705285500,5127.75,5128.5,5127.75,5128.25
1705285800,5128.25,5129,5127.5,5127.75
1705286100,5127.75,5128.75,5127.75,5128
1705286400,5128,5128.25,5127.75,5128
1705286700,5128.25,5128.75,5127.75,5128
1705287000,5127.75,5129.25,5127.75,5129.25
1705287300,5129.25,5131,5129.25,5130.25
1705287600,5130.5,5131.5,5130.25,5130.25
1705287900,5130,5131,5130,5130.25
1705288200,5130.5,5131,5130,5130
1705288500,5130,5130.5,5129.75,5130
1705288800,5130,5130.25,5129.5,5130
1705289100,5130.25,5130.75,5129.75,5130.25
1705289400,5130.25,5130.75,5130.25,5130.75
1705289700,5130.75,5131,5130.5,5130.75
1705290000,5130.5,5131,5130.25,5130.75
1705290300,5131,5131.25,5130.5,5130.5
1705290600,5130.75,5131.5,5130.75,5131
1705290900,5131,5131,5130,5130.25
1705291200,5130,5130.25,5129.25,5129.75
1705291500,5129.75,5130,5129.25,5129.75
1705291800,5129.75,5130.25,5129.5,5129.75
1705292100,5130,5130.25,5129.5,5129.75
1705292400,5129.75,5130,5129.5,5129.75
1705292700,5129.75,5130.5,5129.5,5129.75
1705293000,5130,5130.5,5129.75,5129.75
1705293300,5130,5131.25,5130,5130.5
1705293600,5130.75,5131,5130.5,5130.75
1705293900,5130.75,5130.75,5130,5130.25
1705294200,5130.5,5130.75,5130.5,5130.5
1705294500,5130.75,5131.75,5130.75,5131.75
1705294800,5131.5,5131.5,5130.5,5130.75
1705295100,5131,5131,5130,5130.25
1705295400,5130.25,5130.25,5128.75,5129.5
1705295700,5129.25,5129.5,5129,5129.25
1705296000,5129.25,5129.5,5128.75,5128.75
1705296300,5128.75,5129.25,5128.25,5129.25
1705296600,5129.25,5129.5,5128.5,5128.5
1705296900,5128.75,5129.25,5128.25,5129
1705297200,5129,5129,5128.5,5128.5
1705297500,5128.5,5128.75,5128.5,5128.75
1705297800,5129,5129.25,5128.25,5129
1705298100,5129,5129.25,5128.5,5129
1705298400,5129,5130.25,5129,5130
1705298700,5130.25,5130.5,5129.5,5130.25
1705299000,5130.25,5131,5130,5131
1705299300,5131,5132,5130.75,5132
1705299600,5132,5132.25,5131.5,5132
1705299900,5132,5132.75,5131.5,5132.25
1705300200,5132.25,5132.25,5131.5,5132.25
1705300500,5132.5,5134,5132.25,5133.5
1705300800,5133.75,5133.75,5133,5133.75
1705301100,5133.5,5134,5133.25,5133.75
1705301400,5133.75,5133.75,5133.25,5133.75
1705301700,5133.5,5133.75,5133.25,5133.75
1705302000,5133.75,5135.75,5133.75,5135
1705302300,5135,5135.75,5134.5,5135.25
1705302600,5135.25,5136,5134.75,5135.5
1705302900,5135.5,5135.5,5133.5,5134
1705303200,5134,5134.25,5133,5133.5
1705303500,5133.75,5133.75,5132.75,5133
1705303800,5133,5133.25,5131.75,5131.75
1705304100,5131.75,5132,5130,5130
1705304400,5130.25,5131,5129.75,5131
1705304700,5131,5131.5,5130,5131.25
1705305000,5131,5131.75,5130.25,5130.5
1705305300,5130.5,5130.75,5129.75,5130
1705305600,5130,5132,5129.25,5131.25
1705305900,5131.25,5133.75,5131.25,5133.75
1705306200,5133.75,5134,5131.5,5133.5
1705306500,5133.25,5133.5,5132.25,5132.75
1705306800,5133,5134.5,5132.75,5133.5
1705307100,5133.5,5133.75,5132.75,5133.25
1705307400,5133,5133,5128.5,5129
1705307700,5129,5130.25,5127,5129.75
1705308000,5130,5130,5126.75,5127.75
1705308300,5127.75,5128.5,5126,5127.5
1705308600,5127.5,5128,5125.75,5126
1705308900,5126,5126.25,5123.5,5123.5
1705309200,5123.75,5124.25,5120.75,5124
1705309500,5124,5125.25,5123.25,5125.25
1705309800,5125,5126.75,5124.25,5126.25
1705310100,5126,5127.75,5124.75,5127.25
1705310400,5127.5,5129.75,5126.5,5129.5
1705310700,5129.25,5130.75,5128.25,5130.5
1705311000,5130.25,5130.75,5129.5,5129.75
1705311300,5129.75,5130.25,5127.75,5128.75
1705311600,5128.75,5128.75,5124.25,5124.25
1705311900,5124.5,5126,5123.75,5124.75
1705312200,5125,5126,5123.75,5124
1705312500,5123.75,5125.25,5122.5,5125
1705312800,5125.25,5126.25,5124.25,5126
1705313100,5126.25,5127.5,5123.75,5124.25
1705313400,5124,5126,5123.5,5123.5
1705313700,5123.5,5124.75,5122.5,5124
1705314000,5124.25,5126.25,5123.25,5126
1705314300,5125.75,5126.5,5123.75,5124.75
1705314600,5124.5,5125.5,5123.75,5123.75
1705314900,5123.75,5125.5,5123,5124.5
1705315200,5124.25,5126,5124.25,5125.25
1705315500,5125.25,5125.75,5122.5,5124.75
1705315800,5124.75,5125.25,5124.5,5124.5
1705316100,5124.75,5126.5,5124.5,5126
1705316400,5126.25,5126.25,5124.5,5124.5
1705316700,5124.5,5125,5122.75,5124.25
1705317000,5124,5124.75,5123.75,5124.5
1705317300,5124.5,5124.5,5122.5,5123
1705317600,5123.25,5123.25,5121.75,5122.75
1705317900,5122.75,5123.75,5122.25,5123
1705318200,5122.75,5123,5121.5,5121.75
1705318500,5121.5,5125.5,5121.5,5125
1705318800,5125,5126,5124.25,5124.25
1705319100,5124.25,5124.5,5123.75,5124
1705319400,5124,5125,5123.5,5124.25
1705319700,5124.25,5124.75,5123.75,5124
1705320000,5124,5124,5122,5123.5
1705320300,5123.25,5126.5,5123.25,5126.25
1705320600,5126.25,5126.5,5125,5125.25
1705320900,5125.25,5126,5125,5125.25
1705321200,5125.25,5125.75,5124.25,5124.5
1705321500,5124.5,5125.5,5124.25,5125.25
1705321800,5125.25,5125.25,5124.25,5124.5
1705322100,5124.5,5125,5123.5,5125
1705322400,5124.75,5125.5,5124.75,5125.25
1705322700,5125.25,5126,5124.25,5124.75
1705323000,5124.5,5124.5,5123.75,5124.25
1705323300,5124.25,5124.25,5122.5,5122.75
1705323600,5122.75,5123.25,5121.5,5122.75
1705323900,5122.5,5123.25,5121.75,5122.25
1705324200,5122,5122.75,5119.75,5120
1705324500,5120,5122.75,5119.75,5122.75
1705324800,5122.75,5124.5,5122.75,5124.5
1705325100,5124.25,5125.25,5123.75,5124.25
1705325400,5124.25,5125,5123.25,5123.75
1705325700,5123.75,5125,5123,5123.25
1705326000,5123.25,5123.75,5122.25,5123.25
1705326300,5123.5,5124.25,5123.25,5124
1705326600,5124,5124,5123,5123.25
1705326900,5123.25,5123.5,5122.5,5123
1705327200,5123,5123.5,5121.5,5121.75
1705327500,5121.75,5122.25,5120.5,5122.25
1705327800,5122,5123.75,5121.25,5123.75
1705328100,5123.5,5124.25,5122.5,5123.5
1705328400,5123.25,5123.5,5122.25,5122.75
1705328700,5122.75,5125.25,5122.5,5124.75
1705329000,5124.5,5125.75,5123,5124.25
1705329300,5124.5,5125.25,5123.25,5124.75
1705329600,5124.75,5125,5124,5124.75
1705329900,5124.5,5124.75,5122.5,5124
1705330200,5123.75,5124.25,5122,5123.25
1705330500,5123.25,5124.75,5122.75,5124
1705330800,5124.25,5124.75,5123.5,5124
1705331100,5124,5125.25,5124,5124.75
1705331400,5125,5125,5123.5,5123.5
1705331700,5123.75,5124.75,5123.5,5124
1705332000,5124,5125.25,5124,5125
1705332300,5125,5125.5,5124.25,5125.5
1705332600,5125.5,5126.25,5124.75,5125.5
1705332900,5125.75,5126.5,5125.5,5125.75
1705333200,5125.75,5126.25,5125.25,5125.5
1705333500,5125.75,5126,5124.75,5125.75
1705333800,5125.75,5126.25,5125.5,5125.75
1705334100,5125.75,5126.5,5125.5,5126.25
1705334400,5126.25,5126.5,5125.75,5125.75
1705334700,5125.75,5126.5,5125.5,5125.5
1705335000,5125.75,5126.5,5125.5,5125.75
1705335300,5125.75,5126,5124.5,5124.75
1705335600,5124.75,5125.75,5124,5125.5
1705335900,5125.25,5126,5124.75,5125.5
1705336200,5125.75,5126,5125,5125.75
1705336500,5125.5,5126.5,5125.25,5125.5
1705336800,5125.5,5125.5,5124.75,5125
1705337100,5125,5125.25,5124.5,5124.75
1705337400,5124.75,5125,5123.75,5123.75
1705337700,5123.75,5124,5123.5,5124
1705338000,5124,5124.75,5123.25,5124.75
1705338300,5125,5126,5124.5,5126
1705338600,5125.75,5126.25,5125.5,5126
1705338900,5126,5126,5125,5125.75
1705339200,5125.5,5126,5125.25,5125.75
1705339500,5125.5,5126.25,5125.5,5126
1705339800,5126.25,5126.5,5125.5,5125.75
1705340100,5126,5126.25,5125,5125.5
1705340400,5125.5,5126,5125.25,5125.75
1705340700,5125.75,5126.25,5125.25,5126
1705341000,5126,5126.25,5125.25,5126
1705341300,5126,5126.5,5125.5,5126.5
1705359600,5124.5,5125.5,5123.75,5124
1705359900,5123.75,5125,5122.75,5124.5
1705360200,5124.5,5125.5,5124.25,5125.25
1705360500,5125.25,5126,5125,5125.75
1705360800,5125.75,5126.5,5125.5,5125.5
1705361100,5125.25,5125.25,5123.25,5123.5
1705361400,5123.5,5123.75,5122,5122.5
1705361700,5122.75,5123,5122,5122.75
1705362000,5122.75,5123.25,5121.5,5122
1705362300,5122,5122.25,5121.5,5121.75
1705362600,5121.5,5122.5,5121.5,5122.25
1705362900,5122.25,5122.25,5121,5121.5
1705363200,5121.5,5121.5,5116.5,5118.5
1705363500,5118.5,5118.5,5117,5118.25
1705363800,5118,5119.25,5117.25,5119
1705364100,5118.75,5120,5118.75,5119.75
1705364400,5119.5,5119.75,5118,5118.25
1705364700,5118.25,5118.5,5117.25,5117.75
1705365000,5117.5,5118,5116.75,5117
1705365300,5116.75,5117.5,5116.5,5116.5
1705365600,5116.75,5117,5113.25,5113.75
1705365900,5113.75,5115.75,5113.75,5115.5
1705366200,5115.5,5115.75,5114.25,5114.25
1705366500,5114.25,5114.75,5111.75,5112.25
1705366800,5112,5113.25,5110,5111.5
1705367100,5111.25,5112.25,5110.75,5111.75
1705367400,5111.75,5112.25,5111,5112.25
1705367700,5112.25,5113.25,5112,5112.5
1705368000,5112.5,5113.25,5111.5,5113
1705368300,5113,5115.5,5112.75,5115.5
1705368600,5115.5,5116.5,5115,5116.25
1705368900,5116.25,5118.25,5115.75,5115.75
1705369200,5116,5116.75,5115.25,5116.25
1705369500,5116.25,5117,5116,5116.5
1705369800,5116.75,5117,5116,5116.5
1705370100,5116.5,5116.75,5115.5,5116.25
1705370400,5116.25,5116.5,5114,5114.5
1705370700,5114.25,5117,5114,5116.5
1705371000,5116.5,5118.25,5116.5,5118
1705371300,5118,5118.5,5117.25,5117.5
1705371600,5117.75,5117.75,5116.5,5117
1705371900,5117,5117.25,5116.75,5117
1705372200,5116.75,5117,5114.25,5114.5
1705372500,5114.5,5115.75,5114.5,5114.75
1705372800,5114.75,5115.75,5114.75,5115.5
1705373100,5115.5,5116,5114.75,5115.5
1705373400,5115.75,5115.75,5114.5,5115.25
1705373700,5115,5116,5114.75,5115.5
1705374000,5115.75,5115.75,5113.25,5113.5
1705374300,5113.5,5114.5,5113.5,5114.5
1705374600,5114.5,5114.5,5113.25,5114.25
1705374900,5114,5114.25,5113,5113
1705375200,5113,5113.25,5112,5112.25
1705375500,5112.25,5113,5112,5112.25
1705375800,5112.25,5113,5111.75,5112.75
1705376100,5113,5113.5,5111.5,5112.25
1705376400,5112.5,5112.75,5111.5,5112.25
1705376700,5112.25,5113.75,5112.25,5113.5
1705377000,5113.75,5114.5,5113.5,5114
1705377300,5114,5114.5,5113.5,5113.5
1705377600,5113.5,5114,5113.25,5113.5
1705377900,5113.75,5114,5113.5,5113.5
1705378200,5113.25,5113.5,5113,5113.5
1705378500,5113.5,5114.5,5113.5,5114.5
1705378800,5114.5,5114.5,5114,5114
1705379100,5114,5114.25,5112.5,5113
1705379400,5113,5113.25,5112.75,5113
1705379700,5113.25,5113.5,5112.25,5112.5
1705380000,5112.75,5113,5112.5,5112.5
1705380300,5112.25,5113,5111.5,5112.75
1705380600,5112.75,5113,5112.5,5112.75
1705380900,5112.5,5113.75,5112.5,5113.5
1705381200,5113.5,5113.75,5112.25,5112.5
1705381500,5112.5,5113.75,5112.25,5113.75
1705381800,5113.5,5113.75,5113,5113.5
1705382100,5113.5,5113.75,5113,5113.5
1705382400,5113.5,5113.75,5112.25,5112.75
1705382700,5112.5,5113.25,5112.5,5112.75
1705383000,5112.75,5113.5,5112.5,5112.75
1705383300,5112.5,5112.5,5111.75,5112
1705383600,5112,5112.75,5111.75,5112.25
1705383900,5112.5,5112.75,5112,5112.25
1705384200,5112.25,5112.25,5111.5,5111.75
1705384500,5111.5,5111.75,5110,5110.25
1705384800,5110.25,5110.75,5108,5108
1705385100,5108,5108,5107.25,5107.75
1705385400,5108,5109.25,5107.5,5109.25
1705385700,5109.25,5110,5109,5109.25
1705386000,5109.5,5110.5,5109.25,5110
1705386300,5110,5111,5110,5110.75
1705386600,5110.75,5110.75,5108.25,5109.5
1705386900,5109.5,5109.75,5109.25,5109.5
1705387200,5109.5,5109.5,5108.75,5109.25
1705387500,5109,5109.25,5108.25,5109
1705387800,5109.25,5110.5,5109.25,5110.5
1705388100,5110.25,5111,5110,5111
1705388400,5110.75,5112,5110.5,5111.75
1705388700,5111.5,5111.5,5109.5,5109.75
1705389000,5109.75,5109.75,5108.25,5108.25
1705389300,5108.25,5109.5,5107.5,5108.5
1705389600,5108.5,5109.5,5107.75,5109.25
1705389900,5109.5,5110,5109,5109.5
1705390200,5109.5,5110.25,5109,5110
1705390500,5109.75,5111.75,5109.75,5111.5
1705390800,5111.5,5112.5,5111,5112
1705391100,5112.25,5112.5,5111.5,5112.25
1705391400,5112,5113.25,5111.75,5111.75
1705391700,5111.75,5112.25,5110.25,5110.5
1705392000,5110.25,5110.25,5099.75,5100.5
1705392300,5100.75,5103.5,5100.25,5102.25
1705392600,5102,5102,5099.25,5100
1705392900,5100,5101.75,5099,5100.5
1705393200,5100.25,5105.25,5099,5104.25
1705393500,5104.5,5105,5100.75,5101
1705393800,5101,5104,5100.5,5101.5
1705394100,5101.5,5104.75,5100.25,5104.25
1705394400,5104.5,5104.5,5101,5101.5
1705394700,5101.75,5106,5101.5,5106
1705395000,5106.25,5106.5,5103.25,5104.5
1705395300,5104.5,5104.5,5102.75,5104
1705395600,5103.75,5107.5,5103.75,5106.5
1705395900,5106.25,5107,5104.75,5106.25
1705396200,5106.25,5107.25,5105.25,5107
1705396500,5107,5107.5,5104.5,5106.5
1705396800,5106.25,5107.25,5103,5103.5
1705397100,5103.25,5104.25,5101.75,5102.25
1705397400,5102.25,5106.5,5101.5,5106.5
1705397700,5106.25,5107,5105,5106.25
1705398000,5106,5106.25,5104.5,5105.5
1705398300,5105.25,5106,5102.5,5103
1705398600,5102.75,5106.5,5102.25,5106.25
1705398900,5106,5106.25,5104.25,5104.75
1705399200,5104.75,5105.5,5102.25,5103.5
1705399500,5103.5,5104,5102.5,5103
1705399800,5103,5103.5,5101.25,5102.5
1705400100,5102.5,5103.25,5099.75,5100.75
1705400400,5100.75,5102.25,5100.75,5101.5
1705400700,5101.5,5103.25,5100,5100.25
1705401000,5100.25,5100.25,5098.25,5100.25
1705401300,5100,5103.25,5100,5103.25
1705401600,5103.5,5103.75,5102,5102.75
1705401900,5102.5,5103.25,5101.25,5102.5
1705402200,5102.5,5102.75,5100.5,5100.75
1705402500,5100.75,5101.25,5100,5101.25
1705402800,5101.25,5102.75,5100.75,5101
1705403100,5101,5103.5,5100.75,5102.25
1705403400,5102.25,5103.25,5102,5102.5
1705403700,5102.75,5104,5102.75,5103.75
1705404000,5103.75,5104.25,5102,5103.5
1705404300,5103.25,5105.25,5103.25,5104.75
1705404600,5105,5106,5104,5104
1705404900,5104,5105,5103.25,5104.75
1705405200,5104.75,5105.5,5104,5105.25
1705405500,5105,5107.75,5105,5107.25
1705405800,5107.25,5111.25,5107.25,5110.75
1705406100,5111,5111.75,5109.75,5110.25
1705406400,5110.25,5110.75,5109.5,5109.5
1705406700,5109.75,5111.25,5109.25,5111
1705407000,5111,5111.5,5109.5,5109.75
1705407300,5109.5,5110.5,5108.25,5108.5
1705407600,5108.5,5109,5106.5,5108
1705407900,5108,5111.75,5107.75,5111.25
1705408200,5111.25,5112,5109.75,5110
1705408500,5110,5115,5109.5,5114.25
1705408800,5114.5,5116,5112.5,5114
1705409100,5114,5117.75,5113.75,5117.25
1705409400,5117,5117.25,5115.5,5116
1705409700,5116,5116.25,5115,5116
1705410000,5116,5116.75,5114.25,5114.25
1705410300,5114.25,5116,5113.75,5115
1705410600,5114.75,5115.5,5111.25,5111.75
1705410900,5111.75,5112.75,5110.25,5110.5
1705411200,5110.5,5111.25,5107.5,5107.5
1705411500,5107.5,5110.25,5106.25,5110
1705411800,5110,5117.5,5109.75,5115.75
1705412100,5115.5,5117.25,5114.75,5117
1705412400,5117.25,5118,5114.25,5114.75
1705412700,5114.75,5115,5110.25,5111.75
1705413000,5111.5,5112.25,5107,5109.25
1705413300,5109,5109.25,5107.5,5108.25
1705413600,5108.25,5109.75,5106.25,5107.25
1705413900,5107.25,5108.75,5106,5108.75
1705414200,5108.75,5109.75,5107.5,5109.75
1705414500,5110,5110.5,5107.5,5108.25
1705414800,5108,5111,5107.5,5109.5
1705415100,5109.75,5115.5,5109.5,5115
1705415400,5115,5118.5,5110.25,5113.25
1705415700,5113.5,5115,5106.25,5108.5
1705416000,5108.5,5108.75,5101.75,5103.5
1705416300,5103.5,5104.25,5099.75,5100.75
1705416600,5100.75,5102,5096.5,5100.75
1705416900,5101,5107.5,5100.75,5107
1705417200,5106.75,5110.5,5104.5,5104.75
1705417500,5104.5,5109.5,5103.5,5109.25
1705417800,5109.25,5114.25,5108.5,5112.75
1705418100,5112.75,5117,5111,5116.25
1705418400,5116.25,5124,5115.5,5124
1705418700,5123.75,5125,5120.75,5121.25
1705419000,5121.5,5124.75,5121.5,5124.25
1705419300,5124.25,5125,5118.25,5123.75
1705419600,5123.75,5128,5123.25,5125.25
1705419900,5125.5,5127.75,5125,5126.75
1705420200,5127,5128,5123.75,5126.75
1705420500,5127,5128,5124,5124
1705420800,5124.25,5126.25,5108.25,5114.25
1705421100,5114,5121.25,5112.5,5115.75
1705421400,5116,5119,5110,5118
1705421700,5118,5124,5114.75,5120.75
1705422000,5120.75,5128.75,5120,5125.75
1705422300,5126,5126.5,5120.75,5121.25
1705422600,5121.5,5127,5121.5,5126.5
1705422900,5126.25,5126.5,5119.25,5122.5
1705423200,5122.25,5123.75,5119.5,5121.75
1705423500,5121.75,5122.5,5117.5,5119.5
1705423800,5119.75,5121.25,5115.25,5115.75
1705424100,5115.5,5117.75,5112.5,5114.75
1705424400,5114.75,5116.25,5109.25,5110.5
1705424700,5110.25,5111.75,5107.25,5108.75
1705425000,5108.75,5111.5,5107.25,5109
1705425300,5109,5111.75,5108,5108.5
1705425600,5108.5,5112.5,5108.25,5111.25
1705425900,5111.25,5111.5,5105.75,5106.5
1705426200,5106.5,5106.75,5102.5,5104
1705426500,5103.75,5109,5103.5,5107.75
1705426800,5107.5,5109,5105.5,5105.5
1705427100,5105.5,5107.5,5102.5,5103
1705427400,5103,5106.75,5102.5,5104.25
1705427700,5104,5105.25,5101,5101.5
1705428000,5101.5,5103.75,5100,5103.75
1705428300,5103.75,5105.5,5102.75,5104.5
1705428600,5104.5,5107,5103.75,5106.75
1705428900,5106.5,5114.25,5106.25,5111.25
1705429200,5111.25,5111.25,5106.25,5108.5
1705429500,5108.5,5112.25,5107,5112.25
1705429800,5112.25,5114.25,5111.5,5113.25
1705430100,5113.25,5113.25,5106.75,5107.5
1705430400,5107.75,5108.5,5104.75,5105.25
1705430700,5105.25,5105.75,5103.25,5104.25
1705431000,5104.25,5104.75,5099.75,5101.25
1705431300,5101,5103.5,5100.25,5102.5
1705431600,5102.75,5104,5099,5099
1705431900,5099,5102.5,5098,5098.75
1705432200,5098.75,5099.5,5094.75,5096
1705432500,5096,5096.5,5092.5,5093
1705432800,5093,5097,5093,5096.5
1705433100,5096.5,5100.5,5096.25,5098
1705433400,5097.75,5100,5095.5,5099.5
1705433700,5099.5,5100.25,5098,5099
1705434000,5098.75,5100.25,5097.75,5099.75
1705434300,5099.75,5105,5099,5104
1705434600,5104,5105.75,5103.25,5104
1705434900,5104,5105.75,5103.75,5105
1705435200,5104.75,5107,5103.25,5104.5
1705435500,5104.5,5106,5103.5,5105
1705435800,5105.25,5107.25,5103,5103.25
1705436100,5103.25,5106.25,5103,5106
1705436400,5106,5106.75,5103,5103.75
1705436700,5103.75,5105,5101.5,5102.5
1705437000,5102.5,5103.75,5099.75,5100.5
1705437300,5100.75,5103.25,5100,5102.25
1705437600,5102.5,5103.75,5100.75,5103.5
1705437900,5103.25,5105.75,5101.25,5103.75
1705438200,5103.75,5108,5102,5107.25
1705438500,5107,5112.75,5106.5,5111.5
1705438800,5111.5,5113.5,5110.5,5111
1705439100,5110.75,5112.75,5110.5,5112.75
1705439400,5112.5,5113,5111.5,5111.75
1705439700,5111.5,5112.5,5111.5,5111.5
1705440000,5111.5,5112.75,5111.5,5112.5
1705440300,5112.75,5113,5112.25,5113
1705440600,5112.75,5113.5,5112.25,5112.25
1705440900,5112,5112.25,5111.75,5111.75
1705441200,5112,5112.5,5111.5,5112
1705441500,5112,5112.5,5111.75,5112
1705441800,5112.25,5113.75,5112,5113
1705442100,5113,5113.25,5112,5112
1705446000,5112.75,5113.25,5111.5,5112.25
1705446300,5112,5112.5,5111,5112.5
1705446600,5112.5,5113.5,5112,5112
1705446900,5112,5112.5,5111.25,5112
1705447200,5112,5112.75,5112,5112.5
1705447500,5112.75,5113,5112.25,5113
1705447800,5112.75,5113,5112,5112
1705448100,5112,5112.5,5111.75,5112
1705448400,5111.75,5111.75,5110.75,5111
1705448700,5110.75,5111.75,5110.5,5111.5
1705449000,5111.75,5113.5,5111.75,5113.5
1705449300,5113.5,5113.75,5112.75,5113.25
1705449600,5113,5113.25,5111.25,5111.5
1705449900,5111.25,5112.5,5110.75,5111.75
1705450200,5111.5,5112.5,5111,5112
1705450500,5112,5112,5109,5109.75
1705450800,5109.75,5111.25,5109.5,5111
1705451100,5111,5111.75,5110,5110.25
1705451400,5110.25,5110.5,5109.5,5110.25
1705451700,5110.25,5110.25,5109.25,5109.5
1705452000,5109.5,5109.5,5107.75,5108.75
1705452300,5108.5,5108.75,5108,5108.25
1705452600,5108.5,5110.25,5108.5,5109.75
1705452900,5109.75,5110,5109,5109.25
1705453200,5109.25,5109.75,5108.25,5108.75
1705453500,5108.75,5108.75,5107.5,5108
1705453800,5108.25,5108.5,5107.5,5108.25
1705454100,5108,5109.5,5108,5109.25
1705454400,5109.5,5109.5,5108.5,5108.75
1705454700,5108.75,5109.5,5108.25,5109
1705455000,5108.75,5109.5,5108.75,5109.25
1705455300,5109.25,5109.5,5108,5108
1705455600,5107.75,5108,5105.75,5105.75
1705455900,5105.75,5107,5105.5,5106.5
1705456200,5106.75,5107.25,5106.5,5106.5
1705456500,5106.75,5107.5,5106.75,5107.5
1705456800,5107.5,5108,5106.75,5107.25
1705457100,5107,5108,5107,5107.75
1705457400,5107.75,5108,5107,5107
1705457700,5107,5107.25,5106,5106
1705458000,5106.25,5106.25,5104,5104.5
1705458300,5104.5,5105.5,5104.25,5105.5
1705458600,5105.25,5105.5,5103.75,5104.75
1705458900,5104.75,5104.75,5103.75,5104
1705459200,5104,5104.5,5103.5,5104
1705459500,5104,5104.5,5103.5,5104.25
1705459800,5104.5,5104.75,5104,5104.25
1705460100,5104.25,5104.5,5103,5103.25
1705460400,5103.25,5103.25,5102.25,5103
1705460700,5102.75,5103.75,5102.75,5103.5
1705461000,5103.25,5103.75,5102.75,5103.25
1705461300,5103.25,5103.5,5102.5,5102.5
1705461600,5102.5,5102.5,5101.75,5102
1705461900,5102,5102.5,5101.25,5101.75
1705462200,5101.75,5102,5101.25,5101.5
1705462500,5101.25,5102.5,5100.75,5102.25
1705462800,5102.25,5103,5102.25,5102.5
1705463100,5102.5,5103,5101.75,5101.75
1705463400,5101.75,5102.25,5098.5,5100
1705463700,5100,5100.5,5098.5,5098.75
1705464000,5098.75,5099.5,5098.75,5099
1705464300,5098.75,5101.5,5098.75,5101.5
1705464600,5101.25,5102.25,5101,5102.25
1705464900,5102,5102.25,5100.75,5100.75
1705465200,5101,5101.25,5100.25,5100.75
1705465500,5100.75,5101.5,5100.5,5101.5
1705465800,5101.5,5102,5101.25,5101.5
1705466100,5101.25,5102.5,5101,5102.5
1705466400,5102.75,5102.75,5102,5102.25
1705466700,5102.25,5103.75,5102,5103.25
1705467000,5103.5,5103.5,5102.75,5103
1705467300,5103,5103,5102,5102.75
1705467600,5102.5,5102.5,5101.25,5101.5
1705467900,5101.25,5101.5,5100.25,5100.25
1705468200,5100.5,5100.75,5099.5,5099.75
1705468500,5099.75,5099.75,5098.5,5099
1705468800,5099,5100,5098.75,5099.75
1705469100,5099.75,5100.25,5099.5,5099.75
1705469400,5099.5,5099.75,5098.5,5099
1705469700,5099,5100.25,5098.75,5099.25
1705470000,5099.25,5099.75,5099.25,5099.75
1705470300,5099.75,5099.75,5098.5,5099
1705470600,5099,5099.5,5097.25,5097.25
1705470900,5097.25,5098,5097.25,5097.25
1705471200,5097.25,5098,5097.25,5097.75
1705471500,5097.75,5098.25,5093.75,5094
1705471800,5094,5094.25,5088,5089.75
1705472100,5089.75,5092,5089,5091.75
1705472400,5091.75,5092.25,5090.25,5091.75
1705472700,5091.5,5091.75,5090,5091
1705473000,5091.25,5091.75,5090,5091.25
1705473300,5091.25,5091.75,5088.25,5088.25
1705473600,5088.25,5090.5,5088,5089.25
1705473900,5089.5,5090.5,5088.75,5090.25
1705474200,5090,5091.75,5089.25,5090.5
1705474500,5090.5,5091,5089,5089
1705474800,5089,5090.25,5088,5088.75
1705475100,5089,5089.5,5088,5089
1705475400,5088.75,5089.5,5086,5087.75
1705475700,5087.75,5088,5085,5086.75
1705476000,5086.75,5087.5,5085.5,5086.5
1705476300,5086.5,5086.75,5084,5084.75
1705476600,5084.75,5086.75,5083.75,5086.25
1705476900,5086.25,5087.5,5085.25,5086.75
1705477200,5086.75,5087.25,5084,5084
1705477500,5084,5087,5084,5086
1705477800,5086,5087.5,5085,5087.25
1705478100,5087,5090.25,5087,5088.75
1705478400,5088.75,5089.5,5086.75,5089.25
1705478700,5089,5089.25,5085.5,5086.25
1705479000,5086,5089,5085.5,5087
1705479300,5086.75,5090.25,5086.5,5090.25
1705479600,5090.25,5090.25,5088.75,5089.5
1705479900,5089.5,5091.5,5088.75,5091
1705480200,5091,5091.5,5087.75,5090.25
1705480500,5090.25,5091.5,5089.5,5090
1705480800,5090,5091,5089,5090.5
1705481100,5090.5,5091.5,5088.25,5090
1705481400,5090,5090,5087.25,5087.75
1705481700,5087.5,5088.75,5086.25,5086.5
1705482000,5086.5,5087.75,5085,5085.5
1705482300,5085.25,5086,5084.5,5084.75
1705482600,5084.75,5085.25,5082,5082.75
1705482900,5082.75,5085.25,5081.75,5085
1705483200,5085,5088,5083.75,5087.75
1705483500,5087.75,5090.25,5085.5,5087.25
1705483800,5087,5089.5,5086.25,5089.5
1705484100,5089.5,5090.75,5087.75,5089
1705484400,5089,5089.5,5087.25,5089.25
1705484700,5089.25,5090.5,5088.5,5089.75
1705485000,5089.5,5091.5,5089,5091
1705485300,5090.75,5091.5,5090,5090.5
1705485600,5090.75,5091.5,5090.25,5091
1705485900,5091.25,5091.5,5090.25,5090.5
1705486200,5090.75,5092.75,5090.5,5092.5
1705486500,5092.5,5092.5,5090.25,5091.25
1705486800,5091.5,5092,5090.25,5090.75
1705487100,5090.5,5091.5,5088.75,5089
1705487400,5089,5090,5088,5088.75
1705487700,5089,5089.5,5088,5088.5
1705488000,5088.5,5088.5,5087.25,5088
1705488300,5088,5089.5,5086.5,5086.75
1705488600,5086.75,5089.5,5086,5089.25
1705488900,5089.5,5090,5088.5,5089.5
1705489200,5089.75,5091,5086.75,5087
1705489500,5087,5088.5,5086.75,5088.25
1705489800,5088.25,5088.25,5085.5,5086.25
1705490100,5086.25,5087.5,5085.25,5086.25
1705490400,5086.25,5088.75,5085.5,5087.75
1705490700,5087.5,5089.5,5087,5089.25
1705491000,5089,5092,5088.5,5092
1705491300,5092,5093.75,5091.5,5093
1705491600,5093,5093.5,5091.75,5092
1705491900,5092,5092.75,5091.5,5091.5
1705492200,5091.75,5092.75,5091,5091.75
1705492500,5092,5092.5,5091.25,5092.25
1705492800,5092.25,5093.5,5091.25,5093.25
1705493100,5093.25,5094,5092.5,5093.25
1705493400,5093.5,5093.75,5091.75,5093.25
1705493700,5093.25,5095.75,5093.25,5095
1705494000,5095.25,5097.75,5095,5097.5
1705494300,5097.75,5098.25,5096,5096.75
1705494600,5097,5097,5095,5096
1705494900,5096,5097,5094.25,5094.75
1705495200,5094.75,5095.25,5093.75,5094
1705495500,5094,5094.75,5093,5094.5
1705495800,5094.25,5096,5094.25,5095.5
1705496100,5095.5,5097,5093.5,5093.75
1705496400,5094,5094,5090,5090.25
1705496700,5090.25,5092.25,5090,5092
1705497000,5091.75,5093.5,5090,5092.5
1705497300,5092.25,5092.75,5090.25,5092
1705497600,5091.75,5092.75,5089,5089
1705497900,5089,5090.5,5088.5,5090.25
1705498200,5089.75,5090.75,5083.75,5089.75
1705498500,5089.75,5090.5,5085.75,5088.5
1705498800,5088.5,5090,5082.75,5082.75
1705499100,5082.75,5083,5078.75,5079.25
1705499400,5079.25,5082.25,5079,5081
1705499700,5081,5081.5,5079.25,5081
1705500000,5081,5081.5,5077.75,5079.75
1705500300,5079.5,5082.75,5079,5082
1705500600,5082,5083,5080,5082.75
1705500900,5083,5084.75,5080.25,5081
1705501200,5081,5082,5078,5078.5
1705501500,5078.25,5080,5078,5079.25
1705501800,5079,5080.25,5073.5,5073.5
1705502100,5073.5,5078.75,5073.25,5077.75
1705502400,5077.5,5078,5072.5,5073.5
1705502700,5073.5,5075.5,5072,5074.5
1705503000,5074.25,5078.75,5071,5074
1705503300,5073.75,5076.25,5071.75,5074.25
1705503600,5074,5080.75,5071.25,5078.25
1705503900,5078.25,5082,5076.5,5079.25
1705504200,5079.25,5082.5,5077.5,5082
1705504500,5081.75,5083.75,5076,5076.5
1705504800,5076.25,5076.75,5073.75,5076.25
1705505100,5076,5082,5076,5079.25
1705505400,5079,5080.5,5076,5079.5
1705505700,5079.25,5083.75,5075.75,5083.25
1705506000,5083,5084.25,5079.75,5080
1705506300,5079.75,5084.5,5079.25,5082
1705506600,5082,5083.5,5079.5,5079.75
1705506900,5080,5081.25,5078,5081
1705507200,5081.25,5086.5,5080.75,5086.5
1705507500,5086.5,5088.75,5084.75,5085.75
1705507800,5085.5,5088,5084,5085.25
1705508100,5085.25,5086.75,5083.25,5085.75
1705508400,5085.75,5088.75,5085.25,5088.5
1705508700,5088.25,5088.75,5085.75,5086
1705509000,5086.25,5087.75,5084.75,5087.5
1705509300,5087.75,5088.75,5087,5088.5
1705509600,5088.75,5088.75,5086.5,5088
1705509900,5088,5088.75,5085.25,5085.75
1705510200,5086,5086.5,5082.25,5083
1705510500,5083.25,5084.25,5082.25,5082.75
1705510800,5082.75,5084,5080,5080.25
1705511100,5080.25,5081.75,5079,5079
1705511400,5079,5083.5,5078,5081.5
1705511700,5081.5,5082,5079.25,5080.75
1705512000,5080.5,5081.25,5076,5077
1705512300,5076.75,5077.75,5075,5076.25
1705512600,5076.25,5077.75,5075,5075.75
1705512900,5075.5,5076.5,5074.25,5075.25
1705513200,5075,5076.25,5072,5074.25
1705513500,5074,5077.25,5072.75,5076.5
1705513800,5076.25,5079,5075.25,5078
1705514100,5077.75,5080.5,5077,5077.5
1705514400,5077.5,5081.5,5077.25,5081.5
1705514700,5081.25,5081.5,5076.25,5076.25
1705515000,5076.25,5076.5,5072,5073
1705515300,5072.75,5072.75,5070.25,5071.75
1705515600,5071.75,5072,5065.25,5067.75
1705515900,5067.5,5069.75,5066.5,5067.5
1705516200,5067.75,5068.25,5063.75,5065
1705516500,5065,5066.5,5063,5064.5
1705516800,5064.25,5064.75,5061.5,5064
1705517100,5064,5064.5,5059.25,5060.75
1705517400,5061,5067.75,5060.5,5066.5
1705517700,5066.5,5068.75,5064.5,5067.25
1705518000,5067.25,5071,5066.75,5069
1705518300,5068.75,5069,5066.25,5068
1705518600,5068,5068.5,5066,5066.25
1705518900,5066.25,5070.25,5066.25,5069.25
1705519200,5069.25,5074.5,5068.75,5073.25
1705519500,5073.25,5075,5071.5,5073
1705519800,5073.25,5075.5,5072.75,5073.5
1705520100,5073.5,5075,5073.25,5074
1705520400,5074,5078.25,5073.25,5078
1705520700,5078,5078.5,5074.75,5075.25
1705521000,5075.5,5076.25,5075,5076.25
1705521300,5076.25,5077.25,5075,5075.5
1705521600,5075.75,5076.5,5071.25,5072.25
1705521900,5072.25,5073.75,5071.5,5072
1705522200,5072.25,5073.25,5068,5068.5
1705522500,5068.5,5073,5068.25,5072.5
1705522800,5072.5,5072.75,5067.5,5068.5
1705523100,5068.75,5070.5,5068.25,5069.75
1705523400,5069.75,5074.25,5069.25,5073.75
1705523700,5073.75,5078.5,5073.5,5077.75
1705524000,5077.75,5079.5,5076.5,5077.25
1705524300,5077.25,5080.25,5077,5078.25
1705524600,5078.25,5085.5,5078.25,5084.5
1705524900,5084.25,5087.25,5082.25,5084
1705525200,5083.75,5085,5082.25,5082.75
1705525500,5083,5083,5081.5,5081.75
1705525800,5081.75,5082.25,5081.5,5081.75
1705526100,5082,5082.75,5081.75,5082
1705526400,5082.25,5083,5082,5083
1705526700,5082.75,5083,5082,5082.25
1705527000,5082,5082.75,5081.75,5082.75
1705527300,5082.5,5083,5082.5,5083
1705527600,5083,5083,5082,5082.25
1705527900,5082,5082.5,5082,5082.25
1705528200,5082.25,5083,5081.75,5082.75
1705528500,5082.75,5083,5082.25,5082.25
1705532400,5081,5082.25,5080,5080.25
1705532700,5080.25,5080.5,5078,5078.5
1705533000,5078.5,5080.5,5078.25,5080.5
1705533300,5080.25,5083.25,5080.25,5083
1705533600,5082.75,5083.75,5082.5,5083.25
1705533900,5083.25,5084.25,5082.75,5083.5
1705534200,5083.5,5083.75,5082,5082.5
1705534500,5082.75,5083,5081.5,5083
1705534800,5083,5083.75,5082.75,5083.75
1705535100,5083.5,5083.75,5082.75,5082.75
1705535400,5082.75,5083,5082.25,5082.75
1705535700,5082.75,5083.25,5082.25,5082.75
1705536000,5082.75,5082.75,5081.25,5082
1705536300,5082,5082.25,5080.25,5081.5
1705536600,5081.75,5083,5081.25,5082.75
1705536900,5083,5083.75,5082.5,5082.5
1705537200,5082.75,5082.75,5081.75,5082
1705537500,5082,5082,5081,5081.5
1705537800,5081.75,5083,5081.5,5082.25
1705538100,5082.25,5082.75,5082,5082.25
1705538400,5082.5,5083.75,5082.5,5083
1705538700,5083,5084.25,5083,5084
1705539000,5083.75,5084.25,5083,5083.75
1705539300,5083.5,5084.5,5083.5,5084.25
1705539600,5084.5,5084.5,5082.5,5083
1705539900,5083,5084.5,5083,5084.25
1705540200,5084.5,5084.75,5083.75,5083.75
1705540500,5084,5084,5082.75,5082.75
1705540800,5083,5083,5082.25,5082.5
1705541100,5082.75,5083.25,5082.25,5083
1705541400,5083.25,5083.25,5081.5,5081.75
1705541700,5081.75,5082,5081,5081
1705542000,5081,5081.5,5080.5,5081
1705542300,5080.75,5081.75,5080,5081
1705542600,5081,5082.75,5081,5082.75
1705542900,5082.5,5083.5,5082.25,5083.25
1705543200,5083,5083.5,5082.75,5083.25
1705543500,5083.25,5083.75,5083,5083.25
1705543800,5083,5083.75,5083,5083.75
1705544100,5083.75,5084.5,5083.75,5084.25
1705544400,5084.25,5084.5,5083.25,5083.5
1705544700,5083.5,5084,5082.75,5083.75
1705545000,5083.5,5083.75,5082.75,5083
1705545300,5083,5083.5,5082.5,5082.75
1705545600,5082.5,5082.75,5082,5082
1705545900,5082.25,5082.5,5081.75,5082.25
1705546200,5082.5,5082.5,5082,5082.25
1705546500,5082.25,5082.5,5080.5,5081.25
1705546800,5081.5,5082.75,5081.25,5082
1705547100,5082.25,5082.25,5080.5,5080.5
1705547400,5080.5,5081.25,5080.5,5080.75
1705547700,5080.75,5082.5,5080.75,5081.5
1705548000,5081.5,5082.75,5081.5,5081.75
1705548300,5081.75,5082.25,5081.5,5081.5
1705548600,5081.75,5082.5,5081.5,5082
1705548900,5082,5083,5081.75,5082.75
1705549200,5083,5083.25,5082,5082.25
1705549500,5082.25,5082.5,5081.5,5081.75
1705549800,5081.75,5082,5079.5,5080.25
1705550100,5080.25,5080.25,5079,5079.25
1705550400,5079.25,5079.75,5079,5079.25
1705550700,5079.25,5080,5078.5,5078.5
1705551000,5078.75,5079.25,5078,5078.5
1705551300,5078.25,5079.25,5078,5079.25
1705551600,5079.25,5079.25,5078.5,5078.75
1705551900,5079,5079,5078.75,5078.75
1705552200,5078.75,5079.75,5078.75,5079.25
1705552500,5079,5079.25,5078.25,5078.5
1705552800,5078.5,5078.5,5076.5,5076.75
1705553100,5076.5,5077.5,5076.5,5077.25
1705553400,5077.25,5078.75,5077.25,5078.25
1705553700,5078.25,5079,5078,5078.75
1705554000,5078.75,5079.75,5078.75,5078.75
1705554300,5078.75,5079.25,5078,5078.5
1705554600,5078.5,5079.25,5078.5,5079
1705554900,5079.25,5079.5,5078.75,5079.25
1705555200,5079.25,5080,5079,5079.5
1705555500,5079.5,5080,5079,5080
1705555800,5079.75,5079.75,5078.25,5078.75
1705556100,5078.75,5081.25,5078.75,5081
1705556400,5081,5081.5,5080.75,5081
1705556700,5081.25,5081.25,5080,5080.25
1705557000,5080.25,5081.25,5080.25,5081
1705557300,5081.25,5082.75,5081,5082.25
1705557600,5082,5083.25,5081.75,5082.75
1705557900,5083,5084.25,5082,5084.25
1705558200,5084.25,5084.75,5083.5,5084
1705558500,5084.25,5084.75,5083.75,5084
1705558800,5084,5084.75,5083.5,5084.25
1705559100,5084.25,5085.75,5083.5,5084
1705559400,5084,5085,5082.5,5085
1705559700,5084.75,5085.5,5084.5,5085
1705560000,5085.25,5085.75,5084.25,5084.75
1705560300,5085,5085.25,5084.5,5085.25
1705560600,5085.25,5085.5,5085,5085.25
1705560900,5085.25,5085.5,5084.5,5084.75
1705561200,5084.75,5086,5084.5,5086
1705561500,5085.75,5086,5084.75,5085.5
1705561800,5085.5,5085.75,5083.75,5083.75
1705562100,5083.75,5084.75,5083.25,5084
1705562400,5084,5085.25,5083.75,5085.25
1705562700,5085,5085.25,5083.5,5083.75
1705563000,5083.75,5084,5082.5,5082.5
1705563300,5082.75,5083,5081.25,5081.25
1705563600,5081.25,5081.5,5080.75,5081
1705563900,5081,5084,5080.75,5083.75
1705564200,5083.75,5085,5083.75,5084
1705564500,5083.75,5085.75,5083.5,5085
1705564800,5084.75,5085.75,5084.5,5085.5
1705565100,5085.75,5086,5083.75,5084
1705565400,5084,5086.75,5083.25,5085.5
1705565700,5085.75,5087.75,5084.75,5086.75
1705566000,5086.75,5087.5,5085,5086
1705566300,5086,5087.75,5085.5,5087
1705566600,5086.75,5087.5,5083.5,5084.25
1705566900,5084.25,5085.5,5083,5083.5
1705567200,5083.25,5085.75,5083.25,5085.5
1705567500,5085.75,5086.5,5085,5085
1705567800,5085,5085.5,5084.25,5084.5
1705568100,5084.5,5085.75,5084,5085.75
1705568400,5085.5,5087.25,5085,5087
1705568700,5087,5087,5084.75,5087
1705569000,5087,5089.25,5086.5,5087.5
1705569300,5087.25,5087.75,5085.5,5086
1705569600,5086.25,5088.25,5086.25,5088
1705569900,5088.25,5088.5,5087.25,5087.5
1705570200,5087.5,5089,5087,5087
1705570500,5087,5089,5086.75,5088.25
1705570800,5088.25,5090.75,5086.75,5087.5
1705571100,5087.75,5088,5086.75,5087.25
1705571400,5087.5,5088,5087,5087
1705571700,5087,5087.75,5085.75,5087.25
1705572000,5087,5087.5,5086.75,5087.25
1705572300,5087,5087.5,5086.5,5086.75
1705572600,5086.75,5087,5084.5,5085.75
1705572900,5085.75,5086.75,5085.75,5086.75
1705573200,5087,5087.5,5085.25,5086.25
1705573500,5086.25,5087,5085.75,5087
1705573800,5086.75,5087,5086.25,5086.25
1705574100,5086.25,5087.25,5085.75,5087.25
1705574400,5087.25,5087.75,5087.25,5087.75
1705574700,5087.75,5087.75,5086.5,5087.25
1705575000,5087.5,5091.75,5087.25,5091.5
1705575300,5091.25,5093.5,5091,5093
1705575600,5093.25,5095.75,5093,5095.75
1705575900,5095.75,5096.5,5095,5095.75
1705576200,5096,5098.5,5095.75,5097.5
1705576500,5097.5,5097.5,5096,5097
1705576800,5097.25,5098.5,5096.5,5097.75
1705577100,5097.75,5098.5,5096.75,5098
1705577400,5098,5099,5097,5097.5
1705577700,5097.75,5099.5,5097,5097.25
1705578000,5097.5,5101.25,5097.25,5100.75
1705578300,5100.75,5101.5,5099.75,5099.75
1705578600,5100,5101,5099.25,5099.5
1705578900,5099.5,5101.5,5099.25,5100.5
1705579200,5100.5,5104,5100.5,5101.75
1705579500,5102,5104.5,5102,5102.25
1705579800,5102.5,5104.25,5101.75,5103
1705580100,5103.25,5103.5,5101.5,5103.25
1705580400,5103.25,5104.75,5103,5104.75
1705580700,5104.5,5105.5,5103.25,5103.75
1705581000,5103.5,5104.75,5103,5103.5
1705581300,5103.5,5106,5103.25,5105
1705581600,5104.75,5105.5,5103.25,5104.5
1705581900,5104.5,5106,5103.25,5103.75
1705582200,5103.75,5104.75,5103.75,5104
1705582500,5103.75,5104,5102,5102.25
1705582800,5102.5,5104,5101.25,5103.25
1705583100,5103.25,5104.5,5103,5103.75
1705583400,5103.75,5104.5,5103,5103.5
1705583700,5103.5,5105.75,5103.5,5105.75
1705584000,5105.5,5105.75,5104.75,5104.75
1705584300,5104.75,5106,5103.75,5105
1705584600,5105,5105.5,5100.75,5104.5
1705584900,5104.5,5110.5,5103.5,5103.5
1705585200,5103.5,5104.25,5097,5097.75
1705585500,5098,5100,5097,5099.5
1705585800,5099.5,5100.75,5098.5,5099.25
1705586100,5099.5,5099.5,5095.5,5096
1705586400,5096.25,5099.75,5096.25,5098.5
1705586700,5098.5,5100.75,5098.25,5100.75
1705587000,5100.75,5105.5,5100.25,5104.5
1705587300,5104.25,5105,5101.5,5102
1705587600,5102.25,5102.5,5097.5,5099.75
1705587900,5099.75,5100.75,5096.5,5099
1705588200,5099,5103.25,5097.5,5101.25
1705588500,5101.5,5103.5,5096,5100
1705588800,5100.25,5103.75,5095.5,5096.5
1705589100,5096.5,5099.25,5093.5,5096.5
1705589400,5096.75,5097.5,5092.75,5093.75
1705589700,5093.75,5098.25,5092.75,5097.5
1705590000,5097.5,5100,5092.75,5094.25
1705590300,5094.25,5098,5094,5095
1705590600,5095,5101,5094.25,5100.25
1705590900,5100.25,5102.5,5096.5,5097.75
1705591200,5097.75,5100,5094,5099.25
1705591500,5099.25,5102.5,5098.25,5100.75
1705591800,5100.75,5103.25,5096.5,5102.25
1705592100,5102,5107.25,5101.25,5105.25
1705592400,5105,5106.75,5102.25,5105.75
1705592700,5106,5107.25,5102.75,5107.25
1705593000,5107.25,5108,5102.75,5104.75
1705593300,5105,5105.5,5099,5101.5
1705593600,5101.5,5102,5095.5,5095.75
1705593900,5095.75,5100.5,5095.5,5099
1705594200,5099.25,5102,5098.75,5101
1705594500,5101.25,5104.75,5100.5,5103.75
1705594800,5103.75,5106,5102.75,5104.5
1705595100,5104.5,5106.75,5103.5,5105.75
1705595400,5105.75,5108.5,5105,5108
1705595700,5108.25,5109.25,5107.25,5107.25
1705596000,5107,5107.25,5103.25,5104
1705596300,5104.25,5105.5,5100.75,5101.5
1705596600,5101.5,5107,5101.25,5105.75
1705596900,5105.75,5106,5102.5,5103.5
1705597200,5103.75,5104.5,5092.5,5092.75
1705597500,5093,5095.5,5092,5094.5
1705597800,5094.25,5095.25,5088.75,5094
1705598100,5094,5097.75,5092.75,5093.75
1705598400,5094,5095,5091.5,5092.5
1705598700,5092.5,5095.5,5092,5094.75
1705599000,5094.75,5095,5089,5090
1705599300,5090,5093.75,5088.75,5093.5
1705599600,5093.5,5094.75,5091,5094
1705599900,5093.75,5095.5,5093.5,5094.75
1705600200,5094.75,5095.5,5090.5,5091.75
1705600500,5091.75,5092.25,5089.25,5090.75
1705600800,5090.5,5091,5085.75,5087
1705601100,5087,5088.5,5083,5088
1705601400,5087.75,5088.25,5084.25,5086.5
1705601700,5086.5,5088.75,5084.5,5086
1705602000,5086,5088.25,5083.25,5086
1705602300,5086,5088.75,5084,5086
1705602600,5086,5091.5,5085.5,5091.25
1705602900,5091.25,5095.25,5090.25,5094.75
1705603200,5095,5098.75,5093.5,5097.25
1705603500,5097.5,5098.75,5095.75,5097.75
1705603800,5097.75,5100.25,5097.25,5099
1705604100,5099,5100.25,5098.25,5098.75
1705604400,5098.75,5103,5098.5,5102.25
1705604700,5102.25,5104.5,5101.75,5103.5
1705605000,5103.5,5107,5103,5105.75
1705605300,5106,5109.5,5105.75,5107.25
1705605600,5107.5,5116.5,5106,5113.75
1705605900,5113.5,5116,5112.5,5115.25
1705606200,5115.5,5118.75,5115,5115.25
1705606500,5115.5,5118.25,5115.25,5115.75
1705606800,5116,5117,5112,5112.5
1705607100,5112.75,5114.75,5108.5,5113.25
1705607400,5113.5,5118.25,5112.75,5116.25
1705607700,5116.5,5118,5114.75,5116.75
1705608000,5116.75,5118,5115,5117.25
1705608300,5117.5,5121.75,5116,5121
1705608600,5121,5122,5119,5119.5
1705608900,5119.5,5122,5119,5119
1705609200,5119,5122.75,5118.5,5121
1705609500,5121,5123.5,5120.75,5123.5
1705609800,5123.5,5124.5,5121.75,5123.5
1705610100,5123.25,5124,5119.5,5120
1705610400,5119.75,5123.5,5118.25,5123
1705610700,5122.75,5125.25,5122.25,5123.25
1705611000,5123,5130,5122,5125.25
1705611300,5125,5126.5,5121.5,5124
1705611600,5124,5124,5119.5,5120.75
1705611900,5120.75,5122.25,5120,5122.25
1705612200,5122.25,5122.5,5120.5,5122.25
1705612500,5122.25,5124.5,5122.25,5124.25
1705612800,5124.5,5126.25,5124.5,5125
1705613100,5125.25,5125.75,5124.75,5125.75
1705613400,5125.5,5125.75,5125,5125.5
1705613700,5125.75,5125.75,5124.75,5125
1705614000,5125.25,5125.25,5124.5,5124.75
1705614300,5124.75,5125,5123.75,5124.5
1705614600,5124.5,5126,5124.25,5125.5
1705614900,5125.5,5125.75,5123.5,5123.75
1705618800,5124.25,5124.25,5121.5,5122.5
1705619100,5122.25,5123.5,5122.25,5122.5
1705619400,5122.5,5124.25,5122,5123.75
1705619700,5123.75,5125.25,5123.25,5124
1705620000,5124,5125,5124,5124
1705620300,5124.25,5124.75,5123.75,5124
1705620600,5124,5124.25,5123,5123.5
1705620900,5123.75,5124.5,5123.75,5124.25
1705621200,5124.25,5125,5123.5,5124.5
1705621500,5124.5,5125,5123,5124
1705621800,5123.75,5126.75,5123.75,5126
1705622100,5126,5128,5125.75,5127.75
1705622400,5127.5,5128,5126.25,5126.75
1705622700,5126.5,5127.25,5125.5,5125.75
1705623000,5125.75,5125.75,5124.5,5125
1705623300,5125,5126.5,5124.5,5126.25
1705623600,5126.5,5127.75,5126.25,5127.25
1705623900,5127.25,5128,5127.25,5127.75
1705624200,5128,5128.25,5127.25,5127.75
1705624500,5127.75,5128.25,5127,5128
1705624800,5128,5128,5126.5,5126.75
1705625100,5126.5,5126.75,5125.25,5125.5
1705625400,5125.5,5126,5125.25,5125.75
1705625700,5126,5126.75,5125.5,5126.5
1705626000,5126.5,5127.75,5126.5,5127.5
1705626300,5127.5,5127.75,5125.25,5126
1705626600,5126,5127.25,5126,5126.75
1705626900,5126.75,5127,5124.25,5124.75
1705627200,5124.75,5124.75,5123,5123.5
1705627500,5123.5,5124.25,5122.25,5123.75
1705627800,5123.75,5125,5123.5,5125
1705628100,5124.75,5126.5,5124.5,5126.25
1705628400,5126.25,5126.5,5125.75,5125.75
1705628700,5125.75,5126.25,5125.25,5125.75
1705629000,5125.75,5127.25,5125.75,5127
1705629300,5127,5127.75,5126.5,5127.5
1705629600,5127.25,5127.5,5126.5,5127
1705629900,5126.75,5127.25,5125.75,5126.75
1705630200,5126.75,5127.75,5126,5127.25
1705630500,5127.25,5127.25,5126.25,5126.5
1705630800,5126.5,5127,5125.5,5127
1705631100,5126.75,5127.5,5126.25,5127
1705631400,5126.75,5127.25,5126,5126.75
1705631700,5126.5,5126.75,5126,5126.25
1705632000,5126.25,5126.75,5125.5,5126.25
1705632300,5126.25,5129.25,5126.25,5128.5
1705632600,5128.5,5129,5127.5,5127.75
1705632900,5127.75,5128.25,5127.25,5127.75
1705633200,5127.75,5129.5,5127.5,5129
1705633500,5129,5129.25,5128,5128.5
1705633800,5128.5,5128.75,5128.25,5128.5
1705634100,5128.25,5129,5128.25,5128.5
1705634400,5128.5,5128.5,5127.25,5127.5
1705634700,5127.5,5127.75,5127.25,5127.75
1705635000,5128,5128,5127,5127.75
1705635300,5127.75,5128.5,5127.75,5128.5
1705635600,5128.25,5128.25,5127.5,5128
1705635900,5128,5128.25,5127.25,5128
1705636200,5128,5128.5,5127.75,5128.25
1705636500,5128.25,5129,5128.25,5128.5
1705636800,5128.5,5129,5128,5128.5
1705637100,5128.5,5128.75,5128,5128
1705637400,5128,5128.25,5127.5,5127.75
1705637700,5127.75,5128.25,5127.5,5128
1705638000,5128.25,5128.75,5127.75,5128.25
1705638300,5128.25,5128.25,5127.5,5127.75
1705638600,5127.75,5128,5127,5127.25
1705638900,5127.25,5128.25,5127.25,5128
1705639200,5128,5128.25,5127.75,5128.25
1705639500,5128,5128.25,5127.5,5127.5
1705639800,5127.5,5127.5,5127.25,5127.25
1705640100,5127.25,5127.5,5127,5127.25
1705640400,5127.5,5128.75,5127.5,5128.25
1705640700,5128.25,5128.25,5127.25,5128
1705641000,5128,5128.5,5127.5,5128.5
1705641300,5128.25,5128.75,5127.75,5127.75
1705641600,5128,5128.25,5127.5,5128
1705641900,5128,5128.5,5128,5128.5
1705642200,5128.25,5128.75,5127.25,5127.25
1705642500,5127.25,5127.5,5125.75,5126
1705642800,5126,5126.5,5125.5,5126.5
1705643100,5126.5,5126.5,5125.75,5125.75
1705643400,5126,5126.25,5125,5125.25
1705643700,5125.25,5125.5,5124.5,5125
1705644000,5124.75,5125.75,5124.75,5125.5
1705644300,5125.25,5127,5125.25,5126.5
1705644600,5126.5,5127.5,5126,5127.25
1705644900,5127.5,5127.75,5127,5127.75
1705645200,5127.5,5127.75,5127,5127.25
1705645500,5127.25,5127.75,5126.25,5126.25
1705645800,5126.25,5127,5126,5126.5
1705646100,5126.75,5127.5,5126.5,5127.25
1705646400,5127.25,5128.75,5127,5127.5
1705646700,5127.5,5128,5127,5127.75
1705647000,5127.75,5127.75,5127.25,5127.75
1705647300,5127.75,5128.5,5127.25,5127.5
1705647600,5127.5,5128,5126.25,5127.5
1705647900,5127.75,5128.5,5126.75,5127.5
1705648200,5127.5,5127.5,5126.5,5126.75
1705648500,5127,5133.75,5126.75,5133.5
1705648800,5133.5,5134.25,5131,5132
1705649100,5132,5132.25,5130.25,5132.25
1705649400,5132.25,5133.5,5131.5,5132.5
1705649700,5132.5,5134.5,5132.5,5134.5
1705650000,5134.25,5134.75,5133.5,5134.25
1705650300,5134.5,5134.5,5132.5,5134.25
1705650600,5134.25,5135.5,5134,5135.5
1705650900,5135.5,5135.5,5133.75,5134
1705651200,5134.25,5135,5132.75,5133.5
1705651500,5133.75,5134,5131.5,5132.25
1705651800,5132.5,5133.75,5131.5,5133.5
1705652100,5133.5,5134.75,5132,5133.25
1705652400,5133.25,5134.75,5132.25,5134.75
1705652700,5134.75,5135,5133,5133
1705653000,5133,5133,5130.75,5132.5
1705653300,5132.25,5133.25,5131.25,5133
1705653600,5133,5133.25,5131.25,5132.25
1705653900,5132.25,5134.5,5131.5,5134.25
1705654200,5134.5,5135.25,5134,5134.75
1705654500,5135,5137.75,5134.5,5137.25
1705654800,5137.25,5139.75,5136.75,5139
1705655100,5139,5139.75,5137.5,5139.75
1705655400,5139.75,5142.75,5138.5,5142.75
1705655700,5142.5,5143.5,5142,5142.5
1705656000,5142.5,5144.5,5142.25,5144.25
1705656300,5144,5144.75,5143.5,5144
1705656600,5143.75,5143.75,5140.5,5140.5
1705656900,5140.75,5140.75,5138.25,5139
1705657200,5139,5139,5137,5137.5
1705657500,5137.25,5139,5136.75,5138.75
1705657800,5138.75,5141.25,5138.25,5140.75
1705658100,5141,5142.75,5140.75,5142.75
1705658400,5142.75,5142.75,5141,5142.25
1705658700,5142.25,5143.25,5141.5,5142.5
1705659000,5142.75,5143,5141.75,5142.25
1705659300,5142.25,5142.25,5139.75,5141.25
1705659600,5141.25,5142,5141,5141.5
1705659900,5141.25,5141.25,5139.75,5141
1705660200,5141,5141.5,5140,5141.25
1705660500,5141,5143.5,5141,5142.75
1705660800,5143,5143.75,5142.5,5142.5
1705661100,5142.5,5143.5,5142.25,5143.5
1705661400,5143.5,5144.75,5143,5144
1705661700,5144,5145.5,5143.5,5143.75
1705662000,5143.5,5144.75,5142.75,5143.75
1705662300,5143.75,5145,5143.75,5144.5
1705662600,5144.75,5146.25,5144.5,5145.25
1705662900,5145.25,5145.75,5144.25,5145
1705663200,5144.75,5146,5144.5,5145.75
1705663500,5145.5,5145.5,5144.5,5145.25
1705663800,5145,5148.5,5144.75,5148.25
1705664100,5148,5148.5,5147.5,5148.5
1705664400,5148.25,5148.75,5147.5,5148.5
1705664700,5148.5,5148.75,5147.75,5148.25
1705665000,5148.25,5148.5,5146.5,5146.5
1705665300,5146.5,5148.25,5146,5147.75
1705665600,5147.5,5148,5146,5147.25
1705665900,5147.25,5148,5146.5,5146.5
1705666200,5146.75,5146.75,5145.25,5146.25
1705666500,5146.5,5146.5,5144.75,5145
1705666800,5145,5145.5,5143.75,5144.25
1705667100,5144.25,5145.25,5143.75,5144.25
1705667400,5144,5145,5143.25,5144.25
1705667700,5144.5,5145.25,5144,5145
1705668000,5145.25,5145.25,5142.5,5143
1705668300,5143,5144,5142.5,5143.75
1705668600,5143.75,5146.75,5143.75,5146.25
1705668900,5146.5,5149,5146.5,5148.25
1705669200,5148.25,5152,5148.25,5150.5
1705669500,5150.5,5153.75,5150,5152.75
1705669800,5152.75,5154.25,5151.75,5153.5
1705670100,5153.5,5154.25,5152.25,5153
1705670400,5152.75,5153.75,5151.25,5151.75
1705670700,5151.5,5151.75,5149.25,5149.5
1705671000,5149.5,5151.5,5148.25,5149.5
1705671300,5149.5,5150.25,5149,5149.25
1705671600,5149.25,5149.25,5145.5,5146
1705671900,5146,5147.75,5146,5146.5
1705672200,5146.25,5146.75,5145,5145.5
1705672500,5145.5,5145.75,5143,5144.25
1705672800,5144.25,5145,5141.75,5143.5
1705673100,5143.25,5145.25,5142.75,5143.25
1705673400,5143.25,5143.75,5139.5,5140.75
1705673700,5140.75,5141.5,5139.75,5140
1705674000,5140,5142.25,5139.5,5142.25
1705674300,5142,5142,5134,5135
1705674600,5135,5138.5,5130.25,5131.5
1705674900,5131.5,5133,5129,5129.75
1705675200,5130,5131.75,5128,5129
1705675500,5129,5132,5128.25,5131
1705675800,5130.75,5136.5,5129.25,5135.5
1705676100,5135.25,5138,5134,5137.5
1705676400,5137.75,5142.75,5134.25,5138.25
1705676700,5138.5,5139,5128.5,5130.75
1705677000,5131,5134,5129.5,5132
1705677300,5132.25,5138.25,5131.5,5137
1705677600,5137,5139.25,5132.25,5135.5
1705677900,5135.5,5138.75,5134.75,5138.25
1705678200,5138,5138.25,5132,5133.25
1705678500,5133.5,5138.75,5133,5137.25
1705678800,5137.25,5140.5,5136.25,5140.25
1705679100,5140.25,5141.5,5137.5,5137.75
1705679400,5138,5140.75,5136,5140.5
1705679700,5140.75,5145,5139.25,5141.5
1705680000,5141.75,5144.25,5139,5142.5
1705680300,5142.5,5146.5,5142,5145.5
1705680600,5145.5,5152.25,5145.5,5147
1705680900,5147,5150.5,5146.5,5148.75
1705681200,5148.75,5149.25,5147,5149.25
1705681500,5149.25,5150.25,5146.75,5147.5
1705681800,5147.75,5148,5145,5145.25
1705682100,5145.5,5145.5,5142.25,5143.75
1705682400,5143.75,5144.25,5141.25,5143.75
1705682700,5143.75,5144,5141,5142.25
1705683000,5142.25,5146.75,5141.75,5145
1705683300,5145,5148.5,5143.25,5148
1705683600,5148,5149.5,5146,5147.5
1705683900,5147.75,5148.25,5145.25,5145.5
1705684200,5145.75,5147.25,5141.75,5146.5
1705684500,5146.75,5149,5146.25,5147.5
1705684800,5147.5,5151,5146,5150.5
1705685100,5150.5,5154,5149.75,5153
1705685400,5153,5160.25,5152.5,5156.5
1705685700,5156.5,5159.75,5155.5,5155.75
1705686000,5155.5,5157,5152,5156.5
1705686300,5156.5,5156.75,5153.5,5155.5
1705686600,5155.5,5159.25,5155.5,5159
1705686900,5159,5161.5,5158.75,5161.25
1705687200,5161.5,5161.75,5156.5,5158.5
1705687500,5158.5,5162.5,5158.25,5161.5
1705687800,5161.75,5165.25,5161,5164
1705688100,5164,5168.5,5164,5164.75
1705688400,5165,5169.75,5165,5167.75
1705688700,5168,5169.5,5166.75,5169.25
1705689000,5169.25,5171.25,5169,5170
1705689300,5170,5173.25,5170,5172.25
1705689600,5172.25,5174.25,5171.5,5173.75
1705689900,5173.75,5174.5,5171.25,5173
1705690200,5173,5173.5,5171,5172.75
1705690500,5172.75,5176.75,5172.75,5176.5
1705690800,5176.75,5178,5175,5177.5
1705691100,5177.75,5179,5176.75,5178.75
1705691400,5178.75,5183.25,5178.5,5182.5
1705691700,5182.25,5183.25,5177.75,5179
1705692000,5179,5181.5,5176.75,5181
1705692300,5181,5187.25,5177.5,5179.25
1705692600,5179.5,5180.75,5174.25,5176.5
1705692900,5176.5,5180,5172.75,5179.25
1705693200,5179.5,5181.5,5175.75,5179
1705693500,5179,5181.25,5175.75,5180.5
1705693800,5180.5,5181,5176.75,5179.25
1705694100,5179.5,5182.25,5179.5,5181.75
1705694400,5182,5185.25,5180,5183
1705694700,5183.25,5185,5182,5182.25
1705695000,5182.5,5183.25,5180.5,5181.5
1705695300,5181.75,5183.75,5180.25,5181.75
1705695600,5182,5182.75,5177.5,5178.75
1705695900,5178.75,5182.5,5178,5181
1705696200,5181,5182.5,5179.5,5182.5
1705696500,5182.5,5183.75,5180,5180.75
1705696800,5180.75,5181.75,5178.5,5178.5
1705697100,5178.5,5182,5178,5181.25
1705697400,5181.25,5184,5179.5,5183.5
1705697700,5183.5,5184.75,5179.75,5183.75
1705698000,5183.75,5187,5180.5,5186.25
1705698300,5186.5,5186.5,5185,5185.75
1705698600,5185.75,5186,5183.75,5184.75
1705698900,5184.75,5184.75,5183.25,5183.75
1705699200,5183.75,5184.5,5182.75,5184
1705699500,5184.25,5186,5184,5186
1705699800,5185.75,5186.5,5185.75,5186
1705700100,5186,5187.25,5186,5186.75
1705700400,5186.5,5186.75,5186,5186.25
1705700700,5186.25,5186.5,5185.75,5186
1705701000,5186,5186.5,5185.25,5186.25
1705701300,5186.5,5186.75,5182.75,5182.75
1705878000,5185.5,5192.25,5185.5,5191.75
1705878300,5191.75,5192,5189,5189.75
1705878600,5189.75,5189.75,5188.5,5189.25
1705878900,5189.25,5190.25,5188.75,5189
1705879200,5189,5189.25,5187,5187.75
1705879500,5187.75,5188.25,5187,5187.25
1705879800,5187,5188.5,5187,5187.5
1705880100,5187.5,5188.5,5186.75,5188.5
1705880400,5188.25,5189,5187.5,5188.75
1705880700,5189,5189.5,5187.5,5188.75
1705881000,5188.75,5189,5188,5188
1705881300,5188,5188.25,5187.25,5187.5
1705881600,5187.5,5188,5186.5,5187.5
1705881900,5187.5,5189.25,5187.25,5189
1705882200,5189,5189,5187.75,5188
1705882500,5188,5189.5,5187.5,5189.5
1705882800,5189.5,5189.75,5188.75,5188.75
1705883100,5188.75,5190,5188.75,5190
1705883400,5190,5191.25,5189.5,5191
1705883700,5191.25,5191.75,5190.25,5191.75
1705884000,5191.5,5194.75,5191.5,5193.5
1705884300,5193.5,5194.75,5192.75,5194.75
1705884600,5194.5,5197,5193.75,5196.25
1705884900,5196.25,5199.75,5196,5199
1705885200,5198.75,5200.5,5198.25,5200
1705885500,5200,5200.25,5198.75,5198.75
1705885800,5198.75,5199.25,5197.5,5198.5
1705886100,5198.5,5198.5,5195.25,5195.75
1705886400,5195.5,5197.5,5195.5,5197.5
1705886700,5197.25,5198,5196.5,5197.75
1705887000,5197.75,5198.25,5196.25,5197
1705887300,5197,5197.25,5195.5,5195.75
1705887600,5196,5196,5194.5,5194.75
1705887900,5195,5197,5194.5,5196.25
1705888200,5196.25,5196.25,5194.75,5195.75
1705888500,5196,5196.25,5195.25,5196
1705888800,5196,5196,5194.5,5195.5
1705889100,5195.25,5196,5195,5195
1705889400,5195,5197,5195,5196.5
1705889700,5196.75,5198,5196.5,5198
1705890000,5197.75,5197.75,5195.75,5196
1705890300,5196,5196.5,5194.5,5194.5
1705890600,5194.75,5195,5192.75,5193.25
1705890900,5193.25,5194.25,5192.75,5193.75
1705891200,5194,5194.75,5193.75,5194.5
1705891500,5194.75,5196,5194.75,5195.75
1705891800,5196,5196,5195,5195.25
1705892100,5195.25,5195.5,5194.25,5194.75
1705892400,5195,5195.5,5194.5,5195
1705892700,5194.75,5194.75,5194,5194
1705893000,5194.25,5194.25,5193.25,5193.75
1705893300,5193.75,5194.5,5193.25,5194.5
1705893600,5194.25,5194.25,5193.25,5193.25
1705893900,5193.5,5194.75,5193.5,5194.25
1705894200,5194.5,5195.25,5194.25,5195
1705894500,5195,5195.5,5194.75,5195.5
1705894800,5195.5,5195.5,5194.5,5194.75
1705895100,5195,5196.25,5194.75,5195.25
1705895400,5195.25,5195.5,5193.5,5193.75
1705895700,5193.5,5194.5,5193.25,5194.5
1705896000,5194.5,5195.75,5194.25,5195.5
1705896300,5195.5,5196.25,5195.25,5196
1705896600,5196,5196.25,5195.25,5195.75
1705896900,5195.75,5196.5,5195,5195
1705897200,5194.75,5195.25,5194.75,5195
1705897500,5195,5195.5,5194.75,5195.25
1705897800,5195.25,5195.5,5194.75,5195
1705898100,5195,5195.5,5194.75,5194.75
1705898400,5194.75,5195.25,5194.5,5194.75
1705898700,5195,5195.25,5194.75,5195.25
1705899000,5195,5195.5,5195,5195.25
1705899300,5195.25,5195.5,5195,5195.25
1705899600,5195.25,5195.5,5194.5,5195
1705899900,5194.75,5195.25,5194,5195.25
1705900200,5195.25,5195.25,5194.75,5195
1705900500,5195,5195,5194.25,5194.5
1705900800,5194.5,5195,5194.25,5194.5
1705901100,5194.5,5194.75,5193.5,5193.75
1705901400,5193.5,5194.5,5193,5194.5
1705901700,5194.5,5195,5193.75,5193.75
1705902000,5193.75,5194.5,5193.75,5194
1705902300,5194,5194.25,5193.5,5193.75
1705902600,5193.75,5193.75,5192.5,5192.5
1705902900,5192.75,5192.75,5191.75,5192.5
1705903200,5192.5,5194.5,5192.5,5194.25
1705903500,5194.25,5194.5,5193,5193.75
1705903800,5194,5194.25,5193.5,5194
1705904100,5194,5195,5194,5194.25
1705904400,5194,5194.25,5192.25,5192.5
1705904700,5192.5,5193,5191.75,5192.75
1705905000,5192.75,5193,5191.75,5192.75
1705905300,5192.75,5193.25,5192.5,5192.75
1705905600,5192.75,5193,5192,5192.75
1705905900,5192.5,5194,5192.5,5193.75
1705906200,5193.75,5193.75,5192.5,5193
1705906500,5193,5194.5,5192.75,5193.5
1705906800,5193.25,5193.25,5190.75,5191.5
1705907100,5191.25,5192,5190.5,5191
1705907400,5191,5193.75,5190.75,5193.75
1705907700,5193.75,5195.25,5193.25,5195
1705908000,5194.75,5195.5,5194,5194.75
1705908300,5194.75,5195.25,5194.25,5194.75
1705908600,5194.75,5195.5,5193.75,5193.75
1705908900,5194,5195.25,5192.5,5193.75
1705909200,5193.75,5195.5,5193.5,5195.5
1705909500,5195.5,5195.5,5194.25,5194.75
1705909800,5194.5,5195.5,5193.75,5194.75
1705910100,5194.75,5195.5,5194,5194.5
1705910400,5194.25,5196.25,5194,5196
1705910700,5195.75,5195.75,5192.25,5193.25
1705911000,5193,5195.5,5193,5194.25
1705911300,5194,5196.75,5193.75,5195.75
1705911600,5195.75,5197.5,5195.5,5197.5
1705911900,5197.5,5197.5,5194.5,5195
1705912200,5195.25,5195.5,5193.75,5194
1705912500,5194,5194.5,5193.25,5193.75
1705912800,5193.5,5194.25,5192.75,5193.25
1705913100,5193,5193.75,5191.75,5192.25
1705913400,5192.25,5193,5191.75,5192.75
1705913700,5192.5,5195.25,5192.25,5195
1705914000,5195.25,5196.25,5194.25,5195.5
1705914300,5195.75,5196.5,5194.25,5195.75
1705914600,5195.5,5195.5,5193.5,5194.25
1705914900,5194,5195.75,5194,5195.5
1705915200,5195.75,5195.75,5194.25,5194.5
1705915500,5194.5,5196,5194.25,5195
1705915800,5195.25,5196.25,5194.75,5196.25
1705916100,5196.25,5196.5,5195.25,5195.5
1705916400,5195.25,5197.75,5195,5197.25
1705916700,5197,5197.25,5195.5,5195.75
1705917000,5196,5197.25,5196,5197
1705917300,5197,5198,5196.75,5197.25
1705917600,5197.25,5197.75,5195.75,5196
1705917900,5196.25,5197.25,5195.25,5196.75
1705918200,5196.75,5199.5,5196.75,5199.25
1705918500,5199.25,5199.5,5197.25,5197.75
1705918800,5197.75,5198,5196.25,5196.75
1705919100,5196.75,5197.25,5196.5,5196.75
1705919400,5196.75,5197.75,5196.5,5197.25
1705919700,5197,5197.5,5195.5,5195.5
1705920000,5195.75,5196.75,5195.5,5195.75
1705920300,5196,5197.75,5195.75,5197.25
1705920600,5197.25,5197.75,5196.5,5196.75
1705920900,5196.5,5197,5195.75,5196.5
1705921200,5196.75,5197,5196,5196.75
1705921500,5197,5198.25,5196.75,5197.75
1705921800,5197.75,5198.5,5197.25,5198
1705922100,5198.25,5198.75,5197.5,5198.5
1705922400,5198.5,5199,5197.75,5198.5
1705922700,5198.5,5198.5,5197.5,5198.25
1705923000,5198.25,5199,5198,5198.75
1705923300,5198.75,5200.75,5198.5,5200.5
1705923600,5200.25,5200.75,5198.75,5199.75
1705923900,5199.75,5200.25,5199,5199
1705924200,5199,5199.25,5198,5198.5
1705924500,5198.5,5199,5197,5197.25
1705924800,5197.25,5199,5196.75,5199
1705925100,5199.25,5200.25,5199,5199.5
1705925400,5199.25,5200.5,5199,5200.5
1705925700,5200.5,5200.75,5199.25,5199.75
1705926000,5200,5200.75,5199.75,5200.5
1705926300,5200.5,5202.75,5200.25,5202
1705926600,5202,5203.5,5201.75,5202.75
1705926900,5202.75,5203,5200.25,5200.75
1705927200,5200.75,5202.5,5200.75,5201.75
1705927500,5201.75,5202,5200.25,5201.5
1705927800,5201.75,5202.75,5201.5,5202.5
1705928100,5202.5,5203.5,5202.25,5202.75
1705928400,5202.75,5203,5201,5201.25
1705928700,5201.25,5202.5,5201,5201.25
1705929000,5201.25,5201.25,5200.25,5201.25
1705929300,5201.25,5201.75,5199.75,5200.25
1705929600,5200.25,5202.25,5199.75,5202.25
1705929900,5202.25,5202.75,5201.5,5202.5
1705930200,5202.5,5203,5199,5199.75
1705930500,5199.75,5200.25,5199,5199
1705930800,5199.25,5200,5197,5197.5
1705931100,5197.5,5197.75,5196.5,5197
1705931400,5196.75,5199,5196.75,5198.5
1705931700,5198.75,5199.75,5198.25,5199
1705932000,5198.75,5199.25,5196.5,5196.5
1705932300,5196.5,5198,5196,5197
1705932600,5197.25,5197.5,5196.25,5197
1705932900,5197,5198.5,5197,5197.5
1705933200,5197.5,5200.75,5197.25,5199
1705933500,5199.25,5200.5,5197.5,5198.75
1705933800,5198.75,5207.5,5198,5207
1705934100,5207,5208.25,5203.5,5207.5
1705934400,5207.5,5208,5201.75,5203.75
1705934700,5203.75,5208,5202.25,5207
1705935000,5207,5211,5206.5,5210.75
1705935300,5210.75,5211,5206,5209.25
1705935600,5209.25,5211.25,5202,5203
1705935900,5203,5208.25,5201.5,5207.75
1705936200,5207.75,5209.5,5205.25,5208.5
1705936500,5208.75,5209.75,5204.25,5204.75
1705936800,5205,5207,5203,5206
1705937100,5206,5208.25,5201.5,5202.75
1705937400,5203,5203,5195,5198.75
1705937700,5198.75,5202,5197.25,5202
1705938000,5201.75,5202,5198.5,5199.25
1705938300,5199.25,5199.75,5192.25,5194
1705938600,5193.75,5198.5,5193.75,5197.25
1705938900,5197.5,5198.5,5192.5,5194.25
1705939200,5194.5,5194.75,5188.25,5191
1705939500,5191,5196.25,5191,5195.5
1705939800,5195.5,5197.5,5194.25,5197.25
1705940100,5197,5199.5,5196.5,5198.5
1705940400,5198.25,5199.5,5197.25,5198.5
1705940700,5198.5,5200.25,5197.75,5199.5
1705941000,5199.75,5200.25,5198.25,5199.25
1705941300,5199.5,5200.5,5197.25,5197.75
1705941600,5197.5,5198,5193.75,5194.5
1705941900,5194.5,5197.25,5194.25,5196.5
1705942200,5196.75,5198,5195.25,5197.75
1705942500,5198,5201,5197,5199.25
1705942800,5199.5,5200.5,5198,5198.5
1705943100,5198.75,5198.75,5191.5,5193.25
1705943400,5193.25,5196,5191.25,5195.75
1705943700,5195.75,5197.5,5194,5196.25
1705944000,5196.5,5199,5195.75,5197.75
1705944300,5198,5198.75,5196.75,5198
1705944600,5198.25,5199.25,5194.75,5195.25
1705944900,5195.5,5197.75,5194,5197
1705945200,5196.75,5197.5,5195,5197
1705945500,5197,5197.75,5195.75,5196
1705945800,5196,5198.25,5194.25,5196.75
1705946100,5196.75,5197.75,5194.75,5196.25
1705946400,5196.5,5196.5,5191.75,5193
1705946700,5193,5196.25,5192.75,5192.75
1705947000,5192.75,5196.25,5192.75,5196
1705947300,5196,5196.75,5192.25,5192.5
1705947600,5192.5,5195.25,5191,5192
1705947900,5192.25,5193.25,5186.5,5187.5
1705948200,5187.75,5191,5187.25,5190
1705948500,5190.25,5193.75,5189.5,5192.75
1705948800,5192.75,5193.75,5191,5192.25
1705949100,5192,5196,5191.75,5194.5
1705949400,5194.75,5198.75,5194,5198
1705949700,5198,5198.75,5196.75,5197.25
1705950000,5197.25,5199,5197.25,5198
1705950300,5198.25,5198.75,5197.25,5197.75
1705950600,5198,5198,5194.75,5195.25
1705950900,5195.25,5196,5190.5,5191
1705951200,5191,5193,5189,5192.5
1705951500,5192.75,5195,5191.5,5195
1705951800,5194.75,5196.5,5191.25,5192.25
1705952100,5192.5,5195.5,5191.75,5195
1705952400,5195.25,5195.75,5193.25,5193.75
1705952700,5193.75,5195.5,5192.75,5194.5
1705953000,5194.25,5195.5,5193.25,5194.5
1705953300,5194.25,5195.75,5193.75,5195.25
1705953600,5195.25,5195.75,5192.5,5194.25
1705953900,5194,5196,5192,5195.75
1705954200,5195.5,5197.25,5194.5,5196.5
1705954500,5196.5,5197.25,5195.75,5196.75
1705954800,5196.75,5197.75,5195.25,5197.25
1705955100,5197,5201,5197,5200
1705955400,5200,5201,5198.75,5199.5
1705955700,5199.25,5200.75,5197.75,5198
1705956000,5198.25,5199.75,5195.75,5196.25
1705956300,5196.5,5196.5,5193.5,5194
1705956600,5194,5198,5192.75,5194.25
1705956900,5194,5196.5,5193,5194.75
1705957200,5194.75,5195.5,5192.5,5193.25
1705957500,5193,5193.75,5192.25,5193
1705957800,5193,5193.25,5192.5,5192.75
1705958100,5193,5193.5,5192.5,5193.5
1705958400,5193.25,5193.75,5192.75,5193.5
1705958700,5193.5,5194.5,5193.25,5193.75
1705959000,5194,5194,5193.5,5193.5
1705959300,5193.75,5194.25,5193.5,5194.25
1705959600,5194,5194.5,5193.75,5194.25
1705959900,5194.25,5194.25,5193.5,5194
1705960200,5194.25,5194.25,5193.5,5194
1705960500,5193.75,5194,5193.5,5193.75
1705964400,5194.75,5195,5192,5192.5
1705964700,5192.5,5194.5,5192,5194.25
1705965000,5194,5194.5,5193.25,5193.5
1705965300,5193.75,5194,5193.25,5194
1705965600,5194,5194,5193.25,5193.5
1705965900,5193.5,5194.5,5193.5,5194.25
1705966200,5194,5195.25,5194,5195
1705966500,5195,5195.75,5195,5195.5
1705966800,5195.5,5195.75,5195,5195.5
1705967100,5195.75,5195.75,5194.75,5195.25
1705967400,5195,5195.25,5194.25,5194.75
1705967700,5194.5,5194.75,5194.25,5194.25
1705968000,5194.25,5195.75,5194,5195.25
1705968300,5195.5,5196,5195,5196
1705968600,5196,5196,5194,5194.25
1705968900,5194,5194.75,5193.25,5194.25
1705969200,5194.25,5194.75,5194,5194.5
1705969500,5194.5,5194.5,5193.5,5194
1705969800,5194.25,5194.75,5194.25,5194.75
1705970100,5194.75,5195,5193.75,5194
1705970400,5194,5194.75,5193.75,5194.75
1705970700,5194.5,5194.75,5194.25,5194.5
1705971000,5194.75,5195.5,5194.75,5195.5
1705971300,5195.5,5195.5,5194.25,5194.75
1705971600,5194.75,5195,5193.5,5194
1705971900,5194,5194.25,5193.25,5193.5
1705972200,5193.75,5194,5192.75,5193
1705972500,5193,5193,5192.25,5192.5
1705972800,5192.75,5194.25,5192.5,5193.5
1705973100,5193.5,5194,5193.25,5193.5
1705973400,5193.5,5193.75,5192.25,5193.25
1705973700,5193.25,5193.75,5192.25,5192.75
1705974000,5192.75,5193,5192.25,5192.25
1705974300,5192.5,5193,5192,5193
1705974600,5192.75,5193.75,5192.75,5193.5
1705974900,5193.5,5197.75,5193.5,5196.25
1705975200,5196,5197.5,5194.75,5197.25
1705975500,5197.25,5197.5,5196,5196.5
1705975800,5196.5,5197.25,5196.25,5197
1705976100,5197,5198,5196.75,5197.5
1705976400,5197.25,5197.5,5196.75,5197.5
1705976700,5197.5,5198,5197,5197.5
1705977000,5197.5,5198,5197,5197.25
1705977300,5197.25,5197.25,5196,5196.25
1705977600,5196.25,5196.25,5195.25,5195.75
1705977900,5195.75,5196.5,5195.25,5195.75
1705978200,5195.75,5196,5195.25,5195.5
1705978500,5195.5,5195.75,5194,5194.25
1705978800,5194.25,5195,5194.25,5194.75
1705979100,5194.75,5195.25,5194.25,5195
1705979400,5195,5195,5193.25,5194
1705979700,5194,5195.5,5194,5195.25
1705980000,5195.25,5196.5,5195.25,5196.5
1705980300,5196.5,5196.5,5195.5,5195.75
1705980600,5196,5196.25,5195.75,5195.75
1705980900,5195.75,5196.5,5195.5,5195.5
1705981200,5195.25,5195.75,5194.25,5194.75
1705981500,5194.75,5195.5,5194.5,5195
1705981800,5195,5195.25,5193.5,5193.75
1705982100,5193.75,5194.5,5193,5193
1705982400,5193.25,5195.5,5193.25,5195
1705982700,5195,5195.5,5194.75,5195
1705983000,5194.75,5195.75,5194.75,5195.75
1705983300,5195.75,5196,5194.75,5195.5
1705983600,5195.5,5196.25,5195.25,5195.75
1705983900,5195.75,5196,5195.25,5195.75
1705984200,5195.75,5195.75,5194.75,5195
1705984500,5194.75,5195.25,5194.5,5194.75
1705984800,5195,5195.25,5194.75,5195
1705985100,5195,5195.5,5195,5195.25
1705985400,5195.25,5195.25,5194.75,5194.75
1705985700,5194.75,5195,5194.5,5194.75
1705986000,5194.5,5195.5,5194.5,5195
1705986300,5195.25,5195.5,5194.75,5195.5
1705986600,5195.25,5195.75,5195,5195.5
1705986900,5195.5,5195.5,5194.5,5194.75
1705987200,5194.75,5195.5,5194.75,5195.25
1705987500,5195.25,5195.25,5194.25,5194.75
1705987800,5195,5195,5193.75,5195
1705988100,5195,5196,5195,5195
1705988400,5195,5195,5194.5,5194.5
1705988700,5194.75,5194.75,5194,5194.25
1705989000,5194.25,5194.5,5193.75,5194.5
1705989300,5194.25,5195,5194.25,5194.5
1705989600,5194.25,5195.25,5194,5195.25
1705989900,5195.25,5195.25,5194.25,5195
1705990200,5195,5195.25,5194.75,5194.75
1705990500,5194.75,5195.75,5194.75,5195.5
1705990800,5195.5,5195.75,5194.75,5195
1705991100,5195,5195.5,5194.75,5195
1705991400,5195,5195.5,5194.5,5195.5
1705991700,5195.5,5195.5,5194.5,5195.25
1705992000,5195.25,5195.5,5194.5,5194.75
1705992300,5195,5196.5,5194.75,5196
1705992600,5196,5196.25,5195,5195.5
1705992900,5195.25,5196.25,5195.25,5195.75
1705993200,5195.75,5197.5,5195.75,5197.5
1705993500,5197.5,5198,5197.25,5197.5
1705993800,5197.5,5198.25,5197.25,5198.25
1705994100,5198,5198.5,5197.5,5197.75
1705994400,5197.75,5198,5197,5197.25
1705994700,5197,5197.75,5196.75,5197.75
1705995000,5197.75,5197.75,5196.25,5196.5
1705995300,5196.25,5197.75,5196,5197.25
1705995600,5197.25,5197.25,5196.25,5196.75
1705995900,5196.5,5197,5196,5196.25
1705996200,5196.25,5197.25,5196,5196.75
1705996500,5196.75,5197.5,5196.25,5197.5
1705996800,5197.25,5198.5,5196,5196.75
1705997100,5197,5198.75,5196.75,5197.25
1705997400,5197.25,5197.5,5194.75,5194.75
1705997700,5195,5195.25,5193,5193.5
1705998000,5193.75,5194,5191.5,5192.25
1705998300,5192.25,5192.75,5191.75,5192.25
1705998600,5192.25,5193.5,5192,5193.5
1705998900,5193.25,5193.25,5191.5,5191.5
1705999200,5191.5,5192.5,5190.25,5192
1705999500,5191.75,5192,5191,5191.25
1705999800,5191.25,5192,5190.75,5191.25
1706000100,5191.25,5191.75,5191,5191.5
1706000400,5191.5,5193.25,5191.25,5192
1706000700,5192,5192.75,5191.5,5192.75
1706001000,5192.75,5194.25,5192.5,5194
1706001300,5194,5194.75,5193.5,5194.5
1706001600,5194.5,5196,5194.25,5195.75
1706001900,5195.75,5196,5194,5194.25
1706002200,5194.5,5195.5,5193.75,5194.75
1706002500,5194.75,5195.5,5194,5195
1706002800,5195.25,5195.75,5194.5,5195.75
1706003100,5195.5,5196,5194.75,5195.75
1706003400,5195.5,5195.5,5194.5,5195
1706003700,5194.75,5195.5,5194.75,5194.75
1706004000,5194.75,5194.75,5193.5,5193.5
1706004300,5193.5,5193.75,5191.5,5191.75
1706004600,5192,5192.5,5191.25,5192
1706004900,5192,5193.75,5191.5,5193
1706005200,5193,5194,5193,5193.5
1706005500,5193.75,5194.25,5193.25,5193.5
1706005800,5193.5,5194.5,5192.75,5193
1706006100,5193,5193,5192,5192.5
1706006400,5192.75,5194.75,5192.75,5193.25
1706006700,5193.25,5194,5193.25,5193.75
1706007000,5193.5,5193.75,5192.75,5193
1706007300,5192.75,5193.5,5192.25,5193
1706007600,5193.25,5194.5,5192.75,5194
1706007900,5194.25,5195.25,5194.25,5194.75
1706008200,5195,5195.5,5194.25,5195.25
1706008500,5195.25,5195.25,5194.25,5194.5
1706008800,5194.25,5194.5,5192.5,5193.25
1706009100,5193.25,5193.25,5192.25,5192.5
1706009400,5192.75,5193.25,5192.25,5193
1706009700,5193,5194.75,5193,5194.5
1706010000,5194.5,5194.75,5193.5,5194.5
1706010300,5194.5,5194.75,5193.75,5194.25
1706010600,5194.25,5194.75,5193.75,5194.5
1706010900,5194.75,5195.75,5194.25,5195.25
1706011200,5195.25,5196,5194.75,5195.25
1706011500,5195.5,5196.25,5195.25,5196
1706011800,5196.25,5196.75,5195.75,5196.5
1706012100,5196.5,5196.5,5195.25,5196.25
1706012400,5196.5,5197.25,5196.25,5196.5
1706012700,5196.75,5196.75,5195.5,5195.75
1706013000,5195.75,5196.75,5195.75,5196.5
1706013300,5196.25,5197.25,5195.75,5197.25
1706013600,5197.25,5197.75,5195.25,5195.75
1706013900,5195.5,5196,5195,5195.25
1706014200,5195.5,5196.75,5195,5196.75
1706014500,5197,5197.75,5196.75,5197.75
1706014800,5197.5,5199.5,5197.5,5199.25
1706015100,5199,5199.5,5198.25,5198.75
1706015400,5198.75,5198.75,5196.75,5197.75
1706015700,5197.75,5199,5197.75,5198.25
1706016000,5198.25,5200.5,5198,5200
1706016300,5199.75,5201.5,5199.75,5201.5
1706016600,5201.25,5202,5199.75,5200.75
1706016900,5201,5204,5200.75,5203.5
1706017200,5203.5,5204.75,5203.25,5204.25
1706017500,5204,5204.25,5201.75,5202.75
1706017800,5202.75,5203.25,5201.5,5202.25
1706018100,5202.5,5202.5,5200.75,5201.25
1706018400,5201.25,5201.5,5200.25,5200.5
1706018700,5200.25,5200.75,5198.25,5198.25
1706019000,5198.25,5200.25,5198.25,5200
1706019300,5199.75,5200.25,5198.25,5198.75
1706019600,5199,5199,5196.75,5197
1706019900,5197,5199.75,5195.75,5198.75
1706020200,5198.75,5202.25,5194,5194.25
1706020500,5194.5,5200.25,5193.5,5197.5
1706020800,5197.75,5199.5,5195,5197
1706021100,5197,5198,5195.25,5197.25
1706021400,5197.25,5199.25,5196,5197.75
1706021700,5197.75,5199.25,5196.75,5198
1706022000,5197.75,5200,5196,5196
1706022300,5196.25,5199.25,5194.75,5197.5
1706022600,5197.5,5200.5,5196.5,5199.75
1706022900,5199.5,5200.5,5197.25,5199.5
1706023200,5199.5,5199.75,5192.25,5194.5
1706023500,5194.5,5197.75,5193.5,5197
1706023800,5197,5197,5192.5,5193
1706024100,5193,5195.25,5192.25,5194.75
1706024400,5194.75,5195.5,5191.5,5192
1706024700,5191.75,5192.75,5189.5,5191.5
1706025000,5191.5,5191.75,5189,5190
1706025300,5190,5192.25,5189.5,5191
1706025600,5190.75,5193.75,5190.5,5193
1706025900,5192.75,5194.5,5192.25,5193.25
1706026200,5193.5,5195.25,5191.25,5191.5
1706026500,5191.5,5192.5,5188.25,5189.5
1706026800,5189.5,5191.25,5188.75,5189
1706027100,5189,5189.75,5187.5,5189
1706027400,5189,5189,5187.25,5187.5
1706027700,5187.5,5189.75,5187.25,5189.25
1706028000,5189,5191,5187.75,5190.75
1706028300,5190.75,5192.25,5189.5,5189.5
1706028600,5189.5,5192.5,5189.5,5192.5
1706028900,5192.25,5193.75,5191.25,5193.25
1706029200,5193.25,5194,5191.25,5192
1706029500,5192.25,5193,5191,5192.5
1706029800,5192.5,5193.75,5191,5192.25
1706030100,5192.25,5192.5,5190.75,5191.75
1706030400,5191.75,5192.25,5189,5189.5
1706030700,5189.75,5191.5,5189.25,5190.75
1706031000,5190.5,5192,5190,5190
1706031300,5190,5191.75,5189.25,5190.5
1706031600,5190.75,5191.75,5189.75,5191.25
1706031900,5191,5193.5,5191,5192
1706032200,5192.25,5196,5192.25,5195.75
1706032500,5195.75,5198.25,5195.25,5197.25
1706032800,5197.5,5198,5196,5196.5
1706033100,5196.5,5197,5194.75,5195.5
1706033400,5195.5,5197,5195,5196
1706033700,5196,5197.75,5195.5,5197.25
1706034000,5197.25,5198.25,5196.25,5196.25
1706034300,5196.5,5197.75,5195.75,5195.75
1706034600,5196,5196.75,5194,5195.25
1706034900,5195.25,5195.75,5194,5194.5
1706035200,5194.75,5196,5194.25,5195.75
1706035500,5195.75,5198,5195.25,5197.5
1706035800,5197.5,5199,5196.75,5198.25
1706036100,5198.25,5198.75,5196,5198
1706036400,5198.25,5199.25,5197.25,5197.25
1706036700,5197.25,5197.5,5195.75,5196.75
1706037000,5196.5,5198.75,5196.25,5197
1706037300,5197.25,5197.5,5195.5,5196.75
1706037600,5196.75,5197.25,5195.75,5196.75
1706037900,5196.5,5196.75,5194.75,5196.5
1706038200,5196.5,5197,5195,5195.5
1706038500,5195.75,5198.25,5195.25,5198
1706038800,5198,5199.5,5197.75,5199
1706039100,5199,5202.75,5198.75,5200.5
1706039400,5200.75,5201.5,5199.25,5201.25
1706039700,5201.5,5203.5,5201.25,5201.75
1706040000,5202,5203.25,5200.5,5202
1706040300,5202.25,5204.5,5201.25,5203
1706040600,5203.25,5209,5203.25,5207
1706040900,5207.25,5207.75,5205,5207.25
1706041200,5207.25,5208.25,5205.75,5206
1706041500,5205.75,5206.25,5204.25,5205.25
1706041800,5205.25,5206.25,5202.5,5204
1706042100,5204,5204,5202.5,5202.75
1706042400,5202.75,5205.25,5202,5204.75
1706042700,5204.75,5206,5202.25,5203.25
1706043000,5203.25,5208,5203,5208
1706043300,5208,5210,5207,5207.75
1706043600,5207.75,5210.75,5206.25,5208.75
1706043900,5209,5209.25,5207.25,5208.5
1706044200,5208.5,5211.5,5208,5211.5
1706044500,5211.25,5212.5,5210.75,5212.25
1706044800,5212,5212.25,5211,5211.25
1706045100,5211.25,5212.5,5211,5212.5
1706045400,5212.5,5213,5212,5213
1706045700,5212.75,5213,5212.25,5212.75
1706046000,5212.5,5214.25,5212.5,5214.25
1706046300,5214,5215,5213.25,5214
1706046600,5214,5215,5214,5214.25
1706046900,5214.25,5214.75,5213.75,5214
1706050800,5213.25,5216,5213.25,5215.5
1706051100,5215.75,5218,5215.5,5217
1706051400,5217.25,5218.5,5216.75,5217.75
1706051700,5217.75,5218,5217,5217
1706052000,5217,5218,5217,5218
1706052300,5217.75,5217.75,5217,5217.5
1706052600,5217.25,5218,5217,5217.5
1706052900,5217.25,5218.25,5217.25,5217.75
1706053200,5217.75,5218.25,5217.5,5217.75
1706053500,5217.5,5217.75,5217,5217.25
1706053800,5217.25,5217.5,5217,5217.5
1706054100,5217.25,5218,5217.25,5217.5
1706054400,5217.5,5217.5,5217,5217.25
1706054700,5217.25,5217.5,5216.75,5217
1706055000,5217.25,5217.5,5216.75,5217
1706055300,5216.75,5217.75,5216.5,5217.5
1706055600,5217.5,5217.75,5217,5217.25
1706055900,5217.25,5217.25,5216.5,5216.5
1706056200,5216.75,5217.25,5216.25,5216.25
1706056500,5216.5,5216.75,5216,5216.5
1706056800,5216.5,5217.25,5216.5,5217.25
1706057100,5217,5217.5,5217,5217.5
1706057400,5217.5,5218.5,5217.25,5218.5
1706057700,5218.5,5219.25,5217.75,5218.5
1706058000,5218.25,5218.5,5216,5216.5
1706058300,5216.5,5216.5,5216,5216.25
1706058600,5216,5217,5216,5216.75
1706058900,5216.5,5216.75,5216,5216.25
1706059200,5216.5,5217,5216,5216.5
1706059500,5216.75,5217.5,5216.75,5217.25
1706059800,5217.5,5218,5217.25,5217.75
1706060100,5217.75,5217.75,5217,5217
1706060400,5217,5217.75,5216.75,5216.75
1706060700,5216.75,5217,5216,5217
1706061000,5217,5217.25,5216.75,5217
1706061300,5217,5217,5216,5216.5
1706061600,5216.75,5217.25,5216.25,5216.25
1706061900,5216.25,5216.75,5215.5,5216.75
1706062200,5216.75,5216.75,5215.75,5216
1706062500,5216,5216.25,5215.5,5215.5
1706062800,5215.5,5216.5,5215.5,5216.25
1706063100,5216.25,5217,5216.25,5216.75
1706063400,5217,5217,5216.5,5216.75
1706063700,5217,5217.5,5216.5,5216.75
1706064000,5216.75,5217,5216.5,5217
1706064300,5216.75,5217.5,5216.75,5217
1706064600,5217,5217.5,5217,5217.25
1706064900,5217.25,5217.5,5217,5217.5
1706065200,5217.75,5217.75,5217.5,5217.75
1706065500,5217.75,5218.25,5217.5,5217.75
1706065800,5217.75,5218.5,5217.25,5218.25
1706066100,5218.5,5219.25,5218.5,5219.25
1706066400,5219,5219.5,5218.75,5219.5
1706066700,5219.5,5219.5,5218.5,5218.5
1706067000,5218.75,5219.25,5218.5,5219
1706067300,5219.25,5219.25,5218.75,5219.25
1706067600,5219.25,5219.25,5218.5,5218.75
1706067900,5218.75,5218.75,5218.25,5218.5
1706068200,5218.5,5219,5218,5218.25
1706068500,5218.25,5218.5,5217.75,5218.25
1706068800,5218.5,5218.75,5218.25,5218.25
1706069100,5218.25,5218.5,5218,5218.25
1706069400,5218.25,5218.5,5217.75,5217.75
1706069700,5217.75,5218.25,5217.75,5218
1706070000,5218.25,5218.75,5217.75,5218.5
1706070300,5218.5,5218.75,5218.25,5218.5
1706070600,5218.5,5218.5,5218.25,5218.5
1706070900,5218.5,5219,5218.25,5218.75
1706071200,5218.5,5219,5218.25,5218.5
1706071500,5218.75,5219,5218.75,5218.75
1706071800,5218.75,5219,5218.25,5218.25
1706072100,5218,5218.5,5218,5218.5
1706072400,5218.5,5218.75,5218,5218.75
1706072700,5218.5,5219,5218.25,5218.75
1706073000,5218.75,5219,5218.25,5218.5
1706073300,5218.5,5218.75,5218.25,5218.5
1706073600,5218.5,5219,5218.25,5218.75
1706073900,5218.5,5220,5218.5,5219.75
1706074200,5220,5220.75,5219.75,5220.75
1706074500,5220.75,5221.75,5220.25,5221
1706074800,5221.25,5221.25,5220.75,5220.75
1706075100,5220.75,5220.75,5220.25,5220.75
1706075400,5220.75,5220.75,5220,5220.25
1706075700,5220.5,5220.5,5220,5220
1706076000,5220,5221.5,5219.75,5220.75
1706076300,5221,5222,5220.75,5220.75
1706076600,5221,5221.75,5220.75,5221.5
1706076900,5221.5,5222,5221.25,5221.5
1706077200,5221.5,5222.25,5221,5222
1706077500,5221.75,5222.25,5221,5221
1706077800,5221.25,5221.5,5220.5,5220.75
1706078100,5220.75,5221.75,5220.5,5221.75
1706078400,5221.75,5222,5221.25,5221.75
1706078700,5221.75,5222.25,5221.5,5222
1706079000,5222.25,5223.5,5222,5223
1706079300,5223,5223.25,5221.5,5221.75
1706079600,5221.75,5222.75,5221,5222.75
1706079900,5222.5,5223.5,5222.5,5223
1706080200,5223,5223.5,5222.75,5222.75
1706080500,5223,5223,5222.5,5222.75
1706080800,5222.75,5223.5,5222.25,5223.25
1706081100,5223.25,5223.5,5222.5,5223.5
1706081400,5223.5,5224.25,5223.25,5224
1706081700,5224,5226,5224,5226
1706082000,5226.25,5227.75,5225.75,5227.5
1706082300,5227.5,5227.5,5225.75,5226.5
1706082600,5226.75,5226.75,5225.25,5225.25
1706082900,5225.25,5226.25,5224.25,5225.75
1706083200,5226,5227.5,5225.75,5226
1706083500,5226,5227.25,5225.5,5225.75
1706083800,5226,5227.25,5226,5226.25
1706084100,5226.5,5227.25,5225.75,5226.75
1706084400,5226.75,5227.5,5226,5226
1706084700,5226,5226.5,5225.25,5226.5
1706085000,5226.5,5228,5226.25,5227.5
1706085300,5227.5,5228,5226.75,5227.5
1706085600,5227.5,5228,5227,5227
1706085900,5227,5227,5225.75,5226.25
1706086200,5226.25,5227,5226,5227
1706086500,5227,5227.75,5227,5227.5
1706086800,5227.25,5227.5,5226.5,5226.5
1706087100,5226.75,5227.75,5226,5227.25
1706087400,5227,5227.5,5226.5,5226.75
1706087700,5226.75,5227,5226,5226.75
1706088000,5226.75,5229.25,5226.75,5228.25
1706088300,5228,5229.25,5227.5,5227.5
1706088600,5227.5,5228.25,5226.5,5227.75
1706088900,5227.75,5229.25,5227.5,5228.25
1706089200,5228.5,5229.75,5228.25,5228.75
1706089500,5228.75,5229,5228,5228.75
1706089800,5229,5230,5228.25,5229
1706090100,5229.25,5230,5228.75,5229.5
1706090400,5229.75,5230.25,5229.25,5230.25
1706090700,5230.25,5230.75,5228.75,5229.25
1706091000,5229.5,5229.5,5228,5228.25
1706091300,5228,5229,5227.25,5227.25
1706091600,5227.25,5227.5,5226.25,5226.5
1706091900,5226.25,5227,5225.5,5227
1706092200,5227,5228,5226.75,5227.75
1706092500,5227.75,5228.5,5227.5,5228
1706092800,5228,5228.25,5227.5,5227.75
1706093100,5227.75,5228,5226.75,5227.25
1706093400,5227.5,5227.5,5225.75,5227
1706093700,5227.25,5228.25,5227.25,5228.25
1706094000,5228.25,5229.5,5228,5228.5
1706094300,5228.5,5230.5,5228.5,5230.5
1706094600,5230.25,5231,5230.25,5230.75
1706094900,5230.75,5230.75,5229.5,5229.75
1706095200,5229.5,5229.75,5228.5,5229.25
1706095500,5229,5229.5,5228.75,5229.25
1706095800,5229.5,5229.75,5228.75,5228.75
1706096100,5229,5229.75,5228.5,5229.25
1706096400,5229.25,5229.75,5228.75,5229.25
1706096700,5229,5229.25,5228,5228.75
1706097000,5229,5229.25,5228.5,5229
1706097300,5229,5229,5228.25,5229
1706097600,5228.75,5229.25,5228,5228.75
1706097900,5228.75,5228.75,5227.75,5228.75
1706098200,5229,5229.75,5228.75,5229.25
1706098500,5229.25,5229.5,5228.25,5228.5
1706098800,5228.5,5229.75,5228.5,5229.25
1706099100,5229,5229.25,5228.25,5228.5
1706099400,5228.5,5229,5227.75,5229
1706099700,5229,5231,5228.5,5230.25
1706100000,5230.25,5230.25,5229.25,5229.25
1706100300,5229.25,5230.75,5229,5230
1706100600,5229.75,5230.5,5229.25,5229.25
1706100900,5229.25,5229.75,5229,5229.5
1706101200,5229.5,5232.75,5229.5,5232.25
1706101500,5232.25,5235.25,5232.25,5234.5
1706101800,5234.5,5236.75,5234.25,5235.5
1706102100,5235.5,5236,5233.75,5235.25
1706102400,5235,5236.75,5234.75,5236.25
1706102700,5236,5237.25,5235.25,5236.75
1706103000,5236.5,5237.5,5236.25,5237
1706103300,5237,5237,5233.5,5234.25
1706103600,5234.5,5234.5,5233,5233
1706103900,5233,5234,5232.75,5233.5
1706104200,5233.5,5234,5232,5232.5
1706104500,5232.75,5233.5,5231,5232.75
1706104800,5232.75,5233,5232,5232.75
1706105100,5232.5,5233.75,5231.75,5233.25
1706105400,5233,5234.5,5233,5234.25
1706105700,5234.25,5235,5234,5234.75
1706106000,5234.75,5236,5234.75,5235
1706106300,5235,5236.5,5234.25,5236.5
1706106600,5236.5,5236.75,5231.25,5233.75
1706106900,5233.75,5235.25,5231,5231.25
1706107200,5231.5,5232.75,5229.5,5231.75
1706107500,5231.5,5233,5227.75,5228.5
1706107800,5228.75,5230.75,5227.75,5230
1706108100,5230,5231.75,5228,5229.25
1706108400,5229.25,5229.75,5222,5223.75
1706108700,5224,5229,5222.75,5227.75
1706109000,5228,5231,5225,5230
1706109300,5229.75,5233,5229.5,5231.25
1706109600,5231.5,5232.25,5229,5231.5
1706109900,5231.5,5234,5231,5233.5
1706110200,5233.5,5234.25,5232,5233.25
1706110500,5233.25,5238,5232.5,5238
1706110800,5238,5244.25,5236.75,5244
1706111100,5244.25,5244.75,5237.75,5241.25
1706111400,5241.5,5241.75,5235,5237
1706111700,5237,5238.75,5235.5,5238
1706112000,5237.75,5240.75,5237.75,5240.25
1706112300,5240.25,5240.5,5234,5236.5
1706112600,5236.5,5237,5234,5234.25
1706112900,5234.25,5237.75,5233,5237.5
1706113200,5237.5,5240.5,5236.5,5238.25
1706113500,5238.25,5240.5,5237,5237.75
1706113800,5238,5239.5,5235.5,5236
1706114100,5236,5238.25,5235.75,5236.75
1706114400,5236.75,5239.25,5235.5,5235.75
1706114700,5236,5239.25,5235,5238.75
1706115000,5238.5,5241.25,5238.5,5240.75
1706115300,5240.5,5242.25,5240,5241.25
1706115600,5241.25,5242.75,5239,5241
1706115900,5241.25,5242.75,5239.25,5242.75
1706116200,5242.75,5243.5,5237.5,5239.25
1706116500,5239,5240,5237.5,5238.25
1706116800,5238.25,5240,5236.5,5240
1706117100,5240,5243.5,5240,5241.75
1706117400,5241.75,5244.5,5241.75,5244
1706117700,5244.25,5244.75,5242,5243.5
1706118000,5243.25,5243.5,5241.75,5242.75
1706118300,5242.75,5244.5,5242,5244.25
1706118600,5244.25,5246,5243.25,5245.5
1706118900,5245.75,5246.25,5244.75,5245.75
1706119200,5245.75,5245.75,5238.75,5240.25
1706119500,5240.25,5241.75,5237,5240
1706119800,5240,5240.25,5235.75,5235.75
1706120100,5235.75,5236.5,5232.75,5234.75
1706120400,5234.75,5235.75,5233.25,5235.25
1706120700,5235.25,5240.25,5234.5,5238.75
1706121000,5238.75,5238.75,5233.5,5235.5
1706121300,5235.25,5236,5229.5,5229.5
1706121600,5229.5,5233.25,5228,5229.75
1706121900,5229.75,5231,5228,5229.5
1706122200,5229.25,5231,5227.25,5230.5
1706122500,5230.25,5232.5,5229,5231.25
1706122800,5231.25,5232,5228.75,5229.75
1706123100,5229.75,5231.75,5228.75,5229
1706123400,5229,5229,5225.25,5225.25
1706123700,5225.5,5226.75,5224.5,5225.5
1706124000,5225.25,5225.5,5217.75,5219.25
1706124300,5219,5223.25,5218.5,5220.25
1706124600,5220.25,5223.5,5218,5219.25
1706124900,5219.25,5222,5218.75,5221.75
1706125200,5221.75,5226.75,5221.75,5226.25
1706125500,5226,5228.25,5225.75,5227.25
1706125800,5227.25,5229,5225.75,5227
1706126100,5227,5227.25,5221.75,5223.5
1706126400,5223.75,5226,5220.5,5225
1706126700,5225.25,5227.25,5224.5,5224.75
1706127000,5224.75,5224.75,5215.75,5216.75
1706127300,5217,5217,5212.5,5213
1706127600,5213,5216.75,5212.5,5216.25
1706127900,5216,5216.5,5212,5213
1706128200,5213.25,5216.5,5212.25,5216.25
1706128500,5216.25,5220,5215.75,5218.75
1706128800,5218.5,5222,5218.5,5220.75
1706129100,5220.75,5221,5212.75,5213.25
1706129400,5213.25,5213.25,5208.25,5210.5
1706129700,5210.25,5215.75,5209,5211.75
1706130000,5211.75,5214.25,5207,5207
1706130300,5207,5207.75,5202,5204.75
1706130600,5204.75,5207.75,5204.5,5206.25
1706130900,5206.25,5206.5,5204,5205.75
1706131200,5205.5,5206.25,5204.25,5205
1706131500,5204.75,5206,5204.75,5205.5
1706131800,5205.5,5207.5,5205,5207.25
1706132100,5207.5,5211.25,5207.5,5210.75
1706132400,5210.5,5213.25,5210.5,5210.75
1706132700,5210.75,5211.5,5210.5,5211.5
1706133000,5211.5,5212,5211,5211.25
1706133300,5211,5214.75,5210.5,5214.5
1706137200,5212.5,5213.75,5211.5,5212.25
1706137500,5212.25,5212.75,5212,5212
1706137800,5212.25,5213,5212,5212.25
1706138100,5212.25,5212.5,5211.75,5212
1706138400,5212,5212.5,5211.25,5211.75
1706138700,5211.75,5212.25,5210.25,5210.75
1706139000,5211,5211.25,5210.25,5211.25
1706139300,5211.5,5212,5211,5211.5
1706139600,5211.5,5212.25,5211.25,5211.75
1706139900,5211.5,5212.25,5210.75,5211
1706140200,5211,5212.5,5211,5212.25
1706140500,5212.25,5213,5212,5212.5
1706140800,5212.25,5212.5,5211,5211.5
1706141100,5211.5,5211.5,5209.75,5210
1706141400,5209.75,5210.25,5209,5209
1706141700,5209.25,5210.5,5209.25,5210.25
1706142000,5210.25,5211.25,5210,5211.25
1706142300,5211,5211.5,5210.5,5211
1706142600,5211,5212.5,5210.75,5212.5
1706142900,5212.5,5213,5211.25,5211.25
1706143200,5211,5211.5,5210.75,5210.75
1706143500,5210.75,5212,5210.75,5211.75
1706143800,5212,5212.25,5211.5,5212
1706144100,5212,5212.75,5212,5212.75
1706144400,5213,5213.75,5212.25,5213.25
1706144700,5213.5,5215,5213.25,5213.5
1706145000,5213.25,5213.75,5212.25,5212.75
1706145300,5212.75,5213,5211,5211.5
1706145600,5211.25,5211.25,5209.75,5210.5
1706145900,5210.5,5210.5,5208.75,5209
1706146200,5209,5209.5,5207.75,5209
1706146500,5209,5210.5,5208.5,5209.25
1706146800,5209.25,5209.75,5208.25,5208.5
1706147100,5208.5,5209,5206.75,5207.5
1706147400,5207.5,5208,5206.5,5207.25
1706147700,5207.25,5210.25,5207.25,5210
1706148000,5210,5210.75,5209.25,5210.75
1706148300,5210.75,5212.25,5210.5,5212
1706148600,5212,5212.5,5210.75,5211.25
1706148900,5211.25,5212,5211.25,5211.5
1706149200,5211.5,5211.5,5209.75,5209.75
1706149500,5210,5211.25,5209.75,5210.75
1706149800,5210.75,5210.75,5209.5,5209.75
1706150100,5210,5210,5208.75,5209
1706150400,5209,5209,5206.5,5206.75
1706150700,5206.75,5208.75,5206.25,5208.5
1706151000,5208.5,5208.5,5207.75,5208
1706151300,5208,5209,5208,5208.5
1706151600,5208.5,5209.5,5208.5,5209.25
1706151900,5209.25,5209.75,5207.75,5208
1706152200,5208,5208.5,5207,5207.5
1706152500,5207.25,5209.25,5207.25,5209
1706152800,5209,5209,5208.5,5208.75
1706153100,5208.75,5209,5207.75,5208
1706153400,5208.25,5209.25,5208,5209
1706153700,5209,5209,5208.5,5208.75
1706154000,5209,5209.5,5208.5,5208.75
1706154300,5208.75,5209,5208,5209
1706154600,5209,5209.75,5208.75,5209.5
1706154900,5209.5,5209.75,5209.25,5209.25
1706155200,5209.25,5209.5,5209,5209.5
1706155500,5209.5,5210.5,5209.5,5210.5
1706155800,5210.5,5211.25,5210,5211.25
1706156100,5211,5211,5210.25,5210.25
1706156400,5210.25,5211.5,5210.25,5211.25
1706156700,5211,5211.5,5211,5211.5
1706157000,5211.25,5211.75,5211,5211.5
1706157300,5211.25,5212,5211.25,5211.5
1706157600,5211.5,5211.5,5210.5,5210.75
1706157900,5210.75,5211,5210.25,5210.75
1706158200,5210.75,5211.25,5210.5,5210.75
1706158500,5210.75,5210.75,5210.25,5210.5
1706158800,5210.5,5212,5210.5,5210.75
1706159100,5210.75,5211,5209.75,5211
1706159400,5211,5211.5,5210.25,5210.5
1706159700,5210.5,5211.75,5210.5,5211.75
1706160000,5211.5,5211.75,5210.75,5211.25
1706160300,5211,5211.5,5210.75,5211.25
1706160600,5211.25,5212.25,5210.75,5212
1706160900,5212,5213,5211.75,5212.5
1706161200,5212.5,5213.5,5212.25,5213
1706161500,5213.25,5213.75,5212.5,5212.5
1706161800,5212.5,5213.25,5212.25,5213.25
1706162100,5213.25,5214.5,5212.75,5214
1706162400,5214.25,5214.5,5212,5213
1706162700,5213,5213.5,5212.5,5212.5
1706163000,5212.25,5213.25,5211.75,5213
1706163300,5213.25,5213.5,5213,5213.25
1706163600,5213.25,5213.25,5212,5212.25
1706163900,5212.5,5213,5211.75,5213
1706164200,5213,5213.75,5213,5213.75
1706164500,5213.75,5214.75,5213.75,5213.75
1706164800,5213.75,5214.75,5213.25,5213.5
1706165100,5213.25,5213.5,5211.75,5212.75
1706165400,5212.75,5213,5211.5,5212.5
1706165700,5212.5,5213.5,5212.25,5213.25
1706166000,5213.5,5214.25,5212.5,5213.5
1706166300,5213.25,5214.5,5213,5214.25
1706166600,5214,5215.75,5214,5215.75
1706166900,5215.5,5217.75,5215.5,5216.5
1706167200,5216.5,5216.5,5214.75,5214.75
1706167500,5214.75,5215.75,5214.5,5215.5
1706167800,5215.5,5216,5214.75,5215
1706168100,5215,5215.25,5214.5,5215
1706168400,5215,5216,5214.5,5216
1706168700,5216,5216,5214.5,5215
1706169000,5215.25,5215.75,5214.75,5215.25
1706169300,5215.25,5215.5,5213.25,5213.5
1706169600,5213.5,5214.25,5211.5,5211.75
1706169900,5212,5214.5,5210.5,5214.5
1706170200,5214.25,5215,5212.25,5212.5
1706170500,5212.25,5213.75,5211.5,5211.75
1706170800,5211.75,5211.75,5210.25,5210.75
1706171100,5210.75,5213.75,5210.5,5212.75
1706171400,5213,5214.25,5212.5,5213.5
1706171700,5213.25,5214.75,5212.75,5214
1706172000,5214,5214.75,5213.5,5214.25
1706172300,5214.25,5216.25,5213.75,5214.5
1706172600,5214.5,5216,5214,5215
1706172900,5215,5215.25,5214,5214.5
1706173200,5214.5,5215.25,5213.25,5213.5
1706173500,5213.5,5214.25,5212,5213
1706173800,5213,5214.25,5212.5,5212.5
1706174100,5212.5,5215,5211.75,5213
1706174400,5213,5214.75,5213,5213.5
1706174700,5213.5,5214.5,5212.5,5214.5
1706175000,5214.5,5215.75,5214,5215.25
1706175300,5215.25,5216,5215,5215.5
1706175600,5215.5,5216.75,5215,5216
1706175900,5216,5216.5,5215.5,5216
1706176200,5216,5216.75,5215.5,5216.75
1706176500,5216.75,5217.5,5214.75,5215
1706176800,5214.75,5215.25,5213,5213
1706177100,5213,5213.25,5211.75,5212.25
1706177400,5212.5,5213,5211.75,5213
1706177700,5213,5213.5,5211.75,5212.5
1706178000,5212.25,5213.5,5212.25,5213.5
1706178300,5213.5,5213.75,5212.25,5212.5
1706178600,5212.5,5213,5211.75,5212.75
1706178900,5212.75,5214.75,5212.75,5214.5
1706179200,5214.25,5214.25,5213.25,5214.25
1706179500,5214.25,5214.5,5212.75,5213
1706179800,5213,5213.75,5212.5,5213.25
1706180100,5213.25,5214,5212.75,5213.5
1706180400,5213.5,5214.5,5212.75,5213.25
1706180700,5213.25,5213.75,5212.5,5213.75
1706181000,5213.5,5214.5,5213,5213.25
1706181300,5213,5215,5213,5214.5
1706181600,5214.5,5215.5,5214.25,5215.5
1706181900,5215.25,5215.25,5214.25,5214.75
1706182200,5214.5,5214.75,5211.75,5212.75
1706182500,5213,5214.75,5212.25,5212.75
1706182800,5212.5,5214.5,5212,5212.25
1706183100,5212.25,5214.5,5211.75,5214
1706183400,5213.75,5215.25,5213.25,5214.25
1706183700,5214.25,5216,5214.25,5215.75
1706184000,5215.75,5217,5215,5216.75
1706184300,5216.5,5217.25,5216.25,5217
1706184600,5217,5217.25,5214.75,5214.75
1706184900,5215,5215,5213.75,5213.75
1706185200,5213.5,5214,5212.5,5212.75
1706185500,5212.75,5214.75,5212.5,5214.5
1706185800,5214.25,5214.5,5213,5213.75
1706186100,5213.75,5214.25,5213,5214
1706186400,5214,5215.75,5213.5,5215.75
1706186700,5215.75,5216,5213.75,5214.25
1706187000,5214.25,5214.25,5212,5212
1706187300,5212.25,5212.25,5209.5,5210
1706187600,5210,5211.75,5209.5,5210.75
1706187900,5210.75,5211.75,5210.5,5211.5
1706188200,5211.25,5212.25,5210.5,5211.5
1706188500,5211.75,5216.25,5211.25,5215.25
1706188800,5215.25,5215.75,5213,5215
1706189100,5215,5215.75,5212.75,5214.75
1706189400,5214.5,5224.25,5208.5,5224
1706189700,5223.75,5228.75,5223.25,5226.25
1706190000,5226.5,5227,5223.25,5227
1706190300,5226.75,5229.5,5226,5228.5
1706190600,5228.5,5230,5226.5,5229.75
1706190900,5230,5231,5227.5,5228.75
1706191200,5228.75,5230.5,5227.5,5229.5
1706191500,5229.75,5229.75,5227.25,5229.25
1706191800,5229.25,5233.5,5227.75,5231.75
1706192100,5231.75,5232.75,5229.5,5231.25
1706192400,5231.25,5232.5,5229.75,5231
1706192700,5231.25,5232.25,5229,5231.75
1706193000,5232,5233.25,5225.25,5231.25
1706193300,5231,5232.5,5227.5,5229.25
1706193600,5229.5,5231.5,5223.75,5225.75
1706193900,5226,5227.5,5223.75,5227.25
1706194200,5227.5,5231.5,5226.25,5231.25
1706194500,5231.25,5232.25,5228,5229.5
1706194800,5229.5,5230.75,5225,5227.75
1706195100,5228,5233.5,5226.25,5233.5
1706195400,5233.75,5235.75,5230.5,5232.25
1706195700,5232.25,5234.5,5231.25,5234
1706196000,5234.25,5239.5,5234.25,5237.5
1706196300,5237.5,5238,5235.25,5237.25
1706196600,5237.25,5238,5231.25,5231.25
1706196900,5231.25,5231.5,5225.25,5229
1706197200,5229.25,5232.5,5228,5231.75
1706197500,5231.75,5232.25,5225.75,5226.5
1706197800,5226.5,5229,5224.75,5226
1706198100,5225.75,5228.75,5224.75,5227.75
1706198400,5227.75,5228.25,5224.25,5225
1706198700,5225,5230,5224.5,5228.5
1706199000,5228.25,5231.5,5226.25,5231.25
1706199300,5231.25,5234,5230,5231.75
1706199600,5231.75,5233,5229.75,5232
1706199900,5232.25,5234.75,5231.25,5234
1706200200,5234,5234.5,5231.25,5233.75
1706200500,5234,5234.5,5232.75,5233.25
1706200800,5233.25,5233.5,5228.5,5231
1706201100,5231,5234.5,5229.75,5233.75
1706201400,5234,5237.25,5233.75,5235
1706201700,5235.25,5235.25,5230,5232.25
1706202000,5232.25,5233.5,5226.75,5228.25
1706202300,5228.25,5228.5,5222.25,5224.25
1706202600,5224,5225.75,5223.25,5224.5
1706202900,5224.5,5228,5223.5,5223.75
1706203200,5224,5226,5222.25,5222.75
1706203500,5222.75,5225.5,5219.75,5222.25
1706203800,5222.25,5223.75,5217.75,5218.25
1706204100,5218.25,5220.5,5217.75,5220.25
1706204400,5220.25,5222,5219.5,5221.5
1706204700,5221.25,5222,5217.75,5219.25
1706205000,5219.5,5220.5,5217.5,5220
1706205300,5219.75,5222.75,5219.75,5221.75
1706205600,5221.5,5228.75,5220.5,5225
1706205900,5225,5229.25,5224.75,5226
1706206200,5226,5228,5224.25,5224.5
1706206500,5224.5,5224.75,5216.75,5218.25
1706206800,5218,5220.75,5217,5217
1706207100,5217,5220.25,5216.75,5218.75
1706207400,5218.75,5219.25,5216.5,5216.75
1706207700,5217,5220,5216.5,5219.5
1706208000,5219.75,5223.75,5219.25,5221.75
1706208300,5221.75,5224.25,5220.25,5223
1706208600,5223.25,5224,5219,5219.5
1706208900,5219.5,5220,5213.75,5215.75
1706209200,5215.5,5215.5,5210.75,5213
1706209500,5213,5214.25,5209.75,5211.5
1706209800,5211.5,5216,5211.25,5215
1706210100,5214.75,5216.75,5213,5216.75
1706210400,5216.75,5217.5,5213.5,5214.5
1706210700,5214.25,5219,5214,5217.5
1706211000,5217.75,5219.5,5216.5,5219.5
1706211300,5219.5,5220.5,5214.75,5217
1706211600,5217.25,5217.75,5214,5215.5
1706211900,5215.75,5217.25,5214,5215.25
1706212200,5215,5220.25,5214,5220
1706212500,5220,5222.75,5219.25,5222.75
1706212800,5222.5,5223.75,5221,5223.25
1706213100,5223.25,5223.5,5221.25,5222.25
1706213400,5222.25,5223.75,5219.75,5220.25
1706213700,5220.25,5224.25,5219,5224
1706214000,5224.25,5225.25,5220.5,5220.5
1706214300,5220.5,5223,5220.5,5221.5
1706214600,5221.75,5229,5220.25,5227
1706214900,5227.25,5230,5225.5,5226.75
1706215200,5227,5228.75,5225,5226.25
1706215500,5226.5,5228,5225.25,5227.5
1706215800,5227.75,5231.25,5227,5229.75
1706216100,5229.5,5237.5,5229,5237
1706216400,5237,5238.25,5233.75,5235.25
1706216700,5235.25,5236,5233.75,5234
1706217000,5234,5235.75,5233.5,5235
1706217300,5235.25,5236,5234.25,5234.5
1706217600,5234.5,5235.25,5234,5234.75
1706217900,5235,5236.25,5234.75,5236.25
1706218200,5236.25,5236.25,5234.75,5234.75
1706218500,5235,5236.75,5234.75,5236.25
1706218800,5236.25,5238.5,5236,5237.5
1706219100,5237.5,5237.5,5235,5235.75
1706219400,5235.5,5236.75,5234.5,5236.75
1706219700,5236.5,5236.75,5231.75,5232
1706223600,5232.25,5232.5,5228.5,5229.75
1706223900,5229.5,5230.5,5227.25,5228.25
1706224200,5228,5229.25,5227.5,5228.5
1706224500,5228.25,5230,5227.5,5229.5
1706224800,5229.5,5230,5229.25,5229.25
1706225100,5229.5,5229.5,5225.5,5226
1706225400,5226,5227,5225.25,5226.25
1706225700,5226.25,5227.5,5226.25,5227.5
1706226000,5227.5,5228,5226.5,5227
1706226300,5227,5228,5227,5227.75
1706226600,5228,5228.5,5227.5,5227.75
1706226900,5227.75,5228,5226.75,5226.75
1706227200,5226.75,5227.75,5226,5227.75
1706227500,5227.75,5228,5226.5,5227.25
1706227800,5227.25,5227.5,5225.75,5225.75
1706228100,5225.75,5226,5225,5225.25
1706228400,5225.5,5225.5,5224.5,5225
1706228700,5224.75,5226,5224.75,5225.5
1706229000,5225.75,5226.25,5225.5,5226
1706229300,5226.25,5227,5225.75,5226.5
1706229600,5226.5,5227,5225.75,5226.75
1706229900,5227,5228,5227,5227.5
1706230200,5227.5,5228,5227,5227.25
1706230500,5227,5227,5225.5,5225.5
1706230800,5225.75,5225.75,5222.75,5223.75
1706231100,5223.75,5224,5223,5223
1706231400,5223.25,5224,5222.75,5223.5
1706231700,5223.75,5225,5223.25,5225
1706232000,5224.75,5225,5224.5,5225
1706232300,5225,5225,5224,5224.5
1706232600,5224.5,5224.5,5223.5,5224.25
1706232900,5224.25,5225,5223.75,5224.5
1706233200,5224.5,5225,5224.25,5225
1706233500,5225,5225,5224.25,5224.25
1706233800,5224.25,5225,5223.75,5224.75
1706234100,5224.5,5225,5224.25,5224.75
1706234400,5224.75,5226.25,5224.5,5226
1706234700,5226,5226.5,5226,5226.5
1706235000,5226.5,5227.75,5226.25,5227.25
1706235300,5227.5,5227.75,5227,5227
1706235600,5227.25,5227.75,5227,5227
1706235900,5227.25,5227.25,5226.75,5227.25
1706236200,5227.25,5228,5227.25,5228
1706236500,5228,5228.5,5227.25,5227.75
1706236800,5227.5,5227.75,5227,5227.25
1706237100,5227,5227.25,5225.25,5225.25
1706237400,5225.5,5225.5,5224,5224
1706237700,5224.25,5224.25,5223.25,5223.25
1706238000,5223.5,5224.5,5223,5224
1706238300,5224.25,5224.75,5223.75,5223.75
1706238600,5224,5224.25,5223.75,5224
1706238900,5224,5224.25,5222.75,5223.25
1706239200,5223.5,5223.5,5223,5223
1706239500,5223.25,5223.5,5222.75,5223.25
1706239800,5223.25,5223.75,5223.25,5223.5
1706240100,5223.5,5223.75,5223.25,5223.25
1706240400,5223.25,5223.25,5222.25,5223
1706240700,5223,5224.25,5223,5224
1706241000,5224,5224.25,5223.5,5223.75
1706241300,5223.75,5223.75,5222.75,5222.75
1706241600,5222.75,5223.25,5222,5222.25
1706241900,5222,5222.5,5221.75,5222.5
1706242200,5222.25,5222.5,5220.25,5220.5
1706242500,5220.75,5222,5220.5,5221.5
1706242800,5221.5,5222,5219.25,5219.75
1706243100,5219.75,5219.75,5217.75,5218.75
1706243400,5218.5,5220.25,5218.25,5219
1706243700,5219,5219,5217.5,5217.5
1706244000,5217.5,5218,5215.25,5215.5
1706244300,5215.75,5216,5214.5,5215.5
1706244600,5215.5,5216,5214.25,5214.75
1706244900,5215,5215.75,5215,5215.5
1706245200,5215.75,5216.75,5215.5,5216.5
1706245500,5216.5,5217.25,5216.5,5217.25
1706245800,5217.25,5219,5217.25,5218.75
1706246100,5219,5219.75,5218.5,5219.25
1706246400,5219.25,5219.25,5218.25,5218.5
1706246700,5218.5,5219.25,5218.5,5218.75
1706247000,5219,5220,5219,5219.75
1706247300,5220,5220.5,5219.25,5219.75
1706247600,5219.75,5221.25,5219.75,5221
1706247900,5221,5221.5,5220.5,5220.5
1706248200,5220.5,5221.25,5220.25,5220.5
1706248500,5220.75,5221,5218.75,5219
1706248800,5219,5219.25,5217.5,5218
1706249100,5218,5218,5215.5,5215.75
1706249400,5215.75,5216,5214,5214.25
1706249700,5214,5216.25,5213,5215.75
1706250000,5215.75,5217,5215.25,5216
1706250300,5215.75,5215.75,5213.25,5213.75
1706250600,5213.75,5213.75,5212.25,5213.75
1706250900,5214,5216,5214,5216
1706251200,5216,5216,5214.75,5216
1706251500,5216,5216.75,5215,5215
1706251800,5215,5216.25,5215,5215.75
1706252100,5215.75,5217.5,5215.5,5216
1706252400,5216,5217.75,5215.25,5217.5
1706252700,5217.5,5217.5,5216.25,5217
1706253000,5216.75,5217.25,5216,5216.25
1706253300,5216.25,5216.5,5214,5215.5
1706253600,5215.75,5217.25,5215.5,5215.75
1706253900,5215.75,5218.25,5215.75,5216.75
1706254200,5216.75,5217.5,5214,5214.75
1706254500,5215,5216.25,5214.5,5216.25
1706254800,5216,5216.25,5214.75,5215
1706255100,5215.25,5215.5,5213,5213.25
1706255400,5213,5213.25,5211.5,5212.5
1706255700,5212.5,5213.5,5212,5212.5
1706256000,5212.5,5214.75,5212,5214.5
1706256300,5214.75,5215.75,5214.25,5215
1706256600,5215,5217.25,5214.75,5216.25
1706256900,5216.25,5216.5,5215,5215.75
1706257200,5215.5,5215.5,5213.5,5214.75
1706257500,5214.5,5215.75,5213,5214.75
1706257800,5215,5218.25,5215,5217.75
1706258100,5217.5,5218.75,5217.5,5218.25
1706258400,5218.25,5218.25,5215.75,5216.25
1706258700,5216.5,5218.25,5216,5217
1706259000,5217.25,5218.25,5217.25,5217.25
1706259300,5217.25,5218,5216.75,5217
1706259600,5217.25,5218.25,5215.5,5215.75
1706259900,5215.75,5217,5214,5217
1706260200,5217.25,5218.25,5216.25,5216.75
1706260500,5216.75,5219,5216,5218
1706260800,5218,5219.75,5218,5219.5
1706261100,5219.5,5221.25,5219.5,5221
1706261400,5221,5222.5,5220,5220.75
1706261700,5220.75,5222,5220.25,5221.25
1706262000,5221.25,5223.5,5221.25,5222.75
1706262300,5223,5224.5,5223,5223.75
1706262600,5224,5225.75,5223.75,5225
1706262900,5225,5226,5224.75,5225.75
1706263200,5226,5227.25,5225.5,5225.5
1706263500,5225.5,5226.5,5224.25,5224.75
1706263800,5224.75,5226.5,5224.5,5225.5
1706264100,5225.5,5228.25,5225.25,5227.75
1706264400,5228,5228.25,5227.25,5227.75
1706264700,5228,5229,5227.5,5228.25
1706265000,5228.5,5229.25,5226.75,5227
1706265300,5227,5228,5226.5,5227.25
1706265600,5227,5228.75,5226.75,5228.25
1706265900,5228.25,5228.75,5228,5228.5
1706266200,5228.5,5228.5,5226.5,5226.75
1706266500,5226.75,5227.5,5226.5,5227.25
1706266800,5227.25,5229.25,5227.25,5229
1706267100,5229,5229.5,5226.25,5226.5
1706267400,5226.5,5227.25,5226.25,5226.25
1706267700,5226.25,5226.5,5225.25,5226.5
1706268000,5226.25,5229.75,5226,5229.75
1706268300,5229.75,5229.75,5228.75,5229.75
1706268600,5229.75,5231,5229.75,5230.5
1706268900,5230.75,5230.75,5228.25,5229.25
1706269200,5229.25,5229.5,5227.25,5227.5
1706269500,5227.5,5229,5227.25,5228.75
1706269800,5229,5229.5,5228.5,5229
1706270100,5229.25,5230,5228.5,5229.5
1706270400,5229.5,5231.75,5229.25,5231.25
1706270700,5231.5,5231.75,5230.5,5231.75
1706271000,5232,5233,5231,5233
1706271300,5233,5234,5232.5,5233
1706271600,5233,5234,5232,5232.5
1706271900,5232.5,5233,5231.75,5233
1706272200,5232.75,5234.5,5232.5,5234
1706272500,5234.25,5235.5,5234,5235.25
1706272800,5235,5235.5,5234.5,5235
1706273100,5235,5235.5,5234,5234.75
1706273400,5234.75,5234.75,5232.5,5232.5
1706273700,5232.5,5232.75,5230.75,5231
1706274000,5231,5233.5,5230.5,5232.25
1706274300,5232.25,5234.5,5232,5234.5
1706274600,5234.5,5235,5233.25,5234.5
1706274900,5234.25,5234.75,5231.25,5231.75
1706275200,5231.75,5234,5231.25,5232.25
1706275500,5232.25,5233.25,5229.75,5231
1706275800,5231,5237,5226.75,5228.5
1706276100,5228.5,5230.5,5224.75,5229.25
1706276400,5229.25,5236.25,5229,5236
1706276700,5236.25,5241.5,5234.75,5241.25
1706277000,5241.25,5241.75,5239,5240.25
1706277300,5240.25,5241,5238.25,5239.75
1706277600,5239.5,5239.75,5233.25,5233.5
1706277900,5233.5,5235.5,5231.75,5234.75
1706278200,5235,5235,5228.25,5228.75
1706278500,5228.75,5230.75,5227,5227.25
1706278800,5227.25,5230,5226.5,5227.75
1706279100,5228,5232,5227.25,5231.5
1706279400,5231.25,5238.25,5229.75,5236.5
1706279700,5236.5,5238,5231.25,5234.5
1706280000,5234.5,5236,5232.5,5234.5
1706280300,5234.25,5234.5,5230,5231.25
1706280600,5231.25,5233,5227.75,5229.5
1706280900,5229.5,5233,5228,5232.75
1706281200,5232.25,5233,5229,5230
1706281500,5230,5231,5225.75,5230
1706281800,5230,5232,5229,5231.75
1706282100,5231.75,5231.75,5227,5230
1706282400,5230.25,5234,5229.75,5233.75
1706282700,5233.75,5237.75,5233.5,5237
1706283000,5237,5240.5,5236,5239.25
1706283300,5239.5,5242.75,5238,5240.25
1706283600,5240.5,5243.75,5240,5243
1706283900,5243,5244.25,5241.75,5243.75
1706284200,5243.75,5246.25,5242.5,5244.25
1706284500,5244.25,5246.25,5243,5246.25
1706284800,5246.25,5247.25,5242.5,5243.25
1706285100,5243.25,5244.5,5241,5243.75
1706285400,5244,5244.5,5239.75,5240
1706285700,5240,5242.5,5239.25,5239.75
1706286000,5240,5242.25,5239.5,5242
1706286300,5242,5243.75,5241.25,5242.5
1706286600,5242.5,5244.25,5242.25,5242.5
1706286900,5242.75,5243.75,5236.75,5237.75
1706287200,5237.75,5239.5,5236.75,5238.25
1706287500,5238.5,5241,5236.75,5240.75
1706287800,5241,5242.5,5240,5241.75
1706288100,5241.5,5244,5241.25,5243.25
1706288400,5243,5244,5242,5242.75
1706288700,5243,5244.5,5239.5,5240
1706289000,5240.25,5242.25,5238,5241.5
1706289300,5241.5,5243.5,5241.25,5243.25
1706289600,5243.25,5243.75,5238.75,5239.5
1706289900,5239.5,5240.5,5238,5238.75
1706290200,5238.75,5239,5233.5,5234.5
1706290500,5234.5,5235.25,5227,5229.25
1706290800,5229.25,5231,5227,5229
1706291100,5228.75,5230.25,5222.5,5223
1706291400,5223.25,5227.5,5222.25,5227
1706291700,5227,5227.25,5224.25,5225.25
1706292000,5225.25,5227.75,5222.75,5226
1706292300,5226,5228,5224.5,5227.5
1706292600,5227.25,5228.5,5226.25,5226.75
1706292900,5226.5,5226.75,5223.75,5225
1706293200,5225.25,5229.5,5224.5,5228.5
1706293500,5228.5,5230.5,5226.75,5229.5
1706293800,5229.25,5230.5,5226.75,5229.75
1706294100,5229.5,5230.5,5227.5,5227.5
1706294400,5227.5,5227.5,5222.25,5223.5
1706294700,5223.5,5224.5,5221.5,5223
1706295000,5222.75,5224.5,5220.5,5222.75
1706295300,5222.5,5226.5,5221.75,5225
1706295600,5225,5230.25,5224.75,5228.25
1706295900,5228.5,5229.75,5227,5228.5
1706296200,5228.5,5229.5,5226.75,5227.75
1706296500,5228,5230.25,5227.5,5228
1706296800,5228,5229,5225.5,5226
1706297100,5226.25,5228.5,5225.5,5227.25
1706297400,5227.5,5228.25,5224.5,5225.75
1706297700,5225.75,5230.25,5225.25,5229.75
1706298000,5230,5233.5,5230,5232.75
1706298300,5232.75,5234.5,5232.25,5233.5
1706298600,5233.25,5236.75,5233.25,5234
1706298900,5234,5235.75,5231.25,5235.25
1706299200,5235.25,5236,5233.75,5234.25
1706299500,5234,5235.25,5232.5,5233
1706299800,5233,5235,5232.5,5234.75
1706300100,5234.75,5235.75,5233.5,5233.5
1706300400,5233.75,5234,5229.5,5231
1706300700,5231,5233,5228.75,5230.25
1706301000,5230,5231.25,5228,5229
1706301300,5228.75,5230.25,5227.25,5227.5
1706301600,5227.25,5229.5,5225.75,5228.5
1706301900,5228.75,5230,5227,5229.5
1706302200,5229.5,5230.75,5227.5,5229
1706302500,5228.75,5232.25,5228,5230
1706302800,5230,5230.25,5227,5228
1706303100,5228.25,5228.25,5227,5227.75
1706303400,5227.5,5228,5227,5227.5
1706303700,5227.5,5228.5,5227,5228.25
1706304000,5228.25,5228.75,5228,5228.25
1706304300,5228,5228.5,5227.75,5227.75
1706304600,5227.75,5228,5227,5227
1706304900,5227,5227.5,5226.25,5227
1706305200,5226.75,5227.25,5226.5,5227.25
1706305500,5227.25,5227.5,5226.75,5227.25
1706305800,5227.5,5228,5227.25,5227.5
1706306100,5227.25,5227.5,5225.75,5225.75
1706482800,5221.75,5223.25,5214.75,5218.25
1706483100,5218.25,5218.5,5216.5,5217.25
1706483400,5217.25,5220.25,5216,5219.5
1706483700,5219.5,5220.5,5218.75,5220
1706484000,5219.75,5220.25,5216.5,5216.75
1706484300,5217,5220,5216,5218.75
1706484600,5218.5,5219,5217.25,5217.25
1706484900,5217.5,5218.75,5216.75,5218.5
1706485200,5218.5,5218.75,5217.25,5217.75
1706485500,5218,5219,5217.5,5218
1706485800,5218,5218,5216.75,5217.5
1706486100,5217.5,5217.5,5217,5217.25
1706486400,5217.25,5217.5,5216.75,5217
1706486700,5217,5218,5217,5217.75
1706487000,5217.5,5218,5217,5217
1706487300,5217,5218,5217,5217.25
1706487600,5217.5,5218,5216.75,5217
1706487900,5217.25,5217.5,5216.75,5216.75
1706488200,5216.75,5217.25,5216.5,5216.75
1706488500,5216.75,5218,5216.5,5218
1706488800,5217.75,5219,5217.75,5218.5
1706489100,5218.5,5219.25,5217.75,5219
1706489400,5219,5219.5,5218.25,5219.25
1706489700,5219.25,5219.75,5218.75,5219.25
1706490000,5219.5,5220.25,5219.25,5220
1706490300,5220,5221,5220,5220.5
1706490600,5220.5,5223,5220.5,5222.75
1706490900,5222.75,5222.75,5221.25,5222.25
1706491200,5222,5222.5,5221.5,5222.25
1706491500,5222.25,5224.75,5222.25,5224
1706491800,5224,5225,5224,5224.75
1706492100,5224.75,5225.25,5223.75,5224.5
1706492400,5224.25,5225.5,5224.25,5225
1706492700,5225,5225.25,5224.25,5224.25
1706493000,5224.25,5225.25,5223.5,5224.5
1706493300,5224.5,5225.25,5224.25,5225
1706493600,5225.25,5225.5,5224.75,5225.25
1706493900,5225.25,5225.25,5224,5224.25
1706494200,5224.25,5224.25,5223,5223.5
1706494500,5223.5,5224.25,5223.5,5223.75
1706494800,5223.75,5223.75,5222.5,5223.25
1706495100,5223.25,5224.25,5223.25,5223.5
1706495400,5223.5,5223.75,5222.5,5223
1706495700,5222.75,5223.25,5222.75,5223.25
1706496000,5223.25,5223.75,5223,5223.5
1706496300,5223.25,5223.5,5223,5223
1706496600,5223,5223.25,5222.75,5222.75
1706496900,5223,5224.25,5222.75,5224
1706497200,5224.25,5226,5224.25,5225.75
1706497500,5225.75,5225.75,5225,5225.5
1706497800,5225.5,5226.25,5225.25,5225.75
1706498100,5225.5,5225.75,5224.25,5224.25
1706498400,5224.5,5224.5,5223,5224.25
1706498700,5224.25,5224.25,5222.75,5223.5
1706499000,5223.5,5224,5223.5,5223.75
1706499300,5223.5,5223.5,5222.75,5223
1706499600,5223,5224.5,5222.5,5224.25
1706499900,5224.25,5224.75,5223.75,5224.5
1706500200,5224.5,5224.75,5223.75,5224
1706500500,5224,5225.25,5224,5225
1706500800,5225,5225,5224.25,5225
1706501100,5224.75,5224.75,5224.25,5224.75
1706501400,5224.75,5225,5224.5,5224.75
1706501700,5224.75,5225,5224,5224.75
1706502000,5224.5,5225,5224.5,5225
1706502300,5225,5225.25,5224.5,5224.5
1706502600,5224.5,5224.5,5224,5224.25
1706502900,5224.25,5224.5,5224.25,5224.25
1706503200,5224.25,5224.75,5224,5224.75
1706503500,5224.5,5225.25,5224.5,5225
1706503800,5225,5225.25,5224.5,5224.75
1706504100,5224.75,5225,5224.5,5224.5
1706504400,5224.75,5225.75,5224.5,5225.5
1706504700,5225.75,5225.75,5224,5224.25
1706505000,5224.25,5224.5,5224,5224.25
1706505300,5224.25,5225,5224,5224.5
1706505600,5224.5,5224.5,5224,5224
1706505900,5224.25,5225.25,5224.25,5224.75
1706506200,5224.75,5225.75,5224.75,5225
1706506500,5225,5225.75,5224.75,5225.75
1706506800,5225.75,5226.25,5225.25,5225.5
1706507100,5225.5,5225.75,5225.25,5225.25
1706507400,5225.5,5226,5225.25,5225.5
1706507700,5225.75,5226.25,5225.5,5226.25
1706508000,5226.25,5226.75,5225.75,5226.25
1706508300,5226.25,5228,5226.25,5228
1706508600,5228,5228,5227,5227.25
1706508900,5227.25,5228.75,5227,5228.75
1706509200,5228.5,5228.75,5228,5228.25
1706509500,5228.25,5228.25,5227.25,5227.25
1706509800,5227.25,5228,5227.25,5227.75
1706510100,5227.75,5227.75,5227,5227.25
1706510400,5227,5227.25,5226.75,5227.25
1706510700,5227.25,5228.25,5227,5228.25
1706511000,5228,5228,5227.25,5227.25
1706511300,5227.5,5227.5,5226.75,5227
1706511600,5226.75,5228,5226.5,5228
1706511900,5228,5229.25,5227.75,5228.5
1706512200,5228.5,5228.5,5227.25,5227.5
1706512500,5227.75,5228.75,5227.75,5228.25
1706512800,5228.25,5228.5,5227.75,5228
1706513100,5228,5228.75,5227.25,5228.5
1706513400,5228.75,5229.75,5228,5228.75
1706513700,5228.75,5229.25,5228.25,5229
1706514000,5229,5230,5228.75,5229.75
1706514300,5229.75,5230,5229.25,5229.25
1706514600,5229.5,5230,5228.75,5229.5
1706514900,5229.75,5231,5229.5,5231
1706515200,5230.75,5231.25,5229.25,5230.25
1706515500,5230.25,5230.5,5228.5,5228.75
1706515800,5228.75,5230,5228.5,5229.5
1706516100,5229.5,5229.5,5228.5,5229.5
1706516400,5229.25,5230.25,5229.25,5229.5
1706516700,5229.5,5230.75,5228.75,5230.5
1706517000,5230.75,5233,5230.75,5233
1706517300,5233,5233.25,5232.25,5233
1706517600,5233,5233.25,5232.25,5232.75
1706517900,5233,5233,5232,5232.25
1706518200,5232,5232.5,5231.25,5232.25
1706518500,5232,5232.75,5231.75,5232.5
1706518800,5232.25,5233.25,5231.75,5232.75
1706519100,5232.75,5233.5,5232.5,5233.5
1706519400,5233.5,5233.75,5231,5231.25
1706519700,5231.25,5231.5,5229.75,5229.75
1706520000,5229.5,5229.75,5228.25,5228.5
1706520300,5228.5,5229.75,5228,5229.25
1706520600,5229.5,5230.25,5228.75,5229.25
1706520900,5229,5230.75,5228.5,5228.75
1706521200,5228.75,5228.75,5226.25,5226.75
1706521500,5226.75,5228,5226.25,5228
1706521800,5228.25,5228.25,5226.5,5226.75
1706522100,5226.5,5227.25,5225.75,5226.5
1706522400,5226.5,5228,5225.5,5228
1706522700,5228,5229.25,5227.75,5228.75
1706523000,5228.75,5229.75,5228.25,5228.75
1706523300,5229,5229.75,5228.5,5228.5
1706523600,5228.75,5230,5228.75,5230
1706523900,5230,5230.25,5229,5230
1706524200,5230,5230.5,5229.5,5229.75
1706524500,5229.75,5230.25,5228.75,5229.75
1706524800,5230,5231.5,5230,5231.25
1706525100,5231.25,5232,5231,5231.25
1706525400,5231.5,5231.75,5230.5,5230.5
1706525700,5230.5,5231.75,5230,5231
1706526000,5231.25,5231.5,5230,5230.75
1706526300,5230.75,5232,5230.5,5230.5
1706526600,5230.5,5231.25,5230.25,5230.75
1706526900,5230.75,5231.5,5230.5,5231.5
1706527200,5231.25,5232,5230.75,5231.75
1706527500,5231.75,5232.75,5231.5,5232.5
1706527800,5232.25,5232.5,5231.75,5232
1706528100,5231.75,5232.25,5231.25,5232
1706528400,5232,5232.5,5231,5232.5
1706528700,5232.5,5233.75,5231.75,5232.25
1706529000,5232.25,5232.5,5231.75,5232.25
1706529300,5232.5,5233,5231.75,5232
1706529600,5232.25,5233.5,5231.5,5232.75
1706529900,5233,5233.75,5232,5233.5
1706530200,5233.5,5234.25,5232.75,5232.75
1706530500,5232.75,5233.5,5232.25,5233.5
1706530800,5233.5,5233.75,5232.75,5233.25
1706531100,5233.25,5234.75,5233,5234.25
1706531400,5234.25,5234.5,5232.25,5233.25
1706531700,5233,5233,5231,5232.25
1706532000,5232.25,5232.75,5231.5,5231.75
1706532300,5232,5232.75,5230.25,5230.5
1706532600,5230.25,5231,5229,5230.75
1706532900,5230.75,5231.5,5230.25,5230.5
1706533200,5230.5,5231.5,5229.75,5231.25
1706533500,5231.25,5232.5,5230,5232
1706533800,5232.25,5233,5231.25,5231.75
1706534100,5231.75,5232,5229.75,5230
1706534400,5229.75,5230.25,5228.5,5229.25
1706534700,5229.25,5229.75,5228.5,5229.75
1706535000,5229.5,5230,5228.25,5228.75
1706535300,5228.75,5229.5,5228.25,5229.25
1706535600,5229.25,5229.25,5227,5227.75
1706535900,5227.75,5229.75,5227.5,5227.5
1706536200,5227.75,5229.5,5227.5,5229.25
1706536500,5229.25,5229.75,5228.75,5229.25
1706536800,5229.25,5229.5,5228.25,5229.25
1706537100,5229.25,5230.75,5229,5230.25
1706537400,5230.5,5230.5,5229,5229
1706537700,5229,5230.25,5227.75,5229.75
1706538000,5229.75,5231,5229.25,5229.75
1706538300,5230,5232,5230,5232
1706538600,5232,5233.75,5229,5233.25
1706538900,5233.5,5236,5232,5233.5
1706539200,5233.75,5234.25,5231.75,5233
1706539500,5233.25,5234.5,5231.25,5232.75
1706539800,5233,5234.75,5232.75,5234.75
1706540100,5234.75,5236,5233,5234.75
1706540400,5234.5,5235.25,5230.75,5231
1706540700,5231.25,5235.25,5231,5234.75
1706541000,5235,5237,5234.5,5235.5
1706541300,5235.75,5237.25,5235.25,5237
1706541600,5237,5237.25,5229.5,5231
1706541900,5231,5231.25,5228.25,5231.25
1706542200,5231,5233.5,5225.75,5228.75
1706542500,5228.5,5232.5,5227.25,5231.75
1706542800,5231.75,5233,5228.5,5230
1706543100,5230,5231.5,5227.75,5228.75
1706543400,5228.5,5230.25,5227.25,5229.75
1706543700,5229.75,5230.75,5226.5,5227.25
1706544000,5227.25,5228.75,5225.75,5228
1706544300,5228.25,5229,5227.25,5229
1706544600,5229,5230.5,5228.5,5230
1706544900,5230,5232,5229.25,5231.5
1706545200,5231.5,5232.25,5228.5,5230
1706545500,5230.25,5232.5,5229,5231.75
1706545800,5231.75,5233.75,5231.75,5232.25
1706546100,5232.25,5233.75,5231.5,5233.25
1706546400,5233.5,5234.75,5232.5,5234
1706546700,5234,5235.5,5233.5,5234.75
1706547000,5234.5,5235.75,5233.75,5235.25
1706547300,5235.25,5236.25,5234.75,5235.5
1706547600,5235.75,5236.5,5233.5,5234.5
1706547900,5234.5,5234.75,5233.25,5234.75
1706548200,5234.75,5236,5234.5,5235
1706548500,5234.75,5236.25,5234,5234.75
1706548800,5234.5,5238.5,5233.25,5237.5
1706549100,5237.5,5239.5,5236.25,5236.75
1706549400,5237,5238.75,5236.75,5237.75
1706549700,5237.75,5240,5237.25,5239.5
1706550000,5239.75,5240.5,5236.75,5237.5
1706550300,5237.5,5237.5,5232.75,5234.25
1706550600,5234.5,5235.75,5233.25,5234.75
1706550900,5234.75,5237.25,5234.5,5236
1706551200,5236.25,5236.75,5232.75,5234.25
1706551500,5234.5,5236.5,5234.25,5235.5
1706551800,5235.5,5235.75,5233.25,5235
1706552100,5235,5236.5,5234,5236
1706552400,5236,5237.25,5235.25,5237.25
1706552700,5237.25,5239,5237.25,5238.75
1706553000,5238.75,5239.5,5237.75,5238.25
1706553300,5238,5239,5237.75,5238
1706553600,5238,5239.75,5237.75,5239
1706553900,5239,5239.25,5238.25,5238.75
1706554200,5238.75,5238.75,5236.25,5236.75
1706554500,5236.75,5237.25,5236.25,5236.75
1706554800,5236.5,5238,5235.25,5237.25
1706555100,5237.5,5239.5,5237.25,5239.5
1706555400,5239.5,5242.5,5239.25,5241.5
1706555700,5241.75,5243.5,5240.25,5240.75
1706556000,5240.75,5242.25,5240.5,5241.5
1706556300,5241.75,5242.5,5240.75,5242.5
1706556600,5242.25,5244.25,5241.5,5243.25
1706556900,5243.5,5245.25,5242.75,5244
1706557200,5243.75,5245.5,5242.75,5244.25
1706557500,5244.5,5244.5,5241.5,5241.75
1706557800,5241.5,5243.5,5241.5,5243
1706558100,5243,5244.5,5242.5,5243.25
1706558400,5243.5,5256,5243.5,5253.25
1706558700,5253.25,5258,5251,5254.75
1706559000,5255,5256.75,5254.75,5255
1706559300,5255,5263,5254.75,5262.75
1706559600,5262.75,5265.75,5262,5265.25
1706559900,5265,5269,5262.75,5264
1706560200,5264.25,5267,5264,5265.5
1706560500,5265.5,5266.5,5262.25,5263
1706560800,5262.75,5263.25,5261,5261.25
1706561100,5261.25,5261.75,5258.25,5259.75
1706561400,5259.75,5263.25,5259,5261
1706561700,5261.25,5268.75,5260.25,5267.75
1706562000,5267.75,5268.25,5262.25,5262.5
1706562300,5262.25,5263.75,5261.5,5262
1706562600,5262.25,5264.25,5261.75,5264
1706562900,5264.25,5266.75,5263.75,5265.75
1706563200,5265.75,5266,5265,5266
1706563500,5266,5266.5,5265.5,5266
1706563800,5266,5266.75,5265.25,5266.75
1706564100,5266.5,5266.75,5266,5266.25
1706564400,5266.25,5266.75,5265.25,5266.5
1706564700,5266.25,5266.75,5265.75,5266.25
1706565000,5266,5266.25,5265.25,5265.5
1706565300,5265.75,5265.75,5262.75,5263.25
1706569200,5263.25,5266.75,5262.5,5266.5
1706569500,5266.5,5267.5,5266.25,5266.75
1706569800,5266.75,5267.25,5264.75,5265.25
1706570100,5265.25,5265.5,5265,5265.25
1706570400,5265.25,5266.5,5265.25,5266
1706570700,5266.25,5267,5266.25,5266.5
1706571000,5266.75,5267,5266,5266
1706571300,5266.25,5266.25,5265.75,5265.75
1706571600,5266,5266,5264.75,5265
1706571900,5264.75,5265.5,5264.25,5265.25
1706572200,5265.25,5265.25,5264.75,5265
1706572500,5264.75,5265.75,5264.75,5265.75
1706572800,5265.5,5265.75,5264.75,5265.25
1706573100,5265.25,5265.5,5264.25,5264.5
1706573400,5264.25,5265.25,5263.75,5265
1706573700,5265.25,5266.5,5265.25,5265.75
1706574000,5266,5268,5266,5267.75
1706574300,5268,5268.75,5268,5268.5
1706574600,5268.25,5269,5267.75,5268.25
1706574900,5268.5,5268.75,5268,5268
1706575200,5268,5268.25,5267.5,5267.75
1706575500,5267.75,5268.25,5267.75,5267.75
1706575800,5267.5,5268,5267.25,5268
1706576100,5268,5268,5267.25,5267.75
1706576400,5267.75,5268,5267.25,5267.5
1706576700,5267.25,5268.5,5267,5268.5
1706577000,5268.5,5270.25,5268.25,5269.75
1706577300,5269.75,5270,5267.5,5268
1706577600,5268,5268.25,5267.25,5267.75
1706577900,5267.75,5268,5266,5267.75
1706578200,5267.75,5267.75,5266,5267.25
1706578500,5267.25,5267.75,5266.75,5267.5
1706578800,5267.5,5267.5,5266.25,5266.75
1706579100,5267,5267.75,5266.75,5267.5
1706579400,5267.5,5268.25,5267.5,5268
1706579700,5268,5268,5267.25,5267.25
1706580000,5267.25,5267.25,5266,5266.75
1706580300,5266.75,5267,5266.25,5266.75
1706580600,5266.75,5267,5266.25,5267
1706580900,5266.75,5267,5266.25,5266.5
1706581200,5266.5,5266.75,5266.25,5266.75
1706581500,5267,5267.25,5266,5266.5
1706581800,5266.5,5267.5,5266.25,5267.25
1706582100,5267.25,5267.5,5266.75,5267.25
1706582400,5267.25,5268,5267,5267.5
1706582700,5267.75,5268.25,5267.75,5267.75
1706583000,5268,5268.25,5267.5,5268
1706583300,5268,5268.25,5267.25,5268
1706583600,5268,5268.25,5267.75,5268.25
1706583900,5268,5268.5,5268,5268
1706584200,5267.75,5268,5267.25,5267.5
1706584500,5267.5,5268.25,5267.5,5267.75
1706584800,5267.75,5268,5267.5,5268
1706585100,5268,5268.75,5268,5268
1706585400,5268.25,5268.25,5267.5,5268
1706585700,5268,5268,5267,5267.5
1706586000,5267.5,5267.75,5267.25,5267.75
1706586300,5267.75,5267.75,5266.5,5267
1706586600,5267,5267.5,5266.75,5266.75
1706586900,5266.75,5266.75,5265.5,5265.75
1706587200,5265.75,5266.75,5265.25,5266.25
1706587500,5266.25,5266.5,5265.75,5266
1706587800,5266,5267.25,5266,5266.75
1706588100,5266.75,5267,5266.25,5266.5
1706588400,5266.75,5267,5266.5,5266.75
1706588700,5266.5,5267,5266.25,5267
1706589000,5267,5267.5,5266.75,5267
1706589300,5267.25,5267.25,5266.25,5266.25
1706589600,5266.25,5266.5,5265.75,5266
1706589900,5266,5266.5,5265.75,5266
1706590200,5265.75,5266.5,5265.75,5266
1706590500,5266,5266,5265.75,5265.75
1706590800,5265.75,5266.5,5265.5,5266.5
1706591100,5266.25,5266.5,5266,5266.5
1706591400,5266.5,5266.5,5265.75,5266
1706591700,5266,5266,5265.5,5266
1706592000,5266,5266.75,5266,5266.75
1706592300,5266.75,5267.75,5266.5,5267.75
1706592600,5267.75,5268,5267,5267.75
1706592900,5268,5268.75,5268,5268.25
1706593200,5268.25,5268.75,5267.5,5267.75
1706593500,5267.75,5268,5267.5,5268
1706593800,5268,5268.25,5267,5267.25
1706594100,5267.25,5267.25,5267,5267
1706594400,5267.25,5268,5267,5267.25
1706594700,5267.25,5267.5,5266.75,5267.25
1706595000,5267.5,5267.5,5266.75,5267
1706595300,5267,5267,5266,5266.25
1706595600,5266.25,5266.25,5265,5265.75
1706595900,5265.5,5266.5,5264.75,5266.25
1706596200,5266.25,5266.5,5265.5,5265.75
1706596500,5265.75,5266.25,5265.5,5265.5
1706596800,5265.5,5266.25,5265,5265.25
1706597100,5265.25,5265.5,5264.75,5265
1706597400,5265,5265.25,5264.5,5264.75
1706597700,5264.75,5265,5264,5264
1706598000,5264.25,5264.25,5261.75,5263
1706598300,5263,5263,5261.5,5261.5
1706598600,5261.5,5261.75,5259.75,5260
1706598900,5260.25,5260.25,5259,5260
1706599200,5260.25,5262,5260.25,5261.25
1706599500,5261.25,5261.5,5260.5,5261.5
1706599800,5261.5,5261.75,5260.75,5261.5
1706600100,5261.5,5261.75,5260.25,5260.5
1706600400,5260.75,5261.5,5260.5,5260.5
1706600700,5260.5,5261.25,5260.5,5261.25
1706601000,5261.5,5262.25,5260.75,5262.25
1706601300,5262,5262.75,5261.75,5262.25
1706601600,5262.25,5263.25,5261.5,5261.5
1706601900,5261.25,5263.25,5261,5262.75
1706602200,5262.75,5262.75,5260.25,5260.5
1706602500,5260.5,5263.5,5260.5,5262.75
1706602800,5262.75,5264,5262.25,5263.5
1706603100,5263.5,5264.5,5263,5264.5
1706603400,5264.5,5266.5,5264.5,5265.75
1706603700,5265.5,5266.5,5265,5265.75
1706604000,5265.75,5266,5264.5,5266
1706604300,5265.75,5266.5,5263.25,5263.75
1706604600,5263.5,5265,5263.25,5264.25
1706604900,5264.5,5265.75,5264.5,5265.75
1706605200,5265.5,5266,5264.25,5265.25
1706605500,5265.5,5266.5,5264.75,5266.25
1706605800,5266.25,5266.75,5263.75,5264.75
1706606100,5264.5,5265,5262.75,5262.75
1706606400,5262.75,5264,5262.25,5262.75
1706606700,5262.75,5262.75,5261.25,5261.75
1706607000,5261.5,5262.75,5261.25,5262.5
1706607300,5262.25,5262.75,5260.75,5260.75
1706607600,5261,5262.5,5260.5,5262.25
1706607900,5262.5,5263,5261.5,5262.5
1706608200,5262.75,5263,5261.75,5261.75
1706608500,5261.75,5262.75,5261.75,5262.5
1706608800,5262.5,5263.25,5262,5262.75
1706609100,5262.5,5263,5261.75,5262.25
1706609400,5262.5,5264,5262.5,5263.75
1706609700,5263.75,5265.25,5263.5,5265
1706610000,5265.25,5265.25,5263.25,5263.75
1706610300,5263.75,5265,5263.5,5264.5
1706610600,5264.25,5265.25,5264.25,5265.25
1706610900,5265.25,5265.5,5264.75,5264.75
1706611200,5265,5265,5264,5264
1706611500,5264,5264.25,5263,5263.5
1706611800,5263.75,5264.5,5262.5,5263.25
1706612100,5263.25,5263.25,5262.25,5262.75
1706612400,5262.75,5263,5261.5,5262.25
1706612700,5262,5262,5260,5261
1706613000,5261,5261.75,5260.5,5260.75
1706613300,5260.75,5261.5,5259.5,5259.75
1706613600,5260,5260.5,5259.25,5260
1706613900,5260,5261.5,5260,5261.5
1706614200,5261.25,5262.5,5260.75,5261
1706614500,5261.25,5261.75,5260.75,5261.5
1706614800,5261.5,5261.5,5260.5,5260.75
1706615100,5261,5261.25,5260.5,5261
1706615400,5260.75,5262.25,5260.75,5262
1706615700,5262,5262.25,5261.5,5262
1706616000,5262.25,5262.5,5261.75,5262
1706616300,5261.75,5262.25,5261.25,5261.25
1706616600,5261.5,5262,5260.75,5262
1706616900,5261.75,5262.75,5261,5262.75
1706617200,5262.75,5263.25,5262.25,5262.25
1706617500,5262,5263,5261.5,5262.75
1706617800,5262.75,5262.75,5261.25,5261.75
1706618100,5261.75,5262,5259.25,5259.75
1706618400,5259.75,5259.75,5258.25,5259
1706618700,5259,5260.75,5258.75,5260
1706619000,5260,5260.5,5259.75,5259.75
1706619300,5260,5260.5,5259.5,5259.5
1706619600,5259.75,5260.25,5257.5,5257.5
1706619900,5257.5,5258.25,5256.5,5257.5
1706620200,5257.25,5257.5,5255.75,5256
1706620500,5256,5256.25,5254.5,5254.75
1706620800,5254.75,5256,5253.75,5255.25
1706621100,5255.25,5257.75,5255.25,5256.75
1706621400,5257,5258.25,5256.5,5257
1706621700,5257,5257,5255.5,5256.75
1706622000,5256.75,5257.75,5255.5,5256.25
1706622300,5256.25,5257,5255.5,5256.25
1706622600,5256.25,5257.25,5256,5256.5
1706622900,5256.5,5257,5255.75,5256.25
1706623200,5256.5,5257.75,5255.75,5257
1706623500,5257,5257.5,5256,5257
1706623800,5256.75,5257.5,5256.25,5256.5
1706624100,5256.5,5256.75,5255,5255.75
1706624400,5255.75,5258.75,5255.25,5258.75
1706624700,5258.5,5259.75,5257.5,5259.25
1706625000,5259.25,5264.75,5259,5263.75
1706625300,5264,5265.5,5262.25,5263.75
1706625600,5264,5264.5,5262.5,5264.25
1706625900,5264.25,5265.75,5263.5,5265
1706626200,5265.25,5266.5,5264.5,5266.25
1706626500,5266.25,5266.75,5264.5,5266.25
1706626800,5266.75,5267,5258,5261
1706627100,5261,5263.75,5258.75,5263.25
1706627400,5263.25,5264.5,5261,5261.75
1706627700,5262,5264,5259.25,5262.75
1706628000,5262.75,5263,5260,5261.5
1706628300,5261.5,5262.25,5257,5261.25
1706628600,5261.25,5262.5,5259.75,5262.25
1706628900,5262,5263.25,5259.75,5261
1706629200,5260.75,5261.5,5258.25,5259.75
1706629500,5259.75,5261.25,5257.5,5260.5
1706629800,5260.25,5261.25,5257.25,5257.75
1706630100,5257.5,5260.75,5257,5260.25
1706630400,5260.25,5262.5,5259,5260.25
1706630700,5260,5261.75,5258.25,5260
1706631000,5260,5262,5259.25,5260.75
1706631300,5260.75,5262.25,5260.25,5261
1706631600,5261,5264,5260,5263
1706631900,5263,5265,5262,5264.5
1706632200,5264.25,5266,5263.25,5265
1706632500,5265.25,5266.25,5264.25,5266.25
1706632800,5266.25,5266.75,5265,5265.25
1706633100,5265.5,5268.75,5265.5,5267.5
1706633400,5267.75,5268.5,5266.25,5266.75
1706633700,5267,5267.75,5266.25,5267
1706634000,5267.25,5268.5,5266.5,5267.25
1706634300,5267.25,5268.75,5266.75,5267.75
1706634600,5268,5268,5266.5,5267
1706634900,5267.25,5267.25,5263,5264.25
1706635200,5264.25,5266,5262.5,5263
1706635500,5263,5263.25,5259,5259.25
1706635800,5259.25,5260.5,5254.5,5256.5
1706636100,5256.75,5258.5,5255.75,5258
1706636400,5258,5259.5,5257.5,5257.75
1706636700,5257.75,5259.75,5257.75,5259.5
1706637000,5259.25,5259.75,5257.5,5259
1706637300,5259,5259.5,5257,5257.5
1706637600,5257.5,5257.75,5255.25,5255.75
1706637900,5255.5,5258.25,5255,5257.5
1706638200,5257.25,5259.25,5257,5259
1706638500,5259,5261.75,5258.75,5260.5
1706638800,5260.5,5261.5,5260,5260.5
1706639100,5260.5,5263.25,5260.5,5263
1706639400,5263,5264.25,5262.5,5263.5
1706639700,5263.5,5263.75,5262.25,5262.75
1706640000,5263,5264.25,5260.75,5261.75
1706640300,5261.75,5262.25,5260,5260
1706640600,5260.25,5261.25,5259.25,5260.25
1706640900,5260.25,5262.25,5260,5261.25
1706641200,5261.25,5263,5260.5,5260.75
1706641500,5261,5261.25,5258.25,5259.75
1706641800,5260,5264,5258.5,5263
1706642100,5263,5264.25,5261,5262.5
1706642400,5262.25,5265.5,5262,5265.25
1706642700,5265.25,5266.25,5264.75,5266
1706643000,5266,5268,5265.5,5267
1706643300,5267.25,5267.25,5265,5265.75
1706643600,5265.75,5267,5265.25,5267
1706643900,5267,5268,5265.75,5267
1706644200,5267,5268.75,5266.75,5267.5
1706644500,5267.75,5268.75,5266.75,5267.5
1706644800,5267.75,5268.5,5265,5265.5
1706645100,5265.5,5265.5,5263.25,5263.75
1706645400,5264,5266.75,5264,5264.75
1706645700,5264.75,5265.75,5264,5265.75
1706646000,5265.75,5266.75,5265,5265.75
1706646300,5265.5,5270.25,5265.5,5267.75
1706646600,5267.75,5268.5,5263.5,5263.75
1706646900,5263.75,5264.75,5263.25,5263.75
1706647200,5264,5266.25,5262.5,5264.25
1706647500,5264.25,5266.5,5263.75,5265.75
1706647800,5265.5,5267.25,5262.25,5262.5
1706648100,5262.5,5265.5,5261,5262.25
1706648400,5262.5,5265,5251.75,5253
1706648700,5253.25,5256.75,5251.75,5252.5
1706649000,5252.5,5258,5252.25,5258
1706649300,5257.75,5258.5,5253.25,5254.75
1706649600,5254.25,5256.25,5253.25,5255.5
1706649900,5255.5,5256,5253.5,5253.5
1706650200,5253.5,5255.25,5251.5,5252.25
1706650500,5252.25,5252.75,5249.25,5249.5
1706650800,5249.5,5250.75,5247.5,5250.5
1706651100,5250.25,5250.75,5247.75,5248.25
1706651400,5248.5,5248.75,5247,5248.5
1706651700,5248.5,5249,5246,5246.5
1706655600,5243.25,5245.5,5240,5244
1706655900,5244,5247,5243.5,5246.5
1706656200,5246.5,5246.5,5244.5,5244.75
1706656500,5244.75,5246.5,5244.5,5245.75
1706656800,5245.75,5246.75,5242.5,5242.75
1706657100,5243,5244.25,5241.25,5241.5
1706657400,5241.5,5243.25,5241.25,5243
1706657700,5243,5243,5241.5,5242
1706658000,5242,5244.25,5242,5243.5
1706658300,5243.75,5244.5,5243,5243.25
1706658600,5243.25,5244,5242.75,5243.5
1706658900,5243.5,5243.75,5242.75,5242.75
1706659200,5242.75,5245.25,5242.75,5245.25
1706659500,5245,5246.5,5244.75,5245.75
1706659800,5245.75,5246.5,5245.5,5246
1706660100,5246.25,5246.75,5245.25,5246.5
1706660400,5246.75,5247,5246,5246.25
1706660700,5246.5,5247,5246.25,5246.5
1706661000,5246.5,5247.25,5245.5,5246.25
1706661300,5246.25,5246.25,5245.5,5245.75
1706661600,5245.75,5246.5,5245,5245.5
1706661900,5245.25,5246.5,5245,5246.5
1706662200,5246.25,5247,5246.25,5246.5
1706662500,5246.5,5246.5,5245.75,5246
1706662800,5246,5246.25,5244.5,5245
1706663100,5245,5245.5,5244.5,5245.25
1706663400,5245.25,5245.75,5245.25,5245.5
1706663700,5245.75,5246.5,5245.5,5246.25
1706664000,5246.25,5246.25,5245,5245.25
1706664300,5245.25,5245.5,5244.25,5244.5
1706664600,5244.5,5245,5243.75,5245
1706664900,5244.75,5245.75,5244.25,5245.25
1706665200,5245.5,5245.75,5244.25,5244.5
1706665500,5244.25,5245,5244,5244.5
1706665800,5244.5,5245,5243,5243.25
1706666100,5243,5244,5242.75,5243.25
1706666400,5243,5243.75,5242.5,5242.5
1706666700,5242.5,5243,5242.25,5242.5
1706667000,5242.5,5242.75,5242.25,5242.25
1706667300,5242.25,5243.75,5242.25,5243.25
1706667600,5243.25,5244.25,5243,5243.5
1706667900,5243.5,5243.75,5242.75,5243.25
1706668200,5243.25,5243.75,5243,5243.5
1706668500,5243.5,5243.75,5243,5243.75
1706668800,5243.75,5244,5242.75,5243
1706669100,5243,5243.25,5242.5,5243.25
1706669400,5243,5243,5242.5,5243
1706669700,5243,5243.5,5242.5,5243.25
1706670000,5243.5,5244.25,5243.25,5244
1706670300,5244,5244.25,5243.75,5244.25
1706670600,5244.25,5244.25,5243.75,5243.75
1706670900,5243.75,5244.25,5243.5,5244
1706671200,5244,5244.25,5243.75,5244
1706671500,5244,5244.25,5243.25,5243.5
1706671800,5243.5,5243.75,5243.25,5243.5
1706672100,5243.5,5243.5,5242.75,5242.75
1706672400,5242.75,5243.75,5242.75,5243.75
1706672700,5243.5,5244,5243.25,5243.75
1706673000,5243.75,5244,5243.5,5243.75
1706673300,5243.5,5243.75,5242.75,5243
1706673600,5243.25,5244.25,5243,5244
1706673900,5244,5244.25,5243.5,5243.75
1706674200,5243.75,5244.75,5243.5,5244.75
1706674500,5244.75,5244.75,5244.25,5244.75
1706674800,5244.75,5244.75,5244.5,5244.75
1706675100,5244.75,5244.75,5244,5244.5
1706675400,5244.25,5244.75,5244.25,5244.75
1706675700,5244.5,5244.75,5244,5244.75
1706676000,5244.75,5245.25,5244.5,5245.25
1706676300,5245.25,5245.5,5245,5245.5
1706676600,5245.5,5245.75,5245.25,5245.25
1706676900,5245.25,5245.5,5245.25,5245.25
1706677200,5245.25,5245.5,5245,5245.25
1706677500,5245.5,5245.5,5245,5245
1706677800,5245.25,5245.5,5245,5245
1706678100,5245.25,5245.75,5245,5245.75
1706678400,5245.5,5245.75,5245,5245.5
1706678700,5245.5,5245.75,5245,5245.25
1706679000,5245.25,5245.25,5244,5244
1706679300,5244,5244.25,5243.5,5243.75
1706679600,5243.75,5244.5,5243.75,5244
1706679900,5244,5244,5243.5,5244
1706680200,5244,5244.5,5243.25,5243.5
1706680500,5243.5,5244,5243.25,5243.5
1706680800,5243.75,5244.75,5243.5,5244.75
1706681100,5244.75,5245.25,5244.5,5244.75
1706681400,5244.5,5245.25,5244.5,5245
1706681700,5245,5245.25,5244.25,5244.25
1706682000,5244.5,5245.25,5244.5,5244.75
1706682300,5244.5,5244.75,5243.75,5243.75
1706682600,5243.75,5244,5242.75,5242.75
1706682900,5243,5243.75,5242.75,5243.25
1706683200,5243.5,5243.5,5242.75,5243
1706683500,5242.75,5243.25,5242.25,5242.5
1706683800,5242.5,5242.5,5241.5,5242
1706684100,5242,5242.25,5241.25,5241.5
1706684400,5241.25,5242.5,5240.25,5242.25
1706684700,5242.25,5243.75,5242.25,5243.5
1706685000,5243.75,5244,5242.75,5243.75
1706685300,5243.75,5244.5,5243.25,5244.25
1706685600,5244.5,5244.5,5244,5244.5
1706685900,5244.5,5246,5244.25,5245.75
1706686200,5245.75,5246.5,5245.5,5246.5
1706686500,5246.25,5246.25,5245.25,5245.5
1706686800,5245.5,5245.5,5245,5245.5
1706687100,5245.75,5247.5,5245.5,5247.5
1706687400,5247.25,5248.25,5246.5,5246.5
1706687700,5246.5,5247.25,5246,5247
1706688000,5247,5248,5246.5,5247
1706688300,5247,5248.25,5246.5,5246.75
1706688600,5246.75,5248,5246.75,5248
1706688900,5248,5248.25,5247.5,5248
1706689200,5248.25,5250.5,5248,5250.25
1706689500,5250.5,5251,5249.25,5249.75
1706689800,5250,5250.5,5249.75,5250.25
1706690100,5250.5,5250.75,5249.5,5250.25
1706690400,5250.25,5250.75,5249.75,5250.25
1706690700,5250,5251,5248.5,5248.5
1706691000,5248.75,5248.75,5247.75,5248.5
1706691300,5248.5,5249,5247,5247.5
1706691600,5247.5,5248,5245.75,5246.75
1706691900,5246.75,5246.75,5245,5245.5
1706692200,5245.5,5245.5,5243.5,5244.25
1706692500,5244.25,5244.5,5240,5240
1706692800,5240,5240.25,5238,5238.25
1706693100,5238.25,5239.5,5238,5238.25
1706693400,5238.25,5239,5236.25,5236.75
1706693700,5236.5,5237.75,5236.5,5237.25
1706694000,5237.25,5238.75,5236.75,5238.75
1706694300,5238.75,5241,5238.5,5240.75
1706694600,5240.75,5241.5,5239.25,5239.75
1706694900,5240,5240.25,5238.25,5238.5
1706695200,5238.5,5239.5,5237.5,5238.5
1706695500,5238.5,5238.75,5237.5,5238
1706695800,5237.75,5239,5237.25,5237.25
1706696100,5237.25,5238.25,5236.75,5238
1706696400,5238,5239.25,5237.5,5238.5
1706696700,5238.5,5238.5,5237.75,5238
1706697000,5237.75,5238.75,5237.5,5238.75
1706697300,5238.75,5238.75,5236.5,5236.5
1706697600,5236.5,5237.25,5236.25,5237.25
1706697900,5237,5238.25,5237,5237.75
1706698200,5238,5238,5237.25,5237.5
1706698500,5237.5,5238.25,5237,5237.25
1706698800,5237.25,5237.5,5236,5236.5
1706699100,5236.75,5238.25,5236.5,5238.25
1706699400,5238,5239,5237.75,5239
1706699700,5239,5240.5,5238.5,5240.25
1706700000,5240.5,5241.5,5240.25,5241.25
1706700300,5241.5,5242.25,5240.5,5240.5
1706700600,5240.5,5240.75,5239.75,5240.25
1706700900,5240.5,5240.75,5238.75,5239.25
1706701200,5239.25,5240.5,5239.25,5240.5
1706701500,5240.25,5241,5240,5240.5
1706701800,5240.5,5240.5,5239.75,5240
1706702100,5240,5241.25,5239.25,5240.5
1706702400,5240.75,5241.25,5239.75,5239.75
1706702700,5239.5,5240.25,5239.25,5239.25
1706703000,5239.25,5240.5,5239.25,5240.25
1706703300,5240.25,5241.75,5240.25,5241.5
1706703600,5241.5,5242.25,5239.75,5239.75
1706703900,5240,5240.25,5238,5239.5
1706704200,5239.75,5240.25,5238.25,5239.75
1706704500,5239.5,5239.5,5237.5,5237.75
1706704800,5237.75,5240.25,5237.5,5239.25
1706705100,5239.25,5242,5239,5241.25
1706705400,5241,5242.75,5240.5,5242.75
1706705700,5242.75,5244,5242.5,5243.75
1706706000,5243.5,5244.75,5242.25,5242.5
1706706300,5242.5,5243.75,5241.75,5243.5
1706706600,5243.25,5244.25,5241.75,5242
1706706900,5241.75,5245,5241.75,5244.5
1706707200,5244.5,5246.5,5244.5,5245
1706707500,5244.75,5244.75,5242.5,5244
1706707800,5243.75,5250,5241.75,5243.75
1706708100,5243.75,5243.75,5236.25,5238.75
1706708400,5238.5,5241.5,5238,5239
1706708700,5239,5242,5237.5,5240.25
1706709000,5240,5241,5238.75,5239.25
1706709300,5239.25,5240.25,5237.5,5238
1706709600,5238,5238.25,5233.5,5236
1706709900,5236,5237.5,5235,5237.25
1706710200,5237.25,5240,5236.5,5239.25
1706710500,5239.25,5239.5,5236.75,5237.5
1706710800,5237.75,5239,5234.5,5234.75
1706711100,5235,5239.75,5234.75,5238.75
1706711400,5239,5243.5,5236.25,5241
1706711700,5241.25,5243.25,5236.75,5238.25
1706712000,5238.5,5239,5232.25,5233
1706712300,5232.75,5234.25,5228.5,5232.5
1706712600,5232.75,5233.25,5229.75,5230.75
1706712900,5230.5,5232.25,5227.5,5230
1706713200,5229.75,5230.75,5228.25,5229.25
1706713500,5229.25,5230.75,5228,5230
1706713800,5229.75,5230.75,5224.25,5224.5
1706714100,5224.5,5228.75,5224.25,5227
1706714400,5226.75,5228.75,5225,5225.75
1706714700,5225.5,5228.25,5224.25,5225.5
1706715000,5225.5,5227.5,5221,5222
1706715300,5222,5222.75,5216.75,5217.75
1706715600,5217.75,5220.75,5217.5,5219
1706715900,5218.75,5221.25,5218,5220
1706716200,5219.75,5220.25,5217.25,5218.25
1706716500,5218.25,5220.5,5216.25,5219.75
1706716800,5220,5224.75,5219.5,5223.5
1706717100,5223.5,5225.5,5222.25,5225.25
1706717400,5225,5226.25,5222.75,5225.5
1706717700,5225.5,5227.25,5224.75,5225.5
1706718000,5225.5,5227,5223.25,5223.25
1706718300,5223.25,5224,5220.75,5222.75
1706718600,5222.75,5223.5,5220,5221.75
1706718900,5221.5,5221.75,5219.25,5219.5
1706719200,5219.5,5219.5,5215.75,5217.5
1706719500,5217.5,5220.75,5216.25,5219
1706719800,5219,5219.25,5216.5,5218
1706720100,5217.75,5222,5217.75,5220.75
1706720400,5220.75,5224.25,5220.5,5223.5
1706720700,5223.5,5226.5,5223,5226.25
1706721000,5226.25,5226.5,5222.75,5223.75
1706721300,5223.75,5224.5,5222.25,5222.75
1706721600,5222.75,5224,5221.75,5223.25
1706721900,5223.25,5226,5223.25,5226
1706722200,5225.75,5226,5222.25,5222.5
1706722500,5222.5,5223.5,5217.5,5219.75
1706722800,5219.75,5223.75,5218.5,5223.25
1706723100,5223.25,5223.5,5220.25,5221.75
1706723400,5221.75,5224.25,5221.25,5222.5
1706723700,5222.25,5226,5222,5225.75
1706724000,5226,5227.5,5224.75,5226.25
1706724300,5226.5,5228.25,5225.75,5227.5
1706724600,5227.25,5227.5,5225,5227.5
1706724900,5227.25,5229.5,5227.25,5229
1706725200,5228.75,5229.25,5222.75,5223.25
1706725500,5223.5,5225,5223,5224.5
1706725800,5224.5,5226,5223.5,5224.75
1706726100,5224.75,5225.5,5222.5,5223
1706726400,5223,5226,5222.75,5225.75
1706726700,5226,5229,5225.75,5228.75
1706727000,5229,5229.25,5225.5,5225.75
1706727300,5226,5228.25,5225.25,5226.5
1706727600,5226.5,5231,5209,5216.25
1706727900,5216.5,5222.75,5212.5,5215
1706728200,5215.25,5221.75,5213.5,5216.25
1706728500,5216.5,5218.25,5211,5212
1706728800,5211.75,5215,5208.5,5212
1706729100,5211.75,5216,5210.75,5214
1706729400,5214,5221.75,5210.5,5219
1706729700,5219.25,5235.25,5212,5232.5
1706730000,5232.5,5241.25,5231.5,5237.25
1706730300,5237,5242.75,5229.75,5230.75
1706730600,5231,5232,5217,5224
1706730900,5224,5227.5,5215.5,5217.25
1706731200,5217.25,5218.5,5195.25,5198.75
1706731500,5198.75,5201.25,5188.75,5200
1706731800,5199.75,5204.5,5195,5200.25
1706732100,5200.25,5204,5194.5,5195.25
1706732400,5195.5,5206.75,5193.5,5202
1706732700,5201.75,5204,5197.25,5199.25
1706733000,5199.25,5200.5,5190,5191
1706733300,5190.75,5192,5187.25,5191.25
1706733600,5191,5192.75,5187.75,5187.75
1706733900,5187.75,5191.5,5186.25,5188.75
1706734200,5188.75,5188.75,5183.25,5188.5
1706734500,5188.5,5193.25,5181.25,5181.75
1706734800,5181.75,5187.25,5179,5187.25
1706735100,5187.25,5189,5183,5184
1706735400,5184,5186.5,5183.75,5185
1706735700,5184.75,5185.75,5184,5185
1706736000,5185,5185,5183,5183.25
1706736300,5183.25,5183.5,5182,5182.25
1706736600,5182.5,5183,5182,5182.75
1706736900,5182.75,5185,5182.5,5183.75
1706737200,5183.75,5184,5182.25,5182.5
1706737500,5182.75,5183.75,5182,5183.5
1706737800,5183.75,5184.5,5183.5,5184
1706738100,5184,5185.25,5184,5184.75
1706742000,5187.5,5188.75,5185.5,5186.5
1706742300,5186.5,5187,5185.5,5186
1706742600,5186.25,5188.25,5186.25,5188
1706742900,5188,5190,5187.75,5189
1706743200,5189,5189.25,5187.5,5188.25
1706743500,5188.5,5190,5188.25,5190
1706743800,5189.75,5190.25,5188.5,5188.5
1706744100,5188.5,5189.75,5188.5,5189.5
1706744400,5189.5,5189.5,5188.75,5189.25
1706744700,5189.25,5190,5188.75,5189.75
1706745000,5189.75,5190.5,5189.5,5190
1706745300,5190,5190,5189,5189.75
1706745600,5189.75,5190.75,5189.5,5190.5
1706745900,5190.25,5190.25,5189.5,5190.25
1706746200,5190,5191.5,5189.75,5191.5
1706746500,5191.75,5191.75,5190.75,5191.75
1706746800,5191.75,5192.5,5191.5,5192.25
1706747100,5192.5,5194.25,5192.25,5194
1706747400,5194.25,5195.75,5194,5195
1706747700,5195,5195.5,5194.5,5195
1706748000,5195,5196,5194.25,5195
1706748300,5195,5195.25,5193.25,5193.25
1706748600,5193.25,5193.75,5192.25,5192.25
1706748900,5192.25,5192.75,5192,5192.5
1706749200,5192.5,5194.25,5192,5194
1706749500,5194,5194,5191.25,5191.25
1706749800,5191.5,5192.75,5191.25,5192.5
1706750100,5192.5,5193,5191,5191.75
1706750400,5191.5,5193.5,5191.25,5192.75
1706750700,5192.75,5193.5,5191.5,5192.25
1706751000,5192.5,5193.25,5191.5,5193
1706751300,5193.25,5193.5,5192.25,5192.75
1706751600,5192.75,5193.5,5192.5,5193
1706751900,5193,5193.75,5192.75,5193.75
1706752200,5193.5,5193.5,5192,5192.75
1706752500,5192.75,5194.25,5192.75,5193.75
1706752800,5193.75,5194.25,5193.25,5193.75
1706753100,5193.75,5195.25,5193.75,5195.25
1706753400,5195.25,5197.5,5195.25,5196.75
1706753700,5196.75,5197.25,5195.75,5196.25
1706754000,5196.25,5196.75,5195.75,5196.25
1706754300,5196,5197.75,5196,5197.5
1706754600,5197.5,5199,5197.25,5198.75
1706754900,5198.5,5198.5,5197.5,5198
1706755200,5198.25,5199,5197.75,5198.25
1706755500,5198.25,5198.25,5197.5,5197.5
1706755800,5197.75,5198,5197,5197.25
1706756100,5197.25,5197.75,5197,5197.5
1706756400,5197.5,5197.75,5197.25,5197.5
1706756700,5197.5,5197.5,5196.75,5197
1706757000,5196.75,5197.25,5196.75,5197
1706757300,5197,5197,5195.75,5196.5
1706757600,5196.5,5196.75,5195.75,5195.75
1706757900,5195.75,5196,5195,5195.75
1706758200,5195.75,5196,5195,5195
1706758500,5195,5195.25,5192.5,5193
1706758800,5193.25,5194.5,5193.25,5194
1706759100,5193.75,5195.25,5193.75,5195.25
1706759400,5195.25,5195.5,5194.75,5195.25
1706759700,5195,5196,5195,5195.75
1706760000,5195.75,5196.25,5195.75,5196
1706760300,5196,5197.25,5196,5197.25
1706760600,5197.25,5198,5197,5197.75
1706760900,5197.75,5198.25,5197.5,5198
1706761200,5198,5198,5197.5,5198
1706761500,5198,5198.5,5197.75,5198
1706761800,5197.75,5197.75,5196.25,5196.5
1706762100,5196.5,5197,5196.25,5196.75
1706762400,5197,5197.25,5196.75,5196.75
1706762700,5196.75,5197,5196.25,5196.25
1706763000,5196.25,5197.75,5196.25,5197.5
1706763300,5197.75,5198,5197,5197.5
1706763600,5197.25,5197.25,5195.5,5195.75
1706763900,5195.75,5196.25,5195.25,5195.5
1706764200,5195.5,5196.25,5195,5196.25
1706764500,5196,5197,5196,5196.5
1706764800,5196.5,5196.5,5195.5,5196.25
1706765100,5196,5196,5195,5195.25
1706765400,5195,5195.75,5194.5,5194.75
1706765700,5194.75,5194.75,5194,5194.25
1706766000,5194,5194.75,5194,5194
1706766300,5194,5194.75,5193,5194.5
1706766600,5194.25,5194.25,5193.5,5193.5
1706766900,5193.5,5193.75,5192.5,5192.75
1706767200,5192.75,5193.5,5192.5,5193
1706767500,5193,5193.5,5192.5,5193.25
1706767800,5193.25,5193.75,5193,5193.25
1706768100,5193.25,5193.5,5192.25,5192.25
1706768400,5192.25,5192.25,5191.25,5191.5
1706768700,5191.5,5191.75,5190.5,5191
1706769000,5190.75,5191,5190.25,5190.25
1706769300,5190.25,5190.75,5189.5,5189.75
1706769600,5189.75,5193,5189.75,5192.75
1706769900,5192.5,5192.75,5190.5,5191
1706770200,5191,5191,5189.25,5189.25
1706770500,5189.5,5189.5,5187.25,5188
1706770800,5188,5189.25,5187.25,5188.75
1706771100,5188.75,5189,5186.75,5187.5
1706771400,5187.25,5189.25,5187.25,5188.5
1706771700,5188.5,5190.5,5188.25,5190.25
1706772000,5190.25,5190.25,5188.5,5188.75
1706772300,5188.75,5189.25,5188.25,5189
1706772600,5189,5190.5,5187.75,5190.5
1706772900,5190.5,5192,5190,5191.75
1706773200,5191.75,5194,5191.5,5193.5
1706773500,5193.5,5193.5,5191.5,5192.5
1706773800,5192.25,5193.5,5192.25,5193.5
1706774100,5193.25,5195,5193.25,5194.25
1706774400,5194.5,5195.75,5193.5,5195
1706774700,5195,5195.5,5192.5,5193.75
1706775000,5193.75,5195.25,5193.25,5195.25
1706775300,5195.25,5196,5193.5,5196
1706775600,5195.75,5197.5,5195.5,5197.25
1706775900,5197.5,5198.5,5196.75,5198
1706776200,5198.25,5198.25,5196.5,5197
1706776500,5197,5198,5195.5,5197.75
1706776800,5198,5198.5,5196.5,5197.5
1706777100,5197.75,5198.5,5196.75,5197.25
1706777400,5197.25,5198,5196.5,5196.75
1706777700,5196.5,5197.75,5196,5197.75
1706778000,5197.5,5198.5,5196,5196
1706778300,5196.25,5197.25,5195,5195.25
1706778600,5195.25,5198.25,5195.25,5197.25
1706778900,5197.5,5199.75,5197,5198.25
1706779200,5198,5198.5,5197.25,5198
1706779500,5198,5198.5,5197.5,5197.5
1706779800,5197.75,5199.5,5197.5,5197.75
1706780100,5197.75,5198,5196.75,5197.5
1706780400,5197.5,5198.25,5196.25,5196.75
1706780700,5197,5199.25,5196.75,5199.25
1706781000,5199.25,5199.5,5198.5,5199.25
1706781300,5199.25,5199.25,5197.75,5198.5
1706781600,5198.5,5199.25,5197.5,5198.75
1706781900,5198.75,5199.25,5198.25,5198.25
1706782200,5198.5,5200.25,5198.25,5200.25
1706782500,5200,5200.25,5199,5199.5
1706782800,5199.5,5201,5199.5,5201
1706783100,5201,5201,5200.25,5200.25
1706783400,5200.25,5200.75,5199.5,5200.75
1706783700,5200.5,5201,5200.25,5200.75
1706784000,5200.75,5201.25,5200.25,5200.75
1706784300,5200.75,5201.25,5200.5,5200.75
1706784600,5201,5201.5,5200.5,5201.5
1706784900,5201.25,5201.75,5201,5201.5
1706785200,5201.5,5202,5200.75,5201
1706785500,5201.25,5201.5,5200,5200.25
1706785800,5200.25,5200.5,5199.5,5199.5
1706786100,5199.5,5200.5,5199.25,5200
1706786400,5200.25,5200.5,5199.5,5199.5
1706786700,5199.5,5200.25,5199.25,5199.75
1706787000,5199.75,5200.25,5199.25,5199.75
1706787300,5199.75,5201,5199.75,5200.75
1706787600,5200.5,5201,5200,5200.75
1706787900,5200.75,5201,5199.75,5200.5
1706788200,5200.5,5200.75,5199.25,5200.5
1706788500,5200.25,5202.25,5200.25,5202.25
1706788800,5202,5202.5,5200.5,5201.75
1706789100,5201.75,5205,5201.5,5204.25
1706789400,5204,5204,5202.5,5202.75
1706789700,5202.75,5205,5202.5,5204.5
1706790000,5204.5,5205.25,5204.25,5204.5
1706790300,5204.75,5205.25,5203.5,5204.75
1706790600,5204.75,5205.5,5204.5,5205.25
1706790900,5205.25,5205.5,5204.5,5205.5
1706791200,5205.25,5208.25,5205.25,5208.25
1706791500,5208.25,5208.75,5206.5,5206.75
1706791800,5206.5,5208,5205.75,5207.5
1706792100,5207.5,5208.25,5205.25,5206.5
1706792400,5206.25,5206.5,5203.75,5204
1706792700,5204.25,5204.5,5202.25,5202.5
1706793000,5202.75,5203,5198.5,5200
1706793300,5199.75,5199.75,5195.75,5197
1706793600,5197.25,5198.5,5195.75,5196.25
1706793900,5196.25,5199.75,5196,5198.25
1706794200,5198.75,5203,5195.75,5198.25
1706794500,5198.25,5204,5198,5203.5
1706794800,5203.5,5205,5200.5,5201
1706795100,5201,5205,5201,5202.75
1706795400,5202.75,5204,5202,5203
1706795700,5203.25,5204.5,5202,5202.25
1706796000,5202.25,5205.25,5198.75,5198.75
1706796300,5199,5200,5196.75,5199.5
1706796600,5199.5,5201,5197.5,5200
1706796900,5200.25,5200.75,5198.75,5199
1706797200,5199,5199.75,5197.25,5197.25
1706797500,5197.25,5200.25,5193.5,5196.25
1706797800,5196.25,5205.5,5195.25,5205.5
1706798100,5205.5,5206.25,5201,5203
1706798400,5203,5206.25,5201.5,5205.5
1706798700,5205.25,5207.75,5199.5,5200.75
1706799000,5201,5204,5200,5200.75
1706799300,5201,5201.5,5196.75,5200.25
1706799600,5200,5202.25,5192.25,5202
1706799900,5202,5210,5200.25,5209
1706800200,5209.25,5210,5205,5207.25
1706800500,5207.25,5210,5206,5206.25
1706800800,5206.25,5206.75,5199.75,5203.75
1706801100,5203.5,5212.25,5202,5211.75
1706801400,5212,5212.25,5208.25,5210
1706801700,5210,5210.75,5208,5209.75
1706802000,5209.75,5209.75,5205.25,5206.75
1706802300,5206.75,5208.25,5203.75,5204
1706802600,5204,5204.5,5194.25,5194.75
1706802900,5195,5196,5190.5,5190.75
1706803200,5190.5,5193,5189,5191.25
1706803500,5191.25,5195.75,5190.5,5192
1706803800,5192,5194,5187.5,5190.5
1706804100,5190.5,5194.5,5190.5,5192
1706804400,5191.75,5196.25,5190.75,5195.75
1706804700,5195.75,5197,5193,5195.25
1706805000,5195.25,5202.5,5195,5201.75
1706805300,5201.75,5203.75,5199.25,5203.75
1706805600,5203.75,5205.5,5202.5,5204.5
1706805900,5204.75,5205.75,5202.5,5204.5
1706806200,5204.25,5208,5204.25,5206.75
1706806500,5206.75,5207.5,5205,5206.75
1706806800,5206.75,5217.25,5206.5,5214.75
1706807100,5215,5222,5214.75,5220.75
1706807400,5220.75,5222.75,5216.75,5218
1706807700,5217.75,5218.75,5215.75,5216
1706808000,5216,5217.5,5214.25,5217.5
1706808300,5217.25,5217.5,5213.75,5214.75
1706808600,5214.75,5216.25,5213.5,5215
1706808900,5215,5216.75,5214.25,5215.5
1706809200,5215.5,5217.5,5214.25,5216.5
1706809500,5216.25,5223.5,5215.75,5223
1706809800,5223.25,5230.25,5223,5229.5
1706810100,5229.75,5232.5,5221,5224
1706810400,5223.75,5225,5215,5215.5
1706810700,5215.5,5216,5212,5214.5
1706811000,5214.5,5221.5,5213.75,5220.75
1706811300,5221,5222.25,5218.25,5221.25
1706811600,5221.5,5222.25,5217.75,5220.25
1706811900,5220.25,5222.25,5218.5,5220
1706812200,5220.25,5226,5219.5,5223.5
1706812500,5223.75,5225,5213.5,5216
1706812800,5216,5218.5,5215.25,5217.5
1706813100,5217.5,5223,5217.5,5221.75
1706813400,5221.75,5224,5221,5222
1706813700,5222,5225,5221,5222.5
1706814000,5222.5,5225.5,5222,5225.25
1706814300,5225.25,5228.75,5224.75,5228.5
1706814600,5228.5,5229.75,5222.5,5222.75
1706814900,5222.75,5226.5,5221.75,5226.25
1706815200,5226.25,5227.5,5224.5,5225.5
1706815500,5225.5,5226.5,5222.5,5224.5
1706815800,5224.5,5225.5,5221,5221.25
1706816100,5221.25,5227.25,5221.25,5226.5
1706816400,5226.5,5229,5226,5228.5
1706816700,5228.5,5235.5,5228.25,5232.5
1706817000,5232.5,5234.25,5231.5,5232
1706817300,5232,5235.75,5232,5235.25
1706817600,5235.25,5239.25,5234.25,5239
1706817900,5239.25,5240,5235,5236.5
1706818200,5236.5,5236.5,5232,5236
1706818500,5236.25,5237.75,5235.25,5236.75
1706818800,5236.75,5237,5235,5236
1706819100,5236,5237.5,5235.5,5237
1706819400,5237,5238.75,5236.25,5238
1706819700,5237.75,5239.5,5236.75,5239.25
1706820000,5239.25,5241,5237.5,5237.75
1706820300,5237.5,5239,5233.5,5233.75
1706820600,5233.75,5235,5231,5234.25
1706820900,5234.5,5242.75,5234.25,5242.75
1706821200,5242.5,5246.5,5238.75,5243.25
1706821500,5243,5254.5,5242,5251.5
1706821800,5251.25,5258.5,5251,5257.25
1706822100,5257,5261.75,5257,5259
1706822400,5258.75,5261.25,5256,5260
1706822700,5259.75,5262.75,5258.75,5262.5
1706823000,5262.75,5267.5,5258,5260.5
1706823300,5260.75,5264.75,5259.5,5264.25
1706823600,5264,5268.5,5263.5,5268.5
1706823900,5268.25,5274.75,5265.25,5274.25
1706824200,5274.25,5276.75,5272.25,5272.25
1706824500,5272.25,5274.5,5271.25,5272
1706828400,5265.75,5269,5263.5,5267.5
1706828700,5267.75,5268.25,5264,5266.75
1706829000,5267,5268.25,5264,5264.5
1706829300,5264.5,5267,5264.25,5267
1706829600,5267,5268,5265.75,5267.75
1706829900,5267.75,5267.75,5266,5266.25
1706830200,5266,5266.5,5265.5,5266
1706830500,5266.25,5266.25,5265.25,5266.25
1706830800,5266,5268.75,5266,5268
1706831100,5268,5268,5266.25,5267
1706831400,5267,5267.75,5266.75,5267.25
1706831700,5267,5267.25,5266.25,5267
1706832000,5267.25,5267.25,5265.5,5265.5
1706832300,5265.5,5266,5264.25,5265
1706832600,5265,5265,5264.25,5264.75
1706832900,5264.5,5264.75,5263,5264
1706833200,5264.25,5265,5264,5265
1706833500,5265,5265.75,5264.75,5265
1706833800,5264.75,5265.5,5264.75,5265.25
1706834100,5265,5266.25,5265,5266
1706834400,5266,5266.25,5265.5,5266.25
1706834700,5266,5266.75,5265.75,5266.75
1706835000,5266.5,5267.75,5266.25,5267.75
1706835300,5267.75,5267.75,5267,5267.75
1706835600,5267.75,5268.5,5266.5,5266.75
1706835900,5266.75,5268.75,5266.75,5268.5
1706836200,5268.5,5269.25,5267.5,5268
1706836500,5268.25,5268.75,5267.75,5268.25
1706836800,5268.25,5269.25,5268,5269
1706837100,5269,5269.75,5268.75,5269.25
1706837400,5269,5271.25,5269,5271.25
1706837700,5271.25,5272,5270.5,5270.75
1706838000,5270.5,5270.5,5269.5,5270
1706838300,5270.25,5270.25,5269.5,5270
1706838600,5269.75,5271.5,5269.75,5271
1706838900,5271,5271.75,5270.5,5271.25
1706839200,5271.5,5271.5,5270.75,5271
1706839500,5271,5272,5270.75,5271.5
1706839800,5271.5,5271.5,5270,5270
1706840100,5270,5270.5,5269.25,5269.25
1706840400,5269,5269.75,5268.5,5269.5
1706840700,5269.5,5270.25,5269.25,5269.5
1706841000,5269.75,5270.75,5269.75,5270.5
1706841300,5270.5,5270.75,5269.75,5270
1706841600,5269.75,5271.25,5269.5,5271.25
1706841900,5271.25,5271.25,5270.5,5271
1706842200,5271.25,5271.5,5270.5,5270.75
1706842500,5270.75,5271.25,5270.75,5271
1706842800,5271.25,5271.5,5270.75,5271
1706843100,5271,5271.25,5270.5,5270.5
1706843400,5270.75,5271,5270,5270.5
1706843700,5270.5,5270.5,5269.25,5269.75
1706844000,5269.75,5270,5269.5,5270
1706844300,5269.75,5269.75,5269,5269.25
1706844600,5269.25,5269.75,5268.25,5268.25
1706844900,5268.5,5268.75,5268.25,5268.75
1706845200,5268.5,5269,5268.5,5269
1706845500,5269,5269.75,5269,5269.75
1706845800,5269.75,5269.75,5269,5269.5
1706846100,5269.5,5269.5,5268.75,5268.75
1706846400,5269,5269,5268.25,5268.5
1706846700,5268.25,5268.5,5268.25,5268.5
1706847000,5268.5,5268.5,5268.25,5268.25
1706847300,5268.5,5269.25,5268.5,5269.25
1706847600,5269.25,5269.25,5268.75,5269
1706847900,5269,5269.75,5269,5269.5
1706848200,5269.5,5269.5,5269.25,5269.25
1706848500,5269.25,5269.5,5269,5269.25
1706848800,5269.25,5269.5,5268.75,5268.75
1706849100,5269,5269.25,5268,5268.25
1706849400,5268.25,5268.25,5267,5267.25
1706849700,5267.5,5268,5266.75,5267.75
1706850000,5267.75,5267.75,5267.25,5267.75
1706850300,5267.75,5268.25,5267.25,5268
1706850600,5268.25,5269.25,5268,5269
1706850900,5269.25,5269.25,5268.25,5268.25
1706851200,5268.25,5268.75,5268.25,5268.5
1706851500,5268.25,5270,5268.25,5270
1706851800,5270,5270,5268,5268.5
1706852100,5268.5,5269,5268,5268.75
1706852400,5268.5,5268.5,5268,5268.5
1706852700,5268.25,5269,5268.25,5269
1706853000,5268.75,5268.75,5268,5268.25
1706853300,5268.25,5268.5,5267.75,5268.5
1706853600,5268.25,5268.5,5266.75,5267.75
1706853900,5268,5268.5,5267.75,5268.25
1706854200,5268.25,5269.25,5268,5268.75
1706854500,5268.75,5268.75,5267.25,5268.25
1706854800,5268.25,5268.5,5267.25,5268
1706855100,5268,5270,5267.75,5269.75
1706855400,5269.75,5270.75,5269.25,5270.5
1706855700,5270.75,5270.75,5269.5,5269.5
1706856000,5269.5,5270.25,5269.25,5270
1706856300,5269.75,5270.75,5269.5,5269.5
1706856600,5269.5,5270.75,5269.25,5270
1706856900,5269.75,5270.5,5268.75,5269.75
1706857200,5269.5,5269.5,5267.5,5267.75
1706857500,5267.5,5268,5267,5267
1706857800,5267.25,5269,5267.25,5268.5
1706858100,5268.5,5268.5,5267.5,5267.75
1706858400,5267.5,5269.25,5267.5,5268.5
1706858700,5268.5,5268.5,5267.5,5267.75
1706859000,5268,5268.5,5267.25,5268.25
1706859300,5268,5268.25,5266.75,5267
1706859600,5266.75,5267.5,5266.75,5267
1706859900,5267,5267.5,5266,5266.5
1706860200,5266.5,5267.25,5266,5267.25
1706860500,5267,5267.5,5266.25,5266.5
1706860800,5266.5,5267,5264.75,5265
1706861100,5265.25,5266.5,5265,5266.25
1706861400,5266,5266.25,5264.75,5265
1706861700,5265,5265.5,5264.25,5265.5
1706862000,5265.5,5267.5,5265.25,5267.25
1706862300,5267.25,5268.5,5267.25,5267.75
1706862600,5267.75,5269,5266.75,5268.75
1706862900,5268.5,5269.5,5267.5,5269.5
1706863200,5269.5,5270.5,5268.5,5270.25
1706863500,5270.25,5271.5,5269.75,5271
1706863800,5271.25,5272.75,5271.25,5271.75
1706864100,5271.75,5272.25,5269.75,5270.25
1706864400,5270.5,5273,5270.5,5272.25
1706864700,5272.25,5272.5,5270.25,5271.25
1706865000,5271.25,5272.5,5270.5,5270.5
1706865300,5270.5,5271.5,5270,5270.25
1706865600,5270.25,5270.5,5268.5,5269.5
1706865900,5269.5,5269.5,5267.75,5268
1706866200,5268,5268,5266.25,5267.25
1706866500,5267.25,5267.5,5266.25,5267
1706866800,5267,5267,5264.75,5265.25
1706867100,5265.5,5267.25,5265.5,5267
1706867400,5266.75,5267.25,5265.75,5266.5
1706867700,5266.25,5267.75,5265.5,5267.75
1706868000,5267.75,5268.25,5267,5267
1706868300,5267,5268.25,5266.75,5268.25
1706868600,5268.25,5268.5,5268,5268.5
1706868900,5268.5,5268.75,5267.75,5268.75
1706869200,5268.75,5268.75,5267.25,5267.5
1706869500,5267.5,5269.25,5267.25,5269
1706869800,5269.25,5269.75,5268.25,5269.25
1706870100,5269.25,5270.75,5269,5270
1706870400,5270.25,5270.25,5269.25,5269.25
1706870700,5269.25,5270,5268.5,5269.75
1706871000,5269.75,5270,5268.75,5268.75
1706871300,5268.75,5269,5267.75,5268.25
1706871600,5268.25,5268.25,5266.75,5268
1706871900,5268,5268.5,5267,5267.25
1706872200,5267.25,5269,5267.25,5268.75
1706872500,5269,5270.25,5269,5270
1706872800,5269.75,5270,5268.75,5269
1706873100,5269,5270,5269,5269.75
1706873400,5269.75,5271.5,5269.5,5271
1706873700,5271,5271.75,5270.5,5271.25
1706874000,5271,5271.75,5270.75,5271.5
1706874300,5271.75,5271.75,5270.5,5271
1706874600,5271,5271.75,5270.75,5271.75
1706874900,5271.5,5271.75,5271,5271.75
1706875200,5271.5,5272,5271,5272
1706875500,5271.75,5271.75,5269.25,5271
1706875800,5271,5272.5,5271,5272.5
1706876100,5272.25,5274.25,5272,5274
1706876400,5274.25,5275,5273.5,5275
1706876700,5275,5276.5,5274.75,5275.75
1706877000,5275.5,5275.75,5274,5274
1706877300,5274.25,5275.5,5274,5275.5
1706877600,5275.5,5276,5273.75,5276
1706877900,5276,5276,5274.5,5275
1706878200,5274.75,5275.25,5273.5,5275
1706878500,5275.25,5275.5,5274,5274.25
1706878800,5274.5,5276,5273.5,5275.5
1706879100,5275.5,5277,5274.25,5274.5
1706879400,5274.75,5275,5273.5,5274
1706879700,5274.25,5274.25,5270.75,5271.5
1706880000,5271.75,5272,5270.25,5271.25
1706880300,5271.25,5272.25,5269.5,5271
1706880600,5271,5271,5247,5250.5
1706880900,5250.75,5254.5,5247.75,5254.25
1706881200,5254,5261.75,5253.25,5260
1706881500,5259.75,5259.75,5251.25,5252.25
1706881800,5252,5253.75,5247.75,5248
1706882100,5247.75,5248.75,5240.5,5242.25
1706882400,5242.25,5245.25,5238.75,5241.75
1706882700,5242,5246.5,5241.5,5244.5
1706883000,5244.75,5245,5241.75,5243.25
1706883300,5243,5247,5241,5243.5
1706883600,5243.5,5244,5239.5,5239.75
1706883900,5239.5,5246,5239.5,5246
1706884200,5246,5250.5,5242,5245.5
1706884500,5245.5,5250,5243.75,5249.75
1706884800,5249.75,5252.5,5245.5,5251.5
1706885100,5251.5,5258.75,5251.25,5253
1706885400,5252.75,5253.25,5247.5,5251
1706885700,5250.75,5257.25,5250,5254.25
1706886000,5254.25,5257,5252.25,5253.5
1706886300,5253.75,5255.75,5249.25,5251.75
1706886600,5252,5256.25,5249.75,5255
1706886900,5255,5258,5253.25,5257
1706887200,5257,5262.5,5255,5261.75
1706887500,5262,5263,5256,5258
1706887800,5258,5259.75,5252.75,5258
1706888100,5258,5262.25,5255.75,5262
1706888400,5262,5272,5261.75,5271.25
1706888700,5271.5,5274,5268.25,5268.75
1706889000,5269,5269.75,5266.75,5268
1706889300,5268,5273.5,5266.75,5271.25
1706889600,5271.5,5273,5266,5268.25
1706889900,5268.5,5272.75,5268.5,5271.25
1706890200,5271.5,5275.25,5270.75,5273.5
1706890500,5273.5,5275,5272,5272.25
1706890800,5272.25,5273.25,5269.5,5271.5
1706891100,5271.5,5281.75,5269.75,5279
1706891400,5279,5283.25,5279,5281.75
1706891700,5281.75,5284.75,5280.5,5284.75
1706892000,5284.75,5287.5,5283,5286.5
1706892300,5286.5,5289.25,5285.5,5288
1706892600,5288,5290.25,5287.5,5288.75
1706892900,5289,5289.5,5283.25,5285.25
1706893200,5285.5,5288.25,5284.75,5285.5
1706893500,5285.75,5288.25,5283.25,5283.5
1706893800,5283.5,5286.25,5281.5,5283
1706894100,5282.75,5287.5,5281.25,5287.25
1706894400,5287.5,5287.75,5285,5286.75
1706894700,5286.75,5294.5,5284.75,5293.75
1706895000,5293.75,5296.25,5292,5292.25
1706895300,5292.5,5296.5,5292,5295.25
1706895600,5295.5,5295.75,5274.25,5277
1706895900,5277.25,5281.5,5271.75,5280
1706896200,5280,5280,5274,5279
1706896500,5279,5286.75,5278,5286.25
1706896800,5286.25,5290,5286.25,5289.5
1706897100,5289.5,5292.5,5285,5285.75
1706897400,5285.75,5290.5,5285.75,5290
1706897700,5290,5293.5,5287,5292.75
1706898000,5292.75,5295.5,5289,5293.75
1706898300,5294,5294.25,5284.75,5287.25
1706898600,5287.25,5289,5285.25,5287.25
1706898900,5287,5290.75,5282.75,5289.5
1706899200,5289.5,5292.5,5288.5,5291.75
1706899500,5291.5,5294.25,5287.75,5291.75
1706899800,5291.5,5294.25,5289.75,5292.5
1706900100,5292.25,5294.25,5291,5293
1706900400,5293,5300,5293,5296.75
1706900700,5297,5299,5295.5,5298.25
1706901000,5298.25,5302.75,5297.25,5300.5
1706901300,5300.5,5304,5299.5,5299.75
1706901600,5299.75,5301.25,5296,5300.5
1706901900,5300.5,5301.25,5297.75,5299.5
1706902200,5299.75,5304.25,5299,5304.25
1706902500,5304.25,5306.75,5303,5305.25
1706902800,5305.5,5307.5,5304.5,5304.5
1706903100,5304.5,5307.25,5303.75,5306
1706903400,5306.25,5307,5302.25,5304.75
1706903700,5304.5,5307.5,5301.75,5307
1706904000,5306.75,5307.5,5303,5305.5
1706904300,5305.5,5308.5,5304.5,5307.75
1706904600,5308,5310.75,5305.75,5306.25
1706904900,5306.25,5308,5305.5,5307.5
1706905200,5307.5,5308.25,5301.75,5302.25
1706905500,5302.75,5309.5,5302.25,5309.25
1706905800,5309,5309.25,5301,5303
1706906100,5303,5305,5299.75,5302.25
1706906400,5302.25,5303,5299.5,5299.75
1706906700,5299.5,5301,5296,5300
1706907000,5299.75,5303.75,5298.25,5303.5
1706907300,5303.5,5306,5292.25,5292.5
1706907600,5292.5,5292.5,5285,5289.5
1706907900,5289.75,5292.25,5289.5,5291.5
1706908200,5291.5,5292,5290.5,5291.5
1706908500,5291.75,5291.75,5290.5,5290.5
1706908800,5290.75,5291.5,5289,5290.25
1706909100,5290,5291.5,5289.5,5291.5
1706909400,5291.5,5291.5,5290.25,5290.75
1706909700,5290.75,5291,5289,5289
1706910000,5289,5290,5288.5,5289.25
1706910300,5289.25,5290,5288.75,5289.5
1706910600,5289.5,5290.25,5289,5289
1706910900,5289,5289.5,5285.5,5285.75
1707087600,5289,5293.75,5286,5289.75
1707087900,5290,5292.25,5289.75,5291
1707088200,5291,5291.25,5288.25,5288.25
1707088500,5288.25,5289,5287,5287.25
1707088800,5287.25,5288.25,5286.75,5288
1707089100,5288,5289.5,5287.75,5289.5
1707089400,5289.5,5290.25,5288.25,5289.75
1707089700,5289.75,5291.5,5289.5,5290.5
1707090000,5290.5,5290.75,5288.25,5289.25
1707090300,5289.5,5290.5,5288.5,5289.5
1707090600,5289.75,5290.5,5289.5,5289.75
1707090900,5289.5,5290.75,5288.75,5289.75
1707091200,5289.5,5291,5283.5,5291
1707091500,5291,5293,5289.5,5291.25
1707091800,5291.25,5292,5289.75,5290
1707092100,5290,5290.25,5286,5286
1707092400,5286.25,5287,5283.75,5286.75
1707092700,5286.75,5287.25,5283.75,5283.75
1707093000,5283.75,5284.25,5281.75,5282.25
1707093300,5282.25,5282.75,5280.75,5281
1707093600,5281.5,5281.75,5280.25,5281.25
1707093900,5281.25,5281.25,5278,5279.75
1707094200,5279.75,5280,5278.75,5279
1707094500,5279,5281.25,5279,5281.25
1707094800,5281.5,5282.25,5280.75,5281.75
1707095100,5281.75,5282.5,5281.5,5282
1707095400,5282,5282.25,5279.75,5280.25
1707095700,5280,5280.5,5277.25,5280.5
1707096000,5280.5,5280.75,5279,5280
1707096300,5280.25,5280.25,5278.25,5279.75
1707096600,5279.5,5281.5,5279.5,5280.75
1707096900,5281,5281.25,5280,5281
1707097200,5281.25,5282,5280.75,5281.5
1707097500,5281.5,5281.75,5280.75,5281.25
1707097800,5281.25,5282.25,5279.25,5281.75
1707098100,5281.75,5283.25,5281.5,5283
1707098400,5282.75,5283.25,5280.75,5281
1707098700,5280.75,5281.5,5280.25,5280.75
1707099000,5280.75,5282.25,5280.25,5281.75
1707099300,5281.75,5281.75,5280.5,5280.75
1707099600,5280.5,5282.25,5280.5,5282
1707099900,5282,5282.5,5281.5,5281.75
1707100200,5281.5,5282.25,5281,5281.75
1707100500,5281.75,5282,5280.25,5281
1707100800,5280.75,5280.75,5279.25,5279.75
1707101100,5279.75,5280.5,5279.25,5279.25
1707101400,5279.25,5279.75,5278.5,5279.5
1707101700,5279.75,5280.5,5279.5,5280.25
1707102000,5280.5,5281.75,5279.75,5281.75
1707102300,5281.75,5282,5281.25,5282
1707102600,5282,5282,5280.25,5280.5
1707102900,5280.5,5281.25,5279,5279.25
1707103200,5279.25,5279.5,5278,5278
1707103500,5278,5278.5,5277.75,5278.5
1707103800,5278.5,5278.5,5277.5,5278
1707104100,5278,5278.75,5277.5,5278.25
1707104400,5278.25,5279,5278,5278.25
1707104700,5278.25,5279,5278.25,5278.5
1707105000,5278.5,5279.75,5278.5,5279.25
1707105300,5279.25,5279.5,5278.75,5279.25
1707105600,5279.25,5280,5278.75,5279.75
1707105900,5279.5,5280,5279.25,5279.75
1707106200,5280,5280.5,5279.75,5280
1707106500,5280,5280.75,5280,5280
1707106800,5280,5280.25,5279.5,5279.75
1707107100,5279.75,5280,5279.5,5280
1707107400,5280,5280,5279.25,5279.5
1707107700,5279.5,5279.75,5279.25,5279.25
1707108000,5279.5,5279.5,5279,5279
1707108300,5279.25,5280,5279.25,5279.75
1707108600,5279.75,5280.5,5279.75,5280.5
1707108900,5280.5,5280.75,5280.25,5280.75
1707109200,5280.75,5281.5,5280.5,5280.5
1707109500,5280.75,5281,5280,5280.75
1707109800,5280.75,5281.75,5280.5,5281.75
1707110100,5281.75,5283.25,5281.75,5283.25
1707110400,5283,5283.25,5282.5,5282.5
1707110700,5282.5,5283,5282,5282
1707111000,5282,5282.25,5280.75,5280.75
1707111300,5281,5281.5,5281,5281
1707111600,5281,5281.5,5281,5281.25
1707111900,5281.25,5281.75,5281.25,5281.75
1707112200,5281.5,5282,5281.25,5282
1707112500,5282,5282.75,5282,5282.25
1707112800,5282.25,5283.5,5282,5283.5
1707113100,5283.5,5284,5283,5283.5
1707113400,5283.75,5284.25,5283,5283
1707113700,5283,5283.5,5282.75,5283
1707114000,5283,5283.75,5283,5283.75
1707114300,5283.75,5284.75,5283.5,5284.5
1707114600,5284.5,5284.75,5283.75,5284.5
1707114900,5284.25,5284.25,5283.5,5283.75
1707115200,5283.75,5283.75,5282.5,5283.25
1707115500,5283.25,5284.25,5283.25,5283.5
1707115800,5283.75,5284,5283,5283.75
1707116100,5283.75,5284.25,5283.25,5283.5
1707116400,5283.5,5285,5283,5283.75
1707116700,5283.75,5283.75,5282.75,5283
1707117000,5283,5283.75,5282.75,5283.25
1707117300,5283.25,5284,5282.75,5283.75
1707117600,5284,5284,5283.25,5283.75
1707117900,5283.75,5284.25,5283.25,5283.75
1707118200,5283.5,5283.75,5282.5,5283.5
1707118500,5283.5,5285,5283.5,5284.5
1707118800,5284.25,5285.75,5284.25,5285.75
1707119100,5285.75,5286,5284,5284.75
1707119400,5284.75,5284.75,5283.5,5284.5
1707119700,5284.5,5284.5,5281.5,5282
1707120000,5282,5282.75,5280.5,5282.75
1707120300,5282.75,5284.75,5282.75,5284.75
1707120600,5284.75,5286.5,5284.75,5285.75
1707120900,5285.75,5286,5284.25,5285.75
1707121200,5286,5286.75,5285.25,5285.25
1707121500,5285.5,5286.75,5285.25,5286.25
1707121800,5286.25,5287,5285,5286.25
1707122100,5286.25,5286.25,5284,5285
1707122400,5285,5286,5284.75,5285.5
1707122700,5285.25,5287,5284.75,5286
1707123000,5286,5286.5,5284.5,5284.5
1707123300,5284.5,5285.25,5284.25,5285
1707123600,5285,5286.25,5284,5284.75
1707123900,5284.75,5285.25,5283.5,5283.75
1707124200,5283.75,5284.75,5283.5,5284.5
1707124500,5284.5,5284.5,5280.25,5280.75
1707124800,5280.75,5281.5,5280.25,5280.75
1707125100,5280.75,5281.25,5279.5,5280
1707125400,5280,5281,5279.5,5280.5
1707125700,5280.5,5281,5279.25,5280.5
1707126000,5280.5,5281.75,5280.5,5281.25
1707126300,5281.25,5281.5,5278.5,5279
1707126600,5279,5279.25,5276.75,5277.75
1707126900,5277.75,5279.25,5277.25,5278.75
1707127200,5278.75,5282,5278.75,5281.5
1707127500,5281.75,5282.5,5280,5280.25
1707127800,5280.5,5281.5,5280,5281
1707128100,5281,5282,5281,5281.75
1707128400,5281.75,5283.5,5281.5,5283.25
1707128700,5283.5,5283.5,5282.5,5283.25
1707129000,5283.25,5286,5283.25,5286
1707129300,5285.75,5286.75,5284.75,5286.25
1707129600,5286.5,5286.5,5285,5286
1707129900,5286,5286,5285,5285.5
1707130200,5285.5,5287,5285.25,5287
1707130500,5287,5287,5284.25,5285
1707130800,5285.25,5285.5,5283.75,5284
1707131100,5284,5284.75,5283.5,5284.75
1707131400,5284.75,5285.5,5284,5284
1707131700,5284,5285,5283.5,5284.75
1707132000,5284.75,5285.5,5284.5,5285.25
1707132300,5285.25,5286,5284,5284
1707132600,5284,5286,5283.5,5284.5
1707132900,5284.5,5285,5283.75,5284.5
1707133200,5284.75,5285,5283.75,5283.75
1707133500,5284,5285.25,5283,5284.75
1707133800,5284.75,5285,5283.5,5283.75
1707134100,5283.5,5284.5,5283,5283.5
1707134400,5283.5,5283.5,5281.5,5282.25
1707134700,5282.25,5284.5,5281.75,5284.25
1707135000,5284.5,5286,5284,5285.75
1707135300,5286,5286.25,5285.25,5286.25
1707135600,5286.25,5288.5,5286,5287.25
1707135900,5287.25,5287.5,5284.75,5285.5
1707136200,5285.5,5286.5,5284.5,5286.5
1707136500,5286.25,5288.25,5286.25,5287.5
1707136800,5287.75,5288.25,5287,5287
1707137100,5287,5287.25,5285.75,5286.5
1707137400,5286.5,5288.5,5286.5,5288.25
1707137700,5288.25,5288.5,5287,5287
1707138000,5287,5288,5285.75,5286
1707138300,5286,5287,5285.25,5285.75
1707138600,5285.75,5286.5,5285.25,5286.25
1707138900,5286,5286.75,5284.75,5286.5
1707139200,5286.5,5286.5,5280,5281.75
1707139500,5281.5,5282,5280,5280
1707139800,5280.25,5281.75,5280,5280.25
1707140100,5280.5,5280.5,5278.5,5279
1707140400,5279.25,5279.5,5278,5279.25
1707140700,5279.25,5280.75,5278.75,5280.5
1707141000,5280.25,5280.5,5278.5,5278.75
1707141300,5278.75,5279,5276.25,5278
1707141600,5278,5279.5,5276.75,5279.25
1707141900,5279.25,5279.25,5277.25,5277.25
1707142200,5277.25,5280.25,5277.25,5280
1707142500,5279.75,5281.75,5279.5,5281.25
1707142800,5281.25,5282.75,5281,5282.25
1707143100,5282.25,5286,5281.25,5286
1707143400,5286,5286,5278.5,5283.25
1707143700,5283,5283.25,5277.5,5280
1707144000,5279.75,5281.5,5277.25,5280.75
1707144300,5280.75,5283.75,5279.75,5281.5
1707144600,5281.75,5281.75,5278.5,5281
1707144900,5280.75,5283.5,5280.5,5283.25
1707145200,5282.75,5283.25,5270.75,5271.5
1707145500,5271.75,5275.5,5269.5,5270.75
1707145800,5270.5,5272.75,5266.75,5268.5
1707146100,5268.5,5269,5255.75,5259.25
1707146400,5259,5261.75,5256.75,5259.5
1707146700,5259.5,5263.5,5259,5262.5
1707147000,5262.5,5263.5,5259.75,5261.25
1707147300,5261,5263.5,5260.25,5260.75
1707147600,5260.75,5261,5251.5,5253.5
1707147900,5253.25,5256.75,5250.75,5256.75
1707148200,5256.75,5257.75,5254.25,5256.25
1707148500,5256.25,5257.75,5254.25,5256.75
1707148800,5256.75,5258.25,5255.5,5257.5
1707149100,5257.25,5263.25,5257.25,5263
1707149400,5262.75,5264.75,5261.5,5264.75
1707149700,5264.75,5266.5,5263.5,5266
1707150000,5266,5266.75,5261.25,5261.75
1707150300,5261.75,5263.25,5261,5261.75
1707150600,5261.75,5268,5261.75,5267.75
1707150900,5267.75,5268.25,5265.5,5266.5
1707151200,5266.5,5266.75,5262.25,5264.75
1707151500,5265,5268,5265,5267.25
1707151800,5267.25,5268.75,5265.75,5267
1707152100,5267,5270.25,5267,5269.75
1707152400,5270,5271.25,5268.75,5270.25
1707152700,5270.5,5273,5270.25,5272
1707153000,5272.25,5274.5,5272,5273
1707153300,5273,5275,5273,5273.75
1707153600,5274,5275.5,5269,5275
1707153900,5275,5276.25,5273.5,5276.25
1707154200,5276.25,5279.75,5276.25,5278.5
1707154500,5278.5,5283,5277.75,5281.5
1707154800,5281.75,5282.75,5280.5,5281.75
1707155100,5281.75,5282,5278.25,5280.25
1707155400,5280,5280.5,5277.25,5279
1707155700,5279,5280.5,5278,5279
1707156000,5279.25,5279.5,5275,5278.75
1707156300,5278.75,5281.25,5277.75,5280.75
1707156600,5280.75,5284.25,5279.75,5283.75
1707156900,5283.75,5283.75,5279.25,5281.25
1707157200,5281.5,5281.75,5277.75,5278.75
1707157500,5279,5279,5274.5,5274.75
1707157800,5274.75,5278,5274.5,5278
1707158100,5278,5280.25,5276.5,5278.5
1707158400,5278.75,5279.5,5276,5279
1707158700,5279,5281,5279,5279.5
1707159000,5279.5,5280.75,5277.25,5278.5
1707159300,5278.25,5280.5,5276.25,5280
1707159600,5280,5280.5,5277.25,5278.75
1707159900,5278.75,5282.25,5277.5,5280.75
1707160200,5281,5281.75,5279,5279.5
1707160500,5279.5,5281.25,5278.25,5279.25
1707160800,5279.25,5283,5278.5,5282.5
1707161100,5282.5,5284.5,5281.5,5283.5
1707161400,5283.25,5287.75,5282.75,5287
1707161700,5287,5289.75,5286,5287.25
1707162000,5287.5,5289.25,5286.5,5288
1707162300,5288,5290.5,5287.75,5289.5
1707162600,5289.75,5290.25,5287,5289
1707162900,5288.75,5289.25,5287.25,5288.5
1707163200,5288.75,5289,5284.5,5284.75
1707163500,5284.75,5286.5,5279.75,5281
1707163800,5281.25,5282.25,5276.25,5276.25
1707164100,5276.5,5280.5,5274.5,5279
1707164400,5279,5282.25,5277.5,5282
1707164700,5282,5286.5,5281.25,5285.5
1707165000,5285.5,5287.75,5283.5,5287.5
1707165300,5287.25,5288.25,5281.5,5282.5
1707165600,5282.25,5282.75,5278.75,5279.25
1707165900,5279,5283,5277.5,5277.75
1707166200,5277.75,5284,5277.25,5281.25
1707166500,5281.25,5284.75,5273.5,5274
1707166800,5274,5275,5268.5,5273.5
1707167100,5273.25,5274.75,5272.25,5273.5
1707167400,5273.25,5274,5271.75,5272.25
1707167700,5272.25,5273.25,5272,5272.5
1707168000,5272.5,5273,5272.25,5272.25
1707168300,5272.25,5273,5272,5272.25
1707168600,5272.25,5272.25,5270.5,5271.25
1707168900,5271,5271.75,5270.75,5271.25
1707169200,5271.25,5272.5,5271.25,5272
1707169500,5272,5272.5,5271.5,5271.5
1707169800,5271.5,5272.5,5271.25,5272
1707170100,5272.25,5273.25,5271.75,5273.25
1707174000,5272.5,5275,5272,5273.25
1707174300,5273.25,5274,5272.5,5273.25
1707174600,5273.25,5273.5,5273,5273.5
1707174900,5273.75,5274,5273.5,5273.75
1707175200,5273.75,5274.25,5273.75,5273.75
1707175500,5273.75,5273.75,5273,5273
1707175800,5273,5273.75,5272.5,5273
1707176100,5273,5273,5272.25,5272.5
1707176400,5272.5,5272.5,5271.5,5272.25
1707176700,5272.25,5272.25,5271.25,5271.25
1707177000,5271,5271.75,5271,5271.25
1707177300,5271.25,5271.25,5270.25,5271
1707177600,5270.75,5272.5,5270.5,5272.25
1707177900,5272.25,5273.25,5272.25,5272.5
1707178200,5272.5,5273,5272.25,5273
1707178500,5272.75,5273.75,5272.75,5273.25
1707178800,5273,5273.5,5272.75,5273.25
1707179100,5273.5,5273.5,5272.75,5272.75
1707179400,5272.75,5273.25,5272.5,5272.5
1707179700,5272.5,5273,5272.5,5272.75
1707180000,5273,5274,5273,5273.75
1707180300,5273.75,5274.5,5273.75,5274.25
1707180600,5274.25,5274.25,5273.5,5273.75
1707180900,5274,5274.5,5273.5,5274
1707181200,5273.75,5275.25,5273.5,5275
1707181500,5275,5275.75,5274.25,5275.25
1707181800,5275.25,5276.25,5275,5276
1707182100,5276.25,5277,5275,5275.25
1707182400,5275.25,5275.25,5273.5,5275
1707182700,5275,5275.25,5274.25,5274.75
1707183000,5274.75,5276.25,5274.75,5275.5
1707183300,5275.5,5275.75,5274.25,5274.5
1707183600,5274.25,5275,5273.75,5274.5
1707183900,5274.5,5276,5274.5,5275.5
1707184200,5275.25,5276,5275,5275.75
1707184500,5275.75,5276.5,5275.5,5276.5
1707184800,5276.25,5276.75,5275.5,5276.25
1707185100,5276,5277,5275.5,5277
1707185400,5277,5277,5276.25,5276.5
1707185700,5276.5,5277,5276,5276.5
1707186000,5276.5,5277.25,5276.25,5277.25
1707186300,5277.25,5278.25,5276.75,5277
1707186600,5277,5277.5,5276.5,5277.5
1707186900,5277.25,5278,5277.25,5277.75
1707187200,5277.75,5278.75,5277.75,5278.5
1707187500,5278.5,5278.75,5278,5278.25
1707187800,5278,5278.25,5277.5,5277.5
1707188100,5277.75,5277.75,5277,5277
1707188400,5277.25,5278,5277,5278
1707188700,5278,5278,5277.5,5278
1707189000,5278.25,5279.25,5278,5279.25
1707189300,5279.25,5280,5279.25,5279.5
1707189600,5279.75,5280,5279.25,5279.75
1707189900,5279.5,5280.25,5279.25,5279.75
1707190200,5279.75,5280,5279,5279.75
1707190500,5279.75,5279.75,5277.75,5278
1707190800,5278,5278.75,5277.75,5278.25
1707191100,5278.25,5278.75,5277.75,5277.75
1707191400,5277.75,5277.75,5277,5277.75
1707191700,5277.75,5278.25,5277.5,5278
1707192000,5277.75,5278.25,5277.25,5278
1707192300,5278,5278.25,5277.75,5277.75
1707192600,5277.75,5278,5277.25,5277.5
1707192900,5277.5,5278.5,5277.5,5278.25
1707193200,5278.5,5278.5,5278,5278.5
1707193500,5278.5,5279.25,5278.25,5279.25
1707193800,5279.25,5279.5,5278.75,5279
1707194100,5279,5279.5,5279,5279.5
1707194400,5279.5,5280,5279.5,5279.5
1707194700,5279.5,5279.75,5279.25,5279.5
1707195000,5279.5,5280.25,5279.25,5279.75
1707195300,5280,5280,5279,5279.75
1707195600,5279.75,5281.25,5279.5,5281
1707195900,5280.75,5281.25,5280.5,5280.5
1707196200,5280.5,5281,5279.25,5279.75
1707196500,5279.75,5280,5279.5,5279.5
1707196800,5279.5,5279.75,5278.5,5279
1707197100,5278.75,5279.75,5278.75,5279.5
1707197400,5279.5,5280.25,5279,5279
1707197700,5279.25,5279.5,5279,5279.25
1707198000,5279.5,5280,5279.25,5280
1707198300,5280,5280.25,5279,5279
1707198600,5279,5279.25,5278.25,5278.25
1707198900,5278.5,5279,5278.25,5278.5
1707199200,5278.25,5278.75,5278,5278.25
1707199500,5278.25,5278.5,5278,5278.25
1707199800,5278.5,5278.75,5277.75,5277.75
1707200100,5277.75,5278.25,5277.75,5278
1707200400,5278,5278,5277.25,5277.5
1707200700,5277.5,5278,5277,5277.25
1707201000,5277.25,5277.5,5277,5277.25
1707201300,5277.25,5277.75,5277,5277.75
1707201600,5277.75,5278.5,5277.5,5278
1707201900,5278.25,5278.75,5277.75,5278
1707202200,5277.75,5278,5277.25,5277.5
1707202500,5277.75,5278.5,5277.25,5278.25
1707202800,5278.25,5280.75,5278,5280.25
1707203100,5280.5,5281.5,5280.25,5281
1707203400,5281,5282.75,5281,5282.25
1707203700,5282.5,5283.25,5282.25,5283
1707204000,5282.75,5283.75,5282.75,5283
1707204300,5283,5283.75,5282.5,5283.5
1707204600,5283.5,5284.5,5283,5283
1707204900,5283,5283.75,5282.5,5283.75
1707205200,5283.5,5283.5,5282,5282.5
1707205500,5282.5,5283,5282.25,5283
1707205800,5282.75,5283.25,5282.25,5282.75
1707206100,5283,5284,5282.25,5282.25
1707206400,5282.5,5284,5282.5,5283
1707206700,5283.25,5283.25,5281.75,5282.25
1707207000,5282.5,5283.25,5281,5283.25
1707207300,5283.5,5283.5,5281.5,5282.25
1707207600,5282.25,5284,5282.25,5283
1707207900,5282.75,5283.25,5281.25,5281.5
1707208200,5281.75,5282.25,5280.75,5282
1707208500,5282,5282,5280.5,5281
1707208800,5281,5281.25,5279.25,5279.5
1707209100,5279.5,5281,5279.25,5279.25
1707209400,5279.25,5280,5278,5279.25
1707209700,5279.5,5280,5277.75,5278
1707210000,5278,5280,5277.5,5279.75
1707210300,5279.75,5280.5,5279.5,5280
1707210600,5279.75,5280,5278.25,5280
1707210900,5280.25,5281.25,5280,5280.5
1707211200,5280.25,5281.25,5279.5,5279.5
1707211500,5279.5,5280.25,5279,5280.25
1707211800,5280,5280.5,5278.75,5279.5
1707212100,5279.5,5280,5278.75,5279.25
1707212400,5279.25,5279.75,5278.5,5278.5
1707212700,5278.5,5278.75,5276.25,5277
1707213000,5277,5277.25,5276.25,5276.25
1707213300,5276.25,5276.75,5275.5,5276.25
1707213600,5276.5,5276.5,5273.75,5275
1707213900,5275,5275.5,5274,5274.5
1707214200,5274.5,5275.5,5274.25,5274.5
1707214500,5274.5,5274.75,5273.5,5274.25
1707214800,5274,5274.75,5273.75,5274.5
1707215100,5274.25,5274.25,5272.25,5273.5
1707215400,5273.5,5273.75,5271.25,5271.5
1707215700,5271.5,5273,5271.5,5272.75
1707216000,5272.75,5273.75,5272.5,5273.25
1707216300,5273.25,5273.5,5272.5,5273.5
1707216600,5273.5,5275.75,5273.25,5275
1707216900,5275,5275,5274,5275
1707217200,5275,5276,5274.75,5275.5
1707217500,5275.5,5275.5,5274.25,5274.5
1707217800,5274.5,5274.5,5272.25,5273.25
1707218100,5273,5273.25,5272,5273.25
1707218400,5273,5275,5273,5274.25
1707218700,5274.25,5274.75,5273.75,5274
1707219000,5273.75,5274.25,5271,5271
1707219300,5271,5271.5,5268.25,5268.25
1707219600,5268.25,5270.75,5268.25,5269
1707219900,5269,5269.75,5268,5269.25
1707220200,5269.25,5271,5269.25,5270.75
1707220500,5270.75,5271.75,5270.5,5271.75
1707220800,5271.5,5272.5,5271,5272
1707221100,5272,5272.5,5270.5,5271.5
1707221400,5271.75,5272.25,5270.5,5271.75
1707221700,5271.5,5272,5270.5,5271.25
1707222000,5271,5271,5268.75,5269
1707222300,5269,5269.25,5267.5,5269
1707222600,5268.75,5270.25,5268.5,5269.5
1707222900,5269.5,5271,5269.25,5271
1707223200,5271,5273.5,5270.75,5273.25
1707223500,5273.25,5274,5272,5273
1707223800,5273,5274,5272,5272.75
1707224100,5272.75,5273.5,5272.75,5273.5
1707224400,5273.5,5275.5,5272.75,5275.5
1707224700,5275.25,5277.5,5275,5277.5
1707225000,5277.5,5278.5,5277,5278
1707225300,5278.25,5279.5,5278,5279.25
1707225600,5279.25,5280,5278,5279.5
1707225900,5279.25,5279.75,5278.5,5279
1707226200,5279.25,5280,5278.25,5278.75
1707226500,5278.75,5280.75,5278.75,5279
1707226800,5279.25,5280.25,5279,5280.25
1707227100,5280,5282.5,5280,5281.5
1707227400,5281.5,5282.75,5281,5281.25
1707227700,5281.5,5282.5,5281,5281.5
1707228000,5281.5,5283.25,5281.5,5283
1707228300,5283,5284,5281.5,5282.5
1707228600,5282.5,5283.75,5282,5283.25
1707228900,5283.25,5283.75,5282.5,5283.25
1707229200,5283.25,5284.5,5283.25,5284.25
1707229500,5284,5284.25,5282,5282.75
1707229800,5283,5288,5280.5,5285.5
1707230100,5285.5,5286,5281.5,5284.25
1707230400,5284.25,5289.25,5284,5289.25
1707230700,5289.25,5291.25,5285,5287.5
1707231000,5287.75,5288.5,5280.5,5285
1707231300,5285,5285.5,5277.5,5278
1707231600,5277.75,5278.25,5272,5275
1707231900,5274.75,5275.75,5272,5274.25
1707232200,5274.25,5274.5,5269.5,5271.25
1707232500,5271,5278.25,5269.75,5276.25
1707232800,5276.25,5277.25,5270.25,5271
1707233100,5271.25,5274,5268,5272.75
1707233400,5272.75,5276.25,5271.75,5276
1707233700,5276.25,5279.75,5276.25,5276.75
1707234000,5276.75,5277.75,5272.75,5275.75
1707234300,5275.75,5278.25,5273.75,5274.25
1707234600,5274.5,5276.75,5272,5276.75
1707234900,5276.5,5278.25,5275,5276
1707235200,5276,5277.25,5272.75,5275.25
1707235500,5275.25,5280.25,5274.5,5276.75
1707235800,5276.75,5279.25,5273.25,5274.75
1707236100,5274.75,5279.25,5274.25,5279
1707236400,5279.25,5281.5,5278,5281.25
1707236700,5281.25,5282.25,5278.75,5280.75
1707237000,5280.75,5282,5279.5,5280
1707237300,5280.25,5280.75,5276.25,5279.75
1707237600,5279.5,5280.5,5276,5277.5
1707237900,5277.5,5277.75,5271.25,5272.5
1707238200,5272.25,5274.25,5270.25,5273.25
1707238500,5273.25,5273.75,5271,5271.25
1707238800,5271.5,5273.75,5269.5,5271.75
1707239100,5271.75,5273,5270.5,5271.75
1707239400,5271.75,5272.75,5268.75,5270.25
1707239700,5270.25,5274,5270,5271.75
1707240000,5271.5,5271.5,5268.75,5270.75
1707240300,5270.75,5277.25,5270.25,5276.75
1707240600,5276.75,5277.25,5272,5275
1707240900,5274.75,5276.25,5273.5,5276.25
1707241200,5276.25,5277.5,5275.25,5277.5
1707241500,5277.25,5277.5,5272,5273.25
1707241800,5273,5276,5272.5,5273.5
1707242100,5273.5,5276,5273.25,5273.5
1707242400,5273.75,5277.25,5272.75,5277.25
1707242700,5277.25,5278.75,5276.75,5277.25
1707243000,5277.25,5277.5,5272.25,5274
1707243300,5274.25,5277.5,5272.75,5274
1707243600,5274.25,5275.25,5273,5273.5
1707243900,5273.5,5277.25,5273,5277.25
1707244200,5277.25,5279.75,5276.75,5278.75
1707244500,5278.75,5282,5278,5281.25
1707244800,5281.25,5282,5279,5281.5
1707245100,5281.5,5283.25,5280.25,5283
1707245400,5283,5283.25,5281.25,5281.25
1707245700,5281.5,5283.5,5281.25,5283.25
1707246000,5283.25,5283.75,5278.5,5280
1707246300,5280.25,5280.5,5270.75,5272.25
1707246600,5272,5272.25,5269.75,5270
1707246900,5270,5272.25,5268.75,5271.25
1707247200,5271.25,5275.25,5270.5,5273.75
1707247500,5273.75,5275.25,5271.25,5273
1707247800,5273,5275.75,5272.75,5274.75
1707248100,5275,5275.75,5270.5,5271.75
1707248400,5271.75,5274,5270.25,5273.5
1707248700,5273.5,5277,5273.5,5276.5
1707249000,5276.5,5277.5,5274.75,5277
1707249300,5277,5280.75,5276.75,5279.25
1707249600,5279.5,5280.5,5278.5,5279.5
1707249900,5279.75,5283.5,5279.5,5281.25
1707250200,5281.25,5282.25,5280,5281.5
1707250500,5281.75,5282,5278,5280.25
1707250800,5280.25,5281.75,5278,5278.75
1707251100,5278.75,5280.75,5277.5,5279.25
1707251400,5279.25,5280,5274.25,5276.5
1707251700,5276.25,5278,5274.5,5275
1707252000,5275.25,5279,5274.75,5277
1707252300,5277.25,5280.5,5276,5279.25
1707252600,5279.25,5282.25,5278.5,5281.25
1707252900,5281.5,5288.75,5281.25,5288
1707253200,5288,5289.25,5284.75,5284.75
1707253500,5285,5285.5,5282.75,5282.75
1707253800,5282.75,5283.75,5281.75,5282
1707254100,5282.25,5282.75,5282,5282.25
1707254400,5282,5284,5282,5283.5
1707254700,5283.5,5283.5,5282.75,5283.25
1707255000,5283.25,5284.25,5283,5284
1707255300,5284,5284.75,5284,5284
1707255600,5284,5284,5283,5283.25
1707255900,5283,5283.75,5283,5283.75
1707256200,5283.5,5284.25,5283.5,5283.75
1707256500,5283.75,5285.5,5283.75,5285.25
1707260400,5284.5,5287,5284.25,5286.75
1707260700,5286.75,5286.75,5286,5286.5
1707261000,5286.5,5287.75,5286.5,5287.75
1707261300,5287.75,5288.25,5287.25,5288
1707261600,5288,5288.25,5286.75,5286.75
1707261900,5286.75,5286.75,5286,5286.25
1707262200,5286.5,5287.25,5286.25,5286.75
1707262500,5286.75,5287.75,5286.5,5287.75
1707262800,5287.75,5288,5286.75,5287
1707263100,5287,5287,5285.75,5285.75
1707263400,5285.75,5287,5285.5,5286.25
1707263700,5286,5286.5,5285.75,5286.25
1707264000,5286.25,5286.75,5285,5285.5
1707264300,5285.5,5285.75,5284.75,5285.75
1707264600,5285.75,5286.25,5285.5,5285.75
1707264900,5285.75,5286.25,5285.25,5286
1707265200,5286,5287.5,5286,5287
1707265500,5287.25,5287.25,5286.5,5286.5
1707265800,5286.5,5287.5,5286.5,5287.25
1707266100,5287,5287.25,5286,5286.25
1707266400,5286.5,5287,5286.25,5286.5
1707266700,5286.5,5286.75,5286,5286.25
1707267000,5286,5286.25,5285,5286.25
1707267300,5286.25,5286.75,5286.25,5286.5
1707267600,5286.75,5289,5286.75,5288.75
1707267900,5288.75,5293.25,5288.75,5293
1707268200,5293,5293.75,5292.75,5293
1707268500,5293,5293.5,5292.25,5293.25
1707268800,5293.25,5296.5,5293,5296
1707269100,5296,5296.25,5294.25,5294.5
1707269400,5294.5,5295.25,5294,5295
1707269700,5295,5296,5294.75,5295.25
1707270000,5295.5,5295.75,5294.75,5294.75
1707270300,5294.75,5294.75,5293.75,5294.25
1707270600,5294.25,5294.75,5292.75,5293
1707270900,5292.75,5292.75,5291,5291.5
1707271200,5291.25,5292.5,5291.25,5292.25
1707271500,5292.25,5292.25,5291.5,5291.5
1707271800,5291.5,5292,5291.25,5291.75
1707272100,5291.75,5292.75,5291.75,5292.5
1707272400,5292.5,5292.75,5291.75,5291.75
1707272700,5292,5292.5,5291.5,5292.25
1707273000,5292.25,5292.25,5291.75,5292
1707273300,5291.75,5292,5290.75,5291.5
1707273600,5291.5,5292,5291,5291.25
1707273900,5291.5,5291.75,5291,5291.5
1707274200,5291.5,5292.25,5291.25,5292.25
1707274500,5292,5292.75,5292,5292.75
1707274800,5292.75,5293.5,5292.25,5292.25
1707275100,5292,5292.5,5292,5292.25
1707275400,5292.25,5292.5,5291.75,5292
1707275700,5292,5292.25,5291.5,5292.25
1707276000,5292,5292.25,5291.5,5291.75
1707276300,5291.75,5291.75,5290.75,5291.5
1707276600,5291.5,5291.5,5290.5,5291
1707276900,5291,5291.25,5290.25,5290.25
1707277200,5290.25,5290.75,5289.75,5290.25
1707277500,5290,5290.25,5289.5,5289.75
1707277800,5289.75,5290,5289,5289.5
1707278100,5289.5,5289.75,5288.5,5288.5
1707278400,5288.5,5288.75,5287.75,5288
1707278700,5288,5288,5287.25,5288
1707279000,5288,5288.25,5287,5287.25
1707279300,5287.25,5288.25,5287.25,5288
1707279600,5288.25,5288.5,5287.5,5287.5
1707279900,5287.75,5288.25,5287.75,5288
1707280200,5288.25,5288.5,5287.75,5288
1707280500,5288,5288.25,5287.5,5288
1707280800,5288.25,5288.25,5288,5288.25
1707281100,5288.25,5288.5,5287.75,5288
1707281400,5287.75,5288.5,5287.5,5288
1707281700,5288.25,5288.5,5287.75,5288.25
1707282000,5288.25,5288.25,5287.5,5288.25
1707282300,5288,5288,5287,5287.5
1707282600,5287.5,5287.5,5287,5287.5
1707282900,5287.5,5288.5,5287.5,5288
1707283200,5288,5288,5287.5,5287.5
1707283500,5287.75,5288,5287.5,5288
1707283800,5287.75,5288.75,5287,5287
1707284100,5286.75,5287.25,5286.25,5286.5
1707284400,5286.5,5287.25,5286.25,5287
1707284700,5287,5287.75,5287,5287.5
1707285000,5287.75,5288.25,5287.5,5287.75
1707285300,5288,5288.25,5287.75,5288
1707285600,5288.25,5288.25,5287.25,5288
1707285900,5288,5288,5287.5,5287.5
1707286200,5287.5,5287.75,5287.5,5287.5
1707286500,5287.5,5288,5287.25,5287.75
1707286800,5287.75,5288,5287.5,5287.5
1707287100,5287.5,5287.5,5284.5,5284.75
1707287400,5284.75,5285.75,5284,5285.75
1707287700,5285.5,5288,5285.5,5287.5
1707288000,5287.25,5287.5,5286.25,5286.25
1707288300,5286.25,5286.75,5286,5286.75
1707288600,5286.75,5287.25,5286,5286.25
1707288900,5286.5,5287.5,5286.25,5287.5
1707289200,5287.25,5288.25,5286.75,5287.5
1707289500,5287.25,5287.75,5286.25,5286.5
1707289800,5286.5,5287.25,5286.5,5286.75
1707290100,5287,5287.75,5286.5,5287.5
1707290400,5287.5,5287.5,5286,5286
1707290700,5286,5287.5,5286,5286.75
1707291000,5286.5,5286.75,5284.25,5284.75
1707291300,5285,5285.25,5284,5285
1707291600,5284.75,5285.25,5284.5,5284.75
1707291900,5285,5285.25,5284,5284.5
1707292200,5284.5,5285.25,5284,5285.25
1707292500,5285,5285.25,5284.5,5285
1707292800,5285,5286.75,5284.25,5286
1707293100,5286.25,5286.25,5285.25,5286.25
1707293400,5286,5286.75,5284.75,5285.25
1707293700,5285.5,5286.75,5285.25,5285.5
1707294000,5285.25,5285.75,5284.25,5284.25
1707294300,5284.5,5285.5,5284.5,5285.5
1707294600,5285.25,5286,5285.25,5285.5
1707294900,5285.5,5286.75,5285.25,5286.25
1707295200,5286.25,5287,5285.75,5285.75
1707295500,5286,5286.5,5285.25,5286
1707295800,5286,5287,5286,5286.75
1707296100,5286.75,5287.5,5286.5,5287.25
1707296400,5287.25,5287.5,5286,5286.5
1707296700,5286.5,5286.75,5285.5,5286
1707297000,5286.25,5287,5285.75,5286.75
1707297300,5286.5,5287.5,5286.25,5286.75
1707297600,5287,5289,5287,5289
1707297900,5289,5289.5,5287.5,5287.5
1707298200,5287.75,5289,5287.5,5288.75
1707298500,5288.5,5288.75,5286.75,5287.5
1707298800,5287.25,5288.5,5287.25,5288.5
1707299100,5288.5,5289,5286.75,5287.75
1707299400,5287.5,5288.75,5287,5288.75
1707299700,5288.5,5289.25,5288,5288.5
1707300000,5288.5,5289,5287.75,5288.5
1707300300,5288.25,5289,5287.75,5288.5
1707300600,5288.75,5289,5288.25,5288.25
1707300900,5288.5,5288.5,5287.5,5288.25
1707301200,5288.5,5289,5288,5288
1707301500,5288.25,5288.5,5288,5288
1707301800,5288.25,5288.25,5286.5,5286.5
1707302100,5286.5,5286.5,5284.75,5285.25
1707302400,5285.25,5285.25,5284.75,5285
1707302700,5285,5285.25,5284,5284.25
1707303000,5284.25,5284.25,5283,5283.75
1707303300,5283.75,5285,5283.75,5284.25
1707303600,5284.25,5285.25,5284.25,5285.25
1707303900,5285.5,5285.75,5284.75,5285.5
1707304200,5285.5,5285.5,5284.75,5285
1707304500,5285,5285.5,5284.75,5285.5
1707304800,5285.5,5286.75,5285.5,5286.75
1707305100,5286.75,5287.5,5286.5,5287.25
1707305400,5287.25,5288.5,5286.5,5288
1707305700,5288.25,5288.75,5287.5,5288.5
1707306000,5288.5,5288.5,5286.5,5287
1707306300,5286.75,5287.25,5286.5,5286.75
1707306600,5287,5287,5285.25,5285.5
1707306900,5285.5,5287.5,5285.5,5287.5
1707307200,5287.5,5287.75,5284,5284.5
1707307500,5284.75,5286,5284.5,5285.5
1707307800,5285.5,5286.75,5285.5,5285.75
1707308100,5285.75,5286,5284.75,5285.25
1707308400,5285.25,5286,5283.75,5284.5
1707308700,5284.75,5288,5284.25,5288
1707309000,5287.75,5290.5,5287.75,5290.25
1707309300,5290.25,5291.75,5289.75,5291.5
1707309600,5291.5,5294,5291.5,5293.25
1707309900,5293.5,5295,5293.25,5294.75
1707310200,5295,5296.25,5294.75,5296
1707310500,5295.75,5296.75,5295,5296.25
1707310800,5296,5300.25,5295.25,5300
1707311100,5300,5301,5298.5,5300.5
1707311400,5300.5,5301.5,5300,5300.75
1707311700,5300.75,5302.5,5300.75,5301.5
1707312000,5301.5,5301.5,5299.5,5300
1707312300,5299.75,5302.25,5299.75,5301.5
1707312600,5301.75,5303.5,5300.75,5301.25
1707312900,5301.25,5303.25,5300.5,5302.75
1707313200,5303,5304.75,5302.5,5304.75
1707313500,5304.5,5304.75,5303.25,5303.25
1707313800,5303.5,5304,5302,5302.25
1707314100,5302.5,5303.5,5302.25,5302.75
1707314400,5302.75,5306.25,5302.75,5305.5
1707314700,5305.5,5308,5305.25,5307.5
1707315000,5307.5,5308,5306.5,5307.5
1707315300,5307.5,5308.5,5307,5308
1707315600,5307.75,5309.5,5307.75,5309.5
1707315900,5309.25,5310.75,5308.5,5310.5
1707316200,5310.5,5312.25,5307.5,5308.25
1707316500,5308.5,5310,5306.25,5307
1707316800,5307.25,5308.25,5302.5,5303.25
1707317100,5303.25,5307.75,5301.5,5307.5
1707317400,5307.5,5309.5,5304.5,5304.75
1707317700,5304.5,5306.5,5301,5306.25
1707318000,5306.25,5307.25,5303.25,5303.75
1707318300,5303.75,5309,5302.5,5307.75
1707318600,5308,5317,5307.75,5316
1707318900,5316,5321,5314.5,5318.25
1707319200,5318.5,5322.5,5317.75,5322
1707319500,5322,5327.5,5320.5,5327.5
1707319800,5327.5,5328.25,5323,5325.5
1707320100,5325.5,5325.75,5320,5321.75
1707320400,5322,5324.25,5319.75,5322.75
1707320700,5322.75,5325,5321.5,5324.25
1707321000,5324,5327.25,5321.5,5322.25
1707321300,5322.25,5322.25,5318,5320.25
1707321600,5320.25,5321,5316,5319
1707321900,5319,5323.75,5317.75,5322.75
1707322200,5323,5324,5320.5,5323
1707322500,5323,5323.75,5319.25,5320
1707322800,5320,5320.5,5316.25,5316.75
1707323100,5316.75,5320.75,5316.5,5319
1707323400,5319,5321,5317,5317.25
1707323700,5317.5,5319.5,5316.25,5319
1707324000,5319,5321.5,5317.5,5321.25
1707324300,5321.25,5321.75,5318.5,5319.25
1707324600,5319.5,5323.75,5319,5323.25
1707324900,5323.25,5326.25,5323,5323.5
1707325200,5323.5,5325,5322.25,5324
1707325500,5324.25,5325.25,5322.75,5325
1707325800,5325,5325,5319.75,5323.25
1707326100,5323.25,5326.25,5322,5325
1707326400,5325,5325.25,5321,5321.75
1707326700,5321.75,5322.5,5319.75,5320.75
1707327000,5321,5321,5316.75,5319
1707327300,5319,5320.5,5317,5318.25
1707327600,5318,5320.5,5315.5,5319.5
1707327900,5319.5,5321.5,5318.25,5319.75
1707328200,5320,5322.75,5319,5322.5
1707328500,5322.75,5323.75,5321.75,5323.25
1707328800,5323.25,5329.5,5318.25,5319.5
1707329100,5319.75,5323.25,5319.25,5322.75
1707329400,5323,5327,5322.75,5325.25
1707329700,5325.5,5328,5324,5326.5
1707330000,5326.5,5328,5325.25,5325.75
1707330300,5325.75,5330,5325.5,5329.5
1707330600,5329.75,5332.25,5327.5,5329
1707330900,5329,5329.75,5326.75,5329
1707331200,5328.75,5329,5323.75,5326
1707331500,5326,5327.75,5324.25,5327.5
1707331800,5327.25,5329.75,5327.25,5329.25
1707332100,5329.25,5330.25,5327.25,5328.5
1707332400,5328.25,5330,5326.75,5328.5
1707332700,5328.75,5329.5,5327.25,5329.25
1707333000,5329.25,5330.5,5328.25,5328.5
1707333300,5328.5,5329.75,5326,5326
1707333600,5326.25,5328.75,5326.25,5328.5
1707333900,5328.75,5329,5326.25,5327.25
1707334200,5327.25,5328.5,5325.5,5327
1707334500,5327,5328.5,5325.5,5328
1707334800,5328,5328.75,5327,5328
1707335100,5327.75,5331.25,5327.5,5329.75
1707335400,5329.75,5331.25,5329,5330.75
1707335700,5330.75,5331.25,5330,5331
1707336000,5331,5333,5329.5,5331.25
1707336300,5331.5,5332.5,5329.5,5330.25
1707336600,5330.25,5331.5,5329.5,5329.75
1707336900,5330,5331,5326.5,5329.5
1707337200,5329.75,5330.25,5328.25,5330.25
1707337500,5330,5330.75,5329,5329.25
1707337800,5329.5,5330,5327.25,5328.25
1707338100,5328.25,5330.5,5328,5329.5
1707338400,5329.5,5330,5325,5328.5
1707338700,5328.25,5329.25,5325.5,5326.25
1707339000,5326.25,5327.75,5323.75,5324.25
1707339300,5324.25,5329.25,5323.75,5328.5
1707339600,5328.5,5328.75,5326,5326
1707339900,5326,5326.5,5325.5,5326
1707340200,5326,5328.25,5326,5327.5
1707340500,5327.75,5328.25,5326.25,5327
1707340800,5326.75,5327.75,5326.75,5327.5
1707341100,5327.25,5327.75,5327,5327.25
1707341400,5327.25,5327.5,5326.5,5327.5
1707341700,5327.5,5327.75,5327,5327.5
1707342000,5327.25,5328,5327.25,5328
1707342300,5327.75,5328.75,5327.5,5328
1707342600,5327.75,5328.75,5327.75,5328.75
1707342900,5328.5,5329.25,5328.25,5328.5
1707346800,5328.75,5329.25,5325.5,5325.75
1707347100,5325.75,5326,5324.5,5325
1707347400,5325,5326,5325,5325.75
1707347700,5326,5327,5325.5,5325.75
1707348000,5326,5326.75,5325.75,5326.75
1707348300,5326.75,5326.75,5325.75,5326
1707348600,5326.25,5326.75,5325.25,5325.75
1707348900,5325.5,5325.75,5325.25,5325.5
1707349200,5325.5,5325.75,5325.25,5325.75
1707349500,5325.5,5326,5325.25,5325.75
1707349800,5325.5,5326.25,5325.25,5326
1707350100,5325.75,5326.75,5325.75,5326.75
1707350400,5326.5,5326.75,5325.5,5326
1707350700,5326.25,5327,5326,5326.25
1707351000,5326.25,5326.5,5326,5326.25
1707351300,5326.5,5326.5,5325.5,5326.25
1707351600,5326,5326.5,5325.5,5326.5
1707351900,5326.5,5326.5,5326,5326
1707352200,5326.25,5326.5,5325.75,5326.5
1707352500,5326.5,5326.5,5325.75,5326
1707352800,5326,5326.25,5325.75,5326
1707353100,5326,5326.25,5325.25,5325.5
1707353400,5325.5,5325.75,5325,5325
1707353700,5325.25,5325.5,5324.75,5325.25
1707354000,5325.25,5326,5325.25,5325.75
1707354300,5325.75,5326,5325,5325.25
1707354600,5325.25,5326,5324.75,5325.75
1707354900,5325.75,5326.75,5325.25,5326.25
1707355200,5326,5326.25,5324.25,5325
1707355500,5325,5325,5324.25,5325
1707355800,5325,5326,5324.75,5326
1707356100,5326,5326.5,5325.75,5326.25
1707356400,5326.25,5326.25,5325.5,5326
1707356700,5325.75,5326.5,5325.5,5326.5
1707357000,5326.5,5327,5326.25,5327
1707357300,5326.75,5327.75,5326.75,5327.5
1707357600,5327.5,5328.25,5327.5,5328
1707357900,5328,5328.75,5327.75,5328.25
1707358200,5328.25,5328.25,5326.75,5327.25
1707358500,5327.25,5327.75,5327.25,5327.5
1707358800,5327.5,5327.75,5327,5327
1707359100,5327,5327.25,5326.5,5327
1707359400,5326.75,5326.75,5325.5,5326
1707359700,5325.75,5326.5,5325.75,5325.75
1707360000,5325.75,5326.5,5325.75,5326
1707360300,5326,5326.25,5326,5326
1707360600,5326,5326.25,5325.25,5325.5
1707360900,5325.25,5326.25,5325.25,5326
1707361200,5326,5326.5,5325.75,5326.5
1707361500,5326.5,5326.75,5326.25,5326.25
1707361800,5326.25,5326.5,5325.75,5326.25
1707362100,5326.25,5326.5,5326,5326.25
1707362400,5326.25,5326.25,5326,5326.25
1707362700,5326.25,5326.25,5325.5,5325.75
1707363000,5325.75,5326.25,5325.5,5326
1707363300,5325.75,5326.25,5325.5,5326.25
1707363600,5326,5326,5325.75,5326
1707363900,5326,5326,5325.75,5326
1707364200,5326,5326.25,5325.75,5325.75
1707364500,5325.75,5326,5325.5,5326
1707364800,5325.75,5326,5325.75,5325.75
1707365100,5325.75,5326,5325.75,5325.75
1707365400,5325.75,5326.5,5325.75,5326.5
1707365700,5326.5,5326.5,5326,5326.25
1707366000,5326,5326.75,5326,5326.5
1707366300,5326.5,5326.75,5326.5,5326.5
1707366600,5326.5,5326.5,5326.25,5326.5
1707366900,5326.5,5326.75,5326.5,5326.5
1707367200,5326.5,5327.25,5326.5,5327.25
1707367500,5327,5327.25,5326.5,5326.5
1707367800,5326.75,5326.75,5326.5,5326.5
1707368100,5326.75,5327,5326.5,5326.75
1707368400,5327,5327,5326.25,5326.5
1707368700,5326.5,5326.75,5326.25,5326.5
1707369000,5326.5,5326.5,5326.25,5326.5
1707369300,5326.5,5326.75,5326.25,5326.75
1707369600,5326.75,5327.75,5326.75,5327.25
1707369900,5327.25,5328,5327,5328
1707370200,5327.75,5328,5326.5,5326.5
1707370500,5326.75,5327,5326.25,5326.75
1707370800,5326.5,5326.75,5326.25,5326.5
1707371100,5326.5,5326.5,5325.75,5326
1707371400,5326,5326.25,5325.5,5326
1707371700,5325.75,5326.5,5325.75,5326.5
1707372000,5326.5,5327,5326,5326.25
1707372300,5326.25,5326.75,5325.75,5326.5
1707372600,5326.5,5326.75,5325.25,5325.5
1707372900,5325.5,5326.75,5325.25,5326.25
1707373200,5326.25,5326.5,5326,5326.5
1707373500,5326.5,5326.75,5326,5326.75
1707373800,5326.75,5327.75,5326.75,5327.5
1707374100,5327.5,5328.25,5327.25,5327.5
1707374400,5327.5,5328,5327,5327.25
1707374700,5327.5,5328.5,5327,5328.25
1707375000,5328.25,5328.75,5327.5,5327.75
1707375300,5328,5328.75,5327.5,5328.25
1707375600,5328.25,5328.25,5327,5327.25
1707375900,5327,5328.75,5327,5328.5
1707376200,5328.25,5329.25,5328,5328.5
1707376500,5328.75,5329,5327.75,5329
1707376800,5329,5329.25,5328,5328
1707377100,5328,5328.5,5327.25,5328.5
1707377400,5328.5,5328.75,5327.5,5327.75
1707377700,5327.75,5329,5327.75,5328.5
1707378000,5328.5,5328.75,5327.75,5328
1707378300,5327.75,5328.25,5327,5327.25
1707378600,5327.5,5327.5,5326,5326
1707378900,5326,5327,5325.75,5327
1707379200,5327.25,5328.5,5327,5327.75
1707379500,5327.75,5328.75,5327.25,5328
1707379800,5327.75,5328,5327.25,5327.5
1707380100,5327.25,5327.75,5325.5,5325.75
1707380400,5325.75,5326.25,5323.75,5324.5
1707380700,5324.5,5325.25,5324.25,5324.5
1707381000,5324.5,5325.5,5324,5325.25
1707381300,5325.25,5325.25,5323.75,5325
1707381600,5325,5326,5325,5325.5
1707381900,5325.5,5325.5,5323.75,5324.25
1707382200,5324,5324.25,5323,5323.75
1707382500,5324,5324.75,5323.75,5324.5
1707382800,5324.75,5325,5324.25,5324.75
1707383100,5324.75,5324.75,5323.5,5324.25
1707383400,5324.25,5326,5324,5325.25
1707383700,5325.25,5326,5324.75,5325.25
1707384000,5325.5,5326,5325,5325.5
1707384300,5325.75,5325.75,5324,5324.25
1707384600,5324,5325.5,5324,5325
1707384900,5325,5325.5,5324.75,5325.25
1707385200,5325.25,5326.5,5325.25,5326
1707385500,5326,5326,5325,5325.5
1707385800,5325.25,5325.75,5325,5325.25
1707386100,5325.25,5325.75,5324.75,5325
1707386400,5325.25,5325.75,5324,5324.25
1707386700,5324,5324.75,5323.75,5324.5
1707387000,5324.5,5325.5,5324.5,5325
1707387300,5325.25,5325.25,5324.5,5324.75
1707387600,5324.75,5325.25,5324.25,5325
1707387900,5325,5325.5,5324.5,5325.25
1707388200,5325.25,5325.25,5324,5324.25
1707388500,5324.25,5325,5323.5,5324.5
1707388800,5324.75,5324.75,5323.25,5323.5
1707389100,5323.5,5323.75,5322.5,5322.75
1707389400,5322.5,5322.75,5322,5322
1707389700,5322.25,5323.5,5322.25,5323.25
1707390000,5323.5,5323.75,5323,5323.75
1707390300,5323.5,5323.5,5322.5,5322.75
1707390600,5322.5,5322.75,5321.5,5321.75
1707390900,5321.75,5322.25,5320.75,5321.25
1707391200,5321.25,5321.25,5319,5319
1707391500,5319,5319.25,5316.75,5317
1707391800,5317,5318.75,5317,5318.5
1707392100,5318.75,5320,5318.25,5319.75
1707392400,5319.75,5320.5,5319.25,5320.5
1707392700,5320.5,5320.5,5319.25,5319.25
1707393000,5319.25,5319.5,5318.25,5319.25
1707393300,5319.25,5320.25,5318.5,5320
1707393600,5320.25,5320.75,5319.5,5320.5
1707393900,5320.5,5320.75,5318.75,5319.5
1707394200,5319.75,5322,5319.25,5322
1707394500,5321.75,5322,5320.25,5321
1707394800,5321,5322.25,5321,5321.75
1707395100,5321.75,5321.75,5321,5321.5
1707395400,5321.5,5321.75,5320,5320
1707395700,5320,5321,5319,5320.5
1707396000,5320.75,5321.75,5319.75,5321.5
1707396300,5321.25,5321.75,5320.5,5321.5
1707396600,5321.5,5321.5,5320.25,5320.5
1707396900,5320.25,5320.25,5318.5,5319.5
1707397200,5319.5,5321,5318,5320.5
1707397500,5320.25,5321.75,5320,5320.5
1707397800,5320.5,5320.75,5319.25,5320.75
1707398100,5320.75,5321,5319.25,5319.25
1707398400,5319.25,5320,5317.5,5319.25
1707398700,5319.25,5320.5,5318.75,5319.5
1707399000,5319,5321.25,5317.25,5320.25
1707399300,5320.5,5324.25,5319.75,5323.75
1707399600,5323.5,5325.5,5322.25,5323
1707399900,5323,5323.5,5321.75,5323
1707400200,5323.25,5324.25,5321.5,5322.75
1707400500,5322.5,5324,5321.25,5324
1707400800,5323.75,5324.75,5323.25,5324
1707401100,5324.25,5324.5,5323.25,5323.5
1707401400,5323.5,5324.5,5322.25,5323.25
1707401700,5323.25,5325.5,5323.25,5324.75
1707402000,5324.5,5325.25,5324,5324.5
1707402300,5324.25,5326.5,5324.25,5326.25
1707402600,5326.25,5327.5,5322.75,5325.25
1707402900,5325,5329,5325,5326.5
1707403200,5326.75,5327,5321.75,5323.75
1707403500,5324,5325,5322,5322.5
1707403800,5322.75,5325.5,5322.75,5324.75
1707404100,5324.75,5326.25,5323.5,5325.25
1707404400,5325.25,5327.75,5324.5,5326.25
1707404700,5326.25,5327.75,5325,5326.5
1707405000,5326.25,5326.75,5323.5,5323.5
1707405300,5323.5,5326.5,5323.5,5325.75
1707405600,5325.5,5327.5,5321.5,5322.5
1707405900,5322.5,5324.75,5322.25,5323.5
1707406200,5323.75,5326,5321,5324.25
1707406500,5324.5,5325.5,5321.25,5322.5
1707406800,5322.75,5322.75,5318.5,5322.25
1707407100,5322.5,5325.25,5321.75,5325
1707407400,5325,5327.25,5324,5327.25
1707407700,5327,5327.5,5325,5327.25
1707408000,5327.25,5327.5,5323.25,5324.25
1707408300,5324.25,5325,5322.25,5322.75
1707408600,5322.75,5324.5,5322,5322.75
1707408900,5322.75,5323.5,5320.75,5321.75
1707409200,5321.75,5325,5321.5,5322.25
1707409500,5322.5,5323,5318.5,5319.25
1707409800,5319,5322,5318,5322
1707410100,5322,5323.25,5320.75,5322.75
1707410400,5322.75,5324,5320.25,5320.25
1707410700,5320,5321.5,5319.5,5321
1707411000,5321,5322.75,5321,5322.5
1707411300,5322.5,5324.5,5321.5,5323.5
1707411600,5323.5,5324,5322,5322.5
1707411900,5322.25,5322.75,5320.5,5321.75
1707412200,5321.5,5324.25,5321.25,5324.25
1707412500,5324.25,5324.75,5323,5324.75
1707412800,5324.5,5325,5323,5324
1707413100,5324,5326.75,5323.75,5325.5
1707413400,5325.5,5326.5,5324.75,5325.25
1707413700,5325.5,5326,5324.5,5325.25
1707414000,5325.5,5325.5,5322.5,5323
1707414300,5323.25,5323.25,5321,5321
1707414600,5321,5323,5321,5321.75
1707414900,5321.5,5321.5,5319.25,5321.25
1707415200,5321.25,5328.25,5320.5,5327
1707415500,5326.75,5328,5323.75,5325
1707415800,5325,5326.25,5324,5325
1707416100,5325,5325.75,5322.5,5323.25
1707416400,5323.25,5324.75,5323.25,5324
1707416700,5324,5326.25,5323.5,5326
1707417000,5325.75,5326.75,5324.75,5325.75
1707417300,5325.75,5328.75,5325.75,5328.25
1707417600,5328.25,5328.5,5325,5326
1707417900,5325.75,5327.5,5325.75,5327
1707418200,5327,5327,5324.25,5325
1707418500,5324.75,5326.75,5324.75,5326.5
1707418800,5326.75,5328.25,5325,5325.5
1707419100,5325.5,5326.5,5323,5324
1707419400,5324,5326,5323.75,5324.25
1707419700,5324.25,5326.75,5324,5325.5
1707420000,5325.75,5327,5323.25,5323.5
1707420300,5323.75,5325.25,5323.5,5323.5
1707420600,5323.5,5324.75,5322.25,5323
1707420900,5323.25,5323.75,5321,5323.25
1707421200,5323.5,5325.25,5322.75,5325
1707421500,5325,5326.25,5324.5,5324.75
1707421800,5325,5326.75,5325,5326
1707422100,5326,5328.5,5325.25,5327.75
1707422400,5327.75,5330,5327.25,5328
1707422700,5328,5329.25,5327.5,5327.75
1707423000,5328,5329.75,5327.5,5328.25
1707423300,5328.25,5329.5,5327.75,5329
1707423600,5329,5330.5,5329,5330
1707423900,5330.25,5331.25,5328.5,5329.5
1707424200,5329.5,5330.25,5329,5329.5
1707424500,5329.25,5329.5,5328.25,5328.75
1707424800,5329,5330,5328,5328.25
1707425100,5328.25,5328.75,5325.25,5326.25
1707425400,5326.25,5329.5,5324,5325
1707425700,5324.75,5333,5324.25,5330
1707426000,5329.75,5330,5326.75,5328.75
1707426300,5328.75,5329.25,5328.5,5328.5
1707426600,5328.75,5329.25,5328.25,5328.5
1707426900,5328.75,5329.75,5328.5,5328.75
1707427200,5328.75,5329,5328.25,5328.5
1707427500,5328.5,5329,5328.25,5328.75
1707427800,5329,5329.25,5328.5,5329
1707428100,5329,5329.25,5328.5,5328.5
1707428400,5328.75,5329.25,5328.5,5329.25
1707428700,5329.25,5329.5,5328.75,5329
1707429000,5329,5329,5328.25,5328.5
1707429300,5328.5,5328.75,5327.25,5327.5
1707433200,5327.5,5328,5326,5327
1707433500,5327,5328,5326.75,5327.75
1707433800,5327.75,5328,5326.75,5326.75
1707434100,5327,5327.75,5326.75,5327.75
1707434400,5327.5,5328,5327.25,5327.75
1707434700,5327.75,5328.25,5327.5,5327.5
1707435000,5327.75,5328.25,5327.75,5328
1707435300,5328,5328.5,5328,5328.5
1707435600,5328.25,5328.5,5328,5328.25
1707435900,5328.25,5328.75,5328,5328.25
1707436200,5328.25,5328.5,5327.75,5328.25
1707436500,5328,5328.5,5328,5328.25
1707436800,5328.25,5329,5327.5,5329
1707437100,5328.75,5330,5328.5,5330
1707437400,5329.75,5330.25,5329,5329
1707437700,5329,5329,5328.25,5328.75
1707438000,5329,5329,5328.5,5328.75
1707438300,5328.5,5329,5328.25,5328.75
1707438600,5328.75,5329,5328.5,5328.75
1707438900,5328.5,5329,5328.25,5329
1707439200,5329,5330,5328.75,5329.75
1707439500,5329.75,5329.75,5327.5,5327.5
1707439800,5327.75,5328,5327.5,5327.5
1707440100,5327.25,5327.5,5326,5326.25
1707440400,5326.25,5328,5326.25,5327.25
1707440700,5327.5,5327.5,5326.25,5326.5
1707441000,5326.75,5327.25,5326.75,5326.75
1707441300,5326.75,5328,5326.5,5328
1707441600,5328,5328,5326.75,5326.75
1707441900,5326.75,5327.25,5326.25,5327
1707442200,5327,5327.25,5326,5327
1707442500,5327,5327.5,5326.75,5327.5
1707442800,5327.25,5327.75,5326.75,5327
1707443100,5327.25,5327.5,5326.25,5326.5
1707443400,5326.75,5327.25,5326.25,5326.75
1707443700,5326.5,5327,5326,5326.75
1707444000,5326.5,5327,5326.25,5326.25
1707444300,5326.25,5326.5,5326,5326.25
1707444600,5326.5,5327.25,5326.5,5327
1707444900,5327,5327.25,5326.75,5327.25
1707445200,5327.25,5327.5,5327,5327.5
1707445500,5327.75,5327.75,5326.75,5327
1707445800,5327,5327.25,5326.75,5327
1707446100,5326.75,5328,5326.75,5327.75
1707446400,5327.75,5327.75,5327,5327.75
1707446700,5327.5,5328,5327.5,5327.5
1707447000,5327.5,5328,5327.25,5327.5
1707447300,5327.75,5327.75,5327.25,5327.25
1707447600,5327.5,5328.25,5327.25,5328.25
1707447900,5328.25,5328.5,5328,5328.5
1707448200,5328.5,5328.5,5328,5328.25
1707448500,5328.25,5328.25,5328,5328.25
1707448800,5328.25,5328.5,5328.25,5328.5
1707449100,5328.5,5328.5,5328,5328.25
1707449400,5328.25,5328.25,5327.5,5327.75
1707449700,5328,5329,5328,5329
1707450000,5328.75,5329,5328.5,5328.75
1707450300,5328.75,5329.25,5328.5,5329
1707450600,5329,5329.5,5328.5,5329.25
1707450900,5329.25,5329.5,5329,5329.5
1707451200,5329.5,5329.75,5329,5329
1707451500,5329,5329.5,5328.75,5329
1707451800,5329,5329.25,5328.75,5328.75
1707452100,5328.75,5329.25,5328.75,5329
1707452400,5328.75,5329.25,5328.75,5329
1707452700,5329.25,5329.25,5328.5,5328.5
1707453000,5328.5,5329,5328.5,5328.75
1707453300,5328.75,5328.75,5328.25,5328.5
1707453600,5328.5,5329,5328.5,5328.75
1707453900,5328.75,5328.75,5328.5,5328.75
1707454200,5328.5,5328.75,5328.5,5328.5
1707454500,5328.75,5328.75,5327.75,5327.75
1707454800,5327.75,5328.5,5327.75,5328.5
1707455100,5328.75,5329,5328.5,5329
1707455400,5328.75,5329,5328.75,5329
1707455700,5329,5329,5328.5,5328.5
1707456000,5328.75,5328.75,5328.5,5328.75
1707456300,5328.75,5329,5328.5,5328.5
1707456600,5328.75,5329,5328.5,5328.5
1707456900,5328.5,5328.5,5327.75,5328
1707457200,5328.25,5328.25,5328,5328.25
1707457500,5328.25,5328.25,5327,5327.25
1707457800,5327.25,5327.5,5327,5327.25
1707458100,5327.25,5327.25,5326.5,5326.75
1707458400,5326.75,5327.25,5326.5,5326.5
1707458700,5326.5,5327,5326.5,5326.75
1707459000,5326.75,5327,5326.5,5327
1707459300,5327,5327.25,5326.75,5326.75
1707459600,5326.75,5327,5326.5,5327
1707459900,5327,5327,5326.5,5326.75
1707460200,5326.75,5327.5,5326.75,5327.25
1707460500,5327.25,5327.75,5327.25,5327.25
1707460800,5327.25,5327.5,5326.75,5326.75
1707461100,5327,5327.5,5327,5327.25
1707461400,5327.25,5327.75,5326.75,5327.25
1707461700,5327,5327.5,5327,5327
1707462000,5327.25,5328.25,5327,5328.25
1707462300,5328,5328.25,5327.5,5327.5
1707462600,5327.75,5328.5,5327.5,5328.25
1707462900,5328.25,5329,5328.25,5328.5
1707463200,5328.5,5329.5,5328.5,5329.5
1707463500,5329.5,5330,5329,5329.75
1707463800,5329.5,5329.5,5328.75,5328.75
1707464100,5328.75,5329.25,5328.75,5329.25
1707464400,5329.25,5329.75,5328.75,5329
1707464700,5328.75,5329.5,5328.5,5329.5
1707465000,5329.5,5330,5329.25,5329.5
1707465300,5329.5,5330.75,5329.25,5330.5
1707465600,5330.5,5334.5,5330.25,5333
1707465900,5333,5333,5331.25,5332.25
1707466200,5332.25,5332.5,5331,5331.75
1707466500,5331.75,5332,5330.75,5331.75
1707466800,5331.75,5333.25,5331.75,5333.25
1707467100,5333.25,5335.5,5333,5335.5
1707467400,5335.5,5336,5334.75,5336
1707467700,5335.75,5336.25,5335.25,5335.5
1707468000,5335.5,5335.5,5333.25,5333.25
1707468300,5333.25,5334,5333,5333.75
1707468600,5333.75,5334.75,5333.75,5334.5
1707468900,5334.75,5335.5,5334.25,5335
1707469200,5335,5335.25,5333.25,5334.25
1707469500,5334.25,5334.25,5332.5,5332.75
1707469800,5332.75,5333.25,5330.5,5330.75
1707470100,5330.5,5332.25,5330.25,5331.75
1707470400,5331.5,5332.75,5331.25,5332.5
1707470700,5332.75,5332.75,5331.5,5332
1707471000,5332,5332.75,5331.5,5332.75
1707471300,5332.5,5333,5331.5,5333
1707471600,5333,5333,5332,5332.25
1707471900,5332.25,5333.5,5331.75,5332.75
1707472200,5332.5,5333.25,5332.25,5332.75
1707472500,5332.75,5333.5,5332.5,5333.25
1707472800,5333.25,5334.5,5332.75,5334.5
1707473100,5334.5,5334.75,5333.5,5334.5
1707473400,5334.25,5334.75,5334,5334.75
1707473700,5334.5,5336.25,5334.5,5336
1707474000,5336,5336.25,5335.25,5335.75
1707474300,5335.75,5336,5335,5335.75
1707474600,5335.75,5336.25,5335.25,5335.5
1707474900,5335.5,5335.5,5334.75,5334.75
1707475200,5335,5337,5334.75,5335.5
1707475500,5335.25,5336.25,5335,5336
1707475800,5335.75,5336,5335,5335.25
1707476100,5335.25,5335.75,5334.75,5335.75
1707476400,5335.75,5336,5333.75,5334
1707476700,5333.75,5334.75,5333.5,5334.75
1707477000,5334.75,5335.25,5334.25,5335
1707477300,5335,5335.5,5334.75,5335.25
1707477600,5335.25,5335.25,5334.25,5335.25
1707477900,5335.25,5336.25,5334.5,5336
1707478200,5336.25,5337,5336,5336.75
1707478500,5336.5,5337.75,5336.5,5337
1707478800,5337,5337.75,5336.5,5336.5
1707479100,5336.5,5337,5335.25,5336.25
1707479400,5336.25,5336.25,5335,5335.25
1707479700,5335.5,5337,5335.25,5336.75
1707480000,5336.5,5339.25,5336.5,5338.75
1707480300,5338.75,5338.75,5337.25,5337.75
1707480600,5337.75,5338.75,5337.75,5338
1707480900,5338,5338.5,5337.5,5337.75
1707481200,5337.75,5339.75,5337.75,5339.25
1707481500,5339,5339.25,5338.25,5338.5
1707481800,5338.5,5339.25,5338,5339
1707482100,5339,5339.25,5338.5,5339
1707482400,5338.75,5339.75,5338,5339.5
1707482700,5339.5,5340,5339.25,5339.75
1707483000,5339.5,5340.25,5338.5,5338.75
1707483300,5339,5339,5338,5338.25
1707483600,5338.25,5339.5,5337.5,5339
1707483900,5338.75,5339.25,5337.75,5338
1707484200,5338.25,5339,5338,5338.5
1707484500,5338.5,5339,5338.25,5338.75
1707484800,5338.75,5339.5,5338.25,5338.5
1707485100,5338.25,5339,5338,5338.5
1707485400,5338.25,5356,5336.25,5348
1707485700,5348,5352.5,5346.25,5349.75
1707486000,5349.75,5349.75,5343.75,5347.25
1707486300,5347.25,5347.5,5343.75,5346
1707486600,5345.75,5346.25,5343.25,5344.5
1707486900,5344.75,5345.25,5343.25,5343.5
1707487200,5343.5,5343.5,5339.5,5341
1707487500,5341,5341.75,5339.5,5341.25
1707487800,5341.25,5343.75,5341,5342.5
1707488100,5342.25,5342.25,5341,5341.25
1707488400,5341,5341.25,5336.5,5337.25
1707488700,5337.25,5337.25,5331.5,5333.25
1707489000,5333,5336.25,5329.25,5335
1707489300,5334.75,5337,5333,5334.75
1707489600,5334.75,5336.75,5333.75,5336.75
1707489900,5336.5,5337.5,5334.25,5335
1707490200,5335,5336.25,5332,5335.5
1707490500,5335.75,5341,5334.5,5339.75
1707490800,5339.5,5341.75,5336,5339.5
1707491100,5339.75,5341.5,5337.5,5340.25
1707491400,5340.5,5340.75,5336.75,5339.25
1707491700,5339.5,5342.75,5338.5,5339
1707492000,5339,5340,5336.75,5340
1707492300,5340,5341.25,5338,5341.25
1707492600,5341.25,5343.75,5339.75,5342.75
1707492900,5342.75,5344.5,5341.75,5342.5
1707493200,5342.75,5344.25,5341.5,5343
1707493500,5342.75,5344.75,5342.5,5344
1707493800,5344.25,5345,5343,5343.75
1707494100,5343.75,5344.75,5341.5,5344.25
1707494400,5344.25,5346,5342.75,5345.75
1707494700,5345.75,5346.75,5342.75,5344.5
1707495000,5344.75,5347,5344.25,5345.5
1707495300,5345.75,5346.5,5343.25,5344.5
1707495600,5344.5,5345.5,5342.5,5342.75
1707495900,5342.75,5343.25,5340.75,5342.5
1707496200,5342.5,5343,5340.25,5340.5
1707496500,5340.5,5341,5337.75,5340.5
1707496800,5340.5,5342.5,5340,5342
1707497100,5342,5343.75,5341.25,5343
1707497400,5343,5343.75,5339.5,5340.75
1707497700,5340.75,5342.25,5340.25,5340.5
1707498000,5340.5,5341.25,5339.25,5339.75
1707498300,5340,5341.25,5338.25,5340.5
1707498600,5340.5,5342.5,5340,5341.75
1707498900,5342,5342.5,5340.5,5340.5
1707499200,5340.75,5343.25,5340.5,5343.25
1707499500,5343.25,5346.25,5343,5346
1707499800,5346,5347.5,5344,5346
1707500100,5346,5346.5,5343,5344.75
1707500400,5344.75,5347.5,5344.75,5347.5
1707500700,5347.5,5348.5,5346.25,5347.5
1707501000,5347.75,5349.25,5346.5,5348.5
1707501300,5348.5,5349.75,5347.75,5349.5
1707501600,5349.25,5350.25,5348.5,5349.5
1707501900,5349.5,5349.75,5347.75,5348.75
1707502200,5349,5350.75,5348.75,5349.25
1707502500,5349.25,5349.5,5347.75,5349.25
1707502800,5349.25,5351,5349.25,5350.5
1707503100,5350.75,5353.25,5349.75,5352.5
1707503400,5352.5,5354.25,5351.75,5353.5
1707503700,5353.75,5353.75,5351.25,5352
1707504000,5352.25,5352.5,5350,5350.5
1707504300,5350.75,5352,5350.5,5351.5
1707504600,5351.5,5352,5349.5,5350.75
1707504900,5351,5352.75,5350.5,5352
1707505200,5352,5353.5,5351.25,5353.25
1707505500,5353.5,5353.5,5351.5,5351.75
1707505800,5352,5354.25,5351.75,5353.75
1707506100,5353.75,5354.75,5352.75,5354.25
1707506400,5354.25,5356,5353.75,5354.75
1707506700,5354.75,5356.25,5354.5,5355.25
1707507000,5355.5,5356.75,5355.5,5356.5
1707507300,5356.5,5357.25,5355.5,5357.25
1707507600,5357,5360.75,5357,5360.75
1707507900,5360.5,5361.5,5358.75,5359
1707508200,5359,5359.75,5358,5359
1707508500,5359,5359,5357.25,5357.75
1707508800,5358,5358.25,5352.75,5354.25
1707509100,5354.25,5355.25,5353,5355.25
1707509400,5355.25,5356.75,5354.25,5356
1707509700,5356,5358.25,5355.5,5357.25
1707510000,5357.25,5357.75,5355.5,5356.5
1707510300,5356.75,5357,5354.75,5356
1707510600,5355.75,5356,5353,5353.75
1707510900,5353.75,5355.5,5353.5,5354.25
1707511200,5354.25,5355.25,5352.5,5352.75
1707511500,5352.75,5354,5352.25,5352.25
1707511800,5352.25,5356.5,5352,5355
1707512100,5355,5358.75,5355,5357
1707512400,5357,5357.75,5355,5355.5
1707512700,5355.5,5356.5,5355,5356.25
1707513000,5356.5,5356.5,5355,5355.75
1707513300,5355.75,5356.5,5355.25,5355.75
1707513600,5355.75,5356.25,5355.5,5355.5
1707513900,5355.5,5356,5355.5,5356
1707514200,5355.75,5355.75,5355.25,5355.5
1707514500,5355.5,5355.75,5355.5,5355.75
1707514800,5355.5,5355.75,5355.25,5355.25
1707515100,5355.25,5356.25,5355,5355.75
1707515400,5356,5356,5354.75,5355
1707515700,5355,5355.5,5354.5,5355
1707692400,5355.5,5355.75,5351.75,5352.5
1707692700,5352.5,5353.5,5352.25,5353.5
1707693000,5353.5,5353.5,5352,5352.75
1707693300,5352.75,5353.25,5352.25,5353.25
1707693600,5353,5354,5353,5354
1707693900,5354,5355.25,5353.75,5355.25
1707694200,5355.25,5356.25,5355,5355.75
1707694500,5355.75,5356.5,5355.5,5356.25
1707694800,5356.25,5356.75,5355.75,5356
1707695100,5356,5356.25,5355.25,5355.5
1707695400,5355.25,5355.75,5355,5355.5
1707695700,5355.5,5355.75,5355,5355.5
1707696000,5355.25,5356.5,5355.25,5356.25
1707696300,5356.25,5356.25,5355.25,5355.5
1707696600,5355.5,5355.5,5354.5,5354.75
1707696900,5355,5355.25,5354.5,5355.25
1707697200,5355.25,5355.75,5355,5355.75
1707697500,5355.75,5356,5355.5,5355.75
1707697800,5356,5356.75,5356,5356.75
1707698100,5356.75,5356.75,5356.25,5356.75
1707698400,5356.75,5356.75,5355.75,5356.5
1707698700,5356.25,5357,5356.25,5356.75
1707699000,5356.75,5357.5,5356.75,5357
1707699300,5357,5357,5356.5,5356.75
1707699600,5356.5,5357.25,5356.25,5357.25
1707699900,5357.25,5357.25,5356.25,5357
1707700200,5356.75,5357,5356.5,5356.75
1707700500,5356.5,5357.5,5356.25,5357.5
1707700800,5357.25,5357.75,5357,5357.5
1707701100,5357.25,5357.5,5357.25,5357.25
1707701400,5357,5357.5,5357,5357.25
1707701700,5357.25,5357.5,5357,5357.25
1707702000,5357.5,5357.5,5356.75,5357
1707702300,5357,5357,5356.5,5356.5
1707702600,5356.5,5356.75,5356,5356
1707702900,5356.25,5356.75,5356,5356.5
1707703200,5356.5,5356.75,5355.25,5356
1707703500,5356,5356.25,5355.75,5355.75
1707703800,5356,5356.25,5355.75,5356
1707704100,5356,5356.25,5355.75,5356
1707704400,5355.75,5356,5355.75,5356
1707704700,5355.75,5356,5355.25,5355.75
1707705000,5356,5356,5355.75,5356
1707705300,5356.25,5356.5,5356,5356
1707705600,5356,5356.25,5355.75,5356
1707705900,5356,5356.25,5356,5356.25
1707706200,5356,5356.25,5356,5356
1707706500,5356,5356.25,5355.5,5355.75
1707706800,5356,5356.5,5356,5356.5
1707707100,5356.5,5356.5,5356.25,5356.25
1707707400,5356.25,5356.25,5356,5356.25
1707707700,5356.25,5356.5,5356.25,5356.25
1707708000,5356.5,5356.5,5356,5356.25
1707708300,5356,5356.5,5356,5356.25
1707708600,5356.25,5356.25,5355.25,5355.5
1707708900,5355.5,5355.75,5355.25,5355.5
1707709200,5355.5,5356,5355.25,5355.5
1707709500,5355.5,5355.5,5355.25,5355.5
1707709800,5355.25,5355.5,5355.25,5355.5
1707710100,5355.25,5355.5,5355.25,5355.5
1707710400,5355.75,5356,5355.5,5355.75
1707710700,5355.75,5357,5355.75,5357
1707711000,5357,5357,5356.5,5357
1707711300,5356.75,5357.25,5356.5,5356.75
1707711600,5356.75,5357.25,5356.75,5357
1707711900,5357,5357,5356,5356.25
1707712200,5356.25,5356.25,5355.5,5356
1707712500,5356,5356.25,5355.5,5355.5
1707712800,5355.5,5355.5,5354.75,5355
1707713100,5355,5355.25,5354.5,5355.25
1707713400,5355,5355,5354.5,5354.75
1707713700,5354.75,5354.75,5354,5354.5
1707714000,5354.5,5355,5354.25,5354.75
1707714300,5355,5355,5354.5,5354.75
1707714600,5354.75,5354.75,5354.25,5354.75
1707714900,5354.5,5354.75,5354.5,5354.75
1707715200,5354.75,5355,5354.5,5354.75
1707715500,5354.75,5355,5354.5,5354.75
1707715800,5354.5,5354.75,5354.25,5354.75
1707716100,5354.75,5354.75,5354.25,5354.25
1707716400,5354.5,5354.75,5354.5,5354.5
1707716700,5354.5,5354.5,5354,5354
1707717000,5354.25,5354.25,5353.75,5354
1707717300,5354,5354.5,5354,5354
1707717600,5354.25,5354.25,5354,5354.25
1707717900,5354,5354.5,5354,5354.25
1707718200,5354.25,5354.5,5354,5354.25
1707718500,5354.5,5354.75,5354,5354.5
1707718800,5354.5,5354.5,5353.5,5354
1707719100,5354,5354.75,5354,5354.5
1707719400,5354.5,5354.5,5354.25,5354.5
1707719700,5354.25,5354.5,5354,5354.25
1707720000,5354,5355.25,5354,5355
1707720300,5355.25,5355.25,5354.5,5354.75
1707720600,5355,5355,5354.5,5355
1707720900,5354.75,5354.75,5354.25,5354.25
1707721200,5354.25,5355,5354,5355
1707721500,5355,5355.5,5354.75,5355.5
1707721800,5355.5,5356,5355.25,5355.75
1707722100,5355.75,5355.75,5355,5355.25
1707722400,5355.5,5357,5355.5,5357
1707722700,5357,5358,5356,5356.75
1707723000,5356.75,5357,5355.75,5355.75
1707723300,5355.75,5356,5355.5,5355.5
1707723600,5355.5,5356,5355.25,5355.5
1707723900,5355.5,5356.5,5355.5,5356.25
1707724200,5356.25,5356.75,5356,5356.5
1707724500,5356.5,5357,5355.25,5355.5
1707724800,5355.5,5356,5355,5356
1707725100,5355.75,5356.75,5355.75,5356
1707725400,5356,5356.5,5355.25,5355.25
1707725700,5355.5,5356.25,5354.75,5356.25
1707726000,5356.25,5356.25,5355,5355.5
1707726300,5355.5,5357.25,5355.5,5356.75
1707726600,5356.75,5357.5,5356.5,5357.5
1707726900,5357.5,5357.5,5355,5355.25
1707727200,5355.5,5356.5,5355.25,5356
1707727500,5356,5356.25,5354.5,5354.75
1707727800,5355,5355.75,5354.75,5355
1707728100,5355,5355,5354,5354
1707728400,5354.25,5355,5353.75,5355
1707728700,5355,5356,5354.5,5355.75
1707729000,5355.75,5356.75,5355.25,5355.25
1707729300,5355.5,5356.75,5355.5,5356.75
1707729600,5356.75,5357,5356,5356.25
1707729900,5356.25,5356.75,5355.5,5356.5
1707730200,5356.5,5357,5356.25,5356.75
1707730500,5357,5357.5,5356.5,5356.75
1707730800,5356.75,5357.5,5356.5,5357.25
1707731100,5357.5,5357.75,5356.75,5357.25
1707731400,5357,5357.25,5356,5356.25
1707731700,5356.25,5356.5,5355.75,5356.5
1707732000,5356.5,5357.5,5356.25,5357.25
1707732300,5357.25,5357.25,5355.5,5356.25
1707732600,5356.5,5358.5,5356.5,5358.25
1707732900,5358.5,5358.5,5356.5,5356.5
1707733200,5356.5,5357,5356.25,5356.75
1707733500,5356.75,5357,5356,5357
1707733800,5357,5357.5,5356.75,5357
1707734100,5357.25,5357.5,5356.5,5357.5
1707734400,5357.5,5357.5,5357,5357.5
1707734700,5357.25,5357.5,5356.75,5357.25
1707735000,5357,5357.25,5356.5,5357
1707735300,5357,5357.5,5356.75,5357.5
1707735600,5357.25,5357.5,5356.75,5357.25
1707735900,5357,5357.25,5356.5,5356.5
1707736200,5356.75,5357.75,5356.25,5357.25
1707736500,5357.25,5359.25,5357.25,5359
1707736800,5358.75,5359.25,5358.5,5358.75
1707737100,5358.5,5358.75,5357.5,5357.75
1707737400,5357.5,5358.5,5357.5,5357.75
1707737700,5358,5358,5356.5,5357
1707738000,5357,5358,5356.75,5358
1707738300,5358,5358,5357,5357.25
1707738600,5357.25,5357.75,5357,5357.75
1707738900,5357.75,5357.75,5357.5,5357.75
1707739200,5357.5,5358.75,5356.25,5357
1707739500,5357,5357.75,5356.5,5357.25
1707739800,5357.5,5357.5,5357,5357.25
1707740100,5357.25,5357.5,5356.75,5357
1707740400,5357.25,5357.25,5356.25,5356.75
1707740700,5356.75,5357.25,5356.25,5356.5
1707741000,5356.25,5356.75,5355.75,5356.25
1707741300,5356.25,5356.75,5356,5356
1707741600,5356.25,5357,5356.25,5356.5
1707741900,5356.75,5357,5356.5,5356.5
1707742200,5356.5,5357,5356.25,5356.5
1707742500,5356.5,5357.5,5356,5357
1707742800,5357.25,5357.25,5356.25,5357
1707743100,5356.75,5358,5356.5,5358
1707743400,5358.25,5358.5,5357.75,5357.75
1707743700,5357.75,5358,5356.5,5356.75
1707744000,5356.75,5357.25,5356.25,5357
1707744300,5357,5357.25,5356,5356.25
1707744600,5356,5356.5,5354.5,5355.75
1707744900,5355.75,5355.75,5354.75,5355.25
1707745200,5355.25,5356,5354.75,5355.25
1707745500,5355.25,5355.5,5354.5,5355.25
1707745800,5355.25,5355.25,5354.25,5354.75
1707746100,5354.5,5356,5354.5,5354.5
1707746400,5354.75,5355.5,5354.25,5355.5
1707746700,5355.5,5355.75,5354.5,5354.75
1707747000,5354.75,5355,5353.25,5353.5
1707747300,5353.5,5354,5352.5,5353.75
1707747600,5353.75,5354.75,5353.5,5354.5
1707747900,5354.25,5356.5,5354.25,5356
1707748200,5356,5358.75,5355.75,5357.5
1707748500,5357.5,5358.75,5357,5357.25
1707748800,5357.5,5358.25,5356.5,5357.5
1707749100,5357.5,5357.75,5355.75,5356.75
1707749400,5356.75,5358.5,5356.5,5358
1707749700,5357.75,5358.75,5357.5,5358.25
1707750000,5358.5,5358.75,5356.25,5357.5
1707750300,5357.5,5357.5,5355,5356.75
1707750600,5357,5357.25,5355.25,5355.5
1707750900,5355.75,5356.25,5354.25,5356.25
1707751200,5356.25,5357,5355.25,5356.5
1707751500,5356.5,5358.25,5356.25,5357.5
1707751800,5357.5,5360,5357.25,5359
1707752100,5359.25,5359.5,5358,5359.25
1707752400,5359.5,5361,5358.75,5360.75
1707752700,5361,5362.75,5360.25,5362.25
1707753000,5362.25,5365.25,5361.75,5364.75
1707753300,5364.75,5365.5,5364,5365
1707753600,5365.25,5365.75,5362.75,5364.75
1707753900,5365,5367.25,5364.25,5367
1707754200,5367,5367.5,5364.75,5366
1707754500,5366.25,5369.25,5365.5,5368.25
1707754800,5368.5,5372.5,5367.75,5371.5
1707755100,5371.5,5374,5371,5373.25
1707755400,5373.5,5379.5,5373,5378.75
1707755700,5379,5379,5376.25,5377
1707756000,5377,5378,5376.5,5377.25
1707756300,5377.25,5378.75,5374,5374
1707756600,5374.25,5377.25,5374,5377.25
1707756900,5377.25,5378.25,5376,5377.25
1707757200,5377.5,5377.75,5374.25,5377.25
1707757500,5377.5,5379,5376.5,5376.75
1707757800,5377,5379,5376.75,5378
1707758100,5378,5378,5375.5,5376.75
1707758400,5377,5377.25,5371.5,5373.25
1707758700,5373.25,5374,5371.25,5373.75
1707759000,5373.75,5374.75,5372.5,5373.5
1707759300,5373.75,5373.75,5372,5373
1707759600,5372.75,5373.25,5372,5372.25
1707759900,5372,5375,5370.75,5374.5
1707760200,5374.5,5375.5,5373.5,5374.75
1707760500,5374.75,5376.75,5374.75,5376.5
1707760800,5376.5,5377.5,5375.5,5376.5
1707761100,5376.75,5377,5375,5376.75
1707761400,5376.75,5378.25,5376,5377.25
1707761700,5377.25,5378.75,5377.25,5378.5
1707762000,5378.5,5378.75,5373.5,5374
1707762300,5373.75,5374,5369.25,5369.75
1707762600,5370,5370.5,5368,5368
1707762900,5368,5369.75,5361.75,5363.75
1707763200,5363.75,5364.5,5361,5362.5
1707763500,5362.25,5365,5361.75,5363.75
1707763800,5363.75,5365.5,5363,5365.5
1707764100,5365.25,5366.5,5364.25,5365
1707764400,5365,5366,5363,5363.75
1707764700,5364,5366,5362,5364.5
1707765000,5364.5,5365.5,5362.5,5363
1707765300,5363.25,5363.25,5348.25,5348.25
1707765600,5348.5,5355.75,5346.25,5354
1707765900,5354,5356,5352,5355
1707766200,5355,5356.25,5353,5354.75
1707766500,5354.5,5355.75,5352,5355.25
1707766800,5355.25,5357.25,5354.25,5354.75
1707767100,5354.75,5355.25,5351.5,5352.5
1707767400,5352.5,5352.75,5348.5,5350.5
1707767700,5350.5,5351.5,5348.5,5350
1707768000,5350,5353,5349.25,5351.25
1707768300,5351.25,5354,5350.5,5353.5
1707768600,5353.75,5354.75,5352.75,5354
1707768900,5354,5355.5,5352.5,5354.5
1707769200,5354.5,5355.5,5352.75,5353
1707769500,5353.25,5355.25,5352.5,5353.25
1707769800,5353.5,5354.5,5352,5354
1707770100,5354,5355.5,5353.5,5353.5
1707770400,5353.75,5355.5,5352.25,5354.25
1707770700,5354.25,5356.25,5353.5,5354.5
1707771000,5354.75,5356.75,5352.75,5354
1707771300,5353.75,5355.5,5349.75,5354.5
1707771600,5354.25,5355.5,5352,5352.25
1707771900,5352,5352.75,5348.25,5348.75
1707772200,5348.75,5349,5345.5,5347
1707772500,5347,5348,5346,5346
1707772800,5346,5346.25,5344.5,5345.5
1707773100,5345.5,5347,5345.5,5346.75
1707773400,5347,5347,5346,5346.25
1707773700,5346.25,5346.75,5346,5346.25
1707774000,5346,5347,5346,5346.75
1707774300,5346.5,5347,5346.25,5346.75
1707774600,5347,5347.5,5346.25,5347.5
1707774900,5347.25,5349.25,5347,5348.75
1707778800,5347,5348.5,5347,5347.5
1707779100,5347.25,5348.25,5347.25,5347.5
1707779400,5347.25,5347.5,5344.5,5345.25
1707779700,5345.25,5346.5,5344.75,5346.25
1707780000,5346.25,5348.75,5346.25,5347.75
1707780300,5347.75,5348.75,5347.75,5348
1707780600,5348,5348.75,5347.75,5347.75
1707780900,5348,5348.25,5347.5,5348.25
1707781200,5348,5349.5,5347.75,5349.5
1707781500,5349.25,5349.75,5348.75,5349.25
1707781800,5349.5,5350,5349,5349
1707782100,5349,5349.5,5348,5348.25
1707782400,5348.5,5348.75,5347,5347
1707782700,5347,5347,5345.25,5345.75
1707783000,5345.5,5346.75,5345.5,5345.75
1707783300,5345.75,5346.5,5345,5345.25
1707783600,5345,5345.75,5344.5,5345
1707783900,5345.25,5346.25,5345,5345.75
1707784200,5346,5347,5345.5,5345.75
1707784500,5345.75,5346.25,5345.5,5346
1707784800,5346,5346.75,5345.5,5345.5
1707785100,5345.75,5345.75,5344.75,5345.5
1707785400,5345.5,5346,5345,5345.75
1707785700,5345.75,5346.5,5345.5,5346.25
1707786000,5346.25,5346.25,5345.25,5345.75
1707786300,5345.75,5346.75,5345.5,5345.5
1707786600,5345.5,5346.5,5345.5,5346
1707786900,5346.25,5346.5,5345.5,5345.5
1707787200,5345.5,5346,5345.25,5345.75
1707787500,5345.75,5345.75,5345,5345.5
1707787800,5345.75,5346.25,5345.5,5346
1707788100,5346,5346.25,5345.75,5345.75
1707788400,5345.75,5346.5,5345.75,5346.25
1707788700,5346,5346.5,5346,5346.25
1707789000,5346.25,5346.5,5346,5346.25
1707789300,5346.25,5346.5,5345.75,5346.25
1707789600,5346,5346.25,5345.25,5345.5
1707789900,5345.25,5346,5345.25,5345.75
1707790200,5346,5346.25,5345.75,5346.25
1707790500,5346,5346.5,5346,5346.5
1707790800,5346.25,5346.75,5346.25,5346.5
1707791100,5346.75,5347,5346.5,5347
1707791400,5347,5347.5,5346.75,5347.25
1707791700,5347.25,5347.75,5347.25,5347.25
1707792000,5347.25,5347.75,5347.25,5347.75
1707792300,5347.5,5348.25,5347.5,5348.25
1707792600,5348.25,5348.25,5347.25,5347.5
1707792900,5347.25,5348,5347.25,5347.75
1707793200,5348,5348,5347.5,5347.75
1707793500,5347.75,5347.75,5346.75,5347
1707793800,5346.75,5347.25,5346.75,5347
1707794100,5347.25,5347.25,5347,5347
1707794400,5346.75,5347.25,5346.75,5347.25
1707794700,5347.25,5347.75,5347.25,5347.25
1707795000,5347.25,5347.25,5345.75,5346.25
1707795300,5346.25,5346.25,5345.75,5345.75
1707795600,5346,5346.5,5346,5346.25
1707795900,5346.25,5346.5,5345.75,5346
1707796200,5346,5346.25,5345.5,5345.5
1707796500,5345.75,5345.75,5345.5,5345.5
1707796800,5345.75,5346,5345.5,5345.5
1707797100,5345.5,5346,5345.25,5345.25
1707797400,5345.5,5345.75,5345.25,5345.5
1707797700,5345.75,5345.75,5345.5,5345.75
1707798000,5345.5,5346,5345.5,5345.75
1707798300,5345.75,5346.5,5345.5,5346.25
1707798600,5346.25,5346.25,5345.75,5345.75
1707798900,5345.75,5346,5345.25,5345.75
1707799200,5345.75,5346,5345,5346
1707799500,5346,5346.25,5345.75,5345.75
1707799800,5346,5346,5345.25,5345.5
1707800100,5345.5,5346,5345.5,5345.75
1707800400,5345.75,5346,5345.5,5345.5
1707800700,5345.75,5346.25,5345.5,5346
1707801000,5345.75,5346.25,5345.75,5346
1707801300,5346,5346.75,5346,5346.5
1707801600,5346.25,5347.5,5346.25,5347.25
1707801900,5347.25,5348,5347.25,5348
1707802200,5347.75,5348,5347.25,5347.25
1707802500,5347.25,5347.5,5347,5347.5
1707802800,5347.25,5347.5,5347,5347
1707803100,5347,5347,5346.75,5347
1707803400,5346.75,5347.75,5346.75,5347.75
1707803700,5347.5,5348,5346.75,5346.75
1707804000,5347,5348.75,5347,5348.25
1707804300,5348,5349,5348,5349
1707804600,5348.75,5350,5348.5,5349.75
1707804900,5350,5351.5,5349.75,5350.75
1707805200,5350.75,5351.25,5350.5,5351
1707805500,5351,5351.75,5351,5351.25
1707805800,5351.25,5351.75,5350.5,5350.5
1707806100,5350.5,5350.75,5349.75,5350.25
1707806400,5350.25,5352,5350.25,5351.75
1707806700,5351.75,5351.75,5350.75,5351.25
1707807000,5351.25,5352.25,5351,5351
1707807300,5351,5351.5,5350.25,5350.75
1707807600,5350.75,5351,5349.5,5350.5
1707807900,5350.25,5351,5349.5,5350
1707808200,5350.25,5350.5,5349.75,5349.75
1707808500,5350,5350.25,5349.5,5349.75
1707808800,5349.5,5350.25,5349.25,5350.25
1707809100,5350.25,5351,5349.5,5350.75
1707809400,5350.75,5351.75,5349.75,5350.5
1707809700,5350.75,5351.5,5350.5,5350.5
1707810000,5350.5,5350.75,5349.25,5350
1707810300,5350,5351,5349.75,5350.75
1707810600,5350.75,5351,5350,5350.5
1707810900,5350.5,5352.5,5350.5,5352.5
1707811200,5352.5,5353,5350,5350.25
1707811500,5350.25,5352.25,5350.25,5350.25
1707811800,5350,5350.5,5349.25,5349.25
1707812100,5349.25,5349.75,5348.75,5349.25
1707812400,5349.5,5349.5,5347.5,5347.5
1707812700,5347.75,5349.75,5346.75,5346.75
1707813000,5346.75,5347,5345.25,5346.5
1707813300,5346.75,5346.75,5344.5,5345
1707813600,5344.75,5345.25,5341.75,5341.75
1707813900,5342,5342,5337,5341
1707814200,5341,5341.25,5339,5340
1707814500,5340,5340.25,5338,5338
1707814800,5338.25,5341,5336.75,5338.5
1707815100,5338.5,5340,5338.25,5338.5
1707815400,5338.5,5339,5337.25,5337.25
1707815700,5337.5,5339.75,5336.75,5339.5
1707816000,5339.25,5340.75,5339,5340.5
1707816300,5340.5,5341.25,5338.25,5338.25
1707816600,5338.5,5339.5,5337.25,5337.25
1707816900,5337.25,5338.5,5336.25,5337.25
1707817200,5337.25,5338,5336.25,5337.25
1707817500,5337.25,5337.5,5335.5,5336.75
1707817800,5336.75,5337.75,5336,5337.5
1707818100,5337.25,5338,5336.75,5337.5
1707818400,5337.5,5338.75,5337.25,5338
1707818700,5337.75,5338.5,5336.25,5337.25
1707819000,5337.25,5338,5336.75,5337
1707819300,5337,5337.25,5335.5,5336.25
1707819600,5336,5336.75,5335,5335
1707819900,5335,5336.25,5333.75,5335.25
1707820200,5335.25,5337.75,5335.25,5337.75
1707820500,5337.75,5338.25,5337,5337.5
1707820800,5337.25,5337.25,5334.75,5335
1707821100,5335,5335.25,5333.5,5333.5
1707821400,5333.5,5334.25,5332.5,5333.25
1707821700,5333,5335.25,5332.75,5335.25
1707822000,5335.25,5336.5,5334.75,5336
1707822300,5335.75,5336.5,5335.25,5336.5
1707822600,5336.25,5336.25,5334.5,5335
1707822900,5335,5337.5,5335,5337.5
1707823200,5337.5,5338,5335,5335.25
1707823500,5335.5,5337,5335.5,5336.5
1707823800,5336.5,5336.5,5335.25,5335.5
1707824100,5335.5,5336,5335,5336
1707824400,5335.75,5336,5335.25,5335.25
1707824700,5335.5,5335.75,5334,5335.25
1707825000,5335.25,5335.25,5334,5334.75
1707825300,5334.75,5334.75,5333.25,5334.25
1707825600,5334.25,5334.75,5330,5330.75
1707825900,5330.75,5332.5,5330.75,5331.5
1707826200,5331.5,5333.75,5331.5,5332.5
1707826500,5332.5,5333.75,5332.25,5333.75
1707826800,5333.75,5334.25,5333,5333.5
1707827100,5333.25,5333.5,5332,5332.25
1707827400,5332.25,5334.25,5331.25,5334
1707827700,5334,5334.25,5332.75,5333.75
1707828000,5333.75,5334.25,5332.5,5333.5
1707828300,5333.5,5334.25,5332.5,5333
1707828600,5333,5334,5331.75,5333.75
1707828900,5333.75,5336,5333.5,5334.5
1707829200,5334.25,5334.75,5333.25,5334.5
1707829500,5334.5,5336.5,5333.75,5336.5
1707829800,5336.5,5337.75,5336.25,5337.5
1707830100,5337.25,5337.5,5335.25,5336
1707830400,5336.25,5338.25,5336,5338
1707830700,5338,5338.75,5335.75,5336.5
1707831000,5336.5,5341,5294,5301
1707831300,5301,5302.5,5295.75,5299.75
1707831600,5299.75,5303.5,5293,5297
1707831900,5297,5298.25,5291.25,5291.75
1707832200,5291.75,5294.5,5288,5289
1707832500,5289.25,5292.5,5289,5291
1707832800,5291,5291.25,5285,5286.25
1707833100,5286.5,5286.75,5281.25,5282.75
1707833400,5282.75,5285,5280.5,5284.25
1707833700,5284.25,5290.5,5284.25,5290.25
1707834000,5290,5290.25,5284.25,5285
1707834300,5285,5289.75,5285,5287.75
1707834600,5288,5292,5282.25,5291.75
1707834900,5291.5,5295,5288,5288.5
1707835200,5288.5,5290,5284.75,5285.5
1707835500,5285.5,5288.25,5283,5284
1707835800,5284,5286,5279,5285
1707836100,5285.25,5285.5,5279.5,5281
1707836400,5280.75,5282,5277.25,5278.5
1707836700,5278.25,5280.75,5277,5277.5
1707837000,5277.5,5281.25,5277.25,5278.5
1707837300,5278.25,5281,5274.75,5281
1707837600,5280.75,5286.25,5280.25,5284.75
1707837900,5284.75,5291.5,5284.5,5291.5
1707838200,5291.75,5293.75,5288.75,5291.5
1707838500,5291.5,5294.75,5289.5,5294.5
1707838800,5294.25,5295.25,5290.75,5294
1707839100,5294,5295,5291.75,5293
1707839400,5293.25,5295.75,5290.5,5294.75
1707839700,5294.75,5294.75,5287.75,5288.25
1707840000,5288.5,5294.75,5288.5,5294
1707840300,5294.25,5298,5293.25,5296.75
1707840600,5297,5297.75,5295,5296
1707840900,5296,5297.25,5292.75,5294.5
1707841200,5294.25,5300,5294.25,5297.75
1707841500,5298,5300,5297,5298.25
1707841800,5298.25,5299.75,5294.75,5297.75
1707842100,5297.75,5300.75,5296.25,5300.5
1707842400,5300.5,5301.25,5297.75,5300
1707842700,5299.75,5301,5298.75,5299.5
1707843000,5299.5,5300,5294.5,5294.5
1707843300,5294.5,5295.25,5292.5,5293.5
1707843600,5293.5,5294.25,5292,5293.25
1707843900,5293.25,5293.25,5289.25,5290.5
1707844200,5290.5,5292,5288.25,5291.75
1707844500,5291.75,5294,5291,5291.75
1707844800,5292,5293,5290.5,5291
1707845100,5291,5291.25,5286.75,5288
1707845400,5288,5294.75,5287.75,5294.25
1707845700,5294,5295.5,5292.25,5295
1707846000,5295,5296,5293.75,5295
1707846300,5295,5295.5,5290.5,5290.75
1707846600,5290.5,5292.75,5286.25,5286.25
1707846900,5286.25,5287,5284.25,5285.75
1707847200,5285.75,5286.25,5283.25,5284
1707847500,5284.25,5285.25,5283.25,5284.5
1707847800,5284.5,5286.5,5283,5286.25
1707848100,5286.25,5287.5,5284.25,5285.75
1707848400,5285.5,5285.5,5283,5284.25
1707848700,5284.25,5286.5,5283.25,5285
1707849000,5285,5285.5,5282.75,5283.25
1707849300,5283.25,5284,5281,5283.5
1707849600,5283.5,5283.5,5279.5,5280.5
1707849900,5280.5,5282,5278,5278.75
1707850200,5278.5,5279.25,5276.25,5277.25
1707850500,5277,5278.5,5276.25,5278.5
1707850800,5278.25,5278.5,5270.75,5271.75
1707851100,5271.75,5272.5,5267.75,5268.75
1707851400,5268.75,5269,5262.5,5263.25
1707851700,5263.25,5266.25,5260.75,5264
1707852000,5264.25,5266.25,5262.5,5262.5
1707852300,5262.75,5265.25,5260.25,5263.5
1707852600,5263.5,5270.75,5263,5269.5
1707852900,5269.5,5271.25,5267.5,5270.25
1707853200,5270.5,5272,5266.25,5266.5
1707853500,5266.5,5267.75,5259.25,5259.5
1707853800,5259.5,5261,5253.25,5255
1707854100,5255,5257.5,5253.25,5256
1707854400,5256,5257.75,5252,5252.75
1707854700,5252.75,5255.75,5252.5,5254
1707855000,5253.75,5256.25,5253,5254
1707855300,5254.25,5254.75,5251.25,5251.75
1707855600,5251.75,5253.25,5249.5,5251.25
1707855900,5251.25,5256.5,5249.5,5255.5
1707856200,5255.5,5261.25,5254.25,5260.75
1707856500,5260.75,5262.5,5259.5,5260.75
1707856800,5260.75,5269.5,5260.25,5269
1707857100,5268.75,5272.75,5268.75,5272
1707857400,5272,5273.5,5268.5,5273.25
1707857700,5273,5285.5,5272,5284.75
1707858000,5284.75,5286,5281.5,5283
1707858300,5283,5283.75,5281.25,5282
1707858600,5281.75,5284.75,5281.75,5283.75
1707858900,5283.5,5285.25,5283.5,5284.75
1707859200,5284.5,5285.25,5283.75,5284.25
1707859500,5284,5284.75,5283.25,5283.5
1707859800,5283.75,5284.25,5283.25,5283.75
1707860100,5283.75,5285,5283.5,5285
1707860400,5285,5287.25,5285,5286
1707860700,5286.25,5286.75,5285.5,5286.5
1707861000,5286.5,5287,5285.5,5286.5
1707861300,5286.5,5287,5286.25,5286.25
1707865200,5287.25,5288.25,5283.25,5284.75
1707865500,5284.5,5286,5284.25,5285.5
1707865800,5285.25,5286,5284.25,5284.25
1707866100,5284.5,5284.75,5283.75,5283.75
1707866400,5283.75,5284.75,5283.75,5283.75
1707866700,5284,5285.25,5284,5285
1707867000,5285,5285.75,5284.5,5285.5
1707867300,5285.75,5286.75,5285.75,5286
1707867600,5286,5286.5,5285.5,5286
1707867900,5286,5286.25,5284.75,5284.75
1707868200,5284.75,5285.5,5284.25,5285.5
1707868500,5285.5,5286,5285,5285.5
1707868800,5285.5,5285.5,5284.5,5285.25
1707869100,5285.25,5285.5,5284,5284.5
1707869400,5284.5,5284.75,5284.25,5284.5
1707869700,5284.5,5285,5283.75,5284
1707870000,5283.75,5284,5282.5,5282.75
1707870300,5282.75,5283.5,5282,5282.75
1707870600,5283,5284,5282.75,5282.75
1707870900,5283,5283.25,5282.5,5282.5
1707871200,5282.5,5284,5282.25,5284
1707871500,5284,5285,5284,5285
1707871800,5285,5286.25,5285,5285
1707872100,5285,5285.5,5284.5,5285.5
1707872400,5285.25,5285.5,5284.5,5285.25
1707872700,5285.25,5285.5,5284.25,5284.75
1707873000,5284.75,5285.75,5284.25,5284.75
1707873300,5284.75,5285,5282.75,5283
1707873600,5283,5283.75,5281.75,5282.75
1707873900,5282.75,5284,5282.75,5283.75
1707874200,5283.75,5284.5,5283,5283.5
1707874500,5283.25,5283.75,5281.75,5282
1707874800,5282,5284.5,5281.75,5284.5
1707875100,5284.25,5284.25,5282.5,5284
1707875400,5284.25,5285.25,5284,5284.75
1707875700,5284.75,5284.75,5284,5284.5
1707876000,5284.75,5286.5,5284.25,5286.25
1707876300,5286.25,5286.25,5285.25,5285.75
1707876600,5285.75,5286.25,5285,5285.25
1707876900,5285.25,5286.5,5285,5286
1707877200,5286.25,5286.5,5285.5,5285.5
1707877500,5285.75,5286,5285.25,5285.5
1707877800,5285.5,5285.5,5283.5,5283.5
1707878100,5283.75,5284,5283,5283.75
1707878400,5283.75,5284,5282.5,5283.25
1707878700,5283.25,5284,5283.25,5284
1707879000,5283.75,5284,5283.25,5283.75
1707879300,5283.5,5283.5,5283.25,5283.25
1707879600,5283.25,5284,5283,5283.5
1707879900,5283.75,5284,5283,5283.75
1707880200,5283.75,5283.75,5283,5283.25
1707880500,5283.25,5283.5,5282.75,5283
1707880800,5283,5284,5283,5284
1707881100,5284,5284.25,5283.75,5284
1707881400,5284,5284.25,5282.5,5283
1707881700,5283,5283.25,5282.25,5283
1707882000,5283,5283.25,5282.75,5283.25
1707882300,5283.25,5283.75,5283,5283.5
1707882600,5283.75,5284,5282.75,5283.25
1707882900,5283.25,5283.5,5282.5,5283
1707883200,5283.25,5283.5,5282.75,5283.25
1707883500,5283.25,5283.5,5283,5283.25
1707883800,5283,5283.5,5283,5283
1707884100,5283.25,5283.25,5282.5,5282.75
1707884400,5282.75,5283,5282.5,5282.75
1707884700,5283,5283.25,5282.25,5282.75
1707885000,5282.5,5283,5282.5,5282.75
1707885300,5282.5,5282.75,5282.25,5282.75
1707885600,5282.75,5283.5,5282.75,5283
1707885900,5283,5283.5,5282.75,5283.25
1707886200,5283.25,5283.5,5283,5283.5
1707886500,5283.5,5285,5283.25,5284.25
1707886800,5284.5,5285.25,5284,5284.75
1707887100,5284.75,5285.25,5284.5,5284.75
1707887400,5284.75,5285,5284.25,5284.5
1707887700,5284.5,5285.75,5284.5,5285.25
1707888000,5285.5,5285.5,5285,5285.5
1707888300,5285.25,5285.75,5285,5285.25
1707888600,5285.25,5286.5,5285.25,5286
1707888900,5285.75,5287,5285.75,5286.75
1707889200,5286.75,5287,5285.75,5286
1707889500,5286,5286.25,5285.5,5285.75
1707889800,5285.5,5286.25,5285.5,5285.5
1707890100,5285.25,5285.5,5285,5285.25
1707890400,5285,5286,5285,5285.75
1707890700,5286,5286,5285.25,5286
1707891000,5286.25,5287.5,5286,5286.75
1707891300,5287,5287.5,5286.75,5287.5
1707891600,5287.25,5288,5287.25,5287.75
1707891900,5287.5,5287.5,5287,5287.25
1707892200,5287.5,5287.75,5287,5287.25
1707892500,5287.25,5287.25,5286.75,5287.25
1707892800,5287,5288.25,5287,5288
1707893100,5288.25,5288.75,5287.75,5288
1707893400,5287.75,5288.25,5287.75,5288
1707893700,5288,5288.5,5287.75,5288.25
1707894000,5288.25,5289.5,5287.5,5288.5
1707894300,5288.5,5290,5287.5,5290
1707894600,5290,5293,5289.25,5292.75
1707894900,5292.75,5294.75,5292.75,5294
1707895200,5294,5294.25,5292.75,5293.25
1707895500,5293.25,5294.25,5292.75,5293.5
1707895800,5293.25,5293.75,5291.5,5293.5
1707896100,5293.5,5294,5293,5293
1707896400,5293.25,5293.5,5292.5,5293.25
1707896700,5293.25,5294,5293,5293.5
1707897000,5293.25,5294.25,5293,5294
1707897300,5294,5294,5293,5293
1707897600,5293,5294.5,5292.75,5294.25
1707897900,5294.25,5294.75,5293.25,5294.25
1707898200,5294.5,5294.5,5292.5,5293.75
1707898500,5293.75,5295.25,5293.25,5295.25
1707898800,5295.25,5296.25,5295,5296
1707899100,5296.25,5299.75,5296,5298.75
1707899400,5298.75,5298.75,5295.75,5296.5
1707899700,5296.5,5296.5,5295,5295.75
1707900000,5296,5297.75,5295.25,5297
1707900300,5297.25,5297.5,5293.25,5294.25
1707900600,5294.5,5294.75,5293.25,5294.5
1707900900,5294.5,5297,5294.25,5296
1707901200,5296,5298.75,5295,5298.25
1707901500,5298,5299,5298,5298.75
1707901800,5298.75,5300.25,5298.75,5300
1707902100,5300,5301.75,5300,5301.5
1707902400,5301.5,5301.5,5299.25,5299.75
1707902700,5299.75,5301.25,5299.25,5301
1707903000,5300.75,5301.5,5299.5,5300.5
1707903300,5300.75,5302.5,5300.75,5301.75
1707903600,5301.5,5302.5,5301,5302.25
1707903900,5302.25,5305.5,5302.25,5305
1707904200,5305,5306.75,5304.25,5306
1707904500,5306,5307.75,5306,5307
1707904800,5307,5307.5,5304.25,5304.5
1707905100,5304.5,5305.25,5303.75,5304.5
1707905400,5304.75,5305.5,5303,5303.5
1707905700,5303.5,5304.75,5303.25,5303.75
1707906000,5304,5304,5302.5,5302.75
1707906300,5302.5,5303.75,5302.5,5303.25
1707906600,5303.25,5303.5,5302.25,5303
1707906900,5303.25,5304.75,5303.25,5303.5
1707907200,5303.75,5303.75,5302.25,5302.75
1707907500,5303,5303.75,5302.75,5303.75
1707907800,5304,5304.75,5303.5,5304.25
1707908100,5304,5306,5304,5304.75
1707908400,5304.75,5305,5302,5302.25
1707908700,5302,5302.5,5301.5,5302
1707909000,5302,5302.75,5301.5,5302
1707909300,5302,5302.5,5301.5,5301.75
1707909600,5302,5303,5302,5302.25
1707909900,5302.25,5302.5,5301.5,5302.5
1707910200,5302.75,5303.25,5301.25,5301.5
1707910500,5301.75,5301.75,5298.75,5300.25
1707910800,5300.25,5302,5299.5,5302
1707911100,5301.75,5302.5,5301.25,5302
1707911400,5302,5305,5302,5304
1707911700,5304.25,5307.75,5304,5307.25
1707912000,5307.25,5309.5,5306.25,5308.75
1707912300,5309,5311,5309,5310.5
1707912600,5310.75,5311.25,5308.25,5308.5
1707912900,5308.5,5308.75,5307.25,5307.75
1707913200,5308,5309,5307.75,5309
1707913500,5309,5309.75,5307.25,5307.75
1707913800,5308,5309,5307.25,5308
1707914100,5308,5308.5,5305.5,5305.5
1707914400,5305.5,5308,5305.5,5307.25
1707914700,5307.25,5308.25,5307.25,5307.75
1707915000,5307.5,5308,5307,5307.75
1707915300,5307.75,5307.75,5305.75,5306.75
1707915600,5306.75,5311.5,5306.5,5310.75
1707915900,5310.75,5312.5,5310.5,5312.25
1707916200,5312.25,5313.75,5311.75,5312
1707916500,5311.75,5312,5308.75,5309
1707916800,5308.75,5309.5,5307.25,5308
1707917100,5308,5308,5304.75,5306.25
1707917400,5306.25,5308.75,5305.75,5306.75
1707917700,5306.75,5310,5305.25,5310
1707918000,5310,5311.5,5308.25,5311
1707918300,5310.75,5311.75,5308,5308.25
1707918600,5308.25,5308.25,5304.75,5305
1707918900,5305,5307.75,5304.25,5306.5
1707919200,5306.5,5307.75,5304.25,5305
1707919500,5305,5307,5304.5,5305.75
1707919800,5306,5307.75,5305.5,5306.75
1707920100,5307,5307,5304.75,5305
1707920400,5305.25,5307,5304.5,5307
1707920700,5306.75,5311,5306.75,5310.25
1707921000,5310.25,5315.25,5307.5,5308.75
1707921300,5309,5310,5300.75,5301.25
1707921600,5301.5,5310,5299.75,5308.75
1707921900,5308.75,5312,5306.5,5307.75
1707922200,5308,5310,5304,5308.5
1707922500,5308.25,5311,5307.25,5311
1707922800,5311,5313.5,5308.25,5309.75
1707923100,5310,5312.75,5307.75,5309.75
1707923400,5309.75,5312.25,5308.75,5309.75
1707923700,5310,5316.5,5308.75,5316
1707924000,5316,5321,5315.5,5320.5
1707924300,5320.5,5322,5317.5,5319.25
1707924600,5319.5,5321.25,5317.25,5318.75
1707924900,5318.5,5319.25,5314.25,5315.25
1707925200,5315.5,5315.75,5309.75,5311
1707925500,5311.25,5313,5309.75,5312.5
1707925800,5312.5,5313.5,5304.75,5306
1707926100,5306,5307.25,5301.5,5301.5
1707926400,5301.75,5301.75,5293.5,5296
1707926700,5296.25,5301.5,5295.75,5298.5
1707927000,5298.5,5302.75,5297.75,5297.75
1707927300,5298,5300.25,5295.25,5299
1707927600,5299,5305,5296.25,5305
1707927900,5304.75,5305.25,5302.25,5304.5
1707928200,5304.5,5305.25,5303,5303.25
1707928500,5303.5,5305,5303,5304.25
1707928800,5304.25,5305.25,5296,5298
1707929100,5298,5301,5296.75,5300
1707929400,5300,5302.75,5298.5,5301
1707929700,5300.75,5301,5295.25,5295.25
1707930000,5295.5,5296,5288.5,5289.75
1707930300,5289.5,5293.25,5285.75,5292.25
1707930600,5292,5296.5,5292,5295.25
1707930900,5295.25,5298.25,5294.25,5296.75
1707931200,5296.75,5299.25,5295,5298.25
1707931500,5298.25,5302.5,5297.5,5302.25
1707931800,5302.25,5304,5301.5,5303.75
1707932100,5303.75,5303.75,5300.25,5301.25
1707932400,5301.5,5304.25,5300.25,5303.5
1707932700,5303.75,5305.25,5302.5,5304.5
1707933000,5304.5,5305,5303,5303.75
1707933300,5304,5305.25,5302.75,5304
1707933600,5304.25,5307.75,5302.25,5306.5
1707933900,5306.75,5307,5302.25,5302.25
1707934200,5302.25,5302.5,5296,5298.25
1707934500,5298.25,5301.75,5297.25,5299.25
1707934800,5299.25,5302.5,5297.75,5299
1707935100,5299.25,5301.25,5298.5,5301.25
1707935400,5301.25,5307.75,5300.5,5306.75
1707935700,5306.75,5312.5,5306.5,5311.5
1707936000,5311.5,5313.5,5307.5,5308
1707936300,5308,5311,5307.75,5310
1707936600,5310,5311,5309.25,5310
1707936900,5310.25,5310.25,5303.5,5308
1707937200,5308,5308.25,5302.25,5302.5
1707937500,5302.5,5302.5,5294.25,5296.25
1707937800,5296.25,5301.5,5295.5,5300
1707938100,5300.25,5303,5299.5,5299.75
1707938400,5299.75,5305.5,5299.75,5305
1707938700,5305,5310,5304.5,5308.75
1707939000,5308.75,5310,5306.25,5309.5
1707939300,5309.5,5313,5308.5,5310.5
1707939600,5310.5,5312,5309,5310.5
1707939900,5310.75,5311.5,5308,5310.5
1707940200,5310.75,5310.75,5308,5309.25
1707940500,5309.25,5311.5,5306.5,5311.25
1707940800,5311.25,5313.75,5308,5313.5
1707941100,5313.5,5315.5,5311.25,5314.75
1707941400,5315,5316.25,5312.25,5314
1707941700,5314.25,5318.25,5313.75,5316.75
1707942000,5316.75,5318.75,5316,5318.75
1707942300,5318.5,5324.25,5318.25,5322
1707942600,5322.25,5323.25,5316.75,5318.5
1707942900,5318.5,5323.5,5318,5322.75
1707943200,5322.75,5324.25,5321.25,5323
1707943500,5323,5326.25,5322,5325.5
1707943800,5325.75,5327.5,5324.75,5325.25
1707944100,5325.25,5333.25,5324.75,5328.25
1707944400,5328,5332.5,5326,5330.75
1707944700,5330.75,5331.75,5328.75,5330.75
1707945000,5330.75,5332.5,5330,5331.25
1707945300,5331.5,5334.25,5331.5,5334
1707945600,5333.75,5334,5332.75,5333.5
1707945900,5333.75,5334.5,5333.25,5334
1707946200,5334.25,5335.5,5333.75,5334.25
1707946500,5334.5,5334.5,5333.5,5333.75
1707946800,5333.5,5333.75,5332.25,5333
1707947100,5333,5333,5331.75,5332.25
1707947400,5332,5332.25,5331.5,5332
1707947700,5331.75,5332,5330,5330.5
1707951600,5330.5,5331.75,5329.5,5330.25
1707951900,5330.25,5331.5,5330.25,5331.25
1707952200,5331.5,5331.75,5331,5331.25
1707952500,5331.25,5331.75,5331.25,5331.5
1707952800,5331.5,5331.5,5330.5,5330.5
1707953100,5330.5,5331.5,5330.5,5331.5
1707953400,5331.25,5331.75,5331,5331.5
1707953700,5331.5,5331.75,5331,5331.5
1707954000,5331.5,5331.5,5331,5331.5
1707954300,5331.25,5331.5,5331,5331.5
1707954600,5331.25,5332,5331.25,5331.5
1707954900,5331.5,5331.75,5331.25,5331.5
1707955200,5331.5,5331.5,5330,5330.5
1707955500,5330.5,5330.75,5329.75,5330
1707955800,5330,5330,5329.5,5329.5
1707956100,5329.75,5330,5329.25,5329.25
1707956400,5329.25,5329.5,5328.75,5329.25
1707956700,5329.25,5329.25,5328.75,5329
1707957000,5329,5329.75,5328.5,5329.75
1707957300,5329.75,5330,5329.25,5330
1707957600,5329.75,5330,5329,5329.25
1707957900,5329.25,5329.75,5329,5329
1707958200,5329,5329.25,5328.5,5328.5
1707958500,5328.75,5328.75,5328.25,5328.5
1707958800,5328.75,5329,5326.75,5327
1707959100,5327.25,5327.75,5325.75,5326.5
1707959400,5326.5,5326.5,5325,5326
1707959700,5326,5326,5324,5325
1707960000,5325,5325.75,5325,5325.5
1707960300,5325.5,5325.75,5325,5325.25
1707960600,5325.25,5326.5,5325.25,5325.75
1707960900,5326,5326.25,5324.75,5324.75
1707961200,5324.75,5325.5,5324.5,5325.25
1707961500,5325.5,5325.75,5325,5325.75
1707961800,5325.5,5325.5,5325.25,5325.5
1707962100,5325.5,5325.75,5325.25,5325.25
1707962400,5325.25,5325.5,5324.75,5325
1707962700,5324.75,5325.5,5324.75,5325
1707963000,5325,5325.5,5324.75,5325
1707963300,5325,5326.5,5325,5326.5
1707963600,5326.25,5326.25,5325.75,5326
1707963900,5326,5327.25,5325.75,5327
1707964200,5326.75,5327.25,5326.5,5327.25
1707964500,5327.25,5329,5327.25,5328.75
1707964800,5328.75,5328.75,5328,5328.5
1707965100,5328.75,5329,5328.25,5328.25
1707965400,5328.25,5329.75,5328.25,5329.75
1707965700,5329.75,5330,5329.25,5329.75
1707966000,5329.75,5330.75,5329.75,5330.5
1707966300,5330.5,5330.5,5329.5,5329.75
1707966600,5329.75,5330.25,5329.5,5330.25
1707966900,5330,5330.75,5330,5330.75
1707967200,5330.75,5331.5,5330.5,5330.5
1707967500,5330.75,5330.75,5330,5330.25
1707967800,5330,5331.25,5330,5331
1707968100,5331,5331,5330.25,5330.75
1707968400,5330.5,5330.75,5330.25,5330.25
1707968700,5330.25,5330.5,5330,5330
1707969000,5330.25,5330.75,5330,5330.5
1707969300,5330.5,5330.5,5329.75,5330
1707969600,5330,5330.25,5329.25,5329.75
1707969900,5329.75,5330.25,5329.25,5329.5
1707970200,5329.5,5330.25,5329.5,5329.75
1707970500,5329.75,5330,5329.5,5329.75
1707970800,5329.75,5330.5,5329.75,5330.25
1707971100,5330.5,5331,5330.25,5330.75
1707971400,5330.75,5330.75,5330.5,5330.5
1707971700,5330.5,5330.5,5329.75,5330
1707972000,5330.25,5330.25,5329.5,5330
1707972300,5330,5330.5,5330,5330.25
1707972600,5330.25,5330.75,5330.25,5330.5
1707972900,5330.5,5330.75,5330.25,5330.5
1707973200,5330.5,5331.25,5330.5,5331
1707973500,5331.25,5331.25,5330.5,5330.5
1707973800,5330.5,5330.5,5330,5330
1707974100,5330,5330.75,5329.75,5330.75
1707974400,5330.75,5331.5,5330.75,5331.5
1707974700,5331.25,5332.25,5331.25,5332
1707975000,5332.25,5332.25,5331,5331
1707975300,5331,5331.25,5330.75,5330.75
1707975600,5330.75,5331.5,5330.75,5331.5
1707975900,5331.5,5331.5,5330.5,5330.5
1707976200,5330.75,5331,5330.5,5331
1707976500,5331,5331.5,5330.5,5331
1707976800,5331,5331.25,5329.75,5330
1707977100,5330,5330.5,5329.25,5330.25
1707977400,5330.25,5330.75,5330,5330.75
1707977700,5331,5331.75,5330.75,5331.5
1707978000,5331.75,5332,5331.25,5331.5
1707978300,5331.5,5331.5,5331,5331
1707978600,5331,5332,5330.75,5332
1707978900,5332,5332.5,5331.75,5332
1707979200,5332,5334.75,5332,5333.75
1707979500,5333.5,5336,5333.25,5335.75
1707979800,5335.75,5336.5,5335,5335
1707980100,5335,5336.5,5334.75,5336
1707980400,5336,5336.75,5334.75,5336.75
1707980700,5336.5,5337,5335.75,5336.5
1707981000,5336.75,5338.75,5336.5,5337.75
1707981300,5338,5338.75,5337.75,5338.5
1707981600,5338.25,5339.75,5338.25,5339.5
1707981900,5339.25,5340,5339,5340
1707982200,5340,5340.25,5339.5,5339.5
1707982500,5339.75,5340.25,5338.5,5338.5
1707982800,5338.5,5339.5,5338.25,5339.25
1707983100,5339,5339.5,5338.5,5338.75
1707983400,5338.75,5339,5338.5,5339
1707983700,5339,5339,5336.75,5337
1707984000,5337,5339,5336.75,5338
1707984300,5338,5340,5338,5339.75
1707984600,5339.75,5340.5,5339,5340.25
1707984900,5340.25,5342,5340,5340
1707985200,5340.25,5341,5339.5,5340.5
1707985500,5340.75,5342.25,5340.5,5341.75
1707985800,5341.75,5342.5,5340.5,5341
1707986100,5341,5341,5339.5,5340.5
1707986400,5340.5,5341,5340,5340.5
1707986700,5340.5,5342,5340.5,5342
1707987000,5341.75,5341.75,5340.25,5340.75
1707987300,5340.75,5342.25,5340.75,5342
1707987600,5342,5342,5340,5340.75
1707987900,5340.75,5340.75,5338.5,5339
1707988200,5338.75,5338.75,5336.75,5337.75
1707988500,5337.5,5339,5337.25,5338.5
1707988800,5338.5,5340.25,5338.25,5339.75
1707989100,5339.75,5339.75,5338,5338.75
1707989400,5338.75,5339.25,5338,5338
1707989700,5338,5339,5337.75,5338.25
1707990000,5338.25,5338.75,5338,5338.75
1707990300,5338.75,5338.75,5336.75,5336.75
1707990600,5336.75,5338,5336.5,5337.75
1707990900,5337.75,5338.75,5337.5,5338.25
1707991200,5338.25,5339,5337.75,5338.75
1707991500,5338.75,5339.75,5338.5,5339.25
1707991800,5339.25,5339.5,5338.75,5339.25
1707992100,5339.25,5339.25,5337,5337.25
1707992400,5337.5,5337.5,5335.5,5336.25
1707992700,5336.5,5337.25,5336,5336.5
1707993000,5336.5,5337.75,5336,5337.5
1707993300,5337.25,5337.25,5335.75,5336.25
1707993600,5336.5,5337.5,5335.5,5335.75
1707993900,5335.75,5336.75,5335.75,5336.25
1707994200,5336.25,5336.25,5335,5335.75
1707994500,5335.5,5337,5335.25,5337
1707994800,5337,5338.75,5336.5,5338.5
1707995100,5338.75,5339.25,5337.5,5338.25
1707995400,5338.25,5338.5,5337.5,5337.75
1707995700,5337.75,5337.75,5336.25,5337.25
1707996000,5337.25,5338.25,5337,5337.75
1707996300,5337.75,5337.75,5336.5,5337.5
1707996600,5337.5,5338,5336.5,5336.75
1707996900,5336.5,5337,5336,5336.5
1707997200,5336.75,5337.25,5336.5,5336.75
1707997500,5336.5,5337,5336.5,5337
1707997800,5336.75,5337.25,5336,5336.75
1707998100,5336.75,5337.75,5336.5,5337
1707998400,5337,5337.75,5336.5,5336.75
1707998700,5336.5,5338,5336.25,5338
1707999000,5337.75,5339.25,5337.75,5338.75
1707999300,5338.75,5338.75,5337.25,5337.25
1707999600,5337.25,5337.75,5336,5337.5
1707999900,5337.5,5338.75,5337.25,5338.5
1708000200,5338.75,5339.5,5338.25,5339.25
1708000500,5339.25,5339.25,5338.25,5338.5
1708000800,5338.5,5339.5,5338.5,5339.5
1708001100,5339.5,5340.25,5339.25,5339.5
1708001400,5339.75,5339.75,5337.25,5337.25
1708001700,5337.25,5339,5337,5338.5
1708002000,5338.5,5339,5337.5,5338
1708002300,5337.75,5338.75,5337.5,5338.25
1708002600,5338.25,5339,5336.5,5337.25
1708002900,5337.25,5337.5,5336.25,5336.75
1708003200,5337,5337,5334.75,5335
1708003500,5334.75,5336,5334.5,5335.25
1708003800,5335,5344.75,5331.75,5339
1708004100,5339.25,5343,5338.5,5342.25
1708004400,5342.25,5343,5337.25,5341.25
1708004700,5341.25,5341.5,5333.25,5334.75
1708005000,5335,5335.75,5333,5334
1708005300,5334.25,5337,5334.25,5336.5
1708005600,5336.25,5336.5,5334.25,5335
1708005900,5335,5335.25,5332.5,5334.25
1708006200,5334.25,5334.25,5332,5333
1708006500,5333,5334.5,5332,5333
1708006800,5333,5335.5,5333,5334.75
1708007100,5335,5335,5329.25,5332
1708007400,5332,5338.75,5331.5,5337.75
1708007700,5337.75,5340,5335.5,5338.25
1708008000,5338,5339.75,5334.5,5335
1708008300,5335,5341.25,5334.75,5339.5
1708008600,5339.5,5343,5333.25,5334.5
1708008900,5334.25,5336.5,5333.5,5335.75
1708009200,5335.75,5339,5334.25,5336
1708009500,5336.25,5340.75,5335.25,5340.5
1708009800,5340.5,5342,5338.75,5340.75
1708010100,5340.75,5344.75,5340,5342.75
1708010400,5342.75,5344.75,5337.75,5343.25
1708010700,5343.5,5345,5335.5,5336.25
1708011000,5336.25,5338,5332.25,5334.75
1708011300,5334.75,5338,5332.75,5337.5
1708011600,5337.5,5337.5,5334.25,5335.25
1708011900,5335,5337.5,5334.25,5336.75
1708012200,5336.75,5338,5335.5,5337.25
1708012500,5337.25,5339,5335.5,5337.25
1708012800,5337.5,5338.75,5330.75,5331.25
1708013100,5331.25,5332.75,5326.75,5328.5
1708013400,5328.5,5334,5327.5,5332.25
1708013700,5332.5,5333.25,5331.25,5331.5
1708014000,5331.5,5334.5,5330.5,5331.75
1708014300,5332,5335,5330.25,5333.75
1708014600,5334,5335.25,5332.5,5333.5
1708014900,5333.5,5337.75,5333.5,5337.5
1708015200,5337.5,5340.5,5337.5,5339
1708015500,5339.25,5340.75,5338.25,5339
1708015800,5339,5339,5332.75,5335.75
1708016100,5335.75,5337.75,5334.25,5337.25
1708016400,5337.25,5338.75,5335.75,5338
1708016700,5338,5338.5,5336.25,5337.75
1708017000,5338,5341,5338,5340
1708017300,5340.25,5342.75,5339,5342.5
1708017600,5342.75,5343.5,5340.5,5341.5
1708017900,5341.75,5343.75,5341,5343.5
1708018200,5343.75,5344.25,5342,5343.25
1708018500,5343.5,5344,5342.5,5343.25
1708018800,5343.5,5344.25,5342.75,5343.75
1708019100,5343.75,5345,5340.75,5342.5
1708019400,5342.5,5344.5,5341.75,5343.5
1708019700,5343.75,5344,5339.25,5339.5
1708020000,5339.5,5340.75,5338.5,5339.25
1708020300,5339,5347.5,5339,5346.5
1708020600,5346.5,5351,5346,5348
1708020900,5348,5352.25,5347.75,5352.25
1708021200,5352,5353.75,5349.5,5352
1708021500,5352,5354.25,5350.25,5353.75
1708021800,5354,5356.25,5352.75,5353.75
1708022100,5354,5354,5350.25,5352.75
1708022400,5352.75,5354.25,5348.25,5350
1708022700,5350,5351.5,5349.25,5350.25
1708023000,5350.25,5353.25,5349.5,5350.75
1708023300,5350.75,5353.25,5350,5353.25
1708023600,5353.25,5355.5,5352,5354.5
1708023900,5354.5,5357.25,5352,5354.75
1708024200,5355,5355.5,5349.25,5351.75
1708024500,5352,5355.5,5351,5355.25
1708024800,5355.25,5355.5,5353.25,5355.5
1708025100,5355.25,5355.25,5350.75,5354.25
1708025400,5354.5,5356,5353.5,5355.5
1708025700,5355.75,5357,5355,5355
1708026000,5355,5357.25,5353.75,5356.5
1708026300,5356.75,5359,5356.25,5358.75
1708026600,5358.75,5360.25,5356.25,5359.75
1708026900,5360,5361.5,5356.75,5357.75
1708027200,5358,5358.5,5355.5,5357.5
1708027500,5357.5,5357.5,5353.5,5354.25
1708027800,5354.5,5358.75,5354.5,5357.5
1708028100,5357.25,5358.5,5354.5,5355
1708028400,5355,5356.25,5351,5351.5
1708028700,5351.5,5356.25,5351.5,5355.75
1708029000,5355.75,5356.75,5354.75,5356.25
1708029300,5356.25,5356.5,5352,5352
1708029600,5352.25,5354,5352,5352.75
1708029900,5352.75,5353.5,5351,5351.75
1708030200,5351.75,5357.75,5351.75,5356.5
1708030500,5356.75,5360.5,5355,5359.75
1708030800,5359.5,5362,5358.5,5361
1708031100,5361,5363.5,5360.75,5363.25
1708031400,5363.25,5363.5,5360.5,5360.5
1708031700,5360.75,5363.25,5360.5,5363
1708032000,5362.75,5363,5362,5362.25
1708032300,5362.25,5364,5362,5364
1708032600,5363.75,5364,5363.25,5363.5
1708032900,5363.25,5364,5363.25,5363.75
1708033200,5363.75,5364,5362.25,5362.5
1708033500,5362.5,5363.75,5362,5363.5
1708033800,5363.5,5364.5,5362.75,5364.5
1708034100,5364.25,5364.75,5363.25,5363.5
1708038000,5362.5,5363.5,5361.5,5362
1708038300,5362,5362.25,5361,5361.5
1708038600,5361.5,5361.75,5361,5361.5
1708038900,5361.5,5361.5,5361,5361.25
1708039200,5361.25,5361.5,5361,5361.5
1708039500,5361.25,5362,5361,5361.25
1708039800,5361.25,5361.25,5360.75,5361
1708040100,5361.25,5361.75,5360.75,5361.5
1708040400,5361.5,5362.75,5361.5,5362.5
1708040700,5362.25,5362.25,5361.25,5361.5
1708041000,5361.5,5362.25,5361.5,5361.75
1708041300,5361.75,5361.75,5360.75,5361.25
1708041600,5361.25,5361.5,5359.5,5359.75
1708041900,5360,5360.5,5359.5,5359.5
1708042200,5359.75,5359.75,5359,5359
1708042500,5359,5359.75,5358.75,5359.25
1708042800,5359,5359,5357.5,5357.75
1708043100,5357.75,5357.75,5356.5,5356.75
1708043400,5357,5357.5,5356.75,5357
1708043700,5357.25,5357.5,5356.75,5356.75
1708044000,5357,5357.25,5356.5,5356.75
1708044300,5356.5,5357.25,5356.5,5356.75
1708044600,5356.75,5356.75,5355,5355.5
1708044900,5355.5,5355.75,5354.5,5355.75
1708045200,5355.75,5355.75,5354.5,5354.5
1708045500,5354.5,5354.75,5353.75,5354.25
1708045800,5354.25,5355.75,5354,5355.5
1708046100,5355.5,5355.5,5354.75,5355
1708046400,5355,5356.25,5355,5356.25
1708046700,5356.25,5357,5356.25,5356.75
1708047000,5356.5,5357,5355.25,5355.5
1708047300,5355.5,5356,5353.75,5354
1708047600,5354,5354.5,5352.25,5354.25
1708047900,5354.25,5355,5354.25,5355
1708048200,5354.75,5356,5354.75,5355.5
1708048500,5355.5,5356.5,5355.25,5356
1708048800,5355.75,5356.25,5355.5,5355.75
1708049100,5355.75,5355.75,5354.75,5355.25
1708049400,5355.5,5356.25,5355.25,5356
1708049700,5355.75,5356.25,5355.5,5356
1708050000,5356,5356.5,5356,5356.25
1708050300,5356,5356.25,5355.5,5356.25
1708050600,5356.25,5357.25,5356.25,5356.75
1708050900,5356.75,5357.25,5356.5,5356.75
1708051200,5356.75,5357,5356,5356.25
1708051500,5356,5357,5355.75,5357
1708051800,5356.75,5358,5356.75,5357.75
1708052100,5357.75,5358.5,5357.75,5358.25
1708052400,5358.5,5358.75,5357.5,5357.5
1708052700,5357.5,5358.25,5357.5,5357.75
1708053000,5357.75,5358,5357.5,5358
1708053300,5358,5358,5357.5,5357.75
1708053600,5357.75,5358.25,5357.5,5357.75
1708053900,5357.5,5357.75,5357.25,5357.5
1708054200,5357.25,5357.75,5357,5357.5
1708054500,5357.5,5358,5357.5,5358
1708054800,5358.25,5358.75,5358.25,5358.25
1708055100,5358.5,5358.5,5357.5,5358.25
1708055400,5358,5358.25,5357.75,5357.75
1708055700,5357.75,5358.5,5357.75,5358.25
1708056000,5358,5358.25,5357.25,5357.75
1708056300,5357.75,5358,5357.5,5358
1708056600,5358,5358.75,5358,5358.25
1708056900,5358.5,5359.25,5358.25,5359
1708057200,5359,5359,5357.75,5358
1708057500,5358,5358.5,5358,5358.5
1708057800,5358.5,5359.5,5358.5,5359.25
1708058100,5359.25,5359.25,5358.75,5359
1708058400,5359,5359.25,5358.75,5359
1708058700,5359,5359.25,5358.75,5358.75
1708059000,5358.75,5358.75,5358,5358.25
1708059300,5358,5358.25,5357.25,5357.5
1708059600,5357.5,5358.75,5357.25,5358.5
1708059900,5358.75,5358.75,5358.25,5358.25
1708060200,5358.5,5359,5358.25,5358.5
1708060500,5358.5,5358.75,5358.25,5358.25
1708060800,5358.5,5358.75,5357.75,5357.75
1708061100,5357.75,5358,5357.5,5358
1708061400,5358,5358.5,5357.5,5357.75
1708061700,5357.75,5358,5357.25,5357.75
1708062000,5357.5,5357.5,5357.25,5357.5
1708062300,5357.25,5358,5357.25,5357.75
1708062600,5357.5,5357.75,5356.75,5356.75
1708062900,5356.75,5357,5356,5356
1708063200,5356.25,5357,5356,5356.5
1708063500,5356.75,5357,5356.25,5357
1708063800,5357,5357.25,5356.75,5357.25
1708064100,5357.25,5357.5,5356.75,5357.5
1708064400,5357.25,5357.25,5356.25,5356.75
1708064700,5356.75,5357.5,5356.5,5356.75
1708065000,5356.75,5357.25,5356.5,5357.25
1708065300,5357.25,5357.5,5356.5,5357.25
1708065600,5357.5,5359.25,5357.5,5358.75
1708065900,5358.75,5359,5358.25,5358.5
1708066200,5358.25,5358.5,5358,5358.25
1708066500,5358.25,5359.75,5358,5359.75
1708066800,5359.5,5360.25,5358.5,5359.75
1708067100,5359.75,5360,5358.75,5359
1708067400,5359,5359.25,5358.5,5359
1708067700,5359,5359.25,5358.5,5358.75
1708068000,5358.75,5359.75,5358.75,5359.75
1708068300,5359.75,5360.75,5359.5,5360.25
1708068600,5360.25,5360.5,5359.75,5359.75
1708068900,5359.75,5360.25,5359,5359.75
1708069200,5360,5360.75,5359.75,5360
1708069500,5360,5360.75,5359.75,5360.5
1708069800,5360.25,5361.5,5360.25,5361
1708070100,5361.25,5362,5359.75,5360
1708070400,5360,5362,5359.75,5361.75
1708070700,5361.75,5363.25,5361.75,5362.5
1708071000,5362.75,5363.75,5362.25,5362.75
1708071300,5362.5,5364.25,5362.5,5363.75
1708071600,5363.5,5364.75,5363,5363.5
1708071900,5363.5,5365.5,5363.5,5365.25
1708072200,5365,5366.25,5365,5366
1708072500,5365.75,5366.75,5365.75,5366.5
1708072800,5366.5,5366.75,5365.25,5365.75
1708073100,5366,5366.5,5365.5,5365.75
1708073400,5365.75,5367,5365.25,5366.5
1708073700,5366.5,5366.75,5365.75,5365.75
1708074000,5365.75,5366.5,5365.5,5366.5
1708074300,5366.25,5366.5,5364.5,5364.75
1708074600,5364.5,5365.25,5364.25,5364.75
1708074900,5365,5365.5,5364.5,5365.5
1708075200,5365.75,5366.75,5365.5,5366
1708075500,5366,5369.25,5366,5369
1708075800,5369.25,5369.5,5368.25,5368.25
1708076100,5368.25,5368.5,5367.25,5367.5
1708076400,5367.5,5367.75,5367,5367.25
1708076700,5367.25,5367.25,5366.75,5367
1708077000,5366.75,5367.5,5366.75,5366.75
1708077300,5366.75,5367.25,5366.25,5367
1708077600,5367,5369,5366.75,5369
1708077900,5369,5369.25,5368.5,5369.25
1708078200,5369.5,5370.5,5369.25,5370.25
1708078500,5370.25,5370.5,5369.5,5370
1708078800,5370,5370.5,5369.5,5370
1708079100,5370.25,5371.75,5369.75,5370.5
1708079400,5370.75,5370.75,5369.75,5370.25
1708079700,5370,5371.75,5370,5371.25
1708080000,5371.25,5371.75,5371,5371.75
1708080300,5371.5,5372,5371.25,5371.5
1708080600,5371.75,5371.75,5370.25,5370.75
1708080900,5370.5,5370.75,5369.75,5370.25
1708081200,5370,5370.25,5369.25,5369.5
1708081500,5369.5,5371.25,5369.25,5371.25
1708081800,5371,5372.25,5371,5371.5
1708082100,5371.5,5371.5,5369.5,5370.25
1708082400,5370.25,5370.25,5369.25,5370
1708082700,5369.75,5370.25,5369.75,5370
1708083000,5370,5370.25,5369.25,5370.25
1708083300,5370.25,5370.75,5370,5370.5
1708083600,5370.75,5371,5370.25,5370.25
1708083900,5370.5,5370.5,5367.75,5369
1708084200,5368.75,5370,5368.75,5370
1708084500,5370,5370.25,5369.25,5369.75
1708084800,5369.75,5370,5369,5369.25
1708085100,5369.5,5369.75,5368.25,5368.5
1708085400,5368.5,5368.5,5367.25,5367.5
1708085700,5367.5,5367.75,5366.5,5366.5
1708086000,5366.5,5368.25,5366.25,5367.5
1708086300,5367.5,5368,5366.25,5366.5
1708086600,5366.75,5366.75,5365.75,5366.5
1708086900,5366.5,5366.75,5365.75,5366.5
1708087200,5366.5,5366.75,5365.25,5365.75
1708087500,5365.75,5368,5365.5,5367.25
1708087800,5367.25,5367.5,5365.75,5366
1708088100,5366,5366,5365,5365.25
1708088400,5365.5,5368.25,5365.5,5366.75
1708088700,5366.5,5367.5,5365,5367.5
1708089000,5367.5,5368.25,5367,5367.75
1708089300,5367.5,5369,5366.75,5369
1708089600,5368.75,5369,5364.75,5365.5
1708089900,5365.5,5367.25,5364.5,5364.75
1708090200,5365,5365.25,5349.25,5351
1708090500,5351,5353.5,5347.5,5350.25
1708090800,5350,5352.25,5347.5,5347.5
1708091100,5347.5,5348.75,5343,5344.75
1708091400,5345,5351.5,5344.5,5350.75
1708091700,5350.5,5355,5350.5,5354
1708092000,5354.25,5356.5,5353.75,5354
1708092300,5354,5356.5,5352,5355.5
1708092600,5355.5,5357.5,5354.25,5355.25
1708092900,5355,5356,5352.75,5353.5
1708093200,5353.5,5354.5,5352,5352.25
1708093500,5352.25,5357,5352.25,5355.75
1708093800,5356,5358.25,5348.75,5349.25
1708094100,5349.25,5352,5347,5347.75
1708094400,5347.75,5349.5,5346,5347
1708094700,5347,5349.25,5346.25,5347.25
1708095000,5347.5,5348,5334.75,5335.5
1708095300,5335.75,5337.75,5331.5,5335.25
1708095600,5335.25,5337.75,5325.75,5336.25
1708095900,5336,5339.5,5334.25,5339
1708096200,5338.75,5342.25,5338,5340.25
1708096500,5340,5343.75,5339.5,5343
1708096800,5342.75,5343,5335.5,5337.25
1708097100,5337.25,5341.75,5335.75,5341
1708097400,5341.25,5341.25,5336.75,5339
1708097700,5339,5346.75,5338,5346.75
1708098000,5346.5,5348,5344.75,5346
1708098300,5346.25,5350.25,5344.5,5344.75
1708098600,5345,5349.75,5345,5349.75
1708098900,5349.5,5350.25,5345.25,5348
1708099200,5348,5350.5,5347.75,5350
1708099500,5350.25,5352.5,5349,5352.25
1708099800,5352.25,5355,5351,5354.75
1708100100,5355,5357.5,5354,5356.5
1708100400,5356.5,5359.25,5356.25,5358.75
1708100700,5358.5,5358.75,5356.5,5357.5
1708101000,5357.5,5360.5,5357.25,5358
1708101300,5358,5358.5,5355,5358
1708101600,5358,5362.75,5357.75,5361.5
1708101900,5361.5,5362.25,5358.75,5359.75
1708102200,5360,5362.25,5358.25,5360.5
1708102500,5360.5,5363.25,5359.5,5361
1708102800,5361,5362.25,5359.75,5362
1708103100,5362,5362,5358.25,5358.75
1708103400,5358.5,5359.25,5356.25,5358.25
1708103700,5358.25,5358.5,5356.5,5357.75
1708104000,5357.75,5359.75,5356.5,5359.75
1708104300,5359.75,5361.25,5358,5361
1708104600,5361,5361.75,5359.25,5360
1708104900,5359.75,5360.5,5357,5358.5
1708105200,5358.5,5359.25,5357.25,5358.25
1708105500,5358.25,5360.25,5357.75,5359.75
1708105800,5359.75,5359.75,5357,5358.5
1708106100,5358.5,5358.75,5355.25,5357
1708106400,5357,5357.25,5349.75,5350
1708106700,5350,5351.25,5347.75,5350.25
1708107000,5350.25,5350.25,5346,5348.75
1708107300,5349,5351.25,5348.5,5349.25
1708107600,5349.25,5356.5,5349,5356.25
1708107900,5356.25,5357.5,5354.25,5355.25
1708108200,5355.25,5356.5,5354.75,5356
1708108500,5356,5358,5355.5,5357.75
1708108800,5357.75,5359.5,5356.75,5359.25
1708109100,5359.25,5360,5358.5,5358.5
1708109400,5358.5,5360.75,5358.5,5359.75
1708109700,5359.75,5362.5,5358.75,5362.5
1708110000,5362.5,5366.25,5362.5,5364.75
1708110300,5365,5366.75,5364.25,5366
1708110600,5366,5367.5,5365.25,5365.25
1708110900,5365,5366.25,5364.75,5365
1708111200,5365,5365.75,5364,5365.25
1708111500,5365.5,5366,5364,5364.75
1708111800,5365,5365.75,5361,5362.75
1708112100,5362.5,5363,5358,5359.75
1708112400,5360,5361.5,5358.25,5359
1708112700,5359,5359.25,5337.75,5343.5
1708113000,5343.5,5343.75,5338.25,5340.75
1708113300,5341,5344.5,5339.5,5344.25
1708113600,5344.25,5346.25,5341,5341.25
1708113900,5341.5,5343.75,5340.75,5342.5
1708114200,5342.5,5343.25,5338.5,5341.25
1708114500,5341.25,5343.25,5339.5,5343
1708114800,5342.75,5346,5340.5,5344.5
1708115100,5344.25,5345,5342.5,5344.25
1708115400,5344.25,5345.25,5341.5,5344.5
1708115700,5344.5,5345,5339.5,5340
1708116000,5340.25,5340.5,5333.25,5334.75
1708116300,5334.75,5336.75,5328.5,5329
1708116600,5329,5336.5,5328,5333.5
1708116900,5333.5,5335.5,5331.25,5333.5
1708117200,5333.5,5334.25,5327.25,5328.25
1708117500,5328.25,5329.25,5327,5328.75
1708117800,5328.75,5329,5327.25,5328.5
1708118100,5328.25,5329.25,5327.75,5328.75
1708118400,5329,5330.25,5328.75,5329.5
1708118700,5329.5,5330,5328.25,5329
1708119000,5328.75,5329,5326.5,5326.75
1708119300,5326.5,5327.25,5326,5326.75
1708119600,5326.75,5328,5326.5,5327.75
1708119900,5327.75,5328,5327.5,5328
1708120200,5328,5328,5327.5,5327.75
1708120500,5328,5328,5327.5,5327.5
1708297200,5329.5,5334.75,5329.25,5333.5
1708297500,5333.75,5337.75,5333.75,5336.75
1708297800,5336.75,5338.5,5336.5,5337.25
1708298100,5337.5,5337.5,5335.5,5335.5
1708298400,5335.5,5336.75,5335.25,5336.25
1708298700,5336.5,5336.75,5334.5,5334.5
1708299000,5334.75,5335,5333.75,5334.75
1708299300,5334.75,5336,5334.5,5335.5
1708299600,5335.75,5336.25,5335.25,5335.75
1708299900,5335.75,5336.75,5335.75,5336.5
1708300200,5336.75,5337.5,5336.5,5336.75
1708300500,5337,5337.5,5336.5,5337.5
1708300800,5337.5,5337.5,5336.25,5337.25
1708301100,5337,5337.25,5335.75,5336.25
1708301400,5336.25,5337.5,5335.75,5337.25
1708301700,5337.25,5338,5337.25,5337.75
1708302000,5338,5339,5337.75,5338.25
1708302300,5338.25,5339.5,5337.75,5338.5
1708302600,5338.75,5340,5338.5,5339.5
1708302900,5339.75,5340.5,5339.5,5340
1708303200,5340,5340.5,5339.75,5340
1708303500,5340,5340.5,5339.75,5340
1708303800,5340,5340.75,5340,5340.25
1708304100,5340,5340.75,5340,5340.25
1708304400,5340.5,5342.5,5340.5,5341.75
1708304700,5341.75,5342.25,5341,5341.5
1708305000,5341.75,5342,5341.25,5341.5
1708305300,5341.5,5341.5,5339.25,5339.75
1708305600,5340,5340,5338,5338
1708305900,5338,5338.75,5336.75,5337.75
1708306200,5337.5,5338,5334.75,5335.5
1708306500,5335.25,5335.5,5333.75,5334.25
1708306800,5334.25,5334.25,5332,5333
1708307100,5333,5336.25,5332.75,5336
1708307400,5336,5336.5,5335.5,5335.75
1708307700,5336,5336,5335.25,5335.25
1708308000,5335.25,5335.75,5334.5,5335
1708308300,5335,5335.25,5334.25,5334.25
1708308600,5334.25,5335.25,5334.25,5334.5
1708308900,5334.75,5335,5333.75,5334.75
1708309200,5334.75,5335.75,5334.75,5335.25
1708309500,5335.25,5336.5,5335,5335.25
1708309800,5335.5,5336,5334.5,5335
1708310100,5335.25,5335.5,5335,5335.5
1708310400,5335.5,5336,5335.5,5335.75
1708310700,5335.75,5336,5335.75,5336
1708311000,5335.75,5336.75,5335.75,5336
1708311300,5336,5336.25,5334.75,5335.5
1708311600,5335.25,5336.5,5335.25,5336
1708311900,5336.25,5337,5336.25,5337
1708312200,5337,5337,5336.25,5336.5
1708312500,5336.5,5336.75,5335.75,5336
1708312800,5336,5336.25,5335.75,5336.25
1708313100,5336,5336.25,5335,5335.25
1708313400,5335.25,5336,5335,5336
1708313700,5336,5336,5335.5,5335.75
1708314000,5336,5336.25,5334.75,5334.75
1708314300,5334.75,5336.25,5334,5335.75
1708314600,5336,5336.25,5335.25,5335.5
1708314900,5335.5,5335.5,5335,5335.25
1708315200,5335.25,5335.5,5334.75,5335.25
1708315500,5335.5,5336,5335.5,5335.5
1708315800,5335.25,5336,5334.75,5336
1708316100,5335.75,5336,5335.5,5335.5
1708316400,5335.5,5335.75,5335,5335.75
1708316700,5335.75,5335.75,5335.25,5335.5
1708317000,5335.5,5335.75,5335.25,5335.75
1708317300,5335.75,5336.5,5335.75,5336.25
1708317600,5336.25,5337,5336,5336.75
1708317900,5337,5337.5,5337,5337
1708318200,5337,5337.25,5336.5,5337.25
1708318500,5337.25,5337.25,5336.75,5337
1708318800,5337,5338.5,5337,5338.25
1708319100,5338,5338,5336.75,5336.75
1708319400,5336.75,5337,5336.25,5336.5
1708319700,5336.75,5337,5336.25,5336.5
1708320000,5336.25,5337,5335.75,5336.75
1708320300,5336.75,5337.75,5336.75,5336.75
1708320600,5337,5337.5,5336.75,5337.25
1708320900,5337.25,5337.75,5337,5337.5
1708321200,5337.75,5338.25,5337.5,5338
1708321500,5338.25,5338.5,5337.5,5338
1708321800,5338,5338.25,5337.75,5338
1708322100,5337.75,5338,5337.5,5337.5
1708322400,5337.5,5338.5,5337,5338.5
1708322700,5338.25,5338.25,5337.25,5338
1708323000,5338,5338.75,5338,5338.5
1708323300,5338.5,5339.25,5338,5338.5
1708323600,5338.5,5338.5,5337.5,5338
1708323900,5338,5339,5337.75,5338.75
1708324200,5338.75,5339.25,5338.5,5338.5
1708324500,5338.5,5339,5338.25,5339
1708324800,5338.75,5339,5338.25,5338.75
1708325100,5338.75,5338.75,5338.25,5338.5
1708325400,5338.5,5339.5,5338.5,5339.25
1708325700,5339.25,5339.5,5338.75,5339.25
1708326000,5339,5339.25,5337.5,5337.75
1708326300,5337.75,5338.25,5336.75,5337.5
1708326600,5337.25,5338,5336,5336
1708326900,5336,5336,5333.5,5334
1708327200,5334,5335.25,5333.75,5334.5
1708327500,5334.25,5335.25,5334.25,5335.25
1708327800,5335.25,5335.25,5333.5,5333.5
1708328100,5333.75,5334.75,5333.75,5334.25
1708328400,5334.25,5336.75,5334.25,5336.5
1708328700,5336.5,5336.5,5334,5334
1708329000,5334.25,5335.5,5334.25,5335.25
1708329300,5335,5335.25,5334,5334.25
1708329600,5334.5,5337.25,5334.25,5336.25
1708329900,5336.25,5337,5334.25,5335.5
1708330200,5335.5,5337.25,5335,5335.5
1708330500,5335.25,5336.25,5334.75,5336
1708330800,5336,5336.25,5331.5,5332.75
1708331100,5332.75,5336,5332,5335.75
1708331400,5335.75,5336.5,5334.75,5336.5
1708331700,5336.25,5337,5335,5336
1708332000,5336,5336.25,5335,5336
1708332300,5335.75,5337.75,5335.75,5337.25
1708332600,5337.5,5337.75,5336.5,5337
1708332900,5336.75,5336.75,5335.25,5336.5
1708333200,5336.5,5337.25,5336,5337
1708333500,5337,5337.75,5337,5337.5
1708333800,5337.75,5338,5337.25,5337.5
1708334100,5337.5,5338.5,5337.25,5337.25
1708334400,5337.25,5338,5336.75,5337
1708334700,5337,5338,5336.75,5337.25
1708335000,5337.25,5337.5,5336.75,5337
1708335300,5337,5337,5336,5337
1708335600,5336.75,5337.5,5336.75,5337.25
1708335900,5337.25,5337.75,5337,5337.75
1708336200,5337.5,5338.5,5337.5,5338.5
1708336500,5338.5,5339.25,5338.25,5338.5
1708336800,5338.5,5338.5,5337.75,5338
1708337100,5338,5338.5,5337.75,5338.25
1708337400,5338.25,5339.25,5338,5339
1708337700,5338.75,5339.25,5338.25,5338.25
1708338000,5338.5,5338.5,5337,5337
1708338300,5337,5337.25,5335.25,5336.5
1708338600,5336.5,5337.75,5336.5,5336.75
1708338900,5336.5,5337.25,5336,5336
1708339200,5335.75,5336.75,5335.5,5336.5
1708339500,5336.5,5337.5,5336.25,5336.75
1708339800,5336.75,5336.75,5336,5336.25
1708340100,5336.25,5337.25,5335.75,5337
1708340400,5336.75,5338,5336.5,5337.75
1708340700,5338,5338.5,5337,5337.75
1708341000,5337.75,5338,5337,5337
1708341300,5337.25,5337.5,5336.5,5336.5
1708341600,5336.5,5337.25,5336,5337
1708341900,5337,5337,5335.25,5336.25
1708342200,5336,5337,5336,5336.5
1708342500,5336.75,5336.75,5335.5,5336.5
1708342800,5336.5,5338,5336.5,5337
1708343100,5337,5337.5,5336,5336
1708343400,5336,5336.25,5334,5334.5
1708343700,5334.5,5335.25,5334,5334.75
1708344000,5335,5336,5334.5,5335.75
1708344300,5335.5,5336.25,5335,5335.25
1708344600,5335.25,5335.75,5334.5,5335.5
1708344900,5335.5,5336,5335.25,5335.75
1708345200,5335.75,5336.25,5334.5,5334.5
1708345500,5334.5,5335,5334.25,5335
1708345800,5335,5335.5,5334.25,5335.25
1708346100,5335.25,5335.75,5334.75,5335.75
1708346400,5335.5,5336.25,5335.5,5336
1708346700,5336.25,5336.25,5335.25,5336
1708347000,5336.25,5336.5,5335,5335.75
1708347300,5336,5336.5,5335.5,5336.25
1708347600,5336,5336.25,5334.75,5335
1708347900,5335,5336,5334.25,5335.75
1708348200,5336,5337,5335.75,5337
1708348500,5337,5337.75,5336.75,5337.25
1708348800,5337.5,5338.25,5337,5338
1708349100,5338.25,5338.5,5337.75,5338
1708349400,5338,5338.5,5338,5338.25
1708349700,5338.5,5338.5,5337.5,5337.5
1708350000,5337.5,5337.5,5336.25,5336.75
1708350300,5336.5,5337.25,5336.5,5336.75
1708350600,5336.75,5337.25,5336.5,5337
1708350900,5337.25,5337.75,5336.5,5337.75
1708351200,5337.75,5338.25,5337,5337
1708351500,5336.75,5337.25,5336.75,5336.75
1708351800,5336.75,5338,5336.75,5337.75
1708352100,5337.75,5338.5,5337.75,5338.25
1708352400,5338.25,5339,5338,5338.5
1708352700,5338.75,5339,5338.25,5338.75
1708353000,5338.75,5340.25,5338.5,5339.25
1708353300,5339.5,5340.75,5339,5340
1708353600,5340.25,5341.5,5340.25,5341.25
1708353900,5341.25,5341.75,5340.25,5341.75
1708354200,5341.75,5341.75,5340.5,5340.5
1708354500,5340.5,5341,5340.25,5340.5
1708354800,5340.75,5341.25,5339.75,5341
1708355100,5341,5341,5339.75,5340.5
1708355400,5340.5,5340.5,5339.5,5339.5
1708355700,5339.75,5339.75,5338.25,5338.5
1708356000,5338.5,5338.5,5338,5338.25
1708356300,5338,5338.75,5337.5,5338.5
1708356600,5338.75,5338.75,5338,5338.5
1708356900,5338.25,5339.25,5338,5339.25
1708357200,5339.25,5339.25,5337.5,5337.75
1708357500,5337.5,5338,5336.5,5336.5
1708357800,5336.5,5337,5336.25,5336.5
1708358100,5336.75,5337,5336.5,5336.75
1708358400,5336.75,5337.75,5336.5,5337.5
1708358700,5337.75,5337.75,5336,5336.25
1708359000,5336.25,5337,5336.25,5336.5
1708359300,5336.5,5337.5,5336.5,5336.75
1708359600,5337,5337.5,5337,5337
1708359900,5337.25,5337.25,5336.75,5336.75
1708360200,5337,5337.5,5336.75,5337.25
1708360500,5337,5338,5336.5,5337.5
1708360800,5337.5,5337.75,5337,5337.25
1708361100,5337.5,5338,5337.25,5337.75
1708361400,5337.75,5337.75,5337.25,5337.5
1708361700,5337.75,5338.25,5337.75,5338.25
1708362000,5338.25,5338.5,5337.5,5337.75
1708362300,5337.5,5337.75,5337,5337
1708362600,5337,5337.5,5337,5337.25
1708362900,5337.25,5337.75,5337,5337.25
1708363200,5337.25,5337.25,5336.5,5336.75
1708363500,5337,5337.5,5336.75,5337.5
1708363800,5337.75,5338.5,5337.75,5338
1708364100,5338.25,5338.25,5337.5,5338
1708364400,5338,5338.5,5337.75,5338
1708364700,5338.25,5339,5338.25,5338.75
1708365000,5339,5339,5338.5,5339
1708365300,5339,5339.25,5337.25,5337.5
1708383600,5337.5,5337.75,5335.75,5337
1708383900,5337,5337,5335.75,5336.5
1708384200,5336.5,5336.5,5331.5,5332.75
1708384500,5332.75,5332.75,5331.25,5332.5
1708384800,5332.25,5332.5,5331.5,5332.25
1708385100,5332.25,5332.25,5330.25,5330.75
1708385400,5331,5331.5,5328.75,5329
1708385700,5329,5330,5328.5,5329.25
1708386000,5329,5330,5327.75,5329.75
1708386300,5329.75,5329.75,5328.25,5329
1708386600,5328.75,5328.75,5326.25,5327.25
1708386900,5327.5,5328.75,5327.25,5328.5
1708387200,5328.5,5328.75,5326.75,5327.5
1708387500,5327.5,5328,5326.5,5327.5
1708387800,5327.5,5328.5,5327.25,5327.25
1708388100,5327.5,5328.25,5327.5,5327.75
1708388400,5327.75,5328,5324.25,5325
1708388700,5325,5326.5,5324.25,5326.25
1708389000,5326.25,5328,5326.25,5327
1708389300,5327,5327.25,5326.25,5326.75
1708389600,5326.75,5327.25,5325.5,5326.25
1708389900,5326.5,5326.75,5326,5326.25
1708390200,5326,5326.75,5326,5326.25
1708390500,5326.5,5327.75,5326.5,5327.75
1708390800,5327.75,5327.75,5327,5327.5
1708391100,5327.5,5327.75,5326.5,5326.75
1708391400,5326.75,5327.5,5326.5,5326.75
1708391700,5326.75,5328.75,5326.5,5328.75
1708392000,5329,5330,5329,5329.5
1708392300,5329.5,5330.75,5329,5330.5
1708392600,5330.5,5330.5,5327,5327
1708392900,5326.75,5327.5,5326.25,5326.5
1708393200,5326.5,5326.5,5324.25,5325
1708393500,5325,5325.25,5320,5321
1708393800,5321,5321,5318.75,5320.25
1708394100,5320.5,5320.5,5315.75,5316.25
1708394400,5316.25,5316.75,5314.25,5316
1708394700,5316,5317.25,5314.5,5316.75
1708395000,5316.75,5319,5316.25,5318.5
1708395300,5318.5,5318.75,5317.25,5318
1708395600,5318,5318.25,5315.5,5316.25
1708395900,5316.25,5317,5316,5316.5
1708396200,5316.25,5317.75,5316.25,5317.25
1708396500,5317.5,5317.75,5317,5317.25
1708396800,5317.5,5318.75,5317,5318.75
1708397100,5318.5,5318.75,5316.75,5317
1708397400,5317.25,5317.75,5317,5317.5
1708397700,5317.5,5318,5317,5317.5
1708398000,5317.75,5318.25,5317,5317.5
1708398300,5317.5,5318,5317.25,5317.25
1708398600,5317.25,5317.25,5316.25,5316.25
1708398900,5316.5,5317.25,5316.25,5317
1708399200,5317,5317.25,5316,5316.25
1708399500,5316.5,5317,5316,5317
1708399800,5317,5317.75,5316.5,5317.5
1708400100,5317.25,5317.5,5316.75,5317
1708400400,5317,5317,5316.5,5316.5
1708400700,5316.5,5316.75,5316,5316.5
1708401000,5316.75,5317.75,5316.5,5317.5
1708401300,5317.5,5317.75,5317,5317.25
1708401600,5317.5,5317.75,5317.25,5317.75
1708401900,5317.75,5318.5,5317.75,5318.25
1708402200,5318.5,5319.25,5317.75,5319.25
1708402500,5319.25,5320.75,5319,5319.5
1708402800,5319.25,5319.25,5318,5318
1708403100,5318,5318,5316.75,5318
1708403400,5317.75,5318.25,5317.5,5318.25
1708403700,5318,5318.5,5318,5318
1708404000,5318,5318.25,5317.5,5318
1708404300,5318,5318.25,5317.5,5317.5
1708404600,5317.5,5318.75,5317.5,5318.5
1708404900,5318.5,5318.5,5317.5,5318
1708405200,5318,5319,5318,5318.75
1708405500,5318.75,5319.25,5318.25,5318.5
1708405800,5318.5,5318.75,5317.5,5317.5
1708406100,5317.5,5318.75,5317.5,5318
1708406400,5318.25,5318.5,5318,5318.25
1708406700,5318,5318.25,5317.5,5317.75
1708407000,5318,5318.5,5316.5,5316.75
1708407300,5316.75,5317,5315.25,5316.5
1708407600,5316.75,5317.5,5316.5,5316.75
1708407900,5317,5318.25,5316.75,5318
1708408200,5318,5319,5318,5318.5
1708408500,5318.5,5319,5318,5319
1708408800,5318.75,5319.5,5318.5,5318.5
1708409100,5318.5,5320,5318.5,5319.75
1708409400,5319.5,5320.25,5319.25,5320.25
1708409700,5320,5322,5320,5321.25
1708410000,5321.25,5321.75,5320.75,5321
1708410300,5321,5322.25,5321,5322
1708410600,5322,5323.25,5321.75,5322
1708410900,5322,5322,5321.25,5321.75
1708411200,5322,5322.25,5321.75,5321.75
1708411500,5321.75,5321.75,5320.5,5320.75
1708411800,5320.5,5321,5319.75,5320.75
1708412100,5320.75,5321.25,5320.25,5320.75
1708412400,5321,5321.5,5320.25,5320.75
1708412700,5320.75,5321.25,5319.25,5320.25
1708413000,5320.25,5322.5,5320.25,5322.25
1708413300,5322.25,5324.75,5322.25,5324.25
1708413600,5324.25,5324.75,5322.5,5323
1708413900,5323.25,5324,5321.75,5321.75
1708414200,5321.75,5322.75,5321.25,5321.5
1708414500,5321.5,5322.5,5321,5322.25
1708414800,5322,5323,5321.25,5322
1708415100,5322,5323,5322,5322.75
1708415400,5322.5,5325,5322.5,5324.75
1708415700,5324.75,5325,5323.25,5323.5
1708416000,5323.25,5324.75,5322.5,5324.75
1708416300,5324.75,5325.25,5322.25,5322.25
1708416600,5322.5,5323,5320.75,5322.75
1708416900,5322.75,5323.25,5318.75,5319.25
1708417200,5319,5319,5312.75,5314.75
1708417500,5314.25,5315.75,5312.75,5315.5
1708417800,5315.5,5316.5,5314.25,5316.5
1708418100,5316.5,5319.5,5316,5319.5
1708418400,5319.5,5320,5318.25,5318.5
1708418700,5318.5,5320.75,5318.5,5320.25
1708419000,5320.25,5320.5,5318.75,5320
1708419300,5320,5321.25,5320,5320.5
1708419600,5320.5,5323.75,5320.25,5322.25
1708419900,5322.25,5323.25,5321.5,5321.75
1708420200,5321.5,5323,5321.25,5322
1708420500,5322,5325.25,5322,5323.25
1708420800,5323,5323.75,5320,5320
1708421100,5320,5320,5317.5,5317.75
1708421400,5318,5318.25,5316.25,5316.25
1708421700,5316.25,5317.25,5315,5317.25
1708422000,5317,5318.5,5316.75,5318.25
1708422300,5318,5319.25,5317.5,5318.25
1708422600,5318.25,5319.5,5317.75,5319.25
1708422900,5319.25,5320.25,5318,5318
1708423200,5318,5318.25,5314,5314.5
1708423500,5314.25,5314.5,5310.5,5311.25
1708423800,5311.25,5314.75,5310.75,5313
1708424100,5312.75,5313.5,5311.5,5312.75
1708424400,5313,5313.5,5310.5,5311.25
1708424700,5311.25,5314.25,5311,5312.75
1708425000,5312.75,5313.25,5312,5312.5
1708425300,5312.5,5315.25,5312.25,5315.25
1708425600,5315.25,5315.5,5313.5,5313.75
1708425900,5314,5315,5313.5,5314.75
1708426200,5314.75,5315.25,5312.75,5313
1708426500,5313,5314.25,5311.5,5312.75
1708426800,5312.75,5313.25,5307.25,5309.25
1708427100,5309.25,5311.25,5309.25,5310.75
1708427400,5310.75,5313,5310.25,5312
1708427700,5312,5312.25,5310.5,5311
1708428000,5311,5313,5310.5,5311
1708428300,5311.25,5312.25,5311.25,5312
1708428600,5311.75,5314.5,5311.75,5312.5
1708428900,5312.5,5314.25,5311.75,5314
1708429200,5314,5315.75,5314,5314.5
1708429500,5314.5,5316.25,5314.25,5316
1708429800,5316.25,5316.25,5315,5316
1708430100,5316,5317.25,5315.25,5317
1708430400,5316.75,5318.25,5313.75,5317.25
1708430700,5317.25,5318.25,5316.75,5318
1708431000,5318.25,5320,5318.25,5319.75
1708431300,5319.75,5319.75,5317,5317.5
1708431600,5317.75,5319.75,5317.5,5319
1708431900,5319.25,5320.25,5319,5320.25
1708432200,5320,5320.25,5319,5319.25
1708432500,5319.25,5320.5,5319,5319.75
1708432800,5319.75,5319.75,5318,5318
1708433100,5318.25,5318.25,5315,5315.75
1708433400,5315.75,5317.5,5315,5316.5
1708433700,5316.5,5317.25,5315.75,5316.75
1708434000,5316.75,5317.75,5316.25,5316.25
1708434300,5316,5317.75,5315.25,5316
1708434600,5315.75,5319.5,5315.75,5319.5
1708434900,5319.25,5319.5,5315.5,5315.75
1708435200,5316,5316,5313.25,5314.5
1708435500,5314.75,5316.25,5314.25,5315.5
1708435800,5315.5,5317.5,5314,5314.25
1708436100,5314.25,5316.75,5312.5,5316.25
1708436400,5316,5320.5,5316,5318.75
1708436700,5318.75,5319.25,5316.5,5317
1708437000,5317,5317.5,5314.25,5317.25
1708437300,5317.5,5317.5,5314.5,5315.5
1708437600,5315.5,5316,5313.75,5314.75
1708437900,5314.75,5315.5,5313.25,5314
1708438200,5313.75,5315.75,5313.75,5315.5
1708438500,5315.5,5317,5315.25,5315.25
1708438800,5315,5315.75,5312.75,5314.25
1708439100,5314,5315,5311.75,5314.75
1708439400,5314.75,5322.25,5313.5,5319.5
1708439700,5319.5,5320.75,5309.5,5310.25
1708440000,5310.5,5310.75,5302,5304.5
1708440300,5304.5,5306.5,5302.5,5304
1708440600,5304.25,5305.25,5299,5304.5
1708440900,5304.5,5308,5304,5304.25
1708441200,5304.25,5305,5299,5301
1708441500,5300.75,5303.5,5300.75,5301.25
1708441800,5301.25,5302.75,5296,5297
1708442100,5296.75,5302,5296.25,5299.25
1708442400,5299,5301.25,5297.5,5299.75
1708442700,5299.75,5304.25,5297.5,5299.75
1708443000,5299.5,5300,5295,5296.5
1708443300,5296.5,5298.75,5296.25,5298.25
1708443600,5298,5302.5,5297.75,5299.75
1708443900,5299.75,5304.25,5299.75,5303.25
1708444200,5303.25,5307.5,5303,5305.25
1708444500,5305.25,5307.75,5304.5,5307.75
1708444800,5307.5,5310.5,5306.5,5308.25
1708445100,5308.25,5309.25,5305.25,5305.5
1708445400,5305.5,5306.5,5303.75,5304.75
1708445700,5304.5,5308,5304.5,5305.25
1708446000,5305.25,5306.5,5303,5306.25
1708446300,5306.25,5307.25,5304.5,5306.75
1708446600,5306.75,5307.25,5299.25,5300.5
1708446900,5300.5,5302.25,5298.5,5300.75
1708447200,5300.75,5302.5,5299.5,5302
1708447500,5302.25,5303.25,5301,5301
1708447800,5301,5302,5299.5,5299.5
1708448100,5299.5,5299.75,5294,5294.75
1708448400,5295,5295.25,5288.75,5289.75
1708448700,5289.75,5290.75,5288.75,5289.75
1708449000,5289.5,5291.75,5288,5288.75
1708449300,5288.75,5289,5285,5286.5
1708449600,5286.25,5288.75,5285.25,5285.5
1708449900,5285.75,5288.5,5285.25,5288
1708450200,5288,5292.25,5287.25,5291.75
1708450500,5291.75,5292,5281.25,5282.75
1708450800,5282.75,5290.75,5282.75,5290.25
1708451100,5290,5292,5288.5,5288.75
1708451400,5288.5,5292.75,5286.75,5291.75
1708451700,5291.75,5293.5,5290.25,5292.25
1708452000,5292,5293.5,5289.25,5290
1708452300,5290,5292.5,5288.75,5291.5
1708452600,5291.25,5292.75,5290.25,5291.5
1708452900,5291.5,5292.75,5286.25,5292.75
1708453200,5292.75,5297,5292,5295.5
1708453500,5295.5,5295.75,5287.25,5289.25
1708453800,5289.25,5289.75,5284.75,5287.75
1708454100,5287.5,5289,5285.5,5288.5
1708454400,5288.5,5293.75,5287.75,5293.25
1708454700,5293.25,5294.75,5292.25,5292.75
1708455000,5293,5296,5292,5293
1708455300,5293.25,5296.75,5292.75,5296.5
1708455600,5296.5,5297.25,5292,5292.25
1708455900,5292.5,5295.5,5292,5295
1708456200,5295,5295.75,5293,5294
1708456500,5294.25,5298.25,5289.5,5297.75
1708456800,5297.75,5297.75,5291.25,5293
1708457100,5293,5297.75,5291.5,5297.75
1708457400,5297.5,5298.5,5294.25,5295.25
1708457700,5295.25,5297.25,5294.75,5296.75
1708458000,5296.75,5300.5,5296.25,5298.25
1708458300,5298,5304.5,5298,5304.5
1708458600,5304.25,5305.75,5301.75,5302.25
1708458900,5302.25,5305.5,5302.25,5304.75
1708459200,5305,5306,5300.25,5301.75
1708459500,5301.75,5305.5,5301.5,5305
1708459800,5305.25,5306.5,5302.5,5302.75
1708460100,5302.75,5305,5301.25,5301.5
1708460400,5301.75,5304.5,5300,5301.75
1708460700,5301.75,5306.25,5301.5,5304.75
1708461000,5304.75,5306,5289.5,5291.5
1708461300,5291.25,5296.5,5288.5,5292.75
1708461600,5292.5,5297,5292,5296
1708461900,5296,5300.25,5295.25,5297.5
1708462200,5297.75,5299.5,5295,5298.5
1708462500,5298.5,5306.5,5295.5,5305.5
1708462800,5305.5,5306,5301.25,5301.75
1708463100,5301.75,5302,5299.75,5300.5
1708463400,5300.5,5301,5299.5,5300
1708463700,5299.75,5300.25,5299.25,5300
1708464000,5300,5301.75,5299.75,5301.5
1708464300,5301.5,5302.25,5301.5,5302.25
1708464600,5302,5303.5,5301.75,5303
1708464900,5303,5304.25,5302.75,5304
1708465200,5304,5305,5303.75,5304.5
1708465500,5304.25,5304.75,5303.75,5304.25
1708465800,5304.25,5304.5,5303.5,5303.5
1708466100,5303.5,5303.75,5301.5,5302.5
1708470000,5303,5303.25,5300,5301.25
1708470300,5301.25,5301.5,5301,5301.5
1708470600,5301.5,5304.75,5301.25,5302.5
1708470900,5302.5,5305.25,5302.5,5304.5
1708471200,5304.5,5305.75,5304,5305.5
1708471500,5305.5,5306.25,5305,5306
1708471800,5306,5306.25,5303.75,5304
1708472100,5304,5304.5,5302.5,5302.5
1708472400,5302.5,5302.75,5301.75,5302
1708472700,5302.25,5302.25,5300.75,5301
1708473000,5301,5302,5300.75,5301.5
1708473300,5301.5,5302.25,5301.25,5301.5
1708473600,5301.5,5302,5300.25,5301.5
1708473900,5301.5,5303.5,5301.5,5302.25
1708474200,5302.25,5303,5302.25,5302.75
1708474500,5302.75,5303,5302,5302
1708474800,5302,5303.5,5301.25,5303.25
1708475100,5303.25,5304,5302.75,5302.75
1708475400,5303,5303,5301.5,5302
1708475700,5301.75,5301.75,5301.25,5301.5
1708476000,5301.5,5301.75,5300.75,5301
1708476300,5301.25,5301.25,5300.5,5300.75
1708476600,5300.5,5301,5299.5,5300
1708476900,5300,5300,5297.75,5298
1708477200,5298,5298,5295.5,5297
1708477500,5297,5297.25,5295.5,5296.25
1708477800,5296,5296.5,5294.5,5295.25
1708478100,5295,5296.25,5294.5,5295.75
1708478400,5295.5,5295.75,5295,5295.75
1708478700,5295.75,5296.25,5295.25,5296
1708479000,5296,5296.25,5294,5295
1708479300,5294.75,5297,5294.75,5296.75
1708479600,5296.75,5298.25,5296.25,5298
1708479900,5298,5298,5296.75,5296.75
1708480200,5296.75,5297.25,5296.25,5296.5
1708480500,5296.25,5297.75,5296.25,5297.5
1708480800,5297.75,5298.75,5297.5,5298.25
1708481100,5298.25,5298.25,5297.5,5297.5
1708481400,5297.5,5297.75,5296.75,5297
1708481700,5297,5298.25,5297,5297.75
1708482000,5297.75,5297.75,5296.75,5297.5
1708482300,5297.25,5297.75,5296.25,5297
1708482600,5296.75,5297.25,5296.25,5296.5
1708482900,5296.5,5296.5,5294.5,5294.75
1708483200,5294.75,5296.5,5294.75,5296.25
1708483500,5296.25,5297,5296.25,5296.5
1708483800,5296.5,5296.75,5295.5,5296
1708484100,5296,5296.5,5295.25,5296.25
1708484400,5296.25,5296.75,5295.75,5295.75
1708484700,5295.75,5296.5,5295.5,5296
1708485000,5296,5296.75,5295.75,5296
1708485300,5295.75,5296.25,5295.75,5295.75
1708485600,5296,5296,5295,5295
1708485900,5294.75,5295.25,5294.75,5295
1708486200,5295,5296,5295,5296
1708486500,5296,5296.25,5295.75,5296.25
1708486800,5296.25,5297,5296.25,5296.75
1708487100,5296.75,5296.75,5296.25,5296.75
1708487400,5296.75,5297.25,5296.5,5297
1708487700,5297,5298,5297,5297.5
1708488000,5297.75,5297.75,5297.5,5297.5
1708488300,5297.75,5298,5297,5297.5
1708488600,5297.5,5298,5297.5,5298
1708488900,5298,5298.25,5297.5,5298.25
1708489200,5298.25,5298.5,5298,5298.25
1708489500,5298,5298.5,5297.75,5298.5
1708489800,5298.5,5298.75,5298,5298.25
1708490100,5298.25,5298.25,5297.75,5298.25
1708490400,5298,5298.5,5298,5298.25
1708490700,5298.25,5298.5,5297.75,5298.25
1708491000,5298.25,5298.25,5297.5,5297.5
1708491300,5297.75,5298,5297.5,5297.75
1708491600,5297.75,5298.75,5297.75,5298.5
1708491900,5298.25,5298.75,5298.25,5298.5
1708492200,5298.5,5298.5,5297.75,5297.75
1708492500,5297.5,5298,5297.25,5297.5
1708492800,5297.5,5297.75,5296.25,5296.5
1708493100,5296.25,5297.5,5296.25,5297.5
1708493400,5297.5,5299,5297.25,5297.25
1708493700,5297.25,5299,5297,5299
1708494000,5299,5299.25,5298.25,5299
1708494300,5299.25,5299.25,5298.75,5298.75
1708494600,5298.75,5299.25,5298.5,5299
1708494900,5298.75,5299,5298.5,5298.75
1708495200,5298.75,5301,5298.75,5300.75
1708495500,5300.75,5301.25,5300,5300
1708495800,5300.25,5300.25,5298.75,5299
1708496100,5299,5300.5,5298.25,5300
1708496400,5299.75,5300.5,5299,5299.75
1708496700,5299.75,5299.75,5298.25,5299.25
1708497000,5299.25,5300.25,5299,5300
1708497300,5300,5301.25,5300,5301.25
1708497600,5301.25,5301.5,5300.75,5301.5
1708497900,5301.25,5301.25,5300.25,5300.5
1708498200,5300.5,5302.5,5300,5302.25
1708498500,5302.25,5302.5,5301.25,5302
1708498800,5302.25,5302.5,5300.25,5300.75
1708499100,5301,5301.5,5300.25,5300.5
1708499400,5300.5,5301,5300,5300
1708499700,5299.75,5301,5299.5,5300.5
1708500000,5300.75,5301,5300.25,5300.5
1708500300,5300.75,5302.25,5300.75,5302
1708500600,5302,5302.5,5301.5,5301.5
1708500900,5301.5,5301.5,5300.75,5300.75
1708501200,5301,5301.75,5300.75,5300.75
1708501500,5300.75,5301.25,5300,5300.25
1708501800,5300,5300.5,5299.75,5300.25
1708502100,5300,5300.75,5299.5,5299.75
1708502400,5299.5,5299.75,5297.5,5298.75
1708502700,5299,5300.25,5298.5,5299
1708503000,5299,5299,5295.5,5296.25
1708503300,5296,5296.25,5293.25,5294.25
1708503600,5294.25,5295.5,5292.5,5293.25
1708503900,5293.25,5294,5291,5291.25
1708504200,5291.25,5293.5,5290.5,5293.5
1708504500,5293.25,5293.75,5291.5,5291.75
1708504800,5291.75,5293.5,5291,5292.5
1708505100,5292.25,5294.5,5291.5,5293.25
1708505400,5293.25,5294.5,5292,5292
1708505700,5292,5292,5289,5289.5
1708506000,5289.5,5292,5289,5291.25
1708506300,5291,5294.5,5290.5,5291.75
1708506600,5292,5292.25,5290.5,5291.25
1708506900,5291,5292,5290.5,5291.5
1708507200,5291.5,5293.25,5291.25,5292.5
1708507500,5292.25,5292.75,5290.25,5290.75
1708507800,5291,5293.25,5290.25,5293
1708508100,5293,5294.25,5292.75,5293.75
1708508400,5293.75,5294.5,5293.5,5294
1708508700,5293.75,5294,5291.5,5292.75
1708509000,5292.5,5293.25,5291.75,5292.75
1708509300,5293,5293.25,5291.75,5293
1708509600,5292.75,5293.25,5292,5292.5
1708509900,5292.5,5293.25,5292.25,5292.25
1708510200,5292.25,5293.75,5292.25,5293.75
1708510500,5293.75,5295.25,5293.25,5295
1708510800,5295,5296.75,5295,5296.25
1708511100,5296.25,5297.5,5296.25,5296.5
1708511400,5296.25,5296.5,5293.75,5294.25
1708511700,5294,5294.75,5293.25,5293.5
1708512000,5293.5,5294.5,5293,5294.25
1708512300,5294.25,5295,5293.75,5294.75
1708512600,5295,5296.75,5295,5296.75
1708512900,5296.75,5297,5295.25,5295.5
1708513200,5295.25,5296.25,5294.75,5295.5
1708513500,5295.5,5296,5294.5,5294.75
1708513800,5294.5,5295.5,5291.5,5292.25
1708514100,5292.25,5293.75,5292.25,5292.25
1708514400,5292.5,5292.5,5291.25,5292
1708514700,5292,5293.25,5292,5292.5
1708515000,5292.25,5293,5292,5292.5
1708515300,5292.5,5293.5,5291,5293.25
1708515600,5293.25,5293.5,5291,5291.25
1708515900,5291.5,5293.75,5291.5,5291.5
1708516200,5291.5,5293.5,5291.5,5293.5
1708516500,5293.25,5293.75,5292.5,5293.75
1708516800,5293.5,5294.25,5292.5,5293
1708517100,5293,5293.25,5289.5,5291.75
1708517400,5291.5,5295.5,5291.5,5295.25
1708517700,5295.25,5297.25,5295.25,5295.75
1708518000,5295.75,5296,5293.5,5295
1708518300,5294.75,5296,5294.5,5294.75
1708518600,5294.5,5295,5292.75,5293.75
1708518900,5293.75,5293.75,5291.25,5292.25
1708519200,5292.25,5293.25,5291.5,5292.25
1708519500,5292.25,5293,5289,5289
1708519800,5289,5289.5,5287.25,5288
1708520100,5288,5289,5287.25,5288.5
1708520400,5288.5,5291.5,5288.5,5291.5
1708520700,5291.25,5291.75,5289.75,5290.5
1708521000,5290.25,5291,5289.5,5289.75
1708521300,5289.75,5291.5,5289.5,5290.25
1708521600,5290,5290.25,5288,5288.75
1708521900,5288.5,5290,5287,5287.5
1708522200,5287.5,5288,5286,5287
1708522500,5286.75,5289.25,5286.5,5288.75
1708522800,5289,5290.5,5287.75,5290.25
1708523100,5290.25,5290.25,5287.25,5289.75
1708523400,5289.75,5290.5,5287.75,5290
1708523700,5290,5291.5,5289.5,5291.5
1708524000,5291.5,5292.75,5290.25,5292.5
1708524300,5292.5,5293.75,5291.75,5292.75
1708524600,5292.75,5293.75,5292.25,5293.25
1708524900,5293.25,5293.25,5290.75,5292.25
1708525200,5292,5292,5290,5290
1708525500,5290.25,5292.25,5288.75,5291.25
1708525800,5291,5293,5287.25,5289.5
1708526100,5289.25,5293.75,5288.5,5292.5
1708526400,5292.5,5293.5,5288.25,5288.75
1708526700,5288.75,5290.5,5286,5288.25
1708527000,5288.25,5291,5287.25,5289
1708527300,5289.25,5291.25,5288.25,5289.75
1708527600,5289.5,5297.75,5288.75,5297
1708527900,5296.75,5297,5293.5,5295.5
1708528200,5295.5,5296.5,5293.25,5293.5
1708528500,5293.5,5297.25,5292.75,5295
1708528800,5295,5296.5,5294,5295
1708529100,5295.25,5295.5,5290.25,5290.75
1708529400,5290.75,5291.25,5287.5,5288.75
1708529700,5289,5291.75,5288,5290.5
1708530000,5290.75,5292.25,5288,5288.75
1708530300,5288.75,5292,5287.25,5291.25
1708530600,5291.5,5292,5289.75,5290.75
1708530900,5290.75,5292,5289.25,5289.75
1708531200,5289.5,5293,5289.5,5290.75
1708531500,5290.5,5296.75,5289.5,5295.5
1708531800,5295.75,5299.5,5294.75,5299.25
1708532100,5299.25,5300,5296.25,5298.25
1708532400,5298.25,5299,5297.5,5298
1708532700,5298,5298,5294.25,5295
1708533000,5294.75,5295.75,5293,5294
1708533300,5294.25,5295.75,5291.75,5294
1708533600,5294,5295.25,5292.5,5295
1708533900,5295,5295.25,5292.5,5294.75
1708534200,5295,5297.25,5295,5297
1708534500,5297,5298.25,5296.25,5296.75
1708534800,5296.75,5297.5,5292.75,5293
1708535100,5293,5293,5287.25,5289
1708535400,5289.25,5289.5,5285.75,5287.75
1708535700,5287.75,5289.75,5286.5,5289.5
1708536000,5289.5,5290.75,5287.75,5289.5
1708536300,5289.5,5289.5,5287,5287.5
1708536600,5287.75,5288.75,5286.25,5287
1708536900,5286.75,5288.75,5286.25,5288.5
1708537200,5288.25,5288.75,5283,5285
1708537500,5285,5290,5284.75,5289.75
1708537800,5289.75,5292.25,5289.25,5291.75
1708538100,5292,5293.25,5290.5,5292.25
1708538400,5292.25,5293,5280.75,5286
1708538700,5285.75,5288.75,5284,5288.5
1708539000,5288.25,5292.5,5288.25,5291
1708539300,5291,5294.5,5291,5292.5
1708539600,5292.5,5293,5289.75,5292
1708539900,5292.25,5292.25,5288.5,5289.75
1708540200,5290,5291.75,5287.75,5289
1708540500,5289.25,5292,5289.25,5290.25
1708540800,5290.5,5291.75,5288.75,5290.25
1708541100,5290.25,5292.5,5290.25,5292
1708541400,5292,5292.5,5289.25,5289.75
1708541700,5289.75,5292,5288.75,5290
1708542000,5290,5297.75,5284.25,5293.25
1708542300,5293.25,5295.75,5291.5,5294.25
1708542600,5294,5295.25,5290.5,5290.75
1708542900,5290.5,5294,5287.5,5288.75
1708543200,5288.75,5290.75,5282.75,5282.75
1708543500,5283,5285.75,5279.25,5284
1708543800,5283.75,5284.75,5280.5,5281.75
1708544100,5281.75,5283,5277,5279.25
1708544400,5279,5279.25,5275.75,5276.75
1708544700,5276.75,5280.75,5275.75,5280.5
1708545000,5280.5,5281.75,5279.5,5281.25
1708545300,5281.25,5284,5280.75,5282.75
1708545600,5282.5,5283.5,5279.5,5279.75
1708545900,5279.75,5280.25,5277.25,5278
1708546200,5278,5278.75,5276,5278
1708546500,5278,5281,5274.25,5276.75
1708546800,5276.75,5277.5,5272,5276.25
1708547100,5276.25,5282,5276.25,5281.25
1708547400,5281.25,5288.75,5280.75,5288
1708547700,5288.25,5297.75,5287.75,5295.75
1708548000,5296,5301.5,5295.75,5298.25
1708548300,5298,5299.5,5295.5,5298.5
1708548600,5298.75,5306.25,5298.25,5305.5
1708548900,5305.5,5311.25,5305.5,5308.75
1708549200,5308.75,5310.75,5305.25,5307.5
1708549500,5307.5,5307.75,5305,5305
1708549800,5305.25,5306.75,5303.5,5306
1708550100,5306,5308.25,5305.75,5306.5
1708550400,5306.25,5327.25,5286.25,5308
1708550700,5308.25,5329.25,5305.25,5327
1708551000,5327,5333.5,5325,5326.5
1708551300,5326.5,5327.75,5321.25,5327.5
1708551600,5327.25,5329.5,5325.75,5327.5
1708551900,5327.5,5330.5,5326.75,5328.25
1708552200,5328.25,5330,5326.25,5328.75
1708552500,5328.5,5333,5327,5331.75
1708556400,5329,5336,5328.5,5331
1708556700,5331.25,5331.25,5329.25,5330.25
1708557000,5330.5,5332.25,5329.75,5331.25
1708557300,5331.5,5335,5331,5334.75
1708557600,5334.75,5335,5333.5,5334.75
1708557900,5334.75,5334.75,5332.5,5332.75
1708558200,5332.5,5333,5330.25,5330.25
1708558500,5330.25,5331,5328.25,5329
1708558800,5329,5333,5328.75,5332
1708559100,5332,5333.75,5331.75,5333.5
1708559400,5333.25,5333.5,5332.25,5333
1708559700,5333,5335,5332.5,5334.5
1708560000,5334.5,5338.25,5333.75,5336.75
1708560300,5337,5339.75,5336.75,5339.5
1708560600,5339.5,5340,5337.75,5339.5
1708560900,5339.25,5342,5337.75,5341.5
1708561200,5341.25,5341.75,5340.75,5341.25
1708561500,5341.25,5342,5340,5341
1708561800,5341.25,5341.25,5339.5,5340.25
1708562100,5340.25,5343.25,5340,5343
1708562400,5343,5344,5342.5,5343.75
1708562700,5343.5,5346.75,5343.25,5346
1708563000,5346,5349,5345.75,5346.75
1708563300,5347,5348,5345.5,5346
1708563600,5346.25,5347,5345,5345.25
1708563900,5345.25,5346.25,5345.25,5345.5
1708564200,5345.5,5347,5345,5346.5
1708564500,5346.75,5347.75,5346.25,5347.25
1708564800,5347,5347.5,5345.5,5345.5
1708565100,5345.5,5346.75,5345.5,5346.25
1708565400,5346.25,5348.25,5346.25,5348
1708565700,5348,5348,5346.25,5347
1708566000,5346.75,5347.25,5345.25,5345.25
1708566300,5345.25,5346,5345.25,5345.5
1708566600,5345.25,5345.25,5343.5,5344.25
1708566900,5344.25,5344.25,5341.75,5342
1708567200,5342,5343,5341.75,5342.25
1708567500,5342,5342.5,5341.5,5342
1708567800,5341.75,5341.75,5340,5340.75
1708568100,5340.75,5342.25,5340.75,5342
1708568400,5342.25,5342.25,5341,5341.75
1708568700,5341.5,5343.25,5341.25,5342
1708569000,5342,5343,5342,5343
1708569300,5343,5343.75,5342.75,5343
1708569600,5343,5344,5342.75,5343
1708569900,5343,5345,5342.5,5344
1708570200,5344,5344.75,5343.75,5344.5
1708570500,5344.5,5345.25,5344.5,5345.25
1708570800,5345,5346,5344.5,5345.5
1708571100,5345.5,5345.5,5344.75,5345
1708571400,5345.25,5346,5345.25,5346
1708571700,5345.75,5346.25,5344.75,5345
1708572000,5345,5345.25,5344.25,5344.5
1708572300,5344.75,5344.75,5343.5,5344
1708572600,5344,5344.5,5343.75,5344
1708572900,5343.75,5344,5343.5,5343.75
1708573200,5343.75,5344,5343.5,5344
1708573500,5344.25,5344.75,5344,5344
1708573800,5344,5344.75,5343.5,5344.25
1708574100,5344.25,5344.25,5343.75,5344.25
1708574400,5344.25,5344.75,5343.5,5344.5
1708574700,5344.25,5344.5,5343.5,5344.25
1708575000,5344,5345,5344,5345
1708575300,5345,5345.75,5344.75,5345.25
1708575600,5345,5345.25,5343.75,5344.75
1708575900,5344.75,5345.5,5344.25,5345.25
1708576200,5345,5345.25,5344.75,5345
1708576500,5345,5346.25,5345,5345.5
1708576800,5345.75,5346.5,5345.5,5346.5
1708577100,5346.5,5346.5,5346,5346.25
1708577400,5346.25,5346.5,5346.25,5346.5
1708577700,5346.5,5346.5,5346.25,5346.5
1708578000,5346.5,5346.5,5345.75,5346.25
1708578300,5346.25,5346.5,5345.75,5345.75
1708578600,5345.75,5346.25,5344.75,5346.25
1708578900,5346.25,5346.5,5346,5346.5
1708579200,5346.5,5346.5,5346,5346.25
1708579500,5346.25,5347.5,5346,5347
1708579800,5347,5347.25,5345.5,5346.25
1708580100,5346.25,5348,5346.25,5347.5
1708580400,5347.5,5348.25,5347.5,5348
1708580700,5347.75,5350.5,5347.5,5348
1708581000,5347.75,5347.75,5346.25,5346.5
1708581300,5346.25,5346.5,5344.75,5346.25
1708581600,5346.25,5346.75,5345.5,5346.5
1708581900,5346.5,5346.75,5346,5346.25
1708582200,5346.5,5347,5346.25,5346.75
1708582500,5347,5347.5,5346.5,5347.25
1708582800,5347.25,5347.5,5347,5347.25
1708583100,5347.25,5348.25,5347,5348
1708583400,5348,5349.75,5347.75,5349.25
1708583700,5349.25,5351,5348.75,5350.75
1708584000,5350.5,5352.25,5350.25,5352.25
1708584300,5352,5352.25,5351.25,5351.75
1708584600,5351.5,5353.75,5351.5,5353
1708584900,5353,5353.75,5352.75,5353.5
1708585200,5353.5,5353.75,5352,5352.25
1708585500,5352.25,5352.75,5351.75,5352.5
1708585800,5352.5,5352.75,5351.25,5351.75
1708586100,5352,5353,5351.25,5351.5
1708586400,5351.5,5352.5,5351.25,5352
1708586700,5352.25,5352.75,5351.75,5352.5
1708587000,5352.75,5353,5352,5352.25
1708587300,5352.25,5353.25,5351.75,5353
1708587600,5353,5353.75,5352.75,5353.25
1708587900,5353,5356,5353,5355.75
1708588200,5355.5,5356.75,5355.25,5356.25
1708588500,5356,5357,5355.75,5356
1708588800,5356.25,5360,5356,5359.5
1708589100,5359.5,5365.5,5359,5365
1708589400,5365.25,5366.75,5364.75,5366
1708589700,5366,5370,5364.75,5369.75
1708590000,5369.75,5370.25,5368.75,5369.25
1708590300,5369.5,5370,5368.25,5369.75
1708590600,5369.75,5370.5,5367.25,5367.25
1708590900,5367.5,5368,5366.5,5367.25
1708591200,5367.25,5367.25,5365.25,5366.75
1708591500,5366.5,5367.75,5366.25,5366.25
1708591800,5366.25,5368.25,5366.25,5366.75
1708592100,5366.75,5367.5,5366.25,5366.5
1708592400,5366.5,5366.75,5361.5,5365.75
1708592700,5365.5,5367.5,5365,5366.25
1708593000,5366,5367.5,5365.25,5365.5
1708593300,5365.5,5365.75,5361.75,5362
1708593600,5362,5363.75,5359,5359.5
1708593900,5359.75,5361.5,5359.25,5361
1708594200,5361.25,5363.5,5361,5363.5
1708594500,5363.25,5365.5,5362.25,5365.5
1708594800,5365.5,5365.75,5363.75,5364
1708595100,5364.25,5365.25,5363.75,5364.75
1708595400,5364.5,5366,5364.25,5364.75
1708595700,5364.5,5366.5,5364,5364.5
1708596000,5364.75,5366,5364,5364.25
1708596300,5364.25,5366.25,5364.25,5365.5
1708596600,5365.75,5366,5365,5365.5
1708596900,5365.5,5366,5364.25,5364.5
1708597200,5364.5,5364.75,5363,5363.5
1708597500,5363.5,5364.75,5363,5364.25
1708597800,5364.5,5366.25,5364.5,5366.25
1708598100,5366.5,5367.5,5364.75,5366.75
1708598400,5367,5368.75,5366.75,5368.75
1708598700,5368.75,5369.25,5367,5368.5
1708599000,5368.5,5369.5,5367.75,5369.5
1708599300,5369.5,5369.75,5368.5,5369.75
1708599600,5369.75,5369.75,5367.75,5368.5
1708599900,5368.5,5369.25,5368,5368.25
1708600200,5368,5371,5367.75,5370.25
1708600500,5370.25,5377,5370,5377
1708600800,5377,5380.75,5376.5,5379.25
1708601100,5379,5379.25,5375.5,5376.25
1708601400,5376.25,5376.5,5375.25,5376
1708601700,5375.75,5377.5,5375.75,5376.5
1708602000,5376.5,5378,5375.25,5377
1708602300,5377.25,5378,5376.5,5377
1708602600,5377,5378.5,5375.25,5375.5
1708602900,5375.5,5375.75,5374,5374
1708603200,5374,5374.25,5371.75,5372.25
1708603500,5372.5,5373.5,5371.5,5372.75
1708603800,5372.5,5373.25,5372,5372.5
1708604100,5372.25,5372.5,5370.5,5371.25
1708604400,5371.25,5372.75,5371,5372.75
1708604700,5372.75,5373.5,5372,5372.75
1708605000,5373,5373.5,5371.25,5373.5
1708605300,5373.5,5373.75,5371.5,5372.75
1708605600,5372.75,5373,5371.25,5371.25
1708605900,5371.25,5372.5,5371,5372.25
1708606200,5372.5,5373,5372,5372.5
1708606500,5372.25,5372.75,5371.25,5371.5
1708606800,5371.25,5371.75,5369,5369.5
1708607100,5369.75,5371.5,5369.75,5371
1708607400,5371.25,5373.5,5370.25,5373.25
1708607700,5373.25,5376,5372.25,5374.5
1708608000,5374.5,5375.5,5373.5,5374.25
1708608300,5374,5374.75,5372.75,5373.25
1708608600,5373,5375.75,5369.25,5374.5
1708608900,5374.5,5377.5,5374.25,5375.5
1708609200,5375.5,5377,5375,5376.25
1708609500,5376.5,5378,5375.5,5377
1708609800,5377.25,5378.75,5377,5377.75
1708610100,5377.5,5378.75,5375.25,5377.25
1708610400,5377.25,5378.5,5376.25,5376.75
1708610700,5376.75,5377,5374.75,5375
1708611000,5375.25,5375.75,5372.75,5374.25
1708611300,5374.25,5375.25,5372.5,5372.75
1708611600,5372.75,5374.25,5372.5,5372.75
1708611900,5372.5,5375.75,5372,5375.25
1708612200,5375.25,5376.5,5366,5366
1708612500,5366,5370.25,5365.25,5370
1708612800,5370,5372.5,5369.5,5372.25
1708613100,5372.25,5385.75,5372,5384.75
1708613400,5385,5389.75,5379.75,5380.75
1708613700,5380.5,5387,5380.5,5385.5
1708614000,5385.5,5388.5,5382,5383.75
1708614300,5384,5386.75,5382.25,5383
1708614600,5383.25,5387,5381.25,5383.25
1708614900,5383.5,5387.75,5382,5383
1708615200,5383,5386,5381.75,5386
1708615500,5386,5389.25,5382.5,5389
1708615800,5389,5392,5387.25,5391.5
1708616100,5391.75,5392.5,5386.25,5387
1708616400,5387.25,5388.75,5384.5,5384.75
1708616700,5385,5385,5380.5,5381.25
1708617000,5381.25,5384.25,5381,5382.5
1708617300,5382.5,5384.25,5382,5382.75
1708617600,5382.75,5383.5,5380.5,5382.25
1708617900,5382.5,5386.5,5381.5,5383.75
1708618200,5383.5,5389.25,5383.5,5388.5
1708618500,5388.75,5392.25,5387.75,5391
1708618800,5391,5391.25,5388.25,5391
1708619100,5391.25,5392,5389,5389.25
1708619400,5389.5,5394.25,5389.5,5393.25
1708619700,5393.5,5394.5,5390.25,5391.75
1708620000,5392,5393.75,5391.25,5393.25
1708620300,5393.25,5393.5,5385,5388
1708620600,5388,5389.5,5386.5,5388
1708620900,5388.25,5389,5387,5388
1708621200,5387.75,5390.75,5384.25,5390.25
1708621500,5390.25,5392,5389.75,5391.75
1708621800,5391.5,5392,5389.5,5390
1708622100,5390,5392.5,5388.5,5391.75
1708622400,5392,5395,5391.5,5394.75
1708622700,5394.75,5395.75,5393,5395
1708623000,5395,5396.75,5394.5,5396
1708623300,5396,5396.25,5394,5394.5
1708623600,5394.5,5394.5,5391.5,5394
1708623900,5394,5396,5393.25,5395.25
1708624200,5395.25,5398.75,5395,5398.25
1708624500,5398.25,5400.5,5397.5,5400
1708624800,5400,5400.5,5397.25,5400
1708625100,5400,5401.5,5398.75,5400.5
1708625400,5400.75,5401,5396.25,5396.5
1708625700,5396.5,5400.5,5396.5,5399.25
1708626000,5399.25,5401,5399,5401
1708626300,5401,5404.25,5400.25,5403.75
1708626600,5403.75,5406.25,5403,5405.25
1708626900,5405.25,5406.5,5404.5,5406.25
1708627200,5406.5,5408,5405.75,5407
1708627500,5407,5408,5406.25,5407
1708627800,5407.25,5407.25,5404.5,5407
1708628100,5407.25,5408.25,5406.5,5408.25
1708628400,5408,5413,5407.25,5411.5
1708628700,5411.5,5412.25,5410.25,5410.75
1708629000,5411,5415.5,5410.25,5414.5
1708629300,5414.5,5415.5,5413.5,5414.25
1708629600,5414.25,5419.25,5414,5419
1708629900,5419,5420.75,5418,5420
1708630200,5420.25,5420.75,5411.75,5413.25
1708630500,5413.5,5415.75,5412.75,5413.75
1708630800,5413.75,5414.25,5410.25,5413.75
1708631100,5413.5,5414,5410,5410.75
1708631400,5410.75,5411.5,5408.5,5411.25
1708631700,5411.5,5412,5404.5,5407.75
1708632000,5407.75,5411.5,5406.25,5411.25
1708632300,5411,5413.5,5408.25,5409
1708632600,5409,5411.75,5407.5,5410.5
1708632900,5410.5,5413.75,5410,5413.5
1708633200,5413.5,5415.5,5412.25,5414.5
1708633500,5414.25,5415.75,5412,5413
1708633800,5413,5413,5408.75,5411
1708634100,5411,5416.25,5410,5416.25
1708634400,5416.25,5418.75,5412.5,5412.5
1708634700,5412.5,5413.5,5411.25,5412.25
1708635000,5412.25,5415.25,5410.5,5413.75
1708635300,5413.5,5418.5,5409.5,5410.5
1708635600,5410.5,5410.5,5408,5408.5
1708635900,5408.75,5409.75,5408,5409
1708636200,5409.25,5409.25,5406.5,5407.5
1708636500,5407.25,5408.5,5405.75,5406.5
1708636800,5406.5,5407.25,5405.75,5406
1708637100,5405.75,5407,5405.75,5406.5
1708637400,5406.5,5406.5,5405,5406.5
1708637700,5406.5,5407,5406.25,5406.5
1708638000,5406.75,5407.25,5406,5406.5
1708638300,5406.5,5406.75,5405.75,5406.5
1708638600,5406.5,5407.75,5406.5,5407.75
1708638900,5407.5,5407.75,5405.75,5406.25
1708642800,5407.25,5411.5,5407,5409.5
1708643100,5409.25,5409.25,5407.25,5408.25
1708643400,5408.25,5409.25,5408.25,5409
1708643700,5409,5409.5,5408.75,5409
1708644000,5409.25,5411.5,5409.25,5410.25
1708644300,5410.5,5411.5,5410.5,5411.25
1708644600,5411.25,5412.25,5411,5412
1708644900,5412,5413.5,5411.75,5413.25
1708645200,5413.25,5413.5,5412.25,5412.25
1708645500,5412.5,5413.25,5412.25,5413
1708645800,5412.75,5413.25,5412,5412.25
1708646100,5412.25,5412.5,5411.75,5412
1708646400,5411.75,5412.25,5409.75,5410
1708646700,5410,5410.25,5408.25,5409
1708647000,5409,5410,5409,5409.25
1708647300,5409.25,5410,5409,5409.5
1708647600,5409.5,5410,5408.75,5408.75
1708647900,5408.75,5409.5,5408.5,5409.25
1708648200,5409.5,5410,5408.75,5409
1708648500,5409,5409,5405.25,5407.5
1708648800,5407.25,5409,5406.75,5408.5
1708649100,5408.5,5408.75,5407.5,5407.5
1708649400,5407.5,5409,5407,5409
1708649700,5408.75,5409.5,5408.5,5408.75
1708650000,5408.75,5409.75,5408,5409.5
1708650300,5409.25,5410.5,5408.5,5410.5
1708650600,5410.5,5410.5,5409.25,5409.25
1708650900,5409.5,5410.5,5409,5410
1708651200,5410,5411.75,5410,5411.75
1708651500,5411.5,5411.75,5411,5411.25
1708651800,5411.25,5413.5,5411.25,5412.75
1708652100,5412.75,5414.75,5412,5413
1708652400,5413,5414.75,5412.25,5414.5
1708652700,5414.5,5414.75,5413.25,5413.5
1708653000,5413.25,5413.25,5412.5,5412.75
1708653300,5413,5413.25,5412,5412.5
1708653600,5412.75,5413.5,5412.5,5413.25
1708653900,5413.25,5414.5,5413.25,5414.5
1708654200,5414.5,5414.75,5413.75,5413.75
1708654500,5413.75,5414.25,5412.75,5413.75
1708654800,5413.75,5415.5,5413.75,5415.25
1708655100,5415.25,5415.25,5414.25,5414.75
1708655400,5414.75,5414.75,5413.75,5414
1708655700,5414,5414.75,5414,5414.5
1708656000,5414.5,5415.25,5414.25,5414.75
1708656300,5414.75,5415,5414,5414.25
1708656600,5414.25,5414.5,5413.75,5413.75
1708656900,5413.5,5414.25,5413.25,5413.25
1708657200,5413.5,5414,5413.25,5414
1708657500,5414,5414.25,5412.75,5413
1708657800,5413,5413.75,5412.75,5413.75
1708658100,5413.75,5414.25,5413.5,5413.5
1708658400,5413.75,5414.25,5413.5,5413.75
1708658700,5413.75,5414,5413.5,5413.75
1708659000,5413.75,5414,5413.5,5413.75
1708659300,5414,5414.75,5413.75,5414.25
1708659600,5414.25,5415,5413.75,5414.75
1708659900,5414.5,5414.75,5413.5,5413.5
1708660200,5413.5,5414.25,5413.5,5413.75
1708660500,5413.75,5414.25,5413.75,5414.25
1708660800,5414,5414.25,5413.5,5413.75
1708661100,5414,5414,5413.5,5413.75
1708661400,5413.5,5414.25,5413.5,5414
1708661700,5414,5414.75,5413.75,5414.25
1708662000,5414.5,5414.75,5414.25,5414.5
1708662300,5414.5,5414.75,5414.25,5414.5
1708662600,5414.75,5415,5414.25,5415
1708662900,5415,5415,5414.25,5414.75
1708663200,5414.75,5414.75,5414.5,5414.75
1708663500,5414.75,5415.5,5414.75,5415.5
1708663800,5415.5,5415.5,5415,5415.25
1708664100,5415,5415.75,5415,5415.5
1708664400,5415.5,5415.5,5414.75,5415
1708664700,5415,5415.5,5415,5415.25
1708665000,5415.25,5416.75,5415.25,5416.25
1708665300,5416.5,5416.5,5415.5,5415.75
1708665600,5415.5,5416.25,5415.5,5416.25
1708665900,5416,5416.5,5415.25,5416.25
1708666200,5416.25,5416.5,5415,5415.25
1708666500,5415.25,5415.5,5414.75,5415
1708666800,5415,5415.5,5414.75,5415.25
1708667100,5415,5415.75,5415,5415.5
1708667400,5415.5,5415.75,5414.25,5415
1708667700,5414.75,5416.25,5414.75,5416.25
1708668000,5416,5417.25,5415.75,5417
1708668300,5416.75,5417,5415.5,5415.75
1708668600,5415.75,5416.25,5415.25,5416
1708668900,5416,5416,5415.5,5415.75
1708669200,5416,5416,5414.5,5415
1708669500,5415,5415.25,5414.25,5415.25
1708669800,5415.25,5415.25,5414.25,5414.5
1708670100,5414.5,5414.75,5413.5,5413.5
1708670400,5413.75,5414.25,5412.75,5414
1708670700,5414,5414.25,5413.5,5413.5
1708671000,5413.5,5414.25,5413.5,5414.25
1708671300,5414.5,5415.5,5414.5,5414.5
1708671600,5414.25,5414.25,5411.75,5412.75
1708671900,5412.75,5412.75,5412,5412.25
1708672200,5412.25,5413,5410.75,5412.75
1708672500,5413,5413.5,5412.5,5413
1708672800,5413,5413,5412,5412
1708673100,5412,5412.25,5411.5,5411.75
1708673400,5412,5412.5,5411.75,5412
1708673700,5412,5412.5,5412,5412
1708674000,5412,5412.5,5411.75,5412.5
1708674300,5412.5,5413.25,5412.5,5413
1708674600,5413,5414.5,5412.75,5414.5
1708674900,5414.5,5414.75,5412.75,5413
1708675200,5413.25,5413.5,5411.25,5412
1708675500,5412.25,5412.5,5407.75,5410
1708675800,5410.25,5411,5409.5,5411
1708676100,5411,5412.25,5410.5,5410.75
1708676400,5410.75,5411.25,5410.25,5410.5
1708676700,5410.5,5410.5,5409.25,5410
1708677000,5409.75,5411.5,5409.75,5411
1708677300,5411,5411.25,5409.5,5410.5
1708677600,5410.5,5411.5,5409.25,5409.25
1708677900,5409.25,5410.25,5408.75,5409.25
1708678200,5409.25,5409.25,5407.75,5408.5
1708678500,5408.5,5409.25,5408,5409
1708678800,5409,5409.25,5408,5408.25
1708679100,5408.25,5410.5,5408,5410
1708679400,5410.25,5410.5,5408.5,5409
1708679700,5408.75,5409,5408,5408.5
1708680000,5408.5,5408.75,5407.25,5407.5
1708680300,5407.75,5408.25,5405,5406
1708680600,5406.25,5406.5,5405.25,5405.75
1708680900,5406,5407,5405.75,5406
1708681200,5406,5406.25,5405.25,5405.75
1708681500,5405.75,5407,5405.5,5407
1708681800,5407,5408.25,5406.5,5408
1708682100,5408.25,5408.25,5407.5,5407.75
1708682400,5407.75,5408.25,5407.5,5407.75
1708682700,5407.5,5407.75,5405.75,5406.5
1708683000,5406.5,5408.25,5406.25,5407.25
1708683300,5407.25,5408.75,5407,5408.75
1708683600,5408.75,5409.25,5408,5408.75
1708683900,5408.75,5409.75,5408.25,5409
1708684200,5409,5409.75,5408.75,5409.25
1708684500,5409.25,5410,5409.25,5409.25
1708684800,5409.25,5411.75,5409.25,5411.5
1708685100,5411.5,5412.5,5410.5,5410.75
1708685400,5410.5,5411.75,5410.5,5411.5
1708685700,5411.5,5411.5,5408.75,5409.25
1708686000,5409,5410,5408.5,5409.75
1708686300,5409.75,5410.75,5409.75,5409.75
1708686600,5409.75,5411.25,5409.5,5410.75
1708686900,5410.75,5411.25,5409.75,5411
1708687200,5410.75,5412.25,5410.75,5412
1708687500,5412.25,5412.25,5410.75,5410.75
1708687800,5410.75,5411.75,5410.25,5411.25
1708688100,5411.5,5411.5,5410,5410.75
1708688400,5410.75,5412,5410.75,5411.75
1708688700,5411.75,5412.5,5411.25,5412
1708689000,5412,5412.5,5411.5,5412.25
1708689300,5412.25,5412.25,5410.5,5412.25
1708689600,5412.25,5413.5,5411.75,5412.25
1708689900,5412,5413,5411.25,5411.25
1708690200,5411.25,5412,5411,5411.5
1708690500,5411.5,5411.75,5410.25,5411.25
1708690800,5411,5412.75,5410.75,5412.5
1708691100,5412.5,5414.5,5412.25,5414.25
1708691400,5414.25,5415.25,5413.75,5414.5
1708691700,5414.5,5415.75,5414.5,5415.25
1708692000,5415.25,5415.25,5413,5413
1708692300,5412.75,5413.75,5412.25,5413.5
1708692600,5413.75,5413.75,5413,5413.75
1708692900,5413.75,5414.25,5413,5414.25
1708693200,5414,5414.25,5411.75,5413.25
1708693500,5413.25,5415.25,5413.25,5415.25
1708693800,5415.25,5415.75,5414.5,5415.25
1708694100,5415,5416.25,5414.75,5415.75
1708694400,5415.5,5417,5415.5,5416.5
1708694700,5416.5,5418,5416.5,5416.75
1708695000,5416.75,5419.5,5415.25,5419.25
1708695300,5419.25,5421,5419,5420
1708695600,5420,5420.5,5415.25,5418.5
1708695900,5418.5,5419,5417,5419
1708696200,5419,5420.75,5419,5420
1708696500,5419.75,5420.5,5418.25,5420.25
1708696800,5420,5422.5,5419.75,5422
1708697100,5422.25,5423.75,5420.5,5423
1708697400,5423,5423.5,5421.75,5422.75
1708697700,5423,5426.25,5422.75,5425.75
1708698000,5426,5429,5425.75,5427.5
1708698300,5427.5,5428.75,5425.5,5427.25
1708698600,5427.25,5433.5,5425.75,5432.5
1708698900,5432.25,5433.25,5430.5,5431.5
1708699200,5431.75,5435.75,5430.5,5435.5
1708699500,5435.75,5436.5,5431.75,5432.25
1708699800,5432.25,5435.75,5429.75,5435.5
1708700100,5435.75,5436,5425.75,5432
1708700400,5432,5433,5426.75,5432.25
1708700700,5432,5432.25,5429.5,5430.5
1708701000,5430.75,5433.75,5429,5432.75
1708701300,5433,5434.25,5429.5,5431
1708701600,5431,5433,5427.5,5430.75
1708701900,5430.75,5432.75,5426.75,5427.25
1708702200,5427.25,5431.25,5424.75,5428
1708702500,5428,5430.25,5426.25,5430
1708702800,5429.75,5431.5,5422.5,5423.25
1708703100,5423.25,5424.75,5422.25,5422.75
1708703400,5422.75,5426,5421.75,5422.75
1708703700,5422.5,5423.75,5418.75,5421.5
1708704000,5421.5,5422.75,5409.25,5410.75
1708704300,5410.5,5413,5409.75,5410.75
1708704600,5410.5,5411.75,5405.5,5408
1708704900,5408,5411.75,5406.5,5409.75
1708705200,5409.5,5413,5409.5,5411.75
1708705500,5411.75,5416.75,5411.5,5416.25
1708705800,5416.25,5416.5,5411.75,5416
1708706100,5416,5418.25,5415.5,5418.25
1708706400,5418.25,5418.5,5414.75,5416
1708706700,5416,5417.25,5413.75,5415
1708707000,5415,5418.5,5414.5,5417.5
1708707300,5417.25,5420,5417.25,5419.5
1708707600,5419.5,5422.5,5418.75,5421.25
1708707900,5421,5423.75,5420.25,5423.25
1708708200,5423,5424.5,5421.5,5422.75
1708708500,5422.75,5423.5,5417.75,5420.5
1708708800,5420.75,5422.5,5420.25,5420.75
1708709100,5420.75,5420.75,5414.5,5417
1708709400,5417.25,5417.5,5412.25,5417
1708709700,5417.25,5420.5,5415.5,5420
1708710000,5419.75,5420.25,5414.25,5418.5
1708710300,5418.5,5420.75,5417.25,5420.25
1708710600,5420.25,5420.75,5417.5,5419.75
1708710900,5419.75,5421.25,5418,5421
1708711200,5420.75,5421,5417.75,5419
1708711500,5419,5420.75,5418.25,5418.75
1708711800,5418.75,5422.25,5418.5,5421.5
1708712100,5421.5,5423.5,5420.75,5423.25
1708712400,5423.5,5424.25,5422.5,5424.25
1708712700,5424.25,5424.25,5422.5,5423.75
1708713000,5423.75,5425.25,5420.75,5424.75
1708713300,5424.75,5425,5422.25,5423
1708713600,5422.75,5424,5419.75,5421
1708713900,5420.75,5422.75,5419.5,5421.5
1708714200,5421.75,5422,5418,5420
1708714500,5420,5421,5418.75,5419.75
1708714800,5420,5420.5,5415,5416.5
1708715100,5416.75,5420.5,5416,5417
1708715400,5417.25,5417.25,5413.5,5415.5
1708715700,5415.5,5416.75,5413.5,5414.5
1708716000,5414.5,5416.25,5411.5,5412.25
1708716300,5412.25,5413.75,5410.75,5412.5
1708716600,5412.5,5416.5,5411.75,5416
1708716900,5416.25,5417.25,5413.5,5416.75
1708717200,5416.75,5417.25,5414.25,5415
1708717500,5415.25,5416.25,5414.25,5415.5
1708717800,5415.25,5418,5413.25,5416.5
1708718100,5416.5,5418.25,5416.25,5418
1708718400,5417.75,5420,5416.75,5419
1708718700,5419,5420,5413,5413.75
1708719000,5413.5,5415.5,5412.5,5413.25
1708719300,5413.25,5417.5,5412.75,5416.5
1708719600,5416.5,5416.75,5414.5,5416
1708719900,5416,5417.5,5412.75,5413.5
1708720200,5413.75,5415.75,5411.5,5414.75
1708720500,5414.75,5418.75,5413.5,5416.5
1708720800,5416.75,5417.25,5415.25,5415.5
1708721100,5415.75,5421,5415.25,5420.5
1708721400,5420.5,5422.25,5418,5418.75
1708721700,5419,5419.5,5412.25,5412.75
1708722000,5412.75,5413.25,5409.5,5411
1708722300,5411,5411.75,5410.5,5410.75
1708722600,5410.75,5412,5410.25,5410.5
1708722900,5410.5,5410.5,5409.5,5410
1708723200,5410,5411.5,5410,5410.75
1708723500,5410.5,5411.25,5409.75,5411
1708723800,5410.75,5411.5,5410.5,5410.75
1708724100,5410.75,5411.5,5410.5,5411.5
1708724400,5411.5,5411.5,5410.75,5411.5
1708724700,5411.25,5411.75,5411,5411
1708725000,5411.25,5411.25,5409.75,5409.75
1708725300,5410,5410.25,5407.5,5407.75
1708902000,5408,5410,5405.75,5407.75
1708902300,5407.75,5410.5,5407.25,5410.5
1708902600,5410.75,5411,5408.75,5409.5
1708902900,5409.5,5411.25,5409.5,5411
1708903200,5411,5412.25,5411,5412
1708903500,5411.75,5413.5,5411.5,5412.5
1708903800,5412.5,5413.75,5412.5,5413.5
1708904100,5413.25,5414,5412.75,5412.75
1708904400,5413,5414.25,5412.75,5413.75
1708904700,5413.75,5413.75,5412.75,5412.75
1708905000,5412.75,5413.75,5412.75,5413
1708905300,5413,5413,5412.25,5412.25
1708905600,5412,5412.5,5407.75,5408.25
1708905900,5408.25,5408.25,5406.5,5407.25
1708906200,5407.25,5409.75,5407.25,5408.5
1708906500,5408.75,5409.5,5407.75,5408
1708906800,5408,5408,5406,5407
1708907100,5406.75,5407.5,5406.5,5407.25
1708907400,5407.25,5408.25,5407,5407.5
1708907700,5407.75,5407.75,5406.25,5406.25
1708908000,5406.25,5407,5404.5,5406
1708908300,5405.75,5406,5403.25,5403.5
1708908600,5403.5,5404.25,5401.5,5403.25
1708908900,5403,5403.25,5401.75,5402.25
1708909200,5402.5,5403.5,5401.75,5403.5
1708909500,5403.25,5404,5400.75,5401.75
1708909800,5401.75,5401.75,5400.25,5401.5
1708910100,5401.25,5401.75,5400.5,5401.75
1708910400,5401.75,5404.5,5401.75,5404.5
1708910700,5404.25,5405.25,5403.75,5404.75
1708911000,5405,5407.25,5405,5406.75
1708911300,5406.75,5406.75,5404.75,5406
1708911600,5405.75,5406.75,5405.75,5406.5
1708911900,5406.5,5407,5405.25,5405.75
1708912200,5405.75,5406,5402.75,5403.25
1708912500,5403.25,5405.25,5402.5,5403.25
1708912800,5403.25,5404.25,5402.25,5403.75
1708913100,5403.75,5404.25,5403.5,5404
1708913400,5404,5405.25,5403.5,5405.25
1708913700,5405.25,5405.75,5404.75,5405
1708914000,5405,5405,5403.5,5405
1708914300,5404.75,5405.25,5404.25,5405
1708914600,5405,5405.25,5403,5403.75
1708914900,5403.75,5405.5,5403.75,5405.25
1708915200,5405.25,5407.5,5405.25,5407.25
1708915500,5407.25,5407.25,5405.25,5405.25
1708915800,5405.25,5405.5,5403.5,5403.75
1708916100,5403.75,5405,5403.75,5404.75
1708916400,5404.5,5405,5403.25,5404
1708916700,5403.75,5403.75,5403,5403.75
1708917000,5403.5,5403.75,5403,5403.75
1708917300,5403.75,5404.75,5403.5,5404.25
1708917600,5404.25,5404.5,5403.75,5403.75
1708917900,5403.75,5404,5403.5,5403.75
1708918200,5403.75,5404.5,5403.75,5404.5
1708918500,5404.5,5404.75,5404,5404.5
1708918800,5404.25,5404.75,5404,5404
1708919100,5404.25,5404.75,5404,5404.25
1708919400,5404.25,5405.25,5404.25,5405
1708919700,5405,5405,5403.5,5404
1708920000,5404,5404.75,5403.5,5404.25
1708920300,5404,5404.25,5404,5404
1708920600,5404.25,5404.5,5404,5404.25
1708920900,5404,5404.5,5403.75,5404
1708921200,5403.75,5404.25,5403.5,5404
1708921500,5403.75,5404,5402.5,5403.25
1708921800,5403,5404,5403,5403.75
1708922100,5404,5404.75,5404,5404.5
1708922400,5404.5,5404.75,5404.25,5404.5
1708922700,5404.75,5404.75,5404.5,5404.75
1708923000,5404.5,5404.5,5404,5404.5
1708923300,5404.25,5404.75,5404.25,5404.5
1708923600,5404.5,5404.5,5403.75,5404.25
1708923900,5404.5,5405.75,5404.25,5405.75
1708924200,5405.75,5406.25,5405.25,5405.25
1708924500,5405.25,5406.5,5405.25,5406.5
1708924800,5406.75,5406.75,5405.75,5406.25
1708925100,5406,5406.25,5405.5,5405.75
1708925400,5405.75,5406,5405.25,5406
1708925700,5406.25,5406.5,5405.75,5406
1708926000,5406,5406.5,5405,5405.25
1708926300,5405.25,5405.75,5404.25,5405.75
1708926600,5405.5,5405.5,5403.75,5404
1708926900,5404,5404.5,5404,5404.25
1708927200,5404.5,5405.5,5404.5,5405.25
1708927500,5405.25,5405.5,5404.5,5404.5
1708927800,5404.5,5405.25,5404.25,5404.5
1708928100,5404.5,5404.5,5403.5,5404.25
1708928400,5404.25,5405,5404,5404
1708928700,5404,5404.5,5404,5404.5
1708929000,5404.25,5404.5,5402.25,5402.5
1708929300,5402.5,5403.75,5402,5403.25
1708929600,5403.25,5403.25,5402.25,5403
1708929900,5402.75,5402.75,5401.75,5402
1708930200,5402.25,5404,5402,5403.5
1708930500,5403.75,5404,5403.25,5404
1708930800,5404,5404,5402.5,5404
1708931100,5403.75,5404.75,5403.25,5404.25
1708931400,5404.25,5405.75,5404,5405.25
1708931700,5405.5,5405.5,5403.25,5403.5
1708932000,5403.75,5404.5,5403.5,5404.5
1708932300,5404.5,5406.5,5404.5,5406.25
1708932600,5406.5,5406.5,5405.75,5405.75
1708932900,5405.75,5406.75,5405.75,5406.5
1708933200,5406.5,5407,5406.25,5406.5
1708933500,5406.5,5407,5405.5,5405.75
1708933800,5406,5406.25,5405.25,5406
1708934100,5406,5407,5406,5406
1708934400,5406.25,5407.5,5406,5407
1708934700,5407,5409,5406.5,5406.5
1708935000,5406.5,5407.25,5405.75,5406
1708935300,5406,5407.25,5406,5407
1708935600,5407,5407.25,5406.75,5407.25
1708935900,5407.5,5407.75,5405.25,5406.25
1708936200,5406.25,5407.25,5405.25,5405.5
1708936500,5405.5,5406,5404.25,5404.75
1708936800,5404.75,5406,5404,5405.5
1708937100,5405.75,5406.25,5404.5,5406
1708937400,5406.25,5406.25,5404.5,5405
1708937700,5405,5405.5,5404.75,5405.25
1708938000,5405.25,5407.75,5405.25,5407
1708938300,5406.75,5407,5403.75,5404.25
1708938600,5404,5405.5,5403.75,5405
1708938900,5404.75,5406.5,5404.5,5405.75
1708939200,5405.75,5407.5,5405.75,5407
1708939500,5407.25,5408.25,5407,5407.75
1708939800,5407.75,5408.75,5407.75,5408.5
1708940100,5408.5,5409,5408,5408
1708940400,5408,5409.5,5407.5,5409.5
1708940700,5409.5,5410.75,5409.25,5410.5
1708941000,5410.5,5411,5410,5410.5
1708941300,5410.5,5411.5,5410.25,5410.75
1708941600,5410.75,5410.75,5409.5,5409.75
1708941900,5410,5410.75,5409.75,5410
1708942200,5410,5410.75,5410,5410.5
1708942500,5410.5,5411.25,5410.25,5411
1708942800,5410.75,5411.25,5410.25,5410.5
1708943100,5410.5,5413.5,5410.5,5413
1708943400,5413,5413,5411,5412
1708943700,5412,5412.5,5411.5,5412.25
1708944000,5412.25,5413.5,5412.25,5413.5
1708944300,5413.25,5413.75,5412.75,5413
1708944600,5413,5413.25,5412.25,5412.5
1708944900,5412.5,5412.5,5411.25,5412.25
1708945200,5412.25,5412.5,5411.25,5411.75
1708945500,5412,5412,5411,5411.75
1708945800,5412,5412.25,5411.75,5412
1708946100,5412,5414,5412,5413.75
1708946400,5413.75,5414.25,5413.25,5414
1708946700,5413.75,5415,5413.5,5414.75
1708947000,5414.5,5414.75,5412.75,5413.25
1708947300,5413.25,5413.25,5412.25,5413.25
1708947600,5413,5414.25,5413,5414
1708947900,5413.75,5413.75,5412.25,5412.5
1708948200,5412.25,5412.5,5411.25,5412
1708948500,5412,5413,5412,5412.5
1708948800,5412.5,5413.25,5410.5,5410.5
1708949100,5410.5,5411.5,5410,5410.5
1708949400,5410.75,5411.25,5410.5,5410.5
1708949700,5410.5,5412,5409.75,5411.75
1708950000,5411.75,5412.5,5411.75,5412.5
1708950300,5412.5,5412.5,5411,5411.25
1708950600,5411.25,5411.5,5410,5410.5
1708950900,5410.75,5411.75,5410.25,5410.5
1708951200,5410.5,5410.75,5409,5409.5
1708951500,5409.5,5410,5409,5409.5
1708951800,5409.5,5410.75,5409,5410.5
1708952100,5410.75,5410.75,5409,5409
1708952400,5409,5410.5,5408.75,5409
1708952700,5408.75,5411.75,5408.25,5411.75
1708953000,5411.75,5413,5411.25,5412.75
1708953300,5413,5414.25,5412.25,5413.75
1708953600,5413.5,5415,5413.5,5415
1708953900,5414.75,5415,5413.75,5414.25
1708954200,5414.5,5417.5,5414.25,5417.25
1708954500,5417,5419,5416.5,5418.5
1708954800,5418.75,5420.25,5418.5,5419
1708955100,5419.25,5419.5,5417.5,5418
1708955400,5418.25,5418.25,5417,5417.5
1708955700,5417.5,5418.75,5417.25,5418
1708956000,5418,5418.25,5416,5416.25
1708956300,5416.25,5416.75,5415,5415.5
1708956600,5415.75,5416.5,5415.5,5416
1708956900,5416,5416.25,5414.25,5414.75
1708957200,5414.5,5415.25,5413.25,5413.5
1708957500,5413.5,5416.75,5412.5,5416.75
1708957800,5416.75,5420.5,5415.25,5419.5
1708958100,5419.75,5421,5417.5,5418.75
1708958400,5418.75,5420,5415,5415.25
1708958700,5415.5,5417,5410.75,5414.75
1708959000,5414.5,5417.25,5413.5,5416.5
1708959300,5416.5,5417,5414,5415.75
1708959600,5415.75,5416.25,5412.75,5415.5
1708959900,5415.75,5419,5414.75,5416.75
1708960200,5417,5417.75,5412.75,5413
1708960500,5413.25,5414.25,5411.25,5414
1708960800,5414,5416.5,5412.25,5413.75
1708961100,5413.75,5416.5,5412.75,5413
1708961400,5413,5415,5410.25,5414.75
1708961700,5414.75,5416.75,5412.5,5412.75
1708962000,5413,5413.75,5411.5,5412.5
1708962300,5412.25,5413.25,5409.25,5409.75
1708962600,5410,5412.25,5408.5,5410.75
1708962900,5410.5,5411,5407.5,5408.5
1708963200,5408.5,5410,5407.5,5408.5
1708963500,5408.25,5408.75,5403.75,5406.5
1708963800,5406.5,5408.75,5405.25,5407.25
1708964100,5407.25,5410.75,5406.5,5408.25
1708964400,5408.25,5409.25,5405.25,5405.25
1708964700,5405.25,5408,5403.5,5407.5
1708965000,5407.5,5409.5,5407,5407.25
1708965300,5407,5409.5,5405.75,5409
1708965600,5409,5410.25,5408,5409
1708965900,5409,5410.75,5408.75,5410.25
1708966200,5410.25,5412.75,5410.25,5412.25
1708966500,5412,5412.5,5410.5,5411
1708966800,5410.75,5411,5406.25,5408
1708967100,5408,5409.25,5407,5407.25
1708967400,5407.25,5410.25,5406.75,5409.75
1708967700,5409.75,5410,5408,5408
1708968000,5408,5411.75,5408,5411.5
1708968300,5411.75,5412.5,5410.75,5411.5
1708968600,5411.5,5412.5,5409.25,5409.75
1708968900,5409.75,5410.25,5407.75,5408.25
1708969200,5408.5,5409.25,5406.5,5407
1708969500,5407,5408,5406.25,5407.5
1708969800,5407.25,5408,5405,5405.75
1708970100,5405.75,5407.5,5405,5406.5
1708970400,5406.5,5407.5,5402.75,5406
1708970700,5406,5408.5,5405.5,5407.25
1708971000,5407.5,5409.5,5407.5,5408.75
1708971300,5408.5,5409.5,5404.75,5405
1708971600,5405,5405.5,5402.75,5404.5
1708971900,5404.5,5404.5,5398,5399.5
1708972200,5399.5,5401.25,5395.75,5396.5
1708972500,5396.25,5398.25,5393.75,5398
1708972800,5398,5400.75,5397.75,5400.25
1708973100,5400,5401.5,5398.5,5399.25
1708973400,5399.25,5401,5397.25,5400.5
1708973700,5400.5,5402.5,5400,5402.25
1708974000,5402,5404.75,5402,5404.25
1708974300,5404,5406.5,5403,5403.25
1708974600,5403.25,5404.25,5398.75,5399
1708974900,5399,5401,5398.5,5400.75
1708975200,5401,5404.5,5399.5,5404.25
1708975500,5404.5,5405.5,5403,5405
1708975800,5405,5407.75,5403.75,5404.75
1708976100,5405,5405.75,5401.25,5404
1708976400,5403.75,5404.75,5400.5,5402.5
1708976700,5402.5,5403.5,5401.25,5402.25
1708977000,5402.25,5405.75,5401.5,5402
1708977300,5402.25,5403.5,5400.5,5401
1708977600,5401,5402,5400.25,5401.75
1708977900,5401.75,5403.5,5400.25,5403.25
1708978200,5403,5406.75,5402.5,5404.5
1708978500,5404.25,5406,5401,5401.5
1708978800,5401.5,5403,5400.25,5401
1708979100,5401.25,5403,5400.75,5402.5
1708979400,5402.5,5403.25,5396.5,5398.5
1708979700,5398.25,5400.5,5396.75,5398.5
1708980000,5398.5,5399,5396.75,5397.25
1708980300,5397.5,5401.75,5396.75,5401.5
1708980600,5401.25,5402.75,5396.25,5397.75
1708980900,5397.75,5398.75,5391.75,5393
1708981200,5393,5393.5,5391.25,5392.75
1708981500,5392.75,5393.5,5391.5,5392.25
1708981800,5392.5,5392.75,5390.75,5391.75
1708982100,5392,5392.25,5391.5,5391.75
1708982400,5391.5,5392,5391.5,5391.75
1708982700,5391.75,5392,5391.75,5392
1708983000,5392.25,5392.75,5392,5392.75
1708983300,5392.5,5392.75,5391,5391.25
1708983600,5391.25,5391.25,5390.25,5390.25
1708983900,5390.5,5391.25,5390.25,5390.75
1708984200,5390.75,5391,5390,5390
1708984500,5390.25,5390.75,5389.25,5390.5
1708988400,5390.5,5390.75,5388.75,5389.25
1708988700,5389.25,5391,5389.25,5390.75
1708989000,5390.5,5392,5390.25,5391.5
1708989300,5391.5,5391.75,5390.75,5391.25
1708989600,5391.25,5391.75,5391.25,5391.5
1708989900,5391.5,5392,5391.25,5391.75
1708990200,5391.5,5393,5391.5,5392.75
1708990500,5392.75,5393.5,5392.5,5393.5
1708990800,5393.5,5394.5,5393,5394.25
1708991100,5394,5394,5393,5393
1708991400,5393,5393.25,5392.25,5392.5
1708991700,5392.5,5392.75,5392.25,5392.5
1708992000,5392.5,5392.75,5389.5,5389.75
1708992300,5389.75,5390,5386.25,5387.5
1708992600,5387.5,5389.75,5387.25,5389.25
1708992900,5389.25,5389.75,5388,5389.5
1708993200,5389.75,5390.5,5389.5,5390.5
1708993500,5390.25,5390.25,5389.25,5389.75
1708993800,5389.75,5391.25,5389.5,5390.75
1708994100,5390.75,5391.5,5390.5,5391.25
1708994400,5391.25,5391.25,5390.75,5391.25
1708994700,5391,5391.5,5390.75,5391.5
1708995000,5391.5,5391.75,5391,5391
1708995300,5391,5391.25,5390,5390.5
1708995600,5390.5,5391.75,5390.5,5391.5
1708995900,5391.25,5392,5391,5392
1708996200,5392,5392.75,5391.25,5391.75
1708996500,5391.5,5392,5389,5389.25
1708996800,5389,5391,5389,5390.5
1708997100,5390.5,5391.25,5390,5390
1708997400,5390.25,5391.5,5390,5390.5
1708997700,5390.25,5390.75,5389.75,5390
1708998000,5390.25,5390.75,5389.5,5390.5
1708998300,5390.5,5391,5389.5,5389.75
1708998600,5389.75,5390.25,5389.25,5390.25
1708998900,5390.25,5391,5389.75,5390.5
1708999200,5390.75,5392.25,5390.75,5391.75
1708999500,5391.75,5392.5,5391.75,5392.5
1708999800,5392.5,5392.5,5391,5391.5
1709000100,5391.25,5391.5,5389.25,5390
1709000400,5390,5390.75,5387.75,5388.5
1709000700,5388.5,5389.25,5387.5,5388.25
1709001000,5388,5388.75,5388,5388.25
1709001300,5388,5388.75,5388,5388
1709001600,5388,5388.5,5386.75,5388
1709001900,5388,5388.25,5387.75,5388.25
1709002200,5388.25,5389,5388.25,5388.5
1709002500,5388.5,5388.75,5388.25,5388.5
1709002800,5388.75,5388.75,5387.25,5388.25
1709003100,5388.25,5388.5,5387.25,5387.75
1709003400,5387.75,5388.5,5387.75,5388.25
1709003700,5388,5388.5,5387.75,5388.25
1709004000,5388.25,5389.25,5388.25,5389
1709004300,5389.25,5389.5,5388.75,5389.5
1709004600,5389.25,5390.5,5389.25,5390
1709004900,5390,5391,5390,5390.25
1709005200,5390.25,5390.5,5389.25,5389.5
1709005500,5389.75,5390.25,5389.5,5390.25
1709005800,5390.25,5390.25,5389.5,5389.75
1709006100,5389.75,5391.25,5389.75,5390.5
1709006400,5390.5,5391,5390.25,5390.5
1709006700,5390.75,5390.75,5389.75,5389.75
1709007000,5390,5390.25,5389.5,5389.75
1709007300,5390,5390.25,5389.5,5389.75
1709007600,5390,5390.25,5388.5,5388.5
1709007900,5388.5,5389.75,5388.5,5389.75
1709008200,5389.75,5389.75,5389,5389.75
1709008500,5389.5,5390.75,5389.5,5390.25
1709008800,5390.25,5391,5390.25,5390.5
1709009100,5390.5,5391,5390.5,5391
1709009400,5390.75,5391,5390.5,5391
1709009700,5391,5391.25,5390.5,5391
1709010000,5391,5391.25,5390.25,5390.5
1709010300,5390.5,5391.5,5390.5,5391.25
1709010600,5391.25,5392,5390.5,5391.75
1709010900,5392,5392.25,5391.5,5391.5
1709011200,5391.75,5391.75,5390.25,5390.75
1709011500,5390.75,5390.75,5389.5,5389.75
1709011800,5389.75,5390.25,5389.75,5389.75
1709012100,5390,5390,5388.75,5388.75
1709012400,5388.75,5388.75,5386,5386.5
1709012700,5386.75,5387.75,5386.75,5387.5
1709013000,5387.5,5387.75,5387.25,5387.75
1709013300,5387.75,5388.5,5387.75,5388.5
1709013600,5388.5,5388.75,5387.75,5387.75
1709013900,5387.75,5388.25,5387.5,5387.75
1709014200,5388,5388.5,5387.5,5387.75
1709014500,5387.75,5388.25,5387.25,5388.25
1709014800,5388,5388.25,5387.5,5387.5
1709015100,5387.75,5388.75,5387.75,5387.75
1709015400,5387.75,5388.75,5387.5,5388.75
1709015700,5389,5389.75,5388.75,5388.75
1709016000,5389,5389,5387.5,5388.25
1709016300,5388,5389,5387.75,5388.25
1709016600,5388.25,5388.5,5388,5388.25
1709016900,5388.25,5388.5,5387.75,5388.5
1709017200,5388.75,5389.5,5388.5,5388.75
1709017500,5388.75,5390,5388.25,5389.5
1709017800,5389.5,5391.25,5389.25,5391.25
1709018100,5391.5,5392.5,5391.25,5391.75
1709018400,5391.75,5392.5,5391.75,5392.25
1709018700,5392,5394.25,5391.75,5394.25
1709019000,5394,5395.25,5393.5,5394.25
1709019300,5394.25,5395.25,5394.25,5395
1709019600,5395,5395.5,5394.25,5394.25
1709019900,5394.25,5394.25,5392.75,5393.25
1709020200,5393.5,5394,5393.25,5393.25
1709020500,5393.25,5394.25,5393,5393.75
1709020800,5393.75,5395.75,5393.75,5395.25
1709021100,5395,5395.25,5393.75,5394.75
1709021400,5394.75,5395.5,5394.5,5395.25
1709021700,5395,5395,5393,5394
1709022000,5393.75,5395.25,5393.75,5394.5
1709022300,5394.75,5395.25,5394,5394.5
1709022600,5394.5,5394.75,5392.5,5393
1709022900,5393.25,5393.75,5390.75,5392.5
1709023200,5392.5,5393,5391.5,5391.5
1709023500,5391.5,5391.5,5390,5390
1709023800,5390,5391.25,5389.75,5391.25
1709024100,5391.25,5391.5,5389.5,5390
1709024400,5390.25,5397.75,5390,5397.25
1709024700,5397,5397,5396,5396.5
1709025000,5396.5,5396.5,5395,5395.25
1709025300,5395.25,5396.25,5395,5395.75
1709025600,5395.75,5397,5395.5,5397
1709025900,5397,5400,5397,5399
1709026200,5399,5399.5,5398.25,5398.75
1709026500,5398.75,5399.25,5398.25,5398.75
1709026800,5399,5399.25,5398.5,5399
1709027100,5399,5399.25,5398,5398.25
1709027400,5398,5398.75,5397.25,5398.75
1709027700,5398.5,5398.75,5398,5398.5
1709028000,5398.5,5399,5397.5,5397.5
1709028300,5397.5,5399.75,5397.5,5399.25
1709028600,5399.25,5399.75,5397.25,5397.25
1709028900,5397.25,5398.5,5397,5397.75
1709029200,5397.75,5398.25,5397.5,5398
1709029500,5398.25,5398.5,5397.75,5398.25
1709029800,5398,5398.5,5397.5,5397.75
1709030100,5397.75,5398.25,5397.25,5397.5
1709030400,5397.5,5397.5,5396,5397
1709030700,5396.75,5398.5,5396.5,5397.5
1709031000,5397.75,5399.5,5397.75,5399.25
1709031300,5399,5399.25,5398.5,5399
1709031600,5398.75,5399.5,5397.5,5398
1709031900,5398,5398.25,5397,5398
1709032200,5398,5398,5396.5,5396.75
1709032500,5396.5,5397.25,5396.5,5396.75
1709032800,5396.75,5396.75,5395.75,5396.75
1709033100,5396.5,5397.75,5396.5,5396.75
1709033400,5396.75,5397,5395.5,5396.75
1709033700,5396.75,5397.25,5396.5,5397.25
1709034000,5397.25,5397.25,5396.25,5396.5
1709034300,5396.5,5397.5,5396.25,5396.25
1709034600,5396.25,5397.5,5396.25,5397.25
1709034900,5397.25,5397.5,5396.5,5396.5
1709035200,5396.75,5398.75,5396.5,5397.75
1709035500,5397.75,5399,5397.5,5398.25
1709035800,5398.5,5399.5,5398.5,5399.25
1709036100,5399.25,5400.5,5399.25,5400.25
1709036400,5400.25,5400.5,5399.75,5399.75
1709036700,5400,5400.75,5400,5400.25
1709037000,5400.25,5402.5,5400.25,5402
1709037300,5402.25,5402.25,5400.75,5401.5
1709037600,5401.5,5402.25,5401.25,5402.25
1709037900,5402,5403,5402,5402.75
1709038200,5402.75,5402.75,5401.25,5401.75
1709038500,5401.5,5402,5401.25,5401.25
1709038800,5401.5,5402,5400,5400.5
1709039100,5400.5,5400.75,5398.75,5398.75
1709039400,5399,5399,5397.25,5397.25
1709039700,5397.5,5397.5,5392.25,5394
1709040000,5393.75,5395.25,5393.5,5394.25
1709040300,5394.25,5395.25,5393.75,5394.5
1709040600,5394.75,5397,5393,5395.25
1709040900,5395.25,5398,5395,5396.75
1709041200,5396.75,5397.5,5395.25,5396
1709041500,5395.75,5398.25,5395,5397.75
1709041800,5397.75,5400.5,5397.75,5399.25
1709042100,5399.5,5401.25,5398.75,5400
1709042400,5400,5400.75,5398.75,5399.25
1709042700,5399.25,5399.25,5397.5,5398.25
1709043000,5398.25,5398.5,5397,5398
1709043300,5398.25,5399.25,5398,5398.5
1709043600,5398.25,5400,5397.5,5397.75
1709043900,5397.75,5402,5397.5,5399.5
1709044200,5399.5,5400,5394.5,5394.5
1709044500,5394.75,5395.75,5390.5,5391.75
1709044800,5391.75,5392,5387.75,5390.25
1709045100,5390.5,5392.75,5389.25,5392
1709045400,5391.75,5393,5388.75,5391.5
1709045700,5391.5,5394.75,5391,5393.75
1709046000,5393.75,5398.5,5392.25,5393.75
1709046300,5393.75,5394,5388.75,5391.25
1709046600,5391,5392.75,5390.5,5391.75
1709046900,5391.5,5395.75,5390.75,5395.25
1709047200,5395.25,5397.25,5392.75,5393.75
1709047500,5393.5,5395.25,5391.25,5395
1709047800,5395,5395.5,5393.75,5394.25
1709048100,5394.5,5395.5,5391.25,5391.5
1709048400,5391.5,5392.25,5389.75,5389.75
1709048700,5390,5394.75,5388.5,5393.75
1709049000,5393.5,5396,5391.25,5392.25
1709049300,5392.25,5394.75,5392,5394
1709049600,5393.75,5394.5,5392.25,5393
1709049900,5393,5393.75,5390.75,5390.75
1709050200,5390.75,5393,5390.25,5392.25
1709050500,5392.25,5392.25,5388.5,5390.5
1709050800,5390.25,5391.75,5389,5391.5
1709051100,5391.75,5392.75,5388.75,5389.25
1709051400,5389.25,5392,5388,5391.5
1709051700,5391.25,5391.5,5386.75,5390
1709052000,5390,5390,5387.25,5388.5
1709052300,5388.25,5389.75,5387.75,5389
1709052600,5389,5392,5389,5390.75
1709052900,5391,5392.25,5390.5,5391.5
1709053200,5391.75,5392.75,5391.25,5392
1709053500,5392,5392.5,5390.75,5390.75
1709053800,5391,5392,5390,5390.5
1709054100,5390.5,5391.25,5387.75,5389
1709054400,5389.25,5390.5,5385.75,5386.25
1709054700,5386.25,5390,5386,5387.75
1709055000,5388,5390.25,5387.75,5388.5
1709055300,5388.5,5389.25,5384.75,5385
1709055600,5385.25,5386.5,5384,5386
1709055900,5385.75,5387.25,5384.75,5385.5
1709056200,5385.5,5385.75,5384,5384.75
1709056500,5384.75,5385,5382.25,5383
1709056800,5383,5387.25,5380,5386.25
1709057100,5386.25,5387.75,5385,5386.5
1709057400,5386.5,5388.75,5386.25,5387
1709057700,5387,5388.25,5385.5,5385.75
1709058000,5385.75,5389.75,5385,5388.25
1709058300,5388.5,5389.25,5384.25,5384.75
1709058600,5385,5386.5,5383.5,5386
1709058900,5386,5387.25,5384.75,5386.75
1709059200,5387,5388,5386.25,5387.25
1709059500,5387.5,5388.25,5386,5388
1709059800,5388,5388.75,5387,5387.75
1709060100,5387.75,5391.5,5387.75,5390.5
1709060400,5390.5,5392,5390,5390.25
1709060700,5390.5,5391.75,5390.25,5390.5
1709061000,5390.75,5392.5,5390.75,5392.25
1709061300,5392.5,5397.25,5392,5396.75
1709061600,5396.75,5396.75,5394,5396.25
1709061900,5396.25,5396.25,5393.5,5395.75
1709062200,5395.75,5398.25,5395.75,5398
1709062500,5398,5398.25,5396.5,5396.75
1709062800,5397,5398,5395.5,5396.25
1709063100,5396.25,5396.5,5393.25,5395.5
1709063400,5395.5,5397,5394,5396
1709063700,5396,5399.75,5396,5399.25
1709064000,5399,5399.75,5397.25,5398.75
1709064300,5399,5399.25,5397.75,5398.75
1709064600,5398.75,5400.25,5398.25,5398.5
1709064900,5398.75,5398.75,5394.75,5396.25
1709065200,5396,5400,5394.75,5399.5
1709065500,5399.5,5401.5,5398,5400.25
1709065800,5400.25,5400.25,5397,5397.75
1709066100,5397.75,5399.25,5396.75,5398.75
1709066400,5398.5,5400.5,5397.5,5400
1709066700,5399.75,5401.5,5399.25,5401.25
1709067000,5401.25,5403.5,5399.25,5402.25
1709067300,5402,5404.75,5400.75,5401.5
1709067600,5401.75,5403,5401,5402.25
1709067900,5402.25,5403.75,5402,5402.5
1709068200,5402.5,5405.5,5402.5,5404.75
1709068500,5404.75,5405.5,5404.5,5405.25
1709068800,5405.25,5406,5404.75,5405.75
1709069100,5405.75,5406,5405.5,5405.75
1709069400,5405.5,5405.75,5405,5405.25
1709069700,5405.25,5405.25,5404.5,5404.5
1709070000,5404.75,5405.75,5404.75,5405.25
1709070300,5405.25,5405.5,5405,5405.25
1709070600,5405,5405.75,5405,5405.25
1709070900,5405.25,5405.5,5403,5403.25
1709074800,5403.75,5404.25,5402.25,5404
1709075100,5404,5404,5403,5403.75
1709075400,5403.5,5403.5,5401.75,5402.5
1709075700,5402.5,5402.75,5401.75,5402.5
1709076000,5402.25,5403.25,5402.25,5402.5
1709076300,5402.5,5403,5402.25,5403
1709076600,5403,5403,5401.5,5401.5
1709076900,5401.5,5401.75,5401,5401
1709077200,5401.25,5401.5,5400.75,5401
1709077500,5400.75,5401,5400.25,5400.75
1709077800,5400.75,5401,5400.5,5400.5
1709078100,5400.75,5400.75,5400.25,5400.25
1709078400,5400.5,5400.75,5400.25,5400.5
1709078700,5400.25,5401.25,5400.25,5400.75
1709079000,5400.75,5401,5400.5,5401
1709079300,5400.75,5401.5,5400.75,5401.5
1709079600,5401.25,5401.5,5400.25,5401.25
1709079900,5401,5401.5,5401,5401.5
1709080200,5401.25,5401.25,5400.5,5400.75
1709080500,5401,5401,5400.5,5400.75
1709080800,5400.75,5401.25,5400.5,5401
1709081100,5400.75,5401,5400.5,5400.5
1709081400,5400.5,5401.25,5400.5,5401
1709081700,5401,5401,5400,5400
1709082000,5400,5400.25,5398.75,5399.5
1709082300,5399.5,5400.5,5399.5,5400.25
1709082600,5400.25,5400.25,5399.75,5400
1709082900,5400,5402.25,5400,5401.5
1709083200,5401.75,5402.25,5401.5,5402
1709083500,5402,5402.5,5401.5,5401.75
1709083800,5401.75,5402,5399.75,5400
1709084100,5400,5401.25,5399.75,5401
1709084400,5401,5402,5400.5,5402
1709084700,5401.75,5402,5401.5,5401.75
1709085000,5401.5,5402,5401.5,5401.75
1709085300,5401.75,5401.75,5401.25,5401.5
1709085600,5401.5,5402.25,5400.75,5401
1709085900,5401,5401.25,5401,5401
1709086200,5401,5401.75,5400.75,5401.75
1709086500,5401.75,5402,5401.25,5401.5
1709086800,5401.5,5402,5401.25,5402
1709087100,5401.75,5403,5401.75,5402.75
1709087400,5402.75,5402.75,5402.25,5402.5
1709087700,5402.5,5402.5,5402,5402.25
1709088000,5402.25,5402.25,5401.25,5401.25
1709088300,5401.25,5402,5401,5402
1709088600,5402,5402.25,5401.5,5402
1709088900,5402,5402.75,5402,5402.75
1709089200,5402.75,5403.25,5402.25,5402.5
1709089500,5402.5,5402.75,5402,5402.25
1709089800,5402.25,5402.5,5402,5402.25
1709090100,5402.25,5402.25,5401.5,5401.75
1709090400,5402,5402.25,5402,5402
1709090700,5402.25,5402.5,5402,5402.25
1709091000,5402.25,5403,5402.25,5402.75
1709091300,5402.75,5402.75,5402.25,5402.25
1709091600,5402.5,5403,5402.25,5402.5
1709091900,5402.5,5403.75,5402.5,5403.5
1709092200,5403.5,5403.5,5403,5403
1709092500,5403.25,5404,5403,5403.75
1709092800,5404,5404,5403.5,5403.5
1709093100,5403.5,5403.75,5403.25,5403.25
1709093400,5403.25,5403.25,5402.75,5402.75
1709093700,5403,5403,5402.25,5402.5
1709094000,5402.5,5402.75,5402.25,5402.25
1709094300,5402.5,5402.75,5402,5402.25
1709094600,5402.25,5402.25,5401.75,5402
1709094900,5402,5402,5401.5,5401.75
1709095200,5401.75,5401.75,5400,5400.5
1709095500,5400.25,5401.5,5400.25,5401.25
1709095800,5401.25,5401.75,5401.25,5401.25
1709096100,5401.25,5401.25,5400.5,5400.75
1709096400,5400.5,5401.25,5400.5,5401
1709096700,5401,5401.5,5401,5401.5
1709097000,5401.25,5402.5,5401.25,5402
1709097300,5402,5402,5401.25,5401.5
1709097600,5401.75,5402,5401,5401.25
1709097900,5401,5401.25,5400,5400.25
1709098200,5400.25,5400.75,5399.75,5400
1709098500,5400,5400,5399,5399.75
1709098800,5399.75,5400.25,5399.5,5399.5
1709099100,5399.5,5400.25,5399.5,5399.75
1709099400,5400,5400,5399.5,5399.75
1709099700,5399.75,5400,5399.5,5399.75
1709100000,5400,5400.25,5399.5,5399.5
1709100300,5399.5,5400,5398.5,5399
1709100600,5399.25,5399.75,5398.75,5399.25
1709100900,5399.25,5399.25,5399,5399
1709101200,5399,5399,5397.5,5397.75
1709101500,5397.75,5398.5,5397.75,5398.5
1709101800,5398.5,5398.75,5398.25,5398.75
1709102100,5398.75,5399,5398.5,5398.5
1709102400,5398.5,5399.5,5398.5,5399
1709102700,5399,5399.5,5398.75,5398.75
1709103000,5398.75,5399.25,5398.5,5399
1709103300,5399,5399.25,5398.75,5399
1709103600,5399,5400.75,5399,5400.5
1709103900,5400.5,5401,5399.75,5399.75
1709104200,5400,5400,5398.5,5398.75
1709104500,5399,5399.25,5398,5398.25
1709104800,5398.25,5398.75,5398,5398
1709105100,5398,5398.5,5396,5396.5
1709105400,5396.5,5397,5395.75,5396.75
1709105700,5396.75,5397,5396,5396
1709106000,5396,5396.25,5395.25,5396
1709106300,5396.25,5397.75,5395.75,5397.75
1709106600,5397.75,5398,5397,5397
1709106900,5397.25,5398.25,5397,5397.25
1709107200,5397.25,5397.5,5395.25,5396.25
1709107500,5396.25,5397.5,5396.25,5397
1709107800,5396.75,5396.75,5394.75,5395.75
1709108100,5395.75,5396,5394.25,5394.75
1709108400,5394.5,5394.5,5391.5,5391.75
1709108700,5391.75,5392.75,5391.5,5392.75
1709109000,5392.5,5392.75,5390,5391.25
1709109300,5391.25,5392.5,5391.25,5392.5
1709109600,5392.5,5393,5392.25,5392.25
1709109900,5392.25,5392.25,5391,5391.75
1709110200,5392,5392.5,5389.5,5389.75
1709110500,5389.75,5390.25,5388.5,5389.25
1709110800,5389.25,5391,5388.5,5390.75
1709111100,5390.75,5391.5,5390,5390
1709111400,5390.25,5391.5,5389.5,5389.75
1709111700,5389.5,5390.25,5388.75,5389.25
1709112000,5389.25,5390,5388,5388.75
1709112300,5388.5,5389,5383.5,5384
1709112600,5384,5384.5,5380.75,5382.25
1709112900,5382.25,5383.25,5381,5382
1709113200,5382.25,5382.5,5376.5,5378.25
1709113500,5378,5378.75,5376.25,5377.75
1709113800,5377.5,5379.75,5377.25,5378.5
1709114100,5378.5,5379.75,5377.25,5377.75
1709114400,5377.75,5380.75,5377.5,5378
1709114700,5378,5379.5,5377.5,5378.5
1709115000,5378.5,5379.25,5377,5378.25
1709115300,5378.25,5378.75,5377.75,5378.5
1709115600,5378.5,5381,5378.25,5380.5
1709115900,5380.5,5383.75,5379.75,5382.25
1709116200,5382.25,5384,5381.5,5382.75
1709116500,5382.75,5387,5382.25,5385.25
1709116800,5385.25,5387.5,5385,5385.5
1709117100,5385.5,5386,5384.75,5385
1709117400,5385.25,5385.25,5384.25,5384.75
1709117700,5384.75,5386.5,5384.5,5385.5
1709118000,5385.5,5385.5,5383.75,5384.25
1709118300,5384.5,5385,5383.25,5383.25
1709118600,5383.5,5385.5,5383.5,5385.5
1709118900,5385.5,5386.5,5385,5386.25
1709119200,5386.25,5387.25,5386,5386.5
1709119500,5386.5,5387.25,5386.5,5386.75
1709119800,5386.75,5387.5,5386,5386
1709120100,5386,5387.75,5385.75,5387.5
1709120400,5387.75,5389,5387.25,5387.5
1709120700,5387.5,5387.75,5386.75,5387.75
1709121000,5388,5388,5386.25,5386.75
1709121300,5386.75,5386.75,5384.75,5386
1709121600,5385.75,5388,5385.75,5386.5
1709121900,5386.5,5387.75,5385.5,5385.5
1709122200,5385.5,5386.25,5384.25,5385
1709122500,5385,5385.25,5382.5,5384.25
1709122800,5384,5385.75,5383.75,5385
1709123100,5385.25,5386.75,5385.25,5385.5
1709123400,5385.5,5387.25,5384.75,5386.75
1709123700,5387,5387.5,5385.75,5385.75
1709124000,5385.75,5385.75,5384.25,5385
1709124300,5385.25,5386.25,5384.25,5384.75
1709124600,5384.75,5385,5382.25,5382.5
1709124900,5382.75,5382.75,5381.25,5381.75
1709125200,5381.75,5384.25,5381.5,5384
1709125500,5383.75,5385.5,5383.5,5384.75
1709125800,5384.75,5385,5382.5,5383.5
1709126100,5383.5,5386.5,5383,5385.75
1709126400,5385.75,5387.5,5385.5,5386
1709126700,5386,5386.75,5384.75,5386
1709127000,5386.25,5391.5,5383,5390.25
1709127300,5390.5,5392,5388,5388.5
1709127600,5388.25,5388.25,5384,5387
1709127900,5386.75,5390.75,5386.75,5389
1709128200,5389,5389.75,5385.25,5386.25
1709128500,5386,5389.75,5385.75,5389
1709128800,5389.5,5389.5,5387.5,5388
1709129100,5388,5388.75,5385.25,5386
1709129400,5386.25,5386.25,5384.25,5384.75
1709129700,5384.75,5386.25,5384.25,5385
1709130000,5385.25,5387.25,5384.75,5385.5
1709130300,5385.5,5386.5,5384,5385.25
1709130600,5385.25,5388.25,5381.75,5385.75
1709130900,5385.75,5388.75,5385.5,5387.5
1709131200,5387.5,5390.25,5386.5,5388.5
1709131500,5388.5,5390,5386.75,5387.25
1709131800,5387.25,5387.5,5381.5,5384.25
1709132100,5384.25,5386,5383.5,5385
1709132400,5385,5388,5384,5386
1709132700,5386,5390,5385.5,5389.25
1709133000,5389.25,5392,5389,5389.25
1709133300,5389,5390.75,5388.25,5389.5
1709133600,5389.25,5390.5,5387.5,5388
1709133900,5388,5389.75,5385.75,5388.5
1709134200,5388.75,5391.75,5388,5391.5
1709134500,5391.25,5394.25,5391,5392.75
1709134800,5392.5,5394,5391.5,5393.5
1709135100,5393.5,5395.5,5391.75,5394
1709135400,5394,5395.75,5393.25,5394.5
1709135700,5394.5,5397.5,5394,5397
1709136000,5397,5400.5,5396.75,5399.5
1709136300,5399.75,5400.75,5397.25,5397.75
1709136600,5397.75,5398.25,5396.25,5397.5
1709136900,5397.5,5398.75,5396.75,5398.25
1709137200,5398.25,5399.25,5397,5397.5
1709137500,5397.75,5398,5396,5397.25
1709137800,5397.5,5398.25,5393.75,5395.5
1709138100,5395.5,5398.75,5395.25,5398
1709138400,5398,5399.25,5396.75,5399.25
1709138700,5399.25,5400.25,5398,5398.75
1709139000,5399,5399.75,5398.25,5398.5
1709139300,5398.5,5399.75,5397,5397.75
1709139600,5398,5399,5395.75,5398.5
1709139900,5398.5,5398.5,5395.75,5396.25
1709140200,5396.25,5397.5,5395.75,5396.5
1709140500,5396.5,5396.5,5393.75,5394
1709140800,5394,5395,5392.75,5394.25
1709141100,5394.25,5394.5,5390.75,5392.25
1709141400,5392.25,5392.75,5387,5389.25
1709141700,5389.25,5390.25,5387,5387.25
1709142000,5387.25,5390.5,5386.5,5390.25
1709142300,5390,5392.25,5389.25,5391.25
1709142600,5391.25,5392.5,5390.25,5391.5
1709142900,5391.5,5392.25,5390.25,5390.75
1709143200,5390.75,5391.75,5388.75,5389.25
1709143500,5389.25,5390,5387,5388.5
1709143800,5388.5,5391.5,5387.5,5391.5
1709144100,5391.5,5394.25,5391,5393.25
1709144400,5393.25,5396,5393,5395.25
1709144700,5395.5,5397.5,5394.5,5397
1709145000,5397.25,5399.75,5397.25,5398.75
1709145300,5398.75,5399.75,5397.75,5399.25
1709145600,5399.25,5400.25,5397.5,5397.75
1709145900,5398,5399,5396.25,5397
1709146200,5397.25,5397.75,5395.75,5397.5
1709146500,5397.5,5398.75,5397.25,5398.75
1709146800,5398.5,5399.25,5396.5,5397
1709147100,5397,5397,5393.5,5393.75
1709147400,5393.75,5394.25,5388,5389.5
1709147700,5389.5,5393.5,5387.5,5392.5
1709148000,5392.5,5393.75,5391.5,5392.75
1709148300,5392.75,5393,5389.5,5389.75
1709148600,5389.5,5389.75,5387.5,5388
1709148900,5388,5388,5384.75,5387.5
1709149200,5387.5,5387.5,5385.5,5386.5
1709149500,5386.5,5388.75,5385.75,5386.75
1709149800,5386.75,5388.5,5384,5388
1709150100,5387.75,5391,5387.5,5390.5
1709150400,5390.75,5395,5390.5,5393.5
1709150700,5393.25,5393.5,5387.25,5389
1709151000,5389,5390,5387.25,5388.75
1709151300,5388.5,5390.5,5387.75,5390
1709151600,5390,5392.5,5388.25,5391.25
1709151900,5391.25,5394,5390.5,5393.25
1709152200,5393.25,5394,5392.25,5393.75
1709152500,5394,5394,5392,5392.25
1709152800,5392.25,5393,5390,5390.75
1709153100,5390.5,5391.5,5387.5,5391.25
1709153400,5391.25,5391.25,5385.75,5387.5
1709153700,5387.5,5395,5387,5394.5
1709154000,5394.75,5395,5384.25,5387.5
1709154300,5387.25,5387.5,5383.75,5384.25
1709154600,5384.25,5385.5,5384,5384.5
1709154900,5384.5,5385.75,5382,5382.25
1709155200,5382.25,5383,5382,5382.75
1709155500,5383,5383.5,5382.25,5382.75
1709155800,5382.5,5382.75,5382,5382
1709156100,5381.75,5382.25,5380.75,5381
1709156400,5381,5381.25,5380.25,5380.5
1709156700,5380.25,5381,5380,5380
1709157000,5380,5381.75,5379.75,5381.75
1709157300,5381.75,5383.5,5381.75,5382.5
1709161200,5385,5387.25,5383.25,5384.75
1709161500,5384.75,5386.5,5384.75,5386
1709161800,5386,5386,5385,5385.5
1709162100,5385.5,5386,5385.5,5385.5
1709162400,5385.5,5385.75,5384.5,5385.5
1709162700,5385.75,5386,5385.25,5385.75
1709163000,5385.75,5386.25,5385.5,5385.5
1709163300,5385.25,5385.5,5385,5385.5
1709163600,5385.5,5385.5,5385,5385.5
1709163900,5385.5,5385.75,5385,5385
1709164200,5385,5385.5,5383,5383
1709164500,5383.25,5384.25,5383,5384
1709164800,5383.75,5385,5383.75,5384.75
1709165100,5385,5386.5,5385,5385.5
1709165400,5385.75,5386,5385.5,5385.75
1709165700,5385.75,5386,5385,5385.25
1709166000,5385.5,5386.75,5385.5,5386.75
1709166300,5386.5,5387.25,5386.5,5387
1709166600,5386.75,5387.5,5386.75,5387
1709166900,5387.25,5388.5,5387.25,5387.75
1709167200,5387.75,5390,5387.5,5390
1709167500,5389.75,5391,5389.5,5390.5
1709167800,5390.25,5390.5,5389.25,5389.5
1709168100,5389.75,5390.25,5389.5,5389.75
1709168400,5390,5390.25,5388.5,5389.75
1709168700,5389.5,5390,5389,5389.25
1709169000,5389.25,5389.75,5388.75,5389
1709169300,5389,5390.75,5389,5390.75
1709169600,5390.75,5391.25,5389.5,5389.5
1709169900,5389.75,5390.75,5389.5,5390.75
1709170200,5390.75,5391.25,5390,5391
1709170500,5391,5391.5,5390.5,5391.5
1709170800,5391.75,5392.5,5390.75,5390.75
1709171100,5390.5,5391,5390.5,5390.75
1709171400,5390.75,5390.75,5389.5,5389.75
1709171700,5389.75,5390.5,5389.75,5390.5
1709172000,5390.5,5392,5390.5,5392
1709172300,5391.75,5392,5391,5392
1709172600,5391.75,5392,5391.5,5391.5
1709172900,5391.5,5392.5,5391.25,5392.25
1709173200,5392,5392.25,5391.5,5391.75
1709173500,5391.75,5392,5391.5,5391.5
1709173800,5391.75,5392,5391,5392
1709174100,5391.75,5392.25,5391.25,5391.5
1709174400,5391.5,5392.25,5391.25,5392
1709174700,5392.25,5392.25,5391.25,5391.75
1709175000,5391.75,5393.75,5391.5,5393.5
1709175300,5393.75,5394.75,5393.25,5394
1709175600,5393.75,5394.25,5393.5,5393.75
1709175900,5393.5,5393.75,5393,5393.25
1709176200,5393.25,5393.5,5392.75,5392.75
1709176500,5393,5393.5,5392.5,5393
1709176800,5393,5393,5391.5,5391.75
1709177100,5391.75,5392.25,5391.5,5392
1709177400,5392.25,5392.25,5391.25,5392
1709177700,5392,5393.25,5391.75,5393.25
1709178000,5393.25,5394,5393,5393.25
1709178300,5393.25,5394,5393.25,5394
1709178600,5393.75,5394.25,5393.5,5393.5
1709178900,5393.75,5394.25,5393.75,5393.75
1709179200,5394,5394.75,5394,5394.75
1709179500,5394.75,5395.75,5394.5,5395.75
1709179800,5395.75,5396,5395.25,5396
1709180100,5396,5396.25,5395.5,5395.75
1709180400,5396,5396.75,5395.75,5396.25
1709180700,5396.25,5397,5396.25,5397
1709181000,5397,5397.5,5396.75,5397.25
1709181300,5397,5397.75,5396.75,5397.5
1709181600,5397.25,5398,5397.25,5397.25
1709181900,5397.5,5397.5,5396.75,5397.5
1709182200,5397.25,5397.5,5397,5397.25
1709182500,5397.25,5397.75,5397,5397.5
1709182800,5397.5,5398.25,5397,5397.75
1709183100,5397.75,5398,5396.5,5396.75
1709183400,5396.5,5397,5396.25,5397
1709183700,5396.75,5397,5396.5,5396.75
1709184000,5396.5,5397,5396.25,5396.75
1709184300,5396.75,5397,5395.25,5395.25
1709184600,5395.25,5395.75,5394.75,5395.5
1709184900,5395.5,5396,5395.25,5396
1709185200,5396,5396.5,5395.5,5396.5
1709185500,5396.75,5397,5396,5396.25
1709185800,5396,5396.5,5395.75,5396
1709186100,5395.75,5396.25,5395.5,5395.5
1709186400,5395.5,5395.5,5394.5,5395
1709186700,5395,5395.25,5394.75,5394.75
1709187000,5394.5,5394.75,5394.25,5394.5
1709187300,5394.25,5394.75,5393.5,5394.25
1709187600,5394.25,5394.75,5394.25,5394.5
1709187900,5394.5,5394.75,5394,5394.25
1709188200,5394,5394.75,5393.75,5394
1709188500,5394,5394.25,5393.75,5394.25
1709188800,5394,5394.25,5392.25,5392.75
1709189100,5392.75,5393.25,5391.75,5392.75
1709189400,5393,5393.75,5393,5393.5
1709189700,5393.25,5393.5,5391.75,5392
1709190000,5391.75,5392,5390.25,5391.75
1709190300,5392,5394.25,5392,5394.25
1709190600,5394.25,5394.75,5393.5,5393.75
1709190900,5393.5,5394.25,5392.75,5392.75
1709191200,5392.5,5393.25,5391.25,5391.75
1709191500,5392,5392.5,5390.75,5391.25
1709191800,5391.25,5391.5,5390.5,5391.5
1709192100,5391.5,5391.5,5390.5,5390.5
1709192400,5390.5,5391.75,5390.25,5391.25
1709192700,5391,5391.5,5390,5390
1709193000,5390.25,5390.25,5388.25,5389.5
1709193300,5389.5,5389.5,5386.5,5387.5
1709193600,5387.75,5388.75,5386,5387.75
1709193900,5387.75,5387.75,5382,5382.5
1709194200,5382.25,5382.25,5373,5378.5
1709194500,5378.5,5383,5377.75,5381.75
1709194800,5382,5382.5,5379.75,5382.25
1709195100,5382.25,5382.25,5379.25,5381
1709195400,5381,5381.5,5379,5379.75
1709195700,5379.75,5383.5,5379,5383.5
1709196000,5383.5,5383.75,5382,5382.5
1709196300,5382.5,5383,5380.75,5381.25
1709196600,5381.5,5383.5,5381.25,5382.25
1709196900,5382.5,5383.75,5381.75,5382
1709197200,5382,5382.75,5377.5,5378
1709197500,5378,5378.5,5376,5377.75
1709197800,5378,5380.5,5377.25,5378
1709198100,5378,5379.25,5377.5,5378.75
1709198400,5378.5,5380,5378.25,5378.5
1709198700,5378.25,5378.75,5375.75,5376.75
1709199000,5377,5378.25,5376.5,5377.75
1709199300,5377.75,5380.5,5377.75,5379.75
1709199600,5379.75,5381,5379,5380.5
1709199900,5380.5,5382.25,5380.25,5382
1709200200,5381.75,5382.5,5380.25,5380.75
1709200500,5380.75,5381.25,5380,5381
1709200800,5380.75,5381.75,5380.5,5381.75
1709201100,5381.5,5381.75,5379.25,5379.5
1709201400,5379.75,5382,5379.75,5382
1709201700,5381.75,5382,5380,5380.75
1709202000,5381,5383.25,5380.25,5382
1709202300,5382,5382.25,5381,5381.75
1709202600,5381.5,5382.25,5379.75,5380.25
1709202900,5380,5380.75,5379,5380
1709203200,5380,5381.25,5379.75,5380.5
1709203500,5380.25,5380.5,5377.75,5379.75
1709203800,5380,5380.75,5378.5,5379.25
1709204100,5379,5380.75,5378.75,5378.75
1709204400,5378.75,5382,5378.5,5381.75
1709204700,5381.75,5384.5,5381.75,5384
1709205000,5384,5384.75,5383.25,5383.5
1709205300,5383.25,5383.75,5381.25,5382
1709205600,5382,5382.75,5380.5,5382.5
1709205900,5382.25,5382.25,5380.5,5381.25
1709206200,5381.25,5381.75,5380.75,5381.25
1709206500,5381,5382.25,5380.75,5381.5
1709206800,5381.5,5381.5,5380.75,5381
1709207100,5380.75,5382.5,5380.75,5382.5
1709207400,5382.25,5384,5382.25,5384
1709207700,5384.25,5384.5,5383.75,5384.5
1709208000,5384.25,5384.75,5382.25,5382.25
1709208300,5382.25,5382.75,5380.75,5381.25
1709208600,5381.25,5383,5380.75,5382.25
1709208900,5382.25,5382.25,5380.25,5380.5
1709209200,5380.75,5380.75,5378.5,5380
1709209500,5380,5381.5,5379.5,5380.25
1709209800,5380.25,5380.75,5379.75,5380.75
1709210100,5380.75,5381.75,5380.25,5380.5
1709210400,5380.5,5380.5,5378,5379
1709210700,5379.25,5380.5,5379,5379.75
1709211000,5379.5,5379.75,5379,5379.25
1709211300,5379.5,5381,5379.5,5381
1709211600,5380.75,5381,5378.25,5379.25
1709211900,5379.25,5382.25,5379.25,5380.5
1709212200,5380.5,5381,5379.75,5380.5
1709212500,5380.75,5381.75,5379.5,5380
1709212800,5380.25,5380.75,5377.25,5378
1709213100,5378.25,5378.5,5376.25,5378
1709213400,5378.25,5399.25,5378.25,5398
1709213700,5398,5406.5,5398,5405
1709214000,5404.75,5409.5,5404.75,5409
1709214300,5408.75,5410.5,5408.25,5408.5
1709214600,5408.5,5411.5,5407.25,5409.75
1709214900,5410,5410.25,5407.75,5408.5
1709215200,5408.5,5410.5,5408.25,5410.5
1709215500,5410.25,5412.5,5410,5412.25
1709215800,5412.5,5413.5,5411,5411.25
1709216100,5411.25,5411.25,5409.25,5409.75
1709216400,5409.75,5410,5408.5,5409
1709216700,5409,5412.25,5408.5,5411
1709217000,5411,5418.5,5410.5,5417.25
1709217300,5417.25,5418.25,5413.75,5416
1709217600,5416,5417.5,5412,5414.5
1709217900,5414.5,5416.75,5412.75,5413.5
1709218200,5413.75,5416.5,5412.75,5414.25
1709218500,5414.5,5416.5,5413.25,5415
1709218800,5415,5417.5,5413.25,5416
1709219100,5416.25,5417,5410.5,5412.5
1709219400,5412.75,5412.75,5397.5,5399.5
1709219700,5399.5,5404.25,5398.5,5402.75
1709220000,5402.75,5406.5,5402,5405.75
1709220300,5405.75,5407.75,5404.75,5406.75
1709220600,5406.75,5408.25,5404.5,5405.5
1709220900,5405.5,5407.5,5403.75,5406.5
1709221200,5406.25,5406.5,5401.25,5402.25
1709221500,5402,5408,5399.75,5407.25
1709221800,5407.25,5408,5401,5401.75
1709222100,5401.5,5404.5,5400.25,5404.25
1709222400,5404.5,5405.25,5399.25,5403.25
1709222700,5403.25,5406.25,5402.25,5405
1709223000,5405,5406.5,5404,5406.5
1709223300,5406.25,5407.25,5405.5,5407
1709223600,5407,5407.25,5404.25,5405.5
1709223900,5405.5,5406.5,5401.5,5401.75
1709224200,5401.75,5402,5396,5397.25
1709224500,5397,5399.5,5387.75,5388
1709224800,5388,5390.75,5383,5390.5
1709225100,5390.25,5394.25,5387.5,5394
1709225400,5393.75,5396,5393.25,5395.75
1709225700,5395.5,5397.75,5394.25,5396.5
1709226000,5396.25,5400.75,5395.25,5399.25
1709226300,5399.25,5400,5395,5396.5
1709226600,5396.5,5399.25,5396.25,5398.25
1709226900,5398.5,5400.25,5397.25,5399.5
1709227200,5399.5,5401.25,5396.75,5398.25
1709227500,5398.25,5399,5394.75,5395.5
1709227800,5395.5,5398.5,5395.25,5396.75
1709228100,5396.5,5398.5,5396.25,5398.25
1709228400,5398.25,5400.25,5396.75,5398.75
1709228700,5398.75,5402.25,5397.25,5401
1709229000,5401.25,5404.25,5400.5,5404
1709229300,5404,5404.25,5402.75,5403.5
1709229600,5403.5,5406,5403.5,5405.25
1709229900,5405.25,5405.75,5404.25,5405.75
1709230200,5405.75,5408.25,5405.25,5407.5
1709230500,5407.5,5407.75,5405.25,5406.75
1709230800,5406.75,5407.5,5403.75,5405.75
1709231100,5405.75,5408.75,5405.5,5407.75
1709231400,5407.75,5408.75,5407,5407.25
1709231700,5407.25,5408.75,5406.5,5407.25
1709232000,5407.5,5407.75,5405,5406
1709232300,5406,5407.5,5405.25,5406
1709232600,5406.25,5408.75,5406,5408.5
1709232900,5408.5,5409,5407.25,5408
1709233200,5408.25,5410.25,5407.75,5409.25
1709233500,5409.25,5409.5,5406.25,5408
1709233800,5408.25,5410,5407.75,5409.5
1709234100,5409.75,5412.75,5409.25,5411.5
1709234400,5411.75,5413,5409.75,5410.25
1709234700,5410.5,5410.5,5404.25,5407
1709235000,5407.25,5408.75,5405.75,5407.75
1709235300,5407.5,5408.25,5406.75,5407.5
1709235600,5407.5,5407.75,5403.75,5404
1709235900,5403.75,5405.5,5401.5,5404.5
1709236200,5404.5,5405,5402.5,5403.5
1709236500,5403.5,5407.5,5403,5407.5
1709236800,5407.5,5409.25,5406.5,5407.75
1709237100,5407.75,5409,5407.25,5408.75
1709237400,5409,5409.75,5406.75,5407
1709237700,5407,5409.5,5406.5,5409
1709238000,5409.25,5410.25,5408.75,5409.75
1709238300,5410,5412,5409.5,5411.5
1709238600,5411.5,5414.25,5411.25,5412.75
1709238900,5412.5,5414.5,5412.25,5414.25
1709239200,5414.25,5417.5,5413.25,5414.25
1709239500,5414.25,5420.25,5414.25,5417.75
1709239800,5418,5421,5416,5419
1709240100,5419,5427.5,5408.75,5409.75
1709240400,5409.5,5416.25,5406,5411
1709240700,5410.75,5413.5,5407.75,5413.25
1709241000,5413.25,5414,5411.75,5413
1709241300,5413,5414.5,5412.75,5414.25
1709241600,5414.25,5415.5,5414,5414.75
1709241900,5415,5416,5414,5416
1709242200,5416,5416,5414.5,5414.75
1709242500,5414.75,5415.5,5414.5,5414.5
1709242800,5414.75,5414.75,5413.5,5413.75
1709243100,5413.75,5414.25,5412.75,5414
1709243400,5413.75,5414.25,5413.5,5413.75
1709243700,5414,5414,5412.5,5413.75
1709247600,5414.5,5417,5413.75,5416.25
1709247900,5416.5,5417,5415.25,5415.25
1709248200,5415.25,5416,5414.5,5415.25
1709248500,5415.25,5415.5,5413.25,5413.5
1709248800,5413.75,5413.75,5410.5,5410.75
1709249100,5411,5411.75,5410.75,5411.5
1709249400,5411.5,5412.25,5408.5,5409.25
1709249700,5409.25,5409.25,5407.25,5408.5
1709250000,5408.5,5408.75,5407.75,5408
1709250300,5407.75,5410.5,5407.5,5410
1709250600,5410.25,5410.75,5409.75,5410
1709250900,5410.25,5410.5,5409.5,5410.5
1709251200,5410.25,5412.75,5410.25,5412.5
1709251500,5412.75,5413.25,5411.75,5412.75
1709251800,5413,5413.5,5412.75,5413.25
1709252100,5413.25,5414.25,5412.75,5414.25
1709252400,5414.25,5414.75,5413.5,5413.5
1709252700,5413.5,5414.25,5413.5,5413.5
1709253000,5413.5,5413.75,5412.75,5413
1709253300,5413,5414.25,5412.75,5413
1709253600,5413,5413.5,5412.25,5413.5
1709253900,5413.25,5413.25,5412.25,5413.25
1709254200,5413.25,5415.5,5413.25,5414.75
1709254500,5414.75,5415.75,5414.25,5415.5
1709254800,5415.25,5417,5415.25,5416
1709255100,5415.75,5415.75,5414,5415
1709255400,5415,5416,5414.75,5415
1709255700,5415,5415.75,5414.5,5415
1709256000,5415,5415.5,5414.5,5415.25
1709256300,5415.25,5416.25,5415,5415.75
1709256600,5415.75,5417.25,5415.5,5417
1709256900,5417.25,5419.5,5417,5419.25
1709257200,5419.25,5420,5418.25,5418.75
1709257500,5419,5421,5418.5,5420.25
1709257800,5420.25,5421.5,5420.25,5421.25
1709258100,5421,5423.75,5420.75,5423.5
1709258400,5423.5,5423.5,5422.25,5422.25
1709258700,5422.5,5423,5422,5422.75
1709259000,5422.5,5423.5,5422,5423
1709259300,5423,5423.5,5422.25,5422.75
1709259600,5422.5,5423.75,5422.5,5423.5
1709259900,5423.25,5423.75,5422.75,5423.25
1709260200,5423.5,5424,5422.75,5423
1709260500,5423,5423.25,5422.5,5423
1709260800,5422.75,5423.5,5422.75,5423
1709261100,5423.25,5423.75,5422.75,5423.5
1709261400,5423.5,5425.25,5423.25,5424.5
1709261700,5424.5,5424.75,5424,5424.5
1709262000,5424.75,5426.25,5424.75,5425.5
1709262300,5425.75,5425.75,5424.75,5425.5
1709262600,5425.25,5426,5425,5425.5
1709262900,5425.5,5426,5425.25,5425.5
1709263200,5425.5,5425.75,5425,5425.25
1709263500,5425.25,5426,5425.25,5425.75
1709263800,5425.75,5425.75,5425,5425.25
1709264100,5425.25,5425.25,5424.5,5425.25
1709264400,5425,5425.25,5424.75,5424.75
1709264700,5425,5425.25,5424.75,5425
1709265000,5425,5425.25,5424.5,5425
1709265300,5425,5425.5,5424.75,5425.25
1709265600,5425.5,5425.75,5424.75,5424.75
1709265900,5425,5425,5424,5424
1709266200,5424,5424.5,5423.75,5424.25
1709266500,5424.5,5424.75,5424,5424.25
1709266800,5424.25,5424.5,5423.75,5424
1709267100,5423.75,5424.25,5423.5,5423.75
1709267400,5423.5,5424,5423.25,5423.75
1709267700,5423.75,5423.75,5423,5423.5
1709268000,5423.5,5423.75,5422.75,5423
1709268300,5423.25,5423.5,5422.75,5422.75
1709268600,5423,5423.25,5422.75,5423
1709268900,5423.25,5423.25,5422.75,5422.75
1709269200,5423,5423,5422.5,5423
1709269500,5422.75,5422.75,5422,5422.25
1709269800,5422.5,5423.75,5422.5,5423.75
1709270100,5423.75,5423.75,5423.25,5423.5
1709270400,5423.5,5424.25,5423,5423.25
1709270700,5423,5423.5,5423,5423.5
1709271000,5423.25,5423.5,5422.5,5423
1709271300,5423,5423,5422.75,5423
1709271600,5423.25,5423.75,5423,5423.75
1709271900,5423.75,5425,5423.75,5424.5
1709272200,5424.5,5424.75,5424.25,5424.5
1709272500,5424.25,5424.5,5423.75,5424
1709272800,5423.75,5424.75,5423.5,5423.75
1709273100,5423.75,5425.25,5423.5,5424.5
1709273400,5424.25,5425.5,5424.25,5425.25
1709273700,5425,5427,5425,5426.75
1709274000,5426.75,5427,5425.75,5426
1709274300,5425.75,5426.25,5425.5,5426
1709274600,5426,5426.25,5424.75,5425.25
1709274900,5425.25,5425.5,5424.75,5425.25
1709275200,5425.25,5426.25,5425.25,5425.5
1709275500,5425.5,5426.75,5425.5,5425.75
1709275800,5425.75,5425.75,5425,5425.5
1709276100,5425.5,5427,5425.5,5426.5
1709276400,5426.75,5429.25,5425.25,5428.75
1709276700,5429,5429,5426.5,5427.5
1709277000,5427.75,5428.25,5427,5427.75
1709277300,5427.5,5428.75,5427.25,5428.5
1709277600,5428.5,5428.75,5426.75,5427.5
1709277900,5427.75,5428,5427,5427.5
1709278200,5427.5,5429,5427,5428.25
1709278500,5428,5428.75,5427.75,5428
1709278800,5428,5428.75,5427.75,5428
1709279100,5428,5428,5426.75,5427.25
1709279400,5427.25,5427.75,5426.5,5427.5
1709279700,5427.25,5427.75,5426.75,5426.75
1709280000,5426.75,5426.75,5425,5426.25
1709280300,5426.25,5427.5,5425.75,5425.75
1709280600,5425.75,5426.25,5424.5,5424.5
1709280900,5424.5,5425,5423.25,5423.75
1709281200,5423.75,5425,5423,5423.5
1709281500,5423.5,5424,5422.5,5423.5
1709281800,5423.5,5424.25,5422,5422.25
1709282100,5422.25,5423.75,5422.25,5423.25
1709282400,5423,5423.25,5421.5,5421.75
1709282700,5422,5422.5,5420,5420.5
1709283000,5420.75,5421,5419.5,5420.75
1709283300,5420.75,5421.5,5420.25,5421
1709283600,5421,5422.75,5420.5,5421.25
1709283900,5421.25,5422.75,5419.75,5422.75
1709284200,5422.5,5423.5,5421,5423
1709284500,5422.75,5424.25,5422.75,5424.25
1709284800,5424.25,5425.75,5424.25,5425
1709285100,5424.75,5425.25,5424,5424.25
1709285400,5424.5,5424.5,5420.5,5422
1709285700,5422.25,5424,5422,5423.25
1709286000,5423.5,5424.25,5423.25,5423.25
1709286300,5423.5,5423.75,5422.25,5423.25
1709286600,5423,5423.75,5422.5,5422.75
1709286900,5422.75,5422.75,5421.25,5421.5
1709287200,5421.5,5421.5,5418.25,5419.5
1709287500,5419.5,5420.75,5418.75,5419.75
1709287800,5420,5420,5413.75,5414
1709288100,5414.25,5414.75,5406.25,5407.25
1709288400,5407.25,5407.75,5403,5403.5
1709288700,5403.5,5404,5402.25,5402.75
1709289000,5403,5406.75,5402.5,5406.75
1709289300,5406.5,5409.75,5405.5,5408.25
1709289600,5408,5408.5,5406.5,5407.75
1709289900,5407.75,5408.5,5406.5,5407.25
1709290200,5407.75,5408,5404.5,5405.5
1709290500,5405.5,5408,5404.5,5407.5
1709290800,5407.5,5409.75,5407,5409.5
1709291100,5409.25,5410.25,5408.25,5408.5
1709291400,5408.5,5410.75,5407.75,5410.75
1709291700,5410.75,5412.25,5410.5,5411.75
1709292000,5412,5412.25,5410.5,5411.5
1709292300,5411.5,5412,5410.75,5411.75
1709292600,5411.75,5412.25,5411,5411.75
1709292900,5411.75,5412,5410,5410.75
1709293200,5410.75,5413,5410.75,5412.25
1709293500,5412.25,5414,5412,5413
1709293800,5413,5413.25,5412,5412.5
1709294100,5412.5,5413.5,5412.5,5413.5
1709294400,5413.5,5414.5,5412.5,5413.25
1709294700,5413,5414,5411.5,5411.75
1709295000,5411.75,5412.75,5411.75,5412.25
1709295300,5412.5,5413.75,5411.75,5412
1709295600,5412.25,5413,5410.25,5410.75
1709295900,5410.75,5412.25,5410.5,5411
1709296200,5411,5412.25,5410.25,5411.75
1709296500,5411.75,5414.25,5411.75,5414.25
1709296800,5414.5,5414.5,5413.25,5413.75
1709297100,5413.5,5415.5,5413.5,5415.25
1709297400,5415.25,5417,5415,5416.75
1709297700,5416.75,5417,5414.75,5415
1709298000,5414.75,5416,5414.25,5416
1709298300,5415.75,5418.25,5415.75,5417.5
1709298600,5417.75,5418.25,5416.75,5418
1709298900,5418,5419.25,5417.25,5418.25
1709299200,5418,5418.25,5414.75,5415.5
1709299500,5415.5,5418,5415.25,5418
1709299800,5417.75,5419,5416.5,5417
1709300100,5417,5417.25,5412,5414.75
1709300400,5414.75,5416.25,5412.5,5413.75
1709300700,5413.75,5418,5413.25,5417.75
1709301000,5417.75,5418,5414,5414.25
1709301300,5414.25,5415.75,5413.75,5415.75
1709301600,5415.5,5415.75,5414.25,5415.25
1709301900,5415.25,5415.5,5413.5,5413.75
1709302200,5413.75,5415.25,5413.75,5415
1709302500,5415,5417,5414.75,5416.25
1709302800,5416.25,5417.75,5415.5,5417.5
1709303100,5417.25,5419,5416.25,5418.75
1709303400,5418.75,5424.75,5418,5423.25
1709303700,5423.25,5424,5417.25,5419.5
1709304000,5419.5,5420.25,5415,5419.5
1709304300,5419.5,5420.5,5415,5417.75
1709304600,5418,5418.75,5415.5,5416
1709304900,5416,5420,5414.25,5420
1709305200,5420,5432,5415.5,5416.75
1709305500,5417,5426.5,5417,5425.75
1709305800,5426,5429.25,5425.25,5427.75
1709306100,5427.5,5430.75,5427,5427.5
1709306400,5427.5,5430.5,5426.25,5429.25
1709306700,5429.25,5433.25,5429,5433
1709307000,5433,5434,5425.5,5428
1709307300,5427.75,5430.5,5426.5,5427
1709307600,5426.75,5432.25,5426.25,5431.5
1709307900,5431.5,5435,5431,5432.5
1709308200,5432.75,5435.5,5432.5,5435
1709308500,5435,5437.5,5433.5,5435.75
1709308800,5435.75,5440.25,5435.25,5439.5
1709309100,5439.75,5443.25,5438.5,5440.75
1709309400,5440.75,5442.25,5436.75,5437
1709309700,5437.25,5440.5,5437,5440
1709310000,5440,5442.25,5439.25,5440
1709310300,5440,5440,5436.5,5437.5
1709310600,5437.75,5438,5433.75,5434.75
1709310900,5434.75,5438,5430.75,5438
1709311200,5438,5439.5,5437.25,5438.5
1709311500,5438.5,5441.25,5438.25,5441.25
1709311800,5441.25,5442,5440,5441.25
1709312100,5441.5,5442.25,5439.5,5440.5
1709312400,5440.5,5440.75,5437.5,5438.5
1709312700,5438.5,5440,5436.25,5437.5
1709313000,5437.75,5442.5,5437.5,5442.25
1709313300,5442.25,5443.75,5441,5443.25
1709313600,5443.25,5446,5443,5445
1709313900,5445,5447,5444.25,5444.75
1709314200,5444.75,5447,5443.25,5446.25
1709314500,5446.25,5448.25,5445,5446
1709314800,5446,5447.25,5444.5,5446.25
1709315100,5446.25,5448.25,5444.25,5447.75
1709315400,5448,5449.5,5447.25,5449.25
1709315700,5449.5,5450,5447,5447.5
1709316000,5447.5,5448.5,5446,5447.75
1709316300,5447.5,5450.5,5447,5448.75
1709316600,5448.5,5450.5,5448,5448.25
1709316900,5448.5,5450,5447,5447.5
1709317200,5447.5,5450.25,5447,5449.5
1709317500,5449.75,5451.75,5449,5450.75
1709317800,5450.75,5451.5,5449.25,5451.25
1709318100,5451.25,5451.25,5449.5,5450.75
1709318400,5451,5454.5,5450.75,5453
1709318700,5453.25,5454.75,5451.75,5452.5
1709319000,5452.5,5453.25,5451.5,5453
1709319300,5453,5456.5,5452.75,5455.75
1709319600,5455.75,5459.5,5455.75,5458.75
1709319900,5459,5459.75,5456.75,5457.75
1709320200,5457.75,5460.5,5457.25,5459.25
1709320500,5459.25,5461,5457,5458
1709320800,5458,5459.75,5455,5458.5
1709321100,5458.25,5461.5,5457.75,5461.25
1709321400,5461.25,5462.25,5456.25,5457.75
1709321700,5458,5459.25,5455.5,5456.5
1709322000,5456.75,5457.75,5455.25,5457
1709322300,5456.75,5458.5,5456.25,5458
1709322600,5458,5460.25,5457.75,5459.5
1709322900,5459.5,5461.25,5459.25,5460.25
1709323200,5460.25,5460.5,5455.75,5456.75
1709323500,5456.75,5458.5,5453,5455.5
1709323800,5455.5,5456.25,5452.5,5455.5
1709324100,5455.25,5456.5,5453.25,5456.25
1709324400,5456,5458.5,5455,5455.5
1709324700,5455.5,5459,5455.25,5458.25
1709325000,5458.25,5459.5,5456,5457.5
1709325300,5457.25,5458.5,5455.5,5457
1709325600,5457.25,5458,5455,5457.75
1709325900,5457.75,5459.75,5457,5459
1709326200,5458.75,5459.25,5455.5,5458.25
1709326500,5458.25,5461,5457,5458
1709326800,5458,5458.25,5454.25,5454.75
1709327100,5454.75,5455.25,5454,5454.75
1709327400,5454.5,5455,5453.5,5454
1709327700,5454,5454,5453.25,5453.5
1709328000,5453.75,5454.5,5453.5,5454.25
1709328300,5454.25,5454.25,5453.25,5453.25
1709328600,5453.25,5453.75,5453,5453.5
1709328900,5453.75,5454.25,5453.5,5454
1709329200,5454.25,5454.25,5453,5453.75
1709329500,5453.5,5453.75,5453,5453
1709329800,5453.25,5453.25,5452.75,5453
1709330100,5453,5453.5,5451.25,5451.75
1709506800,5455,5458.75,5454.5,5456.75
1709507100,5456.5,5458.5,5456.25,5458.5
1709507400,5458.5,5459,5456.75,5457.25
1709507700,5457.25,5458,5456.75,5456.75
1709508000,5456.75,5456.75,5454.5,5455.5
1709508300,5455.5,5457.25,5455.25,5456.25
1709508600,5456.25,5457.25,5456,5456.25
1709508900,5456.25,5456.25,5454.75,5454.75
1709509200,5454.75,5455.25,5453.25,5454.75
1709509500,5454.5,5455,5453.75,5454.5
1709509800,5454.25,5454.75,5454.25,5454.25
1709510100,5454.25,5455,5453.75,5454.75
1709510400,5454.75,5455,5452.5,5453.5
1709510700,5453.25,5454,5451.75,5454
1709511000,5453.75,5454.5,5453,5453.75
1709511300,5453.75,5454.25,5452.5,5452.75
1709511600,5452.75,5454.25,5452.75,5454.25
1709511900,5454.25,5455,5454,5454.75
1709512200,5454.75,5456.25,5454.5,5455.25
1709512500,5455.5,5456,5455.25,5455.75
1709512800,5455.75,5455.75,5455,5455
1709513100,5455,5455,5454,5455
1709513400,5455,5455.5,5455,5455
1709513700,5455,5455.25,5454.5,5455
1709514000,5455,5455.75,5454.75,5455
1709514300,5455,5455.25,5454.25,5455
1709514600,5455,5455.25,5454,5455
1709514900,5455,5455.25,5454.5,5454.75
1709515200,5454.5,5455.25,5454.25,5454.25
1709515500,5454.25,5455.25,5454,5455.25
1709515800,5455,5455.25,5454,5454.5
1709516100,5454.75,5456,5454.75,5455.25
1709516400,5455.25,5455.5,5454.5,5454.5
1709516700,5454.5,5455.5,5454.25,5455.5
1709517000,5455.25,5455.5,5453.75,5454.25
1709517300,5454.25,5455,5454,5454.5
1709517600,5454.5,5455.25,5454.5,5455
1709517900,5455,5455,5453.5,5453.75
1709518200,5453.5,5454,5453.25,5453.5
1709518500,5453.5,5454.75,5453.5,5454.75
1709518800,5454.5,5455.25,5454.25,5455
1709519100,5454.75,5455,5454.5,5455
1709519400,5455,5455.25,5454.5,5454.75
1709519700,5455,5455.25,5454.75,5455
1709520000,5454.75,5455.75,5454.75,5455.5
1709520300,5455.5,5456,5455.25,5456
1709520600,5456,5456,5455,5455
1709520900,5455,5455.5,5454.75,5455
1709521200,5455.25,5455.25,5454.75,5454.75
1709521500,5454.75,5454.75,5454.25,5454.5
1709521800,5454.5,5454.5,5454,5454.25
1709522100,5454.25,5454.75,5454.25,5454.25
1709522400,5454.5,5454.5,5454,5454.5
1709522700,5454.5,5454.5,5453.75,5454.5
1709523000,5454.25,5454.5,5454,5454.25
1709523300,5454,5454.25,5453.75,5453.75
1709523600,5454,5454,5453.25,5454
1709523900,5454,5454.25,5453.75,5454
1709524200,5454,5454.5,5454,5454.25
1709524500,5454.25,5454.25,5453.75,5454
1709524800,5454,5454.75,5454,5454.5
1709525100,5454.75,5455.25,5454.5,5454.75
1709525400,5454.75,5455,5454.5,5455
1709525700,5454.75,5455,5454,5454.5
1709526000,5454.5,5455,5454.5,5455
1709526300,5454.75,5455.25,5454.25,5454.5
1709526600,5454.5,5454.5,5454.25,5454.5
1709526900,5454.5,5454.5,5454.25,5454.5
1709527200,5454.5,5454.5,5454,5454.25
1709527500,5454.25,5454.25,5453.25,5453.5
1709527800,5453.5,5454,5453,5454
1709528100,5454,5454,5453.75,5454
1709528400,5454,5454.25,5453.75,5454.25
1709528700,5454,5454.25,5453.75,5454.25
1709529000,5454.25,5454.25,5453.75,5453.75
1709529300,5454,5454,5453.5,5454
1709529600,5453.75,5454.25,5453.5,5454
1709529900,5454,5454.25,5453.75,5453.75
1709530200,5453.5,5453.75,5453.5,5453.5
1709530500,5453.5,5453.5,5452.75,5453.25
1709530800,5453.25,5453.25,5453,5453.25
1709531100,5453,5453.25,5453,5453
1709531400,5453.25,5453.5,5453,5453.5
1709531700,5453.5,5453.75,5452.75,5453
1709532000,5452.75,5453.25,5452.5,5452.75
1709532300,5452.75,5453,5452.25,5452.75
1709532600,5452.5,5453.5,5452.5,5453.5
1709532900,5453.75,5454,5453.25,5454
1709533200,5454,5454,5453.25,5453.5
1709533500,5453.25,5453.25,5453,5453.25
1709533800,5453,5454,5453,5453.75
1709534100,5453.75,5454.5,5453.5,5453.5
1709534400,5453.5,5453.75,5453.25,5453.5
1709534700,5453.25,5453.5,5452.75,5453
1709535000,5453,5454,5452.75,5454
1709535300,5454.25,5454.25,5453.25,5453.5
1709535600,5453.75,5454,5453,5453.5
1709535900,5453.75,5455.25,5453.75,5455
1709536200,5455,5455.25,5454.25,5454.25
1709536500,5454.25,5454.5,5453.25,5453.25
1709536800,5453.25,5454,5453,5453.25
1709537100,5453.25,5453.75,5452.75,5453.75
1709537400,5453.75,5454.25,5453.25,5454
1709537700,5454,5454.25,5452.75,5453.75
1709538000,5453.75,5454.5,5453.5,5454
1709538300,5454,5454.75,5454,5454.75
1709538600,5454.5,5455,5454.25,5454.75
1709538900,5454.75,5455.5,5454.5,5454.75
1709539200,5455,5455.75,5454.25,5454.5
1709539500,5454.5,5456.5,5454.5,5456.25
1709539800,5456.25,5457,5455.25,5456
1709540100,5456,5457,5455,5456
1709540400,5456,5456.75,5455.25,5455.5
1709540700,5455.25,5456.5,5455,5455.25
1709541000,5455.25,5455.5,5454.25,5455.25
1709541300,5455,5455.25,5454.25,5454.5
1709541600,5454.5,5455.5,5454.25,5455.25
1709541900,5455.25,5456,5454.75,5455
1709542200,5455.25,5456,5455,5455.5
1709542500,5455.5,5456.25,5455,5456
1709542800,5456,5456.75,5455.75,5456.75
1709543100,5456.5,5458,5456,5456.75
1709543400,5456.5,5457.5,5455.5,5456.75
1709543700,5456.5,5456.75,5455.75,5456.75
1709544000,5456.75,5456.75,5455.75,5456.25
1709544300,5456.25,5456.25,5455,5455.25
1709544600,5455.25,5455.75,5453.5,5454.25
1709544900,5454.25,5454.75,5453.75,5454.5
1709545200,5454.25,5454.5,5454.25,5454.5
1709545500,5454.5,5454.75,5454,5454.5
1709545800,5454.5,5454.5,5454,5454.25
1709546100,5454.25,5454.25,5452.5,5453
1709546400,5452.75,5453,5451.5,5451.75
1709546700,5452,5453,5452,5452.5
1709547000,5452.5,5453,5451.75,5452.25
1709547300,5452.25,5453.25,5452,5452.25
1709547600,5452.5,5453.25,5451.25,5453
1709547900,5453,5453.25,5452.25,5452.25
1709548200,5452.5,5454.25,5452.5,5454.25
1709548500,5454.25,5454.5,5452.75,5453.5
1709548800,5453.5,5454,5453.25,5453.5
1709549100,5453.75,5454,5452.75,5453
1709549400,5453.25,5453.5,5452.25,5453
1709549700,5452.75,5453.5,5452.5,5452.5
1709550000,5452.75,5453.25,5452,5452
1709550300,5452,5452.25,5448,5449.25
1709550600,5449.25,5450.5,5448,5449.75
1709550900,5449.75,5450.25,5448.5,5450
1709551200,5449.75,5450.75,5449.5,5450.25
1709551500,5450,5451.25,5449.75,5450.75
1709551800,5451,5451.75,5450.75,5450.75
1709552100,5450.75,5451.25,5450.25,5450.75
1709552400,5450.5,5451,5450.25,5451
1709552700,5451.25,5452.25,5451,5452
1709553000,5452.25,5452.25,5451.25,5451.5
1709553300,5451.5,5452.75,5451.25,5452.5
1709553600,5452.5,5452.75,5451,5452.75
1709553900,5452.5,5452.75,5451.75,5452
1709554200,5451.75,5453,5451.75,5453
1709554500,5452.75,5453.5,5452.25,5453
1709554800,5452.75,5452.75,5452,5452.5
1709555100,5452.5,5453.75,5452,5453.5
1709555400,5453.5,5454,5452.5,5453.25
1709555700,5453,5453.5,5452.5,5452.75
1709556000,5453,5454.5,5452.5,5454.25
1709556300,5454.25,5454.5,5452.5,5453
1709556600,5453,5453,5451.5,5451.75
1709556900,5451.5,5452,5451,5451
1709557200,5451.25,5451.25,5449.5,5450.25
1709557500,5450,5451.75,5449.75,5451.25
1709557800,5451.25,5453.5,5451,5453
1709558100,5453,5453.5,5452.5,5453
1709558400,5453,5453.25,5449.5,5450
1709558700,5450.25,5450.25,5448.75,5449.75
1709559000,5450,5450.5,5448.75,5450
1709559300,5450.25,5451.75,5449,5449.75
1709559600,5449.75,5451.25,5449.75,5450.25
1709559900,5450.25,5450.75,5448.75,5449
1709560200,5448.75,5449.75,5448,5449.5
1709560500,5449.5,5449.5,5446.75,5447
1709560800,5447,5447.25,5445.25,5445.5
1709561100,5445.75,5446.5,5445.25,5446
1709561400,5446,5447.25,5445,5445.75
1709561700,5445.5,5447.75,5445.5,5446.25
1709562000,5446.25,5446.5,5445.5,5446
1709562300,5446.25,5449.75,5446,5448.75
1709562600,5448.75,5451.5,5448.5,5450.5
1709562900,5450.5,5452.75,5448.25,5450.75
1709563200,5450.5,5453.75,5450.5,5452.5
1709563500,5452.25,5454.5,5451.75,5452.25
1709563800,5452.5,5454.5,5450.25,5453.25
1709564100,5453.25,5454.5,5452.25,5453.25
1709564400,5453.5,5454,5451.25,5452.5
1709564700,5452.75,5453.5,5451.5,5453.25
1709565000,5453.25,5453.5,5450.5,5451
1709565300,5451,5452.5,5449,5452.25
1709565600,5452.5,5453.5,5450.25,5453.5
1709565900,5453.5,5454.75,5451.25,5453.25
1709566200,5453.25,5455.5,5452.75,5455
1709566500,5455.25,5456.25,5454.25,5455.5
1709566800,5455.75,5457.25,5455.25,5456.75
1709567100,5456.75,5457.25,5454.5,5455
1709567400,5455.25,5456,5452.5,5453.75
1709567700,5453.75,5455.25,5452.75,5455.25
1709568000,5455,5456.75,5454.5,5455.25
1709568300,5455,5455.25,5452.5,5455
1709568600,5455,5456,5452,5453.75
1709568900,5453.75,5454.5,5452.75,5453
1709569200,5453,5454,5450.75,5451.5
1709569500,5451.5,5453.5,5451,5452.75
1709569800,5452.75,5453.75,5451,5451.25
1709570100,5451.25,5454,5450,5453.75
1709570400,5453.5,5455.25,5452.5,5453.75
1709570700,5453.5,5455,5453,5454.25
1709571000,5454.5,5455.75,5453.75,5454.75
1709571300,5454.75,5456.75,5454.25,5455.75
1709571600,5455.75,5455.75,5453.25,5454.75
1709571900,5455,5455.25,5453.5,5454
1709572200,5454,5456.5,5454,5455.75
1709572500,5455.75,5457.25,5455.75,5456.75
1709572800,5457,5459,5456.25,5457.5
1709573100,5457.5,5459.75,5457,5459.75
1709573400,5459.5,5460.25,5458,5458.5
1709573700,5458.5,5459,5457,5457.5
1709574000,5457.5,5459,5456.5,5456.75
1709574300,5457,5458.25,5456.5,5457.75
1709574600,5457.5,5459,5457.25,5458.75
1709574900,5458.75,5459,5457.75,5458
1709575200,5458,5459.25,5457.75,5458
1709575500,5458.25,5458.75,5456.75,5457.75
1709575800,5457.75,5458.5,5455.75,5456.25
1709576100,5456.25,5456.5,5454.5,5455.75
1709576400,5455.75,5456,5452,5452.5
1709576700,5452.75,5455.25,5451.75,5454.5
1709577000,5454.5,5456,5453.75,5455.5
1709577300,5455.25,5456.5,5454.5,5454.75
1709577600,5454.75,5457.25,5454.75,5457
1709577900,5457,5457.5,5456,5456.25
1709578200,5456,5456.75,5455.25,5456.75
1709578500,5456.75,5457,5455.5,5456
1709578800,5456.25,5457.25,5455,5456.75
1709579100,5457,5457.25,5454.5,5455.5
1709579400,5455.5,5457,5455.25,5456
1709579700,5456,5458.75,5456,5458.25
1709580000,5458.25,5458.25,5455.25,5456.75
1709580300,5456.75,5458,5456.25,5457.5
1709580600,5457.5,5460.25,5457,5459.5
1709580900,5459.75,5469,5459.25,5468.5
1709581200,5468.5,5469.25,5464.75,5468
1709581500,5468.25,5468.75,5465.25,5468.25
1709581800,5468.5,5469,5467.75,5468.75
1709582100,5468.75,5470,5466.5,5466.75
1709582400,5466.75,5467.5,5465.5,5466
1709582700,5466,5468.25,5465.5,5468
1709583000,5468,5470.5,5467.5,5469.5
1709583300,5469.75,5470.75,5467.5,5468.75
1709583600,5468.75,5468.75,5466.5,5467
1709583900,5467,5467.5,5462.5,5463.5
1709584200,5463.75,5465.25,5459.25,5459.75
1709584500,5459.5,5461.5,5454.5,5461.5
1709584800,5461.5,5462.25,5456.25,5456.75
1709585100,5457,5457,5450,5452.5
1709585400,5452.5,5454.5,5450.75,5452.25
1709585700,5452.25,5453.25,5450,5450.75
1709586000,5450.75,5451.5,5448.5,5449.75
1709586300,5449.75,5449.75,5448,5448.25
1709586600,5448.25,5448.5,5447.25,5447.75
1709586900,5447.75,5448.25,5447,5447.5
1709587200,5447.25,5447.75,5447,5447
1709587500,5447.25,5447.25,5446.25,5446.75
1709587800,5446.75,5447.5,5446.5,5447.25
1709588100,5447.5,5447.5,5447,5447.25
1709588400,5447.25,5447.75,5446.75,5447.25
1709588700,5447,5447.75,5446.75,5447.25
1709589000,5447.25,5447.5,5446.5,5446.75
1709589300,5446.75,5448,5446.5,5447.25
1709593200,5446.75,5448.5,5446.25,5447.25
1709593500,5447.5,5447.75,5444.75,5445.75
1709593800,5445.75,5446,5442.25,5444.5
1709594100,5444.5,5444.75,5443.75,5444.75
1709594400,5444.5,5445.75,5444.25,5444.75
1709594700,5445,5446,5445,5445.5
1709595000,5445.75,5446.5,5445.25,5446.5
1709595300,5446.5,5446.75,5446,5446.5
1709595600,5446.25,5446.5,5445,5445.25
1709595900,5445.25,5445.25,5444.25,5444.5
1709596200,5444.25,5444.75,5443.5,5444.5
1709596500,5444.25,5444.5,5443.75,5443.75
1709596800,5443.75,5445.75,5442.75,5445.5
1709597100,5445.5,5446.5,5445,5446
1709597400,5445.75,5446,5445,5445.75
1709597700,5446,5447.5,5445.25,5445.25
1709598000,5445.25,5445.25,5444.25,5444.75
1709598300,5444.75,5445,5443.75,5444.25
1709598600,5444.25,5444.75,5444,5444.5
1709598900,5444.5,5445.25,5444.5,5444.5
1709599200,5444.5,5445.25,5444,5444.75
1709599500,5444.5,5444.5,5442.25,5444
1709599800,5444,5446.5,5443.75,5445.25
1709600100,5445.25,5445.5,5443.75,5444.25
1709600400,5444.5,5445.25,5443.25,5444.5
1709600700,5444.25,5445.5,5444,5445.25
1709601000,5445.25,5445.5,5444.25,5444.5
1709601300,5444.5,5444.75,5443.5,5444
1709601600,5443.75,5444,5442.5,5443.5
1709601900,5443.5,5443.75,5441.5,5442
1709602200,5442,5442.75,5441.25,5441.75
1709602500,5442,5442.5,5441.5,5442.25
1709602800,5442.25,5443.75,5442.25,5443
1709603100,5442.75,5443,5441.75,5441.75
1709603400,5441.75,5442.25,5440.75,5442.25
1709603700,5442,5443.5,5442,5443.25
1709604000,5443.5,5444,5443,5443.25
1709604300,5443.25,5443.75,5443,5443.5
1709604600,5443.5,5443.5,5442.75,5443
1709604900,5443,5443.25,5442.5,5443.25
1709605200,5443.25,5443.75,5443.25,5443.5
1709605500,5443.5,5443.75,5441.75,5442
1709605800,5442.25,5443.5,5442.25,5443.25
1709606100,5443.5,5443.5,5442.75,5443
1709606400,5442.75,5443,5442,5442.5
1709606700,5442.75,5442.75,5441.5,5442
1709607000,5442,5442,5440.75,5441.75
1709607300,5441.75,5442.5,5441.5,5442.25
1709607600,5442.5,5443.5,5442.5,5442.75
1709607900,5442.75,5443,5442.5,5442.75
1709608200,5442.75,5443,5442.25,5442.75
1709608500,5442.75,5443.25,5442.75,5442.75
1709608800,5442.75,5443,5442.5,5442.5
1709609100,5442.5,5443,5442.25,5443
1709609400,5443,5443.5,5442.5,5443.5
1709609700,5443.5,5444.5,5443.5,5444.5
1709610000,5444.5,5445.25,5444.5,5444.75
1709610300,5444.75,5445,5444.25,5444.5
1709610600,5444.25,5444.75,5444,5444.25
1709610900,5444.25,5444.75,5443.75,5444.25
1709611200,5444.25,5445.25,5444.25,5444.75
1709611500,5444.75,5445,5444.25,5444.75
1709611800,5445,5445,5444.25,5444.25
1709612100,5444.25,5444.25,5443.75,5443.75
1709612400,5443.75,5444,5443,5443.25
1709612700,5443.25,5443.5,5442.75,5443.25
1709613000,5443.5,5443.75,5443,5443
1709613300,5443,5443.5,5442.75,5443
1709613600,5443,5443,5442.75,5442.75
1709613900,5442.75,5443.25,5442.75,5443
1709614200,5442.75,5443.25,5442.75,5443
1709614500,5443,5443,5442.75,5443
1709614800,5443,5443,5442.25,5442.25
1709615100,5442.25,5442.25,5441.75,5441.75
1709615400,5441.75,5442.25,5441.75,5442
1709615700,5442.25,5442.25,5441.75,5441.75
1709616000,5442,5442.25,5441.5,5441.5
1709616300,5441.5,5441.5,5440.75,5441
1709616600,5441,5441.25,5440,5440.25
1709616900,5440,5440.75,5440,5440.5
1709617200,5440.5,5440.5,5439.25,5439.25
1709617500,5439.25,5439.75,5439.25,5439.5
1709617800,5439.5,5439.5,5438.5,5438.5
1709618100,5438.75,5440.25,5438.5,5439.5
1709618400,5439.75,5441,5439.75,5440.5
1709618700,5440.25,5440.5,5439.5,5439.75
1709619000,5439.5,5440,5439,5439.25
1709619300,5439.25,5440,5439,5439.25
1709619600,5439,5439.25,5437.5,5437.75
1709619900,5438,5438.25,5437.25,5437.5
1709620200,5437.75,5438,5436.75,5437.25
1709620500,5437.25,5438,5436.75,5437.75
1709620800,5437.5,5438.25,5437.25,5437.25
1709621100,5437.5,5439,5437.25,5439
1709621400,5439,5439.25,5438.25,5439
1709621700,5438.75,5439.25,5438.75,5439
1709622000,5439.25,5440.25,5438.75,5439.75
1709622300,5439.75,5440,5438.75,5440
1709622600,5440,5440.5,5438.5,5438.75
1709622900,5438.5,5438.75,5437.25,5437.25
1709623200,5437.25,5438,5436.5,5436.75
1709623500,5436.5,5438,5436.25,5437.75
1709623800,5437.75,5438,5436.75,5437.25
1709624100,5437.5,5437.5,5436.75,5437.25
1709624400,5437.25,5438.5,5437,5438.25
1709624700,5438.25,5438.75,5437.75,5438.75
1709625000,5438.75,5439.75,5438,5439.5
1709625300,5439.75,5440.5,5439.25,5440
1709625600,5440,5442.25,5440,5440.5
1709625900,5440.5,5441,5440.25,5440.75
1709626200,5440.75,5441.5,5439.5,5439.75
1709626500,5439.75,5441,5439.5,5440
1709626800,5440,5440.5,5438,5438.5
1709627100,5438.5,5439.75,5438.5,5439.25
1709627400,5439,5440.25,5439,5439.75
1709627700,5439.75,5440,5437.75,5437.75
1709628000,5437.5,5438,5435.5,5436
1709628300,5436,5438.5,5435,5438
1709628600,5438,5438.25,5436.25,5436.75
1709628900,5436.75,5437,5433.5,5434.5
1709629200,5434.5,5435.75,5433.75,5435.75
1709629500,5435.75,5436,5434.25,5435
1709629800,5435,5436.25,5434.25,5435.25
1709630100,5435.5,5436,5434.25,5435.75
1709630400,5435.5,5437.5,5435.25,5436.75
1709630700,5436.5,5437.25,5436.25,5437
1709631000,5437,5437.75,5436.5,5437.25
1709631300,5437.25,5437.25,5434.5,5436
1709631600,5436,5436.5,5434.5,5434.75
1709631900,5435,5435,5433,5433.25
1709632200,5433.5,5433.5,5432.25,5433.25
1709632500,5433,5433.75,5432.5,5433.25
1709632800,5433.25,5433.75,5432,5432.5
1709633100,5432.75,5432.75,5431.5,5432.75
1709633400,5432.75,5433,5430.75,5432.25
1709633700,5432.25,5434,5431.75,5433.75
1709634000,5433.75,5434.5,5433.25,5434
1709634300,5434,5434,5432.5,5432.75
1709634600,5433,5434.5,5432.75,5434
1709634900,5433.75,5435.75,5433.75,5435.5
1709635200,5435.5,5436.25,5435.25,5435.75
1709635500,5435.75,5436.25,5435.25,5436
1709635800,5435.75,5436.5,5435.25,5436
1709636100,5436,5437,5436,5436.25
1709636400,5436.25,5438.5,5436.25,5438.5
1709636700,5438.5,5438.5,5437.25,5437.5
1709637000,5437.5,5438.5,5436.75,5436.75
1709637300,5437,5437.25,5436.25,5437
1709637600,5436.75,5439,5436.5,5437.75
1709637900,5437.5,5438,5436.5,5436.75
1709638200,5437,5438.75,5436.75,5438.5
1709638500,5438.25,5438.5,5436.25,5437.25
1709638800,5437.5,5437.75,5435.75,5435.75
1709639100,5435.75,5436.75,5435.5,5436.75
1709639400,5436.5,5437,5435.75,5436.25
1709639700,5436.25,5438,5436,5437.5
1709640000,5437.5,5439.5,5437.25,5437.75
1709640300,5437.75,5439.5,5437.75,5439.25
1709640600,5439.5,5440.25,5439,5439.25
1709640900,5439.25,5440,5438.5,5438.75
1709641200,5438.5,5438.5,5437,5438.5
1709641500,5438.25,5440.25,5438,5438.5
1709641800,5438.5,5439,5435,5435.75
1709642100,5435.5,5436.25,5434.25,5436
1709642400,5436.25,5436.5,5435,5435.5
1709642700,5435.5,5435.75,5431.5,5433.25
1709643000,5433,5434,5432.25,5434
1709643300,5433.75,5434.5,5432.25,5432.75
1709643600,5432.5,5435.25,5432.25,5434
1709643900,5434,5437.5,5433.75,5435.25
1709644200,5435,5436.5,5434.75,5436.25
1709644500,5436,5436.5,5435,5436
1709644800,5436,5436.5,5433.75,5434.25
1709645100,5434,5434.75,5431.25,5431.75
1709645400,5431.75,5432.75,5430.75,5432.5
1709645700,5432.5,5432.75,5430.75,5431.75
1709646000,5431.5,5432.25,5427.25,5430.5
1709646300,5430.5,5431.5,5429,5429
1709646600,5429,5431.25,5428.5,5429.5
1709646900,5429.5,5430.5,5428.25,5429.25
1709647200,5429.25,5429.5,5427.75,5428.75
1709647500,5428.5,5430.25,5428.25,5430
1709647800,5429.75,5430.5,5426.75,5427.5
1709648100,5427.75,5429,5427.25,5429
1709648400,5428.75,5429,5426,5426.75
1709648700,5426.75,5430.5,5426,5429.5
1709649000,5429.5,5430.5,5425,5425.25
1709649300,5425.25,5426,5421.75,5425.75
1709649600,5425.75,5427.5,5424.5,5426.75
1709649900,5426.25,5426.25,5422.75,5423.25
1709650200,5423.25,5426,5420.25,5423.25
1709650500,5423.25,5424.25,5421.5,5423.5
1709650800,5424,5434.5,5423.75,5432
1709651100,5431.75,5432,5419,5419.25
1709651400,5419.25,5422,5415.75,5417.75
1709651700,5417.5,5419.75,5412,5413.5
1709652000,5413.25,5415.25,5408.25,5409.25
1709652300,5409.5,5412.75,5408,5411.25
1709652600,5411,5411,5404.25,5406.75
1709652900,5406.75,5407.5,5403.75,5405
1709653200,5405,5409,5404.5,5406
1709653500,5406,5410,5402,5402.25
1709653800,5402.25,5407.75,5402,5405.25
1709654100,5405,5408.5,5405,5408.25
1709654400,5408.25,5408.75,5405.5,5406.25
1709654700,5406.25,5409,5406,5408.25
1709655000,5408.25,5408.25,5402.75,5405.5
1709655300,5405.5,5407.75,5403.5,5407.5
1709655600,5407.25,5409.5,5404.5,5409
1709655900,5408.75,5409.5,5405.5,5408.75
1709656200,5408.75,5411.25,5408,5409
1709656500,5408.75,5409.5,5404.5,5404.75
1709656800,5404.75,5405.75,5396.5,5400
1709657100,5399.75,5403.25,5397.75,5400.75
1709657400,5400.75,5401.25,5398,5398.25
1709657700,5398.25,5404.25,5397.5,5403.75
1709658000,5403.75,5405.5,5402.25,5404.5
1709658300,5404.25,5407,5404,5406.5
1709658600,5406.5,5409.75,5405.25,5408
1709658900,5408,5408.25,5405.75,5407
1709659200,5407,5410.5,5405.75,5410
1709659500,5410.25,5412.25,5410,5411.5
1709659800,5411.75,5412,5408,5408.5
1709660100,5408.75,5409.25,5406.25,5406.5
1709660400,5406.25,5408.5,5404,5408.25
1709660700,5408.25,5411,5407,5407
1709661000,5407,5408.75,5404.75,5408
1709661300,5407.75,5409.75,5406.75,5407
1709661600,5407.25,5407.75,5403.5,5405
1709661900,5405,5408.5,5403.5,5408.25
1709662200,5408.25,5408.75,5405.75,5407
1709662500,5407.25,5408,5401.5,5402.25
1709662800,5402,5404,5400.75,5401.5
1709663100,5401.5,5405.5,5401.25,5404.25
1709663400,5404.25,5408.25,5403,5406
1709663700,5406,5407.75,5400.5,5401.75
1709664000,5401.5,5402,5395.5,5396.75
1709664300,5396.75,5399.5,5395.5,5397.25
1709664600,5397.25,5400,5393.5,5398
1709664900,5398,5398.25,5394.25,5394.75
1709665200,5394.5,5397.5,5394,5395.75
1709665500,5395.75,5399.75,5393.5,5397.75
1709665800,5398,5400.25,5396.25,5397.5
1709666100,5397.5,5400.75,5396.25,5397
1709666400,5396.75,5399,5395.5,5397.25
1709666700,5397.25,5399,5396.5,5397.25
1709667000,5397.5,5397.5,5390.5,5391.25
1709667300,5391.25,5392.75,5388.75,5391.25
1709667600,5391.25,5392.25,5387.25,5388
1709667900,5387.75,5388,5384.5,5385
1709668200,5385.25,5388.5,5384.25,5385
1709668500,5385,5386,5382.75,5384.25
1709668800,5384.25,5386.25,5383,5385.5
1709669100,5385.5,5387.75,5383.5,5384
1709669400,5384,5385.75,5378.5,5379.25
1709669700,5379.25,5381.75,5379.25,5380.75
1709670000,5380.75,5382.25,5376,5380.5
1709670300,5380.5,5381,5376,5377.25
1709670600,5377,5383.75,5376,5383.5
1709670900,5383.5,5383.75,5381,5381.25
1709671200,5381,5384.5,5379,5383.5
1709671500,5383.5,5391.25,5382.5,5391
1709671800,5390.75,5396.5,5386.25,5395.75
1709672100,5395.5,5401.25,5393.5,5398.75
1709672400,5398.75,5403.25,5398.25,5402.25
1709672700,5402,5405,5401.75,5403.25
1709673000,5403,5404.75,5401.75,5403.5
1709673300,5403.25,5404,5401.75,5402.25
1709673600,5402,5403.25,5402,5403.25
1709673900,5403,5403.75,5402.5,5402.75
1709674200,5402.5,5402.75,5401.75,5401.75
1709674500,5401.75,5403.25,5401.75,5403
1709674800,5403.25,5403.25,5402,5403
1709675100,5402.75,5404,5402.75,5403.75
1709675400,5403.75,5404.75,5403.5,5404
1709675700,5404.25,5404.75,5404,5404.25
1709679600,5404,5404.25,5400.75,5401
1709679900,5401,5401,5400,5401
1709680200,5401.25,5403,5400,5400.75
1709680500,5400.75,5401.75,5400,5401.5
1709680800,5401.75,5402.5,5401,5401.5
1709681100,5401.75,5402,5400.75,5402
1709681400,5401.75,5402.5,5399,5400.75
1709681700,5400.75,5402.5,5400.5,5401.25
1709682000,5401,5401.75,5401,5401.75
1709682300,5401.75,5402.25,5400.25,5401
1709682600,5401.25,5401.75,5401,5401.25
1709682900,5401.25,5401.25,5400.25,5401
1709683200,5401,5401,5399.25,5399.5
1709683500,5399.5,5400.75,5399.25,5400
1709683800,5399.75,5400.25,5398.75,5399.75
1709684100,5399.75,5400,5399,5399
1709684400,5399,5399.75,5398.75,5399.5
1709684700,5399.5,5400.75,5399.5,5400.75
1709685000,5400.75,5401,5400.5,5400.5
1709685300,5400.75,5400.75,5399.5,5400.25
1709685600,5400,5400,5398.5,5399
1709685900,5399,5399.25,5397,5397.75
1709686200,5397.75,5398,5396.75,5397.5
1709686500,5397.5,5397.75,5397,5397
1709686800,5397,5399,5396.75,5399
1709687100,5399,5400,5398.75,5399.5
1709687400,5399.5,5400.25,5399,5399.75
1709687700,5400,5400.75,5399.5,5400.5
1709688000,5400.5,5401.75,5399.25,5399.25
1709688300,5399.5,5400.25,5399,5400.25
1709688600,5400.25,5400.5,5399.75,5400
1709688900,5399.75,5399.75,5397,5398.75
1709689200,5398.5,5399,5398,5398.25
1709689500,5398.25,5399,5398,5398.5
1709689800,5398.5,5399.5,5398.25,5399
1709690100,5399,5399.75,5399,5399.5
1709690400,5399.5,5400,5399,5400
1709690700,5400,5400.5,5399.75,5400.25
1709691000,5400,5400.75,5400,5400.75
1709691300,5400.75,5401,5400.25,5400.5
1709691600,5400.5,5402.25,5400,5401.75
1709691900,5401.75,5402.5,5400.5,5401.25
1709692200,5401.25,5402,5401.25,5402
1709692500,5402,5402.25,5401.25,5402.25
1709692800,5402.25,5402.75,5401.75,5402.75
1709693100,5402.5,5402.75,5401.75,5402
1709693400,5401.75,5402.25,5401.25,5402
1709693700,5402,5402,5400.75,5401
1709694000,5401,5401.25,5400.5,5401
1709694300,5401,5401.5,5400.75,5401
1709694600,5401,5401.5,5401,5401.25
1709694900,5401.25,5401.5,5400,5401
1709695200,5400.75,5401.75,5400.5,5401.5
1709695500,5401.5,5403.25,5401.5,5403
1709695800,5402.75,5403.25,5402.75,5403.25
1709696100,5403.25,5403.25,5402.75,5403
1709696400,5403,5403.25,5402.75,5403.25
1709696700,5403.25,5403.25,5403,5403.25
1709697000,5403.25,5404.75,5403,5404.5
1709697300,5404.5,5405,5403.5,5404
1709697600,5404.25,5404.5,5404,5404.25
1709697900,5404.5,5404.5,5403.5,5404
1709698200,5404,5404,5403.25,5403.5
1709698500,5403.5,5404.25,5403.5,5404
1709698800,5403.75,5404.25,5403,5403
1709699100,5403,5403.5,5402.5,5402.5
1709699400,5402.5,5402.75,5402,5402.25
1709699700,5402.25,5402.75,5402,5402.75
1709700000,5402.75,5403.25,5402.5,5403
1709700300,5403,5403.25,5402.75,5403.25
1709700600,5403.25,5404,5403,5403.75
1709700900,5403.5,5403.75,5403.25,5403.5
1709701200,5403.5,5404.75,5403.5,5404.25
1709701500,5404,5404.25,5403.25,5403.5
1709701800,5403.75,5404.5,5403.25,5404
1709702100,5404.25,5404.25,5403.25,5403.75
1709702400,5403.5,5403.5,5403,5403.25
1709702700,5403.25,5403.5,5402.5,5402.75
1709703000,5402.75,5404,5402.75,5403.5
1709703300,5403.75,5404.25,5403.75,5404
1709703600,5404,5404.5,5404,5404.25
1709703900,5404.25,5404.25,5403.25,5403.25
1709704200,5403,5403.75,5403,5403.5
1709704500,5403.5,5403.75,5403.25,5403.5
1709704800,5403.5,5404.5,5402.75,5403
1709705100,5403.25,5403.25,5402.25,5402.75
1709705400,5402.75,5403.25,5402,5402.75
1709705700,5402.75,5403.75,5402.75,5403.75
1709706000,5403.75,5403.75,5402.75,5403
1709706300,5403,5403,5401.5,5401.75
1709706600,5401.75,5403,5401.75,5403
1709706900,5403,5403,5402.5,5402.75
1709707200,5402.5,5403.5,5402.5,5403.25
1709707500,5403,5403.5,5403,5403
1709707800,5403,5403.25,5402.75,5403.25
1709708100,5403.25,5403.75,5402.5,5403.5
1709708400,5403.75,5404.5,5402,5402.5
1709708700,5402.5,5403.25,5402.5,5402.75
1709709000,5402.75,5403,5402,5402.5
1709709300,5402.5,5403.5,5402,5403.25
1709709600,5403.5,5403.75,5402.75,5403
1709709900,5403,5403.5,5402.75,5402.75
1709710200,5402.75,5403,5401.5,5402
1709710500,5401.75,5403,5401.75,5403
1709710800,5403,5404.5,5402.5,5404.25
1709711100,5404.25,5406,5404,5404.25
1709711400,5404,5404.75,5403.25,5404.5
1709711700,5404.5,5406,5404,5405.25
1709712000,5405,5407,5405,5406.25
1709712300,5406.25,5409.25,5406.25,5408.5
1709712600,5408.5,5410.5,5408.5,5410.25
1709712900,5410.25,5410.5,5409.5,5410.25
1709713200,5410.25,5410.25,5409,5410.25
1709713500,5410.25,5411.5,5410,5411.5
1709713800,5411.25,5414.25,5410.75,5412.75
1709714100,5413,5415,5412.75,5414
1709714400,5414,5414.5,5411.75,5413
1709714700,5412.75,5413.75,5412,5413
1709715000,5413,5413,5410.25,5411
1709715300,5411.25,5412.75,5411,5412.5
1709715600,5412.75,5416,5412.5,5415.75
1709715900,5415.75,5415.75,5414.75,5414.75
1709716200,5414.75,5416,5414.5,5415.75
1709716500,5415.75,5418.75,5415.5,5417.75
1709716800,5417.75,5418.5,5417,5417.25
1709717100,5417.25,5417.5,5416,5417
1709717400,5417,5417.75,5416.75,5417
1709717700,5417,5418.25,5416.75,5417.5
1709718000,5417.75,5418.75,5417.5,5417.5
1709718300,5417.25,5417.25,5415,5415
1709718600,5415.25,5416.75,5414.5,5416.25
1709718900,5416.25,5417.5,5416.25,5417.25
1709719200,5417.25,5419.25,5417.25,5418.75
1709719500,5418.5,5420,5418.5,5420
1709719800,5419.75,5420,5417.5,5418.25
1709720100,5418.25,5419,5417.5,5417.75
1709720400,5418,5419.5,5417.75,5418.5
1709720700,5418.5,5419.75,5418.25,5418.25
1709721000,5418.5,5420,5418.25,5419.25
1709721300,5419.25,5419.75,5418,5418.25
1709721600,5418.5,5418.5,5415.25,5415.5
1709721900,5415.5,5416.5,5414.5,5416.5
1709722200,5416.25,5417.75,5416.25,5416.25
1709722500,5416.5,5416.5,5414.75,5414.75
1709722800,5414.75,5416.25,5414.25,5416
1709723100,5415.75,5417,5415.5,5416.25
1709723400,5416.25,5417.75,5415.75,5417.5
1709723700,5417.5,5418,5417,5417
1709724000,5417,5417.5,5415.5,5416.25
1709724300,5416.25,5417.5,5416,5417.25
1709724600,5417.5,5417.75,5415.75,5416.25
1709724900,5416,5417.25,5416,5417
1709725200,5416.75,5417,5414.25,5414.75
1709725500,5414.75,5416,5414.5,5415.75
1709725800,5416,5417,5414.25,5414.5
1709726100,5414.5,5415.75,5413.25,5415.25
1709726400,5415.25,5417.25,5414.5,5415.75
1709726700,5415.75,5419.75,5415,5419.75
1709727000,5419.75,5421.25,5419,5420
1709727300,5420,5420.75,5417.5,5417.75
1709727600,5418,5418.5,5416.75,5417.5
1709727900,5417.25,5418.75,5416.5,5418.75
1709728200,5418.75,5420.25,5418.25,5419.25
1709728500,5419.25,5421,5419.25,5420.75
1709728800,5421,5422,5420.75,5421.25
1709729100,5421.25,5421.5,5419.75,5420.25
1709729400,5420.25,5421.5,5419.75,5420.75
1709729700,5420.75,5421.75,5420.5,5421
1709730000,5421,5424,5420.5,5423.75
1709730300,5424,5424.25,5421.5,5423
1709730600,5423,5424,5422.75,5423.25
1709730900,5423,5426.75,5423,5425.25
1709731200,5425.5,5426.75,5425.25,5426
1709731500,5426,5427.25,5423.75,5424.5
1709731800,5424.5,5427.25,5419,5424.75
1709732100,5424.75,5427,5423.75,5425
1709732400,5425,5427.75,5425,5426.5
1709732700,5426.5,5428.75,5424.75,5428.75
1709733000,5428.75,5429.5,5428,5429
1709733300,5429,5430,5428.75,5430
1709733600,5430,5430.25,5427.75,5428.75
1709733900,5428.75,5430.25,5428,5429
1709734200,5428.75,5429.5,5427.25,5428.25
1709734500,5428.25,5431,5428,5430.75
1709734800,5430.75,5431.5,5429.5,5430.5
1709735100,5430.25,5434.25,5430,5432.5
1709735400,5432.25,5435.25,5430,5430.5
1709735700,5430.5,5431.75,5423.75,5426
1709736000,5426,5429.25,5425.5,5428
1709736300,5428,5430.5,5425,5426.5
1709736600,5426.5,5428,5424,5426.75
1709736900,5426.5,5428.25,5423,5425.75
1709737200,5425.75,5426.25,5414.25,5415
1709737500,5415,5418.25,5410.75,5415.25
1709737800,5415.25,5420,5413.75,5417.75
1709738100,5418,5424.25,5417.5,5420.75
1709738400,5421,5424.5,5420,5421.5
1709738700,5421.5,5421.75,5417,5420
1709739000,5420.25,5426.75,5416.75,5426.25
1709739300,5426,5426.5,5422.5,5423.75
1709739600,5423.75,5425,5420.75,5423
1709739900,5423,5426.25,5422.25,5425.75
1709740200,5425.75,5430.5,5424.75,5429.5
1709740500,5429.5,5432.5,5429.5,5431.25
1709740800,5431.25,5438.25,5431.25,5432.75
1709741100,5432.75,5435.75,5432.25,5435
1709741400,5435.25,5437.75,5435.25,5437
1709741700,5437,5439,5436.5,5438.25
1709742000,5438.5,5438.75,5435.75,5437.5
1709742300,5437.25,5440.5,5436.25,5440.25
1709742600,5440.25,5440.75,5431.75,5434.25
1709742900,5434.25,5439,5433.5,5438.5
1709743200,5438.5,5440,5437,5438.5
1709743500,5438.75,5439.5,5437.25,5439
1709743800,5439,5443.25,5438.75,5441.75
1709744100,5442,5443.25,5438.5,5439
1709744400,5439,5441.5,5437.75,5440.75
1709744700,5440.75,5443,5437.75,5441.5
1709745000,5441.5,5446,5441.25,5445.75
1709745300,5445.5,5446,5443.25,5444
1709745600,5444.25,5445,5443.25,5444.25
1709745900,5444.25,5446,5443.5,5444.5
1709746200,5444.5,5447.5,5444,5444.5
1709746500,5444.5,5446,5443.75,5444.25
1709746800,5444,5444.5,5441.5,5443.25
1709747100,5443.25,5443.5,5439.75,5440.75
1709747400,5440.75,5443,5437.75,5438.5
1709747700,5438.5,5440.5,5437.25,5440.25
1709748000,5440.25,5442,5438.75,5441.5
1709748300,5441.75,5441.75,5437.5,5439
1709748600,5439,5440.75,5438,5440.75
1709748900,5440.5,5443.25,5439.5,5443.25
1709749200,5443.25,5445.25,5442.5,5444.75
1709749500,5444.75,5446.5,5444.25,5445.5
1709749800,5445.75,5446,5426.25,5431.25
1709750100,5431.25,5433,5421.25,5433
1709750400,5432.75,5438.25,5432.25,5438.25
1709750700,5438.25,5439,5420,5420.75
1709751000,5420.5,5426.5,5418,5422
1709751300,5422.25,5430.5,5421.5,5428.25
1709751600,5428,5428.25,5419.25,5420.75
1709751900,5420.75,5431,5420.75,5427.75
1709752200,5427.5,5428.25,5417.25,5418.75
1709752500,5418.75,5422,5411.5,5419.5
1709752800,5419.25,5425.75,5419.25,5424.25
1709753100,5424.25,5429.5,5420.5,5428.25
1709753400,5428.5,5430.75,5420.75,5423.75
1709753700,5423.75,5425,5419.25,5422.5
1709754000,5422.5,5426.5,5419.75,5423.75
1709754300,5423.5,5423.75,5415,5420.25
1709754600,5420,5425.5,5419.25,5423.75
1709754900,5423.75,5424,5414.25,5418.75
1709755200,5419,5421.5,5414.75,5421
1709755500,5421,5424.5,5418.75,5421
1709755800,5420.75,5423.5,5412.75,5414.75
1709756100,5414.5,5422.25,5414.5,5418.5
1709756400,5418.5,5419,5412.25,5413.5
1709756700,5413.5,5419,5413,5418.25
1709757000,5418.5,5419.5,5414,5414.5
1709757300,5414.75,5421.5,5412.25,5420.75
1709757600,5420.75,5424.5,5419.75,5422.5
1709757900,5422.5,5429.5,5421.25,5427.75
1709758200,5427.75,5427.75,5418.5,5426.5
1709758500,5426.5,5429.25,5423,5425
1709758800,5425,5427.25,5423.75,5424.5
1709759100,5424.75,5426.75,5424.5,5425.25
1709759400,5425.5,5426.5,5425,5425.5
1709759700,5425.5,5426.5,5425.25,5426.25
1709760000,5426,5427,5426,5427
1709760300,5426.75,5427,5425.75,5426
1709760600,5426.25,5427.5,5426,5427.25
1709760900,5427.5,5428.5,5427,5428.5
1709761200,5428.25,5428.75,5428,5428.5
1709761500,5428.25,5428.75,5426,5426.5
1709761800,5426.75,5427,5425.75,5425.75
1709762100,5425.75,5426.75,5425.5,5426.25
1709766000,5427.25,5427.5,5424.5,5425.5
1709766300,5425.25,5426.5,5425,5426.5
1709766600,5426.5,5426.75,5425.25,5425.25
1709766900,5425.25,5426,5424.25,5424.25
1709767200,5424.5,5425,5423.5,5425
1709767500,5425,5426,5425,5425.75
1709767800,5425.5,5425.75,5424.75,5424.75
1709768100,5425,5425,5423.75,5424
1709768400,5424,5424,5423.25,5423.75
1709768700,5423.75,5424.25,5423.5,5423.5
1709769000,5423.75,5424.5,5423.5,5423.5
1709769300,5423.5,5423.75,5421.75,5421.75
1709769600,5421.75,5423.5,5421.5,5423.5
1709769900,5423.75,5424,5422.75,5423.25
1709770200,5423,5423.25,5421.5,5421.5
1709770500,5421.5,5422,5420.5,5420.75
1709770800,5420.75,5420.75,5418.25,5418.5
1709771100,5418.25,5418.75,5417,5417.25
1709771400,5417.25,5417.25,5415,5416.75
1709771700,5417,5417.25,5416.25,5416.5
1709772000,5416.75,5417,5415,5415.25
1709772300,5415.25,5416.25,5413.5,5414.25
1709772600,5414.25,5416.75,5414,5416.25
1709772900,5416.25,5417,5415.5,5416.25
1709773200,5416.25,5416.25,5411,5411.5
1709773500,5411.5,5412.25,5408,5411.5
1709773800,5411.25,5414.25,5410.25,5414
1709774100,5414.25,5416.5,5413.75,5416.25
1709774400,5416.25,5416.75,5415,5415.75
1709774700,5415.75,5416.75,5415.5,5416
1709775000,5416,5417.5,5415.25,5416
1709775300,5415.75,5415.75,5411.75,5413.75
1709775600,5413.75,5413.75,5412.5,5413.25
1709775900,5413.25,5413.75,5411.75,5412
1709776200,5412,5413.25,5409.75,5410
1709776500,5409.75,5410.75,5408,5408.5
1709776800,5408.5,5410.75,5408.5,5409.75
1709777100,5409.75,5410,5408.25,5408.25
1709777400,5408.25,5409.75,5406.75,5408.5
1709777700,5408.5,5409.5,5408.25,5409
1709778000,5409,5409,5404.5,5404.75
1709778300,5404.75,5407,5404.5,5405.5
1709778600,5405.75,5407,5405.5,5406
1709778900,5406,5407.25,5405.5,5406.25
1709779200,5406.25,5407.25,5406.25,5406.75
1709779500,5406.5,5408,5406.5,5407.25
1709779800,5407.25,5408.5,5407.25,5407.5
1709780100,5407.75,5408.25,5407.25,5408.25
1709780400,5408.25,5409,5407.25,5407.5
1709780700,5407.5,5408.75,5407.25,5407.75
1709781000,5407.75,5409.5,5407.5,5409.25
1709781300,5409.25,5410,5408.75,5409.25
1709781600,5409.25,5409.25,5407,5407.5
1709781900,5407.25,5408.5,5407.25,5408
1709782200,5408.25,5409.5,5408,5409
1709782500,5409.25,5409.25,5408,5409
1709782800,5409,5411,5409,5410.75
1709783100,5410.75,5410.75,5409.5,5410.5
1709783400,5410.75,5412.5,5410.5,5412
1709783700,5412,5413.75,5412,5413
1709784000,5413,5414.75,5412.25,5412.5
1709784300,5412.5,5412.5,5411,5411
1709784600,5411,5411.25,5410.5,5411.25
1709784900,5411.25,5412.25,5411.25,5412
1709785200,5412,5412.75,5411.75,5412.75
1709785500,5412.75,5413.5,5412,5413.5
1709785800,5413.25,5414,5413,5413
1709786100,5413,5413.25,5412.25,5413
1709786400,5413,5414.25,5413,5414
1709786700,5414,5414.5,5413.5,5414.25
1709787000,5414.25,5414.75,5414,5414
1709787300,5414.25,5414.5,5414,5414
1709787600,5414.25,5415.25,5414.25,5414.5
1709787900,5414.75,5415.75,5414.25,5414.75
1709788200,5414.75,5416.25,5414.5,5416.25
1709788500,5416.25,5416.75,5415.75,5416.75
1709788800,5416.75,5417.5,5416.25,5416.5
1709789100,5416.5,5416.5,5415.75,5416
1709789400,5415.75,5416.25,5414.75,5415
1709789700,5415,5415,5413.5,5414.5
1709790000,5414.5,5415.25,5414.25,5414.75
1709790300,5414.75,5415.25,5414.25,5415.25
1709790600,5415.25,5415.75,5414.25,5414.75
1709790900,5415,5416.25,5415,5415
1709791200,5414.75,5416.25,5414.25,5415.75
1709791500,5415.75,5416.5,5415.5,5415.75
1709791800,5415.75,5415.75,5414,5415.25
1709792100,5415.25,5415.5,5415,5415.5
1709792400,5415.5,5417.25,5415.25,5417.25
1709792700,5417.5,5418,5416.75,5417.75
1709793000,5417.5,5418.25,5417.25,5417.75
1709793300,5417.75,5418,5417,5417.25
1709793600,5417.25,5417.75,5415.5,5415.75
1709793900,5415.5,5415.75,5414.25,5414.75
1709794200,5414.75,5414.75,5411.25,5411.5
1709794500,5411.75,5413.25,5411,5411.5
1709794800,5411.5,5412.5,5409.75,5410
1709795100,5410.25,5410.5,5409.25,5409.75
1709795400,5409.5,5409.75,5408.5,5409
1709795700,5409,5409,5407.25,5408.25
1709796000,5408.25,5408.5,5407.25,5408.5
1709796300,5408.25,5408.25,5406.5,5406.75
1709796600,5406.75,5408.25,5406.5,5407.75
1709796900,5407.5,5409,5405.75,5407.75
1709797200,5407.5,5409,5407.25,5407.75
1709797500,5407.75,5408.5,5407.5,5408.25
1709797800,5408.25,5409.5,5408,5409.25
1709798100,5409,5409.5,5406,5406.25
1709798400,5406.25,5409,5406,5408.5
1709798700,5408.75,5410.75,5406.25,5406.5
1709799000,5406.5,5406.5,5399.5,5404
1709799300,5404.25,5407.25,5403.75,5405.5
1709799600,5405.5,5409.75,5405.25,5409.25
1709799900,5409.25,5411.5,5409,5410.25
1709800200,5410.5,5411.25,5410,5410.5
1709800500,5410.5,5412.75,5410.25,5411.5
1709800800,5411.5,5411.75,5409.75,5411
1709801100,5411,5412,5410.25,5411.25
1709801400,5411.5,5412,5410.5,5411.5
1709801700,5411.5,5412.5,5409.75,5412.25
1709802000,5412.25,5415.75,5410.75,5415
1709802300,5414.75,5415.75,5414.25,5414.25
1709802600,5414.25,5416.5,5414.25,5415.25
1709802900,5415.25,5418.75,5415.25,5417.75
1709803200,5418,5421.25,5418,5420.25
1709803500,5420.5,5424,5420.25,5423.75
1709803800,5423.75,5424.25,5422.25,5422.25
1709804100,5422.25,5424.25,5422,5423.75
1709804400,5423.75,5424.5,5423.25,5424.5
1709804700,5424.25,5424.25,5422.5,5422.5
1709805000,5422.75,5426,5422.75,5424.25
1709805300,5424.25,5425.25,5424,5425
1709805600,5425,5427,5425,5426.75
1709805900,5426.75,5428.75,5426.5,5427.5
1709806200,5427.75,5430.5,5427.5,5430
1709806500,5430,5431.5,5429.25,5431
1709806800,5430.75,5432,5430.25,5431
1709807100,5431,5431,5429.25,5431
1709807400,5431,5432,5430.5,5431
1709807700,5431,5432.25,5431,5432.25
1709808000,5432.25,5434.75,5432,5434.5
1709808300,5434.5,5436.5,5434,5434.5
1709808600,5434.75,5435.5,5434,5435.25
1709808900,5435.25,5436.5,5435.25,5436
1709809200,5436,5436.5,5434.75,5436
1709809500,5436.25,5437,5435.5,5436.5
1709809800,5436.75,5436.75,5435,5435.25
1709810100,5435,5435.25,5432.5,5432.75
1709810400,5432.75,5433.25,5432.25,5433
1709810700,5433,5434,5432.25,5432.5
1709811000,5432.5,5434.25,5432.25,5433.5
1709811300,5433.25,5435.25,5432.75,5435
1709811600,5434.75,5436.25,5434.75,5435.5
1709811900,5435.75,5436.75,5435.25,5436
1709812200,5436,5436.5,5434.25,5435
1709812500,5434.75,5435,5433.75,5434.25
1709812800,5434.25,5436.5,5434,5435.25
1709813100,5435,5436,5434.5,5434.75
1709813400,5434.5,5437,5434.25,5436.75
1709813700,5436.5,5436.75,5435.5,5436.5
1709814000,5436.25,5440.75,5436,5440
1709814300,5439.75,5440,5438,5439
1709814600,5439,5439.5,5437,5438.5
1709814900,5438.5,5439,5437.25,5438.5
1709815200,5438.5,5438.5,5436,5437.25
1709815500,5437.25,5438.75,5436.75,5438.25
1709815800,5438.25,5438.5,5436,5436
1709816100,5436,5437,5435.5,5436.75
1709816400,5436.5,5437.75,5435.75,5436
1709816700,5436,5436.5,5433.75,5436.25
1709817000,5436,5438,5436,5437.25
1709817300,5437.5,5443.75,5437.5,5443.5
1709817600,5443.75,5443.75,5440.75,5442.75
1709817900,5442.75,5443.75,5442.5,5442.5
1709818200,5442.5,5447.75,5441,5446.25
1709818500,5446.25,5448,5445,5446
1709818800,5445.75,5449.25,5443.75,5449
1709819100,5448.75,5449,5445.75,5446
1709819400,5445.75,5447,5444.75,5445.25
1709819700,5445.25,5447.5,5445.25,5445.75
1709820000,5445.75,5446.75,5444.25,5445.5
1709820300,5445.25,5447.5,5445.25,5446.5
1709820600,5446.5,5449,5445.25,5448.25
1709820900,5448.25,5453.5,5448,5453
1709821200,5453,5454,5451,5451.25
1709821500,5451.25,5458,5450,5455.75
1709821800,5456,5458,5451.5,5456.5
1709822100,5456.25,5461,5456,5459.5
1709822400,5459.5,5460.25,5451.5,5452.25
1709822700,5452.5,5453.25,5446.25,5452.25
1709823000,5452.25,5457.5,5450.5,5455.75
1709823300,5455.5,5460.25,5454.75,5458.75
1709823600,5458.5,5459,5454.5,5457.25
1709823900,5457.25,5459.5,5454.25,5456.75
1709824200,5456.75,5463.25,5456.75,5461.5
1709824500,5461.25,5464.5,5460.75,5462.25
1709824800,5462.25,5464,5461.25,5463.75
1709825100,5463.75,5466.5,5463.25,5466.5
1709825400,5466.5,5467.25,5462.75,5465.75
1709825700,5465.75,5467.5,5463.5,5467.25
1709826000,5467.25,5472.25,5467,5471.25
1709826300,5471.25,5473.25,5470.25,5472
1709826600,5472,5472.5,5467.25,5467.25
1709826900,5467.5,5469.75,5466,5468.25
1709827200,5468,5468.5,5464.75,5467.25
1709827500,5467.5,5469,5466.25,5467.25
1709827800,5467.5,5468.25,5464.75,5465.75
1709828100,5465.75,5467,5464,5466
1709828400,5466.25,5469.5,5465,5469.25
1709828700,5469.25,5470.25,5466.5,5469
1709829000,5469,5469,5463.5,5465.25
1709829300,5465,5467.5,5461.75,5467.25
1709829600,5467,5468.5,5466,5467.25
1709829900,5467.25,5468,5464.5,5466
1709830200,5466,5468.25,5465.75,5468
1709830500,5468.25,5472,5468,5471
1709830800,5471,5472,5468,5470.75
1709831100,5470.75,5471,5468,5470
1709831400,5470.25,5473,5469.75,5470.25
1709831700,5470.5,5474.25,5470.25,5473
1709832000,5473.25,5474.25,5469.5,5472
1709832300,5472.25,5473,5469,5469.25
1709832600,5469,5469.75,5466.5,5468.75
1709832900,5468.75,5471.25,5468,5470
1709833200,5469.75,5470,5464.75,5468.5
1709833500,5468.75,5470.75,5467.75,5468.25
1709833800,5468.5,5471.25,5467.25,5470
1709834100,5469.75,5470.5,5467.25,5470.25
1709834400,5470,5471.25,5469.5,5469.5
1709834700,5469.75,5472.25,5466.75,5471.5
1709835000,5471.5,5474.25,5469.75,5471
1709835300,5471,5474,5470.5,5473
1709835600,5472.75,5473.5,5470.75,5472.75
1709835900,5472.5,5474.5,5471.75,5474.5
1709836200,5474.5,5476.5,5472.75,5476
1709836500,5476.25,5477.25,5475,5476.25
1709836800,5476.25,5478,5473.75,5477.75
1709837100,5478,5481,5477,5480
1709837400,5480.25,5482.5,5480,5482
1709837700,5482,5483.5,5481,5481.75
1709838000,5481.75,5483.25,5478.25,5483
1709838300,5483,5483,5478.5,5479.25
1709838600,5479.5,5481.75,5479.25,5480.75
1709838900,5480.5,5482.25,5477.75,5480.5
1709839200,5480.5,5480.75,5476.75,5477.25
1709839500,5477.5,5477.75,5475.5,5476.75
1709839800,5476.75,5477.75,5475.75,5476.75
1709840100,5477,5477.5,5475.5,5477.5
1709840400,5477.25,5478,5475.5,5476.25
1709840700,5476.25,5478,5475.25,5477.25
1709841000,5477,5478,5476.5,5477.75
1709841300,5477.75,5479,5472,5473.5
1709841600,5473.5,5473.5,5465,5471.25
1709841900,5471.25,5472,5467.5,5469
1709842200,5469,5473.25,5468,5472.25
1709842500,5472.5,5473.25,5469.75,5471.75
1709842800,5471.5,5471.75,5468.75,5470.5
1709843100,5470.5,5472,5469.75,5470.5
1709843400,5470.75,5474.75,5470,5474.75
1709843700,5474.5,5475.75,5473.5,5475.25
1709844000,5475.25,5478.75,5475.25,5478
1709844300,5478.25,5478.25,5473.25,5474
1709844600,5473.75,5478.75,5471.75,5478.75
1709844900,5478.5,5480.75,5472.5,5472.75
1709845200,5472.5,5473,5469.25,5469.75
1709845500,5469.75,5470.75,5468,5468.75
1709845800,5468.75,5469.25,5468.25,5468.5
1709846100,5468.25,5468.5,5456.75,5463.25
1709846400,5463.25,5465.5,5460.25,5461.5
1709846700,5461.25,5466,5459.75,5465.5
1709847000,5465.75,5467,5465,5465.25
1709847300,5465.5,5469,5464.25,5468.5
1709847600,5468.25,5469.75,5467.25,5468.25
1709847900,5468,5469.25,5467,5468.5
1709848200,5468.5,5471.5,5468.5,5470.5
1709848500,5470.5,5471.5,5469.25,5470.25
1709852400,5472.25,5475,5470.5,5471.25
1709852700,5471.5,5474.5,5471.25,5472
1709853000,5471.75,5473.75,5471.75,5472.75
1709853300,5472.75,5474,5472.5,5473.5
1709853600,5473.5,5475.25,5473.5,5474.25
1709853900,5474,5475,5472,5472
1709854200,5472.25,5472.75,5471.75,5472.25
1709854500,5472.25,5472.25,5471,5471.25
1709854800,5471.5,5472.75,5471.5,5472.5
1709855100,5472.5,5473,5472,5473
1709855400,5473,5473,5471.5,5471.75
1709855700,5471.75,5472.75,5470.75,5472.75
1709856000,5472.5,5474,5471,5471.75
1709856300,5471.75,5472,5469.5,5469.75
1709856600,5470,5470.75,5468.75,5470.75
1709856900,5470.75,5472.75,5470.75,5472.25
1709857200,5472.25,5472.25,5471.5,5472.25
1709857500,5472.25,5474,5472,5472.75
1709857800,5472.75,5473.75,5472.5,5473
1709858100,5472.75,5473.75,5472.75,5473.25
1709858400,5473.25,5474.25,5473,5474
1709858700,5474,5475,5473.75,5474
1709859000,5474,5474.25,5473.5,5473.75
1709859300,5473.75,5474,5472.75,5473.25
1709859600,5473,5473.5,5472,5472.5
1709859900,5472.5,5472.75,5471,5471.5
1709860200,5471.25,5472,5470.75,5472
1709860500,5472,5472.5,5471.5,5472.25
1709860800,5472.5,5472.5,5471.25,5472
1709861100,5471.75,5472,5471.25,5471.5
1709861400,5471.5,5474.5,5471.5,5473.75
1709861700,5473.75,5474.25,5472,5473.25
1709862000,5473,5473.25,5472,5472.5
1709862300,5472.5,5473.25,5472.25,5472.5
1709862600,5472.5,5473.5,5472.25,5473.25
1709862900,5473.25,5473.75,5472.75,5473.5
1709863200,5473.5,5473.5,5471.75,5472
1709863500,5472,5473,5471.5,5473
1709863800,5473,5473.25,5472.25,5472.75
1709864100,5472.75,5473,5472.5,5472.75
1709864400,5472.5,5473.25,5472,5473
1709864700,5473,5473,5472,5472.5
1709865000,5472.5,5472.75,5471.75,5472.25
1709865300,5472,5472.25,5471.5,5472
1709865600,5471.75,5472.25,5471.75,5472
1709865900,5472,5472,5471,5471.5
1709866200,5471.25,5471.5,5471,5471.5
1709866500,5471.5,5472,5471.5,5471.5
1709866800,5471.5,5472,5470.5,5471
1709867100,5471,5472.25,5471,5471
1709867400,5471.25,5472.25,5471.25,5472.25
1709867700,5472.5,5472.5,5471.5,5472.25
1709868000,5472.25,5473,5472,5472.75
1709868300,5473,5474.75,5472.75,5474.5
1709868600,5474.25,5475,5474,5475
1709868900,5475,5475.5,5474.75,5474.75
1709869200,5474.5,5475,5474.5,5474.75
1709869500,5474.75,5476,5474.75,5475.25
1709869800,5475.25,5476,5475.25,5475.75
1709870100,5475.75,5476,5475.25,5475.25
1709870400,5475.5,5476.5,5475.25,5476.25
1709870700,5476.5,5477,5476,5477
1709871000,5476.75,5478.25,5476.75,5477.75
1709871300,5478,5479.5,5477.75,5479.25
1709871600,5479,5480.25,5478.5,5478.75
1709871900,5478.75,5479.25,5477.75,5477.75
1709872200,5477.75,5478.5,5477,5477.5
1709872500,5477.25,5477.5,5475.75,5475.75
1709872800,5475.75,5476.5,5475.75,5476.5
1709873100,5476.5,5476.75,5476,5476.75
1709873400,5476.75,5477.25,5475.75,5476.5
1709873700,5476.25,5476.25,5475.5,5475.75
1709874000,5475.75,5476,5475,5475.5
1709874300,5475.5,5476,5475,5475.25
1709874600,5475,5476.25,5475,5476
1709874900,5476.25,5476.25,5475,5476
1709875200,5476,5476.5,5475.25,5475.25
1709875500,5475.5,5477,5475.5,5476.75
1709875800,5476.75,5477.75,5476.75,5477.75
1709876100,5477.5,5478.25,5477.5,5477.5
1709876400,5477.5,5477.75,5477,5477
1709876700,5477.25,5477.75,5477,5477.5
1709877000,5477.5,5477.75,5477,5477.75
1709877300,5477.5,5477.75,5477.25,5477.5
1709877600,5477.75,5478.25,5477.5,5477.75
1709877900,5477.75,5478,5476.25,5476.75
1709878200,5476.75,5477.5,5476.25,5477.25
1709878500,5477.5,5477.5,5475.5,5476.25
1709878800,5476.5,5476.5,5475.75,5476
1709879100,5476,5476.75,5475.75,5476.25
1709879400,5476.25,5477.25,5476,5477.25
1709879700,5477.25,5477.5,5476.5,5477
1709880000,5476.75,5477,5475.75,5476
1709880300,5476,5476.75,5475.75,5476
1709880600,5476,5476.25,5475.75,5475.75
1709880900,5475.75,5477,5475.5,5476.5
1709881200,5476.5,5476.75,5474.5,5476
1709881500,5476.25,5477,5475,5475.75
1709881800,5475.75,5476.75,5475.25,5475.5
1709882100,5475.5,5476,5475.25,5475.5
1709882400,5475.25,5475.25,5474.25,5474.5
1709882700,5474.75,5476,5474.75,5475.5
1709883000,5475.75,5476,5475,5475.5
1709883300,5475.75,5477.25,5475,5477.25
1709883600,5477.5,5479,5477.5,5478.5
1709883900,5478.25,5479,5477.5,5478
1709884200,5477.75,5478.25,5477,5478
1709884500,5477.75,5479,5477.25,5478.75
1709884800,5478.75,5479,5476.5,5477
1709885100,5477.25,5478.75,5476.75,5478.25
1709885400,5478.25,5481.5,5478.25,5481
1709885700,5481.25,5482,5479,5479
1709886000,5479.25,5479.5,5478.5,5479.25
1709886300,5479,5479.75,5478.5,5479.75
1709886600,5479.75,5481.25,5478.75,5481.25
1709886900,5481.25,5481.25,5480,5480.75
1709887200,5480.75,5482,5480.5,5481.75
1709887500,5481.75,5487.25,5481.5,5486
1709887800,5486,5486.25,5485,5485
1709888100,5485,5485,5481.5,5481.5
1709888400,5481.5,5482,5479,5481.75
1709888700,5482,5482,5480.25,5481.75
1709889000,5481.5,5482.25,5480.5,5480.75
1709889300,5480.5,5481,5479.25,5480
1709889600,5480,5483,5480,5482.25
1709889900,5482.25,5482.25,5480.5,5481.5
1709890200,5481.5,5482.75,5480.25,5480.25
1709890500,5480.5,5480.75,5479,5480.5
1709890800,5480.5,5482,5480,5481
1709891100,5481,5482,5480,5480.5
1709891400,5480.5,5482,5479.5,5481.5
1709891700,5481.5,5481.5,5480.25,5480.25
1709892000,5480,5481,5479.5,5480.5
1709892300,5480.75,5480.75,5478.25,5480
1709892600,5480.25,5480.5,5479,5479
1709892900,5479,5480,5478.75,5479.25
1709893200,5479.25,5480,5479,5479.75
1709893500,5480,5480,5478.5,5478.75
1709893800,5478.75,5480,5478.5,5479
1709894100,5478.75,5479.25,5478.5,5479
1709894400,5479,5480.75,5479,5479.75
1709894700,5479.75,5480,5478.5,5479.5
1709895000,5479.5,5479.75,5478.5,5479
1709895300,5479.25,5480,5478.5,5479.5
1709895600,5479.5,5480,5478.5,5479.5
1709895900,5479.5,5480.25,5478.75,5480
1709896200,5480,5480.75,5479,5480
1709896500,5480,5480.5,5479.5,5480.25
1709896800,5480,5481.25,5479.75,5480
1709897100,5480,5480.5,5477.75,5478.25
1709897400,5478,5478.5,5477.25,5477.25
1709897700,5477.25,5477.25,5475.5,5475.75
1709898000,5475.75,5476,5473.75,5475
1709898300,5474.75,5474.75,5471.5,5472.25
1709898600,5472.25,5472.5,5470.75,5472.25
1709898900,5472.25,5472.75,5471.5,5472.5
1709899200,5472.5,5473,5470.75,5472
1709899500,5471.75,5472.25,5470,5471.25
1709899800,5471.25,5472.75,5470.25,5472
1709900100,5472,5472,5466.75,5467.25
1709900400,5467,5468,5464.25,5467.25
1709900700,5467,5468.25,5466.25,5466.5
1709901000,5466.75,5468,5465.75,5466.5
1709901300,5466.75,5467,5464.75,5465.75
1709901600,5466,5468,5465,5465
1709901900,5464.75,5466.75,5463.25,5465.5
1709902200,5465.5,5465.75,5463.5,5465.5
1709902500,5465.5,5466.75,5465,5466.75
1709902800,5466.5,5469,5466,5468.75
1709903100,5468.5,5469,5467,5467.5
1709903400,5467.5,5469,5467.25,5468.5
1709903700,5468.25,5470.5,5468.25,5469
1709904000,5468.75,5472.75,5467.25,5472
1709904300,5472,5472.5,5466.5,5469
1709904600,5468.75,5488.5,5454.5,5477.5
1709904900,5477.5,5483,5475.5,5480.75
1709905200,5481,5489.75,5479.75,5488
1709905500,5487.75,5491.75,5486,5486.75
1709905800,5486.5,5491,5484.75,5489.5
1709906100,5489.5,5490.75,5484.25,5486
1709906400,5486.25,5492,5485.25,5490
1709906700,5490,5490.75,5484.5,5486.5
1709907000,5486.75,5490,5484.25,5484.5
1709907300,5484.25,5484.5,5480,5480.5
1709907600,5480.5,5482.5,5479.75,5480.25
1709907900,5480.5,5483.25,5473.75,5478.25
1709908200,5478,5485.75,5476.25,5484.75
1709908500,5484.75,5486.5,5480,5484.75
1709908800,5484.75,5491,5484.75,5489
1709909100,5489,5498.5,5488.25,5497
1709909400,5497,5498.5,5494,5498.25
1709909700,5498,5501.75,5497.25,5501.25
1709910000,5501.25,5504.25,5500.75,5502.75
1709910300,5503,5506,5501.75,5504
1709910600,5504.25,5505.25,5500,5504
1709910900,5504,5505,5499.5,5500.25
1709911200,5500.25,5502.75,5498.75,5500
1709911500,5500.25,5505,5499.5,5503.25
1709911800,5503.25,5504.5,5498.75,5500.75
1709912100,5500.75,5501.25,5494.5,5497
1709912400,5497.25,5502,5494,5500.5
1709912700,5500.5,5500.5,5493,5498.25
1709913000,5498.25,5500.5,5495,5500
1709913300,5500,5502.25,5497.75,5499
1709913600,5499.25,5500.25,5487.5,5488.75
1709913900,5488.75,5490.5,5480.75,5481.25
1709914200,5481.5,5486.75,5479.25,5486
1709914500,5486,5486,5476.5,5479.25
1709914800,5479,5483.5,5475.25,5476.25
1709915100,5476.25,5479.75,5470,5471.25
1709915400,5471.25,5474.75,5464,5471.75
1709915700,5471.75,5476.25,5469.75,5475.25
1709916000,5475.25,5476.25,5470.5,5473.25
1709916300,5473,5473.5,5462.75,5466.5
1709916600,5466.25,5472.75,5465.25,5467.75
1709916900,5467.75,5470.5,5463.25,5463.5
1709917200,5463.5,5472.25,5460.75,5467.75
1709917500,5467.5,5472.75,5460.5,5462.5
1709917800,5462.25,5470,5459,5466.5
1709918100,5466.25,5468,5462.25,5462.75
1709918400,5462.75,5466.5,5461.5,5462
1709918700,5462,5470.5,5462,5469.75
1709919000,5470,5472,5467.5,5469.75
1709919300,5470,5470.25,5464.25,5469
1709919600,5469,5471,5464.75,5466.5
1709919900,5466.5,5466.5,5461,5461.5
1709920200,5461.5,5463.5,5451.25,5451.75
1709920500,5452,5452.5,5446.5,5449
1709920800,5449,5451,5444,5447
1709921100,5447,5456.5,5446,5453.5
1709921400,5453.5,5455,5449.5,5450.25
1709921700,5450.25,5453.25,5448.75,5450.25
1709922000,5450,5452.5,5447,5447
1709922300,5447,5450.75,5446.25,5446.75
1709922600,5446.5,5449,5441.25,5441.25
1709922900,5441.5,5442.25,5436.25,5437.5
1709923200,5437.5,5438,5434.75,5437.5
1709923500,5437.25,5440.5,5436.75,5437
1709923800,5436.75,5439.75,5436,5438.5
1709924100,5438.25,5441.25,5436.75,5440.25
1709924400,5440.5,5450,5439.75,5449
1709924700,5449,5450.5,5446.25,5449.75
1709925000,5449.75,5450.75,5446.75,5448.5
1709925300,5448.5,5453.75,5448.5,5452
1709925600,5452.25,5459,5452,5457.75
1709925900,5458,5460.5,5454.75,5458
1709926200,5458.25,5462,5458.25,5461.75
1709926500,5461.75,5465.5,5461.25,5462
1709926800,5462,5467.5,5461.75,5467.25
1709927100,5467.5,5468.25,5463.75,5465.25
1709927400,5465.75,5468.25,5461,5462
1709927700,5462,5464,5460,5462
1709928000,5462,5467.75,5461.75,5466.25
1709928300,5466.25,5466.25,5457,5457.25
1709928600,5457.25,5457.5,5450.5,5453.5
1709928900,5453.5,5455.75,5451.25,5452.75
1709929200,5452.5,5455.5,5450.75,5453.5
1709929500,5453.5,5456,5441.5,5443
1709929800,5443,5452,5441.75,5450.25
1709930100,5450.25,5451.25,5443.5,5443.5
1709930400,5443.75,5448.5,5443.75,5444.75
1709930700,5444.75,5449.5,5444.75,5446.75
1709931000,5446.5,5449.5,5443.5,5447.75
1709931300,5447.5,5448,5440.5,5441.25
1709931600,5441.5,5450.25,5440.5,5449.5
1709931900,5449.5,5449.5,5447,5447.5
1709932200,5447.5,5449,5445.25,5446.5
1709932500,5446.5,5448.25,5446.25,5447.75
1709932800,5447.5,5448,5446,5447.25
1709933100,5447.25,5447.75,5445.5,5446.5
1709933400,5446.5,5447.75,5446.5,5446.5
1709933700,5446.75,5447,5446,5446
1709934000,5446,5446.5,5445.75,5446.5
1709934300,5446.25,5447.25,5446,5446.75
1709934600,5447,5447,5446.25,5446.5
1709934900,5446.5,5446.75,5445,5445
1710108000,5445.5,5445.5,5435.75,5436.25
1710108300,5436.25,5437.75,5434.75,5436.25
1710108600,5436.5,5437,5435.5,5436
1710108900,5436,5437.25,5435.75,5436.75
1710109200,5436.5,5438.25,5435.75,5437.5
1710109500,5438,5438.5,5437.75,5438.25
1710109800,5438,5441.25,5438,5440.5
1710110100,5440.5,5440.5,5437.25,5437.25
1710110400,5437.25,5438,5431.25,5433.25
1710110700,5433,5434.75,5432,5433.75
1710111000,5433.75,5434,5432.5,5433
1710111300,5433.25,5433.75,5431.25,5431.5
1710111600,5432,5433.5,5431.5,5432.5
1710111900,5433,5435.25,5432.75,5435
1710112200,5435,5439.25,5434,5435.75
1710112500,5436,5437.25,5435.25,5437
1710112800,5437.25,5438.5,5435.75,5436.5
1710113100,5436.5,5438,5436,5437.5
1710113400,5437.75,5439.25,5437.25,5437.75
1710113700,5437.5,5437.75,5436.25,5437.5
1710114000,5437.5,5440.5,5437.5,5438.75
1710114300,5439,5441,5438.75,5440.75
1710114600,5440.75,5442.25,5439.75,5440.5
1710114900,5440.75,5442.5,5439.75,5442.5
1710115200,5442.25,5442.75,5440.5,5441.5
1710115500,5441.5,5441.5,5439.5,5440.25
1710115800,5440.25,5443,5440,5442
1710116100,5441.75,5444.25,5441.75,5442.75
1710116400,5442.75,5443,5440.75,5441.25
1710116700,5441,5441.5,5439,5439.25
1710117000,5439,5440.25,5438.75,5438.75
1710117300,5438.5,5438.75,5437.5,5438.25
1710117600,5438.25,5438.25,5436.5,5437.25
1710117900,5437.25,5439.75,5437,5439
1710118200,5439,5440,5439,5439.75
1710118500,5439.5,5439.5,5438,5438.5
1710118800,5438.25,5440,5438.25,5439.75
1710119100,5439.75,5440.25,5439,5440.25
1710119400,5440.25,5440.75,5439.25,5439.75
1710119700,5440,5441.5,5440,5441
1710120000,5441,5442.25,5441,5442.25
1710120300,5442,5442,5441.25,5441.25
1710120600,5441.5,5443.25,5441.5,5442.75
1710120900,5443,5443.5,5442.25,5443
1710121200,5442.75,5446.25,5442.75,5443.75
1710121500,5443.75,5444,5441.25,5441.5
1710121800,5441.5,5442,5439.5,5439.75
1710122100,5439.75,5440.5,5439.25,5439.5
1710122400,5439.5,5439.75,5437.75,5439.25
1710122700,5439.25,5440.25,5439.25,5440.25
1710123000,5440.5,5440.5,5438,5438.75
1710123300,5439,5440.25,5439,5439.5
1710123600,5439.25,5439.25,5438,5438.5
1710123900,5438.25,5440.25,5438.25,5439.75
1710124200,5439.5,5439.5,5436.25,5436.25
1710124500,5436.25,5437,5436,5436.5
1710124800,5436.5,5437.75,5436.25,5437.5
1710125100,5437.5,5437.75,5436.75,5436.75
1710125400,5436.75,5437,5436,5436.75
1710125700,5436.75,5437.75,5436.75,5437
1710126000,5437.25,5437.75,5437,5437
1710126300,5437,5437.75,5437,5437.75
1710126600,5437.5,5438.5,5437.25,5438.25
1710126900,5438.5,5438.75,5438.25,5438.75
1710127200,5438.5,5438.75,5437.75,5438.25
1710127500,5438.25,5439.25,5438.25,5438.5
1710127800,5438.5,5438.75,5437,5437
1710128100,5437.25,5437.5,5437,5437
1710128400,5437,5437.25,5436.25,5436.25
1710128700,5436.5,5436.75,5435.25,5435.25
1710129000,5435.5,5435.75,5435.25,5435.25
1710129300,5435.25,5435.25,5432,5432.5
1710129600,5432.25,5432.25,5430,5430.5
1710129900,5430.25,5430.5,5429.25,5430.5
1710130200,5430.25,5430.75,5430.25,5430.75
1710130500,5430.75,5432,5430.75,5431.75
1710130800,5431.5,5432,5430.5,5430.5
1710131100,5430.75,5431.5,5430.5,5431.25
1710131400,5431,5431.25,5429.75,5430
1710131700,5430,5430.5,5430,5430.5
1710132000,5430.5,5431,5430.25,5430.5
1710132300,5430.5,5430.75,5429.75,5430.5
1710132600,5430.5,5431,5430,5431
1710132900,5430.75,5431.5,5430.75,5431
1710133200,5431,5432,5431,5431.25
1710133500,5431.25,5431.75,5429.75,5430.5
1710133800,5430.5,5432.25,5430.25,5431.25
1710134100,5431.25,5431.75,5430.75,5431.5
1710134400,5431.5,5432.25,5431.25,5431.75
1710134700,5431.75,5432.75,5431.5,5432.25
1710135000,5432.25,5434,5432,5433.75
1710135300,5433.75,5435.5,5433.5,5434.75
1710135600,5435,5436.75,5435,5435.25
1710135900,5435.25,5436,5434.5,5434.5
1710136200,5434.5,5435.75,5434.25,5435.75
1710136500,5435.5,5437.5,5435.25,5437.25
1710136800,5437.5,5439,5437,5439
1710137100,5439,5439.5,5438,5438.5
1710137400,5438.75,5438.75,5437.5,5437.75
1710137700,5437.75,5437.75,5437,5437.5
1710138000,5437.5,5437.75,5436.5,5436.75
1710138300,5436.75,5437.5,5436.5,5436.5
1710138600,5436.5,5437.75,5435.5,5437.25
1710138900,5437,5437.75,5436.75,5437.75
1710139200,5437.75,5437.75,5436.25,5437.75
1710139500,5437.5,5438,5437.25,5438
1710139800,5438.25,5438.25,5437.75,5438
1710140100,5438.25,5439.25,5438.25,5438.5
1710140400,5438.5,5439.75,5438.5,5438.75
1710140700,5438.75,5441,5438.25,5440.5
1710141000,5440.25,5440.5,5438.5,5438.5
1710141300,5438.5,5439,5436.5,5436.75
1710141600,5436.5,5436.75,5432.75,5433.25
1710141900,5433.5,5436,5432.75,5435.75
1710142200,5435.75,5435.75,5434,5434.25
1710142500,5434.25,5435,5433.25,5433.75
1710142800,5433.5,5434,5433,5433.25
1710143100,5433.25,5435.5,5432.25,5435
1710143400,5435,5438.5,5435,5438
1710143700,5438,5438.25,5435.25,5435.5
1710144000,5435.25,5438.25,5430.75,5431
1710144300,5430.75,5434,5428,5430
1710144600,5430.25,5430.75,5426,5426.5
1710144900,5426.5,5427.75,5422.25,5427
1710145200,5427,5433.75,5426.75,5433.5
1710145500,5433.5,5434.75,5431.75,5433.25
1710145800,5433.25,5435,5430.75,5434.75
1710146100,5434.75,5437.25,5434.5,5434.5
1710146400,5434.75,5435.25,5433.25,5433.75
1710146700,5434,5434.25,5423.5,5424.5
1710147000,5424,5426.25,5419.5,5426.25
1710147300,5426.25,5431,5426.25,5430.75
1710147600,5430.75,5434.5,5430.5,5434.5
1710147900,5434.5,5435.5,5433.25,5434.75
1710148200,5434.5,5435,5432.25,5435
1710148500,5434.75,5435.5,5432.25,5435.5
1710148800,5435.5,5437.25,5434.75,5435
1710149100,5435,5437,5434.75,5435.75
1710149400,5435.75,5436.5,5433.5,5433.75
1710149700,5433.5,5433.75,5430.75,5431.25
1710150000,5431.25,5432.75,5431,5432.25
1710150300,5432.25,5434,5432,5433.25
1710150600,5433.25,5434.5,5432.75,5433
1710150900,5433,5434,5431.75,5433.75
1710151200,5433.75,5434.75,5432.75,5434.25
1710151500,5434.25,5435,5433,5435
1710151800,5435,5435,5432.75,5433.25
1710152100,5433,5433.5,5432.25,5433.25
1710152400,5432.75,5433,5427.25,5427.25
1710152700,5427,5429.25,5426.75,5428
1710153000,5427.75,5431.75,5427.75,5431.75
1710153300,5431.5,5435,5431.5,5434.5
1710153600,5434.5,5437.25,5434.5,5435.25
1710153900,5435,5439,5435,5439
1710154200,5438.75,5439.25,5437.25,5437.5
1710154500,5437.25,5437.5,5436.25,5437
1710154800,5437,5438.25,5434,5438.25
1710155100,5438.25,5438.25,5432,5434.25
1710155400,5434,5436.75,5433.5,5435.5
1710155700,5435.75,5436.5,5434,5434.5
1710156000,5434.75,5435.75,5432.75,5434
1710156300,5434.25,5434.5,5432,5433.75
1710156600,5433.5,5433.75,5431.25,5432
1710156900,5432,5432.25,5431,5432
1710157200,5432,5432.25,5431.25,5431.75
1710157500,5431.75,5432,5427.5,5427.75
1710157800,5427.75,5428.25,5425.75,5426.5
1710158100,5426.5,5429.25,5425.75,5428.5
1710158400,5428.75,5428.75,5421.75,5422.25
1710158700,5422.25,5424.75,5420,5420.75
1710159000,5420.5,5420.5,5415.75,5417.75
1710159300,5418,5419.5,5416.25,5419.5
1710159600,5419.5,5421.5,5417,5419.5
1710159900,5419.5,5421,5418,5419.25
1710160200,5419,5422.75,5418.75,5421.5
1710160500,5421.25,5422,5417.75,5419.75
1710160800,5419.5,5421.75,5417.75,5418
1710161100,5418,5419.25,5416,5417.5
1710161400,5417.5,5421.75,5416.5,5421.25
1710161700,5421.5,5422,5419.75,5421.5
1710162000,5421.5,5424,5420.5,5423
1710162300,5423,5426,5422.5,5424.5
1710162600,5424.5,5428.5,5424.5,5428
1710162900,5428.25,5429.75,5426.75,5429.5
1710163200,5429.25,5429.5,5427,5428
1710163500,5427.75,5428.75,5423.25,5427.5
1710163800,5427.25,5432,5424.5,5424.75
1710164100,5424.75,5431.75,5424,5429
1710164400,5429.25,5430.75,5427,5428.25
1710164700,5428.25,5431.5,5423.75,5425.5
1710165000,5425.75,5429.25,5420.25,5420.25
1710165300,5420.25,5423.25,5416.75,5417
1710165600,5417,5419,5412,5413.25
1710165900,5413.25,5414.5,5408.5,5412.25
1710166200,5412.75,5413.75,5407.75,5408.75
1710166500,5408.75,5417.25,5408.25,5417
1710166800,5417.25,5418,5409.25,5409.75
1710167100,5410,5413.25,5409.5,5412.5
1710167400,5412.5,5422.25,5412,5421
1710167700,5420.75,5422,5412,5412.5
1710168000,5412.75,5419.25,5412.5,5417
1710168300,5417,5420.25,5414,5420.25
1710168600,5420,5427.25,5419.5,5427
1710168900,5427,5430,5425.75,5428.25
1710169200,5428.5,5431,5426.75,5429.25
1710169500,5429.25,5431.5,5425.75,5426.5
1710169800,5426.5,5427,5418.5,5422.25
1710170100,5422.5,5423.75,5420.25,5423.75
1710170400,5423.75,5424,5418.75,5420.5
1710170700,5420.5,5423.5,5416.5,5417.5
1710171000,5417.5,5420,5414.75,5418.5
1710171300,5418.25,5422.75,5418,5419
1710171600,5418.75,5423,5417.5,5422.75
1710171900,5423,5427.5,5422.5,5426.75
1710172200,5427,5429.5,5425.5,5427
1710172500,5427,5431.75,5425.75,5431.25
1710172800,5431.25,5431.5,5423.75,5425.75
1710173100,5425.75,5428.25,5423.75,5426.5
1710173400,5426.5,5428.5,5422.5,5426.75
1710173700,5426.75,5430.5,5425.75,5430.25
1710174000,5430.25,5431.5,5428.25,5430.25
1710174300,5430.25,5430.5,5427,5428.25
1710174600,5428.25,5431.25,5428.25,5431.25
1710174900,5431,5432.25,5428,5429
1710175200,5429.25,5434.25,5428.75,5431.5
1710175500,5431.75,5433.25,5429.75,5431.25
1710175800,5431,5434.5,5430,5434
1710176100,5434.25,5434.5,5432.25,5433
1710176400,5433,5434.75,5430.5,5431.75
1710176700,5432,5433.5,5428,5430
1710177000,5429.75,5430.5,5424.75,5426.75
1710177300,5426.5,5430.5,5425.5,5430
1710177600,5430,5435.25,5430,5433.25
1710177900,5433.25,5436.25,5433.25,5435.5
1710178200,5435.5,5439.25,5433.25,5434
1710178500,5434,5435.5,5430.25,5431.5
1710178800,5431.25,5433,5427,5427.75
1710179100,5427.75,5430,5426,5428.25
1710179400,5428,5430.75,5427,5429.5
1710179700,5429.5,5434,5429.5,5433.25
1710180000,5433.5,5434.75,5430.75,5434.5
1710180300,5434.75,5435,5433,5434.25
1710180600,5434.5,5434.5,5429.75,5431.5
1710180900,5431.75,5435.5,5431.75,5432.5
1710181200,5432.5,5435,5431,5435
1710181500,5435,5435.5,5432,5435
1710181800,5435,5436.75,5431.75,5432.75
1710182100,5432.75,5434.5,5431.25,5433
1710182400,5433,5438.25,5432.75,5437.75
1710182700,5437.75,5440.25,5436,5439.5
1710183000,5439.25,5442,5437.5,5438
1710183300,5438,5439.5,5436.75,5439.25
1710183600,5439,5439.25,5435.25,5437.75
1710183900,5437.75,5438.5,5436.25,5436.5
1710184200,5436.5,5438,5433.25,5433.25
1710184500,5433.25,5435.25,5431.75,5432.75
1710184800,5432.75,5436.25,5432,5433.75
1710185100,5434,5434.25,5431.25,5431.75
1710185400,5431.75,5436,5430.75,5433.5
1710185700,5433.25,5435,5429.75,5431.5
1710186000,5431.75,5438,5431.5,5436.5
1710186300,5436.75,5438.75,5430.75,5431.75
1710186600,5432,5433.75,5428.25,5430.25
1710186900,5430,5437,5429.25,5435.75
1710187200,5435.75,5438,5434.5,5435.5
1710187500,5435.5,5438,5434.75,5437.75
1710187800,5437.75,5439,5436.5,5438
1710188100,5438,5438.75,5437,5438.5
1710188400,5438.75,5439.5,5438.25,5438.5
1710188700,5438.25,5439,5437.5,5438
1710189000,5438,5442,5437.75,5440.5
1710189300,5440.5,5441.5,5440.25,5440.25
1710189600,5440.25,5441.5,5439.5,5441.5
1710189900,5441.5,5441.5,5440,5440.25
1710190200,5440.25,5440.75,5440,5440
1710190500,5440.25,5441.75,5440,5441.25
1710194400,5442,5445.5,5441.75,5442.75
1710194700,5443,5446.5,5442.75,5446.25
1710195000,5446.25,5448.25,5446.25,5447
1710195300,5447.25,5449.75,5447,5448.5
1710195600,5448.5,5448.5,5446.75,5446.75
1710195900,5447,5448.25,5447,5447.5
1710196200,5447.75,5448,5446.75,5447.5
1710196500,5447.25,5447.5,5446.5,5447.25
1710196800,5447.25,5449.25,5447.25,5448.75
1710197100,5448.75,5449,5447.75,5447.75
1710197400,5448,5448.5,5447.25,5447.75
1710197700,5447.75,5448,5447.25,5447.5
1710198000,5447.5,5447.75,5446.5,5447.25
1710198300,5447.25,5447.75,5446.75,5447
1710198600,5447,5447.5,5446.5,5447.25
1710198900,5447.25,5448.75,5447,5448.5
1710199200,5448.5,5448.75,5447.5,5447.5
1710199500,5447.5,5448.25,5447.5,5447.75
1710199800,5448,5448.25,5447.5,5447.75
1710200100,5447.75,5448.25,5447.25,5448
1710200400,5447.75,5448,5447.75,5448
1710200700,5448,5448.75,5448,5448.25
1710201000,5448.25,5449.25,5448.25,5448.75
1710201300,5448.75,5450.25,5448.75,5449.5
1710201600,5449.5,5449.75,5447.5,5448.25
1710201900,5448.25,5448.5,5447.25,5448
1710202200,5448,5448.5,5447.5,5448
1710202500,5448,5449.25,5448,5449
1710202800,5449,5449.75,5448.75,5449.5
1710203100,5449.5,5451.5,5449.25,5450.75
1710203400,5450.75,5451.25,5450,5451.25
1710203700,5451,5452.5,5448.75,5449.75
1710204000,5449.75,5450.5,5448.25,5448.5
1710204300,5448.5,5449.25,5447.75,5449
1710204600,5449,5449,5448.25,5448.75
1710204900,5448.75,5448.75,5447.25,5447.5
1710205200,5447.5,5448.25,5447.5,5448
1710205500,5447.75,5448.5,5447,5447.25
1710205800,5447,5447.75,5447,5447.5
1710206100,5447.5,5448,5447,5447.75
1710206400,5448,5448.75,5447.5,5448.25
1710206700,5448,5448.75,5447.75,5448.5
1710207000,5448.5,5448.75,5446.75,5447.25
1710207300,5447.25,5448.75,5447,5448.25
1710207600,5448.5,5449,5448,5449
1710207900,5449,5450.5,5449,5450.25
1710208200,5450.25,5450.75,5449.5,5449.75
1710208500,5449.75,5449.75,5448.75,5448.75
1710208800,5448.75,5449,5448,5448.5
1710209100,5448.25,5448.75,5447.75,5447.75
1710209400,5447.75,5448.5,5447.5,5448.25
1710209700,5448,5448.5,5447.75,5448.5
1710210000,5448.5,5449.5,5448.5,5449.25
1710210300,5449.5,5450,5449,5449.75
1710210600,5449.5,5450,5449.5,5449.75
1710210900,5449.75,5449.75,5448.75,5449
1710211200,5449.25,5449.25,5448.5,5449
1710211500,5449,5450.25,5449,5449.75
1710211800,5449.5,5449.5,5449.25,5449.5
1710212100,5449.5,5450,5449.25,5449.75
1710212400,5449.75,5450.75,5449.75,5450.5
1710212700,5450.25,5450.5,5450,5450.25
1710213000,5450.5,5450.75,5450,5450.25
1710213300,5450,5451,5450,5451
1710213600,5451.25,5451.25,5450.25,5450.25
1710213900,5450.25,5450.5,5449.75,5450
1710214200,5450,5451,5450,5450.75
1710214500,5450.5,5451.5,5450.5,5451.25
1710214800,5451.25,5451.25,5450.75,5450.75
1710215100,5450.75,5450.75,5450.5,5450.75
1710215400,5451,5451.5,5450.75,5451
1710215700,5451,5451,5450.25,5450.75
1710216000,5450.75,5451,5450.5,5450.75
1710216300,5450.5,5451,5450.5,5450.5
1710216600,5450.5,5450.5,5450,5450
1710216900,5450.25,5450.75,5450.25,5450.5
1710217200,5450.5,5450.5,5450.25,5450.25
1710217500,5450.5,5451,5450.5,5450.5
1710217800,5450.5,5451.25,5450.5,5451.25
1710218100,5451.25,5451.75,5451.25,5451.75
1710218400,5451.75,5452,5451.5,5451.75
1710218700,5452,5452.25,5451.5,5452
1710219000,5452,5453.75,5451.75,5453.75
1710219300,5453.75,5454,5453,5453.25
1710219600,5453.5,5454.25,5453.25,5453.5
1710219900,5453.5,5455.5,5453.5,5455.5
1710220200,5455.5,5455.75,5454.75,5455.5
1710220500,5455.5,5456,5454.75,5455.25
1710220800,5455.25,5455.75,5455.25,5455.5
1710221100,5455.25,5455.5,5455,5455.25
1710221400,5455.25,5456.25,5455.25,5456
1710221700,5456.25,5456.75,5456,5456.5
1710222000,5456.5,5456.5,5455.75,5456.25
1710222300,5456.25,5456.75,5456,5456
1710222600,5456.25,5458,5456.25,5457.5
1710222900,5457.25,5458.25,5457.25,5457.75
1710223200,5458,5458.25,5455.75,5455.75
1710223500,5455.5,5456.75,5455.5,5456
1710223800,5456,5456,5454.5,5454.5
1710224100,5454.5,5454.5,5453,5454
1710224400,5454,5454.5,5453.5,5454.5
1710224700,5454.25,5455,5454,5454
1710225000,5454,5454.75,5454,5454.5
1710225300,5454.75,5455.5,5454.5,5455.5
1710225600,5455.5,5455.75,5455,5455.5
1710225900,5455.5,5456.25,5455,5455
1710226200,5455.25,5455.5,5453.75,5453.75
1710226500,5453.75,5455.75,5452.75,5455.25
1710226800,5455.25,5455.5,5453.25,5454.5
1710227100,5454.75,5456.5,5454.5,5455.25
1710227400,5455.5,5456.75,5455.5,5456.5
1710227700,5456.5,5456.75,5455.5,5455.75
1710228000,5455.75,5456.25,5455.25,5455.75
1710228300,5455.5,5456.25,5455,5455.75
1710228600,5455.75,5456.25,5455.25,5456
1710228900,5456,5456.5,5455.5,5456
1710229200,5455.75,5455.75,5455,5455
1710229500,5455.25,5455.75,5454.5,5455.25
1710229800,5455,5456.25,5454.75,5455.75
1710230100,5455.75,5457.5,5455.25,5456
1710230400,5456.25,5457.75,5454.5,5457.5
1710230700,5457.25,5459,5453.75,5454.25
1710231000,5454.25,5454.5,5450.75,5451
1710231300,5451,5452.25,5450,5451.25
1710231600,5451.25,5451.5,5449.75,5449.75
1710231900,5450,5451,5447.25,5447.25
1710232200,5447.25,5448.25,5443.5,5447.75
1710232500,5447.5,5449,5447.25,5448.75
1710232800,5448.75,5449.5,5447.75,5448.5
1710233100,5448.25,5448.5,5446.5,5446.75
1710233400,5446.75,5447.75,5445,5445.25
1710233700,5445.25,5448,5445,5446.5
1710234000,5446.5,5447.25,5444.5,5446.25
1710234300,5446.5,5446.75,5445,5445.25
1710234600,5445.25,5446,5444.25,5445.75
1710234900,5446,5446,5444.25,5445.25
1710235200,5445.25,5447.25,5445,5447.25
1710235500,5447.25,5448.5,5447,5448
1710235800,5448,5449.25,5447.5,5449
1710236100,5449,5449.25,5448.25,5448.75
1710236400,5448.5,5449.25,5446.5,5446.75
1710236700,5447,5448.75,5446.75,5448
1710237000,5447.75,5448.25,5446.75,5447.25
1710237300,5447,5447.25,5444,5444.25
1710237600,5444.25,5448,5444,5447.5
1710237900,5447.75,5448.25,5446.5,5446.75
1710238200,5446.75,5447.25,5446,5447
1710238500,5447,5448,5445.75,5448
1710238800,5447.75,5449.25,5447.5,5449.25
1710239100,5449.25,5449.75,5448.25,5448.25
1710239400,5448.5,5448.5,5447.5,5448.25
1710239700,5448.5,5449.75,5447.25,5449.5
1710240000,5449.5,5451.75,5448.75,5449.5
1710240300,5449.25,5450.5,5448.5,5449.25
1710240600,5449,5450,5448.25,5449.5
1710240900,5449.5,5450.75,5449,5449
1710241200,5449,5449,5447.25,5448
1710241500,5448,5448,5444,5444
1710241800,5444,5446.25,5443.75,5446
1710242100,5446.25,5447,5444.25,5445
1710242400,5445,5445.75,5444,5445.75
1710242700,5445.75,5447.75,5445.75,5447
1710243000,5447,5448.75,5447,5447.5
1710243300,5447.5,5449,5447.5,5448.75
1710243600,5448.5,5449.25,5447.75,5448.75
1710243900,5448.75,5449,5446.25,5447.25
1710244200,5447,5448,5446.25,5446.75
1710244500,5446.75,5447.25,5446,5446.75
1710244800,5446.5,5447.75,5445.5,5447.75
1710245100,5447.75,5448.5,5446.5,5447.25
1710245400,5447.25,5448.25,5447.25,5447.75
1710245700,5447.5,5451,5447,5448.5
1710246000,5448.5,5450.75,5448,5448.75
1710246300,5448.75,5450,5445.75,5448
1710246600,5447,5458,5426.5,5455.75
1710246900,5456,5466.5,5453,5463.5
1710247200,5463.5,5468.75,5461.25,5466.25
1710247500,5466,5471.25,5465.5,5466
1710247800,5466,5467,5457.25,5458.25
1710248100,5458,5462.75,5453.75,5458
1710248400,5458,5459.25,5453.25,5455.75
1710248700,5455.75,5456.75,5452,5453
1710249000,5453,5453,5446.25,5452.5
1710249300,5452.25,5453,5447.5,5447.75
1710249600,5447.75,5452.75,5447.5,5452.25
1710249900,5452.25,5457.25,5452.25,5456.5
1710250200,5456.75,5460.25,5450.75,5451.5
1710250500,5451.5,5451.5,5436.25,5437.25
1710250800,5437.25,5442,5435.5,5435.5
1710251100,5435.75,5437.25,5430.25,5434.5
1710251400,5434.75,5442.25,5433.75,5441.75
1710251700,5441.75,5457,5441.75,5456.25
1710252000,5456.25,5458.25,5452,5453
1710252300,5453,5462,5452,5457.5
1710252600,5457.5,5460.75,5456.5,5457.25
1710252900,5457.25,5461.75,5456.25,5459.75
1710253200,5459.75,5469.75,5458.25,5469.5
1710253500,5469.5,5473.75,5468.5,5473
1710253800,5473,5478.25,5473,5478
1710254100,5478,5480.5,5476.75,5477.5
1710254400,5477.5,5481,5477.25,5480.5
1710254700,5480.75,5484.5,5477.5,5484
1710255000,5484.25,5488,5483,5487
1710255300,5487,5487.25,5478.5,5482.5
1710255600,5482.5,5484,5478,5478
1710255900,5478.25,5485.25,5477,5483.25
1710256200,5483.5,5487,5483.25,5485.25
1710256500,5485.25,5488.75,5485,5486
1710256800,5486.25,5487.25,5483.5,5486.5
1710257100,5486.5,5487,5483.75,5484.75
1710257400,5485,5485,5481,5484.25
1710257700,5484,5486.25,5482,5485
1710258000,5485,5485.25,5477,5479.25
1710258300,5479.5,5479.75,5474.5,5477.75
1710258600,5478,5483.75,5477.75,5483.25
1710258900,5483.25,5483.75,5480.75,5482
1710259200,5482,5482.75,5475,5475
1710259500,5474.75,5480.25,5474.5,5476.25
1710259800,5476.5,5480.25,5476.25,5479.75
1710260100,5480,5480.25,5475.25,5475.5
1710260400,5475.5,5477.75,5473,5473.25
1710260700,5473.5,5474.75,5472.5,5473.75
1710261000,5474,5474.25,5471.75,5473.75
1710261300,5473.75,5474.75,5466.25,5468.25
1710261600,5468.25,5468.75,5464.5,5465.5
1710261900,5465.25,5465.25,5457.75,5463
1710262200,5463,5467.25,5462,5467
1710262500,5466.75,5467.75,5462.75,5466.5
1710262800,5466.75,5469.5,5460.25,5463.25
1710263100,5463.5,5465,5458.75,5460.75
1710263400,5461,5465.75,5459.25,5465.25
1710263700,5465.5,5473,5464.25,5472.75
1710264000,5472.75,5477,5472.75,5475.25
1710264300,5475.25,5477.25,5470.75,5472
1710264600,5472,5475.25,5471.75,5474.5
1710264900,5474.25,5477.5,5472.75,5475.75
1710265200,5475.75,5478,5475.5,5477.5
1710265500,5477.75,5479,5475.5,5477.75
1710265800,5478,5478.5,5474.75,5476
1710266100,5476,5481.25,5475,5479.25
1710266400,5479.25,5481.75,5478.25,5481
1710266700,5481,5483,5480,5481.5
1710267000,5481.5,5486,5480.5,5481.25
1710267300,5481,5483.25,5480.75,5483
1710267600,5483.25,5486.25,5482.75,5484.75
1710267900,5485,5487.75,5484,5487.5
1710268200,5487.5,5491.25,5486.75,5490
1710268500,5490.25,5491.25,5486.25,5488.5
1710268800,5488.25,5488.5,5478.75,5479.5
1710269100,5479.75,5488.5,5479,5488
1710269400,5488,5492,5487.25,5490.25
1710269700,5490.5,5493.25,5489.25,5490.75
1710270000,5490.75,5492.25,5487.75,5492.25
1710270300,5492.25,5492.25,5489.5,5492
1710270600,5492,5493,5490.75,5491.5
1710270900,5491.75,5492.5,5487.25,5489.75
1710271200,5489.75,5494.75,5489.25,5493.75
1710271500,5493.5,5495.5,5492.5,5494.75
1710271800,5494.5,5494.75,5490,5490.5
1710272100,5490.75,5493.25,5488.5,5491
1710272400,5491,5494,5489.75,5489.75
1710272700,5489.75,5492.25,5489.25,5491
1710273000,5491,5495.25,5488.75,5494
1710273300,5493.75,5497,5490.5,5491.75
1710273600,5491.75,5493.25,5490.25,5492.5
1710273900,5492.75,5493.25,5490.5,5493
1710274200,5492.75,5494.5,5491.75,5491.75
1710274500,5491.75,5492.5,5491,5491
1710274800,5491.25,5492.25,5491,5492
1710275100,5492.25,5493.75,5492,5493
1710275400,5493.25,5493.5,5493,5493
1710275700,5493,5493.25,5492.5,5492.75
1710276000,5492.75,5493.25,5492.5,5493
1710276300,5492.75,5493.25,5492.25,5492.5
1710276600,5492.25,5493,5492,5492
1710276900,5492,5492.25,5489,5489.25
1710280800,5488.5,5490,5488,5488.5
1710281100,5488.5,5489.5,5488.25,5489.25
1710281400,5489.5,5491.5,5489.25,5491.25
1710281700,5491.25,5492.25,5491,5492
1710282000,5492,5492.75,5492,5492.5
1710282300,5492.75,5493.5,5492.5,5493
1710282600,5493,5493.75,5492.75,5493.25
1710282900,5493.25,5493.5,5492.75,5493
1710283200,5492.75,5492.75,5491.75,5492.75
1710283500,5492.75,5493.25,5492.5,5493
1710283800,5493,5494,5493,5493
1710284100,5493,5493.25,5492.5,5492.5
1710284400,5492.5,5493,5491.5,5492.5
1710284700,5492.75,5493,5492.5,5492.75
1710285000,5492.5,5493,5492.25,5493
1710285300,5493.25,5494.25,5493.25,5494.25
1710285600,5494.25,5495.25,5494,5495
1710285900,5494.75,5495,5493.75,5494
1710286200,5494.25,5494.75,5494,5494.5
1710286500,5494.25,5494.25,5493.25,5493.25
1710286800,5493.5,5493.75,5493,5493
1710287100,5493.25,5493.25,5492.5,5492.75
1710287400,5493,5493,5492.5,5492.75
1710287700,5492.75,5493.25,5492.25,5493
1710288000,5493,5493,5492,5492.25
1710288300,5492.25,5493,5491.75,5491.75
1710288600,5491.75,5492.25,5491.75,5491.75
1710288900,5491.75,5493,5491.75,5493
1710289200,5493,5494,5492.5,5493.75
1710289500,5493.5,5493.5,5493,5493.25
1710289800,5493,5493,5492.25,5492.25
1710290100,5492.25,5492.25,5491.5,5491.75
1710290400,5491.75,5491.75,5489,5489.5
1710290700,5489.75,5491,5489.5,5490.25
1710291000,5490.5,5490.75,5489.75,5490
1710291300,5490,5490.25,5489.25,5490
1710291600,5490,5490,5488.75,5489.75
1710291900,5489.5,5489.5,5488.75,5489.25
1710292200,5489,5489.5,5488.5,5488.75
1710292500,5488.75,5489.5,5488.75,5489.5
1710292800,5489.25,5489.5,5488.25,5489.5
1710293100,5489.5,5489.75,5489,5489.5
1710293400,5489.5,5489.75,5489,5489.25
1710293700,5489.25,5489.5,5488.25,5489
1710294000,5489,5489.25,5488.25,5488.5
1710294300,5488.5,5489,5488.5,5488.75
1710294600,5488.75,5489,5488.25,5488.75
1710294900,5488.75,5489.25,5488.25,5489.25
1710295200,5489,5489.5,5488.75,5488.75
1710295500,5488.75,5489.25,5488.75,5489
1710295800,5489.25,5490.25,5489.25,5490
1710296100,5490,5490,5489.25,5489.25
1710296400,5489.5,5490,5489,5489.75
1710296700,5490,5490,5489,5489
1710297000,5488.75,5489.25,5488.5,5488.5
1710297300,5488.5,5488.75,5487.25,5487.5
1710297600,5487.5,5488.25,5487.25,5488
1710297900,5488,5488,5486.5,5486.75
1710298200,5486.75,5488.25,5486.5,5488
1710298500,5488,5488,5487,5487
1710298800,5487,5487.5,5486.5,5486.75
1710299100,5486.75,5487,5486.25,5486.25
1710299400,5486.5,5487,5486,5486
1710299700,5486,5486.5,5485.25,5486.25
1710300000,5486.25,5487.5,5486.25,5487.25
1710300300,5487.25,5487.75,5486.75,5487.5
1710300600,5487.25,5488.5,5487.25,5487.75
1710300900,5487.75,5488,5487,5487
1710301200,5487,5487.25,5486.25,5487.25
1710301500,5487.25,5488.5,5487,5488.5
1710301800,5488.5,5488.75,5487.75,5488.5
1710302100,5488.75,5488.75,5488.25,5488.5
1710302400,5488.5,5489.25,5488.25,5489
1710302700,5489,5489.5,5489,5489.5
1710303000,5489.5,5490.75,5489.25,5490.25
1710303300,5490,5490.25,5489.25,5489.25
1710303600,5489.25,5489.5,5489,5489.25
1710303900,5489.25,5489.75,5489,5489.5
1710304200,5489.5,5490,5489.5,5489.75
1710304500,5489.75,5490,5489.5,5489.75
1710304800,5489.75,5490,5489.75,5490
1710305100,5490,5490.75,5490,5490.75
1710305400,5490.5,5491.25,5490.25,5491.25
1710305700,5491,5491.25,5490.5,5491
1710306000,5491,5491.75,5491,5491.25
1710306300,5491.5,5492.75,5491.5,5492
1710306600,5492,5492.25,5491.25,5491.5
1710306900,5491.5,5491.5,5490.75,5491.25
1710307200,5491.25,5492.25,5491.25,5492
1710307500,5492.25,5493.5,5492,5493
1710307800,5493,5493,5492,5492.75
1710308100,5492.75,5493.75,5492.5,5493.25
1710308400,5493,5493.5,5492.25,5492.5
1710308700,5492.75,5493.5,5492.5,5493.5
1710309000,5493.5,5493.75,5493,5493.5
1710309300,5493.5,5495,5493.5,5493.75
1710309600,5493.75,5493.75,5492.25,5492.5
1710309900,5492.75,5493.25,5492.25,5492.75
1710310200,5492.75,5493,5492.25,5493
1710310500,5492.75,5492.75,5492,5492.25
1710310800,5492.25,5492.75,5491.5,5491.75
1710311100,5491.75,5491.75,5490.75,5490.75
1710311400,5491,5491.75,5490.75,5491.75
1710311700,5492,5492.75,5491.75,5492.75
1710312000,5492.75,5492.75,5491.75,5492
1710312300,5492.25,5492.5,5491.25,5491.5
1710312600,5491.5,5492.5,5491.5,5492.5
1710312900,5492.5,5493.25,5492.25,5492.75
1710313200,5492.75,5496.5,5492.75,5495.5
1710313500,5495.5,5496.75,5494.25,5495.5
1710313800,5495.5,5496.75,5495.5,5496.5
1710314100,5496.75,5497.5,5494.5,5497.25
1710314400,5497.5,5497.75,5496.75,5497
1710314700,5497,5497.5,5496.25,5497.25
1710315000,5497.25,5497.25,5495.25,5495.75
1710315300,5495.75,5496.75,5495.5,5495.75
1710315600,5495.5,5495.75,5494.75,5495
1710315900,5495.25,5495.75,5494.75,5495.75
1710316200,5495.75,5496.25,5495,5496
1710316500,5496,5496.25,5494.75,5495.25
1710316800,5495.25,5497.5,5494,5494.5
1710317100,5494.5,5494.75,5493.25,5494.25
1710317400,5494.25,5494.75,5492.75,5492.75
1710317700,5493,5495.25,5493,5495.25
1710318000,5495.25,5495.5,5492.5,5492.5
1710318300,5492.75,5492.75,5489.25,5489.25
1710318600,5489.5,5491.25,5487.75,5491
1710318900,5491,5491,5489,5489
1710319200,5489,5490.5,5489,5489
1710319500,5489,5489.75,5488,5489
1710319800,5489,5490,5487.5,5490
1710320100,5490,5491.25,5489.75,5491
1710320400,5491.25,5491.5,5488.25,5489
1710320700,5489.25,5490,5488.75,5489.5
1710321000,5489.5,5492.25,5489.5,5492
1710321300,5492.25,5492.75,5487.75,5490.5
1710321600,5490.5,5491,5488.75,5490.25
1710321900,5490.25,5492.75,5489.5,5492
1710322200,5492,5492,5489,5489.25
1710322500,5489.25,5491.75,5489.25,5491
1710322800,5491,5492.25,5490.5,5491
1710323100,5491,5491.75,5489.75,5490.75
1710323400,5491,5491.25,5489.5,5490
1710323700,5490,5491.25,5489.5,5491.25
1710324000,5491.25,5492.75,5490.75,5491.75
1710324300,5491.75,5492,5489.25,5489.25
1710324600,5489.25,5491.5,5489.25,5490.5
1710324900,5490.25,5491.25,5489.75,5491.25
1710325200,5491.25,5492.25,5490.75,5492.25
1710325500,5492.5,5492.75,5491.5,5492
1710325800,5492,5492.25,5491,5491.25
1710326100,5491.25,5492.5,5491.25,5492.25
1710326400,5492.25,5494,5491.75,5493.5
1710326700,5493.5,5495.25,5493.5,5494.5
1710327000,5494.75,5495,5493.5,5494.25
1710327300,5494.25,5495.25,5493.75,5494.75
1710327600,5495,5495.5,5493.75,5495
1710327900,5494.75,5495.5,5493.5,5495
1710328200,5495.25,5495.75,5494.5,5494.5
1710328500,5494.5,5495,5494,5494.5
1710328800,5494.75,5496,5494.75,5496
1710329100,5495.75,5496.25,5494.75,5496.25
1710329400,5496.25,5496.75,5495.25,5496.5
1710329700,5496.25,5497,5496,5496.5
1710330000,5496.75,5497.25,5495.5,5497
1710330300,5497.25,5497.5,5496.5,5497.25
1710330600,5497,5497,5494.75,5495
1710330900,5495.25,5495.25,5493,5493.25
1710331200,5493.25,5494,5491.75,5491.75
1710331500,5491.75,5493,5491,5491.5
1710331800,5491.5,5493.75,5490.75,5492.5
1710332100,5492.75,5492.75,5489.75,5490.75
1710332400,5490.5,5491,5489,5489.5
1710332700,5489.5,5489.75,5488,5488.5
1710333000,5488.25,5488.5,5486,5486.5
1710333300,5486.5,5488,5486.25,5487.75
1710333600,5487.5,5489.5,5486.75,5488.75
1710333900,5489,5490,5488,5489.25
1710334200,5489.25,5489.75,5488.25,5489.25
1710334500,5489.25,5490.5,5488.25,5490.5
1710334800,5490.25,5491.25,5489.25,5491
1710335100,5491,5491.5,5490,5491.5
1710335400,5491.5,5492.75,5490.75,5492.25
1710335700,5492.5,5492.75,5491.5,5492.5
1710336000,5492.25,5492.75,5491.75,5492.25
1710336300,5492,5494.5,5491.75,5493.5
1710336600,5493.5,5493.5,5489,5489
1710336900,5488.75,5490.25,5486.5,5487.75
1710337200,5488,5488.25,5483.75,5484.25
1710337500,5484.25,5485.75,5481.75,5483.75
1710337800,5483.75,5485,5482.75,5483.5
1710338100,5483.75,5486,5482.75,5483
1710338400,5483,5483.5,5479,5482.25
1710338700,5482,5486,5481.75,5485.5
1710339000,5485.75,5488.25,5483.5,5485
1710339300,5485,5487,5483,5485.25
1710339600,5485.25,5487.25,5484,5486.5
1710339900,5486.75,5488,5485.25,5486.75
1710340200,5486.5,5488.75,5486.25,5488.25
1710340500,5488.5,5489,5484,5485.5
1710340800,5485.5,5489.75,5484.75,5489.75
1710341100,5489.75,5490.25,5484.5,5485.5
1710341400,5485.75,5486,5481.75,5483.5
1710341700,5483.25,5484.5,5480.5,5484.25
1710342000,5484,5486.75,5482.75,5486.5
1710342300,5486.5,5488.25,5484.75,5488
1710342600,5488,5489,5486,5486.25
1710342900,5486.5,5489.25,5486.25,5488
1710343200,5488.25,5489.5,5486.5,5487
1710343500,5486.75,5487.25,5481.75,5482.75
1710343800,5483,5485.75,5481,5483.25
1710344100,5483.25,5486.5,5483.25,5484
1710344400,5484,5485,5480.75,5483.25
1710344700,5483,5483.5,5481.25,5483
1710345000,5483.25,5485.25,5483,5485.25
1710345300,5485.25,5487.25,5485.25,5486.75
1710345600,5486.75,5487,5484.5,5485.5
1710345900,5485.25,5487.5,5484.25,5484.75
1710346200,5484.75,5487.75,5484,5485.75
1710346500,5485.5,5487.75,5485.5,5487.25
1710346800,5487.5,5488.25,5486.75,5487.25
1710347100,5487.5,5488.5,5485.25,5485.5
1710347400,5485.5,5487.25,5483.25,5485
1710347700,5484.75,5487.5,5484.25,5487.25
1710348000,5487,5489.25,5486.5,5487.75
1710348300,5488,5489.5,5487.75,5488.25
1710348600,5488.25,5489.75,5487,5488.25
1710348900,5488.25,5489,5486.75,5487.5
1710349200,5487.5,5492.75,5486,5490
1710349500,5490.25,5495.5,5490,5493.25
1710349800,5493,5495,5492.75,5493
1710350100,5493.25,5494,5489.5,5489.75
1710350400,5490,5493.75,5489.5,5493.25
1710350700,5493.5,5495,5493.5,5494.75
1710351000,5494.75,5496.25,5490,5491
1710351300,5491.25,5494.5,5491,5492.25
1710351600,5492.25,5494,5490,5490.25
1710351900,5490.25,5493,5489.75,5490.5
1710352200,5490.5,5494.75,5489.75,5494.25
1710352500,5494.5,5496,5493.75,5494
1710352800,5494.25,5495.25,5492,5492
1710353100,5492.25,5494,5491.25,5491.25
1710353400,5491.5,5493.5,5490.5,5491.75
1710353700,5492,5493.75,5491,5491.5
1710354000,5491.25,5493,5491,5492.25
1710354300,5492.25,5493.5,5491,5491.75
1710354600,5491.5,5493.5,5491.5,5492.75
1710354900,5492.5,5493.25,5491.25,5492
1710355200,5491.75,5493.75,5490,5491
1710355500,5491,5492.25,5489.5,5490.75
1710355800,5490.5,5492.75,5490.25,5490.75
1710356100,5490.75,5491.5,5487,5488
1710356400,5488,5489.5,5487.5,5488.75
1710356700,5488.5,5488.75,5486,5488
1710357000,5487.75,5488.5,5485,5486.5
1710357300,5486.5,5490.25,5486,5489
1710357600,5488.75,5489.5,5486.25,5486.5
1710357900,5486.5,5488,5467.75,5474.75
1710358200,5474.75,5481.75,5473.25,5480
1710358500,5480,5480.75,5477.5,5479.75
1710358800,5480,5485.25,5479,5482.75
1710359100,5483,5486.5,5480,5485.5
1710359400,5485.75,5486,5478.5,5483.5
1710359700,5483.25,5485,5479,5483.25
1710360000,5483.5,5485.25,5482,5483.75
1710360300,5484,5485.25,5483.25,5484.5
1710360600,5484.5,5486.5,5484.25,5486
1710360900,5486.25,5486.5,5485.25,5486
1710361200,5485.75,5486.5,5485.75,5486.25
1710361500,5486.25,5487.25,5486,5487
1710361800,5487,5487.75,5486.75,5487.25
1710362100,5487.25,5487.5,5487,5487.25
1710362400,5487,5487.75,5486.75,5487.75
1710362700,5487.5,5488,5487.25,5488
1710363000,5488,5488.5,5487.5,5488.5
1710363300,5488.25,5489,5487.5,5488
1710367200,5486.75,5488.25,5485.75,5486.5
1710367500,5486.5,5488.5,5486.25,5487.75
1710367800,5488,5488,5486.25,5486.5
1710368100,5486.75,5487,5486.25,5486.75
1710368400,5486.5,5486.75,5485.5,5485.5
1710368700,5485.5,5486.5,5485.5,5486.25
1710369000,5486.25,5486.5,5485.25,5485.5
1710369300,5485.5,5485.75,5484.75,5485.25
1710369600,5485.5,5486,5485,5485.5
1710369900,5485.5,5486.75,5485.5,5486.75
1710370200,5487,5487,5485.5,5485.75
1710370500,5485.5,5486.5,5485.5,5486
1710370800,5486.25,5486.5,5486,5486.5
1710371100,5486.25,5487.75,5486.25,5487.75
1710371400,5487.5,5487.75,5486.5,5486.75
1710371700,5486.5,5487.5,5486.5,5487.25
1710372000,5487.25,5487.5,5487,5487
1710372300,5487.25,5488.25,5487,5488
1710372600,5488,5489.5,5488,5489
1710372900,5489.25,5489.5,5488.75,5488.75
1710373200,5488.75,5489,5488.5,5489
1710373500,5489,5489.25,5488.75,5488.75
1710373800,5488.75,5489.5,5488.5,5488.75
1710374100,5488.5,5489,5488.5,5488.75
1710374400,5489,5489,5487,5487.25
1710374700,5487.25,5488.25,5487.25,5487.25
1710375000,5487.5,5487.75,5487,5487.25
1710375300,5487.25,5487.25,5486.25,5486.75
1710375600,5487,5487,5485.75,5485.75
1710375900,5485.75,5486,5485,5485
1710376200,5485,5486.25,5485,5486
1710376500,5486.25,5487,5486,5486.25
1710376800,5486.25,5486.5,5485.5,5485.75
1710377100,5485.75,5486.75,5485.75,5486.25
1710377400,5486.5,5487.5,5486.5,5487.25
1710377700,5487.25,5487.5,5487,5487.25
1710378000,5487.25,5487.75,5487,5487.75
1710378300,5487.75,5488.5,5487.5,5488.25
1710378600,5488.25,5488.25,5486,5486.5
1710378900,5486.5,5487.5,5486.25,5487.5
1710379200,5487.25,5488.25,5487,5487.5
1710379500,5487.5,5488,5487.25,5487.5
1710379800,5487.75,5488,5487.5,5487.5
1710380100,5487.5,5489.75,5487.5,5489.25
1710380400,5489.25,5489.5,5488.75,5489.25
1710380700,5489.5,5490.25,5488.75,5489.25
1710381000,5489.25,5489.25,5488.75,5489.25
1710381300,5489.25,5490,5489,5489.5
1710381600,5489.5,5489.75,5488.5,5488.5
1710381900,5488.75,5488.75,5487.75,5488
1710382200,5488,5488.25,5487.75,5488
1710382500,5488,5488.75,5488,5488.5
1710382800,5488.5,5488.75,5487.75,5488.75
1710383100,5488.5,5489,5488.5,5488.5
1710383400,5488.75,5489.25,5488.5,5488.75
1710383700,5488.5,5489.25,5488.5,5489
1710384000,5489,5489.75,5489,5489.25
1710384300,5489,5489.25,5488.75,5489
1710384600,5489,5489,5488.25,5488.5
1710384900,5488.25,5488.25,5487,5487.25
1710385200,5487.25,5487.25,5486.5,5486.75
1710385500,5487,5488,5486.75,5487.5
1710385800,5487.5,5487.75,5487.5,5487.5
1710386100,5487.75,5487.75,5486.75,5487
1710386400,5487.25,5487.25,5486.75,5486.75
1710386700,5486.75,5487,5486.5,5486.5
1710387000,5486.75,5487,5486.25,5487
1710387300,5486.75,5487,5486.5,5486.5
1710387600,5486.5,5487,5486.25,5486.75
1710387900,5487,5487,5486.5,5487
1710388200,5487,5487.5,5487,5487.25
1710388500,5487.25,5488,5487.25,5487.75
1710388800,5487.75,5488,5487.25,5487.5
1710389100,5487.5,5487.75,5487.25,5487.25
1710389400,5487,5487.5,5486.75,5486.75
1710389700,5486.75,5487,5486,5487
1710390000,5487,5487.25,5486.75,5487
1710390300,5487,5487.25,5486.75,5487.25
1710390600,5487,5487.5,5486.75,5487.25
1710390900,5487.25,5488.25,5487.25,5488
1710391200,5488,5488.25,5487.75,5488
1710391500,5488,5488.25,5487.75,5488.25
1710391800,5488.5,5488.75,5488.25,5488.5
1710392100,5488.5,5489.25,5488.5,5489
1710392400,5489,5490,5488.75,5489.5
1710392700,5489.5,5489.75,5489.5,5489.5
1710393000,5489.5,5489.5,5488.75,5489
1710393300,5489,5489.25,5488.5,5488.5
1710393600,5488.75,5488.75,5488,5488
1710393900,5488.25,5489.25,5488.25,5489.25
1710394200,5489,5489.75,5489,5489.5
1710394500,5489.75,5490.25,5489.5,5489.5
1710394800,5489.5,5489.5,5489,5489.25
1710395100,5489,5489.5,5489,5489.5
1710395400,5489.75,5490.25,5489.5,5489.75
1710395700,5490,5490,5489.5,5489.75
1710396000,5490,5490,5489,5489.5
1710396300,5489.5,5490.25,5489.5,5489.75
1710396600,5489.75,5490.75,5489.5,5490.5
1710396900,5490.25,5491.5,5489.75,5490.75
1710397200,5491,5492,5491,5491.5
1710397500,5491.5,5491.75,5490.25,5490.5
1710397800,5490.75,5491.5,5490.25,5491.25
1710398100,5491.25,5491.25,5490.25,5491.25
1710398400,5491.25,5491.5,5491,5491
1710398700,5491.25,5491.5,5490.75,5491.25
1710399000,5491.25,5491.5,5490.5,5491.25
1710399300,5491.25,5493.25,5491.25,5493
1710399600,5493,5493.25,5490.25,5491.25
1710399900,5491.5,5492.25,5491.25,5491.75
1710400200,5491.75,5492,5490,5490
1710400500,5490.25,5491.25,5489.75,5490.5
1710400800,5490.75,5491.5,5490.25,5491
1710401100,5491.25,5492.25,5490.75,5492
1710401400,5491.75,5493.25,5491.5,5493.25
1710401700,5493.25,5493.25,5492.25,5492.5
1710402000,5492.5,5493.25,5492,5492.75
1710402300,5493,5493.75,5492.75,5492.75
1710402600,5493,5494,5492.75,5493.5
1710402900,5493.5,5495.25,5493.25,5494.5
1710403200,5494.5,5496,5494.25,5495.25
1710403500,5495.5,5497,5494.5,5496.75
1710403800,5496.75,5498.75,5496.75,5498.5
1710404100,5498.25,5500.25,5497.5,5500
1710404400,5500,5501,5498.75,5499.5
1710404700,5499.5,5500.75,5498.75,5498.75
1710405000,5499,5499.5,5497.5,5499
1710405300,5498.75,5500.25,5498.5,5499.5
1710405600,5499.75,5500,5497.25,5498
1710405900,5498,5499,5496.75,5498.75
1710406200,5499,5499.25,5498.25,5499
1710406500,5499,5500.25,5498.5,5500
1710406800,5500,5500.5,5498.75,5499.25
1710407100,5499.25,5499.75,5498.75,5499.5
1710407400,5499.25,5501,5498.75,5500
1710407700,5500.25,5500.25,5498,5499
1710408000,5499.25,5500.75,5499.25,5500.5
1710408300,5500.75,5500.75,5499,5499.5
1710408600,5499.75,5501,5499.75,5501
1710408900,5500.75,5501,5500,5500.75
1710409200,5500.75,5501.5,5500.75,5501
1710409500,5501.25,5501.25,5499.5,5500
1710409800,5499.75,5499.75,5498.75,5499.5
1710410100,5499.25,5500.75,5498.75,5500.5
1710410400,5500.75,5500.75,5499,5499.5
1710410700,5499.5,5501.25,5499.5,5500.75
1710411000,5500.5,5500.75,5499.25,5500
1710411300,5500,5501.5,5499.75,5500.5
1710411600,5500.5,5501,5499.75,5500.25
1710411900,5500.25,5500.5,5499.75,5500.25
1710412200,5500.25,5500.5,5499.75,5500.25
1710412500,5500.25,5500.5,5499,5499.5
1710412800,5499.5,5499.75,5498,5498.75
1710413100,5498.5,5498.75,5497.5,5498
1710413400,5498,5498.5,5497.5,5498.25
1710413700,5498.25,5500.25,5498,5499.75
1710414000,5499.5,5500,5498.25,5500
1710414300,5500.25,5500.25,5499.5,5499.75
1710414600,5499.75,5500.5,5499.75,5500.25
1710414900,5500.25,5502.75,5499.75,5502.75
1710415200,5502.75,5503.75,5502,5502
1710415500,5502,5502,5499.75,5501
1710415800,5500.75,5500.75,5499.25,5499.75
1710416100,5499.75,5500.25,5498.75,5499.5
1710416400,5499.5,5499.75,5499,5499.25
1710416700,5499.25,5499.5,5498.5,5498.75
1710417000,5498.5,5499.25,5498.25,5498.75
1710417300,5498.5,5499.25,5498.5,5499.25
1710417600,5499.5,5501,5499,5500
1710417900,5500,5500.25,5499,5499.25
1710418200,5499.25,5499.75,5498.75,5499
1710418500,5499,5500.5,5498.75,5499.5
1710418800,5499.75,5499.75,5498.25,5498.25
1710419100,5498,5501.25,5497.25,5499.25
1710419400,5499.25,5502.5,5489.25,5493.5
1710419700,5493.5,5497.25,5491.5,5497.25
1710420000,5497.25,5500.25,5494.75,5498.25
1710420300,5498,5498.5,5494,5494.75
1710420600,5494.5,5494.75,5490.25,5492.75
1710420900,5492.75,5493.75,5490.75,5492.75
1710421200,5492.75,5496.75,5491.5,5495.25
1710421500,5495.5,5496.25,5488.75,5489.75
1710421800,5490,5490.75,5488,5490.5
1710422100,5490.25,5491.25,5489,5490
1710422400,5489.75,5490.5,5486.25,5487.5
1710422700,5487.5,5491.25,5486.75,5490.25
1710423000,5490.25,5490.75,5484.25,5487.25
1710423300,5487.25,5491.75,5486.75,5489.5
1710423600,5489.5,5490.75,5486.75,5488
1710423900,5488,5489,5469,5469.75
1710424200,5469.75,5470.5,5460.25,5461
1710424500,5461.25,5465.5,5459,5459.75
1710424800,5459.5,5462.25,5453.25,5461.25
1710425100,5461,5465,5460.5,5464
1710425400,5463.75,5472,5461.5,5471.5
1710425700,5471.5,5473,5467,5467.75
1710426000,5467.75,5470.5,5464.25,5466.5
1710426300,5466.25,5470.75,5465,5470.25
1710426600,5470.25,5476,5470.25,5474.75
1710426900,5475,5476.25,5470.25,5471.5
1710427200,5471.5,5471.75,5465.75,5466.5
1710427500,5466.25,5472.25,5465.25,5466.25
1710427800,5466.25,5470.25,5465.25,5465.5
1710428100,5465.5,5467.25,5461,5466.25
1710428400,5466.5,5474,5466,5470.5
1710428700,5470.5,5473.25,5466,5468.5
1710429000,5468.5,5474.25,5468.25,5470.5
1710429300,5470.75,5473,5468,5468.25
1710429600,5468.5,5468.5,5461.25,5462.75
1710429900,5462.75,5464.5,5460.5,5463.75
1710430200,5464,5465.25,5460.5,5465
1710430500,5464.75,5470.5,5463.25,5467.75
1710430800,5467.75,5470.5,5464.75,5466
1710431100,5466,5470,5465.25,5465.75
1710431400,5465.75,5469.5,5464,5468
1710431700,5467.75,5470.75,5466.75,5470.25
1710432000,5470.25,5472,5466.5,5467
1710432300,5467,5467.25,5458.75,5460
1710432600,5460,5462.5,5458.5,5459.75
1710432900,5459.75,5462,5458.5,5460.25
1710433200,5460,5469,5459.75,5468.25
1710433500,5468.25,5469.75,5466,5467.25
1710433800,5467.5,5469.5,5465,5466.5
1710434100,5466.5,5470,5466.25,5467.5
1710434400,5467.5,5467.75,5463.5,5464.25
1710434700,5464.25,5467,5461.5,5462.75
1710435000,5462.5,5465.75,5461.5,5463.25
1710435300,5463.25,5463.25,5458.5,5459
1710435600,5459,5460,5457,5458
1710435900,5458,5460.75,5456.5,5460.25
1710436200,5460,5460.5,5456,5458
1710436500,5457.75,5458.25,5450,5451.25
1710436800,5451.25,5456,5451,5454.75
1710437100,5455,5456.5,5451.25,5451.5
1710437400,5451.5,5454.25,5447,5453.75
1710437700,5453.5,5456.75,5452.25,5455.25
1710438000,5455,5457.75,5453,5457
1710438300,5457,5458.75,5453.75,5458.5
1710438600,5458.25,5465.5,5457.75,5463.75
1710438900,5463.75,5466,5463.5,5465.5
1710439200,5465.5,5471,5465.25,5467.75
1710439500,5467.75,5470.5,5467.25,5470
1710439800,5470,5472.25,5468.5,5471.25
1710440100,5471.25,5472,5468.5,5470.5
1710440400,5470.75,5471.75,5466,5467
1710440700,5467,5469.75,5466.75,5467.25
1710441000,5467.25,5468,5462.5,5467.25
1710441300,5467.25,5467.25,5462.5,5463.75
1710441600,5463.75,5468.5,5462,5467.75
1710441900,5468,5469.25,5466.5,5467.25
1710442200,5467.5,5467.5,5460.75,5461.25
1710442500,5461.5,5462.75,5458.5,5459
1710442800,5459,5459.25,5453.25,5454.75
1710443100,5454.75,5455.5,5445,5446.75
1710443400,5446.75,5448.75,5444.5,5445.25
1710443700,5445.25,5450.25,5444.5,5446.25
1710444000,5446.5,5449.25,5444.75,5445
1710444300,5444.75,5448.25,5441.75,5446.25
1710444600,5446.5,5446.75,5440.5,5441.25
1710444900,5441.25,5448.5,5438.25,5447.5
1710445200,5447.5,5452.25,5446.75,5452
1710445500,5452.25,5455,5447.75,5454.75
1710445800,5454.75,5464.5,5453,5463.75
1710446100,5463.75,5470.75,5460.25,5470.5
1710446400,5470.5,5472.25,5467.25,5472
1710446700,5471.75,5472.25,5467.5,5469
1710447000,5468.75,5470,5467.5,5468
1710447300,5467.75,5468.75,5466.75,5468.25
1710447600,5468,5468.75,5467.75,5468.25
1710447900,5468.25,5469.25,5467.75,5468.25
1710448200,5468.25,5468.75,5467.5,5468
1710448500,5468,5468.75,5466.75,5468.25
1710448800,5468.25,5470.25,5468,5470.25
1710449100,5470.25,5471,5469.75,5470.5
1710449400,5470.5,5470.5,5468.5,5468.75
1710449700,5469,5469.75,5467.75,5468
1710453600,5466.25,5467.5,5465.25,5466.25
1710453900,5466.25,5467.75,5466,5467.5
1710454200,5467.5,5468.25,5467,5467.25
1710454500,5467.5,5468,5465.75,5466.25
1710454800,5466.5,5466.75,5465.75,5466.25
1710455100,5466.25,5468.5,5466.25,5468
1710455400,5468,5468,5467.25,5467.75
1710455700,5467.75,5468,5467.25,5467.5
1710456000,5467.5,5467.5,5466.25,5466.5
1710456300,5466.25,5467.25,5465.25,5467.25
1710456600,5467,5467.25,5466,5466.25
1710456900,5466.25,5466.5,5465.25,5466
1710457200,5466,5466.25,5464,5464.25
1710457500,5464.5,5465.25,5464,5464.25
1710457800,5464.25,5464.25,5462.75,5463
1710458100,5462.75,5463.5,5462.25,5462.75
1710458400,5462.75,5463.75,5462.75,5463
1710458700,5463,5463.75,5461,5461.5
1710459000,5461.25,5462.25,5460.75,5462
1710459300,5462,5463,5461.75,5462
1710459600,5462,5462,5460.25,5460.75
1710459900,5460.75,5462.5,5460.25,5462.5
1710460200,5462.5,5463,5462.5,5462.75
1710460500,5463,5463.75,5462.75,5463.75
1710460800,5463.5,5465.5,5463.5,5465.25
1710461100,5465.25,5465.5,5464,5464.5
1710461400,5464.5,5465,5463.75,5465
1710461700,5464.75,5465.75,5464.5,5465.5
1710462000,5465.25,5467.25,5464.5,5466.75
1710462300,5466.75,5466.75,5465.5,5465.75
1710462600,5466,5468,5466,5467.75
1710462900,5468,5468.25,5467.5,5467.5
1710463200,5467.75,5468,5466.5,5467
1710463500,5467,5468,5466.5,5467
1710463800,5467,5469.25,5467,5468.5
1710464100,5468.25,5468.5,5466.5,5468
1710464400,5468,5469,5467.25,5468
1710464700,5468,5469.25,5467,5467.25
1710465000,5467.25,5467.75,5466.75,5466.75
1710465300,5466.75,5468,5466.75,5467
1710465600,5467,5467,5465.5,5466.25
1710465900,5466.5,5467.75,5466.25,5467.5
1710466200,5467.5,5469.25,5467.5,5469
1710466500,5469,5469,5467.75,5468.25
1710466800,5468.25,5469,5466.75,5468.75
1710467100,5468.5,5469,5467.25,5468.5
1710467400,5468.5,5469.75,5468,5468.25
1710467700,5468.5,5468.5,5465.75,5465.75
1710468000,5465.5,5465.75,5464.5,5465
1710468300,5464.75,5465.25,5463.5,5464.25
1710468600,5464.25,5465,5464.25,5465
1710468900,5465,5465.25,5463.75,5463.75
1710469200,5463.75,5465,5463.75,5464.5
1710469500,5464.5,5465.25,5464,5465.25
1710469800,5465,5465.25,5463.75,5464.25
1710470100,5464,5465.25,5464,5464.5
1710470400,5464.5,5464.5,5463,5463.25
1710470700,5463.25,5464.25,5463,5463.75
1710471000,5463.75,5464.5,5463.25,5464
1710471300,5464,5464.25,5463.5,5464.25
1710471600,5464.25,5465.5,5464.25,5464.75
1710471900,5464.75,5465.75,5464.75,5465
1710472200,5465,5465.25,5464,5464.25
1710472500,5464,5466,5464,5465.75
1710472800,5465.75,5466.75,5465.5,5466.5
1710473100,5466.5,5466.75,5466,5466.5
1710473400,5466.5,5466.5,5465.25,5466
1710473700,5466,5467,5465.75,5466.75
1710474000,5466.5,5467.25,5466.5,5467.25
1710474300,5467.5,5467.5,5467,5467
1710474600,5467,5467.5,5466.75,5467
1710474900,5467,5467.5,5467,5467.25
1710475200,5467,5467,5465.5,5465.5
1710475500,5465.5,5466.75,5465.5,5466.75
1710475800,5466.75,5466.75,5466.25,5466.25
1710476100,5466,5466.5,5465,5465.25
1710476400,5465.25,5465.5,5464.25,5464.5
1710476700,5464.5,5465,5464.25,5464.75
1710477000,5464.75,5464.75,5463.75,5464
1710477300,5463.75,5464,5462.25,5463.25
1710477600,5463,5463.75,5462.75,5462.75
1710477900,5462.75,5463.25,5462.5,5462.75
1710478200,5462.75,5463.5,5462.5,5463.25
1710478500,5463.25,5463.75,5463,5463.5
1710478800,5463.25,5464,5463.25,5463.5
1710479100,5463.5,5464.5,5463.25,5464.25
1710479400,5464.25,5464.75,5463,5463.25
1710479700,5463.5,5464,5462,5464
1710480000,5463.75,5464.25,5463.75,5463.75
1710480300,5463.75,5464,5463.25,5464
1710480600,5463.75,5463.75,5462.5,5462.75
1710480900,5462.5,5463,5462.25,5462.25
1710481200,5462.25,5462.75,5460.25,5460.25
1710481500,5460.5,5462.25,5460.25,5462.25
1710481800,5462.25,5463.75,5462,5463.5
1710482100,5463.5,5463.75,5462.25,5462.5
1710482400,5462.25,5462.5,5461.5,5462
1710482700,5462,5463,5461.75,5462.5
1710483000,5462.5,5462.75,5461.75,5462.5
1710483300,5462.5,5464.5,5462.25,5464.5
1710483600,5464.25,5464.25,5463.25,5463.75
1710483900,5463.75,5463.75,5462,5462.25
1710484200,5462.25,5462.25,5461.75,5462
1710484500,5462,5462.5,5461.5,5462
1710484800,5462,5462.5,5461.75,5462.5
1710485100,5462.5,5463.25,5462.25,5462.75
1710485400,5462.5,5463,5461,5461.25
1710485700,5461,5462.25,5460.5,5462
1710486000,5462,5464,5461,5463.75
1710486300,5463.5,5465.25,5462.75,5464
1710486600,5464,5465.25,5463.75,5464.75
1710486900,5464.75,5466,5463.75,5466
1710487200,5466,5466.75,5465.25,5466.25
1710487500,5466,5467.25,5465.75,5467.25
1710487800,5467,5467.5,5466,5467.25
1710488100,5467.25,5468,5465.75,5467.5
1710488400,5467.25,5467.5,5466.75,5467.25
1710488700,5467.25,5467.5,5465.5,5466
1710489000,5466,5466.25,5464.5,5464.75
1710489300,5464.5,5464.5,5461.75,5462
1710489600,5462,5465.25,5461.75,5465
1710489900,5465,5468.25,5464.75,5467.5
1710490200,5467.25,5467.75,5466.25,5467
1710490500,5467.25,5468,5466,5466.5
1710490800,5466.5,5467.5,5466.25,5467.25
1710491100,5467.5,5468,5465.75,5466.75
1710491400,5467,5467.75,5466.5,5466.5
1710491700,5466.5,5467.5,5464.75,5467.25
1710492000,5467.5,5469.5,5467.5,5469
1710492300,5469,5469.25,5467.75,5468.25
1710492600,5468.25,5469,5467.25,5468
1710492900,5468.25,5469.25,5468,5468.5
1710493200,5468.75,5470.5,5468.5,5469.75
1710493500,5470,5471.75,5469,5471.25
1710493800,5471.25,5471.5,5470,5470.25
1710494100,5470.25,5471.25,5469,5471
1710494400,5471,5472.75,5470.25,5471.5
1710494700,5471.5,5471.75,5469.25,5471
1710495000,5471,5476,5471,5475.5
1710495300,5475.5,5475.5,5474,5475.25
1710495600,5475.25,5475.25,5474.25,5474.25
1710495900,5474.5,5476,5474.5,5475.75
1710496200,5475.75,5477,5475.5,5477
1710496500,5477,5477,5474.75,5475
1710496800,5475.25,5477.5,5475,5476.75
1710497100,5476.5,5478,5476.5,5477
1710497400,5477,5478,5476.75,5477
1710497700,5476.75,5477.5,5476.25,5477.25
1710498000,5477.25,5478.75,5477,5477.25
1710498300,5477.25,5477.75,5476.5,5477
1710498600,5477,5479,5476.5,5479
1710498900,5479.25,5480,5478.75,5479.75
1710499200,5479.75,5480.25,5478.75,5478.75
1710499500,5478.75,5479.75,5478.5,5479.75
1710499800,5479.75,5480.25,5479.25,5479.75
1710500100,5479.75,5481,5478.25,5478.75
1710500400,5478.5,5478.5,5476.75,5477.75
1710500700,5478,5478.75,5477.5,5478
1710501000,5477.75,5478.75,5476.75,5478.75
1710501300,5478.5,5479.75,5478.25,5478.75
1710501600,5478.75,5480.25,5478.5,5480
1710501900,5480,5480.25,5479.25,5479.25
1710502200,5479.25,5480,5478.75,5479.5
1710502500,5479.5,5480.75,5479.25,5480.25
1710502800,5480.25,5480.5,5478.5,5478.5
1710503100,5478.5,5478.75,5477.25,5478.25
1710503400,5478.25,5479.5,5477.5,5477.75
1710503700,5477.75,5477.75,5474.25,5475.25
1710504000,5475.5,5475.75,5473.5,5474.75
1710504300,5475,5475.5,5472.5,5474
1710504600,5473.75,5474.75,5470.5,5471.25
1710504900,5471,5472,5470.5,5471.75
1710505200,5471.75,5472.5,5470.75,5471.5
1710505500,5471.5,5473,5470.75,5472.75
1710505800,5472.75,5474.75,5470.5,5474.5
1710506100,5474.25,5474.75,5470.75,5470.75
1710506400,5470.75,5471.25,5466,5468.5
1710506700,5468.75,5470.25,5466.25,5468.5
1710507000,5468.75,5472.5,5468.5,5472
1710507300,5472,5472.25,5469.25,5470.5
1710507600,5470.25,5471.5,5468,5469.5
1710507900,5469.5,5469.5,5464.25,5466.5
1710508200,5466.25,5466.25,5461.75,5461.75
1710508500,5462,5462.25,5456,5458.75
1710508800,5458.75,5459.25,5448.75,5448.75
1710509100,5448.5,5449.25,5435,5436.25
1710509400,5436.25,5448.5,5434.5,5443.5
1710509700,5443.75,5444.25,5436.5,5438.75
1710510000,5438.5,5446,5432.5,5432.75
1710510300,5432.75,5438.5,5430.5,5433
1710510600,5433,5436.5,5431.25,5433.25
1710510900,5433.25,5437,5431.25,5433
1710511200,5432.5,5436.25,5426.5,5430
1710511500,5430,5431,5423,5430.5
1710511800,5430.25,5437.5,5429.75,5435.75
1710512100,5435.75,5440.5,5435.25,5436.75
1710512400,5436.75,5440.75,5433.5,5439.25
1710512700,5439.5,5442,5436.25,5438.75
1710513000,5439,5441.25,5436.5,5437.5
1710513300,5437.25,5446.25,5437.25,5444
1710513600,5444.25,5447.25,5443.5,5444.5
1710513900,5444.75,5452,5444.75,5451
1710514200,5451,5451,5447.25,5447.75
1710514500,5448,5450.75,5444,5445.75
1710514800,5446,5447,5443,5445.25
1710515100,5445.5,5445.5,5439.75,5441.75
1710515400,5442,5445.25,5439.75,5440.25
1710515700,5440,5444,5437.75,5438.5
1710516000,5438.5,5440.5,5436,5438.75
1710516300,5438.75,5443.5,5437,5441.75
1710516600,5442,5443.25,5438,5438.25
1710516900,5438,5440.25,5434.5,5437
1710517200,5437,5437.25,5433.25,5434.5
1710517500,5434.25,5435.5,5430.75,5431
1710517800,5431,5434.5,5430,5432
1710518100,5432,5433.75,5430.25,5431.5
1710518400,5431.75,5433.5,5430.5,5431.25
1710518700,5431,5431.25,5429.25,5429.75
1710519000,5429.75,5430.5,5425.75,5426.75
1710519300,5426.5,5428,5423.75,5425.5
1710519600,5425.75,5429,5425.25,5427
1710519900,5426.75,5428.75,5425.5,5426
1710520200,5426,5431.5,5425.25,5425.75
1710520500,5425.75,5429.5,5424,5428.25
1710520800,5428.25,5429,5424.5,5425.75
1710521100,5425.5,5428,5422.5,5423.75
1710521400,5423.5,5424.25,5419,5419.25
1710521700,5419.25,5420.5,5418,5419
1710522000,5419,5422.5,5418.75,5419.5
1710522300,5419.5,5426.25,5419.25,5425.75
1710522600,5425.75,5429,5424.75,5426
1710522900,5426,5427.5,5424.75,5425
1710523200,5425,5432,5424.75,5431.5
1710523500,5431.75,5432.75,5427.25,5428
1710523800,5428.25,5430.25,5426.75,5427.75
1710524100,5427.75,5430.75,5427.25,5430.5
1710524400,5430.5,5431.75,5429.5,5429.5
1710524700,5429.5,5429.75,5425.25,5425.75
1710525000,5425.5,5431,5425.25,5430.25
1710525300,5430.5,5434.5,5430.25,5434.25
1710525600,5434.25,5436.25,5433,5434
1710525900,5434,5434.25,5429.5,5430.75
1710526200,5430.5,5432.25,5428.25,5429
1710526500,5429.25,5432,5428.25,5431.75
1710526800,5432,5433.75,5429.25,5429.25
1710527100,5429.25,5431,5426.75,5430.5
1710527400,5430.5,5433.75,5429.5,5431.5
1710527700,5431.25,5435.75,5429.75,5435.75
1710528000,5435.75,5440.75,5435.5,5439
1710528300,5439,5439,5432,5432.75
1710528600,5433,5437.75,5432.5,5437.25
1710528900,5437.25,5439.25,5435.25,5437
1710529200,5436.75,5439.75,5434.75,5439.5
1710529500,5439.75,5439.75,5434.25,5434.25
1710529800,5434.5,5437.5,5433.25,5436.75
1710530100,5436.75,5437.75,5433.5,5434.75
1710530400,5434.75,5436,5431.25,5435
1710530700,5435,5440.75,5433.25,5436.75
1710531000,5436.5,5437.5,5432.25,5433.75
1710531300,5433.75,5436.5,5430.5,5431.5
1710531600,5431.25,5433,5429,5431
1710531900,5430.75,5435,5429.75,5434.75
1710532200,5434.75,5434.75,5429.25,5431
1710532500,5431,5434.5,5427.75,5433
1710532800,5433.25,5437.25,5431.25,5436
1710533100,5436,5436,5433.5,5434.5
1710533400,5434.5,5434.75,5433.5,5434.25
1710533700,5434.25,5434.5,5432.75,5433.75
1710534000,5433.5,5435.5,5433,5435.5
1710534300,5435.25,5437,5435,5436.5
1710534600,5436.5,5437.75,5435.75,5436.25
1710534900,5436.25,5436.5,5435.5,5435.5
1710535200,5435.5,5435.75,5434,5434.5
1710535500,5434.75,5435,5433.75,5434
1710535800,5434,5434.25,5432.75,5433
1710536100,5433,5433.75,5432,5433.5
1710712800,5436,5436.75,5432.75,5435
1710713100,5435,5439.5,5434.25,5438.75
1710713400,5438.5,5440.25,5438.25,5439.75
1710713700,5439.75,5440.25,5439,5439.5
1710714000,5439.25,5441.75,5439,5441.5
1710714300,5441.5,5441.5,5440.25,5441
1710714600,5441,5441.25,5439.25,5439.75
1710714900,5439.75,5440.5,5438.5,5440.25
1710715200,5440.25,5440.5,5439,5439
1710715500,5439.25,5440.25,5439.25,5439.75
1710715800,5439.75,5439.75,5437,5437.5
1710716100,5437.5,5437.5,5435.5,5435.5
1710716400,5435.75,5436.75,5434.25,5434.5
1710716700,5434.75,5436,5433.75,5434.25
1710717000,5434.5,5434.75,5433.25,5433.75
1710717300,5434,5435.75,5434,5435.5
1710717600,5435.5,5435.75,5435,5435.5
1710717900,5435.5,5436.5,5435.25,5435.5
1710718200,5435.5,5437,5435.5,5436
1710718500,5436,5437.25,5436,5436.5
1710718800,5436.25,5436.25,5435.25,5435.75
1710719100,5435.75,5436.75,5435.25,5436.75
1710719400,5436.5,5437.5,5435.75,5435.75
1710719700,5435.75,5436.25,5435.75,5436
1710720000,5436,5436.25,5434.25,5434.25
1710720300,5434.25,5434.25,5432,5432.75
1710720600,5432.75,5435.25,5432.75,5435.25
1710720900,5435.25,5435.25,5434.5,5435
1710721200,5435,5435.25,5433.5,5433.5
1710721500,5433.75,5435.5,5433.5,5434.25
1710721800,5434.5,5435,5433.5,5434.5
1710722100,5434.75,5435,5434.25,5434.5
1710722400,5434.5,5436,5434.5,5435.75
1710722700,5436,5436.5,5435,5436.25
1710723000,5436.25,5436.5,5435.75,5435.75
1710723300,5435.75,5437.25,5435.75,5436.5
1710723600,5436.5,5437.25,5436.25,5436.25
1710723900,5436.5,5438.25,5436.5,5437.5
1710724200,5437.5,5439,5437.5,5438.5
1710724500,5438.5,5438.5,5436.75,5436.75
1710724800,5436.75,5437.25,5435.75,5437
1710725100,5437.25,5437.75,5436,5436.75
1710725400,5437,5438.5,5437,5438
1710725700,5438.25,5439.5,5438,5439
1710726000,5438.75,5439.5,5438.75,5438.75
1710726300,5438.75,5439.75,5438.75,5439.75
1710726600,5439.5,5440.5,5439,5440.25
1710726900,5440.25,5441.25,5440,5440.5
1710727200,5440.5,5441.25,5440.25,5440.25
1710727500,5440.25,5440.75,5439.75,5440.5
1710727800,5440.5,5441.5,5440,5440.75
1710728100,5440.75,5441,5440,5440
1710728400,5440.25,5442,5440.25,5441.75
1710728700,5441.75,5442.25,5441.25,5442
1710729000,5441.75,5442.25,5440.75,5442
1710729300,5442,5442.75,5441.75,5442.25
1710729600,5442.25,5442.5,5442,5442.25
1710729900,5442.5,5443.25,5442.5,5442.75
1710730200,5443,5443.5,5442.25,5442.5
1710730500,5442.5,5443,5442.5,5442.5
1710730800,5442.75,5444,5442.75,5443.5
1710731100,5443.5,5444.25,5443.25,5444
1710731400,5444.25,5445,5443.75,5444.25
1710731700,5444.5,5444.5,5443.75,5443.75
1710732000,5443.75,5444.5,5443.75,5444.25
1710732300,5444,5445,5444,5444.5
1710732600,5444.25,5444.75,5443.25,5443.75
1710732900,5443.5,5444.5,5443.5,5443.5
1710733200,5443.5,5443.75,5442.25,5442.75
1710733500,5442.75,5443.75,5442.75,5443.5
1710733800,5443.5,5443.75,5443,5443.25
1710734100,5443.25,5444.25,5443,5444.25
1710734400,5444,5444.25,5443.5,5444
1710734700,5444.25,5444.75,5444,5444.75
1710735000,5444.75,5445.75,5444.5,5445.75
1710735300,5445.75,5446,5445,5445.25
1710735600,5445.25,5445.5,5444.75,5445.25
1710735900,5445.25,5445.5,5445,5445.25
1710736200,5445.25,5446.5,5445.25,5446
1710736500,5446,5446.5,5445.75,5446
1710736800,5446,5446.75,5446,5446.25
1710737100,5446.25,5446.5,5445.5,5445.5
1710737400,5445.5,5446.25,5445.5,5445.75
1710737700,5445.75,5446,5445.75,5445.75
1710738000,5446,5446.25,5445.5,5446
1710738300,5446.25,5447,5446,5446.25
1710738600,5446.5,5446.75,5446,5446.5
1710738900,5446.5,5447,5446,5446
1710739200,5446.25,5446.5,5445.5,5446.25
1710739500,5446.25,5447.25,5446,5447.25
1710739800,5447,5447.75,5447,5447.25
1710740100,5447.25,5447.5,5447,5447.5
1710740400,5447.75,5448.25,5447.25,5447.5
1710740700,5447.5,5448.25,5447.5,5448
1710741000,5448.25,5448.25,5448,5448.25
1710741300,5448.25,5448.5,5447.75,5447.75
1710741600,5448,5448.5,5447.5,5448.25
1710741900,5448.25,5449.5,5448.25,5449.25
1710742200,5449.25,5449.5,5448.75,5449.25
1710742500,5449.25,5449.5,5448.25,5448.25
1710742800,5448.5,5449.25,5448,5448
1710743100,5448.25,5448.25,5447.25,5447.5
1710743400,5447.5,5448.5,5447.5,5448.25
1710743700,5448.25,5448.5,5447.5,5447.5
1710744000,5447.5,5448,5447.25,5447.75
1710744300,5447.75,5449,5447.5,5448.75
1710744600,5448.75,5449,5447.5,5447.75
1710744900,5447.75,5448,5447.25,5447.5
1710745200,5447.5,5448.5,5447,5448.25
1710745500,5448.5,5448.5,5446.25,5446.75
1710745800,5446.75,5447.25,5446.25,5446.75
1710746100,5447,5447.5,5446,5446.25
1710746400,5446.5,5448.5,5446.25,5447.5
1710746700,5447.5,5448,5445.25,5445.25
1710747000,5445.25,5446.75,5444.75,5446.5
1710747300,5446.5,5447.5,5446.5,5447
1710747600,5447,5449,5446.75,5447.5
1710747900,5447.75,5448.75,5446.5,5446.5
1710748200,5446.5,5447.25,5445.25,5446
1710748500,5445.75,5446,5444,5444.5
1710748800,5444.5,5448.5,5444,5447.75
1710749100,5447.5,5448,5445.75,5447.25
1710749400,5447,5448.25,5447,5447.25
1710749700,5447.5,5448,5445.25,5445.5
1710750000,5445.75,5446.75,5444.25,5445.75
1710750300,5445.75,5446.5,5443.25,5443.25
1710750600,5443.25,5444.5,5442.25,5443.5
1710750900,5443.5,5444.75,5443.25,5444.25
1710751200,5444,5446.25,5444,5446.25
1710751500,5446,5448.25,5445.5,5448
1710751800,5448,5450.5,5447.5,5450.5
1710752100,5450.25,5452.5,5450,5452.25
1710752400,5452,5453.75,5451.5,5453.25
1710752700,5453,5453.5,5451.25,5451.5
1710753000,5451.75,5452,5450.25,5450.5
1710753300,5450.5,5450.5,5448.5,5448.5
1710753600,5448.5,5449.75,5447.5,5449.5
1710753900,5449.5,5450.25,5449.5,5450
1710754200,5450.25,5450.5,5449.25,5449.5
1710754500,5449.5,5450.75,5448.5,5450.25
1710754800,5450.5,5452,5450,5451.25
1710755100,5451.25,5451.5,5450.5,5450.75
1710755400,5450.75,5451.5,5449.5,5450.25
1710755700,5450,5451.5,5450,5450.25
1710756000,5450.5,5451,5450,5450.5
1710756300,5450.75,5450.75,5449.5,5449.5
1710756600,5449.75,5451.25,5448.75,5451.25
1710756900,5451,5452,5449.75,5449.75
1710757200,5449.75,5451.25,5449.75,5451.25
1710757500,5451.5,5451.5,5450.25,5451.5
1710757800,5451.5,5452.5,5450.25,5451
1710758100,5451,5451.75,5450.75,5451
1710758400,5451.25,5454.25,5450.75,5453.5
1710758700,5453.25,5454,5452,5452.25
1710759000,5452.25,5453.5,5452.25,5452.75
1710759300,5452.5,5453.25,5452,5452.75
1710759600,5452.5,5453,5451.25,5453
1710759900,5452.75,5454.25,5452.5,5454
1710760200,5454,5457,5453.5,5457
1710760500,5457,5458.5,5456.75,5457.75
1710760800,5457.75,5462,5457.75,5462
1710761100,5461.75,5464.5,5461.25,5463.75
1710761400,5464,5468.5,5463.75,5467
1710761700,5467.25,5467.75,5465.75,5465.75
1710762000,5466,5468.75,5465.75,5468.75
1710762300,5469,5471.5,5468.75,5469.5
1710762600,5469.5,5471.25,5468.5,5469
1710762900,5468.75,5469.75,5468.25,5469.25
1710763200,5469.25,5475.25,5469.25,5473.75
1710763500,5473.5,5475.5,5473.5,5473.75
1710763800,5474,5476,5473.75,5475
1710764100,5475.25,5475.5,5473.25,5473.25
1710764400,5473,5473.5,5471.75,5472.5
1710764700,5472.75,5474.25,5471.75,5473.75
1710765000,5473.75,5474.75,5470,5470
1710765300,5470.25,5472,5469.75,5470.75
1710765600,5471,5471.25,5470,5470.5
1710765900,5470.5,5471.25,5470,5470.25
1710766200,5470,5471.5,5469.5,5470.25
1710766500,5470.25,5471,5470,5471
1710766800,5471,5472.75,5471,5472
1710767100,5471.75,5472.5,5471,5472.25
1710767400,5472.25,5473.75,5472,5473.25
1710767700,5473,5474.75,5472.25,5472.5
1710768000,5472.5,5473.5,5471.5,5472.75
1710768300,5472.5,5477,5471.75,5475.75
1710768600,5475.75,5483,5475,5482.75
1710768900,5482.75,5484,5478,5478.25
1710769200,5478.25,5483,5478.25,5479.25
1710769500,5479.25,5482.5,5476,5477.5
1710769800,5477.5,5478.75,5475,5476.5
1710770100,5476.75,5477.5,5472.75,5473.75
1710770400,5474,5477.5,5473.25,5477.25
1710770700,5477,5482.25,5474.75,5481.5
1710771000,5481.75,5485.25,5481.25,5482
1710771300,5482.25,5485.75,5481.75,5484.25
1710771600,5484.5,5488.25,5483.5,5488
1710771900,5488.25,5490.5,5486.25,5487.5
1710772200,5487.5,5488.25,5484.25,5485.75
1710772500,5485.75,5488,5484.5,5486.75
1710772800,5486.75,5488,5484.25,5484.75
1710773100,5485,5487.75,5483,5487
1710773400,5487,5487.25,5484.75,5486
1710773700,5486.25,5487,5484.25,5487
1710774000,5487,5487.75,5483.25,5484.75
1710774300,5485,5485.75,5482.5,5485
1710774600,5485,5485.25,5480.25,5481.75
1710774900,5482,5482,5478,5480.25
1710775200,5480.5,5482.75,5479.5,5482
1710775500,5481.75,5482.75,5480,5482.5
1710775800,5482.5,5482.5,5475.75,5477.25
1710776100,5477,5480.75,5476,5479.75
1710776400,5479.75,5481,5478.25,5480.25
1710776700,5480.25,5481,5477,5478.25
1710777000,5478.5,5479,5474.25,5476
1710777300,5475.75,5478.5,5475,5477.75
1710777600,5477.5,5477.75,5473.25,5474
1710777900,5474.25,5477.25,5473.5,5476.25
1710778200,5476.25,5480.5,5476,5480.25
1710778500,5480,5480.5,5477.25,5478.75
1710778800,5479,5479.5,5477.25,5477.5
1710779100,5477.75,5478.5,5475.75,5476.75
1710779400,5477,5477.5,5474.75,5475.5
1710779700,5475.5,5476.75,5474.75,5475.5
1710780000,5475.5,5478.25,5474.25,5477.75
1710780300,5477.75,5477.75,5474.25,5474.5
1710780600,5474.75,5475.25,5470,5472
1710780900,5472.25,5472.25,5469.75,5470.5
1710781200,5470.5,5472.75,5469.25,5469.75
1710781500,5470,5473.75,5469.25,5472.25
1710781800,5472,5472.75,5470.5,5472
1710782100,5472.25,5472.25,5470.25,5472
1710782400,5472,5475.75,5472,5475.5
1710782700,5475.5,5477.25,5474.25,5477
1710783000,5477.25,5477.75,5473.5,5474.25
1710783300,5474,5474.5,5469.25,5469.75
1710783600,5470,5470.5,5468,5470
1710783900,5469.75,5471.75,5468.75,5471.75
1710784200,5471.75,5472.75,5469,5470.5
1710784500,5470.5,5473.5,5469.5,5473
1710784800,5473.25,5474.5,5471.5,5473.75
1710785100,5473.75,5475,5471.75,5474.25
1710785400,5474.5,5476.5,5473.25,5473.5
1710785700,5473.5,5476,5473.25,5475.5
1710786000,5475.75,5476,5473,5475
1710786300,5475.25,5479,5474.75,5478.75
1710786600,5478.75,5478.75,5476.75,5477.75
1710786900,5477.75,5479.25,5476.5,5477.5
1710787200,5477.5,5477.5,5467,5470.25
1710787500,5470.5,5472.5,5468.5,5472.25
1710787800,5472.5,5473.25,5471,5472.25
1710788100,5472,5473.75,5470.5,5473
1710788400,5473,5473.5,5471.25,5472.75
1710788700,5473,5476.5,5471.25,5475.5
1710789000,5475.25,5476.75,5474.25,5475
1710789300,5475,5476.5,5474.75,5476.25
1710789600,5476.25,5476.5,5473.75,5474.5
1710789900,5474.25,5475.25,5472.25,5473.5
1710790200,5473.75,5476.25,5473,5475.5
1710790500,5475.5,5475.75,5471.75,5472
1710790800,5472,5473,5471,5472.75
1710791100,5472.75,5474,5471.25,5472
1710791400,5472,5472,5463,5463.75
1710791700,5463.75,5467.25,5460.5,5465.5
1710792000,5465.5,5466.5,5461.75,5462.75
1710792300,5462.75,5466.5,5462.5,5466
1710792600,5466,5467,5464.75,5465.75
1710792900,5465.5,5465.75,5461.75,5463.75
1710793200,5463.5,5463.75,5461,5463
1710793500,5462.75,5467.25,5462.5,5465
1710793800,5465.25,5467,5463.75,5466
1710794100,5465.75,5466.25,5464.25,5464.5
1710794400,5464.5,5465.75,5463.5,5465
1710794700,5464.75,5465.5,5464.25,5465
1710795000,5465,5465.25,5463.75,5464
1710795300,5464,5465.25,5463.5,5464.75
1710799200,5465.5,5466.5,5460.5,5464.25
1710799500,5464.25,5464.75,5463,5463.75
1710799800,5463.75,5465,5463.5,5464
1710800100,5463.75,5465.25,5463.25,5464.5
1710800400,5464.5,5464.75,5463.75,5464.25
1710800700,5464,5465.25,5464,5464.25
1710801000,5464.25,5464.25,5462,5462
1710801300,5462,5463,5461.75,5462.5
1710801600,5462.25,5462.5,5461,5461.25
1710801900,5461.25,5461.5,5457,5457.25
1710802200,5457.5,5458.75,5457.5,5458.5
1710802500,5458.5,5458.75,5458,5458.5
1710802800,5458.5,5458.75,5455.75,5456.5
1710803100,5456.75,5458,5456.75,5457.75
1710803400,5458,5460.75,5458,5460
1710803700,5460,5460.25,5459.25,5459.75
1710804000,5459.5,5460.5,5459,5460.25
1710804300,5460,5460.25,5459.25,5459.75
1710804600,5459.75,5460,5459.25,5460
1710804900,5460,5460.25,5459.25,5459.75
1710805200,5459.75,5460.25,5459,5459
1710805500,5459,5459.5,5458.5,5459.25
1710805800,5459.25,5460.5,5459,5460.5
1710806100,5460.5,5460.5,5459.75,5460.25
1710806400,5460.5,5461,5458,5459.25
1710806700,5459.25,5459.75,5458,5458.5
1710807000,5458.25,5459,5457.25,5459
1710807300,5459,5459.75,5459,5459
1710807600,5459,5459,5457.75,5459
1710807900,5458.75,5458.75,5457.5,5457.75
1710808200,5458,5458.5,5457,5457.75
1710808500,5457.75,5458.25,5457.75,5458.25
1710808800,5458.5,5459,5458,5458.25
1710809100,5458,5458,5454.75,5456.25
1710809400,5456.25,5456.75,5455.25,5455.5
1710809700,5455.75,5456.25,5455.25,5455.5
1710810000,5455.5,5456.25,5454.75,5456
1710810300,5456,5456.75,5456,5456.75
1710810600,5456.75,5456.75,5455.75,5456.25
1710810900,5456,5456,5454.75,5455.75
1710811200,5456,5456,5454.5,5454.75
1710811500,5455,5455.25,5453.5,5453.75
1710811800,5453.75,5454.5,5453,5453.25
1710812100,5453.25,5454.75,5452.75,5454.25
1710812400,5454.5,5455.5,5454.25,5455
1710812700,5455,5455.5,5454.25,5454.75
1710813000,5454.5,5455.5,5454.5,5455.5
1710813300,5455.25,5456,5454.5,5456
1710813600,5456,5457.5,5456,5457.25
1710813900,5457.25,5457.75,5456.75,5457.5
1710814200,5457.75,5460,5457.5,5459.5
1710814500,5459.5,5459.75,5458.5,5459.5
1710814800,5459.5,5460.5,5459.25,5459.75
1710815100,5459.5,5459.5,5458.75,5459.25
1710815400,5459,5459.25,5458.25,5458.5
1710815700,5458.25,5458.75,5457.75,5457.75
1710816000,5458,5458.25,5457.5,5458.25
1710816300,5458,5459,5457.75,5458
1710816600,5458.25,5458.5,5458,5458.25
1710816900,5458.25,5458.5,5458,5458.25
1710817200,5458.25,5460.5,5458.25,5459.5
1710817500,5459.5,5460.5,5459,5460.25
1710817800,5460.25,5460.75,5459.5,5460.25
1710818100,5460.25,5460.5,5459.75,5460
1710818400,5460,5460.25,5459,5459.25
1710818700,5459.25,5460,5458.5,5459.5
1710819000,5459.5,5460,5457.5,5457.5
1710819300,5457.5,5460.25,5457.5,5460.25
1710819600,5460.25,5464,5460,5460.25
1710819900,5460,5460,5454.5,5455.75
1710820200,5455.75,5456.75,5453.5,5456.5
1710820500,5456.5,5458.25,5456.5,5458
1710820800,5458.25,5458.5,5456.5,5458.5
1710821100,5458.25,5461,5458.25,5460.5
1710821400,5460.5,5461.75,5459.75,5461.25
1710821700,5461.5,5462.25,5460.75,5461
1710822000,5461,5461,5459,5459.75
1710822300,5460,5460.25,5459.25,5459.5
1710822600,5459.25,5459.5,5458,5459.25
1710822900,5459.25,5459.5,5458.5,5459.25
1710823200,5459.25,5460.5,5459.25,5459.5
1710823500,5459.25,5459.5,5459,5459.5
1710823800,5459.25,5460.25,5458.75,5459.5
1710824100,5459.5,5460.5,5459.5,5460.5
1710824400,5460.5,5460.5,5459,5459.25
1710824700,5459,5459,5457.75,5458.5
1710825000,5458.5,5458.75,5458,5458.75
1710825300,5458.75,5459,5458.75,5459
1710825600,5459,5459,5458.5,5458.75
1710825900,5458.5,5459.5,5458.25,5458.25
1710826200,5458.5,5459.5,5457.5,5459.25
1710826500,5459.25,5459.5,5458.5,5459.25
1710826800,5459,5460,5459,5459.25
1710827100,5459.25,5460.25,5459,5459.25
1710827400,5459.5,5463,5459.5,5461.25
1710827700,5461.5,5462.25,5461,5462
1710828000,5462.25,5463,5460.25,5460.25
1710828300,5460.25,5460.25,5457.5,5458
1710828600,5458.25,5459.25,5456.5,5458.25
1710828900,5458,5458.75,5457.5,5458.5
1710829200,5458.5,5460,5458.5,5458.75
1710829500,5458.75,5459,5458.25,5459
1710829800,5459,5460.5,5458.75,5458.75
1710830100,5458.75,5459.5,5458.75,5459
1710830400,5459.25,5459.5,5458.25,5458.75
1710830700,5458.75,5459.25,5458.5,5459.25
1710831000,5459.25,5459.25,5457.75,5458.5
1710831300,5458.5,5459.25,5458,5459
1710831600,5459,5459.5,5457.25,5459.25
1710831900,5459,5462,5459,5460.5
1710832200,5460.5,5462.5,5459.5,5460
1710832500,5460.25,5460.25,5458.75,5459.25
1710832800,5459,5459.5,5458.25,5459.25
1710833100,5459,5460.75,5458.75,5460.75
1710833400,5460.75,5462.75,5460.75,5462
1710833700,5462,5462,5459.5,5460
1710834000,5460.25,5460.75,5458.25,5458.5
1710834300,5458.5,5459,5457.25,5458
1710834600,5457.75,5458.5,5456.75,5457.75
1710834900,5457.75,5458.5,5457,5458.5
1710835200,5458.5,5461.25,5457.75,5459.75
1710835500,5459.5,5460,5454.75,5456.75
1710835800,5456.5,5458.25,5455.75,5456.25
1710836100,5456,5456.5,5454,5455.25
1710836400,5455,5459.5,5455,5458.5
1710836700,5458.5,5460.5,5457.25,5460
1710837000,5460.25,5460.5,5458.5,5460
1710837300,5459.75,5461.75,5459.75,5460.75
1710837600,5460.75,5465.5,5460.75,5465
1710837900,5465,5466.5,5464,5466.5
1710838200,5466.5,5469.5,5466,5468.5
1710838500,5468.5,5468.5,5462.75,5463.25
1710838800,5463.5,5465,5463.25,5464.75
1710839100,5464.5,5464.5,5457.75,5460
1710839400,5460,5461.25,5459,5461
1710839700,5460.75,5461,5458.25,5458.5
1710840000,5458.5,5460.5,5458.5,5459.5
1710840300,5459.5,5460.25,5458.25,5459
1710840600,5459.25,5459.5,5457.5,5458
1710840900,5457.75,5458,5455.25,5457.5
1710841200,5457.5,5458,5455.25,5456
1710841500,5456,5456,5453.25,5453.75
1710841800,5453.75,5454.75,5453.25,5454.25
1710842100,5454,5454,5452,5453
1710842400,5453.25,5455.25,5452.25,5455.25
1710842700,5455.25,5457.5,5454.5,5455.75
1710843000,5455.75,5457,5455.5,5456.75
1710843300,5456.5,5457,5455.5,5456.25
1710843600,5456.25,5456.75,5455.75,5456.25
1710843900,5456.25,5456.75,5455.5,5456.25
1710844200,5456.5,5456.75,5455.5,5456.25
1710844500,5456,5457.75,5455.75,5456.25
1710844800,5456.5,5458.5,5456.5,5457.5
1710845100,5457.5,5458.25,5456.25,5456.5
1710845400,5456.5,5457.25,5450.75,5452.25
1710845700,5452.25,5454,5451.75,5453.25
1710846000,5453,5453,5445.75,5446.25
1710846300,5446.25,5449.25,5445.75,5448.25
1710846600,5448.5,5448.5,5445,5446.5
1710846900,5446.25,5446.5,5443.75,5445.25
1710847200,5445.5,5445.5,5443,5444
1710847500,5444.25,5445.5,5443.5,5445
1710847800,5445,5445,5440.25,5441.75
1710848100,5441.5,5443,5439.75,5441.75
1710848400,5441.75,5441.75,5439.25,5440.5
1710848700,5440.5,5441.75,5440.25,5441.5
1710849000,5441.25,5443.5,5441,5442
1710849300,5442.25,5444.25,5442.25,5443.5
1710849600,5443.75,5444.75,5442,5442.75
1710849900,5442.75,5443.5,5437.75,5438.75
1710850200,5438.75,5441,5438.5,5439.75
1710850500,5439.75,5442.75,5439.5,5441.5
1710850800,5441.5,5442.25,5438.25,5438.25
1710851100,5438.25,5438.5,5436.25,5437
1710851400,5437,5444.5,5436.75,5442.75
1710851700,5442.75,5445.25,5442.75,5445.25
1710852000,5445.25,5445.75,5442,5443
1710852300,5443,5446.5,5442.75,5446.25
1710852600,5446.25,5447.5,5445,5446.5
1710852900,5446.5,5449.25,5446,5448.75
1710853200,5449,5450.25,5447.5,5449.25
1710853500,5449.5,5449.5,5446.5,5446.5
1710853800,5446.75,5449.75,5446.5,5449.5
1710854100,5449.5,5452,5448.75,5451
1710854400,5451.25,5454.5,5450.5,5453
1710854700,5452.75,5456.75,5452.25,5455.75
1710855000,5456,5456.25,5447.5,5452.25
1710855300,5452,5452,5447,5448
1710855600,5447.75,5449.5,5445.5,5448
1710855900,5448,5450.5,5446.75,5449
1710856200,5449,5452,5446.5,5449.25
1710856500,5449,5453.25,5447.75,5450.75
1710856800,5450.75,5454.25,5450,5452.5
1710857100,5452.5,5455,5450.75,5451.75
1710857400,5452,5453.75,5449.5,5451.75
1710857700,5451.75,5452.25,5447,5447.75
1710858000,5447.5,5449.5,5446,5449.25
1710858300,5449.25,5453.25,5446.75,5448.25
1710858600,5448.25,5452.5,5447.25,5451.5
1710858900,5451.25,5456,5450.75,5455.25
1710859200,5455.5,5458.5,5454.75,5457
1710859500,5457,5458.75,5455.75,5458.25
1710859800,5458.25,5459,5456.25,5458
1710860100,5458.25,5460.25,5456,5456.25
1710860400,5456.25,5459,5455.5,5458.5
1710860700,5458.5,5460.75,5457.75,5459.25
1710861000,5459,5460.5,5458,5459.25
1710861300,5459.5,5460.5,5458,5458.5
1710861600,5458.5,5459.5,5456.5,5457.25
1710861900,5457.25,5461.75,5456.75,5460.75
1710862200,5461,5466.75,5461,5465.25
1710862500,5465.25,5468.75,5464.5,5465
1710862800,5465,5466.75,5464.25,5464.5
1710863100,5464.75,5466.25,5463,5466
1710863400,5466.25,5466.5,5463,5463.25
1710863700,5463.5,5466.25,5462.75,5465.75
1710864000,5465.75,5466.75,5464.5,5466.5
1710864300,5466.5,5468.5,5465.25,5465.75
1710864600,5465.75,5466.75,5464.25,5465
1710864900,5465,5471.75,5464,5471
1710865200,5471,5475.5,5471,5475.25
1710865500,5475.25,5475.5,5472.5,5474.5
1710865800,5474.25,5478.5,5474.25,5477.75
1710866100,5477.75,5479.75,5477,5479.25
1710866400,5479.5,5484.5,5478.25,5484.5
1710866700,5484.25,5485.25,5482,5483
1710867000,5483,5486,5483,5484.5
1710867300,5484.5,5485,5480.5,5481.25
1710867600,5481.5,5489.25,5481.5,5483.25
1710867900,5483.25,5483.25,5478.5,5479.75
1710868200,5480,5482.75,5479.75,5480
1710868500,5480.25,5481.5,5478,5480
1710868800,5480.25,5481.5,5479,5481
1710869100,5481,5483.5,5480.25,5483
1710869400,5483.25,5486.5,5483,5484.25
1710869700,5484.5,5485.5,5482.5,5485
1710870000,5485,5486,5483.5,5485
1710870300,5485,5487.25,5484.25,5485.25
1710870600,5485.25,5486.25,5481.5,5482.5
1710870900,5482.25,5484.75,5481.75,5484.25
1710871200,5484.25,5484.25,5480.5,5482.25
1710871500,5482,5483.25,5480,5481
1710871800,5481,5483.75,5479.25,5482.5
1710872100,5482.5,5486.25,5482,5483.75
1710872400,5483.75,5485,5481.5,5483
1710872700,5483,5485.25,5482,5484.5
1710873000,5484.5,5487.75,5484.25,5485.75
1710873300,5485.5,5487.25,5485,5486.25
1710873600,5486,5488,5485.5,5486.75
1710873900,5486.75,5487.5,5485.75,5487
1710874200,5487,5488,5484,5484.25
1710874500,5484.5,5485.25,5480,5483.25
1710874800,5483,5485,5482.25,5483
1710875100,5483,5483.25,5480,5480.5
1710875400,5480.5,5482.5,5478.75,5479.75
1710875700,5479.75,5482,5476.5,5481.5
1710876000,5481.5,5482.25,5478.75,5479.5
1710876300,5479.5,5480.5,5478,5479.75
1710876600,5479.5,5482.75,5478.5,5480.25
1710876900,5480.25,5485.25,5480,5485
1710877200,5485,5485.5,5482.5,5485
1710877500,5485,5491,5484.75,5489.5
1710877800,5489.75,5493.75,5487.75,5493.25
1710878100,5493.25,5495,5489.5,5492.75
1710878400,5492.75,5494.25,5490.75,5493.5
1710878700,5493.5,5493.75,5491,5491.5
1710879000,5491.75,5492,5490,5491
1710879300,5491,5491.75,5489,5490.5
1710879600,5490.5,5490.75,5489.75,5490.75
1710879900,5490.75,5491.5,5490.5,5490.5
1710880200,5490.5,5491.25,5490.25,5491
1710880500,5491.25,5491.75,5490.75,5491.75
1710880800,5491.75,5493.25,5491.75,5492.75
1710881100,5492.5,5492.5,5491.25,5491.5
1710881400,5491.75,5492,5490.75,5492
1710881700,5491.75,5492,5489.5,5489.75
1710885600,5490,5490.75,5489.25,5489.75
1710885900,5489.75,5490,5489,5489.25
1710886200,5489.5,5490,5489.5,5489.75
1710886500,5489.75,5490,5489,5489.25
1710886800,5489,5489.75,5489,5489.75
1710887100,5489.75,5490.75,5489.25,5490.25
1710887400,5490.25,5490.25,5488.75,5489.5
1710887700,5489.25,5489.75,5489,5489.5
1710888000,5489.5,5489.75,5489,5489.5
1710888300,5489.5,5489.75,5489.5,5489.75
1710888600,5489.5,5490,5489.25,5489.75
1710888900,5489.75,5491,5489.75,5490.25
1710889200,5490.25,5491,5490.25,5490.75
1710889500,5490.75,5491.25,5490,5490.25
1710889800,5490.25,5490.5,5489,5489.25
1710890100,5489.25,5490.25,5489.25,5490.25
1710890400,5490.25,5490.5,5490,5490
1710890700,5490.25,5491,5490.25,5490.75
1710891000,5490.75,5491,5490,5490.25
1710891300,5490.25,5490.5,5490,5490
1710891600,5490,5490.25,5490,5490.25
1710891900,5490.25,5490.5,5489.75,5490
1710892200,5490,5490.25,5489.25,5489.75
1710892500,5489.75,5489.75,5488.75,5488.75
1710892800,5488.75,5489,5487.75,5488
1710893100,5488.25,5488.25,5487.5,5487.5
1710893400,5487.75,5488.75,5487.25,5488.5
1710893700,5488.75,5488.75,5488,5488
1710894000,5488.25,5488.5,5486.75,5487.25
1710894300,5487.25,5488,5486.5,5487.75
1710894600,5487.75,5488,5487.5,5487.5
1710894900,5487.5,5488.25,5487.25,5488.25
1710895200,5488.25,5488.5,5487.75,5488
1710895500,5488.25,5488.25,5487.5,5487.5
1710895800,5487.5,5487.75,5486.75,5487
1710896100,5487,5487.75,5486.75,5487
1710896400,5487,5487.5,5487,5487.5
1710896700,5487.5,5487.75,5487.25,5487.25
1710897000,5487,5487.25,5486,5486.25
1710897300,5486.25,5486.75,5485.75,5486.25
1710897600,5486.5,5487.25,5486.5,5486.5
1710897900,5486.75,5487,5486.25,5486.75
1710898200,5486.75,5487,5485.25,5485.5
1710898500,5485.5,5485.75,5485,5485.5
1710898800,5485.5,5485.75,5484.75,5485
1710899100,5485.25,5485.25,5483.25,5484.75
1710899400,5485,5485.5,5484.5,5485.25
1710899700,5485.5,5485.75,5484.5,5484.75
1710900000,5484.75,5485.25,5484,5485
1710900300,5485,5485.75,5485,5485.5
1710900600,5485.75,5486.25,5485.25,5485.75
1710900900,5485.75,5486.5,5485.5,5486.5
1710901200,5486.5,5486.5,5485.5,5486
1710901500,5486,5486,5485.25,5485.5
1710901800,5485.75,5485.75,5484.5,5484.75
1710902100,5484.75,5485.75,5484.75,5485.5
1710902400,5485.5,5485.75,5485.25,5485.75
1710902700,5485.75,5485.75,5485,5485.25
1710903000,5485.25,5485.75,5485,5485.75
1710903300,5485.75,5486.75,5485.5,5486.75
1710903600,5486.75,5486.75,5485.75,5486.25
1710903900,5486,5486.25,5485.5,5486.25
1710904200,5486,5486.25,5486,5486
1710904500,5485.75,5485.75,5485.25,5485.75
1710904800,5486,5486.75,5486,5486.5
1710905100,5486.5,5487,5486.5,5487
1710905400,5486.75,5487,5486.25,5487
1710905700,5486.75,5487,5486.25,5486.25
1710906000,5486.25,5486.5,5486.25,5486.25
1710906300,5486.25,5486.5,5486,5486.5
1710906600,5486.75,5487,5486.5,5486.75
1710906900,5487,5487,5486.25,5486.75
1710907200,5486.75,5486.75,5485.75,5486.25
1710907500,5486.25,5486.25,5485.5,5486
1710907800,5485.75,5486.25,5485.75,5486.25
1710908100,5486.25,5486.75,5486.25,5486.5
1710908400,5486.75,5486.75,5486.25,5486.5
1710908700,5486.5,5487,5486.5,5486.75
1710909000,5486.75,5487.75,5486.75,5487.75
1710909300,5487.75,5488,5487.25,5487.5
1710909600,5487.5,5487.75,5487,5487
1710909900,5487,5487.25,5486.25,5486.25
1710910200,5486.5,5486.75,5486,5486
1710910500,5486,5486,5485.25,5485.25
1710910800,5485,5485.25,5484.5,5485
1710911100,5485,5486,5485,5485.5
1710911400,5485.75,5485.75,5485.25,5485.75
1710911700,5485.75,5485.75,5485.25,5485.5
1710912000,5485.75,5486,5485.5,5485.5
1710912300,5485.75,5486,5485.5,5485.75
1710912600,5485.75,5485.75,5485.5,5485.75
1710912900,5485.75,5487.25,5485.75,5487
1710913200,5487,5487.5,5486.5,5487.25
1710913500,5487.25,5487.75,5487,5487
1710913800,5487,5487,5486.5,5486.75
1710914100,5486.75,5486.75,5486.5,5486.75
1710914400,5486.5,5487,5486,5486
1710914700,5486,5486.75,5485.5,5485.75
1710915000,5485.75,5487,5485.5,5487
1710915300,5487.25,5487.25,5486.75,5486.75
1710915600,5486.75,5488.25,5486.75,5487.5
1710915900,5487.25,5487.5,5486,5486.25
1710916200,5486.25,5486.25,5485.75,5486.25
1710916500,5486.25,5486.5,5485.5,5486.5
1710916800,5486.25,5486.5,5486,5486
1710917100,5486.25,5486.75,5486.25,5486.5
1710917400,5486.5,5487.25,5486.5,5486.75
1710917700,5486.75,5487.25,5486.25,5487
1710918000,5487.25,5489.25,5486.75,5488.5
1710918300,5488.5,5490.25,5488.25,5490
1710918600,5490,5491.5,5489.75,5490.5
1710918900,5490.5,5490.75,5489.75,5490
1710919200,5490,5491.25,5489.75,5490.5
1710919500,5490.5,5491,5490.25,5491
1710919800,5491,5491.75,5490.5,5491
1710920100,5491,5491,5489.75,5490
1710920400,5489.75,5490.5,5489.25,5490.5
1710920700,5490.25,5490.75,5489.75,5490
1710921000,5489.75,5490.25,5489,5489.5
1710921300,5489.5,5489.5,5488.25,5488.5
1710921600,5488.25,5489,5486,5487.75
1710921900,5487.5,5488.5,5486.75,5487
1710922200,5487,5489.25,5487,5489
1710922500,5489,5490.25,5487,5487.25
1710922800,5487.25,5488,5486.75,5487.25
1710923100,5487.25,5487.75,5486.25,5487
1710923400,5487.25,5488.5,5486.75,5488.5
1710923700,5488.5,5488.5,5485.25,5485.75
1710924000,5485.75,5486,5484.5,5485.75
1710924300,5485.5,5486,5484.75,5485.25
1710924600,5485,5485.75,5483.75,5485.5
1710924900,5485.75,5488,5485.75,5486.5
1710925200,5486.5,5487.25,5484.25,5485
1710925500,5484.75,5485.5,5484.25,5484.75
1710925800,5484.75,5486.5,5484.5,5486.5
1710926100,5486.5,5487.75,5486,5487.5
1710926400,5487.25,5488,5487.25,5487.5
1710926700,5487.5,5488.25,5487.25,5488
1710927000,5488,5488.75,5487.25,5488.25
1710927300,5488.5,5489.25,5487.75,5488.25
1710927600,5488,5488.75,5486.75,5487
1710927900,5487,5487.75,5486.5,5487
1710928200,5486.75,5487,5485.75,5486.75
1710928500,5486.75,5488.75,5486.25,5488.75
1710928800,5488.5,5488.75,5487,5487.75
1710929100,5487.5,5488.5,5487.5,5488.25
1710929400,5488.25,5489.5,5488.25,5489.25
1710929700,5489.25,5489.5,5488.25,5489.25
1710930000,5489.25,5489.75,5488,5488.25
1710930300,5488.25,5488.25,5486.75,5487.5
1710930600,5487.5,5491,5487.5,5489.75
1710930900,5489.75,5491,5488.75,5489.5
1710931200,5489.25,5490.75,5489.25,5490
1710931500,5490.25,5490.5,5489,5489.25
1710931800,5489.5,5490.25,5489.25,5489.75
1710932100,5490,5491.25,5490,5490.75
1710932400,5490.75,5492.5,5490.25,5492.25
1710932700,5492.5,5493.75,5492,5493.75
1710933000,5493.75,5494.75,5492.75,5494.25
1710933300,5494.5,5495.25,5493.75,5494.75
1710933600,5494.75,5495,5492.5,5492.75
1710933900,5492.75,5495,5492.75,5494.75
1710934200,5494.5,5494.75,5493.5,5494.5
1710934500,5494.25,5496.25,5493.75,5495.5
1710934800,5495.25,5496,5494.5,5495.5
1710935100,5495.75,5496.5,5495.25,5496
1710935400,5496.25,5496.5,5495.25,5495.75
1710935700,5495.5,5495.75,5494.75,5495
1710936000,5495.25,5495.5,5494,5494
1710936300,5494.25,5494.25,5491.5,5491.75
1710936600,5491.75,5492.75,5490.5,5490.75
1710936900,5490.75,5491,5489.75,5490
1710937200,5490,5490.5,5489,5490.25
1710937500,5490,5493.25,5490,5492
1710937800,5492,5493,5491.5,5492
1710938100,5492.25,5492.75,5489.75,5490
1710938400,5490,5490,5485.25,5487.5
1710938700,5487.25,5488.5,5485.75,5488.25
1710939000,5488.25,5488.75,5487.5,5488.5
1710939300,5488.75,5489,5487,5488
1710939600,5488,5488.25,5487,5487.5
1710939900,5487.5,5489,5487.5,5488.75
1710940200,5488.5,5488.75,5487.25,5487.75
1710940500,5487.75,5489.25,5487.5,5489.25
1710940800,5489,5490,5488.5,5489.5
1710941100,5489.25,5492.5,5489.25,5491
1710941400,5491.25,5493.75,5488.25,5488.75
1710941700,5488.75,5488.75,5485.75,5487.25
1710942000,5487.25,5489.75,5485.5,5486.5
1710942300,5486.75,5487.75,5485.75,5486.75
1710942600,5486.75,5488.75,5486.25,5488.5
1710942900,5488.75,5490,5487.75,5487.75
1710943200,5487.75,5490.5,5486.75,5489.5
1710943500,5489.75,5491.25,5489.25,5490.5
1710943800,5490.75,5491,5488.25,5490
1710944100,5490,5491.75,5489.5,5490
1710944400,5490,5495.25,5489,5494.75
1710944700,5495,5497.75,5493.75,5497
1710945000,5497,5498,5494,5494
1710945300,5494,5494.25,5489,5491.25
1710945600,5491,5492,5489.75,5490.5
1710945900,5490.5,5492.25,5489.75,5490
1710946200,5490,5492.75,5490,5491.75
1710946500,5491.75,5493,5491.25,5492.25
1710946800,5492.25,5494.25,5491.5,5494
1710947100,5494.25,5495,5493.75,5494.75
1710947400,5494.75,5496.5,5494.25,5496
1710947700,5496.25,5496.5,5494.75,5495.5
1710948000,5495.5,5496,5494.25,5495
1710948300,5495,5496.25,5493.75,5495.25
1710948600,5495.25,5496.5,5492.5,5493.25
1710948900,5493.5,5494.25,5491.75,5492.5
1710949200,5492.25,5493.25,5491.5,5491.5
1710949500,5491.75,5491.75,5488.75,5489.75
1710949800,5490,5492,5489.5,5491.25
1710950100,5491.25,5493,5490.75,5492.25
1710950400,5492,5492.5,5491.25,5492
1710950700,5492,5492,5488,5490
1710951000,5490.25,5491.25,5488.5,5488.5
1710951300,5488.75,5490.25,5488.25,5489.75
1710951600,5490,5490.25,5488.75,5490
1710951900,5490.25,5492,5489.75,5490.5
1710952200,5490.25,5490.75,5486.75,5488.75
1710952500,5488.5,5491.5,5488.5,5491.25
1710952800,5491.25,5492.75,5491.25,5492.25
1710953100,5492.25,5493.25,5492,5492.5
1710953400,5492.75,5494.75,5492,5494
1710953700,5494,5494.5,5493.5,5494.25
1710954000,5494.25,5494.25,5491.25,5492.25
1710954300,5492.5,5492.75,5489.25,5489.75
1710954600,5489.75,5490,5486.25,5487
1710954900,5486.75,5488.75,5485.75,5488.25
1710955200,5488.25,5488.75,5486.5,5486.75
1710955500,5487,5489,5486.75,5486.75
1710955800,5487,5489,5486,5488.75
1710956100,5488.5,5489,5485.25,5485.5
1710956400,5485.5,5485.75,5483.25,5485
1710956700,5485,5488,5483.75,5487.75
1710957000,5487.75,5489.75,5487.75,5489.5
1710957300,5489.5,5489.5,5485.5,5487
1710957600,5487,5510.5,5486.75,5508
1710957900,5508.25,5517.25,5499.25,5501.25
1710958200,5501.25,5510.5,5501.25,5504
1710958500,5504,5505.5,5496.25,5498.25
1710958800,5498.25,5505,5497.25,5502.25
1710959100,5502.25,5509.75,5501.75,5509.5
1710959400,5509.5,5514,5493.25,5493.5
1710959700,5493.5,5513,5491.25,5509.25
1710960000,5509,5518.25,5504.25,5515
1710960300,5515,5528.75,5515,5527.5
1710960600,5527.75,5528.5,5518.75,5524.75
1710960900,5524.75,5528.75,5520.25,5522.5
1710961200,5522.75,5529,5521.5,5526
1710961500,5526,5534.25,5525.75,5530.75
1710961800,5531,5534,5521.75,5525.25
1710962100,5525.5,5536.75,5524.75,5536
1710962400,5536,5537,5530.5,5535
1710962700,5535.25,5538.75,5532,5537.5
1710963000,5537.5,5539.75,5535.75,5537
1710963300,5537,5537,5531,5534.75
1710963600,5534.75,5535.75,5528.75,5529.75
1710963900,5529.75,5532,5525,5525.75
1710964200,5525.75,5533.25,5524.5,5529
1710964500,5529,5539.25,5529,5538
1710964800,5537.75,5541.25,5535.25,5540.5
1710965100,5540.5,5544.5,5540,5544.5
1710965400,5544.25,5546,5543.75,5545
1710965700,5545.25,5545.5,5544,5544.25
1710966000,5544.25,5546,5543.75,5545.25
1710966300,5545.25,5545.75,5544,5544.75
1710966600,5545,5548,5544.75,5546.75
1710966900,5546.5,5546.75,5545.5,5545.75
1710967200,5545.75,5546.5,5545.5,5546.25
1710967500,5546,5546.25,5545.25,5545.25
1710967800,5545.25,5546,5545.25,5545.5
1710968100,5545.25,5546.5,5545,5546.5
1710972000,5545,5545.75,5543.75,5544.25
1710972300,5544.5,5546.25,5544.25,5544.5
1710972600,5544.5,5548.75,5544.25,5546.75
1710972900,5546.75,5548.25,5546.5,5547.25
1710973200,5547.25,5547.5,5546,5546
1710973500,5546.25,5547.5,5546,5547.25
1710973800,5547.25,5547.5,5546.5,5546.75
1710974100,5546.5,5548,5546.5,5546.75
1710974400,5546.75,5547.5,5546.75,5547.25
1710974700,5547.5,5548.5,5547.5,5548.25
1710975000,5548,5549.75,5548,5549.25
1710975300,5549.5,5549.75,5548.75,5549.5
1710975600,5549.25,5549.75,5548.75,5549.75
1710975900,5549.75,5551.75,5549,5551.5
1710976200,5551.5,5553,5551.25,5552
1710976500,5552,5553.25,5551.75,5552.75
1710976800,5552.75,5554.75,5552.75,5553.75
1710977100,5553.75,5555,5553,5553.5
1710977400,5553.5,5554,5552.75,5553
1710977700,5553,5553.75,5552.5,5553.5
1710978000,5553.25,5554.25,5553,5553.75
1710978300,5553.75,5553.75,5552,5552.25
1710978600,5552.25,5552.75,5551.75,5552
1710978900,5552,5553,5551.75,5553
1710979200,5552.75,5552.75,5550.75,5551.75
1710979500,5551.75,5552.25,5551,5551.25
1710979800,5551.25,5551.5,5550.5,5551
1710980100,5551.25,5551.5,5550.25,5550.5
1710980400,5550.75,5551.75,5550.5,5551.5
1710980700,5551.5,5551.5,5550.5,5550.75
1710981000,5550.75,5551.25,5550.25,5550.25
1710981300,5550.5,5550.5,5549.75,5550.25
1710981600,5550.25,5550.5,5549.75,5550.25
1710981900,5550.25,5550.5,5549.75,5550.25
1710982200,5550.25,5551,5550,5550.25
1710982500,5550,5550.75,5550,5550.5
1710982800,5550.25,5550.5,5549.75,5550
1710983100,5550,5551,5549.75,5550.75
1710983400,5551,5552.25,5550.5,5552
1710983700,5552,5553,5551.75,5552
1710984000,5552.25,5552.25,5550.25,5551
1710984300,5551,5551.25,5550.5,5550.75
1710984600,5550.75,5551,5550,5550.25
1710984900,5550.25,5550.5,5549.75,5550
1710985200,5550.25,5550.25,5549.25,5549.75
1710985500,5549.5,5550.75,5549.5,5550.5
1710985800,5550.5,5551,5550,5550
1710986100,5550,5551.25,5549.75,5551
1710986400,5551.25,5551.75,5550.75,5551.5
1710986700,5551.25,5551.75,5550.75,5551.25
1710987000,5551,5552.25,5551,5552
1710987300,5552.25,5552.75,5552,5552.75
1710987600,5552.75,5553.5,5552.5,5553.25
1710987900,5553.25,5553.5,5552.75,5553.5
1710988200,5553.5,5555.5,5553.5,5555
1710988500,5554.75,5555.25,5554.5,5554.75
1710988800,5555,5555.25,5554.75,5555
1710989100,5555,5555,5553.75,5554.5
1710989400,5554.75,5555.75,5554.75,5555
1710989700,5555.25,5555.5,5554.75,5555
1710990000,5555,5555.5,5554.75,5555
1710990300,5555,5556.25,5555,5556.25
1710990600,5556.25,5557,5556,5556.25
1710990900,5556.25,5556.5,5555.5,5556
1710991200,5555.75,5557,5555.75,5556.25
1710991500,5556.5,5556.5,5555.75,5556.25
1710991800,5556.25,5557,5556,5557
1710992100,5557,5557.25,5556,5556
1710992400,5556.25,5556.25,5555.5,5556
1710992700,5556,5556.5,5556,5556
1710993000,5556,5556.5,5556,5556.5
1710993300,5556.25,5557.25,5556.25,5557
1710993600,5556.75,5557,5556.25,5556.75
1710993900,5556.75,5556.75,5556.25,5556.5
1710994200,5556.5,5557.5,5556.5,5557.25
1710994500,5557,5557.5,5556.75,5557.25
1710994800,5557.25,5557.75,5557,5557.25
1710995100,5557.25,5557.75,5557,5557.75
1710995400,5557.5,5559,5557.25,5558.5
1710995700,5558.5,5558.75,5557.75,5558
1710996000,5557.75,5558.25,5557.5,5557.75
1710996300,5558,5559,5558,5558.75
1710996600,5558.75,5559,5558.25,5558.5
1710996900,5558.25,5559,5558.25,5559
1710997200,5559,5559.25,5557.75,5558
1710997500,5557.75,5559.25,5557.75,5559
1710997800,5559,5559,5558.25,5559
1710998100,5559,5559.25,5558.5,5558.75
1710998400,5558.5,5559,5558.25,5558.75
1710998700,5558.5,5559,5558,5558.25
1710999000,5558.25,5559.25,5557.75,5559
1710999300,5558.75,5559.75,5558.75,5559.5
1710999600,5559.25,5559.5,5558.75,5559
1710999900,5559,5559.75,5558.75,5559
1711000200,5559,5559.75,5559,5559.25
1711000500,5559.25,5560.25,5559,5559.25
1711000800,5559.5,5559.75,5558.5,5558.5
1711001100,5558.5,5560,5558.25,5560
1711001400,5560,5560.5,5559.5,5560.25
1711001700,5560,5560.25,5559.75,5560
1711002000,5560.25,5560.5,5559.75,5560
1711002300,5560,5560.5,5559.75,5560.25
1711002600,5560.25,5560.5,5559.5,5559.75
1711002900,5559.75,5560.5,5559.5,5559.75
1711003200,5559.75,5560.5,5559.5,5559.5
1711003500,5559.5,5559.75,5559,5559.75
1711003800,5559.5,5560,5558.5,5560
1711004100,5560,5560.75,5559.5,5560.5
1711004400,5560.5,5561.5,5559.5,5561.25
1711004700,5561.5,5561.5,5560.5,5561.25
1711005000,5561,5561.25,5559.75,5560
1711005300,5560,5561.5,5560,5560.75
1711005600,5561,5563,5561,5562.5
1711005900,5562.5,5562.75,5561.75,5562.25
1711006200,5562,5562.25,5561.25,5561.5
1711006500,5561.5,5563.5,5561.5,5563.25
1711006800,5563,5564.75,5562.5,5564.5
1711007100,5564.5,5564.5,5563.25,5564
1711007400,5564,5565.5,5563.75,5565
1711007700,5565.25,5566,5565,5565.75
1711008000,5566,5566,5563.25,5564.75
1711008300,5564.75,5565.25,5562.5,5565
1711008600,5565,5565.5,5561.75,5562
1711008900,5562,5563.25,5561.25,5562
1711009200,5562.25,5562.25,5559,5559.25
1711009500,5559.25,5560.75,5558.5,5560
1711009800,5560.25,5561.75,5559,5561.5
1711010100,5561.5,5562.25,5560.25,5560.75
1711010400,5560.5,5560.75,5558.25,5559
1711010700,5559.25,5560.25,5558.25,5559.5
1711011000,5559.75,5561,5559.25,5560.25
1711011300,5560,5560.25,5558.5,5559
1711011600,5559.25,5559.5,5556.25,5556.75
1711011900,5556.5,5556.75,5552.75,5553.75
1711012200,5554,5554.75,5553.25,5553.75
1711012500,5554,5554.75,5553.5,5554.25
1711012800,5554.5,5555.75,5553.5,5553.5
1711013100,5553.5,5555.25,5552.75,5554.75
1711013400,5554.75,5554.75,5552.75,5553.25
1711013700,5553.25,5555.5,5552.75,5555.25
1711014000,5555,5557,5555,5556.5
1711014300,5556.75,5557.5,5555.75,5556
1711014600,5555.75,5556.75,5555.25,5556.25
1711014900,5556,5556,5555,5555.25
1711015200,5555.25,5555.75,5553.5,5554
1711015500,5553.75,5554.5,5551.75,5554.5
1711015800,5554.25,5555.5,5553.5,5554
1711016100,5554.25,5554.5,5553,5554.5
1711016400,5554.5,5555.75,5554,5555.5
1711016700,5555.25,5555.75,5554.5,5554.5
1711017000,5554.75,5555.5,5554.25,5555.25
1711017300,5555,5555,5553,5553.25
1711017600,5553,5553.75,5552,5552.75
1711017900,5552.75,5554,5552.5,5553.25
1711018200,5553.25,5553.75,5553,5553.25
1711018500,5553,5554.5,5552.75,5553.75
1711018800,5554,5555.25,5553.75,5554.75
1711019100,5554.5,5555.75,5554,5555.5
1711019400,5555.75,5558,5555.25,5556
1711019700,5556.25,5557.25,5555,5556.5
1711020000,5556.5,5558,5556,5556.25
1711020300,5556.25,5557,5555.75,5556.25
1711020600,5556,5558.5,5555.5,5558.25
1711020900,5558.5,5559.75,5557.25,5559.75
1711021200,5559.75,5560.75,5558.5,5559
1711021500,5559.25,5560,5559,5559.75
1711021800,5559.75,5559.75,5557.75,5558.25
1711022100,5558.5,5559,5557.75,5559
1711022400,5558.5,5562.5,5558.5,5562.25
1711022700,5562.25,5563,5560.25,5560.75
1711023000,5560.75,5561.25,5559.75,5560.75
1711023300,5560.75,5562.75,5560.5,5562.75
1711023600,5562.5,5563,5561.25,5562.25
1711023900,5562.25,5564.25,5562,5563.75
1711024200,5564,5564.5,5562.25,5562.75
1711024500,5563,5563.25,5560.5,5562.5
1711024800,5562.5,5563.25,5560.75,5561
1711025100,5561.25,5563,5560.75,5562.5
1711025400,5562.75,5563.5,5561.5,5562.25
1711025700,5562.25,5563.25,5562.25,5562.75
1711026000,5562.5,5563.25,5561.75,5562.25
1711026300,5562.5,5563,5560.75,5561
1711026600,5561,5561.75,5560.5,5560.75
1711026900,5561,5563.5,5560.75,5562.75
1711027200,5562.5,5563.75,5562.25,5563.5
1711027500,5563.75,5568,5563.25,5565
1711027800,5565.25,5566.5,5560.5,5561.25
1711028100,5561.5,5566.5,5561.25,5566
1711028400,5566.25,5571.75,5565.5,5566.5
1711028700,5566.5,5568.75,5558.75,5559.25
1711029000,5559.5,5562.5,5559.25,5562
1711029300,5562.25,5566,5560.75,5565.75
1711029600,5565.5,5566.75,5563.5,5564.75
1711029900,5564.75,5568.25,5563,5567.25
1711030200,5567.5,5568.5,5564.75,5566
1711030500,5566,5568.5,5565.5,5568.5
1711030800,5568.5,5571.5,5568,5568.25
1711031100,5568.5,5571,5568.25,5569.25
1711031400,5569.25,5569.75,5563,5565
1711031700,5565.25,5567.5,5564.25,5565.75
1711032000,5566,5571,5563.25,5570.25
1711032300,5570.25,5571.5,5568.5,5571.25
1711032600,5571.25,5571.25,5568.5,5570.25
1711032900,5570.5,5571,5566.75,5567.5
1711033200,5567.5,5570,5564.75,5565.5
1711033500,5565.25,5565.75,5561.75,5563
1711033800,5563.25,5566.25,5563,5565.75
1711034100,5566,5567.25,5562.5,5563.75
1711034400,5563.5,5566.75,5563.5,5565.75
1711034700,5565.75,5566,5563.5,5565.75
1711035000,5565.5,5568.25,5564.25,5567.25
1711035300,5567.25,5569.5,5567.25,5569
1711035600,5569.25,5570.5,5568,5568.75
1711035900,5568.75,5569.5,5567.5,5568
1711036200,5568,5571,5567.75,5568.5
1711036500,5568.5,5570.25,5568.25,5569
1711036800,5569,5570,5567.75,5569.75
1711037100,5569.75,5571.75,5568,5568.5
1711037400,5568.5,5570.75,5567.75,5570.5
1711037700,5570.75,5571.75,5569.75,5570.25
1711038000,5570.5,5571.75,5569.25,5570.5
1711038300,5570.5,5572.5,5569.75,5572
1711038600,5571.75,5573,5568.5,5568.75
1711038900,5569,5569.75,5567,5569
1711039200,5569.25,5570.75,5566.5,5567
1711039500,5567,5568.25,5565.75,5568
1711039800,5568,5569.75,5568,5569.25
1711040100,5569.25,5569.75,5568.75,5569.25
1711040400,5569.25,5569.25,5563.5,5565.75
1711040700,5566,5567.5,5564.75,5565.75
1711041000,5565.75,5568.75,5565.5,5568
1711041300,5568,5568.25,5565.5,5566
1711041600,5566.25,5566.25,5563.5,5564
1711041900,5564,5566.5,5564,5565.25
1711042200,5565.5,5565.75,5563.25,5563.25
1711042500,5563.25,5566,5563.25,5565.75
1711042800,5565.75,5567,5564.75,5567
1711043100,5566.75,5567,5561.5,5563
1711043400,5562.75,5564.25,5558.75,5560
1711043700,5560,5560.75,5558.75,5559.5
1711044000,5559.5,5561.25,5558,5560.5
1711044300,5560.5,5561.75,5556.75,5557
1711044600,5557.25,5560.5,5556.5,5558.5
1711044900,5558.25,5560.5,5557,5559.75
1711045200,5559.75,5562.25,5559,5559.25
1711045500,5559.5,5562.75,5559.25,5562
1711045800,5562,5562,5558,5558
1711046100,5558,5558,5553,5554.75
1711046400,5554.75,5556.5,5551.75,5556
1711046700,5556,5558.25,5555.25,5555.75
1711047000,5555.75,5557.5,5555.5,5555.75
1711047300,5555.5,5555.75,5552,5554.5
1711047600,5554.5,5555.5,5552.25,5554.25
1711047900,5554,5557.75,5554,5557.25
1711048200,5557.5,5559,5556.25,5556.5
1711048500,5556.75,5559.75,5556.5,5559
1711048800,5559,5560,5555.75,5557
1711049100,5556.75,5559.5,5556.75,5559
1711049400,5559.25,5563.25,5558,5558
1711049700,5558.25,5558.5,5554.5,5556
1711050000,5556,5560.25,5555.75,5560
1711050300,5560,5560.25,5554.5,5556.25
1711050600,5556,5558.75,5555,5556.5
1711050900,5556.75,5556.75,5550.25,5553
1711051200,5552.75,5555.5,5551.5,5553.75
1711051500,5554,5556.25,5553.5,5556
1711051800,5556,5558.25,5555.75,5557
1711052100,5557,5558.25,5556.5,5558
1711052400,5557.75,5559.25,5557.5,5559
1711052700,5559,5559.25,5557.75,5558
1711053000,5558.25,5558.25,5556.75,5556.75
1711053300,5557,5557.75,5556.5,5557.75
1711053600,5557.5,5558.25,5557.25,5557.5
1711053900,5557.5,5558,5557,5557.75
1711054200,5558,5558,5556.75,5557
1711054500,5556.75,5558,5556.75,5557.75
1711058400,5557,5559,5556.75,5557.5
1711058700,5557.75,5557.75,5554.75,5555
1711059000,5555.25,5556.75,5554.75,5555.75
1711059300,5555.75,5556.75,5555.5,5555.5
1711059600,5555.75,5555.75,5555,5555.25
1711059900,5555.25,5555.5,5554.75,5555
1711060200,5555.25,5557.75,5555,5557.75
1711060500,5557.75,5558.25,5557,5558.25
1711060800,5558,5558.5,5557.75,5558
1711061100,5558.25,5559,5558,5559
1711061400,5559,5559.75,5558.75,5559.25
1711061700,5559.5,5559.75,5559.25,5559.25
1711062000,5559.25,5559.5,5558.5,5559
1711062300,5559.25,5559.75,5558.75,5559.5
1711062600,5559.25,5559.75,5558.5,5559.25
1711062900,5559.25,5559.25,5557.75,5558
1711063200,5558.25,5559.25,5558,5558.75
1711063500,5558.75,5559.5,5558.75,5559.25
1711063800,5559.25,5559.75,5558.75,5559.5
1711064100,5559.5,5560.25,5559.5,5559.5
1711064400,5559.75,5560.25,5559.5,5559.75
1711064700,5560,5560.5,5559.75,5560
1711065000,5560,5560.75,5559.75,5560.25
1711065300,5560.25,5560.75,5560.25,5560.25
1711065600,5560,5561.25,5560,5560.75
1711065900,5560.75,5561,5559.5,5559.75
1711066200,5559.5,5560.5,5559.25,5559.75
1711066500,5559.75,5560,5558.75,5559.75
1711066800,5559.75,5560.75,5559.75,5560.25
1711067100,5560.25,5560.75,5559.75,5560
1711067400,5560.25,5560.75,5559.5,5559.5
1711067700,5559.5,5560.5,5559.5,5559.5
1711068000,5559.75,5560,5558.5,5559
1711068300,5559,5559,5557.75,5558.5
1711068600,5558.75,5559.25,5558.5,5559.25
1711068900,5559.25,5560,5559.25,5559.75
1711069200,5559.75,5559.75,5558.75,5559.25
1711069500,5559,5560.75,5559,5560.5
1711069800,5560.75,5561,5560,5560.25
1711070100,5560.25,5560.5,5560,5560
1711070400,5560,5560,5559.25,5559.25
1711070700,5559.25,5560.25,5559.25,5560
1711071000,5560,5561,5559.75,5561
1711071300,5561,5561,5557,5557.25
1711071600,5557.25,5558.25,5556.5,5557.75
1711071900,5557.75,5558.75,5556.25,5556.75
1711072200,5556.5,5557,5555.75,5556.5
1711072500,5556.25,5556.5,5553.75,5554
1711072800,5554.25,5555.75,5554,5554.5
1711073100,5554.5,5555.5,5554.25,5554.75
1711073400,5554.75,5555.75,5554.5,5554.5
1711073700,5554.5,5555,5554.25,5554.5
1711074000,5554.5,5555.5,5554.25,5555
1711074300,5555.25,5555.25,5554.5,5554.75
1711074600,5554.5,5554.5,5553.25,5553.25
1711074900,5553.5,5553.5,5550.25,5551
1711075200,5551,5551.5,5549.25,5551
1711075500,5551,5552,5550.25,5551.25
1711075800,5551.25,5551.75,5550.75,5550.75
1711076100,5551,5551.25,5550,5550.25
1711076400,5550,5551.25,5550,5551
1711076700,5551,5551.75,5551,5551.5
1711077000,5551.5,5551.75,5550.5,5550.75
1711077300,5550.75,5552.25,5550.75,5551.5
1711077600,5551.25,5552.75,5551.25,5552.75
1711077900,5552.5,5553.5,5552,5552.25
1711078200,5552.5,5552.5,5549.75,5550
1711078500,5550,5552.25,5549.75,5552.25
1711078800,5552.25,5552.75,5551.75,5552.5
1711079100,5552.25,5553,5552.25,5552.5
1711079400,5552.5,5552.75,5552,5552.75
1711079700,5552.5,5553.25,5552.5,5553.25
1711080000,5553.25,5554,5553.25,5553.75
1711080300,5553.75,5555.25,5553.75,5554.75
1711080600,5555,5556.25,5555,5556.25
1711080900,5556,5556.5,5555.25,5555.5
1711081200,5555.25,5556.25,5555.25,5555.75
1711081500,5556,5556,5555.25,5555.5
1711081800,5555.5,5556.5,5555.5,5556.5
1711082100,5556.5,5556.75,5556,5556.5
1711082400,5556.25,5556.25,5555.5,5556.25
1711082700,5556,5556.5,5555.25,5555.5
1711083000,5555.75,5556.5,5555.5,5556.25
1711083300,5556.25,5556.25,5555.5,5556
1711083600,5556,5556.5,5555.5,5556.25
1711083900,5556.5,5556.75,5555.75,5556.25
1711084200,5556.25,5556.75,5556,5556.5
1711084500,5556.5,5557.75,5556.25,5557.25
1711084800,5557,5557,5555.25,5555.75
1711085100,5555.75,5556.75,5555.75,5556.5
1711085400,5556.25,5556.75,5555.75,5556.75
1711085700,5556.5,5556.75,5555.75,5556.75
1711086000,5556.5,5557,5556.25,5556.5
1711086300,5556.5,5557.25,5556.25,5557.25
1711086600,5557,5557.25,5556.5,5556.5
1711086900,5556.5,5556.75,5555.75,5556
1711087200,5556.25,5556.5,5555.75,5556.25
1711087500,5556.25,5557,5556,5556
1711087800,5556,5558,5556,5557.75
1711088100,5557.75,5557.75,5557,5557.25
1711088400,5557.25,5557.5,5556.5,5557.25
1711088700,5557,5557.5,5556,5556.25
1711089000,5556.25,5556.5,5555,5555
1711089300,5555,5555.5,5554.75,5555.25
1711089600,5555.25,5555.75,5554.75,5555
1711089900,5554.75,5555.75,5554.75,5555.5
1711090200,5555.5,5555.5,5554.5,5555
1711090500,5555,5555.75,5555,5555.25
1711090800,5555,5555.5,5552,5553.25
1711091100,5553.25,5554.25,5553,5553
1711091400,5553,5553.25,5551.75,5552.25
1711091700,5552,5553.25,5551,5553
1711092000,5552.75,5552.75,5551,5551.5
1711092300,5551.25,5551.25,5549.75,5550.25
1711092600,5550.25,5550.5,5549.25,5549.75
1711092900,5549.75,5549.75,5548,5549
1711093200,5549.25,5551.25,5549,5550.75
1711093500,5550.5,5552.75,5550.25,5552.5
1711093800,5552.5,5553.5,5551.5,5551.5
1711094100,5551.5,5553,5551.25,5552.5
1711094400,5552.5,5554.25,5552.5,5553.5
1711094700,5553.5,5554,5552.5,5552.5
1711095000,5552.25,5555.5,5551,5555.5
1711095300,5555.5,5557.25,5553,5555
1711095600,5555,5557.25,5554.75,5556.25
1711095900,5556.25,5556.5,5555,5555.25
1711096200,5555.25,5558.5,5555.25,5557.5
1711096500,5557.5,5558.25,5556,5557.5
1711096800,5557.5,5559,5557.5,5558.75
1711097100,5558.75,5559.75,5558.25,5558.75
1711097400,5558.75,5558.75,5557,5558
1711097700,5558,5559.75,5557,5558.75
1711098000,5558.75,5559.75,5558.25,5558.75
1711098300,5558.75,5561.25,5558.75,5559.25
1711098600,5559.5,5561.25,5559.25,5560.75
1711098900,5560.75,5561,5559.25,5559.25
1711099200,5559.5,5559.5,5557.75,5558.25
1711099500,5558.25,5558.25,5557,5558
1711099800,5558,5559.25,5558,5558
1711100100,5558.25,5558.25,5557,5557.5
1711100400,5557.25,5558.5,5557.25,5557.5
1711100700,5557.5,5558,5556.75,5557.25
1711101000,5557.25,5558.5,5557.25,5558
1711101300,5558,5559.75,5558,5559
1711101600,5559.25,5560.25,5558.75,5559.5
1711101900,5559.75,5560,5558.75,5559
1711102200,5558.75,5559.5,5558,5558
1711102500,5558,5559.25,5557.75,5558.5
1711102800,5558.5,5560.25,5558.5,5560
1711103100,5560,5560,5559.25,5559.75
1711103400,5560,5560.25,5559.25,5559.25
1711103700,5559.5,5560.25,5559.25,5559.75
1711104000,5559.75,5561.25,5559.5,5561.25
1711104300,5561.25,5562,5560.25,5561.25
1711104600,5561,5561.25,5559.25,5559.25
1711104900,5559.25,5559.25,5557.75,5558.5
1711105200,5558.75,5560,5558.75,5559.5
1711105500,5559.75,5561,5559,5560.25
1711105800,5560.25,5561.25,5560,5560.75
1711106100,5560.75,5561,5558.75,5559.25
1711106400,5559,5559,5555.75,5556.25
1711106700,5556.25,5556.75,5555.75,5556.25
1711107000,5556.25,5556.75,5556,5556.25
1711107300,5556.25,5556.75,5553.75,5554
1711107600,5554,5554,5551.5,5552.25
1711107900,5552.25,5552.5,5545.75,5546
1711108200,5546,5546.75,5544,5546.5
1711108500,5546.25,5546.5,5544,5545.25
1711108800,5545.5,5546,5542.5,5543.75
1711109100,5543.75,5546.25,5542.75,5546
1711109400,5546,5548,5545.5,5546.75
1711109700,5546.75,5547,5543.25,5546
1711110000,5546.25,5547.75,5544,5544
1711110300,5544.25,5545.5,5543.25,5545
1711110600,5544.75,5545.25,5543,5544.25
1711110900,5544.25,5546.25,5543,5546.25
1711111200,5546.25,5548.25,5544.75,5547.75
1711111500,5547.75,5548.5,5546.75,5548.5
1711111800,5548.25,5549.25,5547.5,5548.75
1711112100,5548.75,5549,5547.5,5548.75
1711112400,5548.75,5550.75,5548.5,5550
1711112700,5550,5551.75,5548.75,5548.75
1711113000,5549,5550.5,5548.5,5550.25
1711113300,5550.5,5552,5550,5550.5
1711113600,5550.5,5550.75,5547.25,5547.75
1711113900,5548.25,5551.75,5547.25,5551.25
1711114200,5551.5,5554.5,5547.75,5549.75
1711114500,5550,5553.5,5549.5,5552.5
1711114800,5552.75,5555,5547.25,5548
1711115100,5547.75,5548.5,5544.25,5545
1711115400,5545.25,5551,5545,5550
1711115700,5550,5550.25,5547.25,5548
1711116000,5547.75,5552.25,5547.75,5552.25
1711116300,5552,5553.5,5550,5551
1711116600,5550.75,5551.5,5546.75,5547
1711116900,5547.25,5550.25,5546,5549.25
1711117200,5549,5550,5545.75,5546.25
1711117500,5546.25,5548.5,5544.25,5548.25
1711117800,5548.25,5548.5,5544.75,5545.75
1711118100,5546,5546.5,5544,5546
1711118400,5545.75,5546.25,5541.75,5542
1711118700,5542,5544,5541,5543.75
1711119000,5543.5,5543.75,5541,5541.5
1711119300,5541.5,5542,5540,5540.5
1711119600,5540.5,5545.5,5540,5544.25
1711119900,5544.25,5545.75,5542.75,5543
1711120200,5543,5546.5,5543,5545
1711120500,5545.25,5545.25,5543,5544.5
1711120800,5544.5,5546.75,5544.25,5546
1711121100,5546.25,5547.5,5545.25,5547.25
1711121400,5547.25,5548.25,5546.75,5547.75
1711121700,5548,5548.5,5544,5544.75
1711122000,5545,5546.75,5544.5,5544.5
1711122300,5544.75,5546.5,5544,5545
1711122600,5545,5547,5545,5545.25
1711122900,5545.25,5547.25,5544.25,5546.75
1711123200,5546.75,5548,5544.75,5545.25
1711123500,5545.25,5546.5,5544.25,5545.25
1711123800,5545.25,5546.75,5543.75,5544.5
1711124100,5544.5,5544.75,5542,5544.5
1711124400,5544.75,5545.25,5543.25,5544.5
1711124700,5544.5,5545.5,5543.25,5544.75
1711125000,5544.5,5545.25,5541,5541
1711125300,5541,5542.75,5539.25,5542.5
1711125600,5542.5,5545.5,5542.5,5545
1711125900,5545,5546.75,5545,5546.25
1711126200,5546.25,5549.25,5546,5547.75
1711126500,5547.75,5548.5,5546.5,5548.5
1711126800,5548.5,5549.25,5547.5,5549.25
1711127100,5549,5550.25,5549,5549.5
1711127400,5549.75,5551.25,5548,5550.25
1711127700,5550.5,5552.5,5549.75,5550.5
1711128000,5550.75,5550.75,5548.5,5549.75
1711128300,5549.5,5551,5549.5,5550.75
1711128600,5550.5,5553,5550.5,5551.25
1711128900,5551.5,5551.75,5549.5,5549.75
1711129200,5550,5551.5,5549,5551.25
1711129500,5551.5,5554.25,5551,5552.5
1711129800,5552.75,5555.75,5552.75,5554.75
1711130100,5555,5556.25,5554.25,5555.5
1711130400,5555.75,5556.25,5554,5556
1711130700,5556,5556,5553.25,5553.75
1711131000,5553.75,5555,5553.5,5553.5
1711131300,5553.5,5553.75,5551.75,5552.25
1711131600,5552,5552.75,5549.75,5552.25
1711131900,5552.25,5556,5551.75,5555.25
1711132200,5555.5,5555.5,5552.25,5554
1711132500,5554,5555,5553.25,5554
1711132800,5553.75,5553.75,5551.25,5552
1711133100,5552,5552.5,5550.25,5550.25
1711133400,5550.25,5551.75,5549.75,5550.5
1711133700,5550.25,5553,5550.25,5552
1711134000,5551.75,5552.25,5549.75,5550.25
1711134300,5550.5,5551.5,5548.75,5551
1711134600,5551,5551.75,5542.5,5544.75
1711134900,5544.75,5545.75,5541.5,5543.75
1711135200,5543.75,5545.25,5542.75,5544.5
1711135500,5544.75,5547.75,5544.5,5547
1711135800,5547,5547.5,5544.25,5545.75
1711136100,5545.75,5548.5,5545.5,5548
1711136400,5548.25,5550.75,5547.5,5550
1711136700,5550,5550.75,5548.5,5550
1711137000,5550,5553.25,5549.75,5550.75
1711137300,5550.75,5551.75,5541.5,5542.25
1711137600,5542,5544,5540.5,5541
1711137900,5541,5541.5,5539.25,5539.75
1711138200,5539.75,5540.25,5539.25,5540
1711138500,5540,5540,5538.5,5539
1711138800,5538.75,5540,5538.75,5539.5
1711139100,5539.5,5539.5,5538,5538.75
1711139400,5538.5,5539.75,5538.5,5539.75
1711139700,5539.5,5539.75,5539,5539.75
1711140000,5539.75,5540.25,5539.5,5539.75
1711140300,5539.75,5540.25,5539.75,5540
1711140600,5540,5540,5539.5,5540
1711140900,5539.75,5540.25,5539,5540
1711317600,5540.75,5543.25,5540.25,5541.75
1711317900,5541.5,5543.5,5540.5,5540.75
1711318200,5541,5541.75,5539.25,5540.25
1711318500,5540.25,5541.25,5539.25,5540.25
1711318800,5540.5,5540.75,5539.75,5540.5
1711319100,5540.25,5540.25,5539,5539.5
1711319400,5539.5,5540.25,5538.25,5538.5
1711319700,5538.75,5539.25,5537.5,5539.25
1711320000,5539,5539.75,5538.75,5539.25
1711320300,5539.25,5540.25,5539.25,5540
1711320600,5540,5540.25,5539.75,5540
1711320900,5540,5540.5,5539,5539.75
1711321200,5539.5,5540,5537.75,5539.5
1711321500,5539.5,5541.5,5539.5,5541
1711321800,5541,5542,5540.5,5541.5
1711322100,5541.5,5542.5,5541.5,5542.25
1711322400,5542.25,5542.75,5541.75,5542.5
1711322700,5542.5,5542.5,5541.5,5541.75
1711323000,5541.75,5542.25,5541.25,5542
1711323300,5542,5542,5541.5,5541.75
1711323600,5541.75,5542,5541.5,5542
1711323900,5542,5543.25,5542,5543
1711324200,5543,5543.25,5542.25,5542.5
1711324500,5542.5,5543.5,5542.5,5543.25
1711324800,5543.25,5545,5543,5544.75
1711325100,5544.75,5544.75,5543.75,5543.75
1711325400,5544,5544.5,5543.75,5544
1711325700,5544,5544.5,5543.5,5544
1711326000,5544,5544.25,5542.5,5543.25
1711326300,5543.25,5543.75,5543,5543.25
1711326600,5543.5,5544,5543.25,5543.5
1711326900,5543.5,5543.75,5542.5,5543
1711327200,5543.25,5543.25,5542.25,5542.5
1711327500,5542.5,5542.75,5542.25,5542.75
1711327800,5542.75,5543.5,5542.25,5542.5
1711328100,5542.5,5543,5541.5,5542
1711328400,5542,5542.25,5541,5541.5
1711328700,5541.5,5542.25,5541,5542
1711329000,5542,5542.25,5540.75,5541
1711329300,5541.25,5542.75,5540.5,5542.25
1711329600,5542.5,5543.75,5542.25,5543.25
1711329900,5543.25,5543.5,5542.25,5543.5
1711330200,5543.5,5543.75,5542.75,5543
1711330500,5543,5545,5542.75,5544.75
1711330800,5544.75,5545.25,5543.5,5544
1711331100,5544,5544.5,5543.25,5543.25
1711331400,5543.25,5543.5,5542.75,5543.25
1711331700,5543.5,5543.5,5542.5,5543.5
1711332000,5543.5,5543.5,5542.25,5542.5
1711332300,5542.5,5542.75,5542.25,5542.75
1711332600,5542.75,5542.75,5541.25,5542.25
1711332900,5542.5,5542.5,5538.25,5539
1711333200,5539.25,5539.5,5537.75,5539.25
1711333500,5539.25,5540,5538.75,5539.75
1711333800,5540,5540.5,5539.25,5539.75
1711334100,5539.75,5540.5,5539.5,5540
1711334400,5540,5540.25,5539,5539.25
1711334700,5539.25,5540.5,5539.25,5540.25
1711335000,5540,5540.5,5539.75,5540.25
1711335300,5540.25,5540.75,5540,5540.5
1711335600,5540.75,5540.75,5539.25,5539.75
1711335900,5539.75,5540.5,5539.5,5540.25
1711336200,5540,5540,5538.5,5539.75
1711336500,5539.75,5540.5,5539.75,5540
1711336800,5540.25,5540.25,5539.5,5539.75
1711337100,5539.75,5540,5539.25,5539.5
1711337400,5539.5,5539.5,5539,5539.25
1711337700,5539.25,5539.75,5539,5539.5
1711338000,5539.75,5539.75,5538.25,5538.5
1711338300,5538.75,5540,5538.75,5539.75
1711338600,5539.75,5540,5539,5539.25
1711338900,5539.5,5540,5539.25,5540
1711339200,5540,5540,5539.5,5539.5
1711339500,5539.5,5539.75,5538.75,5539.25
1711339800,5539.25,5539.25,5538.75,5539.25
1711340100,5539.25,5539.25,5538.75,5539
1711340400,5539,5539.25,5538,5538.75
1711340700,5538.75,5540,5538.5,5540
1711341000,5540,5540,5539.25,5539.75
1711341300,5539.75,5540,5539.25,5539.25
1711341600,5539.5,5539.75,5539.5,5539.5
1711341900,5539.25,5539.75,5539,5539.5
1711342200,5539.5,5539.5,5539,5539.25
1711342500,5539.25,5539.5,5539,5539
1711342800,5539.25,5540.25,5538.25,5540
1711343100,5539.75,5539.75,5538.75,5538.75
1711343400,5538.75,5539.25,5538.5,5539
1711343700,5539,5539,5537,5537.75
1711344000,5537.5,5538.25,5537.25,5537.75
1711344300,5537.75,5538,5537,5537
1711344600,5537,5538.25,5537,5537.75
1711344900,5537.75,5537.75,5536.5,5536.75
1711345200,5537,5538,5537,5537.75
1711345500,5537.5,5537.75,5537.25,5537.75
1711345800,5537.75,5537.75,5536.75,5536.75
1711346100,5536.75,5537.25,5536.5,5536.5
1711346400,5536.5,5537,5535,5535.75
1711346700,5535.5,5535.5,5533.75,5534.25
1711347000,5534.25,5534.75,5533.75,5534.75
1711347300,5534.5,5534.5,5533.5,5534
1711347600,5533.75,5533.75,5532.5,5532.75
1711347900,5533,5534.25,5532.75,5534
1711348200,5534.25,5535,5534,5534
1711348500,5534.25,5534.75,5534.25,5534.25
1711348800,5534.25,5535,5533.75,5535
1711349100,5534.75,5535.75,5534.75,5535.5
1711349400,5535.5,5535.75,5535.25,5535.5
1711349700,5535.5,5535.75,5535,5535.25
1711350000,5535.25,5535.75,5533.75,5533.75
1711350300,5533.75,5534.25,5533,5533.75
1711350600,5533.75,5536,5533.75,5535.5
1711350900,5535.25,5535.75,5534.75,5535.75
1711351200,5535.75,5536.25,5535.25,5536
1711351500,5536,5536.25,5535.25,5535.75
1711351800,5535.75,5536,5534.75,5535.75
1711352100,5535.5,5537.25,5535.5,5536.25
1711352400,5536.25,5537.25,5536.25,5537.25
1711352700,5537,5537.5,5536.25,5536.25
1711353000,5536,5536.75,5536,5536.75
1711353300,5536.75,5537.5,5535.75,5535.75
1711353600,5536,5540,5536,5539.75
1711353900,5539.75,5541,5538.75,5540.75
1711354200,5540.75,5542,5540,5541.75
1711354500,5541.75,5542,5540.75,5540.75
1711354800,5540.75,5540.75,5538.25,5539.5
1711355100,5539.5,5541.5,5539.25,5540.75
1711355400,5541,5542.75,5540.5,5542.75
1711355700,5542.75,5543.25,5540,5540.25
1711356000,5540.25,5542.25,5540,5541.5
1711356300,5541.75,5541.75,5540.25,5540.25
1711356600,5540.25,5540.5,5538,5538.5
1711356900,5538.5,5541,5538,5539.75
1711357200,5539.75,5540.5,5537.25,5538
1711357500,5538.25,5538.5,5536.75,5537.25
1711357800,5537.25,5538,5536.75,5537.5
1711358100,5537.5,5537.75,5536.75,5537
1711358400,5537,5538,5536.75,5537.5
1711358700,5537.25,5537.5,5536,5537.25
1711359000,5537.25,5538.75,5536.75,5537
1711359300,5536.75,5537,5536,5536
1711359600,5535.75,5536.5,5535.5,5536.25
1711359900,5536.25,5537,5535.75,5536.5
1711360200,5536.25,5536.75,5534.25,5534.5
1711360500,5534.5,5534.75,5531.5,5532.5
1711360800,5532.25,5533.5,5531.25,5533.25
1711361100,5533.25,5533.5,5531.75,5532
1711361400,5532,5532.25,5529.75,5529.75
1711361700,5529.75,5531.25,5529.25,5530.5
1711362000,5530.5,5531,5530,5530.5
1711362300,5530.5,5532,5530.5,5531
1711362600,5531,5531.75,5530.5,5531
1711362900,5530.75,5531.25,5530,5530.75
1711363200,5530.75,5531.5,5530.25,5531.25
1711363500,5531.25,5531.25,5529.25,5529.25
1711363800,5529.25,5530.5,5529.25,5530.25
1711364100,5530.25,5530.25,5529.25,5530
1711364400,5529.75,5530.25,5527,5527.75
1711364700,5527.75,5528,5525.5,5526.25
1711365000,5526.25,5527.25,5525.25,5527
1711365300,5527,5527.25,5525.75,5526.25
1711365600,5526.25,5526.25,5523.75,5525.5
1711365900,5525.5,5526,5524.5,5525.25
1711366200,5525.25,5526.25,5524.75,5525.75
1711366500,5525.5,5526.5,5524.75,5525
1711366800,5525,5525.5,5524.75,5525.5
1711367100,5525.25,5526,5524.75,5525
1711367400,5524.75,5525.25,5522.75,5525.25
1711367700,5525.5,5525.75,5524.5,5525.75
1711368000,5525.75,5527.25,5525,5526.75
1711368300,5526.5,5527.5,5524,5524.25
1711368600,5524.5,5525.25,5523.5,5524.5
1711368900,5524.5,5528,5524.5,5527.5
1711369200,5527.5,5528.5,5527,5528.5
1711369500,5528.5,5528.5,5526.5,5528.25
1711369800,5528.25,5528.75,5527.25,5527.75
1711370100,5527.75,5528.25,5525.25,5526
1711370400,5526,5528.75,5526,5528.5
1711370700,5528.75,5529.25,5528,5528.25
1711371000,5528.25,5528.5,5526.75,5527.75
1711371300,5527.75,5528.25,5526.75,5528
1711371600,5527.75,5528.75,5527.5,5528.5
1711371900,5528.25,5528.75,5526,5526.75
1711372200,5526.75,5528.5,5525.5,5528.25
1711372500,5528.25,5529.25,5527.5,5527.75
1711372800,5527.5,5528.5,5527,5527.5
1711373100,5527.75,5529.5,5526,5526.75
1711373400,5527,5532.5,5525.75,5531.25
1711373700,5531.5,5532.25,5529.5,5529.75
1711374000,5529.75,5530.25,5524.75,5526
1711374300,5526,5529.5,5524.5,5529
1711374600,5529,5532.75,5528.5,5531.5
1711374900,5531.5,5532.25,5529.5,5531.75
1711375200,5531.5,5532.25,5529,5529.5
1711375500,5529.5,5533.75,5529.5,5532.5
1711375800,5532.75,5536.25,5532.5,5535
1711376100,5535.25,5536.75,5533.75,5534.75
1711376400,5534.75,5537.75,5534,5534.75
1711376700,5534.75,5536,5532.25,5533
1711377000,5533.25,5534.75,5531,5534.75
1711377300,5534.5,5535.25,5531.75,5533.5
1711377600,5533.75,5534,5531.75,5533
1711377900,5532.75,5533.25,5530,5532
1711378200,5532,5533.25,5531,5532.25
1711378500,5532.25,5535.25,5532.25,5535
1711378800,5535.25,5536.5,5534,5535.5
1711379100,5535.75,5536.75,5534.25,5535.25
1711379400,5535,5536,5533.25,5534.25
1711379700,5534.25,5536.5,5533,5535.25
1711380000,5535,5535.75,5533,5534.25
1711380300,5534,5535.75,5532.5,5535
1711380600,5535,5535.25,5533,5534.25
1711380900,5534.25,5536.25,5533,5535.75
1711381200,5536,5536.75,5535.25,5535.75
1711381500,5536,5537.5,5535.5,5536.5
1711381800,5536.75,5537,5534,5535.75
1711382100,5536,5537,5534.5,5534.75
1711382400,5535,5535.25,5531.75,5532.5
1711382700,5532.75,5533.75,5532.25,5532.5
1711383000,5532.75,5535,5532.5,5534.5
1711383300,5534.25,5535.75,5534,5535.5
1711383600,5535.5,5535.75,5534.25,5535.5
1711383900,5535.25,5536.25,5533.5,5534
1711384200,5534.25,5534.5,5532.75,5533.25
1711384500,5533.25,5534.5,5532.75,5533
1711384800,5532.75,5535.25,5532,5533.5
1711385100,5533.25,5534,5531.75,5532.25
1711385400,5532.25,5535,5531.25,5534.75
1711385700,5534.75,5535,5532.5,5533.25
1711386000,5533.5,5534.25,5532.25,5534
1711386300,5534,5534,5532,5532.75
1711386600,5532.5,5533.5,5530,5533.25
1711386900,5533.25,5534.5,5532.75,5533.5
1711387200,5533.5,5534,5531.5,5533
1711387500,5533,5535.25,5533,5534.5
1711387800,5534.5,5535,5533.5,5534.5
1711388100,5534.75,5534.75,5533.5,5534.25
1711388400,5534.5,5536.25,5534.25,5535.5
1711388700,5535.75,5536.25,5534,5534.5
1711389000,5534.5,5535.25,5533.5,5535
1711389300,5535,5536,5534,5536
1711389600,5536,5536.25,5535,5535.5
1711389900,5535.5,5537.5,5535.5,5537.25
1711390200,5537.5,5537.75,5536.5,5536.5
1711390500,5536.75,5538.5,5536.25,5537.75
1711390800,5537.75,5538.25,5537,5537.25
1711391100,5537.25,5538.25,5536.75,5537.75
1711391400,5538,5538.25,5536.25,5536.5
1711391700,5536.25,5538.5,5536.25,5538.25
1711392000,5538,5539,5536,5536.5
1711392300,5536.5,5537.75,5535.75,5536.5
1711392600,5536.75,5538,5536.25,5537.5
1711392900,5537.25,5538,5536.5,5537.5
1711393200,5537.5,5537.5,5535.75,5536
1711393500,5535.75,5536.5,5534.25,5534.25
1711393800,5534.25,5534.75,5532.25,5533.25
1711394100,5533.25,5534.75,5532.25,5533.75
1711394400,5533.75,5534,5530.5,5532.5
1711394700,5532.5,5532.75,5531.25,5531.75
1711395000,5532,5534.25,5531.25,5533.5
1711395300,5533.5,5534.25,5532.25,5533.25
1711395600,5533.25,5536,5533,5534.25
1711395900,5534.25,5535,5532.5,5532.75
1711396200,5532.5,5532.75,5527.25,5528
1711396500,5528,5529.75,5526,5527.25
1711396800,5527.5,5530.25,5527,5527.5
1711397100,5527.25,5528.5,5527.25,5527.5
1711397400,5527.75,5528.5,5527.5,5528.25
1711397700,5528,5528.75,5527.75,5528.25
1711398000,5528,5529.5,5528,5529.25
1711398300,5529,5529.5,5528.75,5529
1711398600,5529.25,5529.75,5528.5,5528.75
1711398900,5528.75,5529.5,5528.5,5529.25
1711399200,5529.25,5530,5529,5529.25
1711399500,5529.5,5529.75,5529.25,5529.25
1711399800,5529.5,5529.75,5528.75,5529.5
1711400100,5529.5,5531.25,5529.5,5531
1711404000,5531,5533,5531,5532.75
1711404300,5533,5533.5,5532.5,5533.5
1711404600,5533.25,5534.5,5533.25,5534
1711404900,5534,5534.5,5533.5,5534.25
1711405200,5534,5534.5,5533.75,5534.5
1711405500,5534.5,5534.5,5533.5,5533.75
1711405800,5533.5,5533.75,5532.75,5533
1711406100,5533,5533.5,5532.25,5533.5
1711406400,5533.5,5533.5,5533,5533
1711406700,5532.75,5533.25,5532.5,5533
1711407000,5532.75,5533.25,5532.5,5532.75
1711407300,5532.75,5532.75,5532.25,5532.5
1711407600,5532.5,5533.25,5532.5,5533
1711407900,5533,5533,5532.75,5533
1711408200,5533,5533.25,5531.25,5532.25
1711408500,5532.25,5532.5,5531.75,5532
1711408800,5532,5532.25,5531.5,5531.5
1711409100,5531.5,5532.75,5531.5,5532.75
1711409400,5532.5,5533.25,5532.25,5532.75
1711409700,5532.75,5533.25,5532.75,5533.25
1711410000,5533,5533.75,5533,5533.75
1711410300,5533.75,5534.25,5533.5,5533.75
1711410600,5533.75,5534.75,5533.75,5534.5
1711410900,5534.5,5534.75,5533.75,5534
1711411200,5534,5534,5533,5534
1711411500,5534,5534.75,5533.75,5534.75
1711411800,5534.75,5535.5,5534.5,5535.25
1711412100,5535.5,5535.75,5534.25,5535
1711412400,5534.75,5535.25,5534.5,5534.75
1711412700,5535,5535.5,5535,5535.25
1711413000,5535.25,5535.5,5535,5535.5
1711413300,5535.25,5536.25,5535.25,5535.75
1711413600,5535.75,5536.5,5535.5,5536
1711413900,5536.25,5537,5536,5536.5
1711414200,5536.5,5536.5,5536,5536
1711414500,5536.25,5536.75,5535.75,5536.5
1711414800,5536.5,5537,5536.25,5537
1711415100,5537,5537.25,5536.5,5537.25
1711415400,5537.25,5537.5,5536.5,5537
1711415700,5537.25,5537.5,5537,5537.25
1711416000,5537.5,5537.5,5536,5536.25
1711416300,5536,5536.25,5535.5,5536.25
1711416600,5536.25,5536.75,5535.5,5536.25
1711416900,5536.25,5536.75,5536.25,5536.5
1711417200,5536.5,5536.75,5536,5536.5
1711417500,5536.5,5536.75,5535.5,5535.5
1711417800,5535.75,5536,5535.5,5536
1711418100,5536,5536,5535.5,5535.75
1711418400,5535.75,5536.25,5535.25,5535.5
1711418700,5535.5,5535.75,5535,5535.75
1711419000,5535.75,5535.75,5535,5535.5
1711419300,5535.5,5536,5535.25,5535.75
1711419600,5535.5,5535.75,5535.5,5535.75
1711419900,5535.75,5536,5535.5,5536
1711420200,5536,5536.75,5536,5536.75
1711420500,5536.5,5537,5536.25,5536.25
1711420800,5536.5,5536.5,5535.5,5535.75
1711421100,5535.75,5536.5,5535.25,5535.5
1711421400,5535.25,5536,5535.25,5535.75
1711421700,5535.5,5535.75,5534.75,5534.75
1711422000,5535,5535.25,5534.75,5535
1711422300,5535,5535.75,5534.75,5535.75
1711422600,5535.75,5535.75,5534.5,5534.75
1711422900,5535,5535.75,5535,5535.5
1711423200,5535.5,5536,5535.25,5535.5
1711423500,5535.25,5535.75,5535.25,5535.75
1711423800,5535.75,5536,5535,5535
1711424100,5535,5535,5534,5534.25
1711424400,5534.25,5534.5,5531.75,5532.5
1711424700,5532.25,5533.25,5532,5533.25
1711425000,5533.25,5533.5,5532.75,5532.75
1711425300,5532.75,5533.25,5532.75,5533
1711425600,5533,5534,5533,5533.5
1711425900,5533.5,5534,5533.5,5534
1711426200,5534,5534.25,5533.5,5533.75
1711426500,5534,5534.75,5534,5534.25
1711426800,5534.5,5534.5,5533.75,5534
1711427100,5534,5534.75,5534,5534.5
1711427400,5534.5,5535.25,5534.5,5535
1711427700,5535,5535.5,5534.75,5535.25
1711428000,5535.25,5535.5,5534.75,5534.75
1711428300,5535,5535.25,5534.75,5535
1711428600,5535,5535.25,5534.5,5535
1711428900,5535,5535,5534.25,5534.25
1711429200,5534.5,5534.75,5533.75,5534.5
1711429500,5534.25,5535.75,5534.25,5535.75
1711429800,5536,5536.25,5535.25,5535.5
1711430100,5535.75,5536,5535.5,5536
1711430400,5536,5536.5,5535.75,5536
1711430700,5536.25,5536.25,5535.25,5535.75
1711431000,5536,5536.5,5535.75,5536
1711431300,5536,5536.5,5535.75,5536.25
1711431600,5536.5,5537,5536.25,5537
1711431900,5537,5537,5536.5,5536.5
1711432200,5536.5,5536.75,5536,5536.5
1711432500,5536.5,5537,5536.25,5536.5
1711432800,5536.5,5536.75,5535.25,5535.5
1711433100,5535.5,5536,5535,5535.25
1711433400,5535.5,5535.75,5535.25,5535.75
1711433700,5535.75,5536,5535.25,5535.75
1711434000,5535.75,5536,5535.5,5535.75
1711434300,5535.75,5536,5535.5,5535.75
1711434600,5536,5537.5,5535.75,5537.25
1711434900,5537.25,5538.25,5537,5538.25
1711435200,5538.25,5538.5,5537.75,5537.75
1711435500,5537.75,5538.75,5537.75,5538.5
1711435800,5538.75,5540,5538.75,5539.25
1711436100,5539.5,5541.5,5539.5,5540.25
1711436400,5540.5,5543.75,5540.5,5542.75
1711436700,5542.5,5544.25,5542.5,5544
1711437000,5544,5544.5,5542.5,5542.5
1711437300,5542.5,5543.5,5542.25,5542.25
1711437600,5542.25,5543.25,5542,5543
1711437900,5543,5543.25,5542.5,5542.75
1711438200,5543,5543.5,5541.75,5542.75
1711438500,5542.75,5543,5541.25,5541.25
1711438800,5541.25,5542,5540.5,5540.75
1711439100,5540.75,5540.75,5538.75,5539
1711439400,5538.75,5539,5537,5537.5
1711439700,5537.5,5538.5,5537.25,5538.25
1711440000,5538.25,5540,5537.5,5539.5
1711440300,5539.5,5539.75,5538.5,5539
1711440600,5538.75,5539.75,5538.25,5539.5
1711440900,5539.25,5540.75,5539,5540.5
1711441200,5540.5,5541,5539.75,5539.75
1711441500,5539.75,5540,5539,5540
1711441800,5540.25,5541.75,5540,5541
1711442100,5541,5541.5,5540.5,5541.25
1711442400,5541.5,5543.25,5541.5,5543
1711442700,5543,5543.25,5542,5542.5
1711443000,5542.75,5546.25,5542.75,5544.75
1711443300,5544.75,5545.25,5543,5543.75
1711443600,5543.5,5544.5,5543.25,5544.25
1711443900,5544,5545,5543.75,5544
1711444200,5544,5545.5,5543.25,5544
1711444500,5544,5547.25,5543.5,5546.75
1711444800,5547,5547.75,5546.25,5547.25
1711445100,5547.5,5549.25,5547.25,5547.5
1711445400,5547.75,5548.5,5547,5547.75
1711445700,5547.75,5548.75,5547.5,5547.75
1711446000,5547.5,5547.5,5545.75,5546
1711446300,5546.25,5547.5,5546.25,5547.5
1711446600,5547.5,5548,5547,5547
1711446900,5547,5548,5546.75,5547.5
1711447200,5547.75,5549.75,5547.75,5549.25
1711447500,5549.25,5549.25,5548,5548.75
1711447800,5548.75,5550,5548.5,5549
1711448100,5549.25,5550.25,5549,5549.75
1711448400,5549.5,5550,5549,5549
1711448700,5549,5549.5,5548,5548.75
1711449000,5548.75,5549,5548,5549
1711449300,5549,5550.25,5548.75,5549.25
1711449600,5549,5549.5,5548.5,5549
1711449900,5549,5549.75,5548.75,5549.5
1711450200,5549.5,5550.5,5549.25,5550.25
1711450500,5550,5550.75,5549.25,5550.25
1711450800,5550,5550.5,5549.25,5550.5
1711451100,5550.5,5550.75,5549,5549.25
1711451400,5549.25,5549.5,5547.75,5548.25
1711451700,5548.25,5549,5547.75,5548.75
1711452000,5548.75,5548.75,5547.25,5547.75
1711452300,5547.75,5548.25,5545.75,5545.75
1711452600,5546,5547.25,5546,5546.75
1711452900,5546.75,5548.5,5546.75,5548.25
1711453200,5548.25,5549,5547.5,5548
1711453500,5547.75,5548.5,5547.25,5547.5
1711453800,5547.75,5548.75,5546.75,5548.25
1711454100,5548.25,5549.5,5548,5549.25
1711454400,5549.25,5550,5548,5548.75
1711454700,5548.75,5549,5546.25,5546.75
1711455000,5547,5547.5,5546.25,5547
1711455300,5547.25,5548.25,5547,5548
1711455600,5548,5548.5,5547.25,5547.75
1711455900,5547.5,5547.5,5546.25,5546.75
1711456200,5546.75,5547.25,5544.25,5544.25
1711456500,5544.25,5546.25,5542.5,5546
1711456800,5545.75,5546,5538.75,5540
1711457100,5539.75,5542.5,5539.75,5540.25
1711457400,5540,5541.25,5539,5539.25
1711457700,5539.25,5541,5538.5,5540
1711458000,5540,5541,5538.75,5540.5
1711458300,5540.25,5541,5539.25,5539.75
1711458600,5539.75,5540,5536.75,5537.25
1711458900,5537.25,5538,5536,5536.5
1711459200,5536.75,5538,5535.75,5538
1711459500,5538,5540.75,5537.25,5540.25
1711459800,5540.25,5542.75,5536.75,5541.75
1711460100,5541.75,5542.5,5537.75,5539
1711460400,5539,5540.25,5536.5,5540
1711460700,5539.75,5541,5538.75,5540
1711461000,5540.25,5540.75,5537,5537.5
1711461300,5537.5,5541,5537.25,5540.5
1711461600,5540.5,5542.25,5540,5541.5
1711461900,5541.5,5543.25,5540.75,5541.25
1711462200,5541.25,5542.25,5537.5,5541.75
1711462500,5541.75,5544.75,5540.75,5542.75
1711462800,5542.75,5543.25,5541,5542.75
1711463100,5543,5543,5538,5539
1711463400,5539.25,5539.25,5534.75,5538
1711463700,5538.25,5540,5536.5,5539.25
1711464000,5539.25,5540.5,5537.25,5539.25
1711464300,5539.5,5540,5536.5,5537.75
1711464600,5538,5540.25,5538,5540
1711464900,5540.25,5542.25,5539.75,5541.25
1711465200,5541.25,5542.25,5539.75,5540.25
1711465500,5540.5,5541.25,5540,5541
1711465800,5541,5541.75,5539.75,5540.5
1711466100,5540.5,5541.5,5540,5540.5
1711466400,5540.5,5542.5,5539.5,5541.25
1711466700,5541.25,5542.5,5540.75,5541
1711467000,5541.25,5542,5540.25,5541
1711467300,5541,5541.5,5539.25,5540.25
1711467600,5540.25,5541,5539,5540.25
1711467900,5540.5,5540.5,5539.25,5539.75
1711468200,5539.75,5543,5539.5,5542.75
1711468500,5542.5,5543,5541.5,5542.5
1711468800,5542.5,5543.25,5540,5540.75
1711469100,5540.75,5541.25,5539.5,5540.25
1711469400,5540.5,5541.25,5539.5,5540.5
1711469700,5540.5,5541.25,5538.75,5539.5
1711470000,5539.5,5539.75,5537.75,5538.5
1711470300,5538.5,5540.25,5537.5,5540
1711470600,5539.75,5540,5537.75,5538.25
1711470900,5538,5539.5,5537.5,5538.25
1711471200,5538.5,5538.75,5537.25,5537.75
1711471500,5537.75,5539.25,5537,5538
1711471800,5538.25,5539,5535.75,5537
1711472100,5537,5538,5536.25,5537.25
1711472400,5537.25,5538.5,5535.75,5536.75
1711472700,5537,5538.5,5536.75,5537.75
1711473000,5538,5538.5,5537,5538.5
1711473300,5538.5,5538.75,5536.25,5536.75
1711473600,5536.75,5537.25,5536,5536.5
1711473900,5536.5,5537.5,5536,5537.25
1711474200,5537.25,5538.5,5537,5538.5
1711474500,5538.25,5538.75,5535.25,5536.5
1711474800,5536.75,5537.25,5535,5535.5
1711475100,5535.25,5535.75,5533.25,5535
1711475400,5535,5535.75,5534,5535.75
1711475700,5535.75,5536.75,5534.75,5535.25
1711476000,5535,5537.5,5534.75,5537
1711476300,5537.25,5538.25,5536.75,5536.75
1711476600,5536.75,5537.5,5535.75,5537
1711476900,5537.25,5538.5,5537,5537.75
1711477200,5538,5538.25,5536.5,5538
1711477500,5537.75,5538.75,5537,5538.25
1711477800,5538.5,5539,5537.75,5538.75
1711478100,5538.75,5539.25,5536.5,5536.75
1711478400,5536.75,5537,5535.25,5535.5
1711478700,5535.75,5536.5,5535.25,5535.5
1711479000,5535.5,5537.5,5535.25,5537
1711479300,5537.25,5538.25,5537,5537
1711479600,5537.25,5537.5,5536,5536.5
1711479900,5536.25,5537.5,5535.25,5537
1711480200,5537,5538,5535.5,5535.75
1711480500,5535.75,5536.5,5535,5535
1711480800,5535,5535.25,5534,5534.75
1711481100,5534.5,5535.5,5528.25,5531
1711481400,5530.75,5531.25,5524,5526.5
1711481700,5526.5,5527.25,5525,5525.25
1711482000,5525.25,5528.75,5520.5,5520.75
1711482300,5520.75,5523.25,5519,5520.25
1711482600,5520,5522,5518.5,5520.5
1711482900,5520.75,5521,5513.25,5516.25
1711483200,5516.25,5521.25,5515,5519
1711483500,5519,5521,5519,5520.25
1711483800,5520.25,5522,5520,5521.5
1711484100,5521.5,5523,5521,5522.25
1711484400,5522.5,5522.75,5522.25,5522.25
1711484700,5522.25,5522.75,5522,5522.5
1711485000,5522.25,5523.5,5521.75,5523.25
1711485300,5523.25,5524,5523.25,5523.25
1711485600,5523.25,5523.75,5522.75,5523.25
1711485900,5523,5523.75,5522.25,5522.25
1711486200,5522.5,5522.75,5521.5,5522.75
1711486500,5522.75,5524,5522,5522.75
1711490400,5523.5,5523.5,5521.5,5523
1711490700,5523.25,5523.75,5522.75,5523.25
1711491000,5523.25,5523.5,5522.75,5523.5
1711491300,5523.5,5523.75,5523,5523.25
1711491600,5523.25,5523.5,5523,5523.25
1711491900,5523.25,5524.5,5523.25,5524.5
1711492200,5524.5,5524.5,5523,5523.25
1711492500,5523,5523.5,5523,5523
1711492800,5523.25,5523.5,5522.25,5522.25
1711493100,5522.5,5524,5522.5,5523.25
1711493400,5523.5,5524,5523.25,5524
1711493700,5523.75,5524,5523,5523.5
1711494000,5523.25,5523.5,5522.25,5523.5
1711494300,5523.25,5524,5523.25,5523.75
1711494600,5523.5,5524.25,5523.25,5523.75
1711494900,5523.75,5524.25,5523.75,5524
1711495200,5524,5524,5523.75,5524
1711495500,5524,5524.75,5523.75,5524
1711495800,5524.25,5524.75,5524.25,5524.5
1711496100,5524.5,5524.75,5524.25,5524.25
1711496400,5524.25,5525,5524,5524.75
1711496700,5524.5,5525.75,5524.5,5525.5
1711497000,5525.5,5525.75,5525.25,5525.75
1711497300,5525.75,5526,5525.5,5525.75
1711497600,5525.75,5526,5525,5525.5
1711497900,5525.25,5525.75,5525,5525.5
1711498200,5525.5,5525.75,5525,5525.5
1711498500,5525.5,5525.5,5525,5525.25
1711498800,5525.5,5526.5,5525.5,5525.75
1711499100,5525.75,5526.5,5525.75,5526
1711499400,5526.25,5526.25,5525.75,5526
1711499700,5526,5526.5,5526,5526.5
1711500000,5526.5,5526.5,5525.5,5525.75
1711500300,5525.5,5527.25,5525.25,5527
1711500600,5526.75,5527.25,5526.5,5526.5
1711500900,5526.5,5527,5526,5526
1711501200,5526.25,5526.75,5525.75,5526.25
1711501500,5526.25,5526.5,5526,5526
1711501800,5526,5527,5526,5526.75
1711502100,5526.75,5527.25,5526.5,5526.5
1711502400,5526.5,5526.5,5525.25,5526
1711502700,5526,5526.75,5526,5526.25
1711503000,5526.25,5526.75,5526,5526.25
1711503300,5526.25,5526.25,5525,5525
1711503600,5525.25,5525.75,5525,5525.75
1711503900,5525.75,5526.5,5525.5,5526.5
1711504200,5526.5,5526.75,5526,5526.5
1711504500,5526.75,5527.75,5526.5,5527.75
1711504800,5527.5,5527.75,5526.75,5527
1711505100,5527,5527.25,5526.5,5527
1711505400,5526.75,5527,5526.5,5526.75
1711505700,5526.5,5527.25,5526.5,5526.75
1711506000,5526.5,5527.5,5526.25,5527.25
1711506300,5527,5527.75,5527,5527.25
1711506600,5527.25,5528,5527,5527.75
1711506900,5527.5,5527.75,5527,5527.25
1711507200,5527.25,5527.5,5526.75,5527.25
1711507500,5527.25,5527.5,5527,5527
1711507800,5527,5527,5526.5,5526.75
1711508100,5526.75,5527.25,5526.75,5527.25
1711508400,5527.25,5528,5527,5527.75
1711508700,5527.75,5528.5,5527.5,5528.5
1711509000,5528.25,5528.5,5527.75,5528.25
1711509300,5528.5,5528.75,5528,5528.5
1711509600,5528.5,5528.75,5528,5528.75
1711509900,5528.75,5529.5,5528.75,5529.25
1711510200,5529.25,5529.25,5528.5,5529
1711510500,5529,5529.5,5528.75,5528.75
1711510800,5528.75,5529,5528.5,5528.75
1711511100,5528.75,5529,5528.25,5528.5
1711511400,5528.5,5528.75,5528.25,5528.75
1711511700,5528.75,5528.75,5528.5,5528.75
1711512000,5528.5,5529,5528.25,5529
1711512300,5529,5530.5,5528.75,5529.75
1711512600,5529.75,5530.75,5529.5,5530
1711512900,5530,5531,5530,5530.75
1711513200,5530.75,5530.75,5530.25,5530.75
1711513500,5530.75,5531.25,5530.5,5531
1711513800,5531,5531.75,5530.75,5531.5
1711514100,5531.5,5532.75,5531.5,5532
1711514400,5532,5532.5,5531.75,5532.25
1711514700,5532.25,5532.25,5531.5,5531.75
1711515000,5531.75,5532.75,5531.5,5532.75
1711515300,5532.75,5533,5532.25,5533
1711515600,5533,5534.75,5532.75,5532.75
1711515900,5533,5533.75,5532.5,5533.25
1711516200,5533.5,5533.5,5532.75,5532.75
1711516500,5533,5533.25,5532.25,5533.25
1711516800,5533.25,5533.5,5532.75,5533
1711517100,5532.75,5533,5532,5532.5
1711517400,5532.75,5533,5532,5532
1711517700,5532,5532.75,5532,5532.75
1711518000,5532.75,5535,5532.75,5534.75
1711518300,5534.75,5536,5534.75,5535.5
1711518600,5535.5,5535.75,5533.75,5534.25
1711518900,5534.25,5534.25,5532.75,5532.75
1711519200,5532.75,5533.5,5532,5533
1711519500,5533.25,5533.5,5532,5532.25
1711519800,5532.25,5533.5,5532.25,5532.5
1711520100,5532.5,5532.75,5531.5,5531.75
1711520400,5531.5,5532.25,5531.5,5531.75
1711520700,5531.75,5532.75,5531.75,5532.25
1711521000,5532.5,5532.5,5531,5531.5
1711521300,5531.75,5532.5,5531.75,5532.25
1711521600,5532.5,5532.5,5531.25,5531.75
1711521900,5531.75,5533.25,5531.75,5533
1711522200,5533.25,5533.25,5532.25,5532.5
1711522500,5532.5,5532.75,5530.5,5530.75
1711522800,5530.5,5531.5,5529,5529.25
1711523100,5529,5529.75,5528.5,5529.5
1711523400,5529.5,5529.75,5528.25,5528.25
1711523700,5528.25,5529,5527.5,5528
1711524000,5527.75,5528.5,5527.25,5528.25
1711524300,5528.5,5529,5528,5528.5
1711524600,5528.25,5528.75,5526.75,5527
1711524900,5526.75,5528,5526.75,5527.75
1711525200,5527.75,5528.25,5527.25,5527.5
1711525500,5527.75,5528.25,5526.75,5526.75
1711525800,5526.75,5527.25,5526.25,5527.25
1711526100,5527.5,5527.75,5527,5527.25
1711526400,5527.5,5529.75,5527.25,5529
1711526700,5529,5530.75,5528.5,5530.5
1711527000,5530.5,5530.75,5528.25,5529
1711527300,5529,5531.75,5529,5531.25
1711527600,5531.25,5532.25,5530.5,5532.25
1711527900,5532.25,5533.25,5531.5,5531.75
1711528200,5532,5533,5531.75,5532
1711528500,5531.75,5532.25,5530.75,5531.5
1711528800,5531.25,5532.5,5530.75,5532.25
1711529100,5532,5533.5,5531.75,5533.25
1711529400,5533,5533.5,5532.25,5532.5
1711529700,5532.75,5534,5531.5,5531.5
1711530000,5531.75,5534,5531.5,5533.75
1711530300,5533.75,5534.25,5532.5,5534
1711530600,5534.25,5535,5533,5533
1711530900,5533,5534,5533,5533
1711531200,5533,5533.25,5532,5532.25
1711531500,5532.25,5532.5,5531.5,5531.75
1711531800,5531.75,5532.5,5531.25,5531.5
1711532100,5531.5,5532.25,5530.25,5530.75
1711532400,5530.5,5534,5530.5,5533.5
1711532700,5533.5,5534.25,5533.25,5533.5
1711533000,5533.5,5534.75,5533.5,5534
1711533300,5534,5534.25,5533.25,5533.75
1711533600,5533.75,5535,5533.5,5534.75
1711533900,5534.75,5534.75,5532.25,5532.25
1711534200,5532.5,5533.25,5532.25,5533
1711534500,5533,5535.5,5533,5535
1711534800,5535,5537.25,5535,5536.5
1711535100,5536.25,5537.25,5536,5537.25
1711535400,5537.25,5537.75,5536.75,5537.25
1711535700,5537.25,5537.75,5537,5537
1711536000,5536.75,5537.25,5536.25,5537
1711536300,5537,5538.5,5537,5538.25
1711536600,5538.5,5539,5537.25,5537.5
1711536900,5537.5,5538.25,5537.5,5538
1711537200,5538,5538,5536.25,5536.5
1711537500,5536.5,5537,5536,5536.5
1711537800,5536.5,5537.5,5536.25,5536.75
1711538100,5537,5538,5536,5537
1711538400,5537.25,5537.75,5537,5537.5
1711538700,5537.5,5538,5537.25,5537.75
1711539000,5537.75,5538.5,5537.75,5538
1711539300,5538.25,5538.5,5537,5537
1711539600,5537.25,5537.5,5536.25,5536.5
1711539900,5536.5,5537,5536,5537
1711540200,5536.75,5537.25,5535,5535
1711540500,5535,5535.75,5534.5,5535
1711540800,5535.25,5535.5,5533,5533.5
1711541100,5533.5,5535.5,5533.5,5534.75
1711541400,5535,5536.25,5534.25,5534.75
1711541700,5534.75,5535.25,5533.5,5533.75
1711542000,5533.75,5534.25,5533,5534
1711542300,5533.75,5534,5531.75,5532.75
1711542600,5532.75,5535.25,5532.5,5535
1711542900,5535.25,5537.75,5535,5537.5
1711543200,5537.5,5538.5,5536.75,5537.25
1711543500,5537.25,5538,5536.75,5537.25
1711543800,5537.5,5538.5,5537.5,5538
1711544100,5538,5539.75,5537.75,5539.5
1711544400,5539.5,5541.5,5539.5,5541
1711544700,5540.75,5541.25,5539.5,5540.25
1711545000,5540.5,5540.75,5539.25,5540
1711545300,5540,5541.25,5539.5,5541
1711545600,5540.75,5542.75,5540.75,5542.25
1711545900,5542,5544.75,5541.5,5543.25
1711546200,5543.25,5544.25,5539.75,5540.75
1711546500,5541,5542.75,5537.5,5541
1711546800,5541.25,5541.5,5539.25,5540.5
1711547100,5540.5,5543.5,5540,5543
1711547400,5543.25,5543.5,5534.75,5536.25
1711547700,5536.25,5537.75,5533.25,5535
1711548000,5534.75,5535.5,5524.25,5526.5
1711548300,5526.75,5529,5525.75,5527.5
1711548600,5527.75,5529,5523,5527.25
1711548900,5527.25,5530.75,5526.25,5529.75
1711549200,5529.75,5530,5524,5524.25
1711549500,5524.5,5526,5523.5,5525.25
1711549800,5525.25,5528.75,5524.5,5528
1711550100,5527.75,5529.5,5526.75,5528.5
1711550400,5528.25,5530,5524.25,5525
1711550700,5525,5526.75,5522,5522.5
1711551000,5522.5,5525,5522.25,5524.75
1711551300,5524.75,5526,5523.25,5524.25
1711551600,5524.25,5525.5,5522.75,5524.5
1711551900,5524.25,5527,5523.75,5526.25
1711552200,5526,5526.5,5523.75,5526
1711552500,5525.75,5527.5,5524.5,5526.25
1711552800,5526.25,5526.75,5524.5,5524.75
1711553100,5524.75,5526.5,5522.75,5523
1711553400,5523,5523.75,5521,5522.75
1711553700,5523,5525.75,5522.5,5524.75
1711554000,5524.75,5527,5523.5,5526
1711554300,5526,5526.5,5524,5524.75
1711554600,5524.75,5526,5523.75,5524
1711554900,5523.75,5525.5,5521.25,5521.5
1711555200,5521.5,5523.25,5521,5522.5
1711555500,5522.5,5524,5522,5523.25
1711555800,5523.25,5523.5,5522.25,5522.75
1711556100,5522.75,5524.5,5521.75,5524
1711556400,5524,5526.5,5523.75,5526.5
1711556700,5526.5,5527.5,5525.5,5527.25
1711557000,5527.25,5530.25,5527.25,5529.5
1711557300,5529.5,5529.75,5527.75,5528.5
1711557600,5528.5,5530.25,5528.25,5528.5
1711557900,5528.75,5531.25,5528.75,5530.75
1711558200,5530.75,5531,5529.25,5530.75
1711558500,5530.75,5530.75,5529.25,5529.5
1711558800,5529.75,5531.75,5528,5529.25
1711559100,5529.25,5529.25,5525.75,5526
1711559400,5526.25,5527.5,5523.75,5527.25
1711559700,5527.25,5530,5526.5,5530
1711560000,5530,5531.25,5529,5530
1711560300,5530,5531,5528.5,5530
1711560600,5530,5531.25,5529.5,5530
1711560900,5530.25,5530.75,5528.75,5529.25
1711561200,5529.25,5530.5,5528,5529.5
1711561500,5529.5,5530.75,5529,5529.75
1711561800,5529.75,5529.75,5527.5,5528
1711562100,5528.25,5529.75,5527.75,5528.5
1711562400,5528.75,5529.5,5527.5,5527.75
1711562700,5527.5,5529,5527,5528.25
1711563000,5528.25,5530.5,5527.25,5530.5
1711563300,5530.5,5534.25,5529.75,5533
1711563600,5533.25,5535.5,5533,5534
1711563900,5534.25,5536.5,5534,5535.75
1711564200,5535.75,5537.25,5533,5533.25
1711564500,5533.25,5533.25,5531.75,5531.75
1711564800,5532,5533.5,5531.5,5533
1711565100,5532.75,5533.75,5530.25,5531
1711565400,5531.25,5531.75,5529.25,5530
1711565700,5530.25,5530.75,5528.75,5530.25
1711566000,5530.25,5533,5530,5532
1711566300,5532,5534,5530.75,5531.25
1711566600,5531.25,5531.25,5527,5529
1711566900,5529,5529.25,5526,5527.5
1711567200,5527.5,5532.75,5526.75,5532.75
1711567500,5532.75,5538.25,5530.75,5536.5
1711567800,5536.75,5539.75,5535,5537.75
1711568100,5538,5548.25,5537.75,5547.5
1711568400,5547.25,5552.5,5546.75,5551.75
1711568700,5551.5,5553,5547.25,5549.25
1711569000,5549,5556.75,5548.25,5555.75
1711569300,5555.75,5560.75,5552.25,5560.5
1711569600,5560.5,5564,5558,5562.25
1711569900,5562.5,5563,5561,5562
1711570200,5561.75,5563.75,5561,5561.5
1711570500,5561.5,5563.5,5561.5,5562
1711570800,5562.25,5562.25,5561.5,5561.75
1711571100,5561.75,5562.25,5561.25,5561.5
1711571400,5561.75,5562.75,5561.5,5562.25
1711571700,5562.25,5562.5,5561.5,5561.5
1711572000,5561.5,5562.5,5561.5,5562
1711572300,5561.75,5562.25,5561.25,5562
1711572600,5562,5562.25,5559.75,5559.75
1711572900,5559.75,5560.5,5558.25,5558.5
1711576800,5558.25,5558.75,5551.75,5556
1711577100,5556.25,5556.5,5553.25,5556
1711577400,5555.75,5555.75,5553.75,5554
1711577700,5554.25,5556,5554.25,5554.5
1711578000,5554.5,5554.75,5553.5,5554.5
1711578300,5554.5,5555.5,5554.25,5555.25
1711578600,5555,5556.25,5555,5555.75
1711578900,5555.5,5555.75,5554.5,5554.5
1711579200,5554.5,5555,5554,5554.25
1711579500,5554,5554.25,5552.75,5553.25
1711579800,5553.25,5554.25,5553,5554
1711580100,5554,5554.25,5553.25,5553.75
1711580400,5554,5555,5553.5,5554.5
1711580700,5554.5,5554.75,5553.75,5554
1711581000,5554.25,5555,5553.75,5554.75
1711581300,5554.75,5555.25,5554.5,5554.75
1711581600,5554.75,5555.5,5554.5,5555.5
1711581900,5555.5,5556,5555.25,5555.75
1711582200,5555.75,5555.75,5554.25,5554.5
1711582500,5554.5,5554.5,5554,5554.25
1711582800,5554.25,5554.75,5554.25,5554.25
1711583100,5554.25,5554.5,5553.5,5554.25
1711583400,5554,5554,5552.75,5553.25
1711583700,5553.25,5553.75,5553,5553.75
1711584000,5553.5,5554.75,5553.25,5554.25
1711584300,5554.5,5555.5,5554.25,5554.75
1711584600,5555,5555.75,5554.5,5555.25
1711584900,5555.5,5556.25,5555.25,5555.75
1711585200,5555.5,5557,5555.25,5556.5
1711585500,5556.5,5557.75,5556.5,5557.5
1711585800,5557.5,5558,5557,5557.25
1711586100,5557.25,5557.5,5556.25,5557
1711586400,5557,5557.5,5556.5,5557
1711586700,5557,5557.25,5556.75,5557
1711587000,5557,5557.5,5556.75,5557.5
1711587300,5557.25,5558,5557.25,5558
1711587600,5557.75,5558.25,5557.5,5557.5
1711587900,5557.5,5557.5,5555.75,5555.75
1711588200,5556,5556.75,5555.75,5556.75
1711588500,5556.5,5557,5556.5,5556.75
1711588800,5556.75,5557.75,5556.5,5557
1711589100,5557,5557.25,5555.75,5556.75
1711589400,5556.75,5557,5555.5,5556.25
1711589700,5556.25,5556.25,5555.5,5555.5
1711590000,5555.5,5555.75,5555,5555.25
1711590300,5555.25,5555.75,5554.75,5555.5
1711590600,5555.25,5555.5,5554.75,5555.25
1711590900,5555.25,5555.25,5554.5,5554.75
1711591200,5554.5,5555.25,5554.25,5554.75
1711591500,5555,5555.25,5554.5,5554.5
1711591800,5554.5,5555.25,5554.5,5555.25
1711592100,5555.25,5555.25,5554.75,5555.25
1711592400,5555.25,5555.25,5554.25,5555
1711592700,5554.75,5555.25,5554.75,5554.75
1711593000,5555,5555.25,5554.25,5554.5
1711593300,5554.5,5554.75,5554,5554
1711593600,5554,5555,5554,5554.75
1711593900,5554.75,5554.75,5554.5,5554.5
1711594200,5554.75,5554.75,5554.25,5554.25
1711594500,5554.25,5554.75,5554,5554.25
1711594800,5554.25,5555.25,5554,5555
1711595100,5555,5555.25,5554.5,5554.75
1711595400,5554.75,5555,5554.5,5554.75
1711595700,5554.75,5555.25,5554.75,5555
1711596000,5555,5555.25,5555,5555.25
1711596300,5555.25,5555.5,5555,5555.5
1711596600,5555.75,5556,5555.5,5555.5
1711596900,5555.25,5555.75,5555.25,5555.5
1711597200,5555.5,5555.75,5555.25,5555.25
1711597500,5555.25,5555.25,5554.5,5554.5
1711597800,5554.5,5555,5554.25,5554.75
1711598100,5554.75,5555.25,5554.5,5555.25
1711598400,5555,5555.25,5554.75,5554.75
1711598700,5554.75,5555.5,5554.5,5555.25
1711599000,5555.25,5555.5,5555,5555.25
1711599300,5555.25,5556.25,5555.25,5556
1711599600,5556,5556.75,5556,5556.25
1711599900,5556.5,5556.5,5556.25,5556.25
1711600200,5556.25,5556.5,5556.25,5556.25
1711600500,5556.5,5556.75,5556.5,5556.75
1711600800,5556.75,5557,5556.5,5557
1711601100,5557,5557.5,5556.75,5556.75
1711601400,5556.75,5556.75,5556.25,5556.75
1711601700,5556.5,5557,5556.5,5556.5
1711602000,5556.75,5557.75,5556.5,5557.25
1711602300,5557.5,5557.75,5557,5557
1711602600,5557.25,5557.25,5556.25,5556.75
1711602900,5556.5,5556.75,5555.75,5556
1711603200,5556.25,5556.25,5555.5,5555.75
1711603500,5555.75,5556.5,5555.5,5556.25
1711603800,5556.25,5556.75,5556,5556.25
1711604100,5556.25,5557.75,5556.25,5557
1711604400,5557,5558,5556.5,5557.75
1711604700,5558,5558,5557.5,5557.75
1711605000,5557.75,5558.5,5557.25,5557.5
1711605300,5557.75,5558.25,5557.5,5557.75
1711605600,5557.75,5557.75,5557,5557.25
1711605900,5557.25,5557.75,5557,5557
1711606200,5557,5557.5,5556.75,5556.75
1711606500,5557,5557,5556.25,5557
1711606800,5556.75,5557.25,5556.25,5556.25
1711607100,5556.5,5556.5,5555.25,5555.5
1711607400,5555.5,5555.75,5554.25,5554.5
1711607700,5554.5,5555,5554.25,5554.75
1711608000,5554.5,5554.75,5554.25,5554.5
1711608300,5554.5,5554.75,5554.25,5554.75
1711608600,5554.75,5555.25,5554.5,5555.25
1711608900,5555.25,5555.75,5555,5555.25
1711609200,5555.25,5555.75,5554,5554
1711609500,5554,5554.5,5553,5553.5
1711609800,5553.5,5554.25,5553,5553.75
1711610100,5553.75,5554.25,5553.25,5554
1711610400,5554,5554,5553,5553.25
1711610700,5553.25,5554,5553.25,5553.5
1711611000,5553.75,5553.75,5553.25,5553.5
1711611300,5553.25,5555,5553.25,5554.75
1711611600,5554.75,5556,5554.75,5556
1711611900,5556,5556,5554.5,5555
1711612200,5555,5555.5,5554.75,5554.75
1711612500,5554.75,5556,5554.5,5555.5
1711612800,5555.5,5556.5,5554.75,5555
1711613100,5555,5555.25,5553.5,5554
1711613400,5554.25,5554.5,5553,5554.25
1711613700,5554.25,5554.5,5553.25,5554
1711614000,5554,5554.5,5553.5,5554
1711614300,5554.25,5556.5,5554.25,5556
1711614600,5556,5556.75,5554.75,5555.25
1711614900,5555.25,5557,5555,5556.75
1711615200,5557,5557,5556.25,5556.5
1711615500,5556.5,5557,5555.75,5556.25
1711615800,5556.25,5556.75,5555.75,5556
1711616100,5556,5556,5554,5554.5
1711616400,5554.5,5555.5,5554.25,5555
1711616700,5555.25,5557.25,5555,5556.25
1711617000,5556.5,5556.75,5554.75,5555
1711617300,5555,5555,5552.75,5553.25
1711617600,5553.25,5553.5,5552,5552.25
1711617900,5552.25,5552.75,5551.25,5551.75
1711618200,5551.5,5552.25,5551.25,5551.75
1711618500,5552,5553,5551.75,5553
1711618800,5553,5553,5551.5,5552.5
1711619100,5552.5,5552.75,5551.75,5552.5
1711619400,5552.5,5553.5,5552.25,5553.25
1711619700,5553.25,5554.5,5552.75,5553.75
1711620000,5553.75,5555.25,5553.5,5554.5
1711620300,5554.5,5555,5554.25,5554.75
1711620600,5554.75,5556,5554.5,5555.75
1711620900,5555.5,5556.25,5555.25,5555.25
1711621200,5555.25,5556,5554.25,5556
1711621500,5555.75,5557.5,5555.75,5557.25
1711621800,5557.25,5558.5,5557,5557.75
1711622100,5557.5,5557.75,5555.75,5555.75
1711622400,5555.75,5556.75,5555.75,5556.25
1711622700,5556,5556.5,5555.5,5556.25
1711623000,5556.25,5557.5,5556.25,5557
1711623300,5557,5557,5555,5555.25
1711623600,5555.25,5557,5555.25,5557
1711623900,5557,5558,5557,5557.25
1711624200,5557.5,5557.75,5556,5556.5
1711624500,5556.5,5557,5555.5,5555.75
1711624800,5555.75,5557.25,5555.75,5557.25
1711625100,5557.25,5557.5,5556.5,5556.5
1711625400,5556.5,5556.5,5552.75,5553
1711625700,5552.75,5554.25,5552.25,5553.5
1711626000,5553.5,5554,5552.75,5553.25
1711626300,5553.25,5554.25,5552.75,5554.25
1711626600,5554,5555.5,5553.75,5555.25
1711626900,5555.5,5556.25,5555,5556
1711627200,5556,5558.75,5555.5,5558.5
1711627500,5558.5,5559,5557,5557.25
1711627800,5557.25,5557.75,5556,5557.25
1711628100,5557,5557.5,5556,5557
1711628400,5557,5558,5556.5,5557.25
1711628700,5557.25,5557.75,5556.25,5557.75
1711629000,5558,5562.75,5555.25,5556.25
1711629300,5556.25,5558,5554,5556.25
1711629600,5556,5556.25,5553.75,5554.5
1711629900,5554.75,5556.75,5553.5,5556.25
1711630200,5556,5558.25,5555.5,5556.75
1711630500,5557,5559.5,5555.75,5558.75
1711630800,5559,5560.25,5557.75,5559.5
1711631100,5559.5,5560,5558,5558.5
1711631400,5558.5,5560.75,5558.25,5560.75
1711631700,5560.75,5561.5,5559.5,5559.75
1711632000,5559.75,5561,5559.25,5561
1711632300,5560.75,5561.75,5558.5,5559.75
1711632600,5559.75,5560.5,5555.75,5557.75
1711632900,5557.5,5558.75,5555.25,5556.75
1711633200,5556.75,5561,5556.25,5560.25
1711633500,5560.25,5564.75,5560,5561.75
1711633800,5561.75,5562.75,5561,5561.5
1711634100,5561.75,5562.5,5559,5560.25
1711634400,5560.25,5565.25,5560.25,5564.5
1711634700,5564.5,5564.75,5559.75,5560.5
1711635000,5560.75,5561,5557.5,5559.75
1711635300,5559.75,5561.25,5558.25,5559.5
1711635600,5559.25,5560,5557.5,5558.75
1711635900,5559,5561.5,5558.75,5560
1711636200,5560,5561.25,5558.5,5560.75
1711636500,5560.75,5562.75,5560.75,5562
1711636800,5562,5563.25,5560,5562.75
1711637100,5562.75,5563.25,5561,5561.75
1711637400,5562,5564,5561.75,5562.75
1711637700,5563,5563.5,5562.25,5562.75
1711638000,5562.75,5564,5561.25,5562.75
1711638300,5563,5564.75,5560.25,5561.5
1711638600,5561.25,5563.25,5560.25,5563
1711638900,5563,5565.25,5562.75,5564.5
1711639200,5564.75,5565,5563.25,5564.75
1711639500,5564.75,5565.25,5563.75,5564.75
1711639800,5564.75,5566.5,5563.5,5564.25
1711640100,5564.25,5564.25,5562,5562.5
1711640400,5562.75,5563.75,5562,5562
1711640700,5562,5565,5561.5,5564.5
1711641000,5564.75,5565.5,5563.75,5564.75
1711641300,5565,5565.25,5563.75,5565
1711641600,5565,5565,5563.5,5564
1711641900,5564,5564,5560.75,5562
1711642200,5562,5563,5561.5,5562
1711642500,5562.25,5562.5,5560.75,5560.75
1711642800,5561,5562,5559.75,5560.5
1711643100,5560.5,5563,5559.75,5563
1711643400,5563,5563,5559.25,5560
1711643700,5560,5561,5558.75,5559.5
1711644000,5559.5,5561,5558.75,5559.25
1711644300,5559.5,5560.5,5558,5559
1711644600,5559,5560.25,5558.25,5560
1711644900,5560,5560.5,5558,5560.25
1711645200,5560.25,5560.25,5557,5559
1711645500,5559,5561.25,5559,5560.25
1711645800,5560,5560.5,5557,5558
1711646100,5558,5558.75,5555.75,5558
1711646400,5558,5558.75,5556.5,5557.5
1711646700,5557.5,5558.25,5556.25,5557.25
1711647000,5557.25,5557.5,5556,5556.75
1711647300,5556.75,5559.5,5555.25,5559.25
1711647600,5559,5559.75,5557.75,5559
1711647900,5559.25,5560.5,5558.25,5560.25
1711648200,5560.25,5561,5557.75,5558
1711648500,5558,5560.25,5558,5559.5
1711648800,5559.5,5560,5556.75,5558
1711649100,5558,5561.5,5557.5,5560.75
1711649400,5561,5562,5560.5,5561.25
1711649700,5561.25,5561.75,5559.25,5559.25
1711650000,5559.25,5561,5559.25,5559.5
1711650300,5559.75,5561.25,5559,5560.75
1711650600,5560.75,5561.25,5559,5559.5
1711650900,5559.5,5560.75,5559,5559.5
1711651200,5559.5,5559.5,5555.5,5556.5
1711651500,5556.5,5559.75,5556.25,5559.25
1711651800,5559.25,5561,5558.5,5561
1711652100,5561,5568.25,5560.5,5566.75
1711652400,5566.75,5569,5562.75,5563.25
1711652700,5563.5,5566,5561.25,5565.75
1711653000,5565.75,5567.5,5564.25,5566
1711653300,5566,5568.25,5565.75,5567.75
1711653600,5567.75,5568.25,5565.75,5567.75
1711653900,5567.75,5571,5567,5569.5
1711654200,5569.5,5571.25,5565.75,5567.25
1711654500,5567.25,5567.75,5563.5,5564.75
1711654800,5565,5566.75,5562.75,5565.5
1711655100,5565.5,5566.25,5562.25,5563.5
1711655400,5563.5,5566,5560.5,5564
1711655700,5564,5567.5,5553.5,5555.5
1711656000,5555.75,5558.5,5552.25,5555.75
1711656300,5555.75,5557.75,5554.75,5557.25
1711656600,5557.5,5558.25,5556.5,5556.75
1711656900,5556.75,5558.25,5556.5,5557.25
1711657200,5557,5557.75,5556.5,5557
1711657500,5556.75,5557.25,5556.25,5556.5
1711657800,5556.5,5556.75,5555.25,5556
1711658100,5556,5556.25,5553.75,5554
1711658400,5554.25,5554.75,5553.75,5554.75
1711658700,5554.75,5555,5553.75,5554.5
1711659000,5554.25,5554.75,5554.25,5554.5
1711659300,5554.25,5554.75,5553.75,5554.5