time,open,high,low,close
1656558000,4358.75,4359.5,4357.5,4359.25
1656558300,4359,4360.25,4357.25,4358.75
1656558600,4359,4359.5,4357.75,4358.5
1656558900,4358.25,4359.75,4357,4358.25
1656559200,4358.25,4359,4357.75,4358.75
1656559500,4359,4359,4358,4358.75
1656559800,4358.5,4358.75,4356.25,4357
1656560100,4356.75,4357.25,4355.25,4355.75
1656560400,4355.75,4356.75,4355,4355.75
1656560700,4355.5,4356,4352.25,4353.25
1656561000,4353,4354.25,4353,4353.75
1656561300,4353.75,4354.75,4353.25,4354
1656561600,4354.25,4355.25,4352.5,4353.5
1656561900,4354,4354.75,4353,4353.5
1656562200,4353.25,4355.25,4352.75,4354.5
1656562500,4354.75,4356,4354.25,4356
1656562800,4356,4356,4354,4355.25
1656563100,4355.25,4355.75,4354.5,4354.5
1656563400,4354.75,4356,4353.25,4354.25
1656563700,4354.25,4354.5,4352,4352.75
1656564000,4353.25,4354.75,4352.75,4353.75
1656564300,4354,4354.25,4353,4353.25
1656564600,4353.25,4353.75,4352.25,4352.25
1656564900,4352.75,4353.25,4351.25,4352.75
1656565200,4352.5,4354,4350.5,4352.5
1656565500,4352.75,4352.75,4350.75,4351.75
1656565800,4351.75,4352,4350.25,4351.75
1656566100,4351.75,4353.25,4350.25,4350.25
1656566400,4350,4350.5,4346.5,4346.5
1656566700,4346.5,4346.5,4335.25,4340.75
1656567000,4341,4341,4338.75,4339.5
1656567300,4339.25,4339.5,4336.25,4337.75
1656567600,4338,4338.25,4333.25,4334.5
1656567900,4334.25,4338.5,4334,4337
1656568200,4337,4338.25,4335.25,4335.5
1656568500,4335.75,4340.25,4335.5,4338.5
1656568800,4338.75,4341.25,4335,4335.25
1656569100,4335.5,4336,4330.25,4330.75
1656569400,4330.75,4334,4327.5,4333.25
1656569700,4333.25,4335,4332,4333
1656570000,4333,4333.5,4330,4331.75
1656570300,4332,4332.25,4325,4326.25
1656570600,4326,4326.75,4319,4319.75
1656570900,4319.75,4320.25,4312.75,4318.25
1656571200,4318.25,4320,4311.5,4314.5
1656571500,4314.5,4318,4313.5,4317.25
1656571800,4317.5,4320,4315.25,4317.5
1656572100,4317.5,4320.25,4316.75,4318.5
1656572400,4318.5,4321.75,4316,4316.5
1656572700,4316.5,4319.5,4313,4317.5
1656573000,4317.5,4322,4313.75,4316.75
1656573300,4316.25,4316.25,4309.25,4312.25
1656573600,4312.25,4314.5,4309,4312.5
1656573900,4312.5,4318,4311.25,4313
1656574200,4313.25,4316.75,4309.5,4316.5
1656574500,4316.75,4319,4314,4316
1656574800,4316.25,4322,4316.25,4321.25
1656575100,4321,4325.75,4317,4325.5
1656575400,4325.75,4326.75,4324.5,4325
1656575700,4325,4326.5,4321.75,4324
1656576000,4324,4329,4323.25,4328.5
1656576300,4328.5,4330.5,4324.25,4326
1656576600,4325.75,4327.25,4324,4327
1656576900,4326.75,4327.75,4322,4322
1656577200,4322,4325,4321,4321.5
1656577500,4321.5,4323,4319.25,4320.5
1656577800,4320.25,4323,4318.5,4319.25
1656578100,4319.25,4328.5,4317.75,4326.25
1656578400,4326.25,4330.75,4322.25,4329
1656578700,4329,4329.5,4321,4322.5
1656579000,4322.5,4324.25,4321.25,4323.25
1656579300,4323.25,4324.5,4320.25,4321.75
1656579600,4321.75,4322.5,4318.25,4319.25
1656579900,4319,4322.25,4315.75,4317.25
1656580200,4317.25,4317.25,4309,4309
1656580500,4309.25,4310,4307,4307.25
1656580800,4307.5,4309.25,4306.5,4308.25
1656581100,4308,4308.5,4307,4307.25
1656581400,4307.5,4311.25,4306,4308.25
1656581700,4308.5,4309.75,4306.25,4309.25
1656582000,4309.25,4309.5,4307,4308
1656582300,4308,4310.75,4307.5,4310
1656582600,4310,4312.5,4309,4312
1656582900,4312.25,4318.75,4311.5,4318
1656583200,4318.25,4320.25,4315.25,4315.75
1656583500,4315.75,4317,4313,4316.5
1656583800,4316.5,4317,4313.5,4314.5
1656584100,4314.5,4315.25,4313.5,4314.25
1656584400,4314.5,4316.75,4313.75,4316.5
1656584700,4316.5,4316.75,4309.75,4309.75
1656585000,4309.5,4311.25,4309.5,4310.75
1656585300,4310.75,4310.75,4308.25,4308.75
1656585600,4308.5,4310.25,4306.75,4310.25
1656585900,4310.25,4311.75,4308.25,4309.25
1656586200,4309.25,4313,4308.5,4313
1656586500,4312.5,4315.75,4312.5,4314.75
1656586800,4315,4315.75,4310.25,4311.25
1656587100,4311.25,4313.5,4310.75,4313.25
1656587400,4313.75,4315.25,4312.75,4315
1656587700,4315.25,4316.5,4311.5,4313.25
1656588000,4313.25,4314.5,4312.5,4313.5
1656588300,4313.5,4316.5,4312.5,4315.75
1656588600,4315.75,4316,4309.25,4309.75
1656588900,4309.5,4310.5,4306.25,4307.25
1656589200,4307,4309.25,4305.25,4307.75
1656589500,4308,4308,4304.75,4307.25
1656589800,4307,4309,4306.25,4308.5
1656590100,4308.5,4311,4308.5,4309.75
1656590400,4309.75,4312.5,4308.75,4312
1656590700,4312,4312.5,4309.25,4310
1656591000,4310,4312.25,4310,4311.5
1656591300,4311.5,4312.25,4309.5,4309.75
1656591600,4309.75,4317.5,4309.25,4315.25
1656591900,4315.25,4317,4313.25,4313.75
1656592200,4313.5,4328.25,4313.5,4324.25
1656592500,4324.5,4328,4321.25,4322.25
1656592800,4322.25,4324.75,4318.25,4323.25
1656593100,4323.25,4327.5,4323.25,4324.75
1656593400,4324.75,4325.5,4316.25,4319.25
1656593700,4319.25,4319.75,4312.5,4312.75
1656594000,4312.75,4316.75,4310.5,4316
1656594300,4316.25,4320.5,4314.25,4319.5
1656594600,4319.5,4319.5,4316.75,4318.25
1656594900,4318.25,4325.25,4317.25,4323.75
1656595200,4323.75,4324.25,4321.25,4321.75
1656595500,4321.75,4324,4319.25,4322
1656595800,4322,4330.25,4310.75,4316.5
1656596100,4316.75,4318.5,4301.5,4302.25
1656596400,4302.5,4308.75,4297.5,4303.75
1656596700,4304,4308,4298.25,4304.5
1656597000,4304.5,4306,4295.5,4295.75
1656597300,4295.75,4298.75,4290.25,4293.25
1656597600,4293.25,4293.5,4285.25,4287.75
1656597900,4287.5,4292.5,4286,4289.5
1656598200,4289.5,4299,4288,4298.75
1656598500,4298.75,4300.5,4292.25,4295
1656598800,4295.25,4296.25,4289.5,4293.75
1656599100,4293.75,4297.75,4292,4294.75
1656599400,4295,4310.25,4292.25,4309.5
1656599700,4309.25,4309.75,4300.75,4300.75
1656600000,4301,4302.5,4297,4297.25
1656600300,4297.25,4302.75,4297,4301.75
1656600600,4301.75,4313.75,4301,4312
1656600900,4312,4319,4310.25,4317.75
1656601200,4317.5,4318,4308.25,4310.5
1656601500,4310.5,4323.5,4310.5,4322.25
1656601800,4322.25,4323.5,4316.5,4318.75
1656602100,4318.5,4324,4317.75,4319.5
1656602400,4319.25,4329,4319,4327.5
1656602700,4327.5,4338.5,4326.75,4332.5
1656603000,4332.75,4335,4326.75,4328.25
1656603300,4328,4331.5,4324,4331.5
1656603600,4331.5,4335.5,4328.75,4333.75
1656603900,4333.5,4341.5,4332,4338.25
1656604200,4338,4340.25,4334.75,4340
1656604500,4340,4344,4335.5,4343.5
1656604800,4343.5,4344,4337.5,4339.5
1656605100,4339.5,4340,4330.25,4330.75
1656605400,4330.75,4336.5,4329.25,4336
1656605700,4336,4340.25,4332.5,4339.25
1656606000,4339.5,4352,4337.5,4351.25
1656606300,4351.25,4359,4350.75,4358.5
1656606600,4358.75,4366.75,4358,4359.25
1656606900,4359.25,4359.5,4352,4354.5
1656607200,4354.5,4358.75,4352.75,4357
1656607500,4357.25,4361.25,4353,4353.75
1656607800,4353.75,4356.5,4350.75,4356
1656608100,4356,4358.5,4353,4355.75
1656608400,4356,4361.5,4355.5,4359.25
1656608700,4359.25,4359.75,4349.5,4350.25
1656609000,4350.5,4351.25,4337.5,4338.75
1656609300,4338.75,4342,4337,4340.75
1656609600,4340.75,4348.5,4339.25,4348.5
1656609900,4348.25,4351,4347.25,4350
1656610200,4350.25,4354.5,4349.25,4352.25
1656610500,4352,4355.75,4351.5,4354.25
1656610800,4354.5,4359.5,4346,4346
1656611100,4346,4358,4346,4357.5
1656611400,4357.25,4365,4356,4361
1656611700,4361,4361.25,4355.5,4358.5
1656612000,4358.25,4360,4354.5,4358.75
1656612300,4358.75,4361.25,4351.25,4353
1656612600,4353,4357.5,4349.75,4350
1656612900,4349.75,4356,4347.25,4355.25
1656613200,4355,4356,4343,4343.25
1656613500,4343.25,4349.75,4338.5,4347.75
1656613800,4347.75,4350.25,4344,4346.75
1656614100,4346.75,4348.75,4343.5,4347.5
1656614400,4347.5,4347.5,4333,4333.75
1656614700,4333.5,4340.25,4331.5,4336
1656615000,4336,4337,4327.25,4330.25
1656615300,4330.25,4334,4328.25,4332.25
1656615600,4332.5,4335.75,4329,4331
1656615900,4330.75,4331.25,4316.5,4317
1656616200,4317,4321.25,4316.5,4319.75
1656616500,4319.5,4319.75,4310.75,4313.25
1656616800,4313.5,4322,4313.25,4321.75
1656617100,4321.5,4335.5,4321,4334.5
1656617400,4334.75,4342.75,4332.25,4341.25
1656617700,4341.25,4347,4337,4337.25
1656618000,4337.25,4340.25,4325.25,4328.5
1656618300,4328.25,4342.25,4326.25,4331.5
1656618600,4331.5,4338.5,4315.5,4318.75
1656618900,4318.5,4343,4314.5,4333.5
1656619200,4333.5,4338.5,4323.5,4328.25
1656619500,4328.25,4328.75,4321.75,4325.5
1656619800,4325.5,4329.25,4323,4323.5
1656620100,4323.25,4327.75,4322,4327.75
1656620400,4327.5,4329.75,4327,4328.5
1656620700,4328.5,4332.75,4328,4330.25
1656621000,4330.25,4330.25,4327,4330.25
1656621300,4330,4330.25,4327.5,4328.5
1656621600,4328.25,4329.75,4327.75,4329.25
1656621900,4329.25,4330,4327.5,4329.25
1656622200,4329.5,4329.5,4325.5,4326.5
1656622500,4327,4329.75,4324.25,4325
1656626400,4326,4326.5,4322,4322.75
1656626700,4323,4323.25,4319,4319.25
1656627000,4319.25,4321.75,4317,4317.5
1656627300,4317.5,4322.75,4317.25,4322.25
1656627600,4322,4323.25,4322,4322.25
1656627900,4322.25,4322.5,4318.5,4318.5
1656628200,4318.75,4321.75,4318.75,4320
1656628500,4320,4320.75,4319,4319.5
1656628800,4319,4321.5,4319,4321.25
1656629100,4321.5,4323,4321.5,4322
1656629400,4322,4324.75,4321.5,4323.75
1656629700,4323.5,4323.5,4320,4321
1656630000,4321.25,4322.75,4320.5,4321.5
1656630300,4321.5,4323,4320.75,4322
1656630600,4322,4323,4321.75,4322.25
1656630900,4322,4322.75,4321,4321
1656631200,4321,4322.5,4319.5,4322.5
1656631500,4322.75,4328.75,4322.75,4328.25
1656631800,4328.5,4329,4326,4326.25
1656632100,4326,4327.5,4325.5,4326.5
1656632400,4326.75,4329,4326.5,4327.25
1656632700,4327.25,4329.5,4325.75,4329
1656633000,4329.25,4333.75,4329.25,4333
1656633300,4333.25,4335,4333.25,4334.25
1656633600,4334,4337,4332.75,4336.5
1656633900,4336.75,4337,4332.5,4333
1656634200,4333,4334.5,4333,4333.75
1656634500,4333.75,4336.75,4333,4336.75
1656634800,4337,4337.75,4333,4333.5
1656635100,4333.5,4333.5,4330,4333
1656635400,4332.75,4333.75,4330,4333
1656635700,4332.75,4333.75,4328.75,4329.25
1656636000,4329.25,4332.25,4329,4330.5
1656636300,4330.75,4336.25,4330.25,4335.5
1656636600,4335.25,4336.5,4332.75,4333.75
1656636900,4333.75,4334.25,4329.25,4329.5
1656637200,4329.5,4332,4328,4329
1656637500,4329,4331,4326.5,4328.25
1656637800,4328,4328.5,4324.25,4327.75
1656638100,4328,4328.5,4325.5,4327.25
1656638400,4327,4327.75,4325,4325.25
1656638700,4325.5,4328,4322.75,4323
1656639000,4322.75,4323,4318.5,4319.5
1656639300,4319.25,4320.75,4316.25,4320.25
1656639600,4320.5,4322.5,4319.5,4319.5
1656639900,4319.75,4322.25,4319.5,4320.5
1656640200,4320.25,4323.75,4320.25,4322.25
1656640500,4322.25,4322.25,4320.25,4321.5
1656640800,4321.5,4325.75,4319.5,4325
1656641100,4325.25,4326.5,4325,4325.25
1656641400,4325.5,4329,4325.5,4327.5
1656641700,4327.25,4327.75,4323.25,4324.25
1656642000,4324.25,4324.25,4319.5,4320
1656642300,4319.75,4320,4317.25,4319.25
1656642600,4319.25,4320.25,4310.75,4312.5
1656642900,4312.75,4314.25,4311,4311.5
1656643200,4311.5,4313.75,4308.75,4310.75
1656643500,4310.75,4313,4308.25,4309.5
1656643800,4309.5,4309.75,4305.75,4307.75
1656644100,4307.5,4308.75,4305.5,4308.75
1656644400,4308.75,4309.25,4306.75,4308.25
1656644700,4308.25,4308.25,4303,4303.5
1656645000,4303.5,4304.5,4298,4298
1656645300,4298.25,4300.25,4293.75,4294
1656645600,4294,4299.75,4294,4299.5
1656645900,4299.75,4301,4298.5,4300.5
1656646200,4300.75,4302.75,4298.75,4302
1656646500,4301.75,4303,4300.5,4300.5
1656646800,4300.5,4300.75,4292.75,4294.75
1656647100,4294.75,4298,4293,4297
1656647400,4296.75,4300.75,4296,4300.25
1656647700,4300.25,4300.5,4297.75,4299.25
1656648000,4299.25,4303.5,4298.75,4302.5
1656648300,4302.5,4303.25,4301.25,4301.25
1656648600,4301.5,4302.5,4293.75,4295.5
1656648900,4295.5,4296.75,4291.25,4292.25
1656649200,4292.25,4296.5,4290.5,4295
1656649500,4294.75,4296,4292,4293.25
1656649800,4293,4298.5,4292.75,4297.25
1656650100,4297.75,4298.75,4294.75,4296.5
1656650400,4296.75,4300.75,4296.5,4299.5
1656650700,4299.5,4300,4297,4299
1656651000,4299,4300.75,4298.25,4299
1656651300,4298.75,4300,4295.25,4295.25
1656651600,4295.5,4297.75,4293.75,4295.75
1656651900,4295.5,4298.75,4294.5,4298
1656652200,4297.75,4299.25,4296,4296
1656652500,4295.75,4296.25,4290.5,4292.5
1656652800,4292.5,4293.75,4291.25,4292.5
1656653100,4292.5,4298.5,4291.75,4297.25
1656653400,4297,4298,4292.25,4294.75
1656653700,4295,4296.5,4292.75,4294.25
1656654000,4294.5,4299.25,4294.5,4298.5
1656654300,4298.75,4303.5,4298.25,4298.5
1656654600,4298.5,4300.25,4297.5,4299
1656654900,4299.25,4302.5,4298.25,4298.25
1656655200,4298.25,4301.5,4294,4299.25
1656655500,4299.5,4300.5,4294,4295.75
1656655800,4295.5,4300.5,4294.25,4300
1656656100,4300,4300.25,4295.25,4295.5
1656656400,4295.75,4301.5,4295.5,4299.25
1656656700,4299.5,4307.5,4298.5,4306
1656657000,4306,4306.75,4302.5,4302.75
1656657300,4303,4304.5,4302,4302.25
1656657600,4302.25,4302.75,4299,4299.75
1656657900,4299.25,4300.5,4297.5,4298.75
1656658200,4299,4300.75,4298.5,4299.5
1656658500,4299.5,4303.75,4298.75,4300.5
1656658800,4300.75,4301,4288.5,4292
1656659100,4292.25,4301,4291.75,4300.25
1656659400,4300.25,4301.75,4295.75,4296.75
1656659700,4296.75,4299.25,4293,4299
1656660000,4298.75,4304.25,4296.5,4303.5
1656660300,4303.25,4306.25,4300.75,4303
1656660600,4303.25,4312.5,4303,4311.5
1656660900,4311.5,4311.75,4308.25,4309.25
1656661200,4309.25,4309.75,4305,4306
1656661500,4305.75,4307.75,4303.75,4305
1656661800,4305.25,4309.25,4305,4308
1656662100,4308.25,4308.75,4302,4303.25
1656662400,4303.5,4306.75,4299.75,4300.25
1656662700,4300.25,4302.75,4297,4302
1656663000,4302,4311.5,4301.25,4311.25
1656663300,4311.25,4312.5,4309.5,4311.25
1656663600,4311.25,4319,4310.25,4317.25
1656663900,4317.25,4319.25,4315.25,4318.75
1656664200,4318.5,4319.75,4316,4317
1656664500,4316.75,4322.5,4316.5,4321.75
1656664800,4322,4322.75,4319.25,4320.25
1656665100,4320.25,4322.5,4317.75,4322
1656665400,4322,4322.75,4319.75,4321.25
1656665700,4321,4323,4320.25,4320.75
1656666000,4320.75,4323.5,4317.75,4323.5
1656666300,4323.25,4329.5,4322.5,4328.25
1656666600,4328.25,4328.5,4324.5,4326
1656666900,4326.25,4328.25,4326,4326.75
1656667200,4327,4329,4325.5,4328
1656667500,4328,4328.75,4323.75,4324.25
1656667800,4324.25,4327.25,4324,4325
1656668100,4325.25,4327.75,4324.25,4324.25
1656668400,4324.5,4325,4322,4323.25
1656668700,4323.25,4330.5,4322.25,4330.25
1656669000,4330.25,4332,4328.75,4331.25
1656669300,4331.5,4332,4329.5,4331.25
1656669600,4331.25,4332.75,4327,4327
1656669900,4327,4327.75,4324,4324.75
1656670200,4324.75,4326.25,4323.5,4326
1656670500,4326.25,4330.75,4326.25,4330.25
1656670800,4330.5,4332.75,4329.5,4332
1656671100,4331.75,4332.25,4327,4327
1656671400,4327.25,4328.75,4325.25,4325.25
1656671700,4325.25,4326.5,4322.5,4322.75
1656672000,4323,4323.25,4320.25,4320.5
1656672300,4320.5,4322,4317.75,4319.5
1656672600,4319.75,4320.75,4317.5,4317.75
1656672900,4317.75,4320.25,4315.5,4318
1656673200,4318.25,4321.25,4316.5,4321
1656673500,4321.25,4321.5,4318.5,4320
1656673800,4320.25,4321,4317,4318.5
1656674100,4319,4321.5,4316,4319.75
1656674400,4319.5,4321,4318.25,4320.5
1656674700,4320.25,4324.5,4319,4321.75
1656675000,4321.75,4323.25,4319.5,4321.25
1656675300,4321.25,4322.5,4317.75,4318
1656675600,4318,4318.5,4314.25,4315.5
1656675900,4315.5,4316,4310.75,4310.75
1656676200,4311,4312.75,4310.25,4311.25
1656676500,4311.25,4313.25,4307.25,4312.5
1656676800,4312.75,4317.5,4309,4317
1656677100,4317,4318.5,4315.75,4317.75
1656677400,4317.75,4319,4316.5,4318.25
1656677700,4318.5,4319.5,4316.75,4318
1656678000,4317.75,4320.75,4316.5,4317
1656678300,4316.75,4320.5,4314.75,4316.25
1656678600,4316.25,4327.5,4315.25,4326.25
1656678900,4326.25,4326.75,4321.75,4323.25
1656679200,4323.25,4325.5,4322,4325
1656679500,4325,4327.75,4323,4324.75
1656679800,4324.5,4326.5,4322,4324.75
1656680100,4324.5,4325.25,4320,4325.25
1656680400,4325,4330,4322.25,4324.75
1656680700,4325,4326.25,4322.5,4325
1656681000,4325.25,4328.25,4325.25,4327
1656681300,4327,4328.75,4325,4328.5
1656681600,4328.5,4330.25,4326.75,4328.5
1656681900,4328.5,4328.5,4324.75,4325.25
1656682200,4325,4336.75,4322.25,4327.25
1656682500,4327.25,4329.25,4317.5,4324.5
1656682800,4324.75,4343.75,4324.25,4333.5
1656683100,4333.75,4355.5,4332,4349
1656683400,4349,4354.75,4344.5,4350.5
1656683700,4350.25,4357.25,4345.75,4346.75
1656684000,4347.5,4360.75,4335.5,4338.75
1656684300,4338.75,4343.25,4332.25,4338
1656684600,4338,4340.75,4315.5,4317
1656684900,4316.75,4323.75,4310.25,4318.75
1656685200,4318.75,4321,4312,4316
1656685500,4316.25,4316.5,4308,4309.75
1656685800,4310,4312,4300.75,4305.25
1656686100,4305.25,4307,4297.75,4300.25
1656686400,4300.25,4307.75,4297.5,4306
1656686700,4306.25,4316.25,4303.5,4313.25
1656687000,4313,4314,4302.25,4311.25
1656687300,4311,4321.25,4307.25,4313.5
1656687600,4313.5,4314.5,4305.75,4310
1656687900,4309.75,4327.5,4308.5,4324.25
1656688200,4324.25,4328,4319,4324.5
1656688500,4324.5,4335,4323.75,4328.75
1656688800,4328.75,4332,4321.75,4325.5
1656689100,4325.5,4326,4319.5,4322.5
1656689400,4322.5,4329,4322,4328.5
1656689700,4328.5,4332.75,4325.25,4327.25
1656690000,4327.25,4332,4325,4325.25
1656690300,4325,4331,4324.5,4326.75
1656690600,4327,4327.25,4312.25,4313
1656690900,4313,4316.75,4310,4313.75
1656691200,4313.75,4314.75,4308.5,4313.25
1656691500,4313.25,4318.5,4312.25,4316.25
1656691800,4316.5,4317.75,4312.5,4315.25
1656692100,4315.25,4328.25,4313.75,4326
1656692400,4326,4329.75,4323.75,4329.5
1656692700,4329.25,4330.25,4324.75,4328
1656693000,4328.25,4331.5,4323.5,4324.25
1656693300,4324.5,4326.75,4320,4320.5
1656693600,4320.5,4323,4319.25,4320.75
1656693900,4320.5,4322.75,4318,4322.75
1656694200,4322.5,4327.5,4322,4326.25
1656694500,4326.25,4327.75,4316.25,4316.5
1656694800,4316.25,4320.75,4315,4315.5
1656695100,4315.25,4319.25,4314.25,4318.75
1656695400,4318.5,4321.25,4316.5,4321
1656695700,4320.75,4324.25,4316.25,4322.5
1656696000,4322.25,4324.5,4319.5,4323
1656696300,4323,4328.25,4321.75,4327.5
1656696600,4327.75,4332.5,4327.25,4329.25
1656696900,4329.25,4339.75,4326.75,4334.75
1656697200,4334.75,4339.75,4333,4338
1656697500,4337.75,4342.75,4336.25,4342.75
1656697800,4342.75,4343.25,4338.75,4339
1656698100,4339.25,4342.5,4338.5,4342.25
1656698400,4342.5,4343.25,4338.25,4338.75
1656698700,4338.75,4341.25,4334.25,4336.75
1656699000,4336.75,4340.25,4333,4340.25
1656699300,4340.25,4346.25,4338.5,4346.25
1656699600,4346.25,4354.75,4343.75,4354.75
1656699900,4354.5,4355.25,4349,4350
1656700200,4350.25,4357.25,4350,4357
1656700500,4357,4357.75,4352.25,4357.5
1656700800,4357.75,4357.75,4354.75,4356.25
1656701100,4356.25,4361.5,4355.25,4360.5
1656701400,4360.75,4362.25,4352.75,4354.75
1656701700,4354.75,4359.75,4352.25,4359.25
1656702000,4359.25,4361.25,4349.25,4352.25
1656702300,4352.25,4361.5,4352,4361
1656702600,4361.25,4365.5,4359.25,4364
1656702900,4364.25,4367,4361.75,4362.75
1656703200,4363,4364.25,4357.25,4362.25
1656703500,4362.25,4364.25,4358.75,4362.25
1656703800,4362.25,4370.75,4362,4369
1656704100,4369,4373.5,4368.75,4373.25
1656704400,4373.5,4377,4371.5,4373.75
1656704700,4373.5,4377.5,4370.25,4375
1656705000,4375,4377.25,4362.25,4368.25
1656705300,4368,4373.5,4365.25,4372
1656705600,4372,4374.25,4369,4370.25
1656705900,4370,4370.5,4369.25,4370.25
1656706200,4370.25,4370.5,4369,4369.5
1656706500,4369.5,4370.75,4369.25,4370
1656706800,4370.25,4370.5,4369,4369.5
1656707100,4369.5,4370.75,4369.25,4370.5
1656707400,4370.5,4371.5,4369.75,4370
1656707700,4370.25,4370.25,4369,4369.75
1656708000,4369.5,4370.5,4369.25,4370
1656708300,4369.75,4370.75,4369.25,4370
1656708600,4370.25,4371.25,4370,4370.75
1656708900,4370.5,4371.75,4369.5,4369.5
1656885600,4372.5,4372.5,4366.5,4366.75
1656885900,4366.75,4368,4365.5,4367.75
1656886200,4368,4368.75,4366.5,4366.5
1656886500,4366.5,4367.25,4365,4365.5
1656886800,4365.25,4366.75,4365.25,4366.75
1656887100,4367,4367,4365.5,4366
1656887400,4365.75,4366.75,4365.5,4366
1656887700,4365.75,4366.25,4364.25,4364.75
1656888000,4364.5,4364.5,4363,4363.25
1656888300,4363.5,4365,4363.25,4364.25
1656888600,4364.25,4364.75,4363.75,4364.5
1656888900,4364.25,4366.75,4364.25,4366.25
1656889200,4366.25,4369.25,4366,4368.75
1656889500,4369,4369,4367.5,4368.5
1656889800,4368.25,4368.75,4367.25,4367.5
1656890100,4367.75,4368.5,4366.5,4367
1656890400,4367,4367,4366,4366.75
1656890700,4367,4367.75,4364.5,4365
1656891000,4365,4365,4357.5,4357.75
1656891300,4358,4361.25,4357.75,4361.25
1656891600,4361,4362,4358.25,4358.25
1656891900,4358,4358,4354,4356
1656892200,4356,4357.5,4354.5,4354.75
1656892500,4355,4357.5,4353.5,4355.75
1656892800,4355.5,4358.25,4352.5,4352.5
1656893100,4352.25,4355.75,4350.75,4355.25
1656893400,4355.5,4357.75,4354,4357.25
1656893700,4357.25,4358.25,4354.5,4357
1656894000,4357.25,4358,4354.75,4354.75
1656894300,4354.5,4356,4351.25,4355
1656894600,4355.5,4358,4354.25,4355.25
1656894900,4355.5,4356.75,4353.5,4354.25
1656895200,4354,4355.5,4352,4353.25
1656895500,4353,4353,4349,4349.5
1656895800,4349.5,4349.5,4346,4346.5
1656896100,4346.25,4349.5,4346,4347.75
1656896400,4347.5,4349.75,4346,4348.5
1656896700,4348.5,4349,4346.75,4346.75
1656897000,4346.75,4348.25,4346.25,4346.75
1656897300,4346.75,4347.75,4342.75,4345
1656897600,4344.75,4344.75,4340.25,4340.75
1656897900,4341,4342.25,4340,4341.5
1656898200,4341.5,4341.75,4337.75,4338.25
1656898500,4338,4341.25,4337,4340
1656898800,4340.25,4345.75,4339.75,4345.25
1656899100,4345.25,4348.75,4343.75,4348
1656899400,4348,4348.75,4345.25,4346
1656899700,4345.5,4348,4345,4347.75
1656900000,4347.75,4349.25,4345.25,4346
1656900300,4346.5,4351.25,4345.5,4351.25
1656900600,4351.25,4352.25,4348.5,4349.25
1656900900,4349,4349.5,4345.5,4345.75
1656901200,4345.5,4346.5,4343.5,4344
1656901500,4344.25,4345.25,4342.75,4344.5
1656901800,4344.75,4346.5,4343.25,4343.5
1656902100,4343.25,4345,4343,4343.75
1656902400,4344,4346.25,4341.75,4341.75
1656902700,4341.75,4342.75,4339.75,4342.25
1656903000,4342,4344,4341.75,4343
1656903300,4343,4345.75,4342.75,4345
1656903600,4345,4347.75,4344.5,4347.25
1656903900,4347.25,4347.75,4345,4346.5
1656904200,4346.25,4348.25,4345.75,4347.75
1656904500,4347.75,4349.25,4346.25,4348
1656904800,4348,4348,4345.5,4346
1656905100,4346.25,4348,4344.5,4346.5
1656905400,4346.75,4347,4345,4346.5
1656905700,4346.25,4349.25,4346,4348
1656906000,4348,4349.25,4347.25,4348.25
1656906300,4348.25,4350,4347.5,4348
1656906600,4348,4349.25,4347.25,4348.75
1656906900,4348.5,4349.5,4347,4348.75
1656907200,4348.5,4349.25,4345.25,4345.25
1656907500,4345.25,4346.75,4345,4346
1656907800,4345.75,4345.75,4344,4344.5
1656908100,4344.5,4344.75,4343.75,4344
1656908400,4344.25,4344.25,4342.25,4344
1656908700,4344,4345.25,4343.5,4343.5
1656909000,4343.25,4344,4342.25,4342.25
1656909300,4342,4343.25,4342,4343.25
1656909600,4343.25,4344.25,4342.5,4343.75
1656909900,4343.75,4344.75,4343.5,4344.25
1656910200,4344.25,4346.5,4344.25,4346.5
1656910500,4346.5,4347.5,4346,4347
1656910800,4347,4350.25,4346,4347.25
1656911100,4347.25,4348.75,4345.25,4346
1656911400,4345.75,4347,4344.25,4345.5
1656911700,4345.5,4346.5,4344.25,4346
1656912000,4346.5,4348.75,4346.5,4347.25
1656912300,4347.5,4348.25,4346.25,4347.75
1656912600,4347.75,4350.5,4347.75,4350
1656912900,4349.75,4351.75,4348.5,4348.75
1656913200,4348.75,4349.5,4347.75,4349
1656913500,4348.75,4350.75,4348.75,4350.25
1656913800,4349.75,4352.25,4349.5,4352
1656914100,4352.25,4353.25,4351.25,4353
1656914400,4353,4354,4349.75,4353.75
1656914700,4353.5,4355,4352.75,4353.5
1656915000,4353.25,4357,4352.75,4355.5
1656915300,4355.25,4360.5,4355,4360.25
1656915600,4360.5,4361,4358,4358.75
1656915900,4359,4360.75,4358.5,4359.5
1656916200,4359.25,4359.75,4357.25,4358.5
1656916500,4358.5,4360.5,4357.75,4357.75
1656916800,4357.75,4358.25,4356.5,4358.25
1656917100,4358.25,4358.5,4356.25,4356.5
1656917400,4356.25,4357.25,4354.25,4357
1656917700,4356.75,4357,4352.75,4354.5
1656918000,4354.5,4357.5,4351.5,4352.5
1656918300,4352.25,4356.25,4351,4353.25
1656918600,4353.5,4356.5,4349.5,4350
1656918900,4350,4352,4346,4350
1656919200,4350.25,4352.25,4348.5,4352
1656919500,4351.5,4354.25,4349.5,4353.5
1656919800,4353.5,4353.75,4347.75,4348.25
1656920100,4348.25,4350.25,4347.25,4348
1656920400,4347.75,4348.75,4345.75,4346.25
1656920700,4346,4347,4342.25,4342.25
1656921000,4342,4343.75,4341.75,4343
1656921300,4343,4344.5,4341.25,4344.25
1656921600,4344,4348.25,4343,4346.25
1656921900,4346.25,4347,4343.5,4345
1656922200,4345,4348,4344.75,4347.75
1656922500,4348,4348.5,4346,4347
1656922800,4347.25,4347.5,4343.25,4344
1656923100,4344,4347.25,4343.25,4346.25
1656923400,4346,4347.25,4344.25,4345.5
1656923700,4345.5,4345.75,4342.75,4343
1656924000,4343.25,4343.5,4342,4342.5
1656924300,4342.5,4344.75,4342,4343.75
1656924600,4343.5,4344.75,4343,4344.25
1656924900,4344.5,4346,4343.75,4344.75
1656925200,4344.75,4345.75,4343.25,4343.75
1656925500,4343.5,4344.75,4342.25,4344.5
1656925800,4344.75,4347.5,4344.75,4346.75
1656926100,4346.75,4349,4346.75,4348
1656926400,4347.75,4349,4347,4348.75
1656926700,4349,4351.25,4348.25,4350.75
1656927000,4350.5,4358.25,4349.5,4355
1656927300,4355,4358.25,4355,4357.75
1656927600,4357.75,4359.25,4357,4358.25
1656927900,4358,4360.25,4357.5,4359.75
1656928200,4359.5,4361.75,4359,4360.75
1656928500,4361,4361.25,4359,4359.5
1656928800,4360,4360.25,4355.5,4356.75
1656929100,4356.75,4357,4354,4356.25
1656929400,4356.25,4357.5,4355.25,4357.5
1656929700,4357.5,4359,4355.75,4357.75
1656930000,4357.75,4358,4356.25,4357.5
1656930300,4358,4360,4357.25,4360
1656930600,4360,4360.25,4358.75,4358.75
1656930900,4358.75,4362.5,4358.5,4361.5
1656931200,4361.5,4362,4360.25,4361.5
1656931500,4361.5,4361.5,4359.5,4360.75
1656931800,4360.5,4360.75,4359.75,4360
1656932100,4360,4361.25,4359.5,4360.5
1656932400,4360.25,4363,4359.75,4361.75
1656932700,4361.5,4363.5,4361.25,4362.5
1656933000,4362.75,4363,4360.5,4361.25
1656933300,4361.25,4361.25,4357.25,4358.75
1656933600,4358.5,4358.75,4356.75,4357.25
1656933900,4357,4360,4356.25,4359.5
1656934200,4359.25,4360.25,4358.75,4360.25
1656934500,4360.25,4361.25,4359.75,4361.25
1656934800,4361.25,4364.75,4361.25,4363
1656935100,4362.75,4363,4360.5,4361
1656935400,4361,4362,4358.75,4359
1656935700,4359.25,4362,4359,4360.75
1656936000,4360.5,4361.25,4359,4361.25
1656936300,4361.25,4363.75,4360.75,4362.5
1656936600,4362.5,4362.75,4359,4361.5
1656936900,4361.5,4361.75,4359.25,4359.25
1656937200,4359.25,4361.5,4359.25,4361.25
1656937500,4361.25,4362.5,4359.75,4361.5
1656937800,4361.75,4362.5,4360.75,4362.5
1656938100,4362.75,4363.5,4361.25,4361.5
1656938400,4361.5,4362.5,4361,4362
1656938700,4362,4363,4360.75,4360.75
1656939000,4360.75,4364,4360.25,4363.5
1656939300,4363.25,4364,4362.5,4362.5
1656939600,4362.5,4363.75,4362.5,4363
1656939900,4363.5,4365.75,4362.5,4364.75
1656940200,4364.75,4366.25,4362.75,4366
1656940500,4365.75,4366,4364,4364.75
1656940800,4364.5,4364.75,4362,4363.25
1656941100,4363,4363.75,4362.25,4362.5
1656941400,4362.75,4363.5,4359,4359.75
1656941700,4359.5,4360.25,4358.5,4358.75
1656942000,4358.75,4359,4355.5,4356.75
1656942300,4356.75,4358.25,4356.25,4357
1656942600,4356.75,4357.25,4355.75,4356.5
1656942900,4356.5,4357.25,4355.25,4355.75
1656943200,4355.75,4356.25,4354,4355.5
1656943500,4355.25,4355.5,4352.75,4353.25
1656943800,4353.25,4353.75,4351,4351.25
1656944100,4351.25,4353.25,4350.5,4353
1656944400,4353,4353,4350.75,4351.25
1656944700,4351.25,4352,4350.75,4351.75
1656945000,4351.75,4352.5,4350,4352.25
1656945300,4352.5,4352.75,4349.75,4352
1656945600,4352,4352.75,4350.75,4352.75
1656945900,4353,4354.25,4352,4352.5
1656946200,4352.75,4354.5,4352.5,4354
1656946500,4354.25,4354.75,4353.75,4354
1656946800,4354,4358,4354,4357
1656947100,4357,4360,4356.5,4359.75
1656947400,4359.75,4360.5,4358.5,4360
1656947700,4359.75,4360.75,4359.75,4360
1656948000,4360,4361,4359.25,4359.25
1656948300,4359.5,4360.25,4357.75,4358.5
1656948600,4358.25,4359.5,4356.5,4356.5
1656948900,4356.75,4357,4354.5,4355.5
1656949200,4355.5,4356.5,4355.5,4355.75
1656949500,4355.75,4356.25,4355,4355.5
1656949800,4355.25,4356.25,4354.75,4356
1656950100,4356,4357,4354.5,4354.75
1656950400,4355,4355.75,4354.25,4355
1656950700,4355.25,4358,4355.25,4357.75
1656951000,4357.75,4358,4356.75,4357.5
1656951300,4357.5,4357.75,4357.25,4357.5
1656951600,4357.75,4357.75,4356.75,4356.75
1656951900,4357,4360.25,4356.25,4359.5
1656952200,4359.5,4360,4355.25,4355.75
1656952500,4355.75,4358,4355.5,4357.75
1656952800,4357.75,4358.75,4356.75,4357.5
1656953100,4357.5,4358.5,4355.75,4356.5
1656953400,4356.75,4358,4356.25,4357.75
1656953700,4358,4358.5,4356.25,4357.5
1656972000,4357.5,4365,4357.5,4364.5
1656972300,4364.75,4367.25,4364.25,4366.5
1656972600,4366.25,4369,4366,4368.25
1656972900,4368.25,4368.75,4367.75,4368.75
1656973200,4368.75,4370.25,4367.75,4368.5
1656973500,4368.75,4368.75,4367.75,4368
1656973800,4368,4372,4367.75,4370
1656974100,4370,4370.5,4368.25,4370
1656974400,4370.5,4374.75,4370,4374.75
1656974700,4374.75,4375.25,4372.75,4374
1656975000,4374,4375.75,4373.25,4375.25
1656975300,4375.5,4378.75,4375,4377
1656975600,4377.25,4385.5,4377.25,4384
1656975900,4384,4401.75,4384,4394.75
1656976200,4394.75,4396,4393.5,4395.75
1656976500,4395.75,4396.25,4393,4395.25
1656976800,4395.5,4397.75,4394.75,4395.75
1656977100,4395.75,4396.5,4391.5,4393
1656977400,4392.75,4394.75,4392,4392.5
1656977700,4392.5,4394.75,4392,4393.75
1656978000,4393.75,4395.25,4392,4392.5
1656978300,4392.25,4392.25,4388.75,4390.75
1656978600,4391,4391.75,4387.5,4391
1656978900,4390.75,4391.5,4389.75,4391
1656979200,4390.75,4390.75,4387.75,4388.75
1656979500,4389,4392.25,4388.75,4391
1656979800,4391,4394.75,4390.75,4392
1656980100,4392,4393,4390,4392.5
1656980400,4392.5,4392.75,4388.75,4389
1656980700,4389,4390.5,4388.25,4389.25
1656981000,4389.5,4390.75,4389.25,4389.75
1656981300,4389.75,4391,4388.5,4389.5
1656981600,4389.25,4391,4388.75,4390.5
1656981900,4391,4393.25,4390.25,4390.75
1656982200,4391,4393,4391,4391.75
1656982500,4392,4392.25,4390,4390.75
1656982800,4390.5,4392.5,4388.25,4388.75
1656983100,4388.75,4391,4386.25,4386.75
1656983400,4386.5,4387,4384.75,4385.5
1656983700,4385.5,4387.25,4385,4386.25
1656984000,4386,4387,4382.5,4384.25
1656984300,4384.5,4384.5,4383.25,4384
1656984600,4383.75,4387.75,4383.75,4385.25
1656984900,4385.5,4389,4385,4387.75
1656985200,4387.75,4391.5,4387.75,4391
1656985500,4391,4392.75,4390.25,4391.25
1656985800,4391.5,4392.25,4390.75,4391
1656986100,4390.75,4393.75,4390.75,4392.75
1656986400,4392.75,4393.5,4391.25,4392.25
1656986700,4392.25,4392.25,4391,4391.25
1656987000,4391,4392,4391,4391.25
1656987300,4391,4392.25,4391,4391.25
1656987600,4391.25,4391.75,4389.25,4389.75
1656987900,4389.75,4390,4386.25,4387.25
1656988200,4387.5,4388,4385.25,4385.5
1656988500,4385.25,4386.5,4384,4384.5
1656988800,4384.5,4387.75,4383.75,4386.75
1656989100,4386.5,4387.75,4384,4384
1656989400,4384.25,4386.5,4384,4385.25
1656989700,4384.75,4385.25,4382,4383.5
1656990000,4383.5,4386,4382.75,4385.5
1656990300,4385.25,4385.5,4383.25,4384.25
1656990600,4384.25,4385,4383.25,4384.75
1656990900,4385,4387.5,4384,4386.75
1656991200,4387,4387.25,4385.5,4385.75
1656991500,4386,4386.25,4385,4386
1656991800,4386,4387,4385.25,4386.25
1656992100,4386,4388,4385.5,4385.5
1656992400,4385.5,4386,4384.5,4384.5
1656992700,4384.75,4385.25,4383.25,4385
1656993000,4385,4385,4381,4381
1656993300,4381,4382,4379.75,4380.25
1656993600,4380.5,4382.5,4380.5,4381.75
1656993900,4381.5,4382,4380.75,4381.75
1656994200,4382,4384,4381.5,4383.5
1656994500,4383.5,4384.5,4383,4383.5
1656994800,4383.75,4383.75,4382,4382.5
1656995100,4382.25,4384.75,4382.25,4384.75
1656995400,4384.75,4386.5,4384.25,4386
1656995700,4386,4387,4385,4385.5
1656996000,4385.5,4386.75,4385,4386.25
1656996300,4386.25,4387,4384.75,4385.75
1656996600,4385.75,4386.25,4385,4385.75
1656996900,4385.75,4387,4385.75,4387
1656997200,4387,4388.5,4386.25,4388.5
1656997500,4388.25,4390,4387,4389
1656997800,4388.75,4390.75,4388.25,4388.5
1656998100,4388.75,4389,4386.5,4387
1656998400,4387.25,4387.5,4386.5,4386.75
1656998700,4387,4387.5,4385.5,4387.5
1656999000,4387.5,4387.75,4386,4386.25
1656999300,4386.25,4388,4384.75,4385
1656999600,4384.75,4386.25,4384,4386.25
1656999900,4386.25,4389,4386.25,4388.25
1657000200,4388.25,4388.25,4386.5,4387
1657000500,4387.25,4388.25,4385.75,4387.5
1657000800,4387.25,4388.75,4386,4387.5
1657001100,4387.5,4389.5,4386.25,4388
1657001400,4387.75,4388.75,4386.25,4387.25
1657001700,4387.5,4390.5,4386.75,4389.75
1657002000,4389.5,4389.5,4388,4388.5
1657002300,4388.25,4390.25,4387.5,4389
1657002600,4389,4391.75,4389,4390.75
1657002900,4390.75,4393,4390.75,4392.25
1657003200,4392.25,4393.5,4392,4393.5
1657003500,4393.5,4393.75,4389,4389.5
1657003800,4389.5,4389.75,4387,4387.75
1657004100,4387.75,4389.75,4387.25,4388.75
1657004400,4388.5,4388.75,4382.75,4384.25
1657004700,4384.25,4384.25,4378.5,4380
1657005000,4380,4382.75,4377,4382.5
1657005300,4382.75,4385.75,4381,4384.25
1657005600,4384.25,4385.75,4380.25,4380.5
1657005900,4380.25,4383.5,4380.25,4380.25
1657006200,4380.5,4382.75,4379.5,4382
1657006500,4382,4382,4377,4377
1657006800,4377.25,4382.5,4377.25,4381.25
1657007100,4381.25,4383.5,4379.5,4381.25
1657007400,4381.25,4382.5,4377.75,4380.5
1657007700,4380.5,4382,4374.5,4374.75
1657008000,4374.75,4378.75,4374.75,4377.25
1657008300,4377.25,4380,4369.5,4370.25
1657008600,4370.5,4370.75,4366.5,4368.75
1657008900,4368.5,4368.5,4365.75,4366.5
1657009200,4366.25,4367,4361,4363
1657009500,4363,4363.25,4356.75,4359
1657009800,4358.75,4362,4356.25,4359.25
1657010100,4359.25,4359.25,4355,4356
1657010400,4356.25,4357,4352.25,4354.75
1657010700,4355,4355,4348,4349.5
1657011000,4349.5,4352.5,4348.25,4349.75
1657011300,4349.5,4351,4348.25,4349.25
1657011600,4349.5,4351.5,4348,4351
1657011900,4351.25,4351.75,4346,4347
1657012200,4347.25,4351.5,4344.75,4350.75
1657012500,4350.75,4353.75,4350,4350.5
1657012800,4350.5,4351.5,4348.5,4350
1657013100,4350,4350.5,4346.75,4347
1657013400,4347.25,4347.75,4344,4345
1657013700,4345,4351.75,4344.75,4350.75
1657014000,4351,4352.5,4350.25,4352.25
1657014300,4352,4352.25,4348.5,4350
1657014600,4350,4352,4348.25,4351.5
1657014900,4351.5,4353.5,4350.5,4352.75
1657015200,4352.25,4353,4351,4353
1657015500,4353.25,4357.5,4352,4357.5
1657015800,4357.5,4358.25,4356.5,4357.5
1657016100,4357.5,4357.5,4352.75,4353
1657016400,4353,4355.75,4352.5,4354.75
1657016700,4354.75,4355,4352.5,4353
1657017000,4353,4355,4352.5,4355
1657017300,4355.25,4355.5,4353.75,4355
1657017600,4355,4355,4352,4353.75
1657017900,4354,4356.5,4352.5,4356
1657018200,4356,4358.5,4356,4358
1657018500,4358,4358.25,4351.75,4354.25
1657018800,4354.25,4356,4352.75,4354.5
1657019100,4354.75,4355.25,4353.5,4354.25
1657019400,4354.5,4355.25,4352.5,4352.75
1657019700,4352.75,4353.25,4347.25,4348.75
1657020000,4348.75,4351.25,4348.75,4351
1657020300,4351,4352,4350,4351.5
1657020600,4351.5,4352,4348,4348.75
1657020900,4348.5,4350.5,4348,4350.25
1657021200,4350.25,4351.5,4345.25,4346.25
1657021500,4346.5,4347.25,4341.25,4341.5
1657021800,4341.5,4343.5,4338,4339
1657022100,4338.75,4341,4337.25,4338.75
1657022400,4339,4339.5,4334,4334
1657022700,4334.25,4335.5,4327.5,4329.25
1657023000,4329.5,4332,4325,4328.25
1657023300,4328,4331.5,4325.75,4330
1657023600,4330.25,4332.5,4326.25,4330.5
1657023900,4330.5,4333,4330,4330.75
1657024200,4330.5,4331.75,4326.5,4328
1657024500,4328,4329.5,4322.5,4329
1657024800,4329.25,4330.75,4327.25,4328.5
1657025100,4328.75,4330,4327.25,4328.75
1657025400,4328.5,4329,4324,4325.25
1657025700,4325.5,4325.5,4318.5,4320
1657026000,4320,4322.25,4317.75,4322
1657026300,4322.25,4322.25,4318.5,4320.25
1657026600,4320.25,4324.25,4319.5,4324.25
1657026900,4324.25,4325,4320.75,4321.75
1657027200,4321.75,4323.75,4319.25,4323.25
1657027500,4323,4323.25,4317.25,4318.25
1657027800,4318.5,4322.75,4302.25,4305
1657028100,4305,4307.75,4296.75,4297
1657028400,4297.25,4304.75,4295.75,4297.5
1657028700,4297.5,4311.25,4295,4304.75
1657029000,4304.75,4306,4295.5,4298.5
1657029300,4298.25,4301.25,4291.5,4297.5
1657029600,4297.25,4304,4288,4291
1657029900,4290.75,4296.5,4288,4296
1657030200,4296,4310.25,4294.25,4308.5
1657030500,4308.5,4308.5,4296.75,4301
1657030800,4300.75,4306.5,4298.75,4303.25
1657031100,4303,4307.5,4298,4303.75
1657031400,4303.75,4308.75,4300,4303
1657031700,4302.5,4321.75,4301.25,4318.5
1657032000,4318.5,4321.25,4304.75,4305.25
1657032300,4305,4306.75,4297.75,4304.5
1657032600,4304.25,4304.75,4297.25,4299
1657032900,4299,4302.5,4296.25,4300.25
1657033200,4300.25,4300.5,4290.5,4295.5
1657033500,4295.25,4298.75,4289.5,4296.25
1657033800,4296.25,4297.25,4290,4294.75
1657034100,4294.75,4301.25,4293.75,4298
1657034400,4298,4301,4292.25,4295.75
1657034700,4295.5,4300,4292.75,4296.25
1657035000,4296.25,4303.25,4293.25,4298
1657035300,4298,4299.75,4293.25,4295.5
1657035600,4295.75,4310.25,4295.75,4309.75
1657035900,4310,4316.25,4307.75,4313.25
1657036200,4313.25,4316.25,4309.5,4315.75
1657036500,4315.75,4317,4310.5,4311.5
1657036800,4311.75,4317,4307.75,4310
1657037100,4310,4316.75,4308,4316.25
1657037400,4316.25,4321,4311.5,4315
1657037700,4315.25,4318.5,4309.5,4317.25
1657038000,4317.25,4328.5,4313.25,4328.5
1657038300,4328.5,4330.5,4324.5,4325.75
1657038600,4326,4328.5,4323,4324.5
1657038900,4324.5,4328.75,4323.5,4326.25
1657039200,4326,4327.5,4317.75,4319.75
1657039500,4319.75,4319.75,4312.75,4314.5
1657039800,4314.25,4316.25,4311.25,4314.25
1657040100,4314.5,4316.25,4312.25,4313.5
1657040400,4313.5,4321.25,4312.5,4321
1657040700,4321,4322,4312.5,4319
1657041000,4319,4324,4318.25,4323.25
1657041300,4323.25,4331,4321.75,4330.25
1657041600,4330.5,4333.75,4328,4330
1657041900,4330,4331.75,4328.5,4329.5
1657042200,4329.5,4332.75,4326.5,4332.5
1657042500,4332.5,4337.5,4332.25,4336.5
1657042800,4336.75,4340,4333.75,4334.5
1657043100,4334.25,4335,4326.25,4332
1657043400,4331.75,4334.25,4330.75,4333.75
1657043700,4333.75,4334.75,4330.75,4334
1657044000,4334.25,4341.75,4331.75,4341
1657044300,4341.25,4341.25,4334.75,4336.25
1657044600,4336.5,4340.75,4336.25,4338.75
1657044900,4339,4342,4333.25,4341.25
1657045200,4341.5,4344,4338.25,4343.75
1657045500,4344,4351,4342.25,4349
1657045800,4349,4356,4349,4355.5
1657046100,4355.5,4364,4353.5,4363.75
1657046400,4363.75,4364.75,4358.25,4359.75
1657046700,4359.75,4362.25,4355,4357.25
1657047000,4357.5,4359.5,4355.5,4358.75
1657047300,4358.5,4361,4356.75,4358.5
1657047600,4358.5,4360,4352.25,4357.5
1657047900,4357.5,4367,4357.25,4366.25
1657048200,4366.5,4367.75,4362.75,4367
1657048500,4367,4367.5,4356,4357.75
1657048800,4357.75,4369.75,4357.5,4369.25
1657049100,4369.25,4374,4366.5,4370.75
1657049400,4370.75,4374,4366.75,4373.75
1657049700,4374,4374.5,4365.75,4370.5
1657050000,4370.25,4372.75,4369,4371.25
1657050300,4371.25,4377.5,4369,4377
1657050600,4376.75,4377,4367.75,4374.25
1657050900,4374.25,4379.75,4370,4379.5
1657051200,4379.5,4379.75,4374,4376.25
1657051500,4376.5,4377.25,4372.5,4375.5
1657051800,4375.5,4376,4373.25,4374.5
1657052100,4374.5,4375.75,4373.25,4375.25
1657052400,4375.5,4376.75,4375.25,4376.75
1657052700,4376.5,4377.5,4376.25,4377.5
1657053000,4377.5,4378.25,4376.5,4377.75
1657053300,4377.5,4378.25,4377,4377
1657053600,4377.25,4378,4376,4376.75
1657053900,4377,4378.25,4376.75,4378
1657054200,4377.75,4378.25,4377.25,4377.75
1657054500,4377.5,4378.25,4377,4377.75
1657058400,4382,4382.5,4378.25,4381.25
1657058700,4381.25,4382.5,4379,4379.25
1657059000,4379.5,4382.75,4378.75,4382.5
1657059300,4382.25,4386.75,4382.25,4384.25
1657059600,4384.5,4384.75,4381,4381.25
1657059900,4381,4382.25,4378.5,4379.75
1657060200,4379.5,4381.75,4379.5,4380
1657060500,4380,4381.5,4379.25,4380.5
1657060800,4380.25,4380.25,4375.75,4378.5
1657061100,4378.25,4379,4377,4378.5
1657061400,4378.5,4379.25,4376.75,4376.75
1657061700,4377,4378.5,4376.5,4378.25
1657062000,4378,4379.75,4377.75,4379.5
1657062300,4379.75,4380.5,4379,4379.25
1657062600,4379,4379.25,4378,4378.25
1657062900,4378.25,4378.25,4377.25,4377.25
1657063200,4377.25,4378,4376.75,4377.25
1657063500,4377,4377.5,4374.5,4374.5
1657063800,4374.5,4374.75,4371,4371.25
1657064100,4371.25,4372.25,4370.5,4371.75
1657064400,4371.75,4373.25,4370.5,4370.75
1657064700,4371,4372,4370,4371
1657065000,4370.75,4371.25,4368,4368.25
1657065300,4368.25,4369.5,4367.25,4369.5
1657065600,4369.5,4375.75,4369.5,4372.75
1657065900,4373.25,4376,4372.75,4374.75
1657066200,4375,4376,4373.25,4375
1657066500,4375,4378.75,4375,4377.5
1657066800,4377.75,4377.75,4373,4373.75
1657067100,4373.5,4376.25,4372.75,4375
1657067400,4375.25,4377.5,4374.25,4376.5
1657067700,4376.5,4378,4374.25,4375.5
1657068000,4375.25,4385.5,4374.5,4385.5
1657068300,4385.25,4388.75,4383.75,4387.5
1657068600,4387.25,4389,4385.75,4386.25
1657068900,4386.25,4388.75,4385.75,4386.5
1657069200,4386.75,4387,4385.5,4387
1657069500,4387.25,4392.75,4387.25,4392.25
1657069800,4392,4392.75,4389.25,4390
1657070100,4390.25,4390.25,4386,4387
1657070400,4387,4389.5,4384.75,4385.75
1657070700,4386,4386,4381,4382
1657071000,4382,4383.5,4380,4381
1657071300,4381,4381.75,4375,4375
1657071600,4375,4376,4369.25,4371.5
1657071900,4371.25,4374,4370,4373.25
1657072200,4373.25,4376,4372.25,4375.5
1657072500,4375.25,4376.25,4373.25,4373.75
1657072800,4374,4378.5,4374,4376.75
1657073100,4376.5,4377,4374,4376.25
1657073400,4376.5,4377,4374,4374.5
1657073700,4374.75,4375.5,4371.25,4372.25
1657074000,4372.25,4374,4369.75,4371.25
1657074300,4371.5,4375.25,4370.5,4373.5
1657074600,4373.25,4375.75,4372.25,4372.25
1657074900,4372.5,4373.75,4371.25,4372
1657075200,4371.75,4372,4369.5,4370
1657075500,4370.25,4371,4366.25,4366.75
1657075800,4366.75,4367.75,4365.75,4366.75
1657076100,4366.75,4370.5,4366.5,4369.5
1657076400,4369.5,4370.5,4367.75,4370.5
1657076700,4370.5,4371.75,4369.5,4370.75
1657077000,4370.75,4371,4367.5,4370
1657077300,4369.75,4373.25,4369.5,4372
1657077600,4372.25,4372.25,4368,4369.5
1657077900,4369.75,4370,4367,4370
1657078200,4370.25,4372.75,4369.25,4371.75
1657078500,4371.5,4375,4371,4373.25
1657078800,4373.25,4376.75,4372.5,4375.5
1657079100,4375.75,4376.75,4375.25,4376.75
1657079400,4376.75,4378.5,4376.75,4377.25
1657079700,4377.25,4381.25,4376.25,4379.5
1657080000,4379.75,4379.75,4374.5,4376.75
1657080300,4377,4377.5,4376,4377.25
1657080600,4377.5,4378,4375.25,4376
1657080900,4376,4376.25,4374.75,4375.75
1657081200,4376,4379,4376,4378
1657081500,4378,4378,4375,4375.25
1657081800,4375,4375.5,4370.75,4373.5
1657082100,4373.5,4374.75,4373.25,4374.75
1657082400,4374.5,4375,4373.5,4373.75
1657082700,4373.75,4374.5,4371.75,4372.75
1657083000,4372.5,4372.75,4371,4371.25
1657083300,4371.25,4373,4371,4372.5
1657083600,4372.5,4373.25,4369,4369.25
1657083900,4369.25,4371.75,4368,4370.25
1657084200,4370.5,4373.5,4370.25,4372.75
1657084500,4372.5,4373.5,4371,4373
1657084800,4373,4373.75,4370.25,4370.75
1657085100,4370.5,4371.5,4369,4370.25
1657085400,4370.5,4370.75,4367.5,4368.25
1657085700,4368.5,4369.5,4366.25,4366.75
1657086000,4367,4369,4366.25,4367.75
1657086300,4367.75,4372.25,4367.75,4369.75
1657086600,4370,4370.75,4366,4366
1657086900,4366.25,4366.5,4361.75,4362
1657087200,4362,4362.75,4357,4357.25
1657087500,4357.25,4357.5,4353.25,4354.25
1657087800,4354.5,4358.75,4352.75,4357.25
1657088100,4357.5,4360.75,4356.75,4359
1657088400,4359.25,4362.25,4358,4359.75
1657088700,4359.75,4361.75,4358,4361
1657089000,4361,4363.75,4359.25,4359.5
1657089300,4359.5,4361,4358.25,4358.75
1657089600,4358.75,4365.25,4358.75,4365
1657089900,4365,4366,4362.5,4365.75
1657090200,4365.75,4366,4363,4365.75
1657090500,4365.75,4372.5,4365.5,4371.75
1657090800,4371.5,4384.75,4371.25,4378.25
1657091100,4378.25,4382.75,4374.25,4375.5
1657091400,4375.75,4378.5,4372.75,4374.25
1657091700,4374.25,4378.25,4374.25,4378.25
1657092000,4378.25,4392.5,4377.75,4384
1657092300,4383.75,4389.5,4383.25,4386.5
1657092600,4386.75,4389.5,4385.75,4386.5
1657092900,4386.75,4389.75,4384.75,4387
1657093200,4387,4389.75,4386.25,4388.5
1657093500,4388.5,4389.25,4383.25,4384.75
1657093800,4385,4387.75,4382,4383.75
1657094100,4383.75,4385.25,4381.5,4382.5
1657094400,4382.25,4384.5,4374.75,4375.25
1657094700,4375.25,4382.75,4373.75,4380.75
1657095000,4380.75,4385.25,4380.5,4383
1657095300,4383.25,4383.5,4376.5,4377
1657095600,4377,4379.25,4376,4377.5
1657095900,4378,4378,4372,4372.25
1657096200,4372.5,4372.5,4368,4369
1657096500,4368.75,4372,4368,4369.75
1657096800,4370,4370,4364,4365.25
1657097100,4365.5,4367.25,4364.5,4364.5
1657097400,4364.5,4369.75,4364.25,4368.75
1657097700,4368.75,4370.25,4365.25,4365.75
1657098000,4365.75,4367,4362,4362
1657098300,4362.25,4366,4361.25,4366
1657098600,4366.25,4367.5,4362.25,4363.75
1657098900,4363.5,4368,4361.25,4367
1657099200,4367,4371,4366.75,4370.75
1657099500,4371,4374,4370.25,4373.25
1657099800,4373.5,4374.75,4370.5,4371
1657100100,4371.25,4372,4367.5,4368.75
1657100400,4368.5,4373.5,4368.5,4373
1657100700,4373,4374.5,4370.75,4373
1657101000,4373.25,4377.5,4371.75,4377
1657101300,4377.25,4378.25,4375,4376.25
1657101600,4376.5,4378.75,4375.5,4376.25
1657101900,4376.5,4379.75,4376.25,4377.25
1657102200,4377,4377,4375,4376.75
1657102500,4376.75,4377.75,4375.75,4376.25
1657102800,4376,4380.75,4375.75,4380.5
1657103100,4380.5,4381,4378.25,4380
1657103400,4380.25,4381.75,4379.75,4380.75
1657103700,4380.75,4381.5,4378.25,4379.75
1657104000,4379.25,4379.25,4373.5,4374.5
1657104300,4374.75,4375,4372,4373.25
1657104600,4373.25,4375,4370.75,4371
1657104900,4371,4374,4370.75,4373.5
1657105200,4373.25,4373.25,4370.5,4370.75
1657105500,4371,4371.5,4369,4370
1657105800,4370,4370.5,4368.5,4369.25
1657106100,4369.5,4371.75,4368.75,4371.5
1657106400,4371.5,4371.5,4369.5,4371
1657106700,4371,4373,4368.5,4369
1657107000,4369,4370.75,4368,4370
1657107300,4370,4370.75,4369,4370.25
1657107600,4370.25,4370.25,4365.25,4366.75
1657107900,4366.25,4366.25,4362.75,4363.25
1657108200,4363.5,4364.75,4361,4364
1657108500,4364.25,4365.5,4363.25,4365.5
1657108800,4365.5,4365.5,4358.75,4360.25
1657109100,4360.25,4363.75,4359.75,4362
1657109400,4362,4362.75,4359,4362.25
1657109700,4362,4365.25,4361.75,4364.25
1657110000,4364.25,4368,4364.25,4367.5
1657110300,4367.75,4368,4364.75,4366
1657110600,4365.75,4369.5,4365.75,4369
1657110900,4368.75,4373,4368.25,4372.5
1657111200,4372.25,4377.75,4369.25,4377.75
1657111500,4377.75,4381.75,4376.75,4381.25
1657111800,4381.25,4381.25,4375.5,4376.75
1657112100,4376.5,4377,4373.75,4375.75
1657112400,4375.75,4377.5,4374.75,4374.75
1657112700,4374.75,4377.5,4374.25,4377
1657113000,4377,4380,4376.75,4378.5
1657113300,4378.5,4379.25,4374.75,4376
1657113600,4376,4383.25,4374.5,4381.5
1657113900,4381.5,4383.25,4377,4380.75
1657114200,4380.75,4396.25,4377.75,4389.25
1657114500,4389.25,4390.5,4375,4376.25
1657114800,4376.5,4384.75,4372,4381.5
1657115100,4381.5,4382.75,4368.75,4371.5
1657115400,4371.5,4378.25,4367.5,4372.5
1657115700,4372.5,4384.25,4368,4380.5
1657116000,4381,4381.75,4368,4374.5
1657116300,4374.5,4394.5,4373.75,4391.25
1657116600,4391.5,4392.25,4366,4371
1657116900,4371,4375.75,4367,4371.5
1657117200,4371.25,4381.75,4368.75,4378
1657117500,4377.75,4384.25,4374.5,4381.5
1657117800,4381.5,4385,4375.75,4376.75
1657118100,4376.75,4379.25,4373,4376.25
1657118400,4376.25,4381.75,4371.25,4380.5
1657118700,4380.25,4382,4371,4371
1657119000,4371,4375.75,4368.25,4374.25
1657119300,4374.25,4377.75,4370,4375.5
1657119600,4375.75,4376.75,4362,4364.5
1657119900,4364.5,4368.5,4363.25,4365.25
1657120200,4364.75,4369.75,4361.25,4368.5
1657120500,4368.5,4372.75,4367.75,4371.5
1657120800,4371.5,4373.5,4368,4370.75
1657121100,4370.75,4370.75,4363.5,4365
1657121400,4365.25,4366.25,4355.75,4361.75
1657121700,4361.75,4364.75,4360.25,4363.75
1657122000,4363.5,4363.75,4357.25,4358.5
1657122300,4358.25,4365,4355.5,4362.5
1657122600,4362.5,4366.5,4360.5,4362
1657122900,4361.75,4368.25,4361,4366.75
1657123200,4366.75,4367.75,4360.25,4361.5
1657123500,4361.75,4366.75,4358.25,4360.75
1657123800,4360.75,4368,4359.75,4368
1657124100,4367.75,4368.75,4364.25,4365.75
1657124400,4365.75,4367.75,4361,4362
1657124700,4361.75,4366.5,4361.5,4365.75
1657125000,4366,4367,4363,4366
1657125300,4366.25,4370,4365.25,4366.5
1657125600,4366.5,4370.5,4364.5,4369.25
1657125900,4369.25,4369.75,4366.5,4367
1657126200,4367,4367.75,4363,4367.25
1657126500,4367.25,4370.25,4365.5,4369.25
1657126800,4369.25,4375.25,4368.75,4373.25
1657127100,4373.5,4379.75,4373.5,4378.25
1657127400,4378,4378.25,4375.5,4377
1657127700,4377,4378.25,4374.25,4377
1657128000,4377,4378.5,4374.25,4375.5
1657128300,4375.75,4376.5,4371.75,4373.5
1657128600,4373.25,4375.5,4372,4374.25
1657128900,4374.25,4376.75,4373,4375.5
1657129200,4375.75,4377.5,4373,4375
1657129500,4375,4378,4374.5,4377.25
1657129800,4377.5,4378.75,4376.75,4378.25
1657130100,4378.5,4380.75,4376.75,4378.75
1657130400,4378.75,4385.5,4370,4377.5
1657130700,4377.5,4392.5,4377.5,4382
1657131000,4382,4382.75,4366.25,4379.75
1657131300,4379.75,4380,4369.25,4370.75
1657131600,4370.5,4377,4370,4375
1657131900,4374.75,4392,4368.25,4391
1657132200,4391.25,4403.5,4387.5,4398.25
1657132500,4398.5,4403.75,4392,4399.25
1657132800,4399.25,4409,4398.75,4406.75
1657133100,4406.75,4411,4400,4400.75
1657133400,4400.5,4404.75,4398,4402.25
1657133700,4402.25,4406,4399.5,4405.5
1657134000,4405.75,4406.5,4395,4400
1657134300,4400.25,4403.25,4397,4403
1657134600,4403,4408.75,4401.5,4408.25
1657134900,4408.5,4410.5,4404.25,4408.75
1657135200,4408.75,4414,4408,4413.5
1657135500,4413.75,4414,4410,4412.75
1657135800,4413,4416.25,4409.75,4415
1657136100,4415.25,4419,4409.5,4410.75
1657136400,4410.75,4411,4405,4406.5
1657136700,4406.25,4406.25,4399,4401.75
1657137000,4401.75,4404,4385,4387.5
1657137300,4387.75,4394,4386,4393.5
1657137600,4393.5,4395,4392,4393.75
1657137900,4393.75,4397.5,4393.25,4396.25
1657138200,4396.25,4397.75,4395,4396.25
1657138500,4396.25,4396.5,4395.25,4396.5
1657138800,4396.75,4397,4395.75,4397
1657139100,4397,4397.5,4396.5,4396.5
1657139400,4396.5,4396.5,4395.25,4395.5
1657139700,4396,4397.5,4395.5,4395.5
1657140000,4395.75,4397.25,4395.75,4396.5
1657140300,4396.5,4397,4395.25,4396
1657140600,4395.75,4396.75,4395,4396.5
1657140900,4396.5,4398,4396.5,4398
1657144800,4397.75,4399,4396.75,4397.75
1657145100,4397.75,4399,4397.75,4398.25
1657145400,4398.5,4398.5,4395.25,4395.25
1657145700,4395.25,4396.5,4395,4396.25
1657146000,4396.25,4398.5,4396.25,4398.25
1657146300,4398.25,4398.25,4396.25,4396.5
1657146600,4396.75,4397.25,4395.75,4396
1657146900,4396,4396,4393.75,4394.75
1657147200,4394.75,4395.75,4394.25,4394.75
1657147500,4394.75,4395.75,4394.75,4395.25
1657147800,4395.25,4395.25,4393.75,4394.75
1657148100,4394.5,4394.75,4393.5,4394.25
1657148400,4394.5,4396,4394.5,4395.5
1657148700,4395.5,4396.5,4394.75,4395.5
1657149000,4395.5,4395.5,4393.75,4394
1657149300,4394.25,4394.5,4392.75,4393.75
1657149600,4393.75,4393.75,4392.75,4393.25
1657149900,4393.25,4394.25,4393.25,4394
1657150200,4393.75,4395.5,4393.5,4395.5
1657150500,4395.5,4395.75,4394,4394.5
1657150800,4394.5,4395.5,4394,4395
1657151100,4394.75,4398.5,4394.5,4397.5
1657151400,4397.5,4398,4396.25,4397
1657151700,4397,4397,4395.75,4396
1657152000,4396,4396,4389.25,4389.75
1657152300,4389.5,4390,4386.25,4387.5
1657152600,4387.5,4389,4386.25,4388.5
1657152900,4388.25,4389.25,4385.25,4388.5
1657153200,4388.75,4390.75,4388.75,4390.25
1657153500,4390.25,4390.75,4388.75,4389.75
1657153800,4389.75,4392.75,4387.75,4388.25
1657154100,4388.25,4392.5,4388.25,4392.5
1657154400,4392.5,4395.5,4392.25,4393.75
1657154700,4393.75,4394.5,4391.5,4391.75
1657155000,4391.5,4392.25,4389.75,4390.75
1657155300,4390.75,4391.5,4389.75,4390.5
1657155600,4390.5,4390.75,4381.5,4384.5
1657155900,4384.75,4386.25,4384.25,4385.25
1657156200,4385.5,4386,4381.5,4384
1657156500,4384,4384.5,4381.75,4382.25
1657156800,4382,4385.25,4380.75,4385
1657157100,4385.25,4387.25,4384,4384.75
1657157400,4384.75,4385.75,4381.75,4383
1657157700,4383,4385,4381.25,4381.25
1657158000,4381.25,4381.25,4376.5,4379.75
1657158300,4379.25,4381,4377.75,4380.75
1657158600,4380.75,4383.5,4380.25,4382.5
1657158900,4382.75,4383.5,4381.5,4383.25
1657159200,4383.25,4387.75,4383.25,4386.25
1657159500,4386.25,4387.75,4385.25,4386
1657159800,4385.75,4387,4383.75,4387
1657160100,4387,4391.25,4387,4389.25
1657160400,4389.25,4391,4388.5,4389.5
1657160700,4389.5,4389.5,4387,4387.5
1657161000,4387.25,4390.75,4386.75,4390.75
1657161300,4390.5,4392.25,4389.25,4391
1657161600,4391,4396.5,4390.75,4395.5
1657161900,4395.75,4397.5,4395.25,4396.5
1657162200,4396.5,4397.25,4394.75,4395.75
1657162500,4395.5,4398.25,4394.75,4397.75
1657162800,4397.75,4397.75,4394,4395
1657163100,4395,4395.5,4394.25,4395.25
1657163400,4395.5,4398,4394.5,4397.5
1657163700,4397.25,4399,4396,4398.75
1657164000,4398.5,4399,4397.25,4398.5
1657164300,4398.75,4399,4396.25,4396.75
1657164600,4397,4397.75,4393.75,4395.5
1657164900,4395.75,4396.75,4395,4396.25
1657165200,4396.5,4396.5,4394.75,4396.25
1657165500,4396.25,4398.75,4394.25,4395
1657165800,4394.75,4395,4393.75,4395
1657166100,4395,4395.25,4393.25,4393.5
1657166400,4393.75,4396.5,4393.25,4396.25
1657166700,4396.25,4397.25,4395,4395
1657167000,4395,4396.25,4394.25,4394.5
1657167300,4394.75,4396.5,4393.5,4394.5
1657167600,4394.5,4396.25,4392.75,4395.25
1657167900,4395.25,4395.25,4394.5,4394.75
1657168200,4394.75,4397,4394.5,4396.75
1657168500,4397,4397.5,4396.25,4397
1657168800,4397,4397.5,4396.25,4397.5
1657169100,4397.25,4399,4397.25,4398.25
1657169400,4398.25,4398.75,4397.5,4398.25
1657169700,4398.25,4399,4398.25,4398.75
1657170000,4398.75,4403.5,4397.5,4400.25
1657170300,4400,4404.5,4399.75,4404.25
1657170600,4404,4408.25,4403.25,4408
1657170900,4408.25,4410,4407,4407
1657171200,4407,4407.5,4406,4406
1657171500,4406,4406.75,4405,4405.5
1657171800,4405.75,4406.5,4402.25,4402.5
1657172100,4402.25,4403.75,4400.75,4402
1657172400,4402.25,4402.25,4401,4401
1657172700,4401.25,4404.25,4401.25,4403.25
1657173000,4403.25,4405,4401.75,4402
1657173300,4402.25,4403.5,4401.75,4403
1657173600,4403,4406.25,4402.25,4404.5
1657173900,4404.25,4405.75,4402.5,4405.5
1657174200,4405.5,4406.75,4401.25,4402.25
1657174500,4402.75,4405.5,4402.5,4403.5
1657174800,4403.5,4404.5,4401.75,4402
1657175100,4402.25,4403,4400.25,4402
1657175400,4402.25,4403,4399,4400
1657175700,4400,4400.25,4398,4399.25
1657176000,4399.25,4400.75,4399,4399.5
1657176300,4399.75,4401.25,4399.25,4400.75
1657176600,4400.5,4402.25,4400.25,4402
1657176900,4401.75,4403.25,4400.25,4400.75
1657177200,4400.5,4404,4399.5,4400
1657177500,4400.25,4404,4400,4403.5
1657177800,4403.25,4404,4398,4398.75
1657178100,4398.75,4399.5,4396.25,4398.75
1657178400,4398.5,4404,4398.5,4403.5
1657178700,4403.5,4403.5,4401.5,4402.25
1657179000,4402.5,4409,4402.5,4408.75
1657179300,4409,4409,4406.5,4406.75
1657179600,4407,4408,4403.5,4404.75
1657179900,4404.5,4406.25,4403.75,4405.5
1657180200,4405.75,4406,4403,4403.5
1657180500,4403.5,4406.5,4403.5,4406.25
1657180800,4406.25,4407.75,4405.25,4406.5
1657181100,4406.5,4410.75,4405.75,4409.75
1657181400,4410,4410.25,4406.25,4407.25
1657181700,4407.25,4407.75,4406.25,4406.75
1657182000,4407,4408.25,4406.5,4407.75
1657182300,4407.75,4408.25,4407,4408.25
1657182600,4408.5,4409.75,4407,4407.25
1657182900,4407.25,4408.75,4403,4404.75
1657183200,4404.75,4404.75,4399.75,4400
1657183500,4400,4401.5,4399,4399.5
1657183800,4399.5,4402.25,4399.25,4401.25
1657184100,4401.5,4411.5,4397,4402.5
1657184400,4402.5,4407.5,4398,4402.25
1657184700,4402,4404.5,4399.25,4403.25
1657185000,4403.5,4406.25,4401.25,4404
1657185300,4404.25,4408,4403.75,4407.5
1657185600,4407.75,4408.25,4403.5,4404
1657185900,4404,4405.75,4401.75,4402.75
1657186200,4402.75,4405,4401.25,4404.25
1657186500,4404.25,4406,4402.5,4404
1657186800,4404,4404.75,4403,4403.75
1657187100,4403.75,4404,4400.75,4402
1657187400,4402.25,4402.75,4399.75,4400
1657187700,4400.25,4401,4398.75,4399.25
1657188000,4399,4400.5,4398.5,4400
1657188300,4399.75,4401.75,4398.5,4398.75
1657188600,4399,4400,4398.5,4399.75
1657188900,4399.75,4401,4395.75,4396.25
1657189200,4396,4399.5,4393.5,4399.25
1657189500,4399.25,4401,4397.5,4400.5
1657189800,4400.75,4403,4400,4402
1657190100,4402.25,4402.75,4400.25,4402.75
1657190400,4402.75,4403.25,4401.75,4403
1657190700,4403,4404,4402.75,4403
1657191000,4403,4403.25,4401.5,4402.25
1657191300,4402.25,4404.5,4400,4404.25
1657191600,4404.25,4404.5,4402,4402.25
1657191900,4402,4403,4400.75,4401
1657192200,4401,4402.25,4401,4402.25
1657192500,4402.25,4402.5,4400.75,4402
1657192800,4401.75,4402,4397.75,4398.25
1657193100,4398.5,4400.75,4398.25,4398.5
1657193400,4398.5,4403.5,4398.25,4403.25
1657193700,4403.25,4404,4402.25,4403
1657194000,4403,4406.25,4403,4405.25
1657194300,4405.5,4406.25,4403.25,4404.75
1657194600,4404.75,4407,4403.5,4406
1657194900,4405.75,4409.5,4405.75,4408.5
1657195200,4408.5,4410.75,4406.25,4407.5
1657195500,4407.75,4409,4407,4408.25
1657195800,4408,4409.5,4406.5,4406.75
1657196100,4407,4408.25,4403,4403.25
1657196400,4403.25,4408,4403,4405.5
1657196700,4405.75,4407,4404.25,4405.5
1657197000,4405,4408.5,4401.75,4403.5
1657197300,4403.75,4406.5,4402.5,4405.25
1657197600,4405,4409.25,4404.75,4409
1657197900,4409,4412.25,4406,4409
1657198200,4409,4412.5,4409,4411.75
1657198500,4411.75,4412.25,4408.75,4409
1657198800,4409,4413.25,4408.5,4411.5
1657199100,4411.25,4412.25,4408.25,4409.5
1657199400,4409.5,4411.75,4408.75,4411.25
1657199700,4411,4411.25,4407.75,4408.75
1657200000,4408.75,4408.75,4406.75,4408.5
1657200300,4408.75,4412.25,4408.25,4411
1657200600,4411,4424.5,4410.5,4424
1657200900,4424,4430.25,4422.25,4426.25
1657201200,4426.5,4432.5,4424.75,4430.25
1657201500,4430.5,4435.5,4427.75,4434.5
1657201800,4434.5,4435.75,4428.75,4433.75
1657202100,4434,4434.5,4430.75,4433.75
1657202400,4433.75,4434,4420.5,4424.5
1657202700,4424.5,4426.5,4420.25,4425.5
1657203000,4425.75,4428.5,4422.25,4426
1657203300,4426,4428.75,4421,4422.5
1657203600,4422.25,4424.5,4420.75,4424.25
1657203900,4424.25,4428.5,4423.5,4428.5
1657204200,4428.5,4431.75,4427.25,4431
1657204500,4431.25,4432.25,4427,4429.25
1657204800,4429,4430.5,4426.25,4427.75
1657205100,4427.5,4433.25,4425.25,4432.5
1657205400,4432.25,4438,4430.75,4437.25
1657205700,4437.25,4437.75,4432.5,4433.5
1657206000,4433.5,4438.5,4432.5,4438.25
1657206300,4438.25,4440.25,4437.25,4437.5
1657206600,4437.5,4437.75,4435.25,4435.25
1657206900,4435.5,4438.5,4435,4435.5
1657207200,4435.5,4437.5,4430,4433
1657207500,4433,4436.75,4431,4431.25
1657207800,4431.25,4433.75,4429.5,4433.25
1657208100,4433.5,4435,4431.25,4432.75
1657208400,4432.75,4437.5,4432,4435.25
1657208700,4435.25,4438,4434.5,4437.5
1657209000,4437.75,4439.5,4434.25,4435.75
1657209300,4435.75,4438.75,4434.5,4438.5
1657209600,4438.75,4439.75,4437.5,4439.75
1657209900,4439.75,4441,4437,4438.75
1657210200,4438.75,4440,4436.25,4438.25
1657210500,4438.25,4440.5,4436.75,4440.25
1657210800,4440,4440.25,4437.5,4439.5
1657211100,4439.5,4441.25,4438.25,4439.75
1657211400,4440,4442.75,4439,4442.5
1657211700,4442.75,4444,4440.25,4441
1657212000,4441,4442.75,4440,4440
1657212300,4440,4442.5,4438.5,4438.5
1657212600,4438.75,4440.5,4437,4438.25
1657212900,4438.5,4440.75,4436.5,4440.25
1657213200,4440.25,4441.75,4438,4438.5
1657213500,4438.5,4440.25,4436.25,4439
1657213800,4439.25,4439.25,4434,4435
1657214100,4435,4437,4434.25,4436.5
1657214400,4436.75,4437.75,4435,4436
1657214700,4436,4436.75,4434.25,4434.5
1657215000,4434.75,4438,4433.25,4438
1657215300,4437.75,4439.5,4437.25,4439
1657215600,4439,4441.25,4438.75,4441.25
1657215900,4441.25,4443,4440.75,4441.5
1657216200,4441.5,4443,4440.75,4443
1657216500,4443,4444.75,4442.75,4444
1657216800,4444,4447.5,4443.25,4445.25
1657217100,4445.25,4447.5,4444.75,4446.5
1657217400,4446.25,4448,4445.5,4447.5
1657217700,4447.25,4447.5,4445.5,4447.25
1657218000,4447.25,4449.25,4446.75,4448.5
1657218300,4448.75,4449.75,4448,4449.5
1657218600,4449.5,4449.5,4446,4446.5
1657218900,4446.5,4448,4443.25,4447.25
1657219200,4447.5,4447.75,4443,4443.75
1657219500,4443.75,4447,4443.5,4446.5
1657219800,4446.75,4447,4444.5,4445.25
1657220100,4445.25,4449,4445,4448.25
1657220400,4448.5,4450.5,4447.5,4450
1657220700,4450.25,4452.75,4449.5,4451.75
1657221000,4451.75,4455.5,4450.75,4455.25
1657221300,4455.25,4457.5,4454.75,4456
1657221600,4456.25,4458.25,4453.25,4453.5
1657221900,4453.25,4454.75,4449.75,4450.25
1657222200,4450.25,4454.25,4449.75,4453
1657222500,4452.75,4455.25,4446.25,4447
1657222800,4447,4450.5,4446.25,4447.75
1657223100,4447.5,4451,4445.5,4449.75
1657223400,4449.5,4453,4445.25,4449
1657223700,4448.75,4452.5,4446.75,4448.75
1657224000,4448.75,4448.75,4445,4445.5
1657224300,4445.5,4447,4445.25,4445.5
1657224600,4445.75,4446.75,4444,4444.25
1657224900,4444.5,4444.75,4441.75,4443.25
1657225200,4443.25,4443.75,4442.75,4443.25
1657225500,4443,4444.5,4443,4444
1657225800,4444,4444.75,4443,4443.5
1657226100,4443.5,4444.5,4443.25,4443.75
1657226400,4443.75,4444,4443.25,4443.5
1657226700,4443.5,4444.5,4442,4442
1657227000,4442.25,4443.75,4442,4443.25
1657227300,4443.25,4444,4443,4443.25
1657231200,4441,4443.75,4440.25,4443.75
1657231500,4443.75,4445,4443.25,4444
1657231800,4444.25,4445,4443.25,4444.5
1657232100,4444.5,4444.75,4443.25,4443.75
1657232400,4443.75,4444.75,4442.75,4444.75
1657232700,4444.75,4444.75,4443.75,4444
1657233000,4443.75,4444.25,4442.25,4442.75
1657233300,4442.75,4442.75,4441,4441.25
1657233600,4441,4442,4440.5,4441.5
1657233900,4441.25,4443,4440.75,4441.75
1657234200,4442,4443,4442,4442.75
1657234500,4442.75,4445,4442.25,4444
1657234800,4443.75,4444.5,4441.75,4443
1657235100,4442.75,4442.75,4439,4440
1657235400,4440.25,4442,4439.5,4440.75
1657235700,4441,4442.25,4440.5,4440.5
1657236000,4440.5,4441.5,4440.25,4441.5
1657236300,4441.25,4442,4441.25,4441.75
1657236600,4441.75,4442,4440.25,4441.5
1657236900,4441.75,4443,4441.5,4442
1657237200,4442,4443.5,4440.25,4442.75
1657237500,4442.75,4443,4440.5,4442.5
1657237800,4442.25,4442.75,4441,4442.25
1657238100,4442.25,4442.5,4440.75,4441.25
1657238400,4441,4446.75,4441,4442.5
1657238700,4442.25,4442.25,4437.75,4438.75
1657239000,4438.75,4440,4437.5,4438.75
1657239300,4438.75,4441,4438,4441
1657239600,4441.25,4441.25,4438.5,4440.25
1657239900,4440.25,4440.75,4439.25,4440.25
1657240200,4440.5,4441,4439.25,4439.5
1657240500,4439.75,4442.5,4439.5,4442
1657240800,4442.25,4446,4442.25,4443.75
1657241100,4443.75,4444.5,4443,4443.75
1657241400,4444,4446.25,4443.5,4445.25
1657241700,4445.25,4447.25,4444.5,4446
1657242000,4446,4447,4444,4444.25
1657242300,4444,4444.75,4443.25,4444.25
1657242600,4444,4446,4444,4445.75
1657242900,4445.75,4449,4445.25,4446.5
1657243200,4446,4446.5,4445.25,4445.75
1657243500,4446,4447.75,4445.5,4447
1657243800,4447,4448.25,4444.5,4445
1657244100,4445,4445.25,4443.25,4444.5
1657244400,4444.25,4446.75,4444,4446.5
1657244700,4446.25,4446.5,4443.25,4444
1657245000,4444,4444.25,4441,4441.75
1657245300,4441.75,4443,4441,4442.5
1657245600,4442.75,4444.25,4442.75,4443.25
1657245900,4443,4443.25,4441,4441.75
1657246200,4441.5,4443.75,4441.5,4443
1657246500,4443,4444,4442.5,4443.5
1657246800,4443.5,4444.5,4443.25,4444
1657247100,4444,4445.25,4442.75,4445.25
1657247400,4445,4447.25,4441.5,4442
1657247700,4442.25,4444.25,4441.25,4444
1657248000,4443.75,4444.25,4441.75,4442
1657248300,4442,4442,4436.75,4438
1657248600,4438.25,4440,4437.25,4439.5
1657248900,4439.5,4439.75,4432,4434
1657249200,4433.75,4436.25,4431.75,4435
1657249500,4435,4436.5,4433.5,4436
1657249800,4436,4438.25,4435,4437
1657250100,4437,4438,4435.75,4436.75
1657250400,4436.25,4438.25,4435.25,4437.75
1657250700,4438.25,4439,4435.25,4436.25
1657251000,4436.5,4440.75,4436.5,4437.25
1657251300,4437.5,4438.5,4436.75,4436.75
1657251600,4437,4437.5,4434,4434.75
1657251900,4434.75,4436.5,4432.25,4435.5
1657252200,4435.5,4435.75,4433.25,4434.5
1657252500,4434.75,4434.75,4432,4432.75
1657252800,4433,4435.5,4432.25,4435.5
1657253100,4435.75,4436,4433.25,4435.5
1657253400,4435.5,4436,4433.25,4433.75
1657253700,4434,4435,4433.25,4433.5
1657254000,4433.25,4434.5,4433.25,4434.5
1657254300,4434.25,4434.75,4433.25,4434
1657254600,4434.25,4436.75,4434.25,4434.75
1657254900,4435,4435.5,4433.75,4434.75
1657255200,4435,4435.5,4433.75,4434.75
1657255500,4434.5,4434.5,4433.5,4434.5
1657255800,4434.5,4435.25,4434,4435.25
1657256100,4435.25,4438,4435.25,4437.25
1657256400,4437.25,4438.25,4435.25,4435.25
1657256700,4435.25,4436.5,4434.75,4436
1657257000,4435.75,4437,4434.75,4435
1657257300,4435,4436.75,4434.75,4435.5
1657257600,4435.25,4435.25,4433.25,4433.25
1657257900,4433.25,4435.75,4433.25,4434.25
1657258200,4434.25,4435.25,4433.5,4435.25
1657258500,4435.25,4436.5,4434,4434
1657258800,4434,4434.5,4430.75,4431
1657259100,4431.25,4433.25,4430.5,4433
1657259400,4433,4433.25,4429.5,4429.75
1657259700,4429.75,4431,4428.25,4430.25
1657260000,4430.25,4433.25,4429.75,4431.75
1657260300,4431.5,4434.25,4431,4433.25
1657260600,4433.5,4435.75,4433.25,4433.5
1657260900,4433.5,4434.5,4431.5,4432.25
1657261200,4432.5,4432.5,4430.25,4430.75
1657261500,4430.75,4431.25,4430,4430.25
1657261800,4430.5,4430.75,4429,4429.25
1657262100,4429,4431.75,4428.5,4431.25
1657262400,4431.25,4431.75,4430.25,4431.5
1657262700,4431.5,4433.75,4431.25,4433
1657263000,4433.25,4434.75,4432.75,4434.5
1657263300,4434.5,4436.25,4433.5,4435.75
1657263600,4435.75,4436.5,4433,4434.5
1657263900,4434.75,4435,4431.75,4433.75
1657264200,4433.75,4436.25,4432.5,4433.75
1657264500,4433.75,4436.75,4433.5,4436
1657264800,4435.75,4438.5,4435,4437.25
1657265100,4437.5,4438.25,4435.75,4436
1657265400,4436,4440.75,4436,4439.75
1657265700,4439.75,4443.25,4439.75,4441.25
1657266000,4441,4442.25,4438.5,4438.75
1657266300,4438.5,4439,4436.75,4438
1657266600,4437.75,4438.25,4434.75,4436
1657266900,4436.25,4438,4435.75,4438
1657267200,4437.75,4438.25,4436.75,4437.75
1657267500,4438,4441.75,4437,4441.25
1657267800,4441.5,4442.75,4439.25,4440
1657268100,4440.25,4440.75,4437.75,4439
1657268400,4438.75,4438.75,4435,4436.5
1657268700,4436.5,4437,4434.5,4434.75
1657269000,4434.5,4434.75,4432,4432.75
1657269300,4432.75,4433,4430.5,4431
1657269600,4431,4433,4430.5,4433
1657269900,4433,4434,4430.75,4432.25
1657270200,4432.25,4435.25,4431.75,4435
1657270500,4434.75,4435.25,4432.25,4432.25
1657270800,4432.5,4433,4429,4429.75
1657271100,4429.75,4430.25,4429,4429.25
1657271400,4429.5,4430.5,4427.5,4428.75
1657271700,4428.75,4431.25,4427.75,4427.75
1657272000,4427.5,4430.25,4426.75,4429.75
1657272300,4429.75,4432,4428.5,4431.5
1657272600,4431.5,4434.75,4430.75,4434.25
1657272900,4434.5,4436.5,4433.75,4436.5
1657273200,4436.75,4439.5,4436.25,4438.5
1657273500,4438.75,4439,4436.25,4436.75
1657273800,4436.5,4437.75,4435.75,4436.75
1657274100,4436.5,4439.75,4436.5,4438.25
1657274400,4438,4440.25,4437.75,4439
1657274700,4439.25,4443.25,4439,4442.75
1657275000,4442.75,4445.25,4441.5,4444
1657275300,4444.25,4447.75,4443.75,4447.5
1657275600,4447.75,4449,4446.25,4449
1657275900,4449,4453,4447.75,4450.75
1657276200,4450.75,4452.75,4449.25,4450.5
1657276500,4450.25,4451.25,4447.25,4449
1657276800,4449.25,4449.25,4447.5,4448.25
1657277100,4448.25,4448.75,4445.5,4446
1657277400,4446,4446.5,4440.75,4441.25
1657277700,4441,4441,4436.75,4439
1657278000,4439.25,4441.75,4439,4441
1657278300,4440.75,4441.25,4437.75,4438.5
1657278600,4438.5,4442,4438.25,4440.75
1657278900,4440.5,4443.5,4440,4443.5
1657279200,4443.25,4446,4442.25,4445.75
1657279500,4445.75,4446.25,4442.25,4443.75
1657279800,4444,4445.75,4443.75,4444.75
1657280100,4444.75,4444.75,4441.75,4443.5
1657280400,4443.5,4444,4439.75,4441.75
1657280700,4442,4445.5,4441.75,4445.25
1657281000,4445.25,4446.75,4443.5,4445
1657281300,4445,4445.25,4441.5,4443.75
1657281600,4443.75,4446.25,4442.75,4446
1657281900,4446,4446,4443,4444.5
1657282200,4444.25,4446.75,4443.25,4446.25
1657282500,4446,4448,4445.5,4445.75
1657282800,4445.75,4448.5,4445.25,4446
1657283100,4446,4448,4444.25,4445.75
1657283400,4445.5,4446.25,4424.75,4433.25
1657283700,4432.75,4437.5,4427.75,4432.75
1657284000,4433,4433.5,4420.75,4423.25
1657284300,4423.25,4425,4412,4415
1657284600,4414.75,4423,4414.75,4421.25
1657284900,4421.25,4428.25,4421,4427.25
1657285200,4427.25,4432.25,4427.25,4431.5
1657285500,4431.5,4432.5,4426.25,4429.5
1657285800,4429.25,4431.5,4424.5,4431
1657286100,4431,4433,4428.25,4432.5
1657286400,4432.75,4433,4429,4431.25
1657286700,4431.25,4433.25,4428,4431.5
1657287000,4431.5,4437,4426.5,4433.25
1657287300,4433.25,4441,4429,4439.5
1657287600,4439.5,4444.75,4435.25,4438.25
1657287900,4438.25,4442,4426,4427
1657288200,4426.75,4427.5,4417.5,4419.25
1657288500,4419.25,4425.75,4418,4422.25
1657288800,4422.25,4426.75,4415.5,4426.75
1657289100,4426.5,4426.5,4419.75,4423.5
1657289400,4423.25,4432.25,4421.25,4431.5
1657289700,4431.25,4433.75,4429.5,4431.5
1657290000,4431.25,4439,4429.25,4439
1657290300,4439,4452.75,4438.75,4450.25
1657290600,4450.5,4453.75,4449.25,4451.75
1657290900,4451.5,4457.75,4450.5,4454.5
1657291200,4454.5,4456.25,4451,4455.75
1657291500,4455.5,4456.75,4454,4454.25
1657291800,4454.25,4455,4446.25,4448
1657292100,4448.25,4456.25,4448,4454.5
1657292400,4454.5,4457.25,4452.25,4455
1657292700,4455.25,4462.25,4452.5,4461.5
1657293000,4461.75,4462.75,4456.25,4457
1657293300,4457.25,4458.75,4454,4455.5
1657293600,4455.5,4460.75,4455.5,4459.25
1657293900,4459.25,4466,4459,4462.75
1657294200,4463,4465.5,4460.5,4464.5
1657294500,4464.5,4464.75,4457.75,4460.25
1657294800,4460.5,4461,4456.5,4458.5
1657295100,4458.5,4459,4449.75,4452
1657295400,4452.25,4456.25,4451.25,4455.5
1657295700,4455.25,4459,4453.75,4459
1657296000,4459,4459.5,4455.5,4456.25
1657296300,4456.25,4456.25,4447.5,4449
1657296600,4449,4451.75,4447.5,4448.25
1657296900,4448.25,4451.75,4446.75,4451.5
1657297200,4451.5,4453.25,4444.5,4445.75
1657297500,4445.75,4446.75,4439,4439.25
1657297800,4439.25,4441.25,4435.5,4438.25
1657298100,4438.25,4441,4432.75,4432.75
1657298400,4432.75,4435.5,4429.75,4434.75
1657298700,4434.75,4437.25,4429.75,4436.5
1657299000,4436.25,4436.75,4429.25,4432.75
1657299300,4432.5,4435.75,4429.75,4430.75
1657299600,4431,4433,4425.5,4428
1657299900,4428,4436,4427.5,4435.5
1657300200,4435.5,4438.75,4435,4437
1657300500,4436.75,4437,4432.25,4434.75
1657300800,4434.75,4435.5,4433,4434.25
1657301100,4434.25,4442.75,4434,4442.25
1657301400,4442.25,4443.25,4439.75,4441.25
1657301700,4441.25,4443.25,4438.5,4442.5
1657302000,4442.75,4445.25,4442,4443.25
1657302300,4443.5,4448.25,4441.5,4448
1657302600,4448,4450,4446.25,4448.75
1657302900,4448.5,4449,4442.25,4444.25
1657303200,4444,4445.5,4440.25,4444.5
1657303500,4444.5,4450.75,4444.25,4449.5
1657303800,4449.25,4449.75,4447,4449.25
1657304100,4449,4450.5,4447.25,4450.5
1657304400,4450.5,4455.25,4449.5,4453.25
1657304700,4453.25,4455.75,4451.25,4455.25
1657305000,4455.25,4458,4454,4458
1657305300,4458,4460.25,4456,4458.5
1657305600,4458.5,4461.75,4457,4461.25
1657305900,4461.5,4462,4456.5,4457.25
1657306200,4457.5,4459.5,4453.5,4453.75
1657306500,4453.75,4459.75,4452.5,4459.75
1657306800,4459.75,4463.25,4456.5,4461.75
1657307100,4461.75,4462.25,4454.5,4455
1657307400,4455.25,4461.25,4454,4460
1657307700,4460,4460.25,4455.5,4457.5
1657308000,4457.75,4459.5,4454.75,4455.5
1657308300,4455.75,4456.5,4453,4455
1657308600,4455.25,4456.5,4448.25,4451
1657308900,4450.75,4454,4448.25,4450.5
1657309200,4450.75,4455.5,4450,4454
1657309500,4454,4455,4449.25,4450.25
1657309800,4450.25,4452.25,4446.5,4451
1657310100,4450.75,4453.5,4443.5,4446
1657310400,4446,4449.5,4443.25,4448
1657310700,4448.25,4449.5,4447.5,4448.5
1657311000,4448.5,4450,4448,4449.75
1657311300,4449.5,4450,4448.25,4449.75
1657311600,4450,4450.25,4448.25,4449
1657311900,4448.75,4450,4448.5,4449.75
1657312200,4449.5,4449.75,4449,4449.25
1657312500,4449.25,4449.25,4447.75,4448.25
1657312800,4448.5,4450,4448,4449.5
1657313100,4449.25,4450.25,4448.75,4449.25
1657313400,4449.25,4450,4448.5,4449.5
1657313700,4449.25,4450.25,4449.25,4449.5
1657490400,4444,4444.75,4437.5,4439.25
1657490700,4439.5,4441.25,4439,4440.75
1657491000,4440.75,4440.75,4436.75,4437.25
1657491300,4437.25,4437.75,4435.25,4435.25
1657491600,4435.25,4436.5,4432.75,4434.5
1657491900,4434.25,4436,4434,4434.25
1657492200,4434.25,4435.75,4434,4434.5
1657492500,4434.5,4436.25,4434,4435.75
1657492800,4435.5,4436.5,4435.5,4436
1657493100,4436,4436.5,4434.75,4435.25
1657493400,4435.25,4436.5,4435,4436.5
1657493700,4436.5,4437.25,4435,4435.25
1657494000,4435.5,4436,4434,4434.75
1657494300,4434.75,4438.5,4434.75,4437.75
1657494600,4437.75,4438.5,4436,4438
1657494900,4438,4438,4435.5,4436
1657495200,4436,4436,4434.25,4435
1657495500,4435,4437.5,4434.5,4437.25
1657495800,4437.5,4440.75,4437.5,4439.25
1657496100,4439,4440.75,4437.25,4439.75
1657496400,4440,4442.75,4439.75,4441.75
1657496700,4442,4443.75,4441.25,4443
1657497000,4443,4443.75,4441,4441.5
1657497300,4441.5,4442,4439.75,4440.75
1657497600,4440.75,4441.25,4437.75,4438.5
1657497900,4438.5,4440.25,4437.25,4437.25
1657498200,4437.25,4438.25,4435.75,4436.75
1657498500,4436.75,4437.5,4434,4434.5
1657498800,4434.75,4438.25,4434.75,4437
1657499100,4437,4440,4437,4438.75
1657499400,4438.5,4441,4436.75,4437
1657499700,4437,4438,4436,4437.25
1657500000,4437.25,4438.25,4436,4436.25
1657500300,4436.25,4438,4436,4436.25
1657500600,4436,4438.5,4436,4438
1657500900,4438.25,4440.25,4438,4438.25
1657501200,4438.25,4438.5,4434.5,4434.75
1657501500,4434.75,4434.75,4430,4432.5
1657501800,4432.75,4434.25,4431.25,4434.25
1657502100,4434,4434.25,4429.75,4431.25
1657502400,4431.25,4431.75,4428,4428
1657502700,4428.25,4429.5,4427,4427.25
1657503000,4427.25,4430.25,4427,4429
1657503300,4429,4429,4425,4427.25
1657503600,4427,4429.25,4426.5,4428.25
1657503900,4428.25,4429,4426,4427.25
1657504200,4427.25,4427.25,4421.25,4423
1657504500,4422.75,4424,4421,4421.25
1657504800,4421.25,4422.5,4419.5,4420
1657505100,4419.75,4421.5,4419,4420.25
1657505400,4420,4421,4419,4419.5
1657505700,4419.25,4419.75,4419,4419.25
1657506000,4419,4421.5,4419,4420.75
1657506300,4420.75,4421.75,4420.25,4421.75
1657506600,4421.75,4422.75,4420.25,4422.5
1657506900,4422.25,4423,4420.5,4422.25
1657507200,4422.25,4423.75,4421.75,4423.25
1657507500,4423.25,4423.25,4420.75,4421.5
1657507800,4421.5,4421.75,4419.25,4419.5
1657508100,4419.25,4421,4419,4419.5
1657508400,4419.5,4420,4419,4419.5
1657508700,4419.25,4421,4419,4420.75
1657509000,4420.5,4421.5,4416.5,4417.5
1657509300,4417.5,4418.75,4415.5,4418.5
1657509600,4418.5,4419.75,4417,4419.25
1657509900,4419.25,4420.5,4418.5,4420
1657510200,4420.25,4420.75,4419,4420.5
1657510500,4420.25,4422.25,4420.25,4422.25
1657510800,4422,4422,4419.75,4420.25
1657511100,4420.25,4421.5,4419.25,4421
1657511400,4421,4421.25,4420,4420.75
1657511700,4420.5,4421.75,4420.25,4421.5
1657512000,4421.5,4422.75,4421.25,4422.25
1657512300,4422,4422.25,4421.5,4421.75
1657512600,4421.5,4423.5,4421.5,4423.25
1657512900,4423,4423.5,4422.25,4422.75
1657513200,4422.75,4423.25,4420.5,4421.25
1657513500,4421.25,4421.75,4420.5,4421.25
1657513800,4421.25,4424.25,4420,4423
1657514100,4423,4423.5,4421.75,4422.5
1657514400,4422.5,4423,4420,4420.5
1657514700,4420.5,4421.75,4420.5,4420.75
1657515000,4420.75,4421.25,4419.5,4420.75
1657515300,4420.5,4421,4419.5,4420.25
1657515600,4420,4420.25,4418.5,4419.75
1657515900,4419.5,4421,4418.75,4419.25
1657516200,4419,4419.5,4418.25,4419.5
1657516500,4419.5,4421.75,4419.5,4421.25
1657516800,4421.25,4423,4420.75,4422.5
1657517100,4422.5,4422.75,4420.25,4421
1657517400,4421.25,4421.5,4419,4420.25
1657517700,4420.25,4421.5,4419.5,4421.25
1657518000,4421.25,4422.5,4420,4422
1657518300,4422,4422.25,4420,4420.5
1657518600,4420.25,4420.5,4416.5,4417.75
1657518900,4417.75,4419.25,4416,4417.5
1657519200,4417.5,4421,4416.25,4420
1657519500,4420,4420.25,4407.5,4410.25
1657519800,4410,4411.25,4407.5,4408.25
1657520100,4408,4411.5,4407.5,4411.25
1657520400,4411.25,4412.75,4410.5,4411.75
1657520700,4411.75,4414.25,4411.25,4413.5
1657521000,4413.75,4415.5,4412.75,4414
1657521300,4414.25,4415.5,4413,4413.75
1657521600,4414,4414.5,4411.75,4413.25
1657521900,4413.25,4413.5,4411.75,4412.25
1657522200,4412.25,4412.5,4409.25,4410
1657522500,4410,4412.5,4409.75,4410.75
1657522800,4410.75,4412.75,4407.5,4412
1657523100,4412,4418,4411.75,4415.5
1657523400,4415.5,4418.75,4415,4415
1657523700,4415,4418.5,4413.5,4418.5
1657524000,4418.75,4421.25,4417.25,4418.5
1657524300,4418.5,4419.25,4415.5,4416
1657524600,4416.25,4420,4414.5,4419.75
1657524900,4419.75,4422.5,4418.25,4418.75
1657525200,4419,4420,4416.75,4417.75
1657525500,4417.75,4420.5,4415,4416
1657525800,4416,4417.25,4414.5,4415.5
1657526100,4415.75,4418,4415,4416.5
1657526400,4416.5,4418.75,4414.75,4416
1657526700,4415.75,4420.25,4415.25,4418.5
1657527000,4418.5,4424.5,4418,4421.5
1657527300,4421.5,4424.75,4420.5,4423.75
1657527600,4423.5,4424.5,4420.25,4423
1657527900,4422.75,4423.75,4420,4420.25
1657528200,4420,4422.5,4420,4422.5
1657528500,4422.5,4424.5,4422,4423.25
1657528800,4423.5,4423.5,4420.5,4421.25
1657529100,4421,4421.75,4420.25,4421.5
1657529400,4421.75,4423,4419.5,4422
1657529700,4421.75,4422,4419.5,4421
1657530000,4421,4424.75,4418.75,4424.5
1657530300,4424.5,4426,4423,4424.5
1657530600,4424.5,4427.25,4424,4425.75
1657530900,4425.75,4427.25,4424.75,4425.5
1657531200,4425.5,4425.75,4423.25,4425.5
1657531500,4425.5,4427.5,4423.25,4423.5
1657531800,4423.5,4424.25,4421.25,4421.75
1657532100,4421.75,4424,4421.5,4422.75
1657532400,4423,4424,4421.25,4421.75
1657532700,4421.75,4423.75,4421.25,4422
1657533000,4421.75,4422.5,4420.75,4421
1657533300,4421,4421.75,4420.75,4421.25
1657533600,4421.25,4422,4419.25,4421.75
1657533900,4421.75,4425.5,4421.75,4424.25
1657534200,4424.25,4425.75,4424,4425.75
1657534500,4425.5,4429.75,4425.5,4429.25
1657534800,4429,4430.5,4427.5,4428.5
1657535100,4428.25,4429.25,4426,4426
1657535400,4426,4426.25,4422.75,4423.25
1657535700,4423.25,4425.25,4422.75,4423.75
1657536000,4423.75,4426.75,4423.25,4426.75
1657536300,4426.5,4428,4426,4426.75
1657536600,4426.75,4427,4422.5,4423
1657536900,4422.75,4425.25,4422.5,4424.5
1657537200,4424.5,4428,4424.5,4427.25
1657537500,4427.25,4428.75,4427,4427.75
1657537800,4427.75,4428.5,4426.75,4427.5
1657538100,4427.5,4428.25,4426.5,4427.25
1657538400,4427.25,4427.5,4425,4425.25
1657538700,4425.25,4425.25,4422.25,4422.75
1657539000,4422.75,4424.5,4422.25,4423
1657539300,4423,4423.75,4421.5,4422.25
1657539600,4422,4422,4418.75,4420
1657539900,4419.75,4420.5,4418.25,4419.5
1657540200,4419.5,4419.5,4416,4416.25
1657540500,4416.5,4417.75,4415.5,4417.5
1657540800,4417.5,4418.75,4416.5,4416.75
1657541100,4416.5,4420.25,4415.5,4419.25
1657541400,4419.25,4421,4419,4419.5
1657541700,4419.5,4420.25,4418.5,4419.75
1657542000,4419.75,4423.25,4419.75,4422
1657542300,4422,4422.5,4420,4421
1657542600,4421,4422.5,4418,4418.5
1657542900,4418.5,4419.25,4417.25,4417.25
1657543200,4417,4418.25,4414.75,4417
1657543500,4417.25,4417.5,4413.5,4415.25
1657543800,4415.5,4419.25,4415.25,4418.25
1657544100,4418.25,4420.5,4417.25,4419.25
1657544400,4419.25,4421.75,4419,4421
1657544700,4421,4422.25,4419.25,4420
1657545000,4419.75,4420.75,4417,4417
1657545300,4417,4420.75,4416.5,4419.75
1657545600,4419.75,4421,4419,4420.5
1657545900,4420.5,4420.75,4416.75,4417.5
1657546200,4417.25,4428,4416.5,4421.5
1657546500,4421.75,4422,4404,4405
1657546800,4405,4407.5,4400.5,4404.5
1657547100,4404.75,4404.75,4396.25,4400.25
1657547400,4400.25,4402.75,4395.5,4400.5
1657547700,4400.25,4407.5,4399.75,4405.25
1657548000,4405,4405,4397.75,4399.75
1657548300,4399.5,4405.25,4396.75,4402.25
1657548600,4402.25,4409,4401.5,4403.25
1657548900,4403,4408.5,4399.75,4400.25
1657549200,4400.25,4402.25,4395.25,4398.25
1657549500,4398.25,4403.75,4397.25,4401.75
1657549800,4401.75,4408,4400.25,4405
1657550100,4405,4410.5,4402.5,4409
1657550400,4409,4414,4407.25,4409.75
1657550700,4409.5,4411.75,4405.75,4408
1657551000,4408,4410.5,4405.25,4407
1657551300,4407.25,4407.5,4399.25,4399.5
1657551600,4399.75,4403.75,4398.5,4402.5
1657551900,4402.5,4408.75,4401.75,4407.5
1657552200,4407.5,4411.5,4406.25,4407.75
1657552500,4407.75,4411.25,4405.75,4406.75
1657552800,4406.75,4409.75,4404,4404.25
1657553100,4404.25,4410.25,4404,4409.25
1657553400,4409.25,4411,4405,4405.75
1657553700,4405.75,4412.5,4402.25,4407
1657554000,4407,4408.5,4401.75,4406
1657554300,4406.25,4406.5,4401.25,4402.25
1657554600,4402,4404,4398.75,4402
1657554900,4401.75,4405.25,4401,4404.5
1657555200,4404.25,4406,4401,4403.25
1657555500,4403,4405.5,4401.25,4404.5
1657555800,4404.5,4407.75,4403.75,4406
1657556100,4406.25,4408.5,4404.75,4405.75
1657556400,4405.75,4406.25,4401,4404
1657556700,4404,4406,4402.5,4405.75
1657557000,4405.75,4407.25,4403.75,4406.5
1657557300,4406.5,4411.5,4406.25,4410.25
1657557600,4410.5,4410.75,4406.25,4408
1657557900,4408,4408.75,4406.25,4407
1657558200,4407,4407.25,4403.25,4406
1657558500,4405.75,4410.5,4405.75,4409
1657558800,4409,4417.5,4407.75,4413.5
1657559100,4413.5,4420.25,4411.75,4419
1657559400,4419,4420.75,4417.75,4417.75
1657559700,4418,4418.75,4416.75,4417.5
1657560000,4417.25,4421,4417,4421
1657560300,4421,4421.25,4418.75,4420.25
1657560600,4420.25,4426,4419.5,4423.5
1657560900,4423.75,4425.5,4422.75,4425.5
1657561200,4425.5,4427.25,4423.75,4424
1657561500,4424,4425.25,4422,4423
1657561800,4422.75,4427,4422.25,4426.25
1657562100,4426,4426.25,4422.75,4423.25
1657562400,4423.25,4423.75,4417.5,4419
1657562700,4419,4421.25,4415.75,4416.25
1657563000,4416.25,4416.75,4412.5,4413.5
1657563300,4413.75,4415.25,4411,4414.25
1657563600,4414.5,4415.25,4411.5,4413.5
1657563900,4413.75,4413.75,4411.25,4411.5
1657564200,4411.75,4413.5,4409.5,4410.5
1657564500,4410.5,4412.25,4409.25,4411
1657564800,4411,4415.75,4410.25,4414.75
1657565100,4414.75,4416,4411.5,4411.5
1657565400,4411.75,4411.75,4406.5,4408
1657565700,4408,4409.75,4404.5,4404.75
1657566000,4404.5,4406.5,4399.25,4399.75
1657566300,4399.75,4403,4399,4400.75
1657566600,4400.5,4402.5,4399,4401.25
1657566900,4401,4402,4397.25,4399.25
1657567200,4399,4401.5,4397.25,4399.5
1657567500,4399.5,4402.75,4398.25,4401
1657567800,4401.25,4404,4400.25,4402
1657568100,4401.75,4403,4398.75,4400.75
1657568400,4400.75,4403,4397.25,4397.25
1657568700,4397.5,4401.75,4396,4397.75
1657569000,4398,4398.25,4394,4396
1657569300,4396,4402.5,4395.25,4401.75
1657569600,4402,4405.25,4401.25,4405
1657569900,4404.75,4407,4404.75,4406.25
1657570200,4406.25,4408,4405.5,4406.75
1657570500,4406.5,4407.75,4405.75,4406
1657570800,4405.75,4406.75,4405.5,4406.25
1657571100,4406.25,4406.75,4405.5,4406.5
1657571400,4406.5,4407.75,4406.5,4407.5
1657571700,4407.25,4407.5,4406,4407
1657572000,4406.75,4406.75,4405.75,4405.75
1657572300,4406,4406.5,4405.25,4405.75
1657572600,4406,4406,4405.25,4405.5
1657572900,4405.5,4406.25,4405,4406
1657576800,4406,4406,4402.5,4402.75
1657577100,4402.75,4403.75,4402,4403.5
1657577400,4403.5,4404.25,4402.25,4403.5
1657577700,4403.75,4404.5,4403,4404
1657578000,4404,4404.25,4403.5,4403.75
1657578300,4403.5,4404.5,4403.5,4404.25
1657578600,4404.25,4405.5,4404.25,4404.5
1657578900,4404.5,4404.75,4401.75,4402.25
1657579200,4402.25,4402.5,4400.5,4400.75
1657579500,4400.75,4401.25,4399,4399.75
1657579800,4400,4400.5,4399.25,4400
1657580100,4399.75,4400.5,4398.5,4399.75
1657580400,4400,4401.5,4399.25,4401.5
1657580700,4401.5,4403.5,4401.25,4403.5
1657581000,4403.5,4403.5,4402,4402.75
1657581300,4402.75,4403.5,4401.75,4402
1657581600,4402,4403,4401.5,4402.25
1657581900,4402.25,4405.25,4402.25,4405
1657582200,4404.75,4405.25,4404,4404.25
1657582500,4404,4406.75,4404,4405.75
1657582800,4406,4406,4404.75,4404.75
1657583100,4405,4407,4404.75,4406.75
1657583400,4406.5,4407,4405.5,4406
1657583700,4406,4408,4405.25,4407.5
1657584000,4407.5,4409,4403.5,4405.25
1657584300,4405.5,4406.5,4404.25,4405
1657584600,4405.5,4405.75,4403.25,4403.5
1657584900,4403.5,4405,4402.25,4402.75
1657585200,4402.5,4403.25,4401.75,4402.75
1657585500,4402.5,4402.5,4396,4397.5
1657585800,4397.5,4398.5,4395,4395.75
1657586100,4395.75,4397.75,4394.5,4397.75
1657586400,4397.75,4398.25,4395.25,4396
1657586700,4395.75,4396.5,4386.5,4389.25
1657587000,4389,4389.75,4381.5,4383.5
1657587300,4383.5,4384.75,4381,4381.75
1657587600,4382,4383,4380.25,4381.5
1657587900,4381.5,4384.25,4381,4382.5
1657588200,4382.25,4382.75,4380.25,4382
1657588500,4382,4384,4381.75,4382.25
1657588800,4382.25,4383,4379.25,4379.25
1657589100,4379.75,4383.5,4379,4383
1657589400,4383,4386.75,4382.25,4384.25
1657589700,4384.5,4385,4382,4384
1657590000,4384.25,4386.5,4383.75,4383.75
1657590300,4383.75,4385,4381.75,4383.5
1657590600,4383.75,4384.75,4382.5,4382.5
1657590900,4382.75,4383.75,4381.75,4383.5
1657591200,4383.25,4385,4382.5,4383.25
1657591500,4383.25,4386,4383.25,4384.5
1657591800,4384.5,4384.75,4382.75,4382.75
1657592100,4382.5,4383.25,4381.25,4381.75
1657592400,4381.75,4384,4381.75,4383.5
1657592700,4383.5,4384.75,4382.75,4382.75
1657593000,4382.75,4383,4381,4382.75
1657593300,4382.5,4383.5,4381,4381.25
1657593600,4381.25,4382,4380,4380.5
1657593900,4380.25,4382.5,4380.25,4381
1657594200,4381,4382.5,4380.5,4381
1657594500,4381,4382.5,4380.25,4381.75
1657594800,4382,4382.75,4379,4379.5
1657595100,4379.75,4379.75,4375.25,4378
1657595400,4377.75,4378.25,4376.75,4377.5
1657595700,4377.5,4377.75,4376.5,4376.75
1657596000,4376.75,4380.25,4376,4379
1657596300,4379,4379.75,4378,4378.25
1657596600,4378,4379.75,4377.75,4378.75
1657596900,4378.5,4378.75,4377.25,4378.25
1657597200,4378.5,4382,4378.25,4381.25
1657597500,4381.5,4382,4380,4381
1657597800,4381,4382,4380,4381
1657598100,4381.25,4381.5,4380.25,4381.5
1657598400,4381.5,4381.5,4379.25,4379.5
1657598700,4379.5,4380.25,4378.5,4379.25
1657599000,4379.5,4379.75,4378,4379.75
1657599300,4379.75,4379.75,4377.75,4377.75
1657599600,4377.75,4378.5,4376.5,4378.25
1657599900,4378.25,4380,4378,4379.25
1657600200,4379.25,4379.5,4378,4378
1657600500,4378,4379.25,4377.75,4378.75
1657600800,4378.75,4379.25,4377.5,4377.75
1657601100,4377.75,4378.25,4377,4377.75
1657601400,4377.5,4378.25,4376.75,4378.25
1657601700,4378.25,4379.75,4378,4379.25
1657602000,4379.25,4379.5,4377,4378
1657602300,4378,4379.75,4377,4379.5
1657602600,4379.5,4379.5,4378,4378.75
1657602900,4379,4381,4377.75,4380.5
1657603200,4380.25,4381.5,4379.75,4381.25
1657603500,4381,4381.75,4380,4380.75
1657603800,4380.75,4380.75,4378.25,4379.25
1657604100,4379.25,4380.5,4378.75,4379
1657604400,4379,4380.75,4378.5,4380.25
1657604700,4380.25,4381.25,4379.5,4379.75
1657605000,4379.5,4380.75,4379.25,4380
1657605300,4380,4380.25,4377.75,4377.75
1657605600,4377.75,4377.75,4372,4373
1657605900,4372.75,4376.5,4371.5,4375.25
1657606200,4375.25,4377,4374.5,4376.75
1657606500,4376.75,4377.75,4374.75,4377.75
1657606800,4377.5,4382.25,4377,4378.5
1657607100,4378.5,4381.25,4378.5,4378.75
1657607400,4379,4380.25,4377.5,4379.75
1657607700,4379.75,4380,4377.5,4378.25
1657608000,4378,4378.25,4376.5,4377.75
1657608300,4377.75,4378,4374.5,4375
1657608600,4375,4377.75,4373.25,4376.75
1657608900,4376.5,4379,4375.75,4378.75
1657609200,4378.5,4381.25,4377,4379.75
1657609500,4379.75,4381.75,4376,4379
1657609800,4378.75,4379,4371.75,4375.5
1657610100,4375.75,4377.5,4372.5,4373.5
1657610400,4373.25,4375,4368,4370.75
1657610700,4370.75,4372.75,4368.75,4370
1657611000,4369.75,4372,4365.25,4366.75
1657611300,4366.5,4369.5,4364.75,4368.75
1657611600,4368.75,4373,4367.75,4372.5
1657611900,4372.75,4376,4372.5,4373.5
1657612200,4373.25,4375.5,4373.25,4375.25
1657612500,4375,4376,4373.25,4376
1657612800,4376,4376.25,4373,4375.5
1657613100,4375.5,4376.75,4373,4373.75
1657613400,4373.75,4375.5,4372.5,4372.75
1657613700,4372.75,4374.5,4372.25,4373.75
1657614000,4373.75,4376.25,4372.5,4375.75
1657614300,4376,4376.5,4374.75,4376.25
1657614600,4376,4379.75,4375.75,4379.5
1657614900,4379.5,4381.5,4379,4379.75
1657615200,4379.75,4380.75,4379.75,4380.25
1657615500,4380.25,4380.5,4379,4379.5
1657615800,4379.75,4379.75,4378.25,4378.5
1657616100,4378.5,4379.25,4378.25,4378.5
1657616400,4378.5,4381.5,4376.75,4378.5
1657616700,4378.25,4381.25,4378,4379
1657617000,4378.75,4380,4378.25,4378.75
1657617300,4379,4380.25,4378.25,4379
1657617600,4379,4379.5,4375.5,4376.75
1657617900,4376.75,4377.25,4374.75,4374.75
1657618200,4374.75,4375.5,4373.25,4373.75
1657618500,4373.75,4375,4372.75,4373.25
1657618800,4373.5,4375.5,4373,4374
1657619100,4374,4374.25,4371,4371.25
1657619400,4371.25,4372.25,4369.25,4370
1657619700,4370.25,4372.25,4370.25,4372.25
1657620000,4372.25,4374,4372,4373.5
1657620300,4373.5,4374.5,4372.75,4374.5
1657620600,4374.25,4382,4374.25,4378.75
1657620900,4378.75,4381,4378.75,4379.75
1657621200,4380,4381.75,4379.25,4380.75
1657621500,4381,4383.25,4379.75,4380
1657621800,4380,4380.75,4376.75,4377.25
1657622100,4377.5,4378.5,4376.25,4376.5
1657622400,4376.5,4377.75,4375.75,4377.25
1657622700,4377,4378.5,4376,4378.25
1657623000,4378,4379.75,4372.5,4373.5
1657623300,4373.75,4373.75,4370,4370.5
1657623600,4370.25,4372.25,4369.5,4370.75
1657623900,4371,4372.5,4370.75,4372.25
1657624200,4372.25,4376,4372.25,4373.75
1657624500,4374,4376.75,4372.75,4376.5
1657624800,4376.25,4380.25,4376,4380
1657625100,4380.25,4382.5,4379.25,4381.25
1657625400,4381.5,4387.25,4380.75,4386.75
1657625700,4386.75,4387.25,4384.5,4386.5
1657626000,4386.5,4388.75,4384.25,4384.5
1657626300,4384.5,4384.5,4382.25,4383.75
1657626600,4383.75,4386.5,4383,4383.5
1657626900,4383.5,4383.5,4381,4382
1657627200,4382,4383.75,4381.5,4383.25
1657627500,4383,4385.75,4382.5,4382.75
1657627800,4382.5,4382.75,4379,4379.5
1657628100,4379.75,4380,4378,4378.75
1657628400,4378.5,4381.5,4378,4380.5
1657628700,4380.5,4385,4380.5,4383.25
1657629000,4383.5,4387.5,4382.25,4386.75
1657629300,4386.75,4390.25,4386,4389.75
1657629600,4389.75,4391.5,4386.75,4391.25
1657629900,4391.25,4391.25,4385.75,4387.25
1657630200,4387.25,4388.5,4386,4388.25
1657630500,4388.25,4389.75,4387.25,4387.75
1657630800,4388,4391,4385.75,4390.75
1657631100,4391,4394,4390.75,4392.25
1657631400,4392,4394,4391,4393
1657631700,4393,4394,4391.25,4392.25
1657632000,4392.25,4393.5,4391.75,4393
1657632300,4393,4397.25,4393,4394.75
1657632600,4395,4407.25,4394.25,4401.5
1657632900,4401.75,4420.5,4401.5,4417.25
1657633200,4417.25,4419.25,4410.5,4411.5
1657633500,4411.75,4414.5,4404,4404
1657633800,4404.25,4408.25,4402.5,4406.5
1657634100,4406.75,4407,4395.25,4396.25
1657634400,4396,4396.5,4384,4386.5
1657634700,4386.25,4392,4385.5,4388.25
1657635000,4388,4397.75,4386,4392.75
1657635300,4392.5,4395.5,4388,4394.75
1657635600,4394.75,4398,4388.75,4390.25
1657635900,4390,4395,4385.75,4388.5
1657636200,4388.5,4401,4388,4399.75
1657636500,4399.75,4400.25,4394.5,4395
1657636800,4395,4397.25,4391.5,4396.25
1657637100,4396.5,4400.5,4391.5,4395
1657637400,4395.25,4397.75,4390.75,4396.5
1657637700,4396.5,4401.5,4395.5,4399.5
1657638000,4399.5,4401,4395,4396.75
1657638300,4396.75,4402.75,4393.75,4402.5
1657638600,4402.75,4410.25,4401.5,4406.5
1657638900,4406.25,4407.25,4399.25,4401.25
1657639200,4401.25,4408.5,4400.75,4406.5
1657639500,4406.5,4410.5,4404,4409.5
1657639800,4409.75,4412.5,4406.75,4408.75
1657640100,4408.5,4410.25,4401.5,4404
1657640400,4404,4404.25,4398,4400.25
1657640700,4400.25,4402.75,4398.5,4401
1657641000,4401.25,4402.25,4398.25,4398.5
1657641300,4398.75,4402.25,4397.5,4402.25
1657641600,4402,4404.5,4399.5,4401.5
1657641900,4401.75,4406,4398.25,4398.75
1657642200,4398.5,4405,4398.25,4403.75
1657642500,4404,4405.5,4401.75,4403
1657642800,4403.25,4406,4401,4404.5
1657643100,4404.75,4406.5,4402.75,4405.75
1657643400,4405.75,4409.75,4404,4408.75
1657643700,4409,4411.5,4407.5,4409.5
1657644000,4409.75,4410.5,4407.25,4408.5
1657644300,4408.25,4410.5,4407,4408.25
1657644600,4408.25,4408.25,4402.5,4405.5
1657644900,4405.5,4408.25,4404.25,4407.25
1657645200,4407.5,4413,4401.5,4404.25
1657645500,4404.25,4405.25,4400,4401.25
1657645800,4401.5,4401.5,4398.75,4400.25
1657646100,4400.25,4401,4397.5,4397.75
1657646400,4398,4399.25,4395.75,4397
1657646700,4397,4400,4395.75,4400
1657647000,4400,4401.75,4399,4399.5
1657647300,4399.5,4401.25,4398.75,4399.5
1657647600,4399.5,4402.5,4399.25,4401
1657647900,4401.25,4402,4398,4400.75
1657648200,4400.75,4404.25,4399.5,4404.25
1657648500,4404.25,4405.25,4402.5,4403.25
1657648800,4403.25,4404.25,4398,4398
1657649100,4398,4399,4396.75,4398.25
1657649400,4398.25,4401.25,4397.5,4399.75
1657649700,4399.5,4400.5,4397.75,4398.75
1657650000,4398.75,4399.25,4396.5,4396.75
1657650300,4396.75,4398.5,4396,4397.5
1657650600,4397.25,4398.75,4391.5,4392
1657650900,4391.75,4394.5,4391.25,4393.25
1657651200,4393.25,4393.25,4390.5,4392.25
1657651500,4392.5,4394,4391,4393.25
1657651800,4393.25,4393.25,4389.5,4390
1657652100,4390,4390.25,4384,4384
1657652400,4384.25,4384.25,4370,4371.25
1657652700,4371,4374.25,4366.25,4366.5
1657653000,4366.25,4372.25,4363.5,4371.25
1657653300,4371.25,4372,4366.75,4370.25
1657653600,4370.25,4371.5,4360.5,4361.75
1657653900,4361.75,4366,4360,4361.5
1657654200,4361.5,4363.5,4354.5,4355.25
1657654500,4355.25,4355.5,4348.75,4353
1657654800,4352.75,4356.25,4350.5,4355.75
1657655100,4356,4362,4355,4358.75
1657655400,4358.75,4369.5,4357,4367.75
1657655700,4367.5,4369.25,4364.5,4368
1657656000,4368.25,4368.75,4362.25,4362.75
1657656300,4362.75,4365.5,4362.75,4363.5
1657656600,4363.5,4366.75,4363,4365.75
1657656900,4365.5,4367.25,4365.25,4366
1657657200,4366,4366.5,4363.5,4364
1657657500,4364.25,4365.75,4363.25,4364.75
1657657800,4364.75,4366.5,4362.5,4365
1657658100,4364.75,4365.5,4364.5,4365
1657658400,4365.25,4366.75,4365,4366
1657658700,4366,4366.25,4365.5,4366.25
1657659000,4366,4367.5,4366,4367.25
1657659300,4367.25,4367.75,4366.25,4367.5
1657663200,4369,4370,4367,4367.5
1657663500,4367.5,4370.5,4367.5,4369
1657663800,4369.25,4370.25,4368.5,4368.5
1657664100,4368.5,4368.5,4366,4367
1657664400,4367.25,4367.5,4365,4366
1657664700,4366,4367.75,4365.5,4366.5
1657665000,4366.75,4367.5,4366,4367.25
1657665300,4367.5,4367.75,4366,4366
1657665600,4366,4369,4366,4368.75
1657665900,4368.75,4368.75,4367.75,4368.75
1657666200,4368.75,4368.75,4367.5,4367.75
1657666500,4368,4368,4366.5,4366.75
1657666800,4366.75,4369,4366.75,4368.25
1657667100,4368.5,4369.5,4368,4368.25
1657667400,4368.25,4368.25,4367.75,4368
1657667700,4367.75,4367.75,4366,4366
1657668000,4366,4366.25,4362.75,4365.75
1657668300,4366,4366,4364.75,4365.25
1657668600,4365.25,4369.5,4365,4369
1657668900,4369,4371,4368.25,4371
1657669200,4371,4372,4369.75,4370.5
1657669500,4370.5,4370.75,4368.75,4369.5
1657669800,4369.25,4369.25,4365.25,4366
1657670100,4366.25,4366.75,4365.25,4366
1657670400,4366.25,4371.75,4366,4370
1657670700,4370,4370.25,4368.25,4368.75
1657671000,4368.75,4369,4364.75,4369
1657671300,4368.75,4370.75,4367.5,4369.75
1657671600,4369.75,4371.25,4368.75,4369.75
1657671900,4369.5,4371,4368,4368.5
1657672200,4368.5,4370.75,4367.25,4369.25
1657672500,4369.25,4373,4368.25,4373
1657672800,4373,4373.5,4371.25,4373
1657673100,4372.75,4374,4371.25,4371.5
1657673400,4371.25,4372.25,4370.5,4371
1657673700,4371,4373.25,4370.75,4372
1657674000,4372.25,4376.5,4371.75,4375.25
1657674300,4375.25,4377.5,4375.25,4376
1657674600,4376,4376.5,4374,4375
1657674900,4375,4375.75,4371.75,4372
1657675200,4372,4372.75,4369.75,4369.75
1657675500,4369.75,4371.25,4369,4370.25
1657675800,4370.25,4371.5,4368,4369.75
1657676100,4370,4370,4366.25,4366.25
1657676400,4366.5,4368.5,4364.5,4365.75
1657676700,4365.75,4369,4364.5,4367.25
1657677000,4367.5,4369,4365.5,4367.5
1657677300,4367.75,4368.75,4366.5,4367.25
1657677600,4367.25,4370.75,4367.25,4370
1657677900,4370,4370.25,4367,4367.5
1657678200,4367.5,4370,4367.5,4367.75
1657678500,4367.75,4367.75,4365.75,4367
1657678800,4366.75,4369,4366,4366.75
1657679100,4366.75,4367.5,4365.5,4366.75
1657679400,4366.5,4369.25,4366.5,4369.25
1657679700,4369.5,4372.25,4368,4372
1657680000,4372,4372,4370.25,4370.5
1657680300,4370.75,4373.25,4370,4373
1657680600,4373.25,4373.75,4372,4373.5
1657680900,4373.5,4374.5,4372.5,4373.25
1657681200,4373.75,4374.25,4372.25,4372.75
1657681500,4372.5,4373.75,4372.25,4373.25
1657681800,4373,4373.5,4372.5,4373.5
1657682100,4373.5,4374.5,4371.75,4372.75
1657682400,4372.5,4375,4372.5,4374.75
1657682700,4375,4375,4373,4373.25
1657683000,4373.5,4376.5,4373.25,4375.75
1657683300,4376,4376.5,4375,4376
1657683600,4375.75,4376.75,4375,4376
1657683900,4376,4376.5,4375.25,4375.5
1657684200,4375.25,4375.5,4373.5,4375
1657684500,4374.75,4375,4373.75,4374
1657684800,4374.25,4374.5,4372.5,4373
1657685100,4372.75,4373.25,4372,4372.5
1657685400,4372.5,4373.25,4372,4372.5
1657685700,4372.25,4373.25,4372.25,4373
1657686000,4373,4374.25,4372.75,4373.25
1657686300,4373,4374.75,4373,4374.25
1657686600,4374.25,4374.5,4371.75,4372.75
1657686900,4373,4373.5,4372.25,4373.25
1657687200,4373.5,4374.5,4373.25,4373.5
1657687500,4373.25,4373.5,4372.5,4372.75
1657687800,4372.75,4373.75,4372,4372.5
1657688100,4372.25,4373.25,4371.5,4372.75
1657688400,4372.5,4374.25,4371.5,4373
1657688700,4373,4373.25,4372,4372
1657689000,4372,4372.5,4371,4371.5
1657689300,4371.5,4372.25,4370.75,4371.75
1657689600,4371.75,4372,4369.75,4372
1657689900,4372,4373.75,4371,4373.25
1657690200,4373.25,4373.25,4369.5,4369.5
1657690500,4369.5,4372,4369.5,4372
1657690800,4372,4373,4371,4372.25
1657691100,4372,4373.5,4371.5,4373.25
1657691400,4373.5,4373.75,4372.25,4373.25
1657691700,4373.5,4374,4372.75,4372.75
1657692000,4373,4374.75,4372,4372.5
1657692300,4372.75,4373.5,4371.25,4371.75
1657692600,4371.5,4372.75,4369,4370.75
1657692900,4370.75,4371,4368,4370.25
1657693200,4370.5,4371.75,4370,4370
1657693500,4370.25,4373.25,4369.5,4372.75
1657693800,4373,4373.5,4371.25,4372.25
1657694100,4372.25,4374.75,4371.75,4374.25
1657694400,4374,4379.5,4374,4379
1657694700,4379,4382.5,4378,4381
1657695000,4381,4382.75,4378,4379.5
1657695300,4379.75,4381.5,4379,4380.25
1657695600,4380.5,4380.75,4376,4378.25
1657695900,4378,4378.5,4374.75,4376.25
1657696200,4376.25,4378.25,4374.75,4375.25
1657696500,4375.5,4375.5,4369.75,4372.75
1657696800,4372.75,4373,4370.75,4372.5
1657697100,4372.25,4373.75,4369.5,4371
1657697400,4371,4374.25,4369.25,4373.5
1657697700,4373.25,4373.5,4369,4370.5
1657698000,4370.75,4371.25,4367.5,4368.25
1657698300,4368,4368.5,4365,4368.5
1657698600,4368.25,4368.25,4366.25,4367
1657698900,4366.75,4367.75,4365.25,4366.5
1657699200,4366.5,4369.5,4364.5,4368
1657699500,4368.25,4369,4362.5,4365.25
1657699800,4365.25,4366.25,4364,4364.75
1657700100,4365,4369.75,4364.25,4369
1657700400,4369,4370.25,4368.25,4369.75
1657700700,4369.75,4371.75,4369.5,4371.25
1657701000,4371.25,4374.5,4370.75,4374.25
1657701300,4374.25,4376.5,4373.75,4376.5
1657701600,4376.5,4376.5,4373.5,4374
1657701900,4374,4378.25,4373.5,4377
1657702200,4377.25,4378.5,4376.5,4378
1657702500,4378,4381.25,4377.25,4380.5
1657702800,4380.5,4381,4378.5,4380.25
1657703100,4380,4380,4377.5,4378.75
1657703400,4378.5,4379.5,4377,4378
1657703700,4377.75,4379.5,4377,4377.5
1657704000,4377.5,4379.75,4377,4377.75
1657704300,4377.75,4380.5,4377.25,4380.25
1657704600,4380.25,4380.5,4378.25,4379.75
1657704900,4380,4380.25,4378,4379
1657705200,4379,4379.25,4375.75,4376.25
1657705500,4376,4377.5,4376,4376.75
1657705800,4376.75,4377.5,4375,4377
1657706100,4377,4377.25,4376,4376.25
1657706400,4376.25,4377.25,4374.5,4375.5
1657706700,4375.75,4376.5,4375.25,4375.75
1657707000,4375.5,4376,4374.5,4375.25
1657707300,4375.25,4376.75,4375.25,4375.75
1657707600,4375.75,4376.5,4375.25,4375.75
1657707900,4375.5,4375.5,4372.75,4374
1657708200,4373.75,4374,4372.25,4373.5
1657708500,4373.25,4373.75,4370.25,4373
1657708800,4373.25,4375.5,4373,4375
1657709100,4375,4376,4374,4374.25
1657709400,4374.5,4375.75,4373.75,4373.75
1657709700,4373.75,4375.5,4372.75,4375.5
1657710000,4375.5,4375.5,4373.25,4374.5
1657710300,4374.5,4376.5,4373,4376
1657710600,4376,4379.5,4375.5,4378.5
1657710900,4378.25,4378.75,4377.25,4377.75
1657711200,4377.5,4378.25,4373.25,4373.75
1657711500,4373.75,4376.25,4373.25,4374
1657711800,4373.75,4375.5,4372.75,4375.25
1657712100,4375.5,4376.5,4374.25,4376.5
1657712400,4376.75,4380,4376.75,4378.75
1657712700,4378.75,4381,4378.5,4380.25
1657713000,4380,4380.5,4378,4380.25
1657713300,4380,4382.25,4379.5,4380.5
1657713600,4380.25,4387.75,4378.75,4384.5
1657713900,4384.75,4385,4383.25,4383.5
1657714200,4383.75,4383.75,4379.75,4381.5
1657714500,4381.5,4384,4380.25,4383.75
1657714800,4383.75,4386.75,4383.75,4385.5
1657715100,4385.25,4417,4382.25,4402.25
1657715400,4403.5,4404.25,4304.25,4308.75
1657715700,4308.75,4314.25,4304,4307.75
1657716000,4307.75,4311.5,4299.75,4306.5
1657716300,4306.5,4309.5,4296,4309.25
1657716600,4309.25,4312.75,4305,4310.75
1657716900,4310.5,4316.5,4305.5,4314.5
1657717200,4314.5,4323.5,4308.5,4322.75
1657717500,4322.75,4323.25,4313,4320
1657717800,4320,4323.25,4316.75,4320
1657718100,4319.75,4323.25,4311.25,4313
1657718400,4313,4315.25,4307,4310.5
1657718700,4310.5,4312,4306.25,4309.25
1657719000,4309.5,4321.5,4304.5,4318.75
1657719300,4319,4336.25,4310.75,4335.75
1657719600,4335.75,4336.5,4322.75,4324.5
1657719900,4324.75,4339,4315.25,4338.75
1657720200,4338.75,4340,4331,4334
1657720500,4333.75,4337.75,4326.75,4334.25
1657720800,4334.25,4337,4320,4329.75
1657721100,4329.5,4333.5,4318.5,4322
1657721400,4321.75,4330.25,4319.5,4324.75
1657721700,4324.5,4326.5,4313.25,4313.5
1657722000,4313.5,4318.5,4308.75,4312.25
1657722300,4312,4324,4311.25,4323.75
1657722600,4323.75,4339.5,4320,4335.5
1657722900,4335.75,4341.75,4332,4338.25
1657723200,4338.5,4353.5,4336.75,4353.5
1657723500,4353.25,4355.75,4349.5,4352
1657723800,4352,4360.75,4350.25,4351
1657724100,4351,4358.25,4350.75,4354.5
1657724400,4354.5,4357.25,4350,4353.5
1657724700,4353.25,4367.75,4353.25,4360.25
1657725000,4360.5,4365.25,4359.5,4363
1657725300,4363.25,4364,4354.75,4356.75
1657725600,4357,4360.25,4354.25,4354.25
1657725900,4354.5,4354.5,4346.25,4346.75
1657726200,4346.75,4351.25,4344.75,4344.75
1657726500,4344.75,4346.5,4343,4344.75
1657726800,4344.75,4346.75,4341,4341
1657727100,4340.75,4345.25,4338.5,4345
1657727400,4345,4353.75,4344.25,4348
1657727700,4348,4350.25,4346,4346.25
1657728000,4346.5,4353.75,4344.75,4353.25
1657728300,4353.5,4357.5,4351,4355.5
1657728600,4355.5,4355.5,4347,4348
1657728900,4348,4350.25,4345.75,4350
1657729200,4350,4354.25,4346.75,4353.5
1657729500,4353.75,4357.75,4351.5,4356.75
1657729800,4357,4361.25,4354.25,4359.25
1657730100,4359.25,4362,4356.25,4361.75
1657730400,4362,4362.5,4356.75,4359.5
1657730700,4359.5,4361.75,4356.75,4360.5
1657731000,4360.25,4365,4357.75,4364.75
1657731300,4365,4367.25,4361.75,4367
1657731600,4367.25,4378.75,4363.25,4373.5
1657731900,4373.75,4376.5,4367.75,4370
1657732200,4370,4375.5,4368.25,4375.5
1657732500,4375.5,4375.75,4361,4363.25
1657732800,4363.25,4367,4360.5,4366.75
1657733100,4367,4367,4361.75,4366
1657733400,4366.25,4366.5,4360,4362.75
1657733700,4363,4363.5,4358,4359
1657734000,4359,4365.75,4358.5,4364.75
1657734300,4364.75,4369.5,4363.5,4368.5
1657734600,4368.75,4370.25,4364.25,4364.25
1657734900,4364.5,4368.5,4363,4367.5
1657735200,4367.5,4367.75,4345,4345
1657735500,4345,4353.5,4344.25,4347.75
1657735800,4347.75,4356,4346.75,4355.25
1657736100,4355.5,4356.25,4348.5,4356
1657736400,4355.75,4361,4351.25,4360
1657736700,4360.25,4363.25,4355.5,4363
1657737000,4363,4369.25,4362,4368.5
1657737300,4368.5,4371.25,4365.5,4370.75
1657737600,4370.75,4372.5,4367,4367.5
1657737900,4367.75,4371.25,4364.75,4365.75
1657738200,4365.75,4370.5,4363.5,4364
1657738500,4364,4373.5,4359.25,4373.5
1657738800,4373.5,4374,4366.75,4371.5
1657739100,4371.5,4371.75,4359.25,4362.5
1657739400,4362.75,4369,4361.5,4367.25
1657739700,4367.5,4369.5,4364.25,4369
1657740000,4369.25,4370.25,4365,4366
1657740300,4366.25,4366.5,4361,4361.25
1657740600,4361.25,4363.5,4352.5,4353.25
1657740900,4353.25,4359.25,4352,4358.75
1657741200,4359,4359,4351,4352.25
1657741500,4352.25,4354.25,4349.25,4353
1657741800,4352.75,4356,4348,4354.25
1657742100,4354.25,4357.5,4347,4347
1657742400,4347,4349,4345.5,4347.75
1657742700,4347.5,4348,4344.5,4345.5
1657743000,4345.5,4347.25,4342.25,4342.75
1657743300,4342.75,4343.75,4340.75,4341
1657743600,4340.75,4341.5,4340.25,4341
1657743900,4341,4342,4339.75,4341.75
1657744200,4341.75,4342.75,4341.5,4342
1657744500,4341.75,4342.5,4340,4341.25
1657744800,4341.25,4341.75,4340,4340.25
1657745100,4340.25,4340.75,4338.75,4339.75
1657745400,4340,4341.5,4339,4340.75
1657745700,4340.5,4341.75,4340,4340
1657749600,4339.75,4340.5,4336.75,4339
1657749900,4339,4339,4335.25,4335.5
1657750200,4335.5,4337.25,4335.5,4337
1657750500,4337,4338.5,4336.75,4337.75
1657750800,4337.75,4338,4336.5,4337.5
1657751100,4337.5,4337.75,4335.5,4337.5
1657751400,4337.25,4337.5,4333,4333
1657751700,4333,4333.5,4328.75,4329.5
1657752000,4329.25,4331,4328.5,4328.5
1657752300,4328.5,4330.25,4327,4329
1657752600,4328.75,4331.75,4328.75,4330.25
1657752900,4330.25,4330.75,4329.5,4330.5
1657753200,4330.25,4335.25,4329.5,4332
1657753500,4332,4332.25,4331,4332.25
1657753800,4332.25,4332.25,4326.5,4326.75
1657754100,4326.75,4327.5,4325.5,4325.5
1657754400,4325.75,4328.75,4325.5,4328.25
1657754700,4328.25,4328.5,4326.25,4326.5
1657755000,4326.75,4328.75,4326.5,4327.5
1657755300,4327.5,4327.75,4321.25,4321.5
1657755600,4321.75,4322,4319.5,4321.75
1657755900,4322,4322,4320.25,4321
1657756200,4321.25,4324,4321.25,4322.75
1657756500,4323,4324,4322.75,4322.75
1657756800,4322.75,4327.25,4320,4326.75
1657757100,4327,4328,4326,4327.75
1657757400,4327.5,4328.25,4326,4328
1657757700,4328,4331.75,4327.5,4331
1657758000,4331,4332.5,4329.5,4330
1657758300,4330,4331,4328.5,4329.5
1657758600,4329.5,4331.5,4329,4330
1657758900,4330,4330.5,4328,4329.5
1657759200,4329.75,4331.25,4329.75,4330.25
1657759500,4330.25,4330.25,4328,4329.5
1657759800,4329.75,4331.5,4329.25,4330.75
1657760100,4331,4332,4330.25,4330.25
1657760400,4330.25,4331.75,4329,4331.5
1657760700,4331.5,4331.75,4329.75,4331.25
1657761000,4331.5,4333.5,4331,4332
1657761300,4332.25,4335.25,4332.25,4334.5
1657761600,4334.5,4337,4333.75,4335.75
1657761900,4335.75,4336.25,4335,4335.5
1657762200,4335.5,4336.25,4333.5,4334.75
1657762500,4335,4336,4333.5,4335.5
1657762800,4335.25,4335.5,4333,4334.75
1657763100,4334.75,4335.25,4333,4333
1657763400,4333,4333.75,4331.25,4333.5
1657763700,4333.25,4339.5,4333.25,4337
1657764000,4337.25,4338.25,4336.75,4337.5
1657764300,4337.5,4339.5,4337.25,4338
1657764600,4338,4339,4337.5,4337.75
1657764900,4337.75,4338.25,4336.25,4336.5
1657765200,4336.75,4339,4336.75,4339
1657765500,4339,4339.75,4338,4338.5
1657765800,4338.5,4341.75,4338,4340.75
1657766100,4340.75,4344,4340.75,4343.25
1657766400,4343.5,4344.75,4341.5,4342.5
1657766700,4342.5,4342.75,4340.25,4341
1657767000,4341.25,4341.75,4339.75,4340
1657767300,4339.75,4341.5,4339.75,4340.75
1657767600,4341,4343.5,4340.75,4343
1657767900,4343,4345.25,4342.5,4343.75
1657768200,4344,4344.5,4342.25,4343.75
1657768500,4343.75,4344,4342.75,4342.75
1657768800,4343,4346.5,4343,4345.25
1657769100,4345.25,4348.5,4345,4347
1657769400,4347,4347.75,4346,4347
1657769700,4346.75,4348,4345.75,4346
1657770000,4346,4350.25,4345.25,4347.5
1657770300,4347.5,4348,4345.5,4345.5
1657770600,4345.5,4346.25,4344.75,4345
1657770900,4345,4345.5,4344,4345
1657771200,4345.25,4347,4345.25,4346
1657771500,4345.75,4346,4343.25,4343.75
1657771800,4343.75,4344.75,4342.75,4343
1657772100,4343.25,4345.5,4343,4344.5
1657772400,4344.5,4344.5,4343.5,4344.25
1657772700,4344,4345.75,4343.75,4345.25
1657773000,4345.25,4346.75,4345,4346.5
1657773300,4346.5,4347.25,4346,4346.5
1657773600,4346.5,4347,4346.25,4346.5
1657773900,4346.5,4348.5,4346.25,4347.25
1657774200,4347.25,4347.75,4345.5,4346
1657774500,4346,4346.75,4345.75,4346.25
1657774800,4346.25,4348,4345,4347.5
1657775100,4347.5,4348.5,4346.5,4346.75
1657775400,4346.75,4347.5,4346,4347
1657775700,4347,4348.25,4345.75,4346.25
1657776000,4346.25,4346.25,4343,4343.5
1657776300,4343.5,4344.25,4342.25,4343.75
1657776600,4343.5,4344.75,4342.75,4344.25
1657776900,4344.25,4344.5,4341.25,4341.5
1657777200,4341.5,4341.5,4337.25,4337.5
1657777500,4337.75,4338.5,4336.5,4337.75
1657777800,4338,4338.5,4335.75,4336.75
1657778100,4336.75,4338,4335.75,4337
1657778400,4337.25,4338,4332.75,4334.5
1657778700,4334.5,4339.75,4334.25,4338.75
1657779000,4338.75,4341,4338,4339.5
1657779300,4339.5,4339.5,4334.25,4335
1657779600,4335,4336.25,4331.25,4333
1657779900,4333,4335.25,4331.75,4333
1657780200,4332.75,4333.75,4329.5,4330.5
1657780500,4330.5,4331.25,4329,4330.25
1657780800,4330,4332,4329.25,4331.5
1657781100,4331.5,4335.5,4331,4334.5
1657781400,4334.25,4335.25,4332.75,4333
1657781700,4333,4334.75,4331.75,4333
1657782000,4333.25,4337,4330.75,4330.75
1657782300,4330.75,4331,4323,4323.5
1657782600,4323.5,4328.75,4322,4325.75
1657782900,4325.75,4334,4324.75,4331.75
1657783200,4331.5,4334.25,4331.25,4333.75
1657783500,4334,4336,4331.75,4333.75
1657783800,4333.5,4335.5,4329,4330.25
1657784100,4330.25,4335.75,4329.75,4330
1657784400,4330,4332.75,4327,4329.5
1657784700,4329.75,4330,4324.5,4324.75
1657785000,4325,4325.75,4321.25,4322.75
1657785300,4322.75,4323.75,4320.5,4321.5
1657785600,4321.5,4326.75,4318,4326
1657785900,4326,4326,4322.25,4325
1657786200,4325.25,4326,4322.75,4324.75
1657786500,4324.75,4326.25,4321,4324
1657786800,4323.75,4324.5,4315.25,4315.25
1657787100,4315.5,4317.25,4314.75,4316
1657787400,4316.25,4316.25,4311.75,4313
1657787700,4313.25,4315.5,4307,4307.25
1657788000,4307.25,4308,4300.75,4301
1657788300,4301,4305.25,4300.25,4303.25
1657788600,4303.25,4305.25,4300.5,4301.5
1657788900,4301.5,4308.5,4299.25,4303
1657789200,4303,4305.25,4301.75,4305
1657789500,4305.25,4306.75,4303.75,4306.5
1657789800,4306.5,4307.75,4304.5,4305.25
1657790100,4305,4305.75,4302,4303.75
1657790400,4303.75,4305.5,4299.25,4300.25
1657790700,4300.25,4305,4300.25,4303
1657791000,4302.75,4305.75,4301.5,4301.75
1657791300,4302.25,4304.75,4300.5,4304.5
1657791600,4304.5,4308.75,4303.5,4307.75
1657791900,4307.75,4309,4307.25,4308.75
1657792200,4308.75,4311.25,4306,4311.25
1657792500,4311,4312.25,4309.75,4311.5
1657792800,4311.5,4312,4309.5,4310.75
1657793100,4310.75,4313.25,4310.25,4310.25
1657793400,4310.5,4311,4306.75,4307.75
1657793700,4307.5,4310,4306.5,4307.75
1657794000,4307.75,4310.5,4306.25,4306.75
1657794300,4306.75,4308.5,4306.5,4307.75
1657794600,4308,4309.5,4306,4309.5
1657794900,4309.5,4311,4307.75,4309.5
1657795200,4309.75,4311.25,4306.5,4307.5
1657795500,4307.5,4309.25,4297.75,4298.75
1657795800,4298.75,4300.5,4294,4299.75
1657796100,4299.5,4302,4296,4298.5
1657796400,4298.25,4305,4298.25,4302
1657796700,4302,4302.5,4297.75,4299.75
1657797000,4299.75,4301,4295.75,4300.5
1657797300,4300.25,4302.25,4298.5,4301
1657797600,4301,4302.25,4297,4300
1657797900,4300.25,4300.5,4296,4298.75
1657798200,4298.5,4304,4294.25,4297.5
1657798500,4297.75,4298,4294,4295.5
1657798800,4295.5,4299.25,4294,4294.75
1657799100,4294.5,4297.75,4294,4296.5
1657799400,4296,4297.5,4294.75,4295.5
1657799700,4295.5,4297.5,4294,4295.25
1657800000,4295.25,4298.25,4291,4292.5
1657800300,4292.5,4293.25,4287.25,4289.25
1657800600,4289.5,4295.25,4289.5,4294.25
1657800900,4294.25,4296.75,4293.25,4296.25
1657801200,4296,4299.25,4294.75,4295.25
1657801500,4295,4297.5,4294,4296.25
1657801800,4296.25,4304.75,4286,4303.5
1657802100,4303.5,4307.75,4300,4305
1657802400,4305.25,4305.25,4298.25,4299.25
1657802700,4299.25,4300,4294.5,4297.5
1657803000,4297.5,4300.75,4296,4299.25
1657803300,4299,4300.25,4294,4297.25
1657803600,4297.5,4300.75,4295,4299.5
1657803900,4299.5,4300.5,4292.5,4293
1657804200,4293,4294,4289.75,4292
1657804500,4292,4296.75,4291.5,4296
1657804800,4295.75,4299.25,4294.75,4297.25
1657805100,4297,4299.75,4293.25,4293.75
1657805400,4293.5,4301.75,4286.5,4290.75
1657805700,4290.75,4292.25,4278.5,4280.5
1657806000,4280.5,4280.75,4274.75,4276.25
1657806300,4276.25,4288.5,4275.75,4285.25
1657806600,4285.25,4292.75,4282,4286.75
1657806900,4286.75,4289.5,4280.5,4280.75
1657807200,4281,4281,4270.25,4270.5
1657807500,4270.5,4273.5,4269.25,4271.75
1657807800,4271.75,4275,4267.75,4273.75
1657808100,4273.5,4275.75,4268.75,4270.25
1657808400,4270.25,4278,4270.25,4275.75
1657808700,4275.75,4279.5,4273.75,4277
1657809000,4277,4283.75,4271.75,4275.5
1657809300,4275.5,4277.75,4271,4276.75
1657809600,4276.75,4282.25,4276,4277.75
1657809900,4277.5,4281.25,4274,4280.5
1657810200,4280.25,4288,4277.25,4287
1657810500,4287,4287.25,4278.25,4281
1657810800,4281.25,4291.5,4279.75,4284.75
1657811100,4284.75,4293.75,4283.25,4293
1657811400,4293,4295,4288.5,4289.75
1657811700,4289.75,4296,4285.5,4295
1657812000,4295,4303,4293.25,4297.25
1657812300,4297.25,4300.75,4296.25,4299.75
1657812600,4299.75,4301.5,4294.75,4295.75
1657812900,4295.75,4300.5,4292,4299
1657813200,4299,4318.5,4298.25,4313
1657813500,4313,4314.5,4310,4311.75
1657813800,4312,4316.25,4309.5,4311.25
1657814100,4311.25,4317.25,4309.5,4315.25
1657814400,4315,4317.75,4311.25,4313.5
1657814700,4313.5,4314,4307,4309.25
1657815000,4309.25,4313.5,4308.5,4311.25
1657815300,4311.5,4315,4306.25,4311
1657815600,4311,4314.75,4307.25,4307.75
1657815900,4307.75,4308,4299.25,4300.25
1657816200,4300.25,4305.75,4299.75,4302
1657816500,4302.25,4303.75,4299.75,4302.75
1657816800,4302.75,4302.75,4297,4300.25
1657817100,4300.25,4301.25,4289.75,4290.25
1657817400,4290.25,4296.25,4289.25,4295.25
1657817700,4295,4297.75,4292.75,4297.25
1657818000,4297.5,4298.25,4292,4293.5
1657818300,4293.5,4297.75,4290,4297.25
1657818600,4297,4297.25,4291.75,4296.25
1657818900,4296.5,4306.75,4294,4304.25
1657819200,4304.25,4308.25,4304,4304.75
1657819500,4304.75,4310.25,4303.5,4309
1657819800,4309,4309.5,4301.75,4302.5
1657820100,4302.5,4309.5,4302,4308.25
1657820400,4308.5,4313.25,4307.75,4312
1657820700,4312,4314,4309.75,4312.75
1657821000,4312.75,4316.25,4307.25,4311
1657821300,4310.75,4315.75,4310.75,4314.25
1657821600,4314.25,4319,4313,4317.5
1657821900,4317.5,4321.75,4316.25,4318.5
1657822200,4318.5,4319.75,4314.75,4318.25
1657822500,4318.5,4329.25,4316.5,4328
1657822800,4328,4335,4327.75,4331.5
1657823100,4331.75,4336.25,4329.25,4335.25
1657823400,4335.5,4337.75,4332.75,4336.25
1657823700,4336.5,4341.75,4336.25,4341.25
1657824000,4341.5,4341.75,4331.5,4333
1657824300,4332.75,4335,4330.25,4334.75
1657824600,4334.75,4334.75,4329.5,4331.25
1657824900,4331.25,4338.5,4331,4336
1657825200,4336.25,4339.75,4333.75,4334
1657825500,4334.25,4336,4329.25,4330.25
1657825800,4330.25,4337,4329.25,4336
1657826100,4336.25,4337.25,4330.75,4335.25
1657826400,4335.25,4343.25,4334.5,4342
1657826700,4342.25,4343.5,4339,4343.25
1657827000,4343.25,4344,4337.75,4337.75
1657827300,4338,4339,4331.75,4334
1657827600,4334.25,4336.75,4331.5,4335.25
1657827900,4335.25,4337.25,4329.75,4333.5
1657828200,4333.5,4339.5,4333.5,4337.5
1657828500,4337.5,4342.25,4334.25,4338.25
1657828800,4338.25,4342.5,4337.5,4342
1657829100,4342,4342.5,4338.5,4340.25
1657829400,4340.25,4341.75,4337.5,4341.75
1657829700,4341.5,4341.75,4338.5,4338.75
1657830000,4338.5,4339.5,4338,4338.5
1657830300,4338.5,4339,4338.5,4339
1657830600,4339,4339,4338.25,4338.5
1657830900,4338.5,4340.75,4338.25,4340.5
1657831200,4340.5,4342.5,4340.25,4341.5
1657831500,4341.5,4341.5,4340.5,4341.25
1657831800,4341,4341.5,4340.25,4340.25
1657832100,4340.25,4340.5,4339,4340
1657836000,4341.75,4345,4341,4342.5
1657836300,4342.75,4344.75,4341.25,4344.75
1657836600,4344.75,4345,4343.25,4344
1657836900,4344,4346.75,4344,4346.75
1657837200,4346.75,4346.75,4343.75,4346
1657837500,4345.75,4348,4345.5,4346.25
1657837800,4346.25,4347.5,4346,4347
1657838100,4347,4350.75,4346.75,4349.25
1657838400,4349.5,4352.25,4349.5,4350.25
1657838700,4350.25,4351.25,4350,4350.5
1657839000,4350.25,4350.25,4347.75,4348
1657839300,4348,4349,4347.75,4348.25
1657839600,4348.25,4349,4347.75,4348.25
1657839900,4348.25,4350,4348,4348.5
1657840200,4348.75,4348.75,4347.25,4347.25
1657840500,4347.25,4348,4347.25,4347.5
1657840800,4347.5,4347.75,4347.25,4347.25
1657841100,4347.5,4349.5,4347.25,4349
1657841400,4349,4349.5,4348,4348.25
1657841700,4348.5,4351.5,4348.25,4351.25
1657842000,4351.25,4353.75,4351.25,4351.75
1657842300,4351.75,4353,4351.5,4352.5
1657842600,4352.5,4352.75,4350.5,4350.75
1657842900,4350.75,4355.5,4350.25,4354.5
1657843200,4354.5,4355.75,4350.5,4351.75
1657843500,4352,4352.25,4349.5,4350.25
1657843800,4350.25,4351.5,4348,4348.25
1657844100,4348.5,4349.25,4344.75,4346.5
1657844400,4346.25,4346.75,4342.75,4342.75
1657844700,4342.5,4344,4340.5,4341.75
1657845000,4342,4345.5,4340.75,4345.25
1657845300,4345.5,4346,4342.25,4343
1657845600,4343.25,4343.5,4339.25,4342.25
1657845900,4342.25,4346,4341.25,4345.5
1657846200,4345.5,4345.75,4343.75,4344
1657846500,4344.25,4345.25,4340.5,4340.5
1657846800,4340.25,4341.75,4339.25,4341.75
1657847100,4341.5,4342,4338,4341
1657847400,4340.75,4342,4339.25,4341.75
1657847700,4342,4343,4341,4341.5
1657848000,4341.25,4344.75,4339.75,4343.25
1657848300,4343.5,4346,4342,4345.25
1657848600,4345,4347.75,4344.75,4345.25
1657848900,4345.25,4346.75,4343.5,4346
1657849200,4346,4347,4342.75,4346
1657849500,4345.25,4348,4345.25,4346.5
1657849800,4346.5,4349.5,4346,4348.5
1657850100,4348.5,4350.25,4347.75,4350
1657850400,4350,4350.75,4348,4349.75
1657850700,4350.25,4351.25,4349.5,4350.5
1657851000,4350.5,4351.5,4349.5,4349.75
1657851300,4350,4351.75,4349,4351.25
1657851600,4351.25,4352,4350.25,4350.75
1657851900,4350.75,4351.25,4349.75,4351.25
1657852200,4351.5,4352,4350.25,4351
1657852500,4351,4352,4348.5,4349.5
1657852800,4349.75,4350.25,4349.25,4349.25
1657853100,4349.75,4350,4347,4347.25
1657853400,4347.5,4351.25,4347,4351.25
1657853700,4351,4351.75,4350.25,4351.5
1657854000,4351.5,4352.5,4350.75,4351.5
1657854300,4351.5,4351.5,4349.75,4349.75
1657854600,4349.75,4351.25,4349.25,4349.25
1657854900,4349.25,4350.5,4346.25,4346.5
1657855200,4346.25,4349,4345,4348.5
1657855500,4348.5,4350.5,4348,4348
1657855800,4348.25,4351,4347.75,4350.75
1657856100,4351,4351.5,4349.75,4351
1657856400,4351.25,4351.75,4350.5,4351.25
1657856700,4351.5,4351.75,4349.25,4350.75
1657857000,4350.5,4352.5,4349.75,4351.5
1657857300,4351.75,4352.5,4350.75,4352
1657857600,4351.75,4352.5,4349,4349.25
1657857900,4349,4350,4348,4349
1657858200,4349,4350.5,4349,4349.75
1657858500,4349.75,4350,4349,4349.75
1657858800,4350,4350.25,4348.75,4349.25
1657859100,4349.25,4350,4349,4349.25
1657859400,4349.25,4350.5,4349,4349.5
1657859700,4349.75,4349.75,4348.25,4349.5
1657860000,4349.5,4349.75,4348,4348.5
1657860300,4348.5,4349.25,4348,4348.25
1657860600,4348,4348.75,4347,4348.5
1657860900,4348.25,4348.5,4347.25,4347.75
1657861200,4348,4349,4345.5,4345.5
1657861500,4345.5,4346.25,4345,4345.25
1657861800,4345.25,4346,4344,4344.5
1657862100,4344.5,4344.5,4343,4344
1657862400,4344,4344.75,4342.5,4342.75
1657862700,4342.75,4343.75,4341.75,4342
1657863000,4341.75,4342.5,4339,4339.5
1657863300,4339.5,4340.5,4338.5,4339
1657863600,4338.75,4339.75,4337.75,4339.5
1657863900,4339.25,4343.25,4339,4343.25
1657864200,4343.25,4344.5,4342,4342
1657864500,4342,4344.75,4341.25,4343
1657864800,4343.25,4344.75,4342,4343.25
1657865100,4343,4344.25,4339,4343.25
1657865400,4342.75,4346,4342.25,4345.75
1657865700,4345.75,4346.25,4344,4345
1657866000,4345.25,4345.75,4341.25,4342.25
1657866300,4342,4342.75,4339.75,4341
1657866600,4341,4343.25,4339,4339.25
1657866900,4339.25,4340,4334,4334.25
1657867200,4334,4335.25,4332.5,4334.75
1657867500,4334.75,4336.25,4333.75,4334.5
1657867800,4334.5,4335.75,4334,4334
1657868100,4334.25,4335,4331.75,4332.25
1657868400,4332.25,4334.5,4329,4332
1657868700,4332,4332.5,4324.25,4328.75
1657869000,4328.75,4332.5,4328,4331.25
1657869300,4331.5,4339,4331,4339
1657869600,4339,4341.5,4337,4340
1657869900,4340.25,4344.5,4340.25,4341.25
1657870200,4341.5,4343.5,4338.75,4339.25
1657870500,4339,4344,4339,4342.5
1657870800,4342.5,4342.75,4339,4340
1657871100,4340,4341.25,4338,4338
1657871400,4338,4338.25,4335.5,4336.25
1657871700,4336.25,4340.25,4336.25,4338.5
1657872000,4338.75,4339.75,4333.25,4333.25
1657872300,4333,4337.25,4333,4335.75
1657872600,4335.75,4337.5,4334,4335.25
1657872900,4335,4336.25,4333,4334.5
1657873200,4334.75,4338,4333.5,4337.5
1657873500,4337.5,4339.75,4337,4339.5
1657873800,4339.5,4341.25,4338.5,4339.5
1657874100,4339.75,4341.5,4339,4340.25
1657874400,4340,4346.5,4340,4346
1657874700,4346,4349.75,4344.5,4349.5
1657875000,4349.5,4352.5,4348.75,4350.25
1657875300,4350.5,4350.75,4346,4346.25
1657875600,4346.5,4349,4346.25,4348.25
1657875900,4348.25,4351.25,4348.25,4350.5
1657876200,4350.75,4352.75,4350,4350.25
1657876500,4350.25,4351.5,4348.25,4348.5
1657876800,4348.25,4348.5,4344.75,4345
1657877100,4345,4347.75,4344.75,4346.5
1657877400,4346.25,4349.25,4346.25,4349.25
1657877700,4349,4349.25,4346,4348.75
1657878000,4348.75,4349,4346.5,4347
1657878300,4347.25,4347.5,4344,4344.25
1657878600,4344.25,4344.5,4342,4342.25
1657878900,4342.25,4346.75,4342,4344.25
1657879200,4344.5,4344.5,4341.25,4343.75
1657879500,4344,4344,4341.75,4343.25
1657879800,4343.5,4344.25,4342.5,4343.25
1657880100,4343.25,4344.25,4342.25,4342.5
1657880400,4342.25,4348,4342.25,4345.75
1657880700,4345.5,4348,4345,4347.25
1657881000,4347.25,4348.5,4344.75,4345
1657881300,4345,4345.75,4344,4345.75
1657881600,4345.75,4346.5,4344.75,4345.75
1657881900,4346,4348.5,4345.25,4348.5
1657882200,4348.25,4348.5,4346.25,4347.5
1657882500,4347.5,4348.25,4345.75,4346.75
1657882800,4347,4350.25,4346.5,4349.25
1657883100,4349,4350.5,4348.25,4349
1657883400,4349,4352,4348,4351.5
1657883700,4351.5,4351.5,4349.25,4349.75
1657884000,4349.5,4353.25,4349.5,4352.25
1657884300,4352.25,4353.75,4351,4351.5
1657884600,4351.5,4353.5,4351.25,4353
1657884900,4353.25,4353.5,4350.5,4351
1657885200,4351,4351.25,4347.5,4347.75
1657885500,4347.75,4350.25,4347.25,4350
1657885800,4350,4350,4348,4348.5
1657886100,4348.25,4349,4345,4345.5
1657886400,4345.5,4347.75,4345,4345.5
1657886700,4345.5,4346.5,4344,4345
1657887000,4345.25,4345.5,4343,4345
1657887300,4344.75,4345.5,4340.75,4341.75
1657887600,4341.75,4341.75,4338.25,4340.5
1657887900,4340.25,4346,4340.25,4341.5
1657888200,4341,4346,4330.75,4338.75
1657888500,4338.5,4355,4337.5,4354.75
1657888800,4354.75,4356.75,4351.75,4355.5
1657889100,4355.25,4371.75,4354.5,4370
1657889400,4370,4377,4369.25,4374
1657889700,4374,4376.5,4370.5,4372
1657890000,4372,4377.5,4371,4376
1657890300,4376,4383.5,4375.75,4380.75
1657890600,4380.75,4380.75,4375,4376
1657890900,4376,4376.75,4373.25,4375.25
1657891200,4375.25,4376.5,4372.75,4376.25
1657891500,4376.25,4386,4376.25,4384
1657891800,4384,4392,4383.5,4384.25
1657892100,4384,4389,4377.25,4379.75
1657892400,4380,4380.75,4374.75,4379.25
1657892700,4379.5,4380.25,4369.5,4373.5
1657893000,4373.75,4374.5,4364.75,4366.25
1657893300,4366.25,4375.5,4363.75,4372.5
1657893600,4372.5,4398.5,4372.5,4387.25
1657893900,4387,4390.25,4378.75,4385.25
1657894200,4385.25,4390.5,4382.25,4386.75
1657894500,4387,4390.75,4383.5,4388.75
1657894800,4388.75,4393.25,4378.75,4392.5
1657895100,4392.5,4401.75,4389.5,4400.75
1657895400,4400.75,4402.25,4397.75,4399.75
1657895700,4399.75,4401.75,4394.75,4395
1657896000,4395.25,4397.5,4391.25,4391.5
1657896300,4391.5,4394,4387.5,4391.75
1657896600,4392,4393.75,4389.25,4391.75
1657896900,4391.5,4397.5,4390.25,4395.75
1657897200,4395.5,4399.75,4394.25,4398.75
1657897500,4398.75,4405.5,4397,4404.5
1657897800,4404.75,4405.25,4400.75,4404.5
1657898100,4404.75,4407.5,4402.75,4403.75
1657898400,4403.75,4407.25,4403.5,4405.25
1657898700,4405.5,4406.25,4403,4403.25
1657899000,4403.25,4406.25,4399.75,4402.5
1657899300,4402.75,4406.25,4401,4404.75
1657899600,4404.75,4406,4402.25,4404.25
1657899900,4404.25,4407.5,4402.25,4404.25
1657900200,4404.25,4404.25,4401,4401
1657900500,4401,4402.25,4398.5,4398.75
1657900800,4398.75,4402,4396.5,4400.5
1657901100,4400.5,4400.5,4394.5,4395.25
1657901400,4395.25,4397.25,4392.5,4395
1657901700,4395.25,4398.5,4393.75,4398.5
1657902000,4398.25,4399,4396,4396.5
1657902300,4396.5,4398.25,4394.75,4397
1657902600,4397,4398,4391.5,4393.75
1657902900,4393.75,4395.25,4392.25,4394
1657903200,4394,4396.5,4391,4395.5
1657903500,4395.75,4398.5,4394.75,4398
1657903800,4398,4398.75,4393.75,4395.5
1657904100,4395.5,4397.5,4394.5,4396.5
1657904400,4396.5,4399,4396.25,4399
1657904700,4399,4401.25,4398.25,4400.75
1657905000,4401,4401.75,4399.75,4400.75
1657905300,4400.75,4401.25,4398.5,4400.5
1657905600,4400.75,4401.25,4398.75,4400.75
1657905900,4401,4405,4400.25,4404.75
1657906200,4404.75,4406.25,4403.25,4405.25
1657906500,4405.5,4406.5,4404,4406
1657906800,4406,4406.5,4403.5,4404.25
1657907100,4404.5,4405,4402.5,4402.5
1657907400,4402.5,4403.75,4398.25,4398.5
1657907700,4398.5,4401,4398,4400.75
1657908000,4400.75,4401.5,4396,4397
1657908300,4397.25,4399.5,4396.75,4399.5
1657908600,4399.5,4401.5,4397.75,4401.5
1657908900,4401.75,4403,4400.5,4402.75
1657909200,4402.75,4403,4398,4400.5
1657909500,4400.5,4402,4397.25,4401.5
1657909800,4401.75,4402.5,4400,4401
1657910100,4401,4401.5,4399.75,4400.75
1657910400,4400.75,4403.75,4400.25,4403.75
1657910700,4403.75,4406.5,4403.5,4406.25
1657911000,4406.25,4406.5,4403.75,4404.75
1657911300,4404.75,4405.25,4401.5,4402.25
1657911600,4402.25,4403.25,4399.25,4402.75
1657911900,4402.75,4404.5,4401.5,4404.25
1657912200,4404,4405,4401.25,4401.75
1657912500,4401.75,4404,4401.25,4401.5
1657912800,4401.75,4404,4399.5,4399.5
1657913100,4399.5,4401.5,4398.75,4400.25
1657913400,4400.25,4401,4394.75,4396.75
1657913700,4396.75,4400,4394.75,4397.25
1657914000,4397.25,4402.25,4396.25,4402
1657914300,4402,4402.75,4397.75,4398.25
1657914600,4398.25,4402.5,4394.25,4401.75
1657914900,4401.75,4411,4401.25,4409.5
1657915200,4409.5,4409.75,4406.25,4409
1657915500,4409,4409.5,4408,4409.25
1657915800,4409.5,4410.5,4408,4408.25
1657916100,4408.25,4410.5,4408,4410.5
1657916400,4410.25,4410.5,4409,4410.5
1657916700,4410.25,4410.75,4410,4410.25
1657917000,4410.25,4410.5,4409.25,4409.5
1657917300,4409.5,4410.25,4409.25,4410.25
1657917600,4410,4410.75,4409.5,4410
1657917900,4410,4410.5,4409.25,4409.75
1657918200,4409.5,4410.75,4409.5,4410.5
1657918500,4410.5,4412.25,4410,4410.75
1658095200,4422.5,4425.5,4416,4416.5
1658095500,4416.25,4416.75,4414.5,4415.75
1658095800,4416,4416.5,4415,4416
1658096100,4416,4416.25,4413,4413.5
1658096400,4413.25,4415.25,4412.5,4414.5
1658096700,4414.5,4414.75,4413.25,4413.75
1658097000,4413.75,4415.25,4413.75,4415
1658097300,4415,4416.5,4414.75,4415.75
1658097600,4416,4417.5,4414.75,4416.75
1658097900,4416.5,4416.75,4414.5,4414.75
1658098200,4415,4415.25,4413,4414.75
1658098500,4415,4415.75,4413.5,4414
1658098800,4414,4415,4413.25,4413.5
1658099100,4413.5,4414.5,4413.25,4414
1658099400,4414,4415.75,4414,4415.25
1658099700,4415.5,4419,4415.25,4418.75
1658100000,4418.75,4419.25,4417.75,4419
1658100300,4419,4419.25,4417.25,4418
1658100600,4418,4419.75,4417,4417.75
1658100900,4417.5,4419.75,4417.25,4419.75
1658101200,4419.75,4420.25,4417.5,4418
1658101500,4418.25,4419.75,4418.25,4418.75
1658101800,4418.75,4419.25,4417.75,4417.75
1658102100,4417.75,4418.75,4417.75,4418.5
1658102400,4418.5,4419,4417.5,4419
1658102700,4419,4420.25,4418.5,4418.5
1658103000,4419,4419.25,4415,4415.5
1658103300,4415.5,4416,4414.25,4415.5
1658103600,4415.5,4416.5,4415,4416.25
1658103900,4416.25,4417,4415.75,4416.75
1658104200,4416.75,4417,4414.75,4415.25
1658104500,4415,4416,4411.5,4411.75
1658104800,4412,4413,4410.25,4411
1658105100,4411,4412.25,4411,4411
1658105400,4411,4411.5,4409.75,4410.5
1658105700,4410.75,4412.5,4410.25,4411.25
1658106000,4411.5,4413.5,4411.25,4413.25
1658106300,4413.5,4413.5,4411.75,4413.5
1658106600,4413.5,4413.75,4411.5,4413.5
1658106900,4413.25,4417,4413.25,4417
1658107200,4417,4418.75,4415.75,4418
1658107500,4418,4419.5,4417,4417.25
1658107800,4417.5,4418,4415.75,4418
1658108100,4417.75,4418.25,4413,4414
1658108400,4414,4415.5,4413.5,4414.75
1658108700,4414.75,4416.75,4414.25,4416.25
1658109000,4416.25,4417.75,4416.25,4417.5
1658109300,4417.25,4417.5,4416.25,4417
1658109600,4417.5,4418.25,4416.5,4416.75
1658109900,4416.5,4417.25,4416,4416.5
1658110200,4416.75,4417.75,4416,4416.5
1658110500,4416.5,4418.5,4416.5,4417.5
1658110800,4417.5,4418,4416.5,4416.75
1658111100,4416.75,4417.5,4415,4415.5
1658111400,4415.5,4417.5,4415.5,4417
1658111700,4417,4418.75,4414.25,4417.5
1658112000,4417.25,4418.5,4416.75,4418
1658112300,4418,4418.5,4416.75,4418
1658112600,4418,4419.5,4417.75,4418
1658112900,4418.25,4419.25,4418.25,4418.75
1658113200,4419,4420.75,4418.5,4420.5
1658113500,4420.5,4423.5,4420.25,4422.75
1658113800,4422.75,4424.5,4422,4422.75
1658114100,4422.75,4424,4422.5,4423.75
1658114400,4423.75,4426.75,4422.75,4425.5
1658114700,4425.75,4426.25,4424.75,4425.5
1658115000,4425.5,4426,4424,4425.25
1658115300,4425,4425.75,4423.5,4425.25
1658115600,4425.5,4428,4424,4424.5
1658115900,4424.5,4425,4424,4424
1658116200,4424,4425.25,4423.75,4424.75
1658116500,4424.75,4425.5,4424,4424.5
1658116800,4424.75,4426.25,4424.75,4425.75
1658117100,4425.75,4426,4425.25,4425.75
1658117400,4425.75,4426,4424.75,4425
1658117700,4424.75,4425,4424.25,4424.75
1658118000,4424.75,4425,4423,4423.25
1658118300,4423,4424,4422,4423.5
1658118600,4423.75,4424,4423,4423
1658118900,4423.5,4425,4423.5,4425
1658119200,4424.75,4425,4424,4424.75
1658119500,4425,4425.5,4424.25,4424.75
1658119800,4424.75,4425.75,4424.25,4425.5
1658120100,4425.25,4427,4425,4426.5
1658120400,4426.5,4427,4423.75,4424.5
1658120700,4424.5,4425.25,4423.75,4423.75
1658121000,4424,4424.75,4423.75,4424.25
1658121300,4424.5,4425.5,4423.75,4423.75
1658121600,4423.75,4425.5,4423.25,4425.25
1658121900,4425.5,4426.5,4425,4426.5
1658122200,4426.5,4427.75,4425.75,4427.5
1658122500,4427.75,4430.5,4426.75,4429
1658122800,4428.75,4430,4428.25,4429.75
1658123100,4429.75,4431.25,4429.5,4431
1658123400,4431,4431.25,4429.5,4429.5
1658123700,4429.5,4430.75,4429.25,4430.5
1658124000,4430.5,4433.5,4428.25,4428.5
1658124300,4428.5,4430.25,4428,4428.25
1658124600,4428.5,4428.5,4427,4427.25
1658124900,4427,4429,4426.25,4428
1658125200,4428.25,4429,4427,4428.5
1658125500,4428.5,4428.5,4426.5,4428.5
1658125800,4428.5,4430,4426.75,4428.25
1658126100,4428.75,4430.25,4428.25,4428.75
1658126400,4428.5,4431.5,4428.25,4431.25
1658126700,4431.25,4433.5,4431,4432
1658127000,4431.75,4433.5,4431,4432.75
1658127300,4432.75,4434.75,4431.5,4434.5
1658127600,4434.25,4434.5,4429.5,4429.5
1658127900,4429.5,4434.5,4429,4432.75
1658128200,4432.75,4435.25,4432,4434.5
1658128500,4434.5,4438.5,4434.5,4437.25
1658128800,4437.25,4440,4436,4438.75
1658129100,4438.75,4439,4436.25,4438.75
1658129400,4438.75,4443.5,4438.25,4442.75
1658129700,4442.75,4444.5,4442.25,4443
1658130000,4442.75,4445.75,4442,4443.5
1658130300,4443.5,4444.25,4441.75,4442.25
1658130600,4442.25,4443.25,4440.25,4440.5
1658130900,4440.75,4441.5,4440.25,4441.25
1658131200,4441.25,4442.75,4439.25,4441.5
1658131500,4441.75,4444,4440.25,4442
1658131800,4442,4443,4440.5,4442.5
1658132100,4442.5,4443,4441.5,4441.75
1658132400,4441.75,4445.5,4441.5,4445.5
1658132700,4445.5,4451.75,4445.5,4450.5
1658133000,4450.25,4452.5,4449,4450.75
1658133300,4451,4451,4448,4450
1658133600,4450,4451.75,4449,4449.25
1658133900,4449.25,4450.25,4448.5,4450
1658134200,4449.75,4451.75,4449.25,4451
1658134500,4451.25,4453.5,4451,4452.75
1658134800,4452.25,4453,4451,4451.25
1658135100,4451.25,4451.75,4447.75,4448.5
1658135400,4448.5,4450,4448.5,4449.75
1658135700,4449.75,4450.75,4448.25,4450.25
1658136000,4450.25,4452.25,4450.25,4452
1658136300,4452,4452,4447.5,4447.75
1658136600,4447.75,4449,4446.25,4447
1658136900,4447,4448.25,4446,4447.5
1658137200,4447.5,4448.25,4445.75,4447.25
1658137500,4447,4447.25,4444.5,4445
1658137800,4445,4445.25,4444,4444.25
1658138100,4444.5,4446.25,4444.5,4446.25
1658138400,4446,4446.5,4444,4444.5
1658138700,4444.5,4446.75,4444.5,4446.25
1658139000,4446.5,4449.25,4446.25,4449.25
1658139300,4449.25,4449.5,4446.5,4448
1658139600,4448,4449.25,4447.75,4448.75
1658139900,4448.5,4449.25,4447.75,4448
1658140200,4448,4448.5,4447.75,4448
1658140500,4448,4448,4445.5,4446.25
1658140800,4446.25,4447,4445,4445.75
1658141100,4445.75,4446.25,4444.5,4446.25
1658141400,4446.5,4446.75,4444,4444.5
1658141700,4444.5,4446.5,4444.25,4445.75
1658142000,4445.75,4446,4442.75,4445
1658142300,4445.25,4449.5,4445,4449.25
1658142600,4449.5,4450.5,4447.5,4447.5
1658142900,4447.5,4449.5,4447.5,4449
1658143200,4449,4452,4448.5,4451.5
1658143500,4451.25,4451.25,4448.5,4450.25
1658143800,4450,4451,4449.25,4449.75
1658144100,4449.75,4449.75,4447.75,4448
1658144400,4448,4448.25,4446.75,4447.5
1658144700,4447.5,4449,4447,4448.5
1658145000,4448.5,4449.5,4447,4447
1658145300,4447,4448,4445.75,4446.75
1658145600,4446.75,4449.25,4446,4446.75
1658145900,4446.75,4448.75,4446.5,4447.25
1658146200,4447,4449,4445.5,4446
1658146500,4446.25,4446.25,4440,4440.5
1658146800,4440.25,4441.5,4437,4438.5
1658147100,4438.5,4438.75,4434,4434.75
1658147400,4435,4438.5,4434,4438.25
1658147700,4438.25,4439.25,4436.25,4437
1658148000,4437,4438.5,4436,4438.25
1658148300,4438.25,4438.75,4434.5,4436.25
1658148600,4436.25,4437.5,4435.25,4436
1658148900,4436.25,4441,4435.5,4440.5
1658149200,4440.25,4440.5,4437.75,4438.5
1658149500,4438.5,4440,4438,4439.25
1658149800,4439.25,4439.75,4436.5,4437.75
1658150100,4437.75,4440.5,4437.25,4439.75
1658150400,4439.75,4440.5,4437.75,4439.75
1658150700,4439.75,4443,4439,4441.75
1658151000,4442,4448,4438.5,4442.75
1658151300,4442.75,4445.75,4438.5,4440.5
1658151600,4440.75,4445.25,4435,4444.5
1658151900,4444.75,4448.75,4441.5,4446.25
1658152200,4446,4447.75,4443.5,4445.75
1658152500,4446,4449.25,4441.25,4441.5
1658152800,4441.5,4445.5,4437.75,4441.5
1658153100,4441.5,4441.5,4436,4438.5
1658153400,4438.5,4439.5,4430.5,4435.5
1658153700,4435.5,4438.75,4433,4436.5
1658154000,4436.5,4439.25,4435.25,4437.25
1658154300,4437.25,4437.75,4434,4435.75
1658154600,4436,4441,4435.5,4439.75
1658154900,4440,4441.25,4434.5,4437.25
1658155200,4437.5,4439.5,4435.5,4437.25
1658155500,4437,4437,4431,4434
1658155800,4434.25,4436.25,4432.5,4435.25
1658156100,4435.25,4439.5,4434.5,4437.75
1658156400,4437.75,4439,4434.25,4436.5
1658156700,4436.75,4438.25,4433,4434
1658157000,4434,4435,4432.5,4434.25
1658157300,4434.5,4435.25,4431.5,4433.75
1658157600,4433.5,4435.75,4432.75,4435.25
1658157900,4435.25,4436.75,4433.75,4434.75
1658158200,4434.5,4438,4432.5,4436
1658158500,4436.25,4439,4435.75,4438.5
1658158800,4438.75,4442.25,4438.25,4442.25
1658159100,4442,4442.75,4438.25,4438.75
1658159400,4438.75,4441.5,4437.75,4440.75
1658159700,4440.75,4443,4440,4442
1658160000,4442,4442.5,4439.75,4440.25
1658160300,4440.25,4442,4437.5,4439
1658160600,4439,4441.75,4438.25,4440.75
1658160900,4440.75,4441.25,4436.75,4438
1658161200,4438,4439.75,4437.25,4439.25
1658161500,4439.5,4439.5,4436.5,4437
1658161800,4437,4438.5,4436.5,4436.75
1658162100,4436.75,4439.25,4436.75,4438.75
1658162400,4438.5,4439.75,4437.75,4437.75
1658162700,4437.75,4438.25,4434.75,4435.5
1658163000,4435.5,4435.75,4431.5,4431.5
1658163300,4431.5,4431.75,4428.5,4429.75
1658163600,4429.75,4431.5,4429.5,4431.5
1658163900,4431.25,4431.75,4429.75,4430.5
1658164200,4430.5,4431,4428.25,4430.25
1658164500,4430.5,4430.75,4425,4425.25
1658164800,4425,4426.75,4423.25,4426.75
1658165100,4426.75,4429.25,4426.25,4429.25
1658165400,4429,4429.75,4420.5,4420.5
1658165700,4420.5,4422.5,4416,4418.75
1658166000,4418.75,4420.25,4416.25,4417.25
1658166300,4417.25,4419.25,4411.5,4412.25
1658166600,4412,4415.5,4411.75,4414.25
1658166900,4414.25,4414.5,4401.5,4403.25
1658167200,4403.25,4405.25,4400,4403.5
1658167500,4403.25,4404.5,4401.25,4402.25
1658167800,4402.25,4405.25,4400.5,4405
1658168100,4404.75,4408.5,4403.75,4408
1658168400,4407.75,4409.5,4403.25,4403.5
1658168700,4403.5,4404.5,4397.25,4398
1658169000,4398,4401.5,4397.25,4401
1658169300,4400.75,4406,4399.5,4403.25
1658169600,4403.25,4403.75,4394.25,4395.25
1658169900,4395.25,4397.5,4393.25,4396.25
1658170200,4396.25,4396.75,4388.5,4392
1658170500,4392,4392.25,4387.75,4389.25
1658170800,4389.25,4392,4387.25,4389.75
1658171100,4389.75,4396.25,4389.75,4395.25
1658171400,4395.25,4395.75,4389.25,4393
1658171700,4393,4397.25,4392.75,4396.5
1658172000,4396.5,4397.75,4392,4393
1658172300,4393.25,4394,4384.5,4385
1658172600,4385.25,4385.5,4378,4380
1658172900,4379.75,4382.25,4372,4373.5
1658173200,4373.25,4376,4371.25,4372.75
1658173500,4372.5,4372.75,4365.5,4366
1658173800,4366.25,4377.75,4364.25,4377.25
1658174100,4377,4380.75,4374,4378
1658174400,4378,4382.75,4376,4377.25
1658174700,4377.5,4382,4377.5,4381
1658175000,4381.25,4383,4380.5,4381.5
1658175300,4381.5,4382.5,4380.5,4382
1658175600,4382.25,4383.25,4381.5,4382.25
1658175900,4382.25,4382.75,4381.5,4382
1658176200,4382,4382,4381.25,4382
1658176500,4382,4383,4381.5,4382
1658176800,4382,4382.5,4381.25,4381.75
1658177100,4381.5,4381.75,4380.75,4381
1658177400,4381.25,4382.75,4381,4382.5
1658177700,4382.5,4383,4381.5,4382.25
1658181600,4382.5,4383.25,4379.25,4380.25
1658181900,4380.5,4380.5,4379.25,4380.25
1658182200,4380.5,4382.5,4380,4380.25
1658182500,4380.25,4381.25,4378,4381
1658182800,4381,4383.5,4380.75,4382.5
1658183100,4382.25,4382.5,4381.25,4381.75
1658183400,4381.75,4382,4381,4381.5
1658183700,4381.75,4385.5,4381.75,4384.75
1658184000,4384.75,4385.25,4384.25,4385
1658184300,4385.25,4385.5,4383.75,4384.5
1658184600,4384.5,4385,4384,4384.25
1658184900,4384.25,4384.5,4383,4383.5
1658185200,4383.5,4384,4381.5,4381.5
1658185500,4381.5,4381.75,4380,4381.5
1658185800,4381.75,4382.5,4380.75,4381.75
1658186100,4381.5,4383.5,4381.5,4382.25
1658186400,4382.25,4382.75,4382,4382.75
1658186700,4383,4384.25,4382.75,4383
1658187000,4383,4384.75,4383,4384.25
1658187300,4384.5,4387.25,4384,4386.5
1658187600,4386.75,4387.5,4384.5,4387.25
1658187900,4387,4387,4384,4384.25
1658188200,4384.25,4387.5,4384,4387.25
1658188500,4387.25,4388.75,4387.25,4388
1658188800,4388.25,4389.5,4384.5,4385
1658189100,4385,4385,4381.75,4383.75
1658189400,4383.75,4385,4383.25,4384.25
1658189700,4384.25,4386,4382.75,4383.25
1658190000,4383.25,4384.75,4382.5,4384.25
1658190300,4383.75,4385,4383.25,4384.75
1658190600,4385,4385,4380.5,4381.25
1658190900,4381.5,4381.5,4379.5,4381
1658191200,4381,4382.5,4380.25,4382
1658191500,4382,4382.5,4381.5,4381.5
1658191800,4381.5,4384,4381.5,4383.5
1658192100,4383.25,4383.5,4382.25,4382.75
1658192400,4382.75,4384.75,4381.5,4384.5
1658192700,4384.5,4385.75,4383.5,4384.25
1658193000,4384.25,4385.75,4383.75,4384.25
1658193300,4384.25,4384.75,4383.25,4384
1658193600,4384.25,4386,4384.25,4385.5
1658193900,4385.5,4386.5,4383.5,4386
1658194200,4386,4388.5,4385,4387.5
1658194500,4387.5,4387.5,4386,4386.5
1658194800,4386.5,4387.5,4386,4386
1658195100,4386.25,4388,4384.5,4387.5
1658195400,4387.5,4387.75,4386.75,4387.25
1658195700,4387,4387.5,4383,4383.25
1658196000,4383.5,4385.75,4383.5,4385.5
1658196300,4385.5,4388.25,4385,4388.25
1658196600,4388,4389,4387.25,4388.75
1658196900,4388.5,4390.25,4387.5,4387.75
1658197200,4387.75,4388.5,4387.25,4387.75
1658197500,4387.5,4388.75,4387,4388.75
1658197800,4388.5,4389,4387.75,4388.75
1658198100,4388.5,4389,4387.75,4388.75
1658198400,4389,4389.25,4386.5,4387
1658198700,4387,4388.75,4386.75,4388
1658199000,4387.75,4388.75,4387.25,4387.5
1658199300,4387.5,4389,4387.25,4388.25
1658199600,4388.25,4389.25,4388,4388.75
1658199900,4388.75,4390.5,4388.75,4390.25
1658200200,4390,4390.5,4388.75,4388.75
1658200500,4388.75,4389.5,4388.25,4389.5
1658200800,4389.25,4389.5,4388,4388.5
1658201100,4388.75,4389,4387.75,4388
1658201400,4388.25,4388.25,4385.5,4385.75
1658201700,4385.5,4386,4383.5,4384.25
1658202000,4384,4384.5,4382.5,4383.25
1658202300,4383.25,4384,4382.75,4383.75
1658202600,4383.5,4384,4382.5,4383.75
1658202900,4384,4385,4382.75,4384.75
1658203200,4385,4385.25,4384,4384.5
1658203500,4384.5,4385.25,4384,4384.5
1658203800,4384.5,4385,4384.5,4385
1658204100,4385,4385.5,4384.75,4385
1658204400,4385,4385,4382.25,4382.25
1658204700,4382.5,4383.5,4381.75,4383.5
1658205000,4383.5,4383.75,4382,4383.5
1658205300,4383.25,4385,4383.25,4385
1658205600,4385,4385.25,4384,4384
1658205900,4384,4385.75,4384,4384.75
1658206200,4384.75,4385,4383,4383.25
1658206500,4383,4383.5,4380.75,4381.75
1658206800,4381.75,4382,4380,4381
1658207100,4381.25,4383.25,4380.75,4383
1658207400,4383,4385.75,4383,4385.5
1658207700,4385.5,4386,4384.5,4385.75
1658208000,4385.5,4385.75,4384.25,4385.5
1658208300,4385.5,4387.5,4385.25,4385.25
1658208600,4385.25,4387.5,4384.5,4387.25
1658208900,4387.25,4388.5,4387.25,4387.5
1658209200,4387.5,4388.5,4387.25,4388
1658209500,4388,4388.5,4387,4387.75
1658209800,4387.75,4389.75,4387.75,4389.5
1658210100,4389.5,4389.5,4387,4387
1658210400,4387,4388,4384.5,4387
1658210700,4387,4389,4386.25,4388.5
1658211000,4388.75,4391,4388,4388.25
1658211300,4388.25,4388.75,4386.25,4386.25
1658211600,4386.5,4387.25,4385.25,4385.75
1658211900,4385.75,4386.75,4385,4386.5
1658212200,4386.5,4387.5,4383.75,4385
1658212500,4384.75,4385.75,4384,4385.75
1658212800,4385.75,4387.75,4385.75,4387.5
1658213100,4387.5,4388.25,4387,4387
1658213400,4386.75,4388,4385.25,4386.5
1658213700,4386.25,4386.75,4385.75,4386.5
1658214000,4386.75,4395.5,4383.25,4394.5
1658214300,4394.5,4397.5,4393.5,4394
1658214600,4394,4395.5,4392.25,4394.5
1658214900,4394.5,4396,4392.75,4394.75
1658215200,4394.5,4396,4391.75,4392.75
1658215500,4392.5,4395.25,4392.25,4392.75
1658215800,4392.75,4393,4384,4384.75
1658216100,4384.75,4388.25,4384,4387.25
1658216400,4387.5,4387.5,4378.25,4379.25
1658216700,4379,4387,4379,4386
1658217000,4386.25,4387.25,4382,4383
1658217300,4382.75,4384.75,4380.25,4383.5
1658217600,4383.75,4387.5,4383.25,4384.75
1658217900,4384.75,4389,4383.25,4388.75
1658218200,4389,4389.25,4385.75,4386.75
1658218500,4386.75,4387.25,4385,4385.5
1658218800,4385.75,4387.75,4385.25,4387
1658219100,4387.25,4387.75,4384.5,4385
1658219400,4384.75,4389.25,4384.25,4389.25
1658219700,4389,4392.25,4388.5,4389.75
1658220000,4389.5,4392,4389.25,4391
1658220300,4391.25,4391.75,4389.25,4389.75
1658220600,4390,4390.75,4388,4390.25
1658220900,4390.25,4396.25,4390.25,4393.5
1658221200,4393.5,4396,4392.75,4394
1658221500,4394,4395.75,4393.25,4394.5
1658221800,4394.5,4397.75,4393.75,4396.75
1658222100,4397,4397.5,4394.75,4396
1658222400,4396,4402.25,4395.5,4401.25
1658222700,4401.25,4402.5,4400.75,4402
1658223000,4402,4403.75,4401.75,4403
1658223300,4403,4403.75,4402.25,4403
1658223600,4403,4403.5,4402.5,4403.25
1658223900,4403.5,4405.75,4402.5,4404.25
1658224200,4404.5,4407.5,4404,4406.75
1658224500,4406.75,4406.75,4403.5,4403.75
1658224800,4403.5,4405.25,4402.5,4404.75
1658225100,4404.75,4409,4404.75,4408.25
1658225400,4408.5,4413.25,4408,4411.5
1658225700,4411.75,4412,4409.75,4410.25
1658226000,4410,4411.75,4409.5,4410
1658226300,4410,4412.25,4407.5,4410
1658226600,4410,4413.25,4409.5,4412.75
1658226900,4412.75,4415.75,4411.75,4414.25
1658227200,4414.25,4414.5,4412.5,4412.75
1658227500,4412.75,4412.75,4411,4411
1658227800,4411,4411.5,4409,4410.5
1658228100,4410.75,4411.5,4408.75,4410.75
1658228400,4410.5,4410.5,4406,4407.25
1658228700,4407.25,4409,4406.25,4407.25
1658229000,4407.25,4411.25,4407.25,4411
1658229300,4411,4411.5,4407.5,4407.5
1658229600,4407.5,4407.75,4406.5,4407.25
1658229900,4407.5,4409.5,4407,4409.5
1658230200,4409.25,4410.5,4407,4407.5
1658230500,4407.75,4408,4405.25,4406
1658230800,4405.75,4406.5,4404,4404.75
1658231100,4404.75,4406.25,4404,4406
1658231400,4406,4411.5,4405.75,4410.5
1658231700,4410.5,4410.75,4409,4409.25
1658232000,4409.5,4411.5,4409,4409.25
1658232300,4409.25,4410.25,4406.5,4406.5
1658232600,4406.5,4407.25,4404.75,4406.25
1658232900,4406.25,4407.5,4402.75,4403.5
1658233200,4403.75,4404.25,4400.75,4402.25
1658233500,4402.25,4403.25,4399.75,4400.75
1658233800,4400.75,4405.25,4400,4404.75
1658234100,4404.5,4406.5,4404.25,4404.5
1658234400,4404.5,4408,4404,4407.75
1658234700,4407.75,4412.5,4406.75,4412.5
1658235000,4412.25,4416.75,4411.75,4416
1658235300,4415.75,4416.5,4414,4414
1658235600,4414,4414.75,4412.5,4413.25
1658235900,4413,4414.75,4412.5,4414.5
1658236200,4414.75,4418.25,4413.5,4416.75
1658236500,4416.75,4421,4416,4419.25
1658236800,4419.5,4421,4418,4419
1658237100,4419.25,4422,4417.5,4418.75
1658237400,4418.5,4421.75,4414,4417.75
1658237700,4417.75,4423.25,4416.25,4419.75
1658238000,4420,4421.75,4413.75,4417.25
1658238300,4417.25,4419.25,4412,4416.25
1658238600,4416.5,4420.25,4415.25,4418.5
1658238900,4418.25,4427.5,4417.25,4427
1658239200,4427.25,4428.75,4425,4427.5
1658239500,4427.5,4427.75,4420.5,4425.25
1658239800,4425.25,4433.5,4423.25,4428.75
1658240100,4428.75,4429,4423.5,4427.5
1658240400,4427.5,4435.25,4426.5,4432.75
1658240700,4432.5,4440.5,4431.75,4439.25
1658241000,4439.25,4441.25,4437.75,4437.75
1658241300,4438,4439.75,4435.75,4438.5
1658241600,4438.5,4441,4437.75,4439.75
1658241900,4439.75,4445.5,4439.75,4445.25
1658242200,4445.25,4448.5,4444.75,4446.75
1658242500,4446.75,4447.5,4443.5,4447
1658242800,4447,4452.75,4446.75,4450.75
1658243100,4451,4454.25,4450.5,4452.75
1658243400,4452.75,4454.25,4450.75,4453
1658243700,4452.75,4453.75,4447.5,4447.75
1658244000,4448,4448.75,4446,4448
1658244300,4448,4452.75,4447.75,4452
1658244600,4451.75,4458,4451.5,4456.75
1658244900,4456.75,4457.75,4451.75,4452.5
1658245200,4452.5,4452.5,4448.5,4450.75
1658245500,4451,4451.5,4448.25,4448.5
1658245800,4448.5,4452.75,4448.25,4452.75
1658246100,4452.75,4456,4452.25,4455.75
1658246400,4455.75,4456,4449.5,4450.5
1658246700,4450.5,4450.5,4446.75,4449.5
1658247000,4449.5,4452.75,4449.25,4451.5
1658247300,4451.5,4451.5,4449,4451.5
1658247600,4451.25,4456,4451.25,4456
1658247900,4456,4457.25,4455,4456.75
1658248200,4456.75,4462,4456.25,4461.25
1658248500,4461.25,4461.5,4458.75,4460.5
1658248800,4460.5,4462.5,4460,4461.25
1658249100,4461.5,4464,4460.5,4463
1658249400,4462.75,4463.25,4459.5,4460.75
1658249700,4460.75,4464,4459.5,4464
1658250000,4464,4464.25,4462.75,4463
1658250300,4463,4463.25,4459.75,4460.25
1658250600,4460.5,4463,4460.25,4460.5
1658250900,4460.5,4462.25,4458.5,4458.75
1658251200,4458.75,4460.25,4456.75,4460.25
1658251500,4460.25,4461.25,4459,4460
1658251800,4460.25,4463.5,4460,4463.25
1658252100,4463.5,4469.5,4463,4468.75
1658252400,4469,4471.75,4468.25,4471.5
1658252700,4471.25,4472.25,4470.25,4471.25
1658253000,4471.25,4472,4469.75,4471
1658253300,4471.25,4475.5,4470.75,4475.25
1658253600,4475,4479.25,4474.5,4479
1658253900,4479.25,4482.75,4478.5,4482
1658254200,4482,4482.25,4477.75,4478.25
1658254500,4478.5,4480.25,4475.5,4480.25
1658254800,4480,4480.5,4476.75,4479
1658255100,4479,4479.25,4472.5,4473.25
1658255400,4473.25,4477.5,4473.25,4475.5
1658255700,4475.5,4477,4474,4474.25
1658256000,4474.5,4476.75,4472.75,4475.5
1658256300,4475.25,4475.5,4469.5,4472.75
1658256600,4472.75,4476.75,4470.25,4476
1658256900,4476,4477.25,4474.25,4476.5
1658257200,4476.5,4476.75,4472.25,4474.5
1658257500,4474.5,4480.75,4474,4480.25
1658257800,4480.25,4480.5,4475.75,4478
1658258100,4478,4480,4475.5,4479
1658258400,4479.25,4479.25,4474.75,4476.75
1658258700,4477,4480.25,4476.75,4478.25
1658259000,4478.25,4480.5,4473.75,4473.75
1658259300,4473.75,4479,4473.5,4478.25
1658259600,4478.5,4485.75,4478.25,4485.5
1658259900,4485.5,4487.25,4481.75,4482
1658260200,4482.25,4485.5,4478.5,4481
1658260500,4481,4485.75,4479,4480.5
1658260800,4480.25,4485,4479,4484.25
1658261100,4484,4486.75,4483,4486.5
1658261400,4486.25,4487,4485.5,4486.75
1658261700,4486.5,4490,4486.5,4489.25
1658262000,4489,4491.75,4488.75,4491
1658262300,4491.25,4492,4490.75,4491.25
1658262600,4491.25,4492,4490.25,4490.75
1658262900,4490.75,4490.75,4489,4489.75
1658263200,4489.5,4490.5,4488.75,4490
1658263500,4490,4490.25,4488.5,4489.25
1658263800,4489.25,4489.75,4488.75,4489
1658264100,4489,4490,4488.5,4489.25
1658268000,4491,4492,4487.25,4487.75
1658268300,4487.75,4489.5,4486.75,4488.5
1658268600,4488.75,4489.5,4488.25,4489
1658268900,4489,4489.5,4488.75,4489.5
1658269200,4489.25,4490,4487.5,4487.5
1658269500,4487.5,4488,4487,4487.25
1658269800,4487.25,4487.5,4485.25,4485.75
1658270100,4485.75,4487.25,4485.75,4486.75
1658270400,4487,4487,4485.5,4486.25
1658270700,4486.25,4486.75,4485.75,4486.75
1658271000,4487,4487.75,4486.5,4487
1658271300,4486.75,4489.25,4486.75,4489.25
1658271600,4489.5,4490.25,4488,4488.75
1658271900,4488.75,4489.5,4487.75,4489.5
1658272200,4489.25,4489.75,4488.75,4489.5
1658272500,4489.25,4489.5,4488.25,4488.5
1658272800,4488.5,4488.5,4486,4486.75
1658273100,4486.75,4487.5,4486.25,4487.5
1658273400,4487.5,4487.75,4486.75,4487
1658273700,4487.25,4487.25,4486,4486
1658274000,4486,4486.75,4485.5,4485.75
1658274300,4486,4487,4485.25,4487
1658274600,4487,4488.5,4487,4487.75
1658274900,4487.75,4488.75,4487.75,4487.75
1658275200,4487.5,4487.75,4484,4485
1658275500,4485,4486.5,4484.5,4485.5
1658275800,4485.5,4486.25,4484.25,4486
1658276100,4486.25,4488.25,4486,4488.25
1658276400,4488,4490.25,4487.25,4490
1658276700,4490,4500,4489.75,4497.25
1658277000,4497.5,4500.25,4496.5,4496.5
1658277300,4496.5,4497.25,4495,4495.5
1658277600,4495.5,4496,4494.5,4494.75
1658277900,4494.75,4496.5,4494.75,4495.75
1658278200,4495.75,4496,4494.5,4495.5
1658278500,4495.5,4498,4495.5,4497.25
1658278800,4497.5,4497.75,4495,4495.5
1658279100,4495.5,4496.75,4495.25,4495.5
1658279400,4495.5,4496.5,4493.5,4494
1658279700,4494,4498.5,4493.75,4496.25
1658280000,4496.25,4497,4493.75,4494.75
1658280300,4494.75,4496.5,4494.25,4495.75
1658280600,4495.75,4498.75,4495.25,4498.5
1658280900,4498.5,4500.75,4497.25,4498.75
1658281200,4498.75,4500.25,4497.5,4499
1658281500,4499.25,4499.5,4498.25,4499
1658281800,4499,4502.25,4498.75,4501.25
1658282100,4501,4503.25,4500,4500.75
1658282400,4500.5,4500.75,4498.5,4499
1658282700,4499,4500.25,4498.5,4500.25
1658283000,4500.25,4501.75,4499.5,4499.75
1658283300,4499.75,4502,4499.5,4500.75
1658283600,4500.75,4501.5,4500,4500.75
1658283900,4500.75,4502,4500.75,4501.75
1658284200,4501.75,4506,4501.75,4504.5
1658284500,4504.75,4508.25,4504,4507.5
1658284800,4507.25,4508.25,4506.5,4507.5
1658285100,4507.5,4507.5,4505.5,4505.75
1658285400,4505.5,4506,4504.5,4506
1658285700,4505.75,4506,4505.25,4505.75
1658286000,4505.75,4506.5,4505,4506
1658286300,4506,4506.25,4504,4504.25
1658286600,4504.5,4505.75,4504.25,4505.25
1658286900,4505.25,4506,4504.75,4505.25
1658287200,4505.25,4506.5,4504.5,4506
1658287500,4506,4506.5,4505.25,4506
1658287800,4506,4506.5,4505,4505.25
1658288100,4505.5,4505.75,4505,4505.25
1658288400,4505.25,4505.25,4504.5,4504.5
1658288700,4504.75,4504.75,4503,4504
1658289000,4504,4504,4502.25,4502.5
1658289300,4502.75,4504.75,4502,4504.75
1658289600,4504.5,4505.5,4504,4504.5
1658289900,4504.75,4506.5,4504.25,4506.25
1658290200,4506.75,4507,4505.5,4505.5
1658290500,4505.75,4506,4504.25,4504.75
1658290800,4504.5,4505,4503.5,4503.5
1658291100,4503.25,4503.5,4500.75,4501
1658291400,4501.25,4503.25,4501,4502.25
1658291700,4502,4502,4500.25,4500.5
1658292000,4500.5,4502.25,4500.5,4502
1658292300,4502.25,4503.75,4502.25,4503.25
1658292600,4503.5,4504.75,4502.5,4504.5
1658292900,4504.75,4504.75,4503.25,4503.5
1658293200,4503.5,4503.5,4499,4500.5
1658293500,4500.25,4501.25,4499.5,4500.5
1658293800,4500.25,4500.25,4498,4499.5
1658294100,4499.5,4499.5,4498,4498.75
1658294400,4499,4499,4496,4497
1658294700,4496.75,4499.5,4496.75,4499.5
1658295000,4499.5,4499.5,4496.75,4498.25
1658295300,4498,4499,4496.75,4498.25
1658295600,4498,4499.75,4497.25,4498.5
1658295900,4498.5,4498.75,4498,4498.75
1658296200,4498.5,4500.5,4498.5,4499
1658296500,4499,4499,4496.75,4498.75
1658296800,4498.75,4500,4495.75,4497.5
1658297100,4497.5,4499.5,4496.75,4499.25
1658297400,4499,4499,4496.75,4497
1658297700,4497,4499,4496.25,4496.5
1658298000,4496.5,4497.5,4494.25,4495.75
1658298300,4495.75,4499,4495,4498.25
1658298600,4498.25,4499.5,4497.5,4498.5
1658298900,4498.25,4500,4496.75,4500
1658299200,4500,4500.5,4497.25,4498.5
1658299500,4498.75,4501.5,4497.75,4500.75
1658299800,4500.5,4501,4498,4498.75
1658300100,4498.5,4499.5,4498,4498
1658300400,4498,4498.25,4491.5,4496.5
1658300700,4496.5,4502.25,4495.75,4500.75
1658301000,4500.75,4501.5,4497.25,4497.5
1658301300,4497.5,4500,4494,4499
1658301600,4499,4503,4497.25,4497.25
1658301900,4497,4497.75,4494,4495
1658302200,4494.75,4497.5,4490.75,4491.25
1658302500,4491,4491.5,4486.5,4486.75
1658302800,4487,4488.5,4483.5,4484
1658303100,4484,4486,4482.75,4484.75
1658303400,4484.75,4487.25,4483.5,4487
1658303700,4487,4488,4483.5,4483.5
1658304000,4483.5,4490.25,4482.75,4489.5
1658304300,4489.75,4492,4488.25,4492
1658304600,4491.75,4494,4491,4491.25
1658304900,4491.25,4493,4489.5,4490
1658305200,4489.75,4490.25,4486.75,4487
1658305500,4487,4489.25,4485.75,4489.25
1658305800,4489,4490.25,4488,4489
1658306100,4489,4489.5,4487.25,4488
1658306400,4488,4489.5,4487.75,4488.25
1658306700,4488.25,4488.25,4483.75,4485.75
1658307000,4485.5,4485.75,4483.5,4485
1658307300,4485,4487.75,4484.25,4486.25
1658307600,4486.25,4490,4486,4488.75
1658307900,4488.75,4490,4488,4488.75
1658308200,4488.75,4490,4488,4488.75
1658308500,4489,4489.5,4487.75,4489
1658308800,4488.75,4489.5,4486.75,4488.25
1658309100,4488.5,4489.25,4486,4486.5
1658309400,4486.75,4488.5,4485.5,4487.75
1658309700,4487.5,4490.75,4487.5,4490.75
1658310000,4490.5,4491.25,4488.5,4489.5
1658310300,4489.25,4489.75,4488.25,4489.25
1658310600,4489.25,4491.5,4489,4491.5
1658310900,4491.25,4491.75,4489,4489.75
1658311200,4489.5,4490.75,4486.5,4488
1658311500,4488,4490.25,4486.75,4487
1658311800,4487,4487.25,4485.75,4487
1658312100,4487,4490,4486.75,4489.75
1658312400,4489.75,4490.5,4488.25,4489.5
1658312700,4489.75,4491,4487.25,4487.25
1658313000,4487.25,4487.75,4477.25,4477.5
1658313300,4477.5,4479.75,4473,4474
1658313600,4474,4477.75,4470.75,4475
1658313900,4475,4475.25,4467.75,4470.25
1658314200,4470.25,4474.25,4470,4473
1658314500,4473,4477,4472,4475
1658314800,4475,4476.75,4474.75,4475
1658315100,4475,4478,4474.25,4474.25
1658315400,4474,4475.5,4472,4473.75
1658315700,4473.75,4473.75,4471.25,4473.75
1658316000,4473.75,4476.75,4473.75,4476.25
1658316300,4476.25,4477.5,4475.5,4477.5
1658316600,4477.25,4477.75,4474.5,4477
1658316900,4477,4477,4474.25,4476
1658317200,4475.75,4475.75,4471.5,4471.5
1658317500,4471.5,4473.5,4470.25,4472.75
1658317800,4472.5,4473.75,4471,4473.5
1658318100,4473.5,4474.25,4472.75,4473.25
1658318400,4473.25,4475.75,4472.75,4474.5
1658318700,4474.25,4480.75,4472.75,4480.25
1658319000,4480.25,4481,4479,4480.5
1658319300,4480.25,4481,4478,4478.5
1658319600,4478.5,4479,4466.25,4469.5
1658319900,4469.5,4472,4467.5,4470.75
1658320200,4470.75,4474.75,4468.25,4473.25
1658320500,4473.25,4473.25,4468.25,4470.5
1658320800,4470.25,4473,4468.25,4471.75
1658321100,4471.5,4476,4470.5,4474.5
1658321400,4474.25,4481.5,4473.75,4478.5
1658321700,4478.5,4479,4477,4477.25
1658322000,4477,4480.25,4476.75,4478.25
1658322300,4478.25,4479.75,4477,4477.25
1658322600,4477.25,4478.5,4475.5,4475.75
1658322900,4475.75,4480.25,4475.25,4479.5
1658323200,4479.5,4482.75,4478.5,4481.5
1658323500,4481.5,4483.75,4480,4482.75
1658323800,4482.5,4483,4474,4480.25
1658324100,4480,4487.5,4480,4484.5
1658324400,4484.5,4486.75,4480,4483.75
1658324700,4484,4485.25,4478,4480.75
1658325000,4480.75,4484.75,4477.25,4478
1658325300,4478,4480.25,4471.25,4473
1658325600,4473,4476.5,4470.25,4475
1658325900,4475,4478.75,4468.75,4478.5
1658326200,4478.5,4481.5,4477.75,4481
1658326500,4481,4481,4476.5,4479.75
1658326800,4480,4487,4479,4486.75
1658327100,4487,4494,4486.25,4493.5
1658327400,4493.5,4502.25,4492.25,4500.5
1658327700,4500.75,4505.75,4499.75,4502.25
1658328000,4502.25,4502.5,4497.75,4501.75
1658328300,4501.75,4510.25,4500.75,4508.75
1658328600,4509,4517.25,4507.5,4515.75
1658328900,4515.75,4518.5,4513.25,4518
1658329200,4518.25,4518.5,4510.25,4513.25
1658329500,4513.25,4514,4510.5,4512.75
1658329800,4513,4514,4510.5,4510.75
1658330100,4510.75,4512,4509.5,4511.25
1658330400,4511.25,4511.75,4505,4507
1658330700,4507.25,4511.25,4506,4510.25
1658331000,4510.25,4513.25,4508.75,4512.75
1658331300,4512.75,4514.75,4506.25,4508.5
1658331600,4508.5,4511,4506,4510.25
1658331900,4510.25,4513.25,4510.25,4512
1658332200,4512,4518.25,4511.5,4516.75
1658332500,4517,4518.5,4514.75,4516.5
1658332800,4516.5,4517.75,4515,4516.75
1658333100,4517,4521.25,4516,4520.5
1658333400,4520.5,4521.25,4518.75,4520.5
1658333700,4520.5,4521.25,4515.5,4519.25
1658334000,4519.5,4519.75,4517.25,4518.75
1658334300,4518.5,4518.75,4512.75,4513
1658334600,4513,4517.25,4512.75,4516.75
1658334900,4516.75,4518.5,4515.25,4516
1658335200,4516,4517.25,4501.75,4503.25
1658335500,4503.25,4503.25,4491.75,4495
1658335800,4494.75,4504.5,4494,4502
1658336100,4502,4507.75,4501,4505
1658336400,4505.25,4506,4494,4495
1658336700,4495.25,4500,4487.25,4491.75
1658337000,4491.75,4492,4482.75,4486.25
1658337300,4486.25,4492.5,4483.75,4492
1658337600,4492,4492.75,4487.75,4489
1658337900,4489.25,4497.75,4487.75,4497
1658338200,4497.25,4503.25,4493.75,4501
1658338500,4500.75,4501,4495.5,4498.75
1658338800,4499,4501.25,4496.5,4497.5
1658339100,4497.5,4499.25,4491,4491.25
1658339400,4491.25,4494.5,4490.25,4491.75
1658339700,4491.75,4492.5,4482.5,4483.75
1658340000,4483.75,4491.25,4483,4491
1658340300,4491,4493.75,4489,4493.25
1658340600,4493.25,4493.5,4488.5,4491.75
1658340900,4491.75,4495,4488.25,4494.5
1658341200,4494.25,4500.25,4493.25,4500
1658341500,4500,4505.5,4499.5,4503.75
1658341800,4504,4505,4499.75,4504.75
1658342100,4505,4507,4503,4507
1658342400,4507,4507,4503.25,4505.75
1658342700,4505.75,4507.25,4503.5,4507
1658343000,4507,4507.25,4496.5,4497
1658343300,4497,4505,4495,4503.75
1658343600,4503.75,4512.5,4501.75,4512
1658343900,4511.75,4514.75,4508.75,4510.25
1658344200,4510.5,4513.75,4509.25,4511
1658344500,4511,4515.5,4509.75,4514
1658344800,4514,4514.75,4508.75,4510.5
1658345100,4510.5,4516,4510.25,4515.75
1658345400,4515.5,4516.5,4507.5,4509
1658345700,4509,4510.75,4506,4509
1658346000,4509,4515.25,4507.25,4513
1658346300,4513,4514.5,4508.5,4511.5
1658346600,4511.5,4514.75,4504.75,4507
1658346900,4507,4509.5,4504,4506.5
1658347200,4506.5,4511.75,4505.5,4509.25
1658347500,4509,4511,4506.25,4508.75
1658347800,4508.5,4508.5,4502.5,4503
1658348100,4503.25,4504.75,4497.75,4501
1658348400,4501,4502.75,4500,4501.25
1658348700,4501.25,4501.75,4499,4500.25
1658349000,4500,4501,4498.75,4499.75
1658349300,4499.75,4500.25,4497.75,4498
1658349600,4497.75,4500.75,4497.75,4499.75
1658349900,4499.75,4500.5,4498.25,4498.75
1658350200,4498.5,4499.25,4497.75,4498.5
1658350500,4498.5,4498.75,4497.75,4497.75
1658354400,4498,4500.5,4497,4499.25
1658354700,4499.25,4500,4497.75,4498.5
1658355000,4498.5,4499.5,4497.75,4498.75
1658355300,4499,4499,4494.75,4495.25
1658355600,4495.5,4496,4494,4496
1658355900,4496,4498.25,4495.75,4497.25
1658356200,4497.5,4498.75,4496.25,4497.5
1658356500,4497.75,4497.75,4494.25,4494.5
1658356800,4494.25,4495.75,4494,4494
1658357100,4494.25,4496.25,4494,4495.5
1658357400,4495.5,4495.5,4494,4494.5
1658357700,4494.5,4496.25,4494.5,4495.75
1658358000,4495.75,4496,4495.25,4495.5
1658358300,4495.5,4498.25,4495.25,4498
1658358600,4497.75,4498,4496.5,4497
1658358900,4497.25,4498.75,4497.25,4498.5
1658359200,4498.5,4501.5,4498,4501.25
1658359500,4501.25,4502.75,4501,4501.75
1658359800,4501.5,4502.25,4500.25,4502
1658360100,4502,4502.5,4501,4501.25
1658360400,4501.25,4501.75,4499.75,4501.25
1658360700,4501.25,4502.75,4501,4502.25
1658361000,4502.25,4504.5,4501.5,4503.5
1658361300,4503.5,4503.75,4500.5,4500.5
1658361600,4500.5,4500.5,4496.5,4497.75
1658361900,4497.75,4498.25,4495.5,4496.25
1658362200,4496,4497,4494.75,4496.75
1658362500,4496.75,4497.75,4495.5,4495.5
1658362800,4495.5,4497.25,4494.5,4497.25
1658363100,4497,4498,4495.5,4497.5
1658363400,4497.25,4498.25,4496,4496.75
1658363700,4497,4499.25,4496.25,4497.75
1658364000,4498,4498.25,4496.5,4497.25
1658364300,4497.5,4500,4497.5,4499.5
1658364600,4499.5,4500.5,4498.75,4499.75
1658364900,4500,4501.5,4499.75,4500.5
1658365200,4500.5,4500.5,4497.5,4498
1658365500,4497.75,4497.75,4494,4496.75
1658365800,4496.75,4498,4495.5,4497
1658366100,4497.25,4498.75,4496.75,4497.25
1658366400,4497.25,4497.5,4495.5,4496.5
1658366700,4496.5,4496.5,4489.25,4489.5
1658367000,4489.75,4494.25,4489.25,4494.25
1658367300,4494.25,4496.25,4493.75,4495.75
1658367600,4495.75,4497.5,4495.75,4496.25
1658367900,4496.25,4496.5,4493,4495
1658368200,4495.25,4495.5,4493,4493.5
1658368500,4493.75,4495.5,4493.5,4495
1658368800,4494.75,4497,4493.5,4497
1658369100,4497,4499,4496,4496.75
1658369400,4497,4498.75,4496.5,4498
1658369700,4498,4499,4497.5,4498.25
1658370000,4498,4500,4498,4498.25
1658370300,4498.5,4499.5,4498.25,4498.75
1658370600,4498.75,4499.5,4497.5,4499.25
1658370900,4499.25,4500,4498.75,4499.5
1658371200,4499.5,4500,4499.25,4499.25
1658371500,4499.25,4500.5,4498,4498.25
1658371800,4498.25,4498.75,4497,4498
1658372100,4498,4498.5,4497.25,4498.25
1658372400,4498.25,4499,4497,4499
1658372700,4499,4499.5,4498,4499.5
1658373000,4499.5,4503,4499.25,4501.75
1658373300,4502,4502.25,4500.5,4501
1658373600,4501.25,4501.25,4499.5,4500
1658373900,4500,4500.25,4499.25,4500
1658374200,4500,4501.25,4498.75,4499
1658374500,4499,4500.5,4498.75,4500.25
1658374800,4500,4500.25,4499,4500
1658375100,4500,4501.25,4499.75,4500.25
1658375400,4500.25,4502,4500,4501.75
1658375700,4501.75,4501.75,4500.25,4500.25
1658376000,4500.5,4502.75,4500.5,4500.75
1658376300,4501,4501.25,4500,4500.25
1658376600,4500.25,4500.25,4499,4499.75
1658376900,4500,4500.75,4499.75,4500.25
1658377200,4500,4500.25,4498,4498.25
1658377500,4498.25,4498.75,4497.25,4498
1658377800,4498,4501.75,4497.75,4500.5
1658378100,4500.75,4501,4498.5,4499.5
1658378400,4499.5,4501.75,4499.25,4501.5
1658378700,4501.75,4504,4500.75,4503.5
1658379000,4503.5,4506.5,4503.5,4505.25
1658379300,4505.5,4505.75,4503.5,4503.75
1658379600,4503.5,4504,4501.75,4502.5
1658379900,4502.75,4505.25,4501.75,4505.25
1658380200,4505.5,4507.75,4505.25,4505.75
1658380500,4506,4506,4503.25,4503.75
1658380800,4504,4505.75,4503.75,4505.5
1658381100,4505.25,4505.5,4504.5,4505
1658381400,4505.25,4507,4505,4505
1658381700,4505,4508.75,4504.5,4508.75
1658382000,4508.75,4511.5,4508.25,4509.25
1658382300,4509.5,4512.25,4508.75,4511.5
1658382600,4511.5,4518.75,4511,4514.25
1658382900,4514.25,4515.75,4513.25,4515.25
1658383200,4515.75,4516.75,4513.5,4514
1658383500,4514,4517,4513,4516
1658383800,4516.25,4517.5,4515,4517.25
1658384100,4517,4517.25,4512,4515.25
1658384400,4515.25,4515.75,4511.75,4512
1658384700,4512,4514,4509.75,4509.75
1658385000,4509.5,4510.25,4505.25,4506
1658385300,4505.5,4509.75,4504.75,4509.75
1658385600,4509.25,4509.5,4507.75,4508.5
1658385900,4508.5,4508.5,4506,4506.25
1658386200,4506.25,4508,4504.5,4507
1658386500,4507.25,4508,4504.5,4505.75
1658386800,4506,4507,4503.25,4506
1658387100,4505.5,4509,4503.75,4508.25
1658387400,4508.25,4511.75,4507.5,4508.25
1658387700,4507.75,4509.5,4504,4509
1658388000,4509,4511.75,4507.25,4509.5
1658388300,4509.5,4510,4500.5,4501.5
1658388600,4501.75,4503,4496.75,4498.75
1658388900,4498.75,4500.75,4497,4500.75
1658389200,4500.5,4501.5,4497.75,4498.25
1658389500,4498,4501.5,4498,4501
1658389800,4501,4501.75,4499,4501.5
1658390100,4501.75,4502.5,4497.75,4498.25
1658390400,4498.5,4499.75,4496,4496.25
1658390700,4496.5,4498.5,4494.75,4497.5
1658391000,4497.25,4498.75,4496,4497
1658391300,4497,4497.5,4494,4495.25
1658391600,4495.25,4496.25,4489.5,4490.75
1658391900,4490.75,4494,4490.25,4492.25
1658392200,4492.5,4496.5,4491.5,4496.25
1658392500,4496.25,4497.5,4493.25,4494
1658392800,4494.25,4495.75,4490.25,4492.25
1658393100,4492.5,4494.75,4491.75,4492.5
1658393400,4492.5,4494.25,4492,4492.75
1658393700,4493,4498,4492.75,4497.5
1658394000,4497.75,4497.75,4494,4495.5
1658394300,4495.25,4496.5,4494.5,4496
1658394600,4496,4498.25,4496,4498.25
1658394900,4498.25,4498.5,4495.75,4498.25
1658395200,4498.25,4500,4497.75,4499
1658395500,4499,4499.75,4497.25,4497.25
1658395800,4497.25,4498,4496,4497.25
1658396100,4497.5,4498,4495,4497.75
1658396400,4497.5,4500.25,4497,4499
1658396700,4498.75,4500.5,4497.75,4499.75
1658397000,4499.75,4502.5,4498.25,4501.75
1658397300,4501.5,4502,4499.75,4502
1658397600,4502.25,4504.75,4500,4503.25
1658397900,4503.25,4505.25,4500.75,4505
1658398200,4505,4505.5,4503.5,4504.5
1658398500,4504.75,4506.75,4503,4506
1658398800,4506.25,4507.75,4505.25,4505.5
1658399100,4505.5,4507.75,4505.25,4506
1658399400,4506,4507,4505.25,4506.75
1658399700,4506.75,4506.75,4504.5,4505.25
1658400000,4505.5,4505.75,4500.5,4501
1658400300,4501,4501.5,4499,4499
1658400600,4499,4500.25,4498,4498.5
1658400900,4498.5,4501.25,4497.25,4499.75
1658401200,4499.75,4501,4499,4499.75
1658401500,4499.75,4502.75,4498.5,4502
1658401800,4502,4502,4499.75,4501.75
1658402100,4501.5,4503.5,4501,4501.25
1658402400,4501.5,4502.25,4497.75,4498
1658402700,4498,4499.75,4497.5,4499
1658403000,4498.75,4501.25,4498.25,4500.25
1658403300,4500.5,4501,4495.5,4496
1658403600,4496.25,4498.25,4494,4494.5
1658403900,4494.5,4499,4494,4498.75
1658404200,4498.75,4500.5,4497.75,4500.5
1658404500,4500.5,4500.5,4497.75,4498.75
1658404800,4498.5,4502.25,4498.25,4501.75
1658405100,4501.5,4504.75,4500.75,4502.25
1658405400,4502.25,4503.75,4500,4500.5
1658405700,4500.5,4508.75,4491.5,4507
1658406000,4507,4514.25,4506.25,4508.5
1658406300,4508.5,4508.5,4503.25,4505
1658406600,4505.25,4511.5,4502.25,4511
1658406900,4511,4515.75,4507.5,4515.25
1658407200,4515.5,4523,4513.75,4521.5
1658407500,4521.5,4522,4518.25,4519
1658407800,4519,4520.75,4513.25,4513.75
1658408100,4513.75,4517.75,4513.5,4515
1658408400,4515,4515.75,4510.25,4510.5
1658408700,4510.5,4510.5,4505.25,4507
1658409000,4507,4509.25,4504.5,4504.5
1658409300,4504.75,4508.5,4500,4500.5
1658409600,4500.75,4503.5,4497.5,4498.75
1658409900,4498.75,4500,4496.5,4498.75
1658410200,4498.75,4503,4491.25,4491.25
1658410500,4491.25,4500.5,4485.5,4499
1658410800,4499.25,4503.75,4493.5,4494
1658411100,4494,4503.5,4490.25,4500.25
1658411400,4500.25,4512,4496,4511.25
1658411700,4511.25,4513.25,4506.5,4507
1658412000,4507.25,4515.75,4493.25,4493.5
1658412300,4493.5,4500.5,4490.75,4494.5
1658412600,4494.5,4497.5,4480.75,4483.25
1658412900,4483.25,4498,4482.75,4495.5
1658413200,4495.25,4498,4483.5,4484.75
1658413500,4484.75,4485.25,4474.25,4478.5
1658413800,4478.75,4482.75,4476.25,4478
1658414100,4477.75,4489.5,4477.75,4489
1658414400,4488.75,4493,4486,4492
1658414700,4492.25,4493.25,4488,4489
1658415000,4488.75,4495.75,4488.75,4495.25
1658415300,4495.25,4503.25,4493.75,4502
1658415600,4502,4507.5,4499.25,4507.25
1658415900,4507.25,4507.5,4501.5,4503.75
1658416200,4503.75,4504.5,4499.25,4502.25
1658416500,4502.25,4505.25,4499.25,4503
1658416800,4503,4505,4497.25,4499.25
1658417100,4499.5,4506.5,4498.75,4506.25
1658417400,4506.25,4517,4503,4516.25
1658417700,4516.25,4518,4512.25,4512.75
1658418000,4512.75,4515.75,4512.25,4513.5
1658418300,4513.5,4515.75,4509,4509.75
1658418600,4510,4513.75,4509,4512
1658418900,4512.25,4515.5,4511.75,4513
1658419200,4513,4521.25,4511.75,4520.75
1658419500,4520.75,4527.75,4518.75,4527.25
1658419800,4527.5,4528.25,4519.25,4523.25
1658420100,4523.25,4526,4520.75,4525
1658420400,4525,4527.5,4522.75,4527
1658420700,4527,4532.5,4525.5,4531.75
1658421000,4531.75,4535,4531,4532
1658421300,4532,4534.25,4530.25,4533.25
1658421600,4533.25,4534,4530,4530.25
1658421900,4530.5,4531.25,4527.25,4528.75
1658422200,4528.5,4532,4528.5,4530.5
1658422500,4530.5,4532.75,4529.5,4531.75
1658422800,4531.75,4533,4528.5,4531.25
1658423100,4531.5,4534.5,4529.5,4531.5
1658423400,4531.5,4532.5,4526,4526.5
1658423700,4526.5,4531.25,4525.25,4529
1658424000,4529,4531.5,4523.25,4523.75
1658424300,4523.75,4525.25,4520.75,4524.25
1658424600,4524.25,4524.75,4515.25,4517.75
1658424900,4517.5,4524,4515,4523.75
1658425200,4523.5,4527.5,4522.75,4526.25
1658425500,4526.25,4526.5,4521.5,4522.5
1658425800,4522.5,4522.75,4516.75,4517
1658426100,4516.75,4523.5,4516,4523.25
1658426400,4523.25,4525,4520.75,4523.75
1658426700,4523.5,4528.75,4522.5,4527
1658427000,4527.25,4530.5,4525.75,4530.25
1658427300,4530.5,4532,4528,4530.5
1658427600,4530.5,4532.5,4529.5,4530.75
1658427900,4530.75,4531.75,4527.75,4530.75
1658428200,4530.75,4531,4525.5,4526
1658428500,4526.25,4529.5,4523.25,4529.25
1658428800,4529.5,4530,4523,4523.75
1658429100,4523.75,4525.75,4521.75,4525.5
1658429400,4525.75,4527.5,4523.5,4526.75
1658429700,4526.75,4530.5,4526,4527.75
1658430000,4528,4533.25,4527.25,4533
1658430300,4532.75,4538,4531.25,4537.75
1658430600,4538,4538,4530.75,4533
1658430900,4532.75,4533.75,4529.25,4532.5
1658431200,4532.5,4532.75,4529.75,4531
1658431500,4531.25,4535.5,4531.25,4533.75
1658431800,4533.75,4536.5,4531.5,4535.5
1658432100,4535.5,4538,4532.25,4532.5
1658432400,4532.5,4536.75,4532.5,4536.5
1658432700,4536.25,4537.5,4534,4536
1658433000,4536,4542.25,4536,4541
1658433300,4541,4547,4540.25,4546.75
1658433600,4546.5,4548.75,4545,4545.25
1658433900,4545.5,4545.5,4542.75,4543.25
1658434200,4543.25,4543.25,4534,4534.25
1658434500,4534,4536,4531.25,4532
1658434800,4532.25,4534.75,4530.25,4533
1658435100,4533.25,4534.25,4533,4533.25
1658435400,4533.5,4535,4533.25,4534.5
1658435700,4534.5,4536.5,4534.25,4534.5
1658436000,4534.75,4535.75,4533,4533
1658436300,4533.25,4534,4532.5,4533
1658436600,4533,4534.25,4532.5,4532.75
1658436900,4532.75,4536.5,4532.5,4535.25
1658440800,4532,4534,4529.25,4529.5
1658441100,4529.25,4529.75,4526.75,4528.25
1658441400,4528.5,4529,4526.75,4528.25
1658441700,4528.25,4531,4527.25,4531
1658442000,4531,4533.5,4530.5,4530.5
1658442300,4530.75,4533.25,4530.5,4532.25
1658442600,4532,4534,4531,4532.75
1658442900,4532.5,4532.5,4530,4530.5
1658443200,4530.5,4531.5,4530,4530.5
1658443500,4530.5,4532,4529.5,4531
1658443800,4531,4531.75,4529.5,4530.25
1658444100,4530.5,4531.25,4530.25,4530.25
1658444400,4530.25,4530.75,4529.5,4530.25
1658444700,4530.5,4530.5,4529.5,4529.75
1658445000,4529.75,4530.5,4529.5,4529.5
1658445300,4529.75,4530.5,4528,4529.25
1658445600,4529.25,4529.5,4528.25,4529.25
1658445900,4529,4531.25,4529,4530.75
1658446200,4530.75,4532,4529.5,4531
1658446500,4531,4531,4529,4529.5
1658446800,4529.75,4531,4529.5,4530.5
1658447100,4530.5,4531.25,4529.25,4530.25
1658447400,4530.25,4530.25,4527.75,4528.25
1658447700,4528,4529,4527.5,4528.25
1658448000,4528.25,4528.25,4524.5,4527
1658448300,4527,4527.5,4525.75,4525.75
1658448600,4525.75,4526.25,4524.5,4526.25
1658448900,4526,4529,4525.75,4528
1658449200,4528.25,4529.75,4528,4528.75
1658449500,4529,4530,4528,4528
1658449800,4528,4529.75,4527.75,4528.75
1658450100,4528.75,4530.5,4527.25,4530
1658450400,4530.25,4530.5,4528,4528.5
1658450700,4528.5,4529.75,4528,4529.25
1658451000,4529.25,4531,4529.25,4530.25
1658451300,4530.25,4531.5,4529.75,4531
1658451600,4531,4531.25,4527.25,4528
1658451900,4528,4528.75,4527.25,4528
1658452200,4527.75,4527.75,4526.5,4527.5
1658452500,4527.5,4528,4525.25,4526.5
1658452800,4526.5,4528.25,4526.25,4527.25
1658453100,4527.25,4529.75,4527,4528.5
1658453400,4528.75,4531,4528.75,4530.75
1658453700,4531,4533.25,4530,4532.5
1658454000,4532.5,4535.75,4532.25,4533.75
1658454300,4533.75,4534,4531,4531
1658454600,4531,4532.25,4530,4531.25
1658454900,4531.25,4532.5,4531,4532
1658455200,4532.25,4533.25,4531,4532.75
1658455500,4532.75,4533,4531,4531
1658455800,4531,4531,4529.25,4529.25
1658456100,4529.25,4530.25,4528,4529.75
1658456400,4529.75,4530.25,4528.75,4529
1658456700,4528.75,4529.5,4527.5,4528.25
1658457000,4528,4529.25,4527.75,4528
1658457300,4527.75,4528,4526,4526.25
1658457600,4526.25,4528.5,4526.25,4528.25
1658457900,4528.5,4528.75,4527.25,4527.5
1658458200,4527.75,4529.5,4526.75,4528.25
1658458500,4528.25,4528.5,4527.25,4527.5
1658458800,4527.5,4529.25,4527.5,4528.5
1658459100,4528.5,4528.75,4527.5,4528.5
1658459400,4528.25,4529.5,4528.25,4529
1658459700,4529.25,4530,4527.75,4527.75
1658460000,4527.75,4528,4526.25,4527
1658460300,4527.25,4528.75,4527,4528.75
1658460600,4529,4530,4528.75,4529.75
1658460900,4529.75,4530,4528.75,4529.25
1658461200,4529,4530,4528.75,4529.75
1658461500,4530,4530.75,4529.5,4530
1658461800,4530,4530,4528.75,4529
1658462100,4529,4530.5,4529,4530.5
1658462400,4530.5,4531.25,4530.25,4531.25
1658462700,4531,4531.5,4530.5,4531.5
1658463000,4531.5,4531.75,4530.5,4530.5
1658463300,4530.5,4530.75,4529.75,4530.75
1658463600,4530.5,4531.5,4530.5,4530.75
1658463900,4531,4531,4529.75,4530
1658464200,4530.25,4530.5,4528.75,4529
1658464500,4529,4530.25,4529,4529.5
1658464800,4529.25,4529.75,4528.75,4529.25
1658465100,4529,4529.75,4528.75,4529
1658465400,4529,4529.25,4528.5,4528.75
1658465700,4528.75,4529.25,4527.75,4527.75
1658466000,4528,4530,4526.75,4529.75
1658466300,4529.75,4530.75,4527.5,4528.5
1658466600,4528.25,4528.75,4524.25,4526.25
1658466900,4526.25,4527.75,4525.25,4527.25
1658467200,4527.25,4527.5,4526.5,4527.25
1658467500,4527.5,4529.25,4527.5,4529
1658467800,4529,4529,4524.75,4526
1658468100,4526.25,4526.5,4525,4525.5
1658468400,4525.5,4526,4524.5,4525
1658468700,4525,4526,4524.5,4525.5
1658469000,4525.5,4525.75,4524.75,4525.5
1658469300,4525.25,4526.25,4525,4525
1658469600,4525.25,4528.5,4525.25,4525.75
1658469900,4526,4528,4525.5,4526.5
1658470200,4526.5,4528.5,4525.5,4527.75
1658470500,4527.5,4529.25,4526.75,4527.25
1658470800,4527.5,4528.5,4526.75,4528.5
1658471100,4528.5,4529.75,4526.5,4529.5
1658471400,4529.75,4531,4529,4529.75
1658471700,4529.5,4530.75,4529.25,4529.5
1658472000,4529.75,4532.25,4529.25,4531.25
1658472300,4531.25,4534.75,4531,4534
1658472600,4534,4534,4531,4532
1658472900,4532.25,4533,4531.25,4533
1658473200,4533,4534,4528,4533.75
1658473500,4533.75,4535,4530,4535
1658473800,4534.75,4537.5,4533.5,4537.5
1658474100,4537.25,4540,4532.25,4533
1658474400,4533,4536.75,4532.75,4536
1658474700,4536.25,4537.75,4532.5,4533
1658475000,4532.75,4534.5,4528.25,4530
1658475300,4530,4532.25,4525,4526
1658475600,4525.75,4527.5,4524,4526
1658475900,4526,4527.5,4525.75,4527.25
1658476200,4527.25,4528,4525,4527.75
1658476500,4528,4531.5,4527.75,4529.75
1658476800,4529.75,4530.75,4525.75,4527.5
1658477100,4527.25,4527.75,4525,4525.75
1658477400,4525.75,4531,4525.5,4530.5
1658477700,4530.5,4533.25,4529.25,4529.5
1658478000,4529.5,4530.25,4527.5,4529
1658478300,4529,4532.25,4529,4532
1658478600,4531.75,4534,4529,4531
1658478900,4531,4534,4531,4532.75
1658479200,4533,4536.5,4533,4533.25
1658479500,4533.25,4534.75,4532,4532.5
1658479800,4532.25,4534,4532.25,4532.75
1658480100,4533,4533.5,4531.5,4532.75
1658480400,4532.75,4535,4532,4533.75
1658480700,4534,4537,4534,4535
1658481000,4535,4537.75,4535,4535.75
1658481300,4535.5,4538.75,4535.25,4538.25
1658481600,4538.25,4538.75,4536,4536.75
1658481900,4536.75,4537,4533.5,4534
1658482200,4534.25,4534.75,4532.5,4532.5
1658482500,4532.75,4534,4531.75,4532
1658482800,4532,4533.75,4532,4533.25
1658483100,4533.25,4535.25,4532.5,4535.25
1658483400,4535.25,4536.5,4534.75,4535
1658483700,4535,4535.5,4532.25,4532.5
1658484000,4532.75,4537,4532,4537
1658484300,4537.25,4537.75,4534,4535.5
1658484600,4535.25,4535.5,4532.5,4533.5
1658484900,4534,4534.25,4532,4534.25
1658485200,4534.5,4534.5,4532.5,4533.25
1658485500,4533,4534.5,4532.75,4534.25
1658485800,4534.25,4537,4533.5,4536.75
1658486100,4536.75,4538.25,4536.5,4537.25
1658486400,4537.25,4539.5,4536.5,4539.25
1658486700,4539,4540.5,4538.75,4539
1658487000,4539,4540.25,4537.25,4537.5
1658487300,4537.5,4539,4535.25,4536
1658487600,4535.75,4537,4532.75,4534.75
1658487900,4534.5,4535.25,4532.5,4534
1658488200,4534,4534.75,4533,4534
1658488500,4534,4535.25,4533,4534
1658488800,4534,4534.75,4533.25,4534.25
1658489100,4534,4536.5,4534,4536.25
1658489400,4536.25,4536.75,4533.75,4535
1658489700,4535,4536.5,4534,4536.5
1658490000,4536.5,4539,4536,4537.75
1658490300,4537.75,4540.25,4537,4538.75
1658490600,4538.75,4540.5,4538,4540.25
1658490900,4540.5,4542,4539.25,4541.25
1658491200,4541.25,4541.5,4537.5,4538.25
1658491500,4538.25,4540,4538,4539
1658491800,4539.25,4540.75,4538.25,4540.5
1658492100,4540.25,4543,4540,4542.75
1658492400,4542.75,4543.5,4541.5,4543
1658492700,4543,4543.25,4539.75,4540.5
1658493000,4540.5,4542.5,4539.75,4541
1658493300,4540.75,4541.75,4538.75,4540
1658493600,4539.75,4541.25,4538.25,4540.75
1658493900,4540.5,4542.75,4540,4541.75
1658494200,4541.5,4542.25,4540.25,4541.25
1658494500,4541.25,4541.5,4539.5,4540.25
1658494800,4540.25,4542.5,4539.75,4541.5
1658495100,4541.5,4544,4541,4542.25
1658495400,4542,4545.75,4542,4545
1658495700,4544.75,4545.25,4543.5,4544.25
1658496000,4544,4547.75,4544,4546.75
1658496300,4546.75,4547.75,4545.5,4547.5
1658496600,4547.25,4553,4541,4541.75
1658496900,4541.75,4555.5,4537.5,4555
1658497200,4555,4556.5,4550.5,4552
1658497500,4552,4556,4544,4552.75
1658497800,4552.75,4560.25,4544,4546.5
1658498100,4546.5,4547,4537.75,4538
1658498400,4538,4541,4532.5,4538
1658498700,4538,4539,4530.5,4532.75
1658499000,4532.75,4544.5,4532.5,4543.75
1658499300,4543.5,4548.25,4543.25,4546.75
1658499600,4547,4547,4539.5,4541.25
1658499900,4541.25,4544.25,4535.25,4543.75
1658500200,4543.75,4547,4540.25,4541
1658500500,4541.25,4543,4538.25,4540.25
1658500800,4540.25,4546.25,4538,4541.75
1658501100,4541.75,4545,4539.5,4543
1658501400,4543,4550.75,4541.25,4548
1658501700,4548,4550.5,4544.5,4545.5
1658502000,4545.5,4546.75,4534.5,4534.5
1658502300,4534.75,4539,4533.25,4537.25
1658502600,4537,4541.25,4536.25,4540.25
1658502900,4540.25,4540.5,4534.5,4537.75
1658503200,4537.75,4538.25,4525.75,4526
1658503500,4526,4529.75,4525,4525.5
1658503800,4525.5,4527.5,4519.25,4520
1658504100,4520,4521.5,4511.25,4516.75
1658504400,4516.75,4521.25,4512.5,4516.75
1658504700,4517,4519.5,4514.5,4518.75
1658505000,4518.75,4522.75,4516.5,4521.75
1658505300,4521.5,4521.75,4516.75,4520.75
1658505600,4521,4524.5,4516,4518
1658505900,4518.25,4519.25,4514.25,4514.5
1658506200,4514.5,4514.75,4508.5,4510.25
1658506500,4510.25,4516.25,4510,4513.25
1658506800,4513.5,4514,4509.75,4510.75
1658507100,4511,4515.75,4507.25,4513.5
1658507400,4513.75,4521.25,4512.75,4520.5
1658507700,4520.75,4520.75,4514,4515.75
1658508000,4515.5,4517.5,4510.75,4511.75
1658508300,4511.75,4517.25,4510.5,4513.25
1658508600,4513.25,4516,4512.5,4513.5
1658508900,4513.5,4515,4509,4510.5
1658509200,4510.75,4510.75,4504.25,4504.75
1658509500,4505,4510,4504.5,4509.5
1658509800,4509.5,4510,4502.75,4503
1658510100,4503,4506,4499.5,4500.5
1658510400,4500.5,4503.5,4498.25,4498.5
1658510700,4498.5,4501.75,4497.25,4500.25
1658511000,4500.25,4500.25,4494,4494
1658511300,4494,4496.25,4490.5,4495.75
1658511600,4495.75,4497,4491.5,4496.75
1658511900,4496.5,4499.5,4494.25,4496
1658512200,4496,4496.25,4492.25,4494.5
1658512500,4494.5,4499.25,4494.25,4498
1658512800,4498.25,4499.5,4488.5,4489.5
1658513100,4489.5,4492.5,4487.75,4488.75
1658513400,4488.5,4489.25,4485.5,4487.25
1658513700,4487.25,4493.5,4486.75,4492.25
1658514000,4492.25,4492.75,4489.5,4490
1658514300,4490,4492.25,4487.25,4491
1658514600,4491.25,4495.5,4485.75,4493.25
1658514900,4493,4495.25,4488.25,4491.5
1658515200,4491.25,4491.5,4487.75,4488.75
1658515500,4488.5,4492.5,4487.5,4492.25
1658515800,4492.25,4495.75,4490,4494.25
1658516100,4494.25,4498.25,4493.75,4494.75
1658516400,4495,4498,4492.5,4496.25
1658516700,4496,4497.5,4491.5,4493.5
1658517000,4493.75,4504.75,4492.25,4504.5
1658517300,4504.25,4504.5,4499.25,4499.75
1658517600,4499.75,4506.25,4499.5,4506.25
1658517900,4506.5,4507.25,4501,4506.75
1658518200,4506.75,4508,4501.5,4502
1658518500,4502,4502.75,4498.25,4499
1658518800,4499,4502.75,4498.25,4498.5
1658519100,4498.5,4502.25,4494.5,4498.75
1658519400,4499,4504.25,4497.25,4501.5
1658519700,4501.5,4510.25,4501.25,4509.5
1658520000,4509.25,4509.5,4502.25,4505
1658520300,4505,4507.25,4503.75,4506.75
1658520600,4507,4507,4504.5,4506.5
1658520900,4506.25,4506.5,4504.25,4506
1658521200,4506,4507,4505.75,4506.5
1658521500,4506.75,4508,4506.25,4507.75
1658521800,4507.75,4507.75,4506.75,4507.5
1658522100,4507.25,4507.5,4506,4506
1658522400,4506.25,4507.25,4506,4506.5
1658522700,4506.5,4507.75,4505.75,4507.75
1658523000,4507.5,4508.25,4506.75,4508
1658523300,4507.75,4508.25,4505.75,4507.25
1658700000,4511.75,4512.25,4499.5,4502.25
1658700300,4502.25,4502.25,4498.5,4499.25
1658700600,4499.25,4502,4499,4501
1658700900,4501,4503,4499.5,4502.75
1658701200,4502.5,4503,4501.5,4501.5
1658701500,4501.5,4504.75,4500.5,4503
1658701800,4503.25,4506.75,4503.25,4505
1658702100,4505.25,4506.75,4504.5,4504.75
1658702400,4504.75,4507,4503.75,4504
1658702700,4503.75,4504.5,4502.75,4503.25
1658703000,4503.25,4504.5,4503,4503.25
1658703300,4503.25,4503.75,4502.25,4502.75
1658703600,4503,4505.25,4503,4504.25
1658703900,4504.5,4506,4504.25,4506
1658704200,4505.75,4506.5,4504.25,4505
1658704500,4504.75,4505.5,4502.5,4503.75
1658704800,4503.75,4505.25,4503.75,4505
1658705100,4505.25,4506,4504.75,4505.5
1658705400,4505.25,4507,4503.5,4505.75
1658705700,4505.75,4506,4504,4504.25
1658706000,4504.25,4506,4503.25,4503.75
1658706300,4504,4505,4502.75,4503.5
1658706600,4503.5,4503.5,4501.25,4501.75
1658706900,4502,4502,4500.5,4500.75
1658707200,4501,4504.5,4500,4503.5
1658707500,4503.5,4505.5,4501,4505.25
1658707800,4505.25,4507.5,4504.5,4507
1658708100,4507,4509,4505.5,4507.25
1658708400,4507.25,4509.75,4506.75,4509.25
1658708700,4509.25,4510,4507,4507.5
1658709000,4507.5,4508.5,4505.75,4505.75
1658709300,4505.75,4506.25,4502.5,4502.75
1658709600,4502.75,4503.5,4499.75,4503.25
1658709900,4503,4504,4501,4501.75
1658710200,4501.75,4502.75,4500.25,4501.75
1658710500,4502,4502,4497.5,4498
1658710800,4497.75,4499,4495.75,4496.75
1658711100,4496.5,4498.5,4496.25,4497.75
1658711400,4497.25,4499,4497.25,4498.25
1658711700,4498,4501.75,4496.5,4500.5
1658712000,4500.75,4501,4498.25,4498.75
1658712300,4498.75,4500,4498.25,4499
1658712600,4499,4499,4496,4497.5
1658712900,4497.5,4499.5,4497,4498.25
1658713200,4498.5,4498.5,4495.75,4497.75
1658713500,4498,4498.75,4496.75,4496.75
1658713800,4497,4497.5,4495.5,4497.5
1658714100,4497.25,4498.75,4496.75,4497.25
1658714400,4497.25,4500.75,4496.75,4499.5
1658714700,4499.5,4500,4497.25,4497.75
1658715000,4497.75,4499.75,4497.25,4499.75
1658715300,4499.75,4500.75,4497.75,4498.5
1658715600,4498.75,4499.75,4498.25,4498.5
1658715900,4498.75,4499.5,4498.5,4499.25
1658716200,4499.25,4499.75,4498,4498.25
1658716500,4498.5,4499.5,4498.25,4499.25
1658716800,4499,4501.25,4499,4501.25
1658717100,4501,4501,4499.5,4500.75
1658717400,4500.75,4504,4500.75,4502.5
1658717700,4502.25,4503,4502,4502.5
1658718000,4502.75,4503,4501.5,4501.75
1658718300,4501.75,4503.75,4501.5,4503.5
1658718600,4503.5,4504,4502,4502.5
1658718900,4502.5,4503.5,4502.25,4503.25
1658719200,4503,4503.25,4500.25,4500.75
1658719500,4500.75,4501.75,4499.75,4500.25
1658719800,4500.25,4502.25,4500,4502
1658720100,4501.5,4503.5,4500.75,4502.75
1658720400,4502.5,4502.75,4501.25,4502.75
1658720700,4502.75,4503.75,4502,4503.25
1658721000,4503.5,4505.5,4503,4505.25
1658721300,4505.25,4505.75,4504.25,4505.25
1658721600,4505.25,4505.25,4503.75,4504.5
1658721900,4504.5,4505,4503.75,4504.75
1658722200,4505,4505,4503.75,4504.25
1658722500,4504,4504.25,4502.75,4503.75
1658722800,4504,4504.5,4504,4504.5
1658723100,4504.5,4505.25,4504,4504.75
1658723400,4504.5,4506.5,4504.5,4506.25
1658723700,4506.75,4506.75,4505.5,4505.5
1658724000,4506,4506.25,4505.5,4505.5
1658724300,4505.75,4506.25,4504.25,4505.5
1658724600,4505.25,4505.5,4503.75,4504.75
1658724900,4504.75,4505.25,4503.75,4503.75
1658725200,4504,4504.75,4503,4503.5
1658725500,4503.25,4505,4502.5,4504.75
1658725800,4504.75,4504.75,4502.75,4503.25
1658726100,4503,4503,4501.5,4501.75
1658726400,4501.75,4502.75,4501.5,4502.5
1658726700,4502.25,4502.5,4501,4502.25
1658727000,4502.5,4502.5,4500.5,4501.5
1658727300,4501.5,4503.5,4501,4502.75
1658727600,4502.75,4503,4500.75,4500.75
1658727900,4500.75,4501.5,4500,4500.25
1658728200,4500,4500.5,4498.75,4500
1658728500,4500,4503,4499.75,4501.5
1658728800,4501.75,4504.25,4501,4503.75
1658729100,4503.5,4505,4502.75,4504.75
1658729400,4504.75,4506.5,4503.75,4505.75
1658729700,4506,4506.75,4503.25,4503.5
1658730000,4503.5,4503.5,4501.25,4501.5
1658730300,4501.5,4502,4499.5,4500.25
1658730600,4500.25,4503.5,4499.75,4502.25
1658730900,4502.25,4503,4500.5,4501.75
1658731200,4502,4502,4500.75,4501.75
1658731500,4502,4503,4501.5,4503
1658731800,4503,4504.5,4502.75,4504.25
1658732100,4504,4505.75,4503,4505.5
1658732400,4505.5,4508.75,4503,4507.5
1658732700,4507.5,4508.25,4505.5,4508
1658733000,4508,4509.5,4506.5,4508.25
1658733300,4508.5,4509.5,4503.75,4504.25
1658733600,4504,4504,4496.25,4502.75
1658733900,4502.5,4505.25,4501.5,4503.5
1658734200,4503.25,4504.5,4500,4503.75
1658734500,4503.75,4504.5,4501.25,4503.25
1658734800,4503.25,4506.75,4501.5,4506
1658735100,4506,4508,4505.5,4505.75
1658735400,4505.75,4506.5,4504,4504.5
1658735700,4504.5,4505.75,4503.25,4503.5
1658736000,4503.75,4507,4502.75,4505.5
1658736300,4505.25,4510.75,4505.25,4509.5
1658736600,4509.5,4510.75,4505.75,4506.5
1658736900,4506.5,4511.5,4506.5,4509.25
1658737200,4509.25,4512.25,4508.5,4512
1658737500,4511.75,4512.25,4509.5,4510.25
1658737800,4510.25,4511.75,4509.5,4511.5
1658738100,4511.5,4518.25,4511,4517.75
1658738400,4517.5,4519.25,4515.75,4516
1658738700,4516.25,4518.25,4515.75,4516.5
1658739000,4516.75,4518.25,4516,4517
1658739300,4517,4517.25,4516,4516.5
1658739600,4516.5,4517.5,4516,4517.25
1658739900,4517,4522,4517,4519.5
1658740200,4519.25,4520.75,4518.5,4519.75
1658740500,4519.75,4520.75,4518.5,4520.75
1658740800,4520.5,4523.75,4519.75,4522.75
1658741100,4522.75,4523,4520.5,4520.75
1658741400,4521,4523.25,4520.5,4522.5
1658741700,4522.5,4525,4522,4523
1658742000,4522.75,4524.5,4522.75,4523.5
1658742300,4523.5,4526,4522.5,4525.25
1658742600,4525,4526.75,4523.5,4526
1658742900,4525.75,4528.75,4525.75,4528.25
1658743200,4528.25,4528.5,4525.25,4525.5
1658743500,4525.75,4526,4524.5,4525.25
1658743800,4525.25,4528,4525.25,4527.5
1658744100,4527.5,4529.5,4527.5,4527.75
1658744400,4527.75,4528.5,4526.75,4528.5
1658744700,4528.25,4528.75,4527.25,4528
1658745000,4527.75,4528,4525.5,4526.25
1658745300,4526.25,4527.25,4526,4527.25
1658745600,4527.25,4527.75,4525.75,4526
1658745900,4526,4528.25,4525.75,4527.25
1658746200,4527.5,4529.5,4527.25,4529
1658746500,4528.75,4530.5,4528,4530.5
1658746800,4530.5,4530.5,4526,4526.75
1658747100,4526.75,4528.25,4526.5,4527.75
1658747400,4527.75,4529.5,4527.5,4528.5
1658747700,4528.5,4528.75,4528,4528.5
1658748000,4528.75,4532.75,4528.75,4531.5
1658748300,4531.5,4532.75,4529.5,4530.5
1658748600,4530.5,4532.75,4529.75,4530.5
1658748900,4530.75,4531,4529,4529.5
1658749200,4529.5,4530.5,4527,4527.25
1658749500,4527,4528.5,4523.5,4525.25
1658749800,4525.25,4528.5,4524.75,4526
1658750100,4525.75,4527.25,4525,4526.5
1658750400,4526.5,4528.25,4526.25,4527.25
1658750700,4527.25,4528.5,4525.75,4528
1658751000,4528,4529.5,4526.5,4527.25
1658751300,4527.25,4528.5,4525.75,4527.5
1658751600,4527.5,4529.25,4527.25,4529.25
1658751900,4529.25,4529.5,4526,4526.25
1658752200,4526.5,4527.25,4525,4526.5
1658752500,4526.25,4526.25,4521,4521.75
1658752800,4521.5,4523.75,4520,4522.75
1658753100,4522.75,4523,4520.75,4521.25
1658753400,4521.25,4522,4519.5,4520.75
1658753700,4520.75,4524,4520.5,4522
1658754000,4522,4524,4521.75,4523
1658754300,4523,4523.25,4520.75,4521
1658754600,4520.75,4521.75,4517,4517.5
1658754900,4517.5,4520.5,4517.5,4520.25
1658755200,4520,4520.75,4518.5,4518.75
1658755500,4518.75,4519.25,4515,4515.25
1658755800,4515.25,4517.25,4506.5,4507.5
1658756100,4507.5,4508,4498.25,4502
1658756400,4502,4515.5,4501.25,4513.5
1658756700,4513.5,4514.5,4506.5,4508.75
1658757000,4508.75,4515.75,4507.75,4512.5
1658757300,4512.5,4518.5,4511.5,4513
1658757600,4513.25,4516.75,4511.25,4513
1658757900,4513.25,4514.75,4504.75,4510.75
1658758200,4511,4515.5,4509.75,4510.25
1658758500,4510.25,4510.75,4502.25,4504.5
1658758800,4504.5,4509.75,4503.25,4506.5
1658759100,4506.5,4509.25,4495,4504.5
1658759400,4504.5,4506.5,4499.25,4500.75
1658759700,4501,4503.75,4496.5,4502.25
1658760000,4502,4511.25,4499.25,4509.75
1658760300,4509.5,4512.5,4508.25,4510.5
1658760600,4510.5,4513.25,4508.5,4509.75
1658760900,4509.75,4515,4508.25,4510.25
1658761200,4510.25,4513,4507.75,4510.25
1658761500,4510,4514,4508.5,4512
1658761800,4511.75,4513.75,4501.75,4503.25
1658762100,4503,4506.25,4500.75,4505
1658762400,4505,4509.75,4504.75,4508.5
1658762700,4508.5,4515.5,4506.75,4514.5
1658763000,4514.5,4518.75,4513.25,4517.75
1658763300,4518,4520,4515.5,4516.25
1658763600,4516.25,4518,4515,4516.5
1658763900,4516.5,4521,4516.25,4517.5
1658764200,4517.5,4518.5,4514.25,4517.75
1658764500,4517.75,4518.75,4515.25,4517
1658764800,4517.25,4519.5,4513.5,4519.25
1658765100,4519,4519.25,4513.75,4513.75
1658765400,4514,4515.25,4507.25,4508.5
1658765700,4508.75,4510,4505,4508.25
1658766000,4508,4509.25,4505.25,4507.75
1658766300,4507.75,4511.25,4507,4511
1658766600,4511,4516.5,4510.5,4516
1658766900,4516.25,4517,4514.25,4514.75
1658767200,4515,4519.75,4515,4517.25
1658767500,4517.25,4523,4517,4521.75
1658767800,4521.5,4522,4517,4519
1658768100,4519,4519.25,4515.75,4516
1658768400,4516.25,4519.5,4515.5,4518.5
1658768700,4518.75,4520.75,4515.75,4520.25
1658769000,4520,4521.5,4517.5,4518.25
1658769300,4518.25,4518.5,4516,4517.5
1658769600,4517.5,4518,4514.25,4515.25
1658769900,4515,4515.75,4512.25,4512.5
1658770200,4512.25,4514,4511.25,4512.5
1658770500,4512.5,4512.75,4506.5,4507.25
1658770800,4507.25,4508.75,4505.5,4507.75
1658771100,4507.5,4509,4506.25,4507
1658771400,4507,4507.25,4502.75,4504
1658771700,4504,4504,4502.5,4502.75
1658772000,4503,4503.75,4500.5,4500.5
1658772300,4500.75,4505,4500.5,4502.25
1658772600,4502,4505.5,4502,4504
1658772900,4504,4504.5,4499.5,4500
1658773200,4500,4502.5,4498.5,4501.75
1658773500,4501.5,4502.25,4499.25,4500.5
1658773800,4500.75,4502,4498.25,4500.75
1658774100,4500.75,4504.5,4500.5,4502.5
1658774400,4502.5,4505.25,4501.75,4503.5
1658774700,4503.75,4504,4496.5,4498.75
1658775000,4498.75,4500,4496.25,4497.75
1658775300,4497.75,4500,4494.5,4496
1658775600,4496,4499.5,4491.75,4493
1658775900,4492.75,4494.75,4490,4494
1658776200,4494.25,4496,4492,4493.5
1658776500,4493.75,4496.5,4491.25,4495
1658776800,4495,4499.5,4494,4499.25
1658777100,4499.5,4500.25,4494,4494
1658777400,4494.25,4497.75,4492.75,4494.25
1658777700,4494.5,4502,4494.25,4501.25
1658778000,4501.25,4503.5,4498.75,4501.25
1658778300,4501.25,4504.5,4500.25,4503.75
1658778600,4503.75,4510.25,4502,4510
1658778900,4510,4516.25,4509.25,4514
1658779200,4514,4519.75,4513.5,4519.25
1658779500,4519.25,4519.25,4517.5,4518
1658779800,4518,4519,4516.75,4517.5
1658780100,4517.5,4519,4506.5,4508
1658780400,4507.75,4511.25,4505.75,4507.75
1658780700,4507.5,4508.75,4506.25,4506.5
1658781000,4506.5,4507.5,4505,4506.5
1658781300,4506.5,4507.5,4506,4506.75
1658781600,4507,4508,4506.5,4507.75
1658781900,4508,4508.5,4507.25,4507.75
1658782200,4507.75,4508.5,4506,4506.5
1658782500,4506.75,4507.5,4505.25,4506.25
1658786400,4503,4503.5,4498.75,4500.75
1658786700,4500.75,4501.75,4500.5,4501.25
1658787000,4501.25,4502,4499.75,4501.25
1658787300,4501.25,4503,4501,4502.25
1658787600,4502.5,4502.5,4500.75,4501
1658787900,4501,4501.25,4500,4500.5
1658788200,4500.25,4502.5,4499.75,4502
1658788500,4502,4503.75,4501.75,4502.5
1658788800,4502.25,4502.75,4501.5,4502.25
1658789100,4502,4502.5,4501.25,4501.25
1658789400,4501.25,4501.25,4500.5,4501
1658789700,4500.75,4503,4500.25,4502.25
1658790000,4502.25,4502.5,4501.75,4502.5
1658790300,4502.75,4503,4501.25,4501.5
1658790600,4501.5,4501.75,4500.75,4501.25
1658790900,4501.5,4501.5,4500.5,4501.25
1658791200,4501.25,4501.25,4500.75,4501
1658791500,4501.25,4501.25,4497.5,4498.5
1658791800,4498.5,4500,4497.5,4499.5
1658792100,4499.5,4499.75,4497.75,4498.5
1658792400,4498.5,4498.5,4497.5,4498.25
1658792700,4498.25,4500,4498.25,4499.25
1658793000,4499,4499.75,4498.25,4499
1658793300,4498.75,4500.25,4498.75,4500
1658793600,4500.25,4501.5,4499.25,4501.25
1658793900,4501.25,4502,4499,4500.75
1658794200,4501,4501.25,4498.75,4499.25
1658794500,4499,4501,4496.5,4499.5
1658794800,4499.5,4499.75,4496.5,4496.5
1658795100,4496.75,4499.5,4496.5,4499
1658795400,4499,4499.25,4496,4496.5
1658795700,4496.5,4498,4495.25,4497.25
1658796000,4497.5,4498.25,4496.5,4496.75
1658796300,4496.75,4496.75,4494,4495.25
1658796600,4495.5,4497.5,4494.25,4495.25
1658796900,4495.25,4497,4494.75,4496.5
1658797200,4496.25,4498.5,4496.25,4497.25
1658797500,4497.25,4498.25,4496.75,4498.25
1658797800,4498,4499.25,4497.75,4498.75
1658798100,4498.75,4500.25,4498.5,4500
1658798400,4500,4502.25,4500,4500.75
1658798700,4501,4503.75,4500.25,4503
1658799000,4503.25,4504,4501.25,4502
1658799300,4501.75,4502.25,4500.5,4501
1658799600,4501,4503.5,4500.5,4503
1658799900,4502.75,4503,4500,4500.5
1658800200,4500.75,4501.25,4499.75,4500.5
1658800500,4500.5,4500.5,4499,4500
1658800800,4500,4500,4497.5,4497.75
1658801100,4497.5,4500.5,4497.5,4500.25
1658801400,4500.25,4501.25,4499.75,4501
1658801700,4500.75,4501,4499.5,4500.25
1658802000,4500,4501.5,4499.25,4501
1658802300,4501,4501.75,4500.75,4501
1658802600,4501,4502.25,4499.5,4501.5
1658802900,4501.75,4505,4501.75,4503.5
1658803200,4503.5,4505.75,4503.5,4504
1658803500,4504,4506,4504,4505.75
1658803800,4505.75,4506.25,4505,4505
1658804100,4505,4505,4503,4503.5
1658804400,4503.75,4504.5,4503,4504
1658804700,4504,4505,4504,4504.25
1658805000,4504.5,4505.75,4504.5,4505.25
1658805300,4505,4505.5,4504.5,4504.5
1658805600,4504.5,4505,4504,4504.5
1658805900,4504.25,4504.75,4503.5,4504.75
1658806200,4504.75,4505.25,4504,4504.5
1658806500,4504.75,4505.25,4503.25,4503.5
1658806800,4503.5,4504,4501.75,4503.25
1658807100,4503.5,4503.75,4502,4502.25
1658807400,4502,4502.75,4501.75,4502.5
1658807700,4502.25,4503.5,4502.25,4503.5
1658808000,4503.5,4504,4502.5,4502.5
1658808300,4502.5,4503.25,4502,4502.25
1658808600,4502.25,4502.75,4502.25,4502.5
1658808900,4502.5,4502.75,4501.5,4501.5
1658809200,4501.5,4501.75,4500.5,4501.75
1658809500,4501.5,4501.75,4500,4500.5
1658809800,4500.75,4501.75,4500.75,4501.25
1658810100,4501.25,4501.5,4500.75,4500.75
1658810400,4500.75,4501.25,4500.75,4501.25
1658810700,4501.5,4502,4501.5,4502
1658811000,4502,4503.25,4502,4502.75
1658811300,4502.5,4503.5,4502.5,4502.75
1658811600,4502.75,4504.75,4502.5,4503.75
1658811900,4504.25,4504.5,4501.75,4502.25
1658812200,4502.25,4503.25,4501.25,4502.25
1658812500,4502.25,4502.75,4499.5,4500.25
1658812800,4500.5,4501.5,4500,4501
1658813100,4501.25,4502.5,4501,4502
1658813400,4502,4502.25,4501,4502
1658813700,4502.25,4503,4500.75,4501
1658814000,4501,4502,4500.5,4501.75
1658814300,4501.75,4502.5,4501.5,4502.25
1658814600,4502.25,4503.5,4502,4503.25
1658814900,4503,4504.5,4502.5,4503.25
1658815200,4503.25,4505.75,4502.5,4504.25
1658815500,4504,4504.25,4502,4502.25
1658815800,4502,4503,4501.5,4501.75
1658816100,4501.75,4502.25,4500.25,4500.75
1658816400,4500.75,4501.5,4500.25,4501.25
1658816700,4501.5,4503.5,4501.5,4502.75
1658817000,4503,4503.75,4500.75,4501.25
1658817300,4501.5,4503,4499.25,4502.75
1658817600,4502.5,4503.5,4502,4503
1658817900,4502.75,4503,4500.75,4501.25
1658818200,4501.25,4502,4500.5,4501.25
1658818500,4501,4502,4499.75,4501.75
1658818800,4501.75,4505.5,4500,4503
1658819100,4503,4504.5,4501.25,4502
1658819400,4501.75,4502.75,4500,4500.25
1658819700,4500,4504.25,4498.75,4504.25
1658820000,4504,4505,4502.5,4503
1658820300,4503,4506,4503,4503.75
1658820600,4503.5,4506,4502.75,4503.75
1658820900,4503.75,4504.25,4501.5,4502.75
1658821200,4502.5,4504,4501.75,4502.25
1658821500,4502,4505,4502,4504.75
1658821800,4504.75,4506.25,4504.75,4505.75
1658822100,4506,4507.75,4505,4506.25
1658822400,4506.25,4507,4504.25,4504.5
1658822700,4504.75,4505,4502,4502.75
1658823000,4502.75,4503.75,4500.5,4501.25
1658823300,4501,4502,4499.75,4502
1658823600,4502,4503.25,4501.5,4502.5
1658823900,4502.75,4503.75,4502.25,4503.25
1658824200,4503.25,4505.75,4502.75,4504.5
1658824500,4504.5,4504.5,4502.75,4504
1658824800,4503.75,4504.75,4503.5,4504
1658825100,4504.25,4504.75,4502.5,4503.5
1658825400,4503.75,4504.75,4503.25,4504.75
1658825700,4504.75,4505.75,4503.5,4503.75
1658826000,4503.75,4507.5,4503.75,4507.5
1658826300,4507.25,4508.5,4505.5,4506.25
1658826600,4506.5,4507,4504.75,4505.5
1658826900,4505.5,4505.75,4503.25,4504.25
1658827200,4504,4504.75,4503,4504
1658827500,4503.75,4504,4501.75,4502.25
1658827800,4502.25,4502.75,4501,4501.5
1658828100,4501.5,4502.75,4499.75,4502
1658828400,4502.25,4503.5,4501.75,4503.25
1658828700,4503.25,4505.75,4503,4504.25
1658829000,4504.25,4506,4504.25,4505.25
1658829300,4505.25,4505.5,4504.5,4504.75
1658829600,4504.75,4505.5,4504,4505
1658829900,4505,4507,4503,4504.75
1658830200,4504.75,4505.75,4502.25,4502.25
1658830500,4502.5,4503.5,4500,4500.25
1658830800,4500,4500,4495.75,4496
1658831100,4496,4498.25,4494.5,4497.75
1658831400,4497.5,4499.5,4495.25,4495.75
1658831700,4495.75,4496.5,4494,4495.75
1658832000,4495.5,4497.5,4494.25,4497.5
1658832300,4497.5,4499.5,4497.5,4498.75
1658832600,4498.75,4501,4497,4500.25
1658832900,4500.25,4500.5,4498.75,4499.25
1658833200,4499.5,4501.5,4495.5,4500.75
1658833500,4500.75,4501.5,4498.25,4499.25
1658833800,4499.25,4500,4495.75,4497.5
1658834100,4497.5,4499.25,4496.5,4496.5
1658834400,4496.5,4498.75,4496.25,4497.5
1658834700,4497.25,4501,4497.25,4500
1658835000,4499.75,4501.75,4499.5,4500.5
1658835300,4500.5,4501.5,4499.5,4500.75
1658835600,4500.75,4501.25,4498.75,4499.75
1658835900,4499.75,4501.5,4499.75,4501.5
1658836200,4501.25,4502.75,4500.25,4500.75
1658836500,4500.5,4500.75,4497.75,4498
1658836800,4498,4499.25,4497.5,4499.25
1658837100,4499.5,4501,4499.25,4500.25
1658837400,4500.25,4501.75,4500,4500
1658837700,4500,4500.75,4496.25,4497
1658838000,4496.75,4500,4496.5,4500
1658838300,4500,4501.5,4499.75,4500.25
1658838600,4500.25,4501.75,4500,4501.5
1658838900,4501.75,4503.75,4501,4502
1658839200,4502,4502.25,4498.5,4498.75
1658839500,4498.75,4499.25,4494.75,4495.5
1658839800,4495.5,4497.75,4494,4496.25
1658840100,4496.25,4498.25,4495.5,4498
1658840400,4498,4499.75,4489.25,4499.25
1658840700,4499.25,4500.75,4495.75,4496.25
1658841000,4496,4496.75,4492.5,4493.5
1658841300,4493,4493.5,4491.75,4492.75
1658841600,4492.75,4494.5,4492.5,4492.75
1658841900,4492.75,4497.75,4490.75,4496.75
1658842200,4496.75,4499,4488.25,4489.75
1658842500,4489.75,4495.25,4487.5,4494
1658842800,4494,4497,4489,4489.5
1658843100,4489.5,4489.75,4483.5,4487
1658843400,4487,4494.5,4486.5,4490.5
1658843700,4490.5,4492.5,4488,4490.25
1658844000,4490.75,4495.75,4482.5,4493
1658844300,4493,4495,4490.5,4491.75
1658844600,4491.5,4494.5,4485,4486.5
1658844900,4486.25,4489.5,4484.5,4486.75
1658845200,4486.75,4487.75,4481,4481.75
1658845500,4481.75,4485,4480.75,4483.25
1658845800,4483.25,4484.25,4479.5,4481.75
1658846100,4482,4484.25,4479.5,4482.25
1658846400,4482,4485,4480.25,4483
1658846700,4483,4486,4483,4484
1658847000,4483.75,4485.75,4480.5,4480.5
1658847300,4480.5,4487.25,4479,4486.5
1658847600,4486.75,4488.75,4482.75,4482.75
1658847900,4482.75,4483,4477.25,4478.75
1658848200,4478.5,4481,4478.25,4480.25
1658848500,4480.5,4482.25,4478.5,4479.5
1658848800,4479.25,4480.25,4475.25,4476
1658849100,4475.75,4476.25,4470.5,4471.5
1658849400,4471.25,4472.5,4468,4471.75
1658849700,4471.5,4472.5,4467.5,4469
1658850000,4469,4473,4468.25,4471.5
1658850300,4471.25,4471.5,4467.75,4467.75
1658850600,4467.75,4470.25,4462.75,4464
1658850900,4463.75,4466.75,4463,4463.5
1658851200,4463.75,4466.75,4461.5,4466.75
1658851500,4466.5,4467.75,4463,4465.5
1658851800,4465.25,4465.75,4462.25,4464.25
1658852100,4464.5,4468.75,4464.5,4466.75
1658852400,4466.75,4470.25,4464.25,4469.75
1658852700,4469.75,4471,4467,4470
1658853000,4470,4474,4470,4474
1658853300,4474,4474.75,4470.5,4470.75
1658853600,4470.75,4471,4467.5,4468
1658853900,4468,4471.75,4466.5,4470.75
1658854200,4470.75,4474.5,4470.5,4474.5
1658854500,4474.25,4475.75,4472.75,4474
1658854800,4474,4477.75,4472.5,4477.75
1658855100,4477.75,4479.75,4475.25,4479.75
1658855400,4479.75,4481.75,4476.5,4476.75
1658855700,4477,4477.5,4474,4474.75
1658856000,4474.5,4479.75,4474,4477.5
1658856300,4477.5,4480.75,4476,4479.5
1658856600,4479.75,4480.75,4473,4473.25
1658856900,4473,4475.25,4472.25,4472.75
1658857200,4473,4474.75,4472,4474
1658857500,4474.25,4474.5,4470.75,4471.75
1658857800,4471.75,4474.5,4471,4473.25
1658858100,4473,4474.25,4470.5,4470.75
1658858400,4470.75,4479,4470.5,4478.25
1658858700,4478.25,4481.5,4470.5,4471.25
1658859000,4471.25,4473.75,4469.75,4472
1658859300,4471.75,4472.25,4467.25,4467.75
1658859600,4467.5,4469.25,4465.75,4468
1658859900,4467.75,4468.5,4463,4463.5
1658860200,4463.5,4464,4461,4461.75
1658860500,4461.5,4463.75,4460,4460.5
1658860800,4460.5,4462.75,4460,4461.75
1658861100,4461.75,4463.75,4460.25,4460.5
1658861400,4460.5,4465.75,4460,4464.25
1658861700,4464,4465.5,4462,4465
1658862000,4465,4466,4460,4460.75
1658862300,4460.75,4461.5,4457.25,4459.5
1658862600,4459.25,4465.75,4458,4464.25
1658862900,4464.25,4466.75,4463.5,4464.75
1658863200,4464.75,4467.5,4463,4464.75
1658863500,4464.75,4466,4462.25,4465.5
1658863800,4465.75,4468.5,4463.5,4467
1658864100,4467.25,4469.25,4464.5,4469.25
1658864400,4469,4470,4463.5,4464.75
1658864700,4464.75,4466,4460.75,4463.75
1658865000,4463.75,4471,4461.5,4470.75
1658865300,4470.75,4473,4464.5,4467
1658865600,4467,4482,4459,4467.75
1658865900,4467.75,4479,4466.75,4477.75
1658866200,4478,4480,4475.25,4476
1658866500,4475.75,4478.5,4474.5,4476.25
1658866800,4476,4476.75,4474.25,4476
1658867100,4476.25,4477.25,4474.5,4476.75
1658867400,4476.5,4477.75,4476.25,4477.25
1658867700,4477.5,4480.5,4477.25,4479
1658868000,4479,4480,4477.25,4478
1658868300,4478.25,4481,4478,4480.5
1658868600,4480.5,4481,4479,4480.25
1658868900,4480.25,4483.5,4479,4483.25
1658872800,4483.25,4489.5,4482.75,4489.5
1658873100,4489.5,4500.75,4489.25,4500.5
1658873400,4500.75,4503,4498.75,4499.75
1658873700,4499.75,4499.75,4496,4496.25
1658874000,4496.5,4497.25,4495.25,4496.75
1658874300,4496.75,4497,4494.5,4494.75
1658874600,4494.75,4497.5,4494.75,4497
1658874900,4497,4497.25,4491.5,4491.75
1658875200,4492,4493,4489.5,4491
1658875500,4491,4492,4489,4489.25
1658875800,4489.5,4490,4488,4488.5
1658876100,4488.5,4490.5,4488.5,4490.25
1658876400,4490,4492.5,4489.75,4490
1658876700,4490,4492,4489,4491.25
1658877000,4491,4493.75,4490.5,4493
1658877300,4493,4493.75,4491,4492.75
1658877600,4492.75,4492.75,4491.25,4492.25
1658877900,4492.25,4494.25,4491.75,4494
1658878200,4494.25,4496.25,4494.25,4494.75
1658878500,4494.75,4497.25,4494.75,4496.5
1658878800,4496.75,4498.5,4496.25,4497
1658879100,4497.5,4499,4496.75,4499
1658879400,4498.75,4500.5,4498.75,4500.25
1658879700,4500.25,4500.5,4497.5,4498
1658880000,4497.75,4498.75,4494,4494.5
1658880300,4494.75,4498.5,4494.75,4498
1658880600,4498,4498.5,4497,4497.75
1658880900,4498,4500,4498,4499.5
1658881200,4499.75,4500.5,4497.75,4499
1658881500,4498.75,4499.25,4497.75,4498.25
1658881800,4498.25,4498.25,4496,4497
1658882100,4497,4497,4495.75,4496.5
1658882400,4496.75,4498,4496,4497.75
1658882700,4498,4499,4495.75,4496.5
1658883000,4496.5,4497.5,4496,4496.25
1658883300,4496.25,4497.75,4496.25,4496.5
1658883600,4496.5,4498,4496.25,4497.25
1658883900,4497,4497,4496.25,4496.25
1658884200,4496.5,4496.75,4495.75,4495.75
1658884500,4495.75,4496,4493,4494
1658884800,4494,4494.5,4492.5,4493
1658885100,4493,4493,4491.25,4492
1658885400,4492.25,4495.5,4491.5,4494.75
1658885700,4494.75,4495,4493.25,4493.75
1658886000,4493.75,4493.75,4491.75,4492.5
1658886300,4492.5,4495,4492.25,4494.5
1658886600,4494.25,4494.75,4493,4494.25
1658886900,4494.25,4495,4493.75,4494.5
1658887200,4494.5,4496.5,4494.5,4495.5
1658887500,4495.5,4495.5,4494.25,4494.75
1658887800,4494.75,4494.75,4492.75,4493.75
1658888100,4493.75,4494,4493,4493.75
1658888400,4493.75,4494.75,4493.75,4494.5
1658888700,4494.75,4495.25,4493.5,4493.75
1658889000,4493.5,4495,4493.5,4493.75
1658889300,4493.75,4494.25,4493.5,4494.25
1658889600,4494,4494.25,4493.5,4493.75
1658889900,4494,4494.5,4493.5,4494.25
1658890200,4494.25,4496.75,4494.25,4495.75
1658890500,4495.75,4496,4495,4495.5
1658890800,4495.75,4496.5,4495.25,4496
1658891100,4496.25,4497.75,4495.75,4497
1658891400,4497,4498.25,4497,4498
1658891700,4498,4498.75,4497,4497.5
1658892000,4497.5,4497.75,4496.5,4497.25
1658892300,4497.25,4497.5,4496.5,4497
1658892600,4497,4497,4496.25,4496.75
1658892900,4496.75,4497.25,4496.25,4496.25
1658893200,4496.25,4496.5,4495.75,4496.25
1658893500,4496.25,4496.75,4496,4496
1658893800,4496,4496.5,4496,4496.25
1658894100,4496.5,4497,4496.25,4496.25
1658894400,4496.25,4497,4496.25,4496.75
1658894700,4496.5,4497.5,4496.5,4497.5
1658895000,4497.5,4498,4497.5,4498
1658895300,4498,4499,4497.25,4497.75
1658895600,4497.75,4498.5,4497.75,4498.25
1658895900,4498.25,4498.75,4498,4498.25
1658896200,4498.25,4498.5,4497.5,4497.5
1658896500,4497.75,4498,4497.5,4497.75
1658896800,4498,4499.75,4498,4499.75
1658897100,4499.75,4503.5,4499.5,4502.75
1658897400,4502.75,4504.75,4502.25,4503
1658897700,4503,4503.75,4502.5,4503.25
1658898000,4503.25,4504,4502,4502.25
1658898300,4502.5,4502.5,4501.5,4502.5
1658898600,4502.5,4504.25,4502.5,4503.75
1658898900,4504,4504.75,4502.75,4502.75
1658899200,4503,4503,4501.75,4502
1658899500,4502,4504.5,4501.5,4504.25
1658899800,4504.5,4505.75,4503.75,4504.25
1658900100,4504.5,4505.25,4503,4503.25
1658900400,4503.25,4503.75,4502.5,4503.5
1658900700,4503.5,4503.5,4501.75,4502
1658901000,4502.25,4502.5,4500.25,4500.5
1658901300,4500.75,4502.5,4500.75,4502
1658901600,4501.75,4504.75,4500.5,4504.75
1658901900,4504.75,4504.75,4502.75,4503.25
1658902200,4503.5,4504.25,4502.75,4503
1658902500,4503.25,4503.75,4500.75,4500.75
1658902800,4500.75,4502.25,4500.5,4501.5
1658903100,4501.5,4503,4500.5,4501.5
1658903400,4501.5,4503,4500.75,4501.5
1658903700,4501.75,4502.5,4500.75,4501
1658904000,4501,4502,4500.75,4501.5
1658904300,4501.5,4501.5,4499.25,4499.25
1658904600,4499,4500.5,4498.25,4500.25
1658904900,4500.25,4500.75,4499,4499
1658905200,4499.25,4502,4498.5,4501.75
1658905500,4501.5,4503.5,4501,4501.5
1658905800,4501.75,4503.5,4501,4501.25
1658906100,4501.25,4504.5,4501,4503.75
1658906400,4504,4507.25,4502.75,4506
1658906700,4506,4507.5,4504.75,4506.5
1658907000,4506.5,4507.25,4504.5,4504.75
1658907300,4504.75,4506.25,4504.75,4506.25
1658907600,4506.25,4506.5,4503.5,4504
1658907900,4504,4507.25,4503.5,4505.75
1658908200,4506,4506.25,4501.25,4501.75
1658908500,4501.75,4503.5,4501.5,4503.25
1658908800,4503.5,4506,4503,4506
1658909100,4506,4512.5,4505.5,4509.75
1658909400,4509.75,4511.25,4509.25,4509.5
1658909700,4509.5,4510.25,4507,4507.25
1658910000,4507.25,4507.75,4505.5,4506
1658910300,4506,4506.75,4505,4505.75
1658910600,4505.75,4508.75,4505.75,4507.5
1658910900,4507.5,4508.5,4506.25,4506.75
1658911200,4506.75,4508,4505.25,4507.5
1658911500,4507.75,4508,4506.75,4507.75
1658911800,4507.75,4509.25,4506.5,4508
1658912100,4508,4508.5,4506.5,4506.5
1658912400,4506.5,4508.25,4505.5,4507.75
1658912700,4507.75,4508.75,4507.5,4508.5
1658913000,4508.5,4508.5,4506,4506
1658913300,4506,4507.25,4505.75,4506.5
1658913600,4506.75,4507,4505.5,4505.5
1658913900,4505.75,4506.75,4504.5,4506.5
1658914200,4506.75,4508,4506,4507.5
1658914500,4507.5,4509.5,4505.5,4507.5
1658914800,4507.75,4508,4506.25,4507.25
1658915100,4507.25,4507.25,4504,4504.5
1658915400,4504.75,4505,4502.25,4503.25
1658915700,4503.25,4504.25,4502.25,4504.25
1658916000,4504,4504.5,4501.25,4502.25
1658916300,4502.5,4503.5,4501.5,4503
1658916600,4503,4503,4501.25,4502
1658916900,4502,4502.25,4500.75,4501.25
1658917200,4501.25,4501.75,4499.75,4500
1658917500,4499.75,4502.5,4499.75,4500
1658917800,4500,4501.5,4497.5,4501.25
1658918100,4501.25,4502.25,4501,4501.75
1658918400,4501.5,4503,4501.5,4502
1658918700,4501.75,4502.25,4500,4501
1658919000,4501,4502,4500.5,4500.75
1658919300,4500.75,4503,4500.5,4502.5
1658919600,4502.5,4502.5,4499,4499.25
1658919900,4499.5,4500.25,4497.25,4497.5
1658920200,4497.75,4499.5,4496.75,4499
1658920500,4499,4499.5,4498.25,4498.75
1658920800,4499,4499.75,4498.75,4499.75
1658921100,4499.75,4501.5,4499.75,4500
1658921400,4500,4502,4499.75,4500.25
1658921700,4500.25,4500.75,4497.75,4498.75
1658922000,4499,4501.25,4498.75,4500.5
1658922300,4500.5,4501,4498.25,4498.5
1658922600,4498.75,4501,4498.25,4499.75
1658922900,4500,4500.75,4497.5,4498.25
1658923200,4498,4500,4497.75,4499.5
1658923500,4499.25,4500.75,4499.25,4499.5
1658923800,4499.75,4501.25,4499.25,4501
1658924100,4501.25,4503.5,4500.25,4503.25
1658924400,4503.25,4504,4501.25,4501.5
1658924700,4501.75,4503,4500.5,4501
1658925000,4501,4502.5,4497.5,4501.5
1658925300,4501.5,4502.25,4500,4501.25
1658925600,4501.25,4501.75,4499,4501.75
1658925900,4501.5,4503,4501,4503
1658926200,4503,4504.75,4502.5,4503.75
1658926500,4503.75,4505.5,4503.25,4503.75
1658926800,4503.75,4505,4503,4503.75
1658927100,4503.75,4505,4503.25,4503.5
1658927400,4503.75,4506.5,4503.75,4506.5
1658927700,4506.5,4507,4505.5,4506.5
1658928000,4506.75,4507,4502,4505.5
1658928300,4505.5,4506.25,4501,4501.25
1658928600,4501.5,4506.25,4498.5,4500.5
1658928900,4500.5,4508.25,4499.5,4507.75
1658929200,4507.75,4512.75,4507,4510.75
1658929500,4511,4515,4509.25,4513.75
1658929800,4514,4514.25,4511,4512
1658930100,4512,4514.75,4511.25,4511.25
1658930400,4511.25,4514,4509,4513.75
1658930700,4514,4516.25,4507.5,4509
1658931000,4509,4514,4509,4513.5
1658931300,4513.5,4517.25,4513.5,4516.25
1658931600,4516.25,4518,4513.5,4514.25
1658931900,4514.5,4516.5,4512.5,4515.25
1658932200,4515.25,4516.5,4512,4513.25
1658932500,4513,4516.75,4513,4516.25
1658932800,4516.25,4516.75,4510.75,4513.75
1658933100,4513.5,4515.75,4512.75,4515
1658933400,4515,4517.25,4513.5,4517.25
1658933700,4517.25,4519.75,4515.75,4519.25
1658934000,4519,4526,4519,4522.5
1658934300,4522.5,4523.5,4518,4518.75
1658934600,4519,4520.75,4518.25,4519.75
1658934900,4520,4522.25,4519.5,4520
1658935200,4520.25,4521.25,4516.75,4516.75
1658935500,4517,4520,4515.75,4519
1658935800,4519,4523.75,4519,4521.5
1658936100,4521.5,4523.25,4520,4520.75
1658936400,4520.75,4524.25,4520.5,4522.25
1658936700,4522.25,4524,4520.5,4522.5
1658937000,4522.75,4525.75,4521.75,4523.25
1658937300,4523.25,4526.75,4522.75,4524.5
1658937600,4524.5,4527,4523.75,4524.75
1658937900,4525,4526.75,4523.75,4525.75
1658938200,4525.75,4526,4523.5,4525.5
1658938500,4525.5,4526.5,4524.25,4525.75
1658938800,4526,4527,4524.5,4526.25
1658939100,4526,4528.5,4525.5,4526
1658939400,4526,4527,4523.75,4525
1658939700,4525,4525.5,4522.25,4522.5
1658940000,4522.5,4524.25,4521.75,4522.5
1658940300,4522.5,4523.5,4520.75,4521.25
1658940600,4521.25,4523.5,4520.75,4522
1658940900,4522.25,4522.25,4517.75,4518.25
1658941200,4518.25,4519.75,4517,4518.75
1658941500,4518.75,4519.25,4515,4517.25
1658941800,4517.25,4519.25,4515.75,4519
1658942100,4519,4519.75,4516.75,4517.5
1658942400,4517.5,4519.25,4515.75,4517.5
1658942700,4517.5,4520.25,4517,4520
1658943000,4520,4522.75,4518,4520.75
1658943300,4520.75,4521.75,4519.25,4520.25
1658943600,4520.25,4522,4519.5,4519.75
1658943900,4519.75,4522.75,4518.5,4521.75
1658944200,4521.5,4523,4519.25,4522.5
1658944500,4522.25,4523.5,4517.5,4521
1658944800,4521,4533.25,4517,4527.25
1658945100,4527.25,4527.25,4512.5,4514.75
1658945400,4514.5,4524.5,4514.25,4519.25
1658945700,4519,4525.5,4518.75,4522.75
1658946000,4522.5,4525,4518.25,4519
1658946300,4518.75,4526.75,4518.5,4523.75
1658946600,4524,4526.75,4512.5,4515
1658946900,4515,4543.5,4515,4543
1658947200,4543,4558.25,4543,4558
1658947500,4558.25,4561,4552.25,4553.75
1658947800,4553.75,4567.5,4550.25,4562.75
1658948100,4562.75,4566,4551.25,4556.75
1658948400,4557,4569,4552.75,4568.5
1658948700,4568.5,4570.75,4562.5,4567.25
1658949000,4567.5,4570.5,4563.75,4565.5
1658949300,4565.75,4572.75,4564,4567
1658949600,4567.25,4575.5,4564.5,4574.25
1658949900,4574.25,4586,4573.5,4586
1658950200,4586,4586.75,4580.5,4584.5
1658950500,4584.5,4585.5,4577,4577.75
1658950800,4577.75,4583.75,4576.75,4581.5
1658951100,4581.5,4582.75,4577.5,4578.25
1658951400,4578,4580,4570,4575.5
1658951700,4575.5,4577,4566.5,4568
1658952000,4568,4568.25,4562.75,4564.25
1658952300,4564.25,4564.75,4558,4562
1658952600,4561.75,4562.5,4559,4560
1658952900,4560,4564,4559.75,4560.75
1658953200,4560.5,4568,4560,4565.5
1658953500,4565.25,4567,4564,4564.25
1658953800,4564.25,4565.25,4564,4565.25
1658954100,4565.25,4566.5,4564,4564.5
1658954400,4564.5,4565.5,4564,4564.25
1658954700,4564.5,4565,4564,4564.75
1658955000,4564.75,4564.75,4564,4564.25
1658955300,4564,4564.75,4564,4564.5
1658959200,4566,4566,4561.75,4564.5
1658959500,4564.5,4564.75,4561.75,4562.75
1658959800,4562.75,4563.25,4562,4562.75
1658960100,4562.5,4563.25,4562,4563.25
1658960400,4563.5,4563.5,4562.25,4562.25
1658960700,4562.5,4563,4562,4562.5
1658961000,4562.75,4565.5,4562.25,4564.5
1658961300,4564.25,4564.5,4562.25,4563.75
1658961600,4563.5,4563.5,4562.25,4562.5
1658961900,4562.75,4564.25,4562.75,4563.5
1658962200,4563.5,4564.5,4563.25,4563.75
1658962500,4563.5,4563.75,4562.75,4563.75
1658962800,4563.75,4564.5,4563.25,4564.5
1658963100,4564.5,4566.5,4563.75,4565.25
1658963400,4565.25,4566,4564.5,4565.5
1658963700,4565.75,4566,4564.25,4564.25
1658964000,4564.5,4564.75,4564,4564.5
1658964300,4564.25,4565,4563.75,4565
1658964600,4564.5,4565,4563.5,4565
1658964900,4565.25,4565.25,4563,4563.5
1658965200,4563.75,4564,4563.25,4563.75
1658965500,4563.75,4565.25,4562.75,4565.25
1658965800,4565.5,4566.25,4563.5,4563.75
1658966100,4563.5,4564,4561.75,4563.25
1658966400,4563.25,4565.25,4561.5,4561.5
1658966700,4562,4564,4560.75,4561
1658967000,4561,4561.5,4559.75,4560.5
1658967300,4560.25,4560.5,4559.25,4559.75
1658967600,4560,4560,4558.75,4559
1658967900,4559,4560,4557,4557.25
1658968200,4557.25,4559.75,4556.75,4559.5
1658968500,4559.25,4559.75,4558.25,4558.75
1658968800,4558.75,4559.25,4557.75,4558
1658969100,4558,4559.25,4557,4559
1658969400,4559,4560.25,4558.75,4559.25
1658969700,4559.25,4560,4559,4559.75
1658970000,4559.5,4560.25,4558,4559.75
1658970300,4560,4561,4559.5,4560.75
1658970600,4560.75,4561.25,4559.5,4560
1658970900,4560,4561.5,4559,4561.25
1658971200,4561,4561,4558,4558.5
1658971500,4558.75,4559.5,4558.25,4559
1658971800,4559,4562,4558.5,4561.5
1658972100,4561.5,4562,4559.5,4560.75
1658972400,4561,4561,4559,4559.5
1658972700,4559.5,4561,4559.25,4560.5
1658973000,4560.75,4561.5,4560.25,4561
1658973300,4561,4563,4560.5,4562.5
1658973600,4562.5,4562.75,4561,4561.75
1658973900,4561.75,4562.5,4561,4561.5
1658974200,4561.5,4562.5,4561.25,4562
1658974500,4562,4562.25,4561.75,4562
1658974800,4562.25,4562.5,4561,4561.25
1658975100,4561.5,4562.25,4561.5,4562
1658975400,4562,4563.25,4561.25,4563
1658975700,4563.25,4565.25,4563.25,4564.5
1658976000,4564.75,4565.5,4564,4564.5
1658976300,4564.75,4564.75,4563.75,4563.75
1658976600,4563.75,4564,4562.75,4563.25
1658976900,4563.25,4563.75,4562.75,4563.5
1658977200,4563.75,4563.75,4562.25,4562.75
1658977500,4563,4563.25,4562.5,4563
1658977800,4563,4563.5,4562.75,4563
1658978100,4563,4563,4561.5,4561.75
1658978400,4562,4562,4560.75,4561.75
1658978700,4561.75,4562.25,4560.75,4561.5
1658979000,4561.75,4561.75,4560.25,4560.75
1658979300,4561.25,4561.75,4560.75,4561.75
1658979600,4561.75,4562,4560.75,4562
1658979900,4562,4562.25,4560,4560.5
1658980200,4560.5,4560.75,4558.25,4558.75
1658980500,4559,4560.75,4558.5,4559
1658980800,4559.25,4560.25,4559,4559.25
1658981100,4559.25,4559.5,4559,4559.5
1658981400,4559.5,4559.75,4559,4559.25
1658981700,4559.25,4559.75,4558.75,4559.25
1658982000,4559.25,4559.75,4559,4559.5
1658982300,4559.5,4559.75,4559.25,4559.5
1658982600,4559.75,4559.75,4557.75,4559.25
1658982900,4559,4560.25,4559,4559.75
1658983200,4559.75,4560.75,4559.5,4559.75
1658983500,4559.75,4560.5,4559.25,4560
1658983800,4560.25,4560.5,4559.75,4560
1658984100,4560,4560,4559.75,4559.75
1658984400,4559.75,4560,4559,4559.75
1658984700,4560,4560,4558,4558.25
1658985000,4558.25,4558.5,4557.75,4558
1658985300,4557.75,4558.25,4557.75,4557.75
1658985600,4557.75,4558.25,4557.5,4557.75
1658985900,4558,4558.5,4557.5,4558
1658986200,4558,4560,4558,4559.5
1658986500,4559.75,4560,4558.75,4559
1658986800,4559.25,4560.5,4559,4560.5
1658987100,4560.25,4561.75,4559.75,4561.5
1658987400,4561.5,4561.5,4561,4561
1658987700,4561,4561.75,4560.25,4561.5
1658988000,4561.5,4564,4561.5,4563.5
1658988300,4563.5,4563.75,4561.5,4563
1658988600,4563,4563.5,4562.5,4563.25
1658988900,4563.25,4565.25,4562.5,4564.75
1658989200,4564.5,4566.25,4563.5,4564.75
1658989500,4564.75,4565.25,4563,4564
1658989800,4563.75,4565.5,4563,4563
1658990100,4563.25,4565.25,4562.75,4565.25
1658990400,4565.5,4566,4563.75,4564.5
1658990700,4564.5,4564.75,4561.75,4563
1658991000,4563,4563.25,4561,4561.75
1658991300,4561.5,4562.75,4561.25,4562
1658991600,4562,4562.25,4558.25,4559.75
1658991900,4560,4560.75,4558.75,4560.25
1658992200,4560.5,4563.5,4560.5,4563
1658992500,4563,4564.75,4561.25,4564.5
1658992800,4564.5,4566.25,4561.25,4561.5
1658993100,4561.75,4563,4560.75,4560.75
1658993400,4560.75,4561.25,4557.5,4559.75
1658993700,4559.75,4561.25,4558.5,4558.5
1658994000,4558.75,4561.75,4558.5,4559.75
1658994300,4559.75,4561.5,4559.5,4560.25
1658994600,4560.5,4561,4559.5,4560.5
1658994900,4560.5,4560.5,4558.25,4559.25
1658995200,4559,4561,4557,4559
1658995500,4558.75,4559,4554.75,4556.5
1658995800,4556.5,4559,4556,4558
1658996100,4557.75,4560.25,4557,4558
1658996400,4558.25,4559.25,4557.75,4558.5
1658996700,4558.5,4559,4556,4556.75
1658997000,4556.75,4557,4555,4555
1658997300,4555,4556,4554.5,4554.75
1658997600,4555,4556.25,4554,4555.5
1658997900,4555.75,4556.75,4555,4555.5
1658998200,4555.75,4556,4552,4553
1658998500,4553,4553.75,4552.25,4553
1658998800,4553,4554.75,4552.75,4553.5
1658999100,4553.5,4553.75,4550.75,4550.75
1658999400,4550.75,4552.25,4549.25,4549.75
1658999700,4549.75,4551,4549,4550.75
1659000000,4550.5,4550.5,4548,4549
1659000300,4549.25,4551.5,4549,4550.5
1659000600,4550,4551.25,4549.75,4550.75
1659000900,4551,4554.25,4550.5,4554
1659001200,4553.75,4555,4553.25,4554.75
1659001500,4554.75,4556.5,4554.5,4554.75
1659001800,4554.75,4555.75,4553.5,4554
1659002100,4554,4556.5,4554,4556.5
1659002400,4556.5,4557.75,4555.5,4556.5
1659002700,4556.75,4557.5,4555.5,4555.75
1659003000,4556,4556.25,4554,4554
1659003300,4554,4556.5,4554,4555.75
1659003600,4556,4556.75,4555,4556.25
1659003900,4556,4558.5,4555.75,4558.25
1659004200,4558.25,4559,4557.25,4557.75
1659004500,4557.5,4559.5,4556.25,4559
1659004800,4559.25,4559.25,4558.25,4558.25
1659005100,4558.25,4558.25,4556.5,4557.25
1659005400,4557.5,4557.5,4556.5,4557.25
1659005700,4557.25,4557.75,4555,4557.25
1659006000,4557.5,4559.25,4557.25,4559.25
1659006300,4559.25,4560.25,4558.75,4560
1659006600,4560,4560.5,4558.5,4560
1659006900,4560,4561.25,4559.25,4560.75
1659007200,4560.75,4560.75,4558.75,4559.75
1659007500,4559.75,4561,4558.75,4559.75
1659007800,4559.75,4560,4558.5,4559.25
1659008100,4559.25,4560,4558.75,4559
1659008400,4559,4559.25,4557.5,4558
1659008700,4558.25,4559,4557.75,4558
1659009000,4558,4558.75,4557.5,4558.25
1659009300,4558.25,4558.5,4557,4558
1659009600,4558.25,4558.75,4555.5,4555.5
1659009900,4555.75,4556.5,4554.5,4555.5
1659010200,4555.75,4556.75,4555.5,4556
1659010500,4556.25,4556.75,4554.75,4556
1659010800,4556,4558.25,4555,4556.75
1659011100,4556.75,4558,4556.25,4557.25
1659011400,4557,4562,4547.5,4559.25
1659011700,4559,4563.75,4555,4557.25
1659012000,4557.25,4567.25,4557,4566
1659012300,4565.75,4574,4565,4570.25
1659012600,4570.25,4573.25,4567,4570.25
1659012900,4570.25,4570.25,4563.25,4565.25
1659013200,4565,4566.25,4561.75,4564
1659013500,4564.25,4566.75,4562.25,4565
1659013800,4564.75,4569.25,4564,4568.5
1659014100,4568.5,4572.25,4567.5,4571.75
1659014400,4571.75,4574,4570.5,4573
1659014700,4573,4577.75,4571,4576
1659015000,4575.75,4585,4574.75,4579
1659015300,4579,4583.75,4575.25,4575.75
1659015600,4576,4578.25,4560.25,4561
1659015900,4561,4562,4549.25,4554.75
1659016200,4555,4556.5,4540.25,4544
1659016500,4543.75,4552.25,4543,4551
1659016800,4551.25,4557.5,4550.5,4554.5
1659017100,4554.5,4555.75,4542.25,4546
1659017400,4546,4550,4541.25,4546.75
1659017700,4546.75,4552.25,4544.5,4547
1659018000,4547,4548.75,4538.5,4544
1659018300,4544,4547.5,4538.5,4544.5
1659018600,4544.5,4547.5,4540.25,4545.5
1659018900,4545.25,4557,4545.25,4552.75
1659019200,4552.5,4555.5,4549,4555
1659019500,4555,4567.25,4554,4566.5
1659019800,4566.75,4569,4564.25,4566.75
1659020100,4566.75,4573,4564.75,4572.5
1659020400,4572.5,4579,4571,4575.75
1659020700,4576,4580.5,4575.5,4577.5
1659021000,4577.5,4582.25,4575,4582
1659021300,4582,4584,4578.75,4581.5
1659021600,4581.75,4591,4579.5,4589.75
1659021900,4590,4595.75,4589.25,4595.5
1659022200,4595.5,4596.25,4588.25,4592.25
1659022500,4592.5,4594.75,4589.5,4592.75
1659022800,4593,4600.5,4591,4599.5
1659023100,4599.5,4602,4595.5,4598.75
1659023400,4599,4602,4598,4598.75
1659023700,4598.5,4599.5,4593.25,4593.75
1659024000,4593.75,4596.75,4593.5,4596.5
1659024300,4596.25,4597.25,4593,4594.25
1659024600,4594.25,4598.5,4593.75,4596.75
1659024900,4597,4597.25,4591,4592.25
1659025200,4592.25,4598.5,4590.25,4598.5
1659025500,4598.5,4600.75,4596,4599.5
1659025800,4599.75,4600.5,4593.5,4597
1659026100,4597.25,4599.5,4595.25,4598.25
1659026400,4598.5,4598.5,4595.75,4598
1659026700,4598,4600.75,4596.75,4597.25
1659027000,4597.25,4601.75,4595.5,4601.5
1659027300,4601.5,4601.75,4597.75,4597.75
1659027600,4598,4599,4593.25,4596
1659027900,4596.25,4599,4594,4599
1659028200,4599,4603.25,4598,4602.25
1659028500,4602.25,4603,4599.25,4602.25
1659028800,4602.25,4607.25,4601.75,4605.25
1659029100,4605.25,4608.25,4604.25,4608
1659029400,4608,4611,4607,4611
1659029700,4611.25,4615.25,4610.25,4612.5
1659030000,4612.75,4618.25,4612.5,4615.5
1659030300,4615.5,4618.5,4614,4617.5
1659030600,4617.5,4618.25,4615.25,4617
1659030900,4617.25,4621.5,4617.25,4618.75
1659031200,4619,4619.25,4614.75,4615.5
1659031500,4615.5,4615.75,4611.5,4613.25
1659031800,4613.25,4615.25,4611.25,4613.25
1659032100,4613.25,4617.25,4613,4615.75
1659032400,4615.75,4616,4613,4615.75
1659032700,4615.75,4617,4614.25,4615.5
1659033000,4615.75,4617,4613,4615.5
1659033300,4615.75,4617.5,4614.75,4617
1659033600,4617.25,4618.75,4616.75,4617.5
1659033900,4617.5,4618.5,4616.25,4618.25
1659034200,4618.25,4620.25,4615.75,4620
1659034500,4620.25,4620.75,4617.25,4619.25
1659034800,4619.25,4623,4618,4622
1659035100,4622.25,4625.25,4617.25,4620.25
1659035400,4620.5,4621.25,4616.75,4619.5
1659035700,4619.75,4620.5,4615.5,4619.25
1659036000,4619.25,4622.25,4619.25,4621.25
1659036300,4621.5,4622.5,4619.25,4622
1659036600,4621.75,4622.25,4618.75,4620.25
1659036900,4620.5,4621.25,4614.5,4617
1659037200,4617,4617.5,4613.25,4615.5
1659037500,4615.5,4619,4612.25,4618.25
1659037800,4618.5,4622,4616,4617.25
1659038100,4617.25,4620,4614,4617.25
1659038400,4617,4632.25,4616,4627.5
1659038700,4627.25,4631.5,4625.5,4626.25
1659039000,4626.25,4628.5,4624,4625
1659039300,4625,4629.25,4625,4628
1659039600,4628,4628.75,4626.25,4626.25
1659039900,4626.25,4629.75,4625.5,4629.25
1659040200,4629.25,4644,4621.75,4641.5
1659040500,4641.75,4655,4641,4650.25
1659040800,4650,4652,4649,4650.5
1659041100,4650.5,4653.5,4649,4652
1659041400,4652,4652.25,4649.25,4650.5
1659041700,4650.5,4651.75,4649,4649
1659045600,4649,4649,4639,4640.75
1659045900,4641,4643.75,4640.5,4643
1659046200,4643,4645,4642,4644.75
1659046500,4644.5,4644.75,4641.75,4641.75
1659046800,4641.75,4642.25,4639.75,4640.75
1659047100,4640.75,4642.75,4640.5,4642.5
1659047400,4642.25,4643,4641,4641.25
1659047700,4641.25,4642.25,4640.25,4640.75
1659048000,4640.5,4641.75,4640.25,4641.5
1659048300,4641.5,4641.75,4639,4639.25
1659048600,4639.5,4639.5,4636.75,4637.75
1659048900,4637.75,4639,4636.25,4638.25
1659049200,4638.5,4639,4636,4637.5
1659049500,4637.25,4637.75,4636,4636.5
1659049800,4636.5,4637,4636.25,4636.75
1659050100,4636.75,4637.25,4635.5,4636
1659050400,4636,4638,4635.25,4636.25
1659050700,4636.25,4639.75,4636.25,4639.5
1659051000,4639.25,4639.5,4638.75,4638.75
1659051300,4638.75,4639.75,4637.75,4638.75
1659051600,4638.75,4639.5,4638.5,4639
1659051900,4639,4640.25,4638.25,4640
1659052200,4639.75,4641.25,4639,4640.5
1659052500,4640.5,4640.75,4639.5,4639.75
1659052800,4639.75,4639.75,4636.5,4637.5
1659053100,4637.5,4640.25,4636.75,4639.75
1659053400,4640,4641,4638.75,4639.5
1659053700,4639.75,4640.25,4638,4638.5
1659054000,4638.5,4639,4637.75,4638.5
1659054300,4638.5,4638.5,4636.5,4636.75
1659054600,4636.75,4638,4636.5,4637.5
1659054900,4637.5,4638.75,4637,4638.5
1659055200,4638.5,4638.5,4636,4636.5
1659055500,4636.75,4637.25,4635.5,4635.75
1659055800,4636,4637.75,4636,4636.75
1659056100,4637,4637.5,4636.75,4637
1659056400,4636.75,4637.5,4635.75,4636.75
1659056700,4636.5,4638,4636.5,4638
1659057000,4637.75,4639,4637,4638.75
1659057300,4639,4640.25,4637.75,4639
1659057600,4639,4640.75,4638.5,4639.25
1659057900,4639.25,4640,4638.75,4639.75
1659058200,4639.75,4640.5,4638.5,4640.5
1659058500,4640.25,4641,4639.5,4640.25
1659058800,4640.25,4641.75,4639.75,4641.25
1659059100,4641.25,4642.25,4640.75,4642
1659059400,4642,4643.25,4641.75,4642.5
1659059700,4642.5,4644.75,4642.25,4644.5
1659060000,4644.5,4645.5,4644,4644.5
1659060300,4644.5,4645.25,4643.5,4644.5
1659060600,4644.25,4645.5,4644,4644.5
1659060900,4644.75,4645,4643.75,4644
1659061200,4644.25,4645.25,4643.75,4644.25
1659061500,4644,4645,4643.25,4644.5
1659061800,4644.75,4646.25,4644.5,4645.5
1659062100,4645.5,4646.5,4645.25,4646.25
1659062400,4646.25,4647.5,4646.25,4647
1659062700,4647.25,4647.5,4646,4646.5
1659063000,4646.25,4646.5,4644,4644.75
1659063300,4644.5,4644.5,4643.75,4644.5
1659063600,4644.25,4645.25,4643.75,4644.5
1659063900,4644.25,4644.5,4643,4643.5
1659064200,4643.5,4644,4642.75,4643
1659064500,4642.75,4644.5,4642.75,4644
1659064800,4644.25,4644.5,4643.5,4644
1659065100,4644.25,4644.25,4643,4643.75
1659065400,4643.75,4643.75,4641.25,4642
1659065700,4642.25,4642.75,4641.25,4642.75
1659066000,4642.5,4642.5,4640,4640.25
1659066300,4640.5,4641.5,4639.75,4640.5
1659066600,4640.5,4641.25,4640,4640.75
1659066900,4640.75,4640.75,4639.25,4639.5
1659067200,4639.5,4640.5,4639.25,4640.5
1659067500,4640.5,4642.25,4640.25,4641.75
1659067800,4642,4642.25,4641.5,4642
1659068100,4642,4642.25,4641.25,4641.5
1659068400,4641.75,4643.25,4641.75,4643.25
1659068700,4643.25,4643.75,4642.75,4643
1659069000,4643,4643.25,4641.75,4642.25
1659069300,4642.25,4643.25,4642.25,4643
1659069600,4642.75,4643.25,4642.25,4643
1659069900,4642.75,4643.75,4642.25,4642.5
1659070200,4642.5,4643,4642,4642
1659070500,4642.25,4642.25,4640.75,4641.75
1659070800,4641.5,4642,4640.25,4640.5
1659071100,4640.25,4640.75,4639.25,4639.5
1659071400,4639.5,4640,4637.75,4639
1659071700,4639,4641.75,4638.75,4641.25
1659072000,4641.25,4643.5,4641.25,4643
1659072300,4643,4644.5,4642.25,4644
1659072600,4644,4646.75,4643.25,4646.25
1659072900,4646,4648.5,4645.75,4647.5
1659073200,4647.5,4647.5,4645.5,4646
1659073500,4646,4648.5,4645,4645.75
1659073800,4645.75,4646.5,4644.5,4645.25
1659074100,4645.25,4647.75,4645,4647.25
1659074400,4647,4647.25,4643.25,4644.5
1659074700,4644.5,4645.25,4643,4643.5
1659075000,4643.5,4645,4642.5,4643.25
1659075300,4643.25,4644.75,4643,4643.75
1659075600,4644,4647.5,4643.75,4647.5
1659075900,4647.5,4650.5,4647,4650.25
1659076200,4650,4651.25,4649,4649.25
1659076500,4649.25,4650.25,4648,4648.25
1659076800,4648.25,4649,4646.25,4646.5
1659077100,4646.75,4648.75,4646.5,4648
1659077400,4647.75,4648.75,4646.75,4648.25
1659077700,4648.25,4649.75,4646.5,4648.25
1659078000,4648,4649.25,4645.5,4646
1659078300,4646,4649.75,4644.75,4647.75
1659078600,4647.75,4649.75,4646,4646.25
1659078900,4646.25,4650.25,4646,4650.25
1659079200,4650.25,4652.75,4650,4650.25
1659079500,4650.5,4651.5,4649.25,4650.25
1659079800,4650.25,4650.25,4643.75,4644.25
1659080100,4644.25,4646,4644,4645.25
1659080400,4645,4645,4641.5,4643.5
1659080700,4643.5,4645,4642,4643
1659081000,4643,4644.5,4642.5,4643
1659081300,4643,4644.75,4642.5,4644.75
1659081600,4644.75,4647,4644,4645.5
1659081900,4645.5,4648.25,4645.5,4647
1659082200,4647.25,4649.25,4647.25,4647.5
1659082500,4647.5,4649.75,4645.5,4649
1659082800,4649,4649,4644.25,4645
1659083100,4645,4648.25,4644.25,4648
1659083400,4648,4648.25,4646.5,4647
1659083700,4647,4647.5,4645.25,4645.25
1659084000,4645,4648.25,4643.25,4644.25
1659084300,4644.25,4644.5,4640.5,4640.5
1659084600,4640.5,4642.25,4640.25,4641.25
1659084900,4641,4643.5,4641,4643.25
1659085200,4643.25,4643.25,4641,4642.5
1659085500,4642.75,4642.75,4640.5,4641.25
1659085800,4641.25,4642.75,4640.5,4642.75
1659086100,4642.75,4643.25,4641.25,4641.5
1659086400,4641.5,4643.25,4640.75,4642.5
1659086700,4642.75,4644.25,4642.25,4644.25
1659087000,4644.25,4647,4644.25,4647
1659087300,4646.75,4647.25,4645.75,4646
1659087600,4646.25,4647,4645.5,4645.75
1659087900,4645.75,4646.75,4645,4646.25
1659088200,4646.25,4647.25,4645,4646
1659088500,4646.25,4649,4645.75,4648.75
1659088800,4649,4649.75,4645,4647.5
1659089100,4647.5,4650,4647.25,4649
1659089400,4649,4649.75,4647,4647.5
1659089700,4647.5,4648,4645.25,4645.75
1659090000,4645.75,4647.25,4645.5,4646.75
1659090300,4646.75,4647.75,4646.25,4646.75
1659090600,4646.75,4648.25,4646.75,4647.75
1659090900,4648,4651.25,4647.5,4651
1659091200,4651,4651.25,4650,4650.25
1659091500,4650,4650,4648.75,4649.75
1659091800,4650,4651.75,4649.5,4649.75
1659092100,4649.5,4650,4648.5,4649.25
1659092400,4649,4650,4646.75,4647
1659092700,4647,4647.25,4644,4644
1659093000,4644.25,4646,4644,4644.25
1659093300,4644.25,4646,4644,4645.75
1659093600,4645.75,4646.5,4643,4644.75
1659093900,4644.5,4644.5,4642.5,4642.75
1659094200,4642.75,4644,4642.5,4642.75
1659094500,4642.75,4644.75,4642.25,4643
1659094800,4643,4643.25,4640.75,4642
1659095100,4642,4643.25,4641.5,4641.75
1659095400,4641.75,4643.75,4640.75,4642.5
1659095700,4642.75,4643.75,4641.25,4643.5
1659096000,4643.25,4645.25,4643,4645
1659096300,4645,4645.5,4643.5,4643.75
1659096600,4643.75,4644,4641.25,4641.75
1659096900,4641.75,4642,4639.5,4640.25
1659097200,4640.5,4641,4639,4640.75
1659097500,4640.5,4642.25,4636.25,4640.25
1659097800,4640.25,4642,4631.75,4632.25
1659098100,4632.5,4636.25,4629.75,4631
1659098400,4631,4633.5,4630.75,4632.5
1659098700,4632.75,4635.25,4632.25,4634.5
1659099000,4634.5,4638.75,4634.25,4638.25
1659099300,4638.25,4638.5,4636.75,4637.25
1659099600,4637,4637.5,4630.75,4631.25
1659099900,4631.25,4632.25,4629,4630.75
1659100200,4631,4631.75,4629,4630.5
1659100500,4630.5,4631,4629.5,4630
1659100800,4630.25,4633.25,4629,4633.25
1659101100,4633.25,4635,4632,4633
1659101400,4633,4638.5,4626.75,4629.75
1659101700,4629.5,4635.5,4625,4635
1659102000,4634.75,4645.75,4634,4642.25
1659102300,4642,4649.5,4641.5,4645.5
1659102600,4645.25,4651,4644.5,4647.75
1659102900,4647.5,4652.25,4646,4649.5
1659103200,4649.5,4658.25,4644.5,4657.25
1659103500,4657.5,4661.75,4654,4655.5
1659103800,4655.5,4658.75,4653,4653.75
1659104100,4654.25,4655.75,4651,4655.5
1659104400,4655.5,4660.5,4653.5,4660
1659104700,4660,4667.25,4659,4663.25
1659105000,4663.25,4665.75,4657.75,4658
1659105300,4658,4662.25,4657.75,4661.5
1659105600,4661.75,4665.25,4660,4664.5
1659105900,4664.5,4667,4661,4661.75
1659106200,4661.75,4662.75,4658.5,4660.25
1659106500,4660.25,4661.5,4651.25,4651.5
1659106800,4651.5,4654,4646.5,4647.25
1659107100,4647.25,4652.5,4647.25,4650
1659107400,4650,4650.5,4645,4649.5
1659107700,4649.5,4651.5,4645.75,4650.75
1659108000,4650.75,4651.5,4643.25,4643.5
1659108300,4643.5,4644.5,4638.25,4640.25
1659108600,4640.5,4643.75,4637.5,4640.25
1659108900,4640.25,4648,4639.75,4648
1659109200,4647.75,4653.75,4647,4653.25
1659109500,4653.25,4654.5,4650.25,4650.75
1659109800,4651,4655,4649.25,4654.25
1659110100,4654.25,4655.5,4652,4653
1659110400,4653.25,4656.25,4652.5,4653
1659110700,4652.75,4653,4645.5,4647.5
1659111000,4647.25,4652.75,4647.25,4649.25
1659111300,4649.5,4655.5,4649.25,4653.75
1659111600,4654,4655,4651.75,4654
1659111900,4654,4655.25,4652,4653.5
1659112200,4653.5,4656.75,4653,4654.75
1659112500,4654.75,4657.25,4651,4656.25
1659112800,4656,4657.25,4654.25,4657
1659113100,4657,4661.25,4656,4659.75
1659113400,4659.5,4664,4659.5,4663.75
1659113700,4663.75,4665,4661.5,4662.25
1659114000,4662.5,4663,4659,4660
1659114300,4660,4662,4659.25,4661.75
1659114600,4661.75,4663,4659.25,4661.75
1659114900,4661.75,4662.75,4660.5,4661.75
1659115200,4662,4663,4659.75,4660.75
1659115500,4660.75,4661.5,4657.5,4658.25
1659115800,4658.25,4662,4658,4659.75
1659116100,4659.75,4663,4659,4662.75
1659116400,4663,4664.75,4661.75,4664.25
1659116700,4664.25,4666.5,4663.5,4665.25
1659117000,4665.5,4668.75,4665,4668
1659117300,4668,4669.75,4665.25,4666.25
1659117600,4666.25,4668,4663.75,4667
1659117900,4667,4670.5,4667,4670.25
1659118200,4670.25,4671.75,4669.25,4670.25
1659118500,4670.5,4673.5,4669,4673.25
1659118800,4673.25,4673.5,4670.25,4671.5
1659119100,4671.75,4673.75,4670,4673.25
1659119400,4673.25,4674.75,4671.5,4673.75
1659119700,4673.75,4677.75,4673.5,4675
1659120000,4675,4675,4671,4672.5
1659120300,4672.5,4675.5,4671.5,4673.5
1659120600,4673.25,4675.5,4672.25,4674.75
1659120900,4674.75,4676.25,4673.5,4676
1659121200,4676.25,4681,4675.25,4680.75
1659121500,4680.75,4680.75,4676.75,4677.25
1659121800,4677.25,4679.5,4675.5,4679.5
1659122100,4679.5,4679.75,4675.75,4678.5
1659122400,4678.75,4681.25,4677.5,4681
1659122700,4681,4684.25,4680.75,4683.75
1659123000,4683.75,4686.25,4680.25,4686
1659123300,4686,4686.75,4683,4683.5
1659123600,4683.25,4685.75,4681,4684.25
1659123900,4684,4686.25,4682.5,4684.5
1659124200,4684.75,4688,4678.75,4679.25
1659124500,4679.5,4679.75,4675,4677.75
1659124800,4677.75,4680,4676.75,4676.75
1659125100,4676.75,4678,4675,4675
1659125400,4675,4677,4675,4675.75
1659125700,4675.75,4676.75,4675.75,4676.25
1659126000,4676.25,4677,4676.25,4676.75
1659126300,4676.5,4676.75,4676,4676.25
1659126600,4676.25,4676.75,4676,4676.25
1659126900,4676.5,4676.5,4676,4676.25
1659127200,4676.25,4677,4676,4676.5
1659127500,4676.5,4677,4676.5,4676.5
1659127800,4676.5,4677.25,4676.5,4676.5
1659128100,4676.75,4677,4676.5,4676.5
1659304800,4681.5,4682,4667.75,4669.5
1659305100,4669.5,4669.75,4667,4668
1659305400,4668,4668.75,4665.5,4666.5
1659305700,4666.5,4667.5,4662.75,4664
1659306000,4663.75,4665,4660.5,4660.5
1659306300,4661,4662.5,4660.5,4662.25
1659306600,4662,4664,4660.5,4663
1659306900,4662.75,4663,4660.5,4661.5
1659307200,4661.75,4662.5,4660.5,4660.75
1659307500,4660.75,4660.75,4657.75,4658.5
1659307800,4658.75,4659.75,4658.75,4659.5
1659308100,4659.5,4660,4658,4660
1659308400,4660,4660.5,4658,4660.25
1659308700,4660.5,4661.75,4659,4661.75
1659309000,4661.75,4663.25,4661.5,4662
1659309300,4662.25,4664.25,4662,4662.75
1659309600,4662.75,4663,4662,4662.5
1659309900,4662.5,4663,4661,4662.75
1659310200,4662.75,4663.75,4662.25,4663.5
1659310500,4663.5,4664,4662.5,4662.75
1659310800,4662.75,4666.75,4662.5,4662.75
1659311100,4662.75,4663,4659.5,4661.5
1659311400,4661.5,4662.75,4660.5,4662.25
1659311700,4662,4663,4661,4661
1659312000,4661,4661.75,4658.5,4659.25
1659312300,4659.25,4660.5,4658.5,4659
1659312600,4659,4660.25,4658.25,4659
1659312900,4659.25,4663.75,4659.25,4662.5
1659313200,4662.75,4663.25,4661.5,4662.5
1659313500,4662.25,4664.25,4662,4663.5
1659313800,4663.5,4664,4661.25,4661.5
1659314100,4661.5,4662.5,4660.25,4661
1659314400,4661,4662.5,4660.75,4661.75
1659314700,4661.75,4662.5,4661.75,4662
1659315000,4662,4662.5,4661.75,4661.75
1659315300,4662,4662,4660.5,4661.25
1659315600,4661.5,4662,4659.5,4660.25
1659315900,4660.25,4661,4659.25,4659.75
1659316200,4659.75,4662.25,4659.5,4661.75
1659316500,4661.75,4663.5,4661.25,4663.5
1659316800,4663.5,4663.75,4661.75,4661.75
1659317100,4662,4663.25,4661.75,4662.75
1659317400,4663,4664.25,4660.5,4664
1659317700,4664.25,4665.75,4663.25,4664
1659318000,4664,4664.5,4662,4663
1659318300,4662.75,4663,4660.5,4660.75
1659318600,4660.75,4663.25,4660.5,4663
1659318900,4663,4664.5,4662.25,4663.5
1659319200,4663.25,4663.75,4661.75,4662
1659319500,4662,4663,4661.5,4661.75
1659319800,4662,4662,4660.75,4662
1659320100,4662,4662,4661,4661.5
1659320400,4661.5,4662.25,4661.25,4662
1659320700,4662,4664.5,4662,4664.25
1659321000,4664.25,4665,4663.5,4663.5
1659321300,4663.5,4663.75,4662,4662.75
1659321600,4662.5,4663.25,4662.5,4662.75
1659321900,4662.75,4664,4662.75,4663.25
1659322200,4663.25,4664,4662.75,4664
1659322500,4664,4665.25,4663.75,4664
1659322800,4664.25,4664.25,4662.5,4662.5
1659323100,4662.75,4663.25,4661.75,4662.25
1659323400,4662.5,4663,4661.25,4662
1659323700,4662.25,4662.5,4659.25,4659.25
1659324000,4659.5,4659.75,4658.25,4658.25
1659324300,4658.5,4659,4656.75,4657.75
1659324600,4657.5,4658.25,4657,4658.25
1659324900,4658,4658.5,4658,4658.25
1659325200,4658.25,4658.5,4658,4658.5
1659325500,4658.5,4658.5,4657,4657.25
1659325800,4657.25,4658,4657,4658
1659326100,4658,4658.25,4657.75,4658
1659326400,4657.75,4658.25,4657.5,4658
1659326700,4658.25,4658.5,4657.25,4657.25
1659327000,4657.5,4658.5,4657.25,4658
1659327300,4658.25,4659.75,4658,4659.75
1659327600,4659.75,4660,4659.25,4659.75
1659327900,4660,4660.25,4659.5,4660.25
1659328200,4660.25,4660.5,4659.25,4660
1659328500,4660,4660,4658.75,4658.75
1659328800,4658.75,4659.75,4658.75,4659.25
1659329100,4659.5,4659.5,4658.75,4659
1659329400,4659,4659.75,4658.5,4659.75
1659329700,4659.5,4660.5,4659.5,4660.5
1659330000,4660.5,4660.5,4659.75,4659.75
1659330300,4659.75,4660.5,4659.5,4659.5
1659330600,4659.75,4659.75,4657.75,4658.25
1659330900,4658.25,4659,4657.75,4659
1659331200,4659,4659.5,4658,4658
1659331500,4658.25,4659.5,4658.25,4659.25
1659331800,4659.5,4661,4659,4659
1659332100,4659,4659.25,4657.25,4657.25
1659332400,4657,4657,4655,4655.75
1659332700,4655.5,4657.5,4655.5,4657.5
1659333000,4657.5,4659.75,4657.5,4659.25
1659333300,4659.5,4660.75,4659.25,4660.5
1659333600,4660.75,4662.25,4660.75,4661.75
1659333900,4661.75,4662,4660.25,4660.5
1659334200,4660.75,4662,4660,4662
1659334500,4661.75,4662.25,4659.75,4660.25
1659334800,4660.25,4661.25,4659,4659.25
1659335100,4659.25,4660.75,4658.5,4660.75
1659335400,4660.5,4660.5,4658.25,4659.25
1659335700,4659.25,4660,4658,4659.25
1659336000,4659,4660.75,4659,4660.5
1659336300,4660.5,4662.25,4660.5,4661.25
1659336600,4661.5,4662,4660.75,4661.75
1659336900,4661.5,4662.25,4661.5,4661.75
1659337200,4661.5,4666.25,4661.5,4666
1659337500,4666,4667,4664.5,4666
1659337800,4666.25,4667.75,4665.25,4665.75
1659338100,4666,4666.25,4664,4664.75
1659338400,4664.75,4667,4664.25,4666.5
1659338700,4666.5,4667,4664.75,4665.5
1659339000,4665.25,4670,4665.25,4669.25
1659339300,4669,4672.25,4669,4670.75
1659339600,4670.75,4671.75,4669.25,4670.25
1659339900,4670.25,4671,4669.25,4669.75
1659340200,4669.5,4669.75,4667.25,4668.25
1659340500,4668.25,4669.25,4667.25,4668.25
1659340800,4668.5,4669.5,4667.5,4668.5
1659341100,4668.5,4669.75,4667.75,4669.75
1659341400,4669.75,4671.5,4666.5,4668
1659341700,4667.75,4669,4667.25,4667.75
1659342000,4667.5,4668,4666,4666.75
1659342300,4666.5,4666.5,4665.25,4666.25
1659342600,4666.25,4667.75,4666,4667.25
1659342900,4667.25,4667.75,4665.5,4666.25
1659343200,4666.25,4666.5,4664,4664
1659343500,4664.25,4664.75,4662.25,4662.25
1659343800,4662,4662.5,4661,4662.5
1659344100,4662.25,4662.75,4662,4662.5
1659344400,4662.75,4664.5,4662.25,4664.25
1659344700,4664.25,4664.5,4663.25,4664.5
1659345000,4664.5,4666.75,4664.25,4666.25
1659345300,4666.25,4666.5,4665.25,4666
1659345600,4665.75,4666.5,4665.5,4666.5
1659345900,4666.25,4667.25,4665.25,4665.25
1659346200,4665.25,4670,4665,4669
1659346500,4669,4671,4668.5,4670.25
1659346800,4669.75,4670.25,4668.5,4669.25
1659347100,4669.25,4670.75,4668.75,4670.5
1659347400,4670.75,4671,4668.5,4668.75
1659347700,4668.75,4669.75,4668.5,4669
1659348000,4669.25,4670.75,4668.25,4670.5
1659348300,4670.5,4672,4669.75,4670.25
1659348600,4670.25,4670.25,4667.75,4668.25
1659348900,4668.25,4670.25,4667.75,4669.75
1659349200,4669.75,4669.75,4667.5,4668.5
1659349500,4668.5,4669.25,4668.25,4669.25
1659349800,4669.5,4669.5,4667.5,4669.5
1659350100,4669.5,4669.75,4668.25,4669
1659350400,4668.75,4669,4667.75,4668.5
1659350700,4668.25,4669.25,4667.25,4667.5
1659351000,4667.5,4669,4667.25,4667.75
1659351300,4668.25,4669.5,4667.5,4669
1659351600,4669,4670.25,4668.5,4669.5
1659351900,4669.5,4670.75,4668.75,4669.75
1659352200,4669.75,4672.75,4669.25,4671.75
1659352500,4671.75,4672.5,4670.75,4671.75
1659352800,4671.75,4673.25,4671,4671.5
1659353100,4671.25,4673,4671.25,4671.75
1659353400,4672,4672.5,4670.25,4670.5
1659353700,4670.75,4671.5,4670.25,4671.5
1659354000,4671.5,4676,4671.5,4674
1659354300,4674,4678,4673.5,4675.5
1659354600,4675.25,4675.5,4673.5,4673.75
1659354900,4673.5,4673.75,4671.5,4672.25
1659355200,4672,4672.25,4669.5,4669.75
1659355500,4669.5,4669.5,4665.5,4666.75
1659355800,4667,4667.5,4665,4666
1659356100,4666,4666.75,4664.75,4665.25
1659356400,4665.25,4665.75,4663.5,4664
1659356700,4664,4664.5,4661.25,4663.5
1659357000,4663.25,4665.25,4661.25,4662.5
1659357300,4662.25,4662.75,4660.25,4661.25
1659357600,4661.25,4661.5,4658.5,4661.25
1659357900,4661.25,4661.5,4655.5,4656.75
1659358200,4656.75,4659.25,4651,4651.5
1659358500,4651.5,4654,4650.5,4651.25
1659358800,4651.5,4652,4644,4646
1659359100,4645.75,4652,4645.75,4651.5
1659359400,4651.75,4652.75,4650,4652.5
1659359700,4652.5,4652.5,4647.25,4647.75
1659360000,4647.75,4651.25,4646.5,4651
1659360300,4651,4651.5,4647,4649
1659360600,4649,4653.5,4641,4647.25
1659360900,4647.25,4654.75,4645.75,4654
1659361200,4654,4663,4651.5,4660
1659361500,4660,4663.75,4657.25,4661.25
1659361800,4661.25,4672.75,4660,4670.5
1659362100,4670.5,4674.75,4668.25,4668.75
1659362400,4668.75,4677.25,4663.25,4672
1659362700,4672,4685.5,4672,4680.25
1659363000,4680.25,4685,4679.5,4681.75
1659363300,4681.75,4682.5,4667.75,4667.75
1659363600,4667.75,4670.5,4663.5,4667.75
1659363900,4667.5,4668,4657.25,4660.75
1659364200,4660.75,4667.25,4660.5,4664.25
1659364500,4664.25,4669.5,4662.75,4669.5
1659364800,4669.25,4678.25,4669.25,4677.5
1659365100,4677.25,4685,4676.25,4683
1659365400,4683.25,4691.25,4683,4688.75
1659365700,4688.75,4689,4685.75,4687.5
1659366000,4687.5,4691.25,4683,4684
1659366300,4684.25,4684.5,4679.5,4682
1659366600,4682,4687,4680.75,4686.5
1659366900,4686.5,4687,4673.5,4673.75
1659367200,4673.75,4685,4672.25,4684
1659367500,4684.25,4688.75,4682,4686.25
1659367800,4686.25,4686.75,4677.75,4680.25
1659368100,4680.25,4681.5,4677,4680.25
1659368400,4680,4685.25,4678.5,4685
1659368700,4684.75,4689.75,4683.25,4689.75
1659369000,4689.5,4690.75,4686.25,4686.5
1659369300,4686.5,4686.75,4683.25,4684.25
1659369600,4684.25,4685.5,4679.5,4681
1659369900,4681.25,4682.5,4677.75,4678
1659370200,4677.75,4681,4669.75,4672.75
1659370500,4672.75,4675.75,4671,4674.5
1659370800,4674.5,4680,4674,4678
1659371100,4678,4680.25,4677,4678.25
1659371400,4678.5,4679.25,4674.75,4678.25
1659371700,4678,4678.5,4674,4676
1659372000,4676,4677.5,4672.5,4676.75
1659372300,4676.75,4681.25,4675.25,4676.75
1659372600,4677,4677.25,4674,4674.5
1659372900,4674.5,4676,4670.5,4675.5
1659373200,4675.75,4675.75,4664.5,4665.5
1659373500,4665.5,4673,4663.75,4671.25
1659373800,4671.25,4672.5,4667.25,4672.5
1659374100,4672.5,4674.25,4663.5,4664.25
1659374400,4664,4667.5,4661,4664.25
1659374700,4664.25,4665,4658,4658.25
1659375000,4658.25,4661,4654.25,4654.75
1659375300,4654.75,4658.5,4654,4657
1659375600,4657,4658.5,4651.75,4654.25
1659375900,4654.25,4654.25,4647.5,4653
1659376200,4652.75,4653.25,4648.75,4652
1659376500,4652,4657.75,4649.5,4657
1659376800,4657,4657.5,4649,4653.5
1659377100,4653.5,4657.25,4651.25,4656.75
1659377400,4657,4661.75,4653,4661.5
1659377700,4661.5,4664,4655.75,4657.75
1659378000,4657.75,4661.5,4655.25,4661.25
1659378300,4661.25,4662,4657,4660
1659378600,4660,4663.25,4659.25,4661.75
1659378900,4661.75,4664.75,4661.5,4663.75
1659379200,4663.75,4665.25,4657.75,4658.5
1659379500,4658.5,4661.5,4656.75,4658.25
1659379800,4658.5,4664.5,4656.25,4663.5
1659380100,4663.75,4674,4663,4670.75
1659380400,4670.75,4671.25,4665.5,4667.25
1659380700,4667.5,4673,4665.25,4672
1659381000,4672,4673.75,4668.5,4673.75
1659381300,4673.75,4675.5,4670.5,4671.25
1659381600,4671.25,4671.25,4664.25,4664.75
1659381900,4664.75,4665.5,4662.5,4664.25
1659382200,4664.25,4667,4662.25,4666
1659382500,4665.75,4667,4663.75,4666.25
1659382800,4666.5,4670.75,4663,4663.5
1659383100,4663.5,4670,4662.25,4667.75
1659383400,4668,4672.75,4663.5,4664
1659383700,4664,4667,4661.25,4663.75
1659384000,4663.75,4667.75,4662,4666
1659384300,4666,4667.25,4665.25,4665.5
1659384600,4665.5,4667.5,4665.5,4666.5
1659384900,4666.75,4667,4663.5,4664.5
1659385200,4664.5,4664.75,4663.5,4664.75
1659385500,4664.75,4666.25,4664.5,4665
1659385800,4665.25,4665.75,4665,4665.25
1659386100,4665.25,4666,4665,4666
1659386400,4665.75,4666.25,4665.75,4665.75
1659386700,4666,4666.5,4665.75,4665.75
1659387000,4665.75,4666.25,4665.25,4666
1659387300,4666.25,4667.25,4666,4667
1659391200,4663.75,4666,4661.25,4662
1659391500,4662,4662.75,4660,4660.5
1659391800,4660.5,4662,4660.25,4661.75
1659392100,4661.75,4662.75,4660.75,4660.75
1659392400,4660.75,4661,4659,4660.5
1659392700,4660.75,4660.75,4659.5,4660.5
1659393000,4660.5,4662.25,4660.25,4660.5
1659393300,4660.5,4662,4659.5,4661.75
1659393600,4662,4662.75,4661,4661.75
1659393900,4661.75,4662.75,4661.75,4662.5
1659394200,4662.5,4662.75,4662,4662.5
1659394500,4662.75,4663.75,4662.25,4662.25
1659394800,4662.25,4665,4661.75,4664
1659395100,4664,4666.25,4662.75,4664.5
1659395400,4664.5,4665.5,4664.25,4664.75
1659395700,4664.75,4665,4662,4662.25
1659396000,4662.5,4663,4662,4662.25
1659396300,4662.5,4662.5,4660.25,4660.25
1659396600,4660.25,4660.25,4658.5,4659.75
1659396900,4659.5,4660.5,4659.5,4660.25
1659397200,4660.25,4661.5,4659.5,4660
1659397500,4660.25,4661,4657.5,4658.75
1659397800,4658.25,4660.25,4657.75,4658.5
1659398100,4658.5,4660.25,4657.25,4657.75
1659398400,4657.75,4659.5,4656.25,4656.5
1659398700,4656.5,4656.75,4655,4656.25
1659399000,4656.5,4657.75,4655.25,4657.25
1659399300,4657.25,4658,4654,4654.75
1659399600,4655,4655.25,4652.75,4654.25
1659399900,4654.25,4654.25,4652.25,4653.75
1659400200,4654,4654.75,4653.25,4653.25
1659400500,4653.25,4654.25,4652.75,4653.5
1659400800,4653.5,4653.75,4652,4653.75
1659401100,4653.75,4654,4652.25,4652.75
1659401400,4652.75,4652.75,4649.75,4651.25
1659401700,4651.5,4651.75,4649.5,4649.75
1659402000,4649.75,4651.25,4648.25,4650.25
1659402300,4650,4651,4649.75,4650.25
1659402600,4650.25,4650.5,4648.75,4649
1659402900,4649.25,4651,4648,4650.75
1659403200,4650.75,4652.25,4649.5,4650.75
1659403500,4650.75,4651.25,4648.5,4649
1659403800,4649,4649,4645.25,4645.5
1659404100,4645.5,4646.75,4643,4643.5
1659404400,4643.5,4644.75,4643,4644.25
1659404700,4644.25,4646,4644,4644.25
1659405000,4644.5,4647.25,4644.25,4646.5
1659405300,4646.25,4647,4645,4647
1659405600,4647,4648,4645.25,4646
1659405900,4646,4647.75,4646,4646.25
1659406200,4646.5,4646.5,4645,4645.75
1659406500,4645.75,4645.75,4643.75,4644
1659406800,4644,4644,4642.25,4642.5
1659407100,4642.5,4642.5,4640.25,4641.25
1659407400,4641.5,4643.25,4641.25,4642.75
1659407700,4642.75,4644,4642.5,4643.25
1659408000,4643.5,4644,4642.5,4642.5
1659408300,4642.75,4644,4642.5,4643.5
1659408600,4643.5,4644,4642.5,4643.75
1659408900,4643.5,4646.25,4643,4646.25
1659409200,4646.25,4646.75,4645.5,4646.25
1659409500,4646.25,4646.25,4645,4646
1659409800,4646,4647.5,4645.5,4647.25
1659410100,4647.25,4647.25,4646,4646.5
1659410400,4646.25,4647,4646,4647
1659410700,4647,4647.75,4646.5,4647.25
1659411000,4647.5,4650,4646.75,4649.75
1659411300,4649.75,4649.75,4649,4649.5
1659411600,4649.25,4651,4649.25,4650
1659411900,4650,4650,4648.75,4649.25
1659412200,4649,4649.5,4648.25,4649
1659412500,4649,4649.25,4646.75,4648
1659412800,4648,4648.25,4646.75,4647.25
1659413100,4647.5,4649,4647.25,4648.5
1659413400,4648.5,4649,4648,4648.5
1659413700,4648.5,4648.5,4647.5,4647.5
1659414000,4647.5,4647.5,4646.25,4646.75
1659414300,4646.75,4647.25,4645.75,4646.75
1659414600,4646.5,4647.75,4645.75,4646.75
1659414900,4647,4647,4646,4646.5
1659415200,4646.25,4646.5,4645.5,4646
1659415500,4646,4647,4645.75,4646.75
1659415800,4646.75,4647.25,4645.5,4646
1659416100,4646,4647.5,4646,4647.5
1659416400,4647.25,4649.25,4647.25,4648.5
1659416700,4648.5,4650.5,4648.5,4648.75
1659417000,4649,4649.5,4648.25,4649.5
1659417300,4649.5,4649.75,4646.25,4646.5
1659417600,4646.25,4648,4646,4647.5
1659417900,4647.25,4648,4645.5,4645.5
1659418200,4645.75,4646.25,4643.5,4644
1659418500,4644.25,4644.5,4642.5,4643.5
1659418800,4643.5,4644.75,4643.25,4644
1659419100,4643.75,4645.75,4643.75,4645.25
1659419400,4645.25,4645.25,4644,4644.75
1659419700,4644.75,4645.25,4643.25,4644.25
1659420000,4644.25,4647.25,4644.25,4647
1659420300,4647,4648.25,4646.25,4646.5
1659420600,4646.5,4648.25,4646,4647.75
1659420900,4647.75,4649,4647.25,4648.5
1659421200,4648.5,4649,4644.25,4646.5
1659421500,4646.75,4647.25,4645.5,4647
1659421800,4646.75,4647.75,4643.75,4644.25
1659422100,4644.25,4645,4643.25,4644
1659422400,4644.25,4645,4643,4644.75
1659422700,4644.75,4646.25,4644.5,4645.5
1659423000,4645.5,4646,4644,4644.75
1659423300,4645,4646,4644.5,4645.25
1659423600,4645.25,4647.25,4642.75,4643
1659423900,4643,4643.5,4634.75,4638.25
1659424200,4638,4640,4636.5,4637
1659424500,4637,4637.5,4632,4636.25
1659424800,4636.25,4639.5,4634.25,4638.25
1659425100,4638.25,4639,4636.25,4638.75
1659425400,4638.5,4638.75,4634.25,4638.5
1659425700,4638.5,4643.75,4637.5,4642.5
1659426000,4642.5,4644.5,4641.75,4642
1659426300,4642.25,4645.75,4642.25,4644.5
1659426600,4644.75,4646.5,4643.75,4644
1659426900,4644,4645.5,4642.25,4642.5
1659427200,4642.75,4645.25,4642,4643.5
1659427500,4643,4645.5,4642.25,4643.75
1659427800,4643.75,4644,4640.25,4641
1659428100,4641.25,4641.25,4638.5,4639
1659428400,4638.75,4643.25,4637.5,4642.5
1659428700,4642.75,4643.5,4641.25,4642.75
1659429000,4642.75,4643.5,4640.5,4641.25
1659429300,4641.25,4641.25,4637,4637
1659429600,4637,4637.75,4635.75,4636.75
1659429900,4636.5,4637,4634.5,4636.25
1659430200,4636,4637.75,4635.5,4637.5
1659430500,4637.5,4638.25,4636.75,4637.75
1659430800,4637.5,4639.5,4636.75,4638.75
1659431100,4638.75,4639.25,4638,4638.75
1659431400,4638.75,4640,4638,4639.5
1659431700,4639.5,4640.75,4639.5,4640.5
1659432000,4640.25,4640.75,4638.25,4638.25
1659432300,4638.25,4639.25,4636.5,4639.25
1659432600,4639,4639.75,4634.25,4637
1659432900,4636.75,4638.25,4635.75,4635.75
1659433200,4635.75,4638.75,4635.75,4638.25
1659433500,4638.25,4638.25,4636.75,4637.75
1659433800,4637.75,4637.75,4633.75,4634
1659434100,4634,4635,4632.5,4632.75
1659434400,4632.75,4635.25,4632.25,4633.5
1659434700,4633.5,4633.5,4631.5,4633
1659435000,4632.75,4634.75,4632.25,4634.75
1659435300,4634.5,4634.75,4627.75,4630
1659435600,4630,4631.75,4630,4630.75
1659435900,4630.5,4631.5,4630,4630
1659436200,4630,4630.75,4628.5,4629
1659436500,4629,4631.5,4627.5,4630.75
1659436800,4630.75,4633.5,4630.5,4632.5
1659437100,4632.75,4633,4630.75,4630.75
1659437400,4631,4632.75,4630.25,4630.75
1659437700,4631,4633.75,4630,4633
1659438000,4633,4640.25,4632.5,4638.75
1659438300,4639,4639,4635.25,4636
1659438600,4635.75,4638.25,4635.5,4637.25
1659438900,4637,4639.5,4636.75,4637.75
1659439200,4638,4640.75,4637.5,4640.5
1659439500,4640.25,4641,4638.75,4639.75
1659439800,4639.75,4642.75,4639,4642
1659440100,4642,4642.25,4640,4640.75
1659440400,4641,4641.25,4638,4638.5
1659440700,4638.5,4640.75,4638.25,4639.5
1659441000,4639.5,4640.75,4638.25,4640
1659441300,4640,4640.5,4638.25,4638.75
1659441600,4639,4642,4638.25,4641.5
1659441900,4641.5,4641.75,4639.75,4640.75
1659442200,4640.75,4641.75,4639.25,4640
1659442500,4639.75,4640.25,4636.5,4636.5
1659442800,4636.75,4640,4636.5,4639.75
1659443100,4639.5,4640.25,4636.75,4638.25
1659443400,4638.5,4640.75,4638.25,4638.25
1659443700,4638.5,4638.75,4636.75,4638
1659444000,4638,4638.25,4634.5,4635
1659444300,4635,4636.75,4634,4634.75
1659444600,4634.75,4636,4634.25,4634.75
1659444900,4634.75,4639.5,4634.75,4639.25
1659445200,4639.5,4640.25,4637.75,4637.75
1659445500,4638,4645.25,4637.75,4645
1659445800,4645,4648.25,4644.25,4647.75
1659446100,4647.75,4648,4644.75,4645
1659446400,4645,4645.75,4643.25,4644.5
1659446700,4644.75,4648.25,4644.5,4648
1659447000,4647.75,4654,4644,4648
1659447300,4648,4649.5,4639,4645.5
1659447600,4645.5,4648.25,4639,4640.5
1659447900,4640.75,4651.25,4639.25,4642.5
1659448200,4642.75,4647.25,4635.25,4636.5
1659448500,4636.25,4647,4633.25,4642.5
1659448800,4642.5,4642.75,4635,4637.75
1659449100,4638,4643.5,4631.75,4631.75
1659449400,4631.75,4638,4624.5,4636.5
1659449700,4636.5,4642,4635,4641.5
1659450000,4641.25,4646.5,4636.75,4638.75
1659450300,4638.5,4648,4637,4648
1659450600,4648,4652.25,4645,4648.25
1659450900,4648.25,4651.75,4644.25,4649.25
1659451200,4649.5,4658.25,4647.5,4657.75
1659451500,4657.75,4660,4652.5,4659.75
1659451800,4659.75,4670.5,4658.5,4669.5
1659452100,4669.5,4669.75,4659.75,4661.5
1659452400,4661.5,4664,4658.75,4659.5
1659452700,4659.5,4660.75,4655.5,4658
1659453000,4658,4658.5,4654,4655
1659453300,4655,4659,4652.75,4656.75
1659453600,4656.75,4657.5,4652,4655.5
1659453900,4655.5,4662.25,4655,4661.25
1659454200,4661.25,4662.25,4651.25,4656
1659454500,4655.75,4663.75,4655.25,4662.75
1659454800,4662.75,4667.5,4661,4666
1659455100,4665.75,4666.75,4662.25,4666.25
1659455400,4666,4666.75,4663.75,4665.5
1659455700,4665.5,4667.5,4662.5,4663.5
1659456000,4663.75,4671.25,4661.75,4669.75
1659456300,4669.75,4670.5,4667.5,4668
1659456600,4668,4673.25,4666.75,4672.25
1659456900,4672.25,4677.25,4672,4677.25
1659457200,4677.25,4681.5,4675.75,4681.25
1659457500,4681.25,4682.25,4679,4681.75
1659457800,4682,4682.75,4678.75,4681.25
1659458100,4681.25,4684.75,4679,4684.25
1659458400,4684.25,4686.25,4682.75,4686.25
1659458700,4686.25,4686.25,4682.5,4685.25
1659459000,4685,4687,4682.5,4685.75
1659459300,4685.75,4686.25,4681.75,4683
1659459600,4683,4683.5,4677.5,4680.25
1659459900,4680,4681,4675.75,4679.75
1659460200,4679.5,4681.25,4678,4679.5
1659460500,4679.5,4680.75,4678.25,4678.5
1659460800,4678.5,4679,4672.5,4672.5
1659461100,4672.75,4673.25,4662.5,4664
1659461400,4664.25,4664.25,4653,4653.25
1659461700,4653.25,4655.5,4648.5,4651
1659462000,4651,4655.5,4649,4653.5
1659462300,4653.5,4655.5,4647,4648
1659462600,4648,4652,4645,4651.75
1659462900,4651.75,4652.5,4649.25,4651.25
1659463200,4651.5,4653.5,4647.5,4651
1659463500,4651,4660.75,4649.75,4660.25
1659463800,4660.25,4661,4656,4657.5
1659464100,4657.5,4658,4652.75,4654.75
1659464400,4654.5,4661,4653.25,4658.25
1659464700,4658.25,4661.25,4657.25,4659.5
1659465000,4659.75,4665,4658.75,4662.5
1659465300,4662.25,4662.75,4656.25,4658.25
1659465600,4658.25,4661.25,4658,4659.5
1659465900,4659.75,4660,4651.75,4658.75
1659466200,4659,4661.5,4651.25,4654
1659466500,4654,4655,4648.75,4651.5
1659466800,4651.5,4655.25,4650.5,4653.25
1659467100,4653,4655,4649.75,4650.75
1659467400,4650.75,4652.5,4647,4651.5
1659467700,4651.5,4653.25,4641.25,4643.25
1659468000,4643.25,4646.75,4640.5,4642.75
1659468300,4642.75,4651.25,4642.25,4650.5
1659468600,4650.25,4651.5,4646,4651
1659468900,4651,4656.5,4649.75,4651.25
1659469200,4651.25,4651.75,4646.75,4651.25
1659469500,4651.5,4652,4643,4644.5
1659469800,4644.5,4648,4639.75,4641
1659470100,4641,4641.75,4636,4638
1659470400,4638.25,4639.75,4637.75,4637.75
1659470700,4637.75,4638.5,4633.25,4636
1659471000,4636,4637,4633.75,4636.75
1659471300,4636.75,4636.75,4634.5,4634.75
1659471600,4634.5,4635.75,4633.75,4635
1659471900,4635,4635.75,4633.75,4634.25
1659472200,4634.25,4635.5,4634.25,4634.75
1659472500,4634.75,4635.5,4634.5,4634.75
1659472800,4634.5,4638,4634.25,4637
1659473100,4637,4639.5,4637,4639
1659473400,4639,4639.25,4638.5,4639.25
1659473700,4639.25,4642,4638.5,4640.25
1659477600,4641,4644.5,4641,4642
1659477900,4642,4645.5,4641.75,4645
1659478200,4645.25,4645.75,4642,4642.75
1659478500,4642.75,4644,4642.5,4643
1659478800,4643,4643.75,4640.25,4640.5
1659479100,4640.25,4642.5,4640,4641.5
1659479400,4641.25,4644,4641.25,4643.25
1659479700,4643.5,4646.5,4643.5,4645.25
1659480000,4645.25,4646.25,4645,4645.75
1659480300,4645.75,4646.5,4644.25,4644.75
1659480600,4645,4645.75,4644.5,4645.25
1659480900,4645.5,4645.5,4642.5,4643
1659481200,4642.75,4643,4641.5,4642.75
1659481500,4642.75,4643.75,4642,4643.5
1659481800,4643.5,4644.75,4643,4643
1659482100,4643,4644,4642.5,4644
1659482400,4644,4644,4643.25,4643.5
1659482700,4643.5,4644.75,4643.5,4644.75
1659483000,4644.75,4645,4642.25,4643.25
1659483300,4643.25,4644,4639.5,4640
1659483600,4640,4640.5,4637.75,4640.5
1659483900,4640.5,4640.75,4639,4639
1659484200,4639,4639.75,4637,4637.75
1659484500,4637.75,4638.25,4636.75,4637.5
1659484800,4637.25,4637.75,4635.5,4637
1659485100,4637.25,4641.5,4637,4639.5
1659485400,4639.5,4639.5,4635.5,4636.25
1659485700,4636.5,4639.5,4635.5,4638.75
1659486000,4638.5,4639.25,4633.5,4635.25
1659486300,4635.25,4635.5,4632.25,4633.25
1659486600,4633.25,4635,4633,4634.25
1659486900,4634.25,4636.25,4633.5,4635.25
1659487200,4635,4635,4628.5,4629
1659487500,4629,4630.5,4628.5,4630
1659487800,4630.25,4633,4630.25,4632
1659488100,4631.75,4634.25,4631.25,4633.75
1659488400,4633.75,4635,4633.25,4633.75
1659488700,4634,4636.25,4633.75,4636
1659489000,4636.25,4637.5,4635.5,4637
1659489300,4637,4640.75,4637,4639.5
1659489600,4639.5,4640.5,4638.25,4638.25
1659489900,4638.25,4639.25,4637,4638.5
1659490200,4638.5,4642,4637.5,4641.75
1659490500,4641.75,4642,4638.25,4639.5
1659490800,4639.5,4642.25,4638.5,4641.25
1659491100,4641.25,4642.5,4639.25,4640.5
1659491400,4640.5,4644.25,4640.5,4642
1659491700,4642,4642.5,4641.5,4642
1659492000,4642.25,4646.75,4642,4645.25
1659492300,4645.25,4645.75,4644,4644.5
1659492600,4644.5,4644.5,4643,4643.5
1659492900,4643.75,4643.75,4642.25,4642.25
1659493200,4642.5,4643,4641,4641
1659493500,4641.25,4641.75,4640.25,4641.25
1659493800,4641.5,4643,4641.25,4642
1659494100,4642.25,4642.75,4641.5,4642.75
1659494400,4642.75,4643.75,4641,4641
1659494700,4641.25,4642.25,4640.25,4641.25
1659495000,4641.25,4642,4640,4641.75
1659495300,4642,4644.25,4642,4643.25
1659495600,4643.5,4645.5,4643.25,4644.5
1659495900,4644.5,4644.75,4643.25,4643.75
1659496200,4644,4644.75,4643.75,4644
1659496500,4644,4645.5,4642.75,4643
1659496800,4643,4645,4642.25,4643.5
1659497100,4643.75,4645.25,4643.25,4643.25
1659497400,4643.25,4643.25,4641.5,4642.25
1659497700,4642.25,4643.5,4642,4642.75
1659498000,4642.75,4644,4642.25,4643
1659498300,4643.25,4645.25,4643,4644.25
1659498600,4644.5,4645,4643,4643.25
1659498900,4643,4644.25,4642.5,4643.25
1659499200,4643.25,4645.75,4642.5,4645.25
1659499500,4645.25,4649,4644.5,4647.25
1659499800,4647.25,4647.75,4645.5,4645.75
1659500100,4645.75,4647,4645.25,4646.75
1659500400,4646.75,4647.5,4646.25,4646.5
1659500700,4646.5,4646.75,4645.5,4646.5
1659501000,4646.5,4646.75,4644.75,4646
1659501300,4646,4646,4645,4646
1659501600,4646,4646.25,4645.5,4646.25
1659501900,4646.5,4648.25,4646.25,4647
1659502200,4647.25,4647.5,4644.25,4645.75
1659502500,4646,4646,4643.75,4644.5
1659502800,4644.5,4646.25,4644.5,4645
1659503100,4645,4646.5,4644.25,4645.5
1659503400,4645.5,4647.5,4645,4647.25
1659503700,4647.5,4647.75,4646.5,4646.75
1659504000,4646.75,4648.5,4646.5,4648.25
1659504300,4648.25,4650.5,4648,4648
1659504600,4648,4650.75,4648,4650
1659504900,4650.25,4650.25,4648.75,4649.75
1659505200,4649.75,4650.5,4649,4649
1659505500,4649,4649.5,4647.5,4648
1659505800,4648,4649.5,4648,4648.5
1659506100,4648.5,4649.25,4647.75,4648.25
1659506400,4648,4650.25,4647.5,4648.25
1659506700,4648.25,4651.75,4648,4650.25
1659507000,4650.5,4651,4649.75,4650
1659507300,4650,4650.75,4649.25,4649.75
1659507600,4649.5,4649.75,4647.5,4648
1659507900,4648,4649.5,4647.75,4648.25
1659508200,4648.25,4648.5,4646.75,4647.5
1659508500,4647.25,4648.75,4646.75,4647.5
1659508800,4647.75,4648,4645.75,4646
1659509100,4646.25,4647.25,4644.5,4645.25
1659509400,4645.5,4646.75,4645.25,4646.5
1659509700,4646.75,4647.5,4646.5,4646.75
1659510000,4646.5,4647,4638.5,4639.75
1659510300,4639.75,4643.5,4638.5,4642.5
1659510600,4642.5,4644.5,4639,4639.75
1659510900,4639.75,4645,4638.25,4644.75
1659511200,4644.75,4647.75,4644.25,4646.25
1659511500,4646.25,4647.5,4645,4646.5
1659511800,4646.75,4647.75,4644.25,4644.5
1659512100,4644.5,4646,4643.75,4644.75
1659512400,4644.75,4644.75,4641.5,4642
1659512700,4642.25,4642.5,4639,4639.5
1659513000,4639.25,4642,4639.25,4641.5
1659513300,4641.25,4642,4639.25,4641.25
1659513600,4641.5,4643.5,4640.5,4641.25
1659513900,4641.25,4641.25,4637.5,4638.5
1659514200,4638.25,4639.5,4636.5,4639
1659514500,4639,4640.5,4639,4639.75
1659514800,4640,4644,4640,4643.5
1659515100,4643.75,4645,4643.25,4644
1659515400,4644.25,4647,4644.25,4646.5
1659515700,4646.5,4646.5,4644.5,4645
1659516000,4645.25,4646.5,4644.25,4646.25
1659516300,4646.25,4646.75,4645.25,4646
1659516600,4646,4647.75,4644.25,4647.5
1659516900,4647.5,4649,4645.75,4646
1659517200,4645.75,4647.25,4644.75,4646.5
1659517500,4646.75,4648.5,4646,4648
1659517800,4647.75,4653.75,4647.25,4652.5
1659518100,4652.5,4656.75,4652,4655.75
1659518400,4655.75,4656.75,4655.25,4655.75
1659518700,4656,4656.75,4654.25,4655.25
1659519000,4655.25,4656.75,4654.25,4656.75
1659519300,4656.75,4657.25,4655.5,4655.75
1659519600,4656,4656.5,4653.75,4654.25
1659519900,4654.25,4654.5,4652.5,4653
1659520200,4652.75,4654.5,4652.75,4653.25
1659520500,4653.25,4653.75,4652.25,4653
1659520800,4652.75,4653.75,4652.25,4652.75
1659521100,4652.75,4654,4652.25,4653.25
1659521400,4653,4656.25,4653,4655.5
1659521700,4655.5,4655.5,4650.75,4652
1659522000,4652,4652.5,4651,4651
1659522300,4651.25,4652.25,4650.75,4651.5
1659522600,4651.75,4653,4651.5,4652.25
1659522900,4652.5,4653.5,4651.25,4652.25
1659523200,4652,4652.25,4649.75,4650.25
1659523500,4650.5,4652.25,4650,4651.5
1659523800,4651.75,4652,4650,4651.75
1659524100,4651.75,4653.25,4650.5,4653
1659524400,4653,4655.25,4651.25,4654.75
1659524700,4654.75,4657.75,4654.5,4657.5
1659525000,4657.5,4658.25,4656.5,4657.5
1659525300,4657.5,4658.25,4656.75,4657.25
1659525600,4657.25,4657.5,4655.5,4656.25
1659525900,4656.5,4659.5,4655.75,4658.75
1659526200,4658.75,4659.5,4654.75,4655.25
1659526500,4655.5,4656,4653,4653.25
1659526800,4653.5,4654.25,4652,4654
1659527100,4654,4655.5,4652.75,4655.25
1659527400,4655,4657.25,4655,4657.25
1659527700,4657.25,4657.75,4656.25,4657.25
1659528000,4656.75,4658.5,4656.25,4658.25
1659528300,4658,4658,4654.5,4656.25
1659528600,4656,4662.25,4656,4662
1659528900,4662,4663.25,4661.25,4663.25
1659529200,4663,4665,4660.75,4661.5
1659529500,4661.25,4662.75,4661,4661.5
1659529800,4661.5,4663.5,4661.25,4662.75
1659530100,4663,4664,4660.5,4660.75
1659530400,4660.75,4663.25,4660.75,4663
1659530700,4663,4665,4661.75,4663.25
1659531000,4663.25,4664.5,4662.25,4664.25
1659531300,4664,4666.5,4662.5,4662.75
1659531600,4663,4664,4662.5,4663.25
1659531900,4663.25,4663.5,4659.75,4661
1659532200,4661,4663.5,4661,4662.5
1659532500,4662.75,4663,4659.75,4660
1659532800,4660,4661.25,4659.75,4660.75
1659533100,4660.5,4661.25,4659,4659.75
1659533400,4659.75,4666.5,4656.5,4661
1659533700,4661,4673.75,4661,4670.5
1659534000,4670.5,4672.25,4664.25,4665.5
1659534300,4665.5,4668.75,4659.25,4668.5
1659534600,4668.5,4671.25,4665.5,4670
1659534900,4670,4673,4668.75,4672
1659535200,4671.75,4676.75,4664,4676.25
1659535500,4676.5,4680.5,4676,4678
1659535800,4678.25,4681.25,4676.75,4678
1659536100,4678.25,4680.25,4664,4665.25
1659536400,4665,4668,4664.25,4666.5
1659536700,4666.5,4675,4665.5,4673.25
1659537000,4673.25,4675.75,4664.5,4666.25
1659537300,4666.25,4667.5,4658.25,4664.5
1659537600,4664.25,4667.5,4659.5,4666.75
1659537900,4666.5,4674,4665.5,4673
1659538200,4673.25,4674.5,4669.25,4670.75
1659538500,4671,4674,4670.25,4672.5
1659538800,4672.5,4677.25,4670.75,4673
1659539100,4673.25,4677.75,4672.5,4677.5
1659539400,4677.5,4683.75,4676,4680.5
1659539700,4680.5,4682.75,4675.5,4676.25
1659540000,4676.5,4681.25,4676.25,4680.25
1659540300,4680,4684.75,4679.25,4681.5
1659540600,4681.5,4683,4679.25,4681.25
1659540900,4681.25,4687,4681,4687
1659541200,4686.75,4689.5,4686.25,4687.5
1659541500,4687.5,4690.75,4686.5,4687.75
1659541800,4687.75,4687.75,4683,4687.25
1659542100,4687,4691.75,4686.5,4690.75
1659542400,4690.75,4691.25,4688,4690.5
1659542700,4690.75,4692,4687.5,4688.25
1659543000,4688.5,4689.25,4684.75,4687.25
1659543300,4687.25,4687.75,4683.75,4687.25
1659543600,4687.5,4692.25,4687.25,4691.75
1659543900,4691.5,4692,4688.5,4688.75
1659544200,4689,4698.75,4688.5,4695.5
1659544500,4695.75,4698.75,4694.5,4696.5
1659544800,4696.5,4699.5,4695,4697.5
1659545100,4697.75,4703,4697,4702.5
1659545400,4702.75,4703.75,4700.5,4701
1659545700,4701,4702.75,4699.75,4700.5
1659546000,4700.5,4704.75,4700.5,4704.75
1659546300,4704.75,4705,4702,4703.5
1659546600,4703.75,4704,4700.5,4701.25
1659546900,4701.5,4702.5,4699.25,4699.5
1659547200,4699.5,4701.5,4696.75,4700.5
1659547500,4700.5,4704,4699.75,4703.25
1659547800,4703.25,4704.75,4701.75,4704.25
1659548100,4704.25,4704.25,4699.75,4701
1659548400,4700.75,4702.75,4698.25,4702
1659548700,4702.25,4703.25,4698.75,4703
1659549000,4703,4705.25,4702.5,4704.75
1659549300,4704.75,4705,4700.75,4702.5
1659549600,4702.75,4704.5,4699.5,4703.25
1659549900,4703.5,4704.75,4702,4704
1659550200,4704,4706.25,4702.5,4705.25
1659550500,4705,4707.75,4704,4707.5
1659550800,4707.75,4709.5,4706.75,4708.5
1659551100,4708.75,4709.25,4705.75,4706.25
1659551400,4706.25,4708.5,4705.25,4706.5
1659551700,4706.5,4708,4704.5,4704.5
1659552000,4704.5,4706.25,4700.75,4703.75
1659552300,4703.75,4706.75,4701.25,4705.75
1659552600,4705.75,4708,4703.75,4706.75
1659552900,4706.75,4708.25,4705,4705.5
1659553200,4705.25,4709.5,4703.5,4709.25
1659553500,4709.25,4710.75,4706.5,4706.75
1659553800,4706.75,4707.25,4703.5,4705.5
1659554100,4705.25,4707,4702.75,4706
1659554400,4705.75,4707.25,4705,4705.5
1659554700,4705.25,4706.25,4703.5,4705.25
1659555000,4705.25,4708,4704.5,4707.75
1659555300,4707.5,4709.75,4707,4708.5
1659555600,4708.5,4714,4707.5,4713
1659555900,4712.75,4713,4708,4709.25
1659556200,4709.25,4712.25,4708.25,4709.5
1659556500,4709.75,4709.75,4698.25,4701
1659556800,4700.75,4701.25,4696.5,4697.5
1659557100,4697.75,4698.75,4696,4696.25
1659557400,4696.5,4698.25,4696.25,4697.25
1659557700,4697.25,4697.75,4696.5,4696.5
1659558000,4696.5,4696.75,4694.5,4694.75
1659558300,4694.75,4695.75,4694.25,4695.75
1659558600,4695.75,4697.5,4695.25,4695.75
1659558900,4696,4697.75,4695.75,4697
1659559200,4697,4698,4696.75,4697.75
1659559500,4698,4698.25,4696.75,4697.25
1659559800,4697.25,4697.75,4696.75,4696.75
1659560100,4696.75,4697,4695.75,4696.5
1659564000,4694.25,4697,4693.25,4693.75
1659564300,4694,4695.5,4693.75,4695
1659564600,4695.25,4696.25,4694.25,4696
1659564900,4696.25,4696.75,4695.5,4696.25
1659565200,4696.25,4697.5,4696,4697
1659565500,4696.75,4697.25,4696.5,4696.5
1659565800,4696.75,4697.25,4694.75,4694.75
1659566100,4695,4696.75,4694,4694.5
1659566400,4694.5,4695.25,4693.75,4694.5
1659566700,4694.75,4697.5,4694.5,4697.25
1659567000,4697.25,4697.75,4696,4696.5
1659567300,4696.5,4697.75,4696.5,4697.25
1659567600,4697,4697,4695.25,4696.5
1659567900,4696.5,4696.75,4695.5,4696.25
1659568200,4696.25,4696.5,4695.5,4696
1659568500,4696,4696,4695.25,4696
1659568800,4695.75,4696.5,4695.5,4696.25
1659569100,4696,4697.25,4695.75,4696.25
1659569400,4696.25,4696.75,4695.5,4695.75
1659569700,4695.75,4696.25,4694.75,4695
1659570000,4695,4696,4695,4695.5
1659570300,4695.5,4696,4694.75,4696
1659570600,4696.25,4696.25,4695,4695.75
1659570900,4695.75,4696.25,4694,4694.25
1659571200,4694,4694,4692,4693
1659571500,4693,4694,4692.75,4693.75
1659571800,4694,4695.75,4693.5,4694.75
1659572100,4695,4696.75,4694.75,4696.5
1659572400,4696.25,4699.25,4696.25,4697.5
1659572700,4697.5,4700.25,4697.25,4699.5
1659573000,4699.5,4701.25,4699,4699.5
1659573300,4699.75,4700,4697.75,4698.25
1659573600,4698.25,4701,4698,4698.75
1659573900,4698.75,4700,4698,4699.75
1659574200,4699.5,4700.25,4699,4700
1659574500,4700,4701.5,4700,4701.5
1659574800,4701.5,4701.5,4699,4699.5
1659575100,4699.25,4700.75,4698.75,4700.25
1659575400,4700,4700,4698,4698.5
1659575700,4698.5,4701,4698.5,4700.5
1659576000,4700.5,4702.5,4700,4700.75
1659576300,4700.75,4701.75,4700.25,4701
1659576600,4701.25,4702.75,4700,4702.25
1659576900,4702.25,4703.5,4701.5,4703.25
1659577200,4703.25,4703.5,4701.5,4702
1659577500,4702,4702.75,4700.5,4701
1659577800,4700.75,4700.75,4699.75,4700
1659578100,4700,4700.75,4699.5,4700
1659578400,4700,4701.25,4699.5,4701.25
1659578700,4701.5,4701.5,4700.5,4700.75
1659579000,4700.5,4700.75,4697.75,4698.5
1659579300,4698.75,4699,4697.75,4698.75
1659579600,4698.75,4698.75,4697.25,4697.75
1659579900,4697.75,4697.75,4696.25,4697
1659580200,4697,4697.5,4695.75,4696.5
1659580500,4696.75,4697,4694,4695.25
1659580800,4695,4696,4694.75,4695.75
1659581100,4696,4697.25,4695.75,4697
1659581400,4696.75,4697,4696.25,4696.5
1659581700,4696.25,4699,4696,4698.75
1659582000,4698.75,4699,4697,4697.25
1659582300,4697.25,4698.75,4697,4698.5
1659582600,4698.75,4699.25,4697.75,4698.25
1659582900,4698.5,4698.75,4698,4698.5
1659583200,4698.5,4699,4698.25,4698.5
1659583500,4698.5,4698.5,4696.75,4696.75
1659583800,4696.75,4697.25,4695.5,4696.75
1659584100,4696.5,4696.75,4695.75,4696.5
1659584400,4696.5,4697,4694.25,4694.75
1659584700,4694.75,4694.75,4693,4693.25
1659585000,4693.25,4694.75,4693,4694.75
1659585300,4694.75,4696.25,4694,4695.25
1659585600,4695.5,4696,4695,4695.75
1659585900,4695.5,4696.5,4695.25,4696
1659586200,4696,4697,4696,4696.25
1659586500,4696.25,4696.5,4695.5,4696
1659586800,4696,4696.25,4695,4695.5
1659587100,4695.25,4695.75,4695,4695.5
1659587400,4695.5,4697,4695.5,4696.75
1659587700,4697,4697.5,4696.5,4696.5
1659588000,4696.5,4696.75,4696.25,4696.5
1659588300,4696.5,4697.25,4696.25,4696.75
1659588600,4697,4697.5,4696.25,4696.25
1659588900,4696.25,4696.75,4695.75,4696.25
1659589200,4696.25,4698,4696,4696.25
1659589500,4696,4696.25,4694.25,4694.5
1659589800,4694.5,4695.75,4693.75,4694.5
1659590100,4694.25,4697,4694,4696.25
1659590400,4696.25,4697.25,4695.5,4697.25
1659590700,4697,4697.75,4696.25,4696.25
1659591000,4696.5,4698.25,4695.25,4697.75
1659591300,4697.75,4698.25,4696.5,4696.75
1659591600,4696.75,4698,4696.25,4696.5
1659591900,4696.5,4696.75,4694.75,4695
1659592200,4695.25,4697.25,4695,4696.5
1659592500,4696.75,4697.5,4694,4694.5
1659592800,4694.5,4695.5,4693,4695
1659593100,4694.75,4696.75,4694.25,4695.5
1659593400,4695.75,4696,4694,4695.5
1659593700,4695.25,4695.5,4693.5,4694.25
1659594000,4694.25,4695.5,4694,4695
1659594300,4695.25,4696.25,4695,4695
1659594600,4694.75,4696.5,4694,4696.5
1659594900,4696.5,4696.5,4695,4695.5
1659595200,4695.5,4696.25,4694.75,4695.5
1659595500,4695.5,4695.5,4694.5,4695
1659595800,4695,4695,4693.5,4694.25
1659596100,4694.25,4694.75,4693,4693.5
1659596400,4693.25,4696.25,4692,4695.5
1659596700,4695.5,4699.75,4695,4699
1659597000,4699,4699,4695.75,4697.75
1659597300,4697.75,4699.5,4696.5,4699.25
1659597600,4699.25,4700.75,4697.5,4700.25
1659597900,4700.25,4701.5,4700,4701.25
1659598200,4701.25,4703.25,4700.5,4700.75
1659598500,4700.75,4702,4699.5,4699.75
1659598800,4699.5,4699.75,4698.25,4699
1659599100,4698.75,4699.5,4698.25,4699
1659599400,4699,4700.5,4698.25,4698.75
1659599700,4698.75,4700.75,4697.5,4699.25
1659600000,4699.5,4699.5,4695.75,4696.25
1659600300,4696.5,4697.75,4695.5,4697.5
1659600600,4697.75,4698,4696.25,4697.75
1659600900,4698,4701,4697.75,4700.5
1659601200,4700.5,4700.75,4698.75,4699.5
1659601500,4699.5,4699.75,4697.75,4698
1659601800,4698.25,4699,4697.25,4697.75
1659602100,4697.5,4698,4696.25,4697
1659602400,4697,4697.25,4695.25,4696.5
1659602700,4696.25,4697.25,4696,4696.5
1659603000,4696.25,4697.25,4695.5,4697.25
1659603300,4697,4697.25,4695.75,4696.25
1659603600,4696.25,4697,4696,4696.5
1659603900,4696.5,4696.5,4694.25,4696.25
1659604200,4696.25,4698.75,4696.25,4698
1659604500,4698.25,4700,4697.75,4698.75
1659604800,4699,4700.75,4699,4700.5
1659605100,4700.75,4705.25,4700.75,4704.5
1659605400,4704.25,4704.5,4701.25,4701.25
1659605700,4701.25,4703.25,4701,4703
1659606000,4702.75,4703.25,4702,4702
1659606300,4702.25,4707.5,4702,4707
1659606600,4706.75,4708.25,4705.5,4705.75
1659606900,4705.5,4707,4704.75,4706
1659607200,4706.25,4710.5,4705.25,4710.5
1659607500,4710.5,4712,4709.25,4709.75
1659607800,4709.5,4711.25,4708.5,4711.25
1659608100,4711.25,4713.5,4711.25,4713
1659608400,4713,4713.5,4711.75,4712.5
1659608700,4712.25,4713,4711,4712.5
1659609000,4712.5,4715.75,4711.25,4715.25
1659609300,4715,4717.25,4713.75,4716.75
1659609600,4716.75,4717.25,4713.5,4713.5
1659609900,4713.5,4714.5,4712.75,4713.5
1659610200,4713.25,4713.75,4711.5,4712.25
1659610500,4712,4712.25,4710.75,4711.25
1659610800,4711,4712.25,4708.75,4711.5
1659611100,4711.5,4712.75,4709,4709.25
1659611400,4709.25,4709.75,4707.5,4708.25
1659611700,4708,4709.25,4707.25,4708
1659612000,4707.75,4708,4705.75,4706
1659612300,4706,4707.25,4705.25,4705.5
1659612600,4705.5,4708,4705.25,4707.5
1659612900,4707.5,4708.5,4706.5,4708.25
1659613200,4708.25,4708.75,4706.75,4706.75
1659613500,4706.75,4706.75,4704.25,4705.75
1659613800,4705.75,4706,4703,4703.25
1659614100,4703.25,4704.25,4700,4700.5
1659614400,4700.75,4704.75,4699.25,4703.25
1659614700,4703.5,4704.75,4702.5,4702.75
1659615000,4702.75,4703.25,4700.25,4700.25
1659615300,4700.5,4703.5,4700.25,4703
1659615600,4703,4704.5,4702.25,4704
1659615900,4704,4705.25,4703,4704.5
1659616200,4704.5,4707.25,4701.75,4706.75
1659616500,4707,4708.75,4705.5,4708.25
1659616800,4708.25,4708.5,4706.75,4707.75
1659617100,4707.5,4708.25,4704.75,4707.5
1659617400,4707.25,4710.75,4706.25,4710
1659617700,4710,4710,4708.25,4708.75
1659618000,4708.5,4708.75,4701,4702
1659618300,4702,4703.75,4699.75,4701.5
1659618600,4701.5,4703.75,4700.75,4702.25
1659618900,4702.25,4703.75,4696.75,4697.25
1659619200,4697.5,4699.5,4696,4699.25
1659619500,4699.5,4699.5,4696,4699.5
1659619800,4699.75,4701,4692.5,4693.75
1659620100,4694,4699,4690,4690.75
1659620400,4691,4704.5,4690.5,4703.25
1659620700,4703.5,4706.25,4700,4701.75
1659621000,4702,4703.75,4694.5,4701.25
1659621300,4701,4704.75,4699,4700.25
1659621600,4700.5,4705.5,4698.5,4704.25
1659621900,4704.25,4707,4699.75,4701.5
1659622200,4701.5,4703.25,4697,4698.5
1659622500,4698.25,4700.5,4688.5,4692.75
1659622800,4692.75,4696,4689,4692.75
1659623100,4692.75,4696.75,4689.5,4690.75
1659623400,4690.75,4693.5,4684.5,4684.5
1659623700,4684.5,4685.5,4680.5,4682.25
1659624000,4682,4686.25,4680,4684
1659624300,4684,4693.5,4682.5,4691.75
1659624600,4691.5,4695.5,4690.5,4694
1659624900,4694,4698.5,4694,4695.75
1659625200,4695.75,4699,4693,4693.5
1659625500,4693.75,4698,4693.5,4694
1659625800,4694,4696.25,4687.5,4687.5
1659626100,4687.5,4693,4685.5,4691.75
1659626400,4691.75,4696.75,4688.75,4689.5
1659626700,4689.25,4692.75,4686.25,4689.5
1659627000,4689.5,4694,4688.75,4691.75
1659627300,4692.25,4693,4683.5,4683.5
1659627600,4683.75,4690.25,4683.25,4689
1659627900,4688.75,4695.75,4688.5,4694.5
1659628200,4694.5,4699.75,4693.5,4698.75
1659628500,4698.75,4700.5,4697,4698.75
1659628800,4699,4700.5,4694.75,4695
1659629100,4695.25,4698,4694.25,4697.5
1659629400,4697.5,4702.25,4697,4699
1659629700,4699,4699.5,4695.25,4698
1659630000,4698,4701.25,4696.5,4700.5
1659630300,4700.75,4702.25,4699.75,4701.75
1659630600,4701.75,4701.75,4697.5,4700.5
1659630900,4700.5,4701,4696.25,4698.25
1659631200,4698.25,4699.25,4693.25,4696.5
1659631500,4696.25,4696.75,4686.25,4686.75
1659631800,4686.75,4690,4686.25,4689.25
1659632100,4689.25,4690,4686.75,4687.25
1659632400,4687.5,4692.25,4687.25,4688.5
1659632700,4688.5,4693,4687,4692.25
1659633000,4692.25,4695.5,4690.75,4694.5
1659633300,4694.75,4697.25,4694,4695.75
1659633600,4696,4698.5,4691.75,4696.5
1659633900,4696.5,4700.75,4696.5,4698.75
1659634200,4698.75,4701.5,4696.75,4701.25
1659634500,4701.5,4702.5,4700.25,4700.5
1659634800,4700.75,4701.5,4696.75,4698.5
1659635100,4698.5,4702,4696.75,4701.75
1659635400,4701.75,4702,4697.25,4698.75
1659635700,4698.5,4698.75,4694.75,4697.5
1659636000,4697.5,4699,4695.25,4698.75
1659636300,4698.75,4699.75,4694.75,4695.5
1659636600,4695.25,4696.75,4691.5,4693.75
1659636900,4693.5,4696.5,4693,4696.5
1659637200,4696.5,4697,4693.25,4694
1659637500,4694,4698.75,4693.5,4697.75
1659637800,4697.75,4699.75,4697,4697.75
1659638100,4697.5,4698,4693,4696
1659638400,4695.75,4697,4691.5,4696.75
1659638700,4696.75,4698.25,4694.25,4697.5
1659639000,4697.75,4701,4697,4699
1659639300,4698.75,4700.25,4697,4698
1659639600,4698,4699.5,4696,4699.25
1659639900,4699,4701,4697.25,4699.75
1659640200,4700,4704.75,4699.75,4703.25
1659640500,4703.5,4706,4702.5,4704.5
1659640800,4704.75,4704.75,4700.25,4700.25
1659641100,4700.25,4703,4699,4702
1659641400,4702,4702.25,4697,4697.25
1659641700,4697.5,4701.5,4696.75,4697
1659642000,4696.75,4698.25,4692.75,4693
1659642300,4693,4695.25,4691.5,4693.75
1659642600,4693.75,4697,4693.75,4695
1659642900,4695,4697.5,4692.25,4697.25
1659643200,4697,4701.5,4697,4699.75
1659643500,4699.75,4700.25,4697.75,4697.75
1659643800,4697.5,4698.25,4696,4696.75
1659644100,4696.5,4696.75,4694.75,4696
1659644400,4696.25,4696.25,4695.25,4696
1659644700,4695.75,4696.75,4695.75,4696.25
1659645000,4696.25,4696.5,4695.75,4696.5
1659645300,4696.25,4697.25,4696.25,4696.5
1659645600,4696.75,4696.75,4695.75,4696
1659645900,4696,4697.75,4696,4697
1659646200,4697,4697.5,4696.5,4697.25
1659646500,4697,4697,4695.75,4695.75
1659650400,4696,4696.75,4695,4696.5
1659650700,4696.5,4697,4694.5,4694.75
1659651000,4694.75,4696,4694,4694.75
1659651300,4695.25,4696.5,4695.25,4696.25
1659651600,4696.25,4698.5,4696.25,4697
1659651900,4696.75,4696.75,4695.75,4696.5
1659652200,4696.5,4697.75,4696.5,4697.25
1659652500,4697.25,4697.75,4697,4697.75
1659652800,4697.75,4698.5,4697.25,4697.25
1659653100,4697.25,4697.5,4696.75,4697
1659653400,4697,4697.75,4696.75,4697.75
1659653700,4697.5,4697.75,4697,4697
1659654000,4697.25,4699.75,4697.25,4699
1659654300,4699,4700.75,4698.75,4700
1659654600,4700.25,4701.5,4699.5,4699.5
1659654900,4699.75,4700.5,4699.25,4699.5
1659655200,4699.75,4700.5,4699.25,4700
1659655500,4700,4700.25,4699.25,4699.25
1659655800,4699.25,4700.75,4699.25,4700
1659656100,4700,4700.5,4700,4700.5
1659656400,4700.25,4700.5,4699.75,4700.5
1659656700,4700.5,4701,4700,4700.75
1659657000,4700.75,4701,4699.75,4700
1659657300,4700,4700,4697.75,4697.75
1659657600,4697.75,4701,4697.5,4698
1659657900,4698,4699.25,4697.25,4698.75
1659658200,4699,4700,4698.5,4699.5
1659658500,4699.75,4702,4699.5,4701
1659658800,4701,4701.75,4700.5,4701
1659659100,4701,4701.5,4700.75,4701.25
1659659400,4701,4701.5,4700.75,4700.75
1659659700,4700.5,4701.25,4700.25,4700.25
1659660000,4700.25,4700.5,4699,4699
1659660300,4699,4700.25,4699,4700
1659660600,4700,4701.25,4700,4700.75
1659660900,4700.5,4701.75,4700.25,4700.75
1659661200,4700.75,4701.5,4700.25,4700.5
1659661500,4701.25,4705,4701,4703.5
1659661800,4703.5,4704,4702.75,4703.75
1659662100,4703.75,4705.25,4703.5,4705.25
1659662400,4705.25,4706,4704.75,4705.75
1659662700,4705.5,4705.75,4703.75,4703.75
1659663000,4704,4704,4702.25,4702.25
1659663300,4702.5,4703.5,4701.5,4703
1659663600,4702.75,4705.5,4702.75,4705
1659663900,4704.75,4707.5,4704.25,4707.5
1659664200,4707.25,4708.5,4706.5,4707.75
1659664500,4707.5,4708,4707,4707.5
1659664800,4707.25,4708,4706,4706.5
1659665100,4706.5,4707.75,4706.5,4706.75
1659665400,4706.75,4707.5,4706.5,4706.5
1659665700,4706.75,4706.75,4706,4706
1659666000,4706,4707.5,4706,4707.25
1659666300,4707.25,4708,4707,4707.5
1659666600,4707.5,4710.25,4707.5,4709.5
1659666900,4709.25,4709.25,4707.5,4707.75
1659667200,4707.75,4708.5,4707.5,4708.25
1659667500,4708.25,4708.5,4707.75,4708
1659667800,4708,4708.5,4707.75,4708.25
1659668100,4708.5,4708.5,4707.75,4707.75
1659668400,4708,4708.5,4707.75,4708.5
1659668700,4708.25,4708.25,4706.25,4706.75
1659669000,4706.75,4707,4704.75,4705.5
1659669300,4705.5,4706,4705,4706
1659669600,4706,4706.75,4705.5,4706.5
1659669900,4706.75,4707,4706.25,4706.75
1659670200,4706.75,4707,4706,4706.25
1659670500,4706.25,4707,4706,4706.75
1659670800,4706.75,4707,4705.75,4705.75
1659671100,4705.75,4706,4705.25,4705.5
1659671400,4705.5,4706.75,4705.5,4706.25
1659671700,4706.5,4707.25,4706.25,4707
1659672000,4707.25,4707.25,4706.75,4707
1659672300,4707,4707.75,4707,4707.25
1659672600,4707.25,4708.25,4707.25,4707.5
1659672900,4707.5,4707.5,4707,4707.25
1659673200,4707.25,4707.25,4706.5,4706.75
1659673500,4706.75,4706.75,4705.75,4705.75
1659673800,4706,4706.75,4705.75,4706.75
1659674100,4706.75,4707.25,4706.25,4706.75
1659674400,4706.75,4707.5,4706.75,4707.5
1659674700,4707.5,4708,4707,4707
1659675000,4707,4707.75,4706.75,4707.5
1659675300,4707.5,4708,4707.25,4707.5
1659675600,4707.5,4707.75,4706.25,4707
1659675900,4706.75,4707,4705.25,4706
1659676200,4705.75,4706.5,4705,4706.25
1659676500,4706.25,4706.25,4705.25,4705.5
1659676800,4705.25,4706.25,4705.25,4706
1659677100,4706.25,4706.5,4705.25,4705.25
1659677400,4705.25,4706,4705,4705.75
1659677700,4705.5,4706,4705.5,4706
1659678000,4706.25,4706.5,4705.5,4706.25
1659678300,4706.5,4707.25,4704.75,4704.75
1659678600,4705,4705.25,4704.25,4705
1659678900,4705,4707.25,4705,4707.25
1659679200,4707.25,4707.25,4705,4706.75
1659679500,4706.75,4706.75,4704.75,4705.25
1659679800,4705.25,4706.5,4705,4705
1659680100,4705,4706,4704.75,4705.25
1659680400,4705.25,4705.25,4703.5,4704.75
1659680700,4704.75,4705,4704,4705
1659681000,4705,4705.5,4704.25,4705.25
1659681300,4705,4705.25,4703.5,4704
1659681600,4704,4704.25,4703.25,4703.75
1659681900,4703.75,4705.25,4703.25,4703.5
1659682200,4703.5,4704.75,4703.5,4704.25
1659682500,4704.25,4704.25,4701.75,4701.75
1659682800,4702,4703.5,4700.5,4701.25
1659683100,4701,4703.25,4700.75,4702.75
1659683400,4703,4704,4702.5,4703.5
1659683700,4703.25,4703.75,4701.5,4702.25
1659684000,4702.5,4704.25,4702.5,4703
1659684300,4703.5,4704.25,4702.75,4703.5
1659684600,4703.25,4705.25,4702.75,4703.25
1659684900,4703.5,4704.5,4702.5,4703.5
1659685200,4703.25,4704.25,4702.75,4703.5
1659685500,4703.75,4704,4700.5,4700.5
1659685800,4700.5,4702,4699.5,4702
1659686100,4702.25,4703.25,4701.5,4703
1659686400,4703,4703,4701.25,4702.75
1659686700,4702.75,4703.75,4702.25,4703
1659687000,4703,4703,4700.5,4701
1659687300,4701,4701.5,4699,4700
1659687600,4700,4700.5,4699,4699.5
1659687900,4699.75,4700,4697.75,4698
1659688200,4698,4699.25,4697.5,4698.25
1659688500,4698,4698.5,4696.5,4696.5
1659688800,4696.25,4697.75,4694.5,4695
1659689100,4695,4696,4694,4695
1659689400,4695,4696.75,4694.75,4696.25
1659689700,4696.5,4697,4695.5,4696.5
1659690000,4696.75,4696.75,4695,4695.75
1659690300,4695.75,4696.5,4694.5,4694.5
1659690600,4694.75,4696.25,4694.25,4696.25
1659690900,4696,4698.25,4696,4698.25
1659691200,4698.5,4699.25,4697.75,4698.5
1659691500,4698.25,4698.75,4697.5,4697.75
1659691800,4698,4698.25,4695.75,4696.75
1659692100,4696.75,4697.25,4696,4696.5
1659692400,4696.75,4698.25,4696.25,4697
1659692700,4696.75,4697,4694,4695.5
1659693000,4695.5,4698.75,4695.5,4698.5
1659693300,4698.5,4698.5,4697,4698
1659693600,4698,4698.25,4694.5,4695.5
1659693900,4695.5,4697.25,4694,4696.5
1659694200,4696.25,4696.5,4694,4694.5
1659694500,4694.5,4695.75,4694.5,4695.25
1659694800,4695,4695.25,4694,4695.25
1659695100,4695.25,4696.25,4694.25,4695.75
1659695400,4695.75,4696.25,4692.25,4696
1659695700,4696,4696.5,4694,4694.25
1659696000,4694,4695,4693.5,4694.75
1659696300,4695,4695.25,4694,4694.75
1659696600,4694.75,4696.5,4694.75,4695.25
1659696900,4695.25,4695.25,4691.75,4694
1659697200,4694,4695.5,4693.5,4693.75
1659697500,4693.75,4693.75,4691.25,4692
1659697800,4692,4693.25,4691.75,4692
1659698100,4692,4696,4690.25,4694
1659698400,4694,4694.5,4692.75,4694
1659698700,4693.75,4696,4693.75,4695.25
1659699000,4695,4695.5,4694.5,4695
1659699300,4695.25,4697.75,4695,4697.25
1659699600,4697,4697.75,4696.5,4696.5
1659699900,4696.75,4698.5,4696.25,4698.5
1659700200,4698.5,4701.25,4698,4700.25
1659700500,4700.25,4702,4699.75,4701.25
1659700800,4701.25,4702.75,4700.25,4702.5
1659701100,4702.75,4703,4699.75,4700.5
1659701400,4700.25,4702,4700,4701
1659701700,4701,4702.75,4700.75,4702.75
1659702000,4702.5,4703.75,4702,4702
1659702300,4702,4706,4700.75,4703.5
1659702600,4703.5,4703.5,4661.25,4664.75
1659702900,4665,4670,4662,4666.25
1659703200,4666.25,4669.25,4661.5,4661.5
1659703500,4661.5,4662.25,4651,4652.25
1659703800,4652,4657.25,4651.5,4652.25
1659704100,4652.25,4655,4647.75,4653
1659704400,4652.75,4657,4650.5,4655.5
1659704700,4655.5,4657,4652.5,4653
1659705000,4653,4655.25,4649.5,4650.5
1659705300,4650.25,4655.5,4649.5,4655
1659705600,4655,4656.5,4650.25,4654
1659705900,4653.75,4655,4649.25,4651.75
1659706200,4652,4667.5,4651.25,4665.5
1659706500,4665.75,4672,4664.25,4670
1659706800,4670,4674.5,4666.25,4670.75
1659707100,4671,4673,4665.25,4670.75
1659707400,4670.75,4677.75,4670.5,4675.25
1659707700,4675,4677,4670.5,4676
1659708000,4676,4686.5,4673.5,4684.5
1659708300,4684.5,4690.5,4682.5,4690
1659708600,4690,4695.5,4685.25,4692.75
1659708900,4692.5,4697.25,4691.25,4693.75
1659709200,4694,4696.75,4693,4694
1659709500,4694.25,4694.75,4686,4690.25
1659709800,4690.25,4690.5,4683.5,4685
1659710100,4685,4691.25,4684.5,4690.5
1659710400,4690.25,4690.75,4685.75,4687.25
1659710700,4687,4690.5,4686.25,4687.5
1659711000,4687.5,4687.75,4680.75,4686.25
1659711300,4686.25,4689,4685.25,4686
1659711600,4686,4686.5,4678.75,4681
1659711900,4680.75,4681.25,4675,4680.75
1659712200,4681,4682,4674,4674.25
1659712500,4674.25,4677.5,4671.75,4673.5
1659712800,4673.25,4674.75,4664.75,4665.25
1659713100,4665.25,4666.75,4657.25,4657.5
1659713400,4657.5,4666.25,4656,4664.5
1659713700,4664.5,4667,4662,4664.5
1659714000,4664.25,4665.25,4661,4662.75
1659714300,4662.75,4664,4659.75,4661.75
1659714600,4661.5,4667.5,4660.25,4663.75
1659714900,4663.75,4665.5,4660.5,4662
1659715200,4661.75,4669.5,4661.5,4668
1659715500,4668,4672,4664.75,4666.5
1659715800,4666.75,4671,4666.5,4670.75
1659716100,4670.75,4674.5,4670.25,4672.25
1659716400,4672,4673.5,4668,4669.25
1659716700,4669.25,4672.5,4668.25,4672.25
1659717000,4672,4672.25,4665.5,4667.25
1659717300,4667.25,4670.25,4665.25,4667.75
1659717600,4667.5,4673.5,4667,4672.75
1659717900,4672.75,4679.25,4672.5,4679
1659718200,4679,4680.5,4677,4680
1659718500,4680,4681.25,4678.25,4680.5
1659718800,4680.25,4683.25,4677.75,4683
1659719100,4683.25,4686,4681.75,4683.5
1659719400,4683.5,4687.75,4683,4687.25
1659719700,4687.5,4689.5,4684.25,4684.25
1659720000,4684.25,4685.5,4681.75,4685.25
1659720300,4685.5,4688,4682.5,4682.75
1659720600,4682.75,4687.75,4682.75,4687.5
1659720900,4687.5,4690.25,4686.75,4688.75
1659721200,4689,4690.25,4686.5,4686.75
1659721500,4686.5,4688,4683.75,4684.5
1659721800,4684.5,4685.25,4682,4683
1659722100,4683.25,4683.75,4678.5,4680.75
1659722400,4680.75,4681.5,4678.25,4680.75
1659722700,4680.5,4681.75,4677.75,4678
1659723000,4678,4679.75,4676,4677.25
1659723300,4677,4681.5,4676.5,4680.75
1659723600,4680.5,4682.25,4679.25,4681.5
1659723900,4681.5,4681.75,4671.75,4671.75
1659724200,4671.75,4677.25,4669.75,4676.75
1659724500,4676.75,4677.25,4674.25,4675
1659724800,4675,4677,4672.75,4676.75
1659725100,4676.5,4678,4675,4675.5
1659725400,4675.5,4678,4673.25,4676.5
1659725700,4676.5,4676.75,4670.75,4675.75
1659726000,4675.5,4679,4675.25,4677.5
1659726300,4677.25,4678.25,4673.5,4677
1659726600,4677,4681,4677,4679.25
1659726900,4679,4681.75,4677.25,4678.5
1659727200,4678.5,4680,4675.25,4679
1659727500,4679,4681.5,4677,4680.75
1659727800,4680.5,4683.25,4679.5,4682.25
1659728100,4682.25,4683.75,4680.5,4680.75
1659728400,4680.75,4684.25,4680.5,4684.25
1659728700,4684,4690,4684,4688.25
1659729000,4688.5,4692.25,4686.25,4689
1659729300,4689,4693,4687.75,4690
1659729600,4690,4690.25,4685.5,4686
1659729900,4686.25,4686.5,4684.5,4684.75
1659730200,4685,4685.5,4684,4684.75
1659730500,4685,4686,4684.5,4686
1659730800,4686,4687.5,4686,4687
1659731100,4686.75,4687.5,4686.25,4687.25
1659731400,4687,4687.25,4686,4686.5
1659731700,4686.25,4687.25,4685.5,4686.25
1659732000,4686.25,4686.5,4684.25,4685
1659732300,4685,4686.5,4684.75,4685
1659732600,4685,4685.75,4685,4685.25
1659732900,4685.25,4686,4685,4685.75
1659909600,4693.75,4694.75,4680.25,4682.5
1659909900,4682.75,4684.25,4681.5,4683.75
1659910200,4684,4685,4683,4684.25
1659910500,4684.25,4684.75,4681,4682
1659910800,4682,4682,4679.75,4681.75
1659911100,4681.75,4681.75,4679.5,4681
1659911400,4681,4682.75,4677.5,4679
1659911700,4679,4679,4677.5,4678.75
1659912000,4678.25,4678.5,4674.75,4674.75
1659912300,4675,4677.25,4675,4676.5
1659912600,4676.5,4677,4676,4676.75
1659912900,4676.75,4678,4676.5,4677.75
1659913200,4677.75,4678.75,4677,4678.5
1659913500,4678.5,4679.5,4677.75,4678.5
1659913800,4678.25,4678.75,4677.25,4677.5
1659914100,4677.75,4678.75,4676.5,4677.75
1659914400,4677.5,4678.75,4677.25,4678.5
1659914700,4678.25,4678.75,4678,4678.25
1659915000,4678.25,4678.25,4676.25,4677.75
1659915300,4677.5,4678.5,4677,4677.5
1659915600,4677.25,4678.25,4677,4678
1659915900,4678,4679.5,4677.75,4678.25
1659916200,4678.25,4679.5,4677.5,4678.5
1659916500,4678.5,4678.75,4676.75,4677.25
1659916800,4677.25,4680.5,4676.5,4680
1659917100,4680,4680.25,4678.75,4679.75
1659917400,4679.75,4682,4679.75,4681.75
1659917700,4681.5,4684.5,4680.75,4683
1659918000,4683,4684,4682.25,4682.5
1659918300,4682.75,4683.25,4681.75,4681.75
1659918600,4681.75,4682.5,4680.5,4681.25
1659918900,4681,4681.5,4679,4679.25
1659919200,4679.25,4680.75,4679.25,4680.75
1659919500,4681,4681.5,4680.25,4680.75
1659919800,4681,4682.5,4680.25,4681.75
1659920100,4681.75,4682.25,4680,4681
1659920400,4680.75,4681,4679.5,4679.75
1659920700,4679.75,4680,4679.25,4679.75
1659921000,4679.75,4680.75,4679.5,4680.25
1659921300,4680.25,4681,4677.25,4678.25
1659921600,4678.25,4678.25,4676.25,4677.75
1659921900,4677.75,4679.5,4677.5,4679.5
1659922200,4679.5,4681,4678,4679
1659922500,4679.25,4679.75,4678,4678.5
1659922800,4678.5,4679.75,4678.5,4679.75
1659923100,4679.75,4681.25,4679,4680.75
1659923400,4680.5,4680.75,4679.25,4679.5
1659923700,4679.5,4681.25,4679.5,4681
1659924000,4681,4682,4680.5,4681
1659924300,4681,4681.25,4680.25,4680.25
1659924600,4680,4683,4680,4682.75
1659924900,4683,4686,4682.75,4683
1659925200,4683.25,4684.5,4682.75,4683.75
1659925500,4684,4685.5,4683.75,4684.5
1659925800,4684.5,4684.5,4683.5,4684.25
1659926100,4684.5,4686.5,4684.25,4685.75
1659926400,4686,4686,4684,4684.75
1659926700,4684.5,4685,4683.75,4683.75
1659927000,4684,4685.25,4683.75,4684.75
1659927300,4684.75,4685,4684.25,4685
1659927600,4685,4685,4683.5,4684.25
1659927900,4684.25,4684.75,4683.75,4684.25
1659928200,4684.25,4685.5,4684.25,4685
1659928500,4685,4686.5,4684.75,4686
1659928800,4686,4686.25,4685.5,4685.75
1659929100,4685.75,4686,4685.25,4685.5
1659929400,4685.5,4687.25,4685.25,4686.5
1659929700,4686.75,4687.25,4685.75,4685.75
1659930000,4686,4686.25,4685,4685.25
1659930300,4685.25,4685.75,4683.5,4683.5
1659930600,4683.5,4684,4683,4683.5
1659930900,4683.5,4683.75,4683.25,4683.5
1659931200,4683.5,4684.75,4683.25,4684.75
1659931500,4684.75,4685,4684.25,4684.25
1659931800,4684.25,4685.25,4684,4685.25
1659932100,4685.5,4686.5,4685,4685
1659932400,4685.25,4685.75,4684.25,4684.5
1659932700,4684.5,4684.75,4684.25,4684.75
1659933000,4684.75,4685.5,4684.5,4685.25
1659933300,4685.5,4685.5,4684.75,4685
1659933600,4685,4685,4684.5,4684.75
1659933900,4685,4685.25,4684.5,4684.75
1659934200,4685,4687,4684.75,4687
1659934500,4687,4688.25,4686.75,4687.5
1659934800,4687.5,4689,4687,4688.75
1659935100,4688.75,4689.25,4688.5,4689
1659935400,4689.25,4691.25,4689,4690.5
1659935700,4690.75,4692.25,4690.75,4691.5
1659936000,4691.5,4692.25,4691.25,4691.25
1659936300,4691.25,4691.5,4689.75,4690.25
1659936600,4690.25,4693.25,4689.5,4691.5
1659936900,4691.5,4691.5,4689.5,4690.25
1659937200,4690,4690,4689.25,4689.5
1659937500,4689.5,4691.5,4689.5,4691
1659937800,4691,4691.75,4690.5,4690.75
1659938100,4690.75,4692.5,4690.25,4692
1659938400,4692,4693.5,4691,4693.25
1659938700,4693,4693,4691.75,4692.5
1659939000,4692.5,4693.25,4691.75,4693
1659939300,4693,4694.5,4692.25,4694.5
1659939600,4694.25,4696.5,4694.25,4694.75
1659939900,4694.75,4696,4694.5,4695.75
1659940200,4695.75,4696,4694.25,4695.25
1659940500,4695.25,4695.75,4694.25,4695
1659940800,4695,4695.5,4694.75,4695
1659941100,4695,4696,4694.75,4695.25
1659941400,4695.25,4700.25,4695.25,4698.75
1659941700,4698.75,4700.25,4697.5,4699
1659942000,4699.25,4706.25,4698.5,4705.5
1659942300,4705.5,4708.75,4704.25,4705.5
1659942600,4705.5,4707.25,4704.25,4704.5
1659942900,4704.5,4704.5,4702.25,4704.25
1659943200,4704.25,4705.25,4703.25,4704.25
1659943500,4704.25,4704.5,4702.75,4703.75
1659943800,4704,4705.5,4702.5,4702.75
1659944100,4702.75,4703.25,4701,4701.75
1659944400,4701.75,4702.25,4700,4700.75
1659944700,4700.5,4703.25,4700.5,4702.25
1659945000,4702.5,4703.75,4701.75,4703.5
1659945300,4703.5,4703.75,4702.5,4703.25
1659945600,4703.25,4707,4702.5,4705.75
1659945900,4705.75,4705.75,4702.5,4702.5
1659946200,4702.75,4703.5,4699.75,4700.25
1659946500,4700,4700.5,4697.75,4698.5
1659946800,4698.5,4700.5,4698.5,4699
1659947100,4699,4702,4698.5,4700.75
1659947400,4701,4702.25,4701,4701.75
1659947700,4701.75,4702.5,4700.25,4700.75
1659948000,4701,4703.25,4701,4701.75
1659948300,4701.75,4703,4701.5,4702
1659948600,4701.75,4702.25,4699.25,4700
1659948900,4700,4700.75,4699.75,4700.5
1659949200,4700.5,4702.75,4700.25,4702.25
1659949500,4702.5,4704,4702.25,4702.75
1659949800,4702.75,4702.75,4698.25,4698.5
1659950100,4698.5,4699.75,4697.5,4699.75
1659950400,4699.75,4699.75,4697.25,4697.5
1659950700,4697.5,4699.25,4697.5,4699
1659951000,4699,4700,4698.75,4699.25
1659951300,4699.5,4700.5,4698.75,4699.75
1659951600,4700,4700.25,4699.25,4700
1659951900,4700,4701.25,4699.75,4699.75
1659952200,4699.75,4701.25,4699,4701
1659952500,4700.75,4700.75,4699,4700.75
1659952800,4700.75,4702.75,4700,4702.5
1659953100,4702.5,4704,4702.25,4703
1659953400,4703,4703.5,4701,4702.25
1659953700,4702.5,4703.75,4701.75,4703
1659954000,4702.75,4704,4702.75,4703.25
1659954300,4703.5,4703.5,4702.5,4702.5
1659954600,4702.5,4704,4702.5,4703.75
1659954900,4703.75,4705.75,4703.5,4705.5
1659955200,4705.5,4712.25,4705.25,4711.25
1659955500,4711,4712.75,4710,4711.5
1659955800,4711.75,4712.5,4710.75,4711.5
1659956100,4711.25,4713.5,4710.5,4713.25
1659956400,4713.25,4713.25,4710.5,4710.5
1659956700,4710.5,4710.75,4709.75,4710
1659957000,4710.25,4710.25,4709.25,4710
1659957300,4710,4710.5,4708.5,4708.75
1659957600,4709,4709.75,4708.5,4709.25
1659957900,4709.25,4709.75,4706.5,4706.5
1659958200,4706.5,4707.75,4706.5,4707.25
1659958500,4707.5,4708,4707.25,4707.5
1659958800,4707.75,4709,4707.25,4709
1659959100,4709,4711,4708.75,4710.75
1659959400,4711,4715,4710.75,4714.25
1659959700,4714.5,4716.25,4712.5,4714
1659960000,4714,4714.5,4712.5,4714
1659960300,4714.25,4716.5,4713.75,4715
1659960600,4715,4715.5,4713.25,4713.5
1659960900,4713.75,4714.5,4712.25,4712.75
1659961200,4713,4715,4712.25,4713.75
1659961500,4713.75,4717.75,4713.75,4716.25
1659961800,4716.25,4717.25,4714.75,4715.5
1659962100,4715.75,4716.25,4714.25,4715
1659962400,4715.25,4716,4714.75,4715.75
1659962700,4715.75,4716.75,4714.25,4716
1659963000,4716.25,4717.75,4716.25,4717.25
1659963300,4717.25,4721.5,4717.25,4721.25
1659963600,4721.5,4721.5,4705.75,4706
1659963900,4706,4708.25,4704,4707.5
1659964200,4707.75,4709,4704.5,4707
1659964500,4706.75,4710.5,4706,4709.75
1659964800,4710,4710.25,4707.75,4709.75
1659965100,4709.5,4710.25,4706.75,4708.5
1659965400,4708.25,4720.5,4704.5,4716.25
1659965700,4716.5,4721.25,4709.5,4718.25
1659966000,4718.5,4727.75,4716,4724.5
1659966300,4724.25,4726.25,4721,4725.5
1659966600,4725.5,4730.75,4722.5,4730
1659966900,4730,4731.75,4726,4727.5
1659967200,4727.5,4732,4726.25,4729
1659967500,4729,4729.5,4723.5,4727.75
1659967800,4727.75,4730,4722.5,4724.25
1659968100,4724.5,4725.75,4722,4723.5
1659968400,4723.75,4726.5,4722.75,4725.5
1659968700,4725.5,4726.25,4717.75,4723
1659969000,4723.25,4724.75,4721,4721.5
1659969300,4721.5,4727,4719.5,4725.75
1659969600,4725.75,4729,4724,4729
1659969900,4728.75,4729,4718.5,4719.5
1659970200,4719.5,4722.75,4719,4722
1659970500,4721.75,4723,4718.75,4720.75
1659970800,4721,4726.75,4720.75,4726.25
1659971100,4726.25,4726.75,4722.5,4723.25
1659971400,4723.25,4724,4719,4719.5
1659971700,4719.25,4719.5,4713,4714.75
1659972000,4714.75,4717.5,4713.75,4714.5
1659972300,4714.25,4715.25,4711,4712.25
1659972600,4712.5,4715.25,4710,4711
1659972900,4711.25,4713,4699.5,4701.25
1659973200,4701,4702.5,4690.75,4693.25
1659973500,4693.5,4697.5,4692.5,4695.75
1659973800,4695.75,4704.25,4695.5,4703.5
1659974100,4703.25,4705.75,4702.75,4704
1659974400,4704,4705.75,4702.5,4703.25
1659974700,4703,4704.25,4692.75,4694.5
1659975000,4694.5,4696.75,4688.25,4690
1659975300,4690,4691,4679.75,4682.75
1659975600,4682.75,4689.5,4682.25,4687.5
1659975900,4687.5,4690,4681.5,4683
1659976200,4683,4686.25,4681.75,4684.75
1659976500,4684.5,4685.75,4679,4683.25
1659976800,4683,4688.75,4682,4688.25
1659977100,4688.25,4690.5,4686.5,4689.75
1659977400,4689.75,4693,4689.25,4691.5
1659977700,4691.25,4691.75,4686.75,4688.75
1659978000,4688.75,4689,4685,4686.25
1659978300,4686.25,4692,4685.75,4690.5
1659978600,4690.25,4694.75,4688.75,4693.5
1659978900,4693.25,4697.5,4692.75,4696
1659979200,4696,4696.25,4688.5,4693.25
1659979500,4693.25,4694,4686.5,4686.75
1659979800,4686.75,4690.75,4686.25,4689
1659980100,4689,4689.75,4684.5,4686.5
1659980400,4686.25,4690.75,4685.5,4690.5
1659980700,4690.5,4691.75,4688,4689.25
1659981000,4689.25,4693.5,4687.75,4693
1659981300,4693,4695.25,4692.75,4694.5
1659981600,4694.5,4694.75,4683.75,4683.75
1659981900,4683.75,4689.25,4680.25,4688.75
1659982200,4689,4689.25,4683.75,4684.75
1659982500,4684.75,4685.75,4680.25,4684.25
1659982800,4684.5,4685,4681.75,4682.5
1659983100,4682.5,4685,4680.25,4683.5
1659983400,4683.5,4685.25,4680.5,4683.75
1659983700,4683.75,4683.75,4679,4680.5
1659984000,4680.5,4684,4679,4680.5
1659984300,4680.5,4682.25,4677,4679.5
1659984600,4679.5,4679.75,4673.25,4673.5
1659984900,4673.75,4682.25,4673.75,4680
1659985200,4680.25,4683.75,4679.5,4682.25
1659985500,4682.25,4683.75,4679.75,4682.25
1659985800,4682.25,4683.5,4679.25,4682.25
1659986100,4682,4682.5,4676,4680
1659986400,4679.75,4685.5,4678.5,4683.5
1659986700,4683.5,4686.5,4682.25,4683.25
1659987000,4683.25,4685.75,4679.75,4685.25
1659987300,4685,4687.75,4684,4686
1659987600,4685.75,4689,4685.5,4688.75
1659987900,4688.5,4689.25,4685.75,4686.5
1659988200,4686.5,4689.25,4683.75,4687.5
1659988500,4687.5,4688,4683.75,4685.5
1659988800,4685.5,4689.5,4684.5,4687
1659989100,4687,4689,4687,4688.75
1659989400,4688.75,4689.5,4688,4689
1659989700,4689,4689.25,4688.5,4688.5
1659990000,4688.75,4689.5,4688.5,4688.75
1659990300,4688.75,4689.25,4688.25,4688.5
1659990600,4688.75,4690,4688.5,4689.5
1659990900,4689.75,4690.25,4689.5,4689.75
1659991200,4690,4690.5,4689.75,4690.25
1659991500,4690.5,4690.75,4689.75,4690.25
1659991800,4690.25,4691.75,4690.25,4691.5
1659992100,4691.5,4695.5,4691.25,4694.75
1659996000,4692.5,4693.25,4691.25,4691.75
1659996300,4692,4692,4690.25,4690.75
1659996600,4690.75,4693,4690.75,4691.5
1659996900,4691.75,4691.75,4691.25,4691.25
1659997200,4691.5,4691.5,4690.25,4690.75
1659997500,4690.75,4691.5,4690.5,4690.75
1659997800,4690.75,4691.25,4690.5,4690.5
1659998100,4690.5,4691,4690.25,4690.5
1659998400,4690.5,4690.75,4689.75,4690
1659998700,4690.25,4691,4689.5,4690.5
1659999000,4690.25,4690.75,4690.25,4690.5
1659999300,4690.25,4690.5,4690,4690.5
1659999600,4690.25,4690.75,4688.5,4689
1659999900,4689.25,4693.25,4689.25,4693.25
1660000200,4693.25,4697.5,4693,4696.5
1660000500,4696.5,4697,4695.5,4696
1660000800,4695.75,4696.25,4695.25,4696.25
1660001100,4696.25,4697,4695.75,4696.75
1660001400,4696.75,4698,4696.5,4696.75
1660001700,4696.75,4699,4696.25,4698.5
1660002000,4698.5,4698.5,4697.25,4697.5
1660002300,4697.75,4698.75,4696,4697.25
1660002600,4697.25,4697.25,4696,4696
1660002900,4696,4697.25,4695.75,4696.75
1660003200,4696.5,4697.25,4695.75,4696.75
1660003500,4697,4697,4693.25,4694
1660003800,4694,4696.5,4693.75,4696
1660004100,4696.25,4698.5,4695.75,4698.5
1660004400,4698.25,4698.5,4696.25,4696.25
1660004700,4696.25,4697.5,4695.25,4697
1660005000,4697,4697.5,4695.5,4696
1660005300,4696,4696.75,4694.75,4695
1660005600,4694.75,4695.5,4694.25,4694.25
1660005900,4694.5,4694.5,4691.75,4691.75
1660006200,4692.25,4693.5,4692,4692.75
1660006500,4692.5,4693,4691,4691
1660006800,4691.25,4691.5,4689.5,4690.75
1660007100,4690.75,4691.25,4687.5,4689.25
1660007400,4689,4689.75,4688.75,4689.5
1660007700,4689.75,4689.75,4688.5,4688.5
1660008000,4688.5,4688.5,4685.5,4687
1660008300,4687,4688.5,4686.25,4688.25
1660008600,4688,4688.75,4687,4688.25
1660008900,4688,4688.25,4686,4686.5
1660009200,4686.5,4686.75,4684.25,4685
1660009500,4685,4685.25,4684,4685
1660009800,4684.75,4687,4684.5,4686.25
1660010100,4686.25,4686.25,4684.75,4685
1660010400,4685,4688.25,4685,4687.5
1660010700,4687.5,4689.5,4687.5,4688.75
1660011000,4688.75,4689.25,4687.75,4688.5
1660011300,4688.5,4688.75,4687.75,4688.25
1660011600,4688.5,4690,4688.25,4690
1660011900,4689.75,4691,4689.75,4690.25
1660012200,4690.25,4690.25,4689.25,4689.75
1660012500,4689.75,4690.25,4689,4689.25
1660012800,4689.25,4690.75,4689,4690.25
1660013100,4690.5,4690.75,4689.75,4690
1660013400,4690,4690.5,4689.5,4689.75
1660013700,4689.5,4691,4689.5,4690.5
1660014000,4690.75,4691.5,4690.25,4691.25
1660014300,4691.25,4691.5,4690.5,4690.75
1660014600,4690.75,4694.25,4690.5,4693.5
1660014900,4693.75,4694.75,4693.75,4694.25
1660015200,4694.25,4696,4694,4695.5
1660015500,4695.5,4695.75,4694,4694.25
1660015800,4694.25,4696.25,4694,4696.25
1660016100,4696,4698,4695.5,4696.75
1660016400,4696.75,4697.5,4696.25,4697.5
1660016700,4697.75,4698,4696.5,4697
1660017000,4697,4697.5,4696.5,4697
1660017300,4696.75,4697.5,4696,4697.25
1660017600,4697.5,4698,4696,4696.25
1660017900,4696,4696.5,4695.75,4696
1660018200,4696,4696.5,4695.5,4695.5
1660018500,4695.25,4695.25,4694.75,4695
1660018800,4695.25,4695.25,4694.25,4694.25
1660019100,4694.25,4694.75,4694,4694.25
1660019400,4694.5,4695,4694.25,4694.25
1660019700,4694.25,4695.25,4694.25,4694.5
1660020000,4694.5,4695.25,4694.5,4694.75
1660020300,4694.75,4694.75,4694.25,4694.75
1660020600,4695,4695.75,4694.75,4695.5
1660020900,4695.5,4695.5,4695,4695.5
1660021200,4695.5,4695.75,4692.75,4692.75
1660021500,4693,4694.5,4692.5,4694.5
1660021800,4694,4695.25,4693.5,4694.25
1660022100,4694,4694.75,4693.5,4694.25
1660022400,4694.25,4694.75,4693.75,4694.5
1660022700,4694.5,4695.25,4694.25,4694.75
1660023000,4694.5,4696.5,4694.25,4695.5
1660023300,4695.25,4695.5,4694,4694.25
1660023600,4694.25,4695.25,4694,4695
1660023900,4695.25,4696,4694.75,4695.25
1660024200,4695.25,4695.5,4694.5,4694.75
1660024500,4694.5,4695,4693.25,4693.75
1660024800,4693.75,4694,4691.25,4691.75
1660025100,4691.75,4692,4690,4690.5
1660025400,4690.75,4692.5,4690.75,4692
1660025700,4692,4692.75,4691.25,4692
1660026000,4692.25,4692.5,4690,4690
1660026300,4690.25,4691,4689.5,4690
1660026600,4690,4691.5,4688.5,4688.5
1660026900,4688.5,4689.75,4688.25,4689.25
1660027200,4689,4689.75,4688.75,4689.25
1660027500,4689.25,4689.5,4688,4689
1660027800,4689.25,4691.25,4688.75,4690.75
1660028100,4690.75,4692.25,4690.75,4691.75
1660028400,4691.75,4694.25,4691.25,4692.25
1660028700,4692.5,4696.5,4692,4694.5
1660029000,4694.5,4695.5,4692.75,4693.5
1660029300,4693.5,4693.5,4689,4689.25
1660029600,4689.5,4689.75,4684.5,4686.25
1660029900,4686,4687.75,4685.5,4687.75
1660030200,4687.75,4691,4687.75,4690.75
1660030500,4690.5,4691,4687.5,4689.25
1660030800,4689.5,4689.5,4686.75,4687
1660031100,4687,4688.75,4687,4687.5
1660031400,4687.5,4688.5,4686.25,4687.25
1660031700,4687.25,4691.5,4687.25,4690.25
1660032000,4690.25,4691.5,4689.5,4690.5
1660032300,4690.5,4690.5,4685.5,4685.75
1660032600,4685.75,4688.5,4685.5,4688.25
1660032900,4688.25,4689.5,4687,4689
1660033200,4689,4692.25,4689,4691.75
1660033500,4692,4692.5,4690.25,4692.5
1660033800,4692.5,4693.25,4690.5,4692.75
1660034100,4692.5,4693.75,4691.25,4693
1660034400,4693,4693.5,4691.5,4691.75
1660034700,4691.75,4692.5,4690.5,4690.75
1660035000,4690.75,4691.75,4689.75,4691
1660035300,4690.75,4692.5,4690.75,4692
1660035600,4692.25,4694.25,4691.25,4693.75
1660035900,4693.75,4694.25,4693,4693.75
1660036200,4693.75,4694,4692.75,4693.5
1660036500,4693.5,4694.25,4693,4693.5
1660036800,4693.5,4693.5,4691.5,4691.75
1660037100,4691.75,4692,4689.75,4690
1660037400,4690,4690.5,4689,4690.5
1660037700,4690.25,4690.75,4689.25,4689.5
1660038000,4689.5,4690.75,4689,4690.5
1660038300,4690.5,4692,4689,4691.75
1660038600,4691.5,4691.75,4689.5,4689.75
1660038900,4689.5,4689.75,4687,4687.75
1660039200,4687.5,4689,4687.25,4688.75
1660039500,4688.25,4688.5,4686.25,4686.25
1660039800,4686.25,4686.25,4680.75,4681.25
1660040100,4681,4681.75,4679,4681.5
1660040400,4681.5,4681.5,4677.25,4679.25
1660040700,4679.5,4680,4677.25,4678
1660041000,4678.25,4678.75,4676.75,4677.75
1660041300,4677.5,4679.25,4675.5,4679.25
1660041600,4679.25,4679.75,4676.75,4677.25
1660041900,4677,4678.25,4675,4676.75
1660042200,4676.5,4677.25,4675,4676.5
1660042500,4676.5,4678.75,4675.25,4678.75
1660042800,4678.75,4681.75,4678.5,4681.25
1660043100,4681,4681.25,4679.25,4679.25
1660043400,4679.25,4681.5,4679.25,4680.5
1660043700,4680.25,4681.5,4679.25,4680
1660044000,4680,4681.25,4678.25,4679
1660044300,4679,4679,4675,4676.25
1660044600,4676.25,4678.75,4674.25,4678.75
1660044900,4678.75,4679.25,4676,4677
1660045200,4677,4677.25,4669,4669.5
1660045500,4669.75,4671.5,4669.5,4671
1660045800,4670.75,4672.75,4670,4672
1660046100,4672,4672.75,4670.75,4670.75
1660046400,4670.5,4673.25,4670.25,4672.75
1660046700,4672.75,4673,4669.25,4669.75
1660047000,4669.5,4670.75,4667.5,4670.25
1660047300,4670.5,4672.75,4670.5,4672.25
1660047600,4672.5,4677.25,4672.5,4676.25
1660047900,4676,4676.75,4674.75,4675.25
1660048200,4675.25,4678.25,4672.75,4677.25
1660048500,4677.25,4678,4676,4677.25
1660048800,4677.25,4678.25,4675.75,4676.75
1660049100,4676.5,4678,4675.75,4676.25
1660049400,4676.25,4677.25,4674.5,4677
1660049700,4676.75,4677.5,4675.75,4675.75
1660050000,4675.75,4677.25,4674,4676.5
1660050300,4676.5,4677.5,4674.5,4676.5
1660050600,4676.5,4677.25,4674.25,4675
1660050900,4674.75,4675,4671.75,4673
1660051200,4673.25,4677,4672.75,4676.75
1660051500,4676.75,4678,4674.25,4677.5
1660051800,4677.5,4682.75,4669.75,4674
1660052100,4674.25,4680.25,4672,4675.5
1660052400,4675.5,4681.5,4674.25,4679.5
1660052700,4679.5,4682.25,4673.25,4674.75
1660053000,4674.75,4678,4665.75,4667.5
1660053300,4667.5,4669.25,4664.25,4666.25
1660053600,4666.5,4668,4663,4666
1660053900,4665.75,4667,4663.25,4663.25
1660054200,4663.25,4669.75,4662.25,4667.5
1660054500,4667.5,4671.75,4666.5,4670
1660054800,4670,4672.75,4664,4664.75
1660055100,4664.5,4672.25,4664.5,4672.25
1660055400,4672.25,4676,4669.25,4674.75
1660055700,4674.5,4675,4670.75,4672.75
1660056000,4673,4674.75,4670.25,4672.75
1660056300,4672.5,4674.5,4668.25,4673.75
1660056600,4674,4676.5,4670.25,4670.25
1660056900,4670.25,4671,4666.5,4668.25
1660057200,4668.25,4668.75,4658.75,4659
1660057500,4658.75,4665,4658.25,4662.5
1660057800,4662.5,4672,4661.5,4672
1660058100,4672.25,4678,4670.25,4675.25
1660058400,4675.5,4677.5,4674,4674.75
1660058700,4674.75,4678.5,4673.25,4674.25
1660059000,4674.5,4675.5,4670.5,4671.5
1660059300,4671.5,4674.25,4670.25,4671.25
1660059600,4671.25,4675,4670.75,4671
1660059900,4671,4674.25,4670.5,4671.75
1660060200,4671.75,4673.75,4667,4672.75
1660060500,4672.5,4673,4668,4668.25
1660060800,4668.25,4670,4665,4669
1660061100,4669,4670.75,4667.75,4668
1660061400,4668,4669,4665.5,4665.75
1660061700,4666,4667.75,4664.75,4665
1660062000,4665.25,4667,4661.75,4663
1660062300,4663,4666,4659.75,4660.75
1660062600,4660.75,4663,4660,4661.75
1660062900,4661.5,4664.25,4660,4664
1660063200,4663.75,4663.75,4660.75,4662.25
1660063500,4662.25,4663,4659.5,4662.25
1660063800,4662.25,4662.5,4659.5,4661.25
1660064100,4661.5,4664.25,4660.5,4663.75
1660064400,4664,4666.25,4664,4665.25
1660064700,4665.25,4666.75,4660.5,4662.75
1660065000,4662.75,4665.75,4660.75,4664.75
1660065300,4664.75,4668.25,4663.5,4666
1660065600,4666.25,4668,4665.5,4667
1660065900,4667,4667.75,4664.75,4667
1660066200,4667,4667.25,4664,4665
1660066500,4664.75,4665.25,4661.75,4662.25
1660066800,4662,4663.25,4658,4661.25
1660067100,4661,4663.5,4658.75,4663
1660067400,4663.25,4664.5,4661.5,4663.25
1660067700,4663.25,4670,4663,4668
1660068000,4668,4670.75,4667.5,4668.75
1660068300,4668.75,4670.5,4667.75,4668.75
1660068600,4668.75,4669,4666.75,4667.5
1660068900,4667.5,4667.75,4660,4660.75
1660069200,4661,4662.25,4658,4658.75
1660069500,4658.75,4660.25,4657.25,4658
1660069800,4658,4660.5,4657,4659
1660070100,4659,4661.25,4657.75,4660.75
1660070400,4660.75,4661.5,4659.25,4660
1660070700,4660.25,4664.5,4660,4663.75
1660071000,4663.75,4669.25,4663.5,4666.75
1660071300,4666.75,4669.25,4665.25,4665.25
1660071600,4665.25,4667.75,4664,4664.25
1660071900,4664.5,4666.25,4663,4665.5
1660072200,4665.75,4666,4662.75,4663.5
1660072500,4663.75,4667.75,4663.25,4667.25
1660072800,4667.5,4671.75,4666.5,4671.25
1660073100,4671.25,4672.75,4669.5,4670.25
1660073400,4670,4671.75,4668.75,4669.5
1660073700,4669.75,4670.75,4667.75,4669
1660074000,4669,4671,4664.75,4665
1660074300,4665,4667.25,4663,4666.75
1660074600,4666.75,4671,4665.5,4667
1660074900,4667,4669.5,4664,4669
1660075200,4668.75,4673,4668.5,4672
1660075500,4672,4673,4670.75,4671.5
1660075800,4671.5,4672.75,4671.25,4671.75
1660076100,4672,4672,4669.75,4670.5
1660076400,4670.75,4672,4670.5,4671.75
1660076700,4671.75,4672,4671,4671.75
1660077000,4671.75,4672,4671.25,4671.25
1660077300,4671.5,4672.25,4671.25,4672
1660077600,4672.25,4672.5,4671.75,4672.25
1660077900,4672.25,4673,4671.25,4672.5
1660078200,4672.5,4672.75,4671.75,4672.75
1660078500,4672.5,4673.75,4672.5,4673.25
1660082400,4672.75,4673,4670.5,4671.5
1660082700,4671.75,4672.25,4671,4671.25
1660083000,4671.5,4672,4670.25,4671.5
1660083300,4671.75,4673,4671.5,4672.75
1660083600,4672.75,4673.5,4672.5,4672.75
1660083900,4672.5,4673.25,4672,4673
1660084200,4673,4673,4670.75,4671.75
1660084500,4671.75,4671.75,4670.5,4670.75
1660084800,4670.75,4671.25,4670.75,4671
1660085100,4671,4671.5,4671,4671.5
1660085400,4671.5,4672,4671.25,4672
1660085700,4672,4672,4671,4671.25
1660086000,4671.25,4672.75,4670.25,4672.75
1660086300,4673,4673,4672.25,4672.5
1660086600,4672.5,4673.25,4672.5,4673.25
1660086900,4673,4673.25,4672.25,4672.25
1660087200,4672.5,4673.75,4671,4671
1660087500,4671.25,4672.25,4671.25,4671.75
1660087800,4671.5,4671.75,4671,4671.5
1660088100,4671.5,4671.75,4671,4671.5
1660088400,4671.5,4671.5,4670.75,4670.75
1660088700,4671,4672.25,4671,4672
1660089000,4671.75,4673,4671.75,4672.75
1660089300,4672.75,4673.5,4671.75,4673
1660089600,4673,4674.25,4668.5,4669
1660089900,4669,4669,4664.75,4666.5
1660090200,4666.5,4667.25,4665.5,4665.5
1660090500,4665.75,4667.25,4665,4666.5
1660090800,4666.25,4667.25,4665.5,4666.5
1660091100,4666.5,4666.75,4665,4665.25
1660091400,4665.25,4666.5,4665.25,4666
1660091700,4665.75,4666.25,4665,4666
1660092000,4666,4667,4665,4665.25
1660092300,4665.25,4665.5,4664.5,4665.25
1660092600,4665,4666,4664.5,4665
1660092900,4665,4666,4664.5,4664.5
1660093200,4664.5,4668.75,4664.5,4668.5
1660093500,4668.5,4669.75,4668,4669.25
1660093800,4669.25,4670.75,4669.25,4669.75
1660094100,4669.75,4671.75,4669.25,4671.25
1660094400,4671.25,4672,4670.25,4671.5
1660094700,4671.5,4672,4670.5,4670.75
1660095000,4670.75,4671.25,4670,4671
1660095300,4670.75,4672,4670.5,4672
1660095600,4672,4672,4670,4671.25
1660095900,4671.25,4671.75,4670.5,4671.5
1660096200,4671.5,4671.5,4669.5,4669.5
1660096500,4669.75,4670.25,4668.75,4668.75
1660096800,4669,4669.25,4668.5,4668.75
1660097100,4668.75,4670,4668.25,4669.75
1660097400,4669.75,4669.75,4668,4668
1660097700,4668,4668.25,4667.25,4667.5
1660098000,4667.5,4668.25,4666,4666.5
1660098300,4666.5,4668,4665.25,4667.75
1660098600,4667.75,4668,4664.25,4664.5
1660098900,4664.5,4666.25,4664.25,4666.25
1660099200,4666,4666.5,4664.5,4664.5
1660099500,4664.75,4665.75,4663.75,4665.25
1660099800,4665.5,4668,4665.25,4667.75
1660100100,4667.75,4668,4667,4667
1660100400,4667.25,4668.5,4667,4668
1660100700,4668,4668,4667.25,4667.5
1660101000,4667.5,4667.75,4667,4667.75
1660101300,4667.75,4667.75,4667,4667.25
1660101600,4667.25,4667.5,4665.75,4666.25
1660101900,4666.25,4666.5,4665.75,4666.25
1660102200,4666.25,4667.25,4666.25,4666.5
1660102500,4666.5,4667.25,4666.5,4667.25
1660102800,4667,4667.75,4666.5,4667.5
1660103100,4667.75,4668.25,4667.25,4667.5
1660103400,4667.75,4667.75,4667,4667.25
1660103700,4667,4667,4665.25,4665.75
1660104000,4665.75,4668,4665.75,4668
1660104300,4668,4668,4667,4667.25
1660104600,4667,4668,4667,4667.75
1660104900,4667.5,4667.5,4667,4667.25
1660105200,4667.25,4667.75,4666.75,4666.75
1660105500,4666.75,4667,4666.5,4666.75
1660105800,4666.75,4667.25,4666.75,4667.25
1660106100,4667.25,4667.75,4667.25,4667.5
1660106400,4667.75,4668,4667.5,4668
1660106700,4668,4668.5,4667.75,4667.75
1660107000,4667.75,4668,4667.25,4667.5
1660107300,4667.5,4667.5,4667,4667.5
1660107600,4667.5,4667.75,4666.25,4666.5
1660107900,4666.5,4667,4666.25,4666.75
1660108200,4666.5,4666.75,4666.25,4666.5
1660108500,4666.5,4666.75,4665,4665.5
1660108800,4665.5,4665.75,4665.25,4665.25
1660109100,4665.25,4665.75,4665,4665.25
1660109400,4665.5,4666.25,4665.25,4666
1660109700,4666.25,4666.25,4664.5,4664.5
1660110000,4664.75,4665,4664.25,4664.5
1660110300,4664.5,4664.5,4663,4664
1660110600,4663.75,4663.75,4662.5,4662.75
1660110900,4662.75,4663.25,4662.5,4662.75
1660111200,4662.5,4662.75,4659.75,4659.75
1660111500,4659.75,4661.75,4659.75,4660.5
1660111800,4660.5,4662.25,4659.75,4661.25
1660112100,4661.5,4662.25,4660.5,4662.25
1660112400,4662.25,4663,4661,4661
1660112700,4661,4661.25,4659.25,4659.5
1660113000,4659.5,4661.5,4659.5,4660
1660113300,4659.75,4663.25,4659.75,4662.5
1660113600,4662.5,4664,4662.5,4663.5
1660113900,4663.75,4664.5,4663.25,4664
1660114200,4664,4664.5,4663.25,4664.25
1660114500,4664.25,4665,4663.75,4664
1660114800,4663.75,4664.5,4661.25,4662.5
1660115100,4662.75,4664.75,4657.75,4660
1660115400,4660.25,4665.25,4659.25,4664.25
1660115700,4664.5,4666.25,4664.25,4665.25
1660116000,4665.5,4667.5,4665.5,4666
1660116300,4666,4669,4665,4668
1660116600,4668,4671,4668,4669.25
1660116900,4669.5,4670.75,4668.25,4668.5
1660117200,4668.5,4669.25,4667.75,4668.25
1660117500,4668.25,4671.25,4667.75,4671.25
1660117800,4671.25,4673.5,4670.75,4672
1660118100,4672.25,4672.75,4669.75,4670.25
1660118400,4670.25,4672.25,4669.25,4671.25
1660118700,4671.5,4672.75,4670.5,4671.75
1660119000,4671.75,4673.25,4671.75,4672.5
1660119300,4672.75,4673,4671,4671
1660119600,4671.25,4675.25,4670.75,4674.75
1660119900,4674.5,4677.25,4673.5,4677
1660120200,4677,4680.5,4676.25,4679.5
1660120500,4679.5,4680.75,4678,4678.5
1660120800,4678.25,4684.25,4678.25,4682.25
1660121100,4682,4683.25,4681.5,4682.75
1660121400,4682.75,4683,4681.5,4682.25
1660121700,4682.25,4682.75,4680.75,4681.5
1660122000,4681.75,4683.5,4680,4683
1660122300,4683,4683.5,4679.75,4680.25
1660122600,4680.25,4681.25,4680,4680.75
1660122900,4680.75,4681,4680,4680.5
1660123200,4680.5,4680.5,4679,4679
1660123500,4679,4679.75,4678.25,4679
1660123800,4679,4679.5,4678.25,4678.75
1660124100,4678.75,4679.25,4678,4678
1660124400,4678.25,4679.25,4677.75,4678.5
1660124700,4678.5,4678.75,4677.75,4678
1660125000,4677.75,4678,4676.5,4677.5
1660125300,4677.5,4679.25,4677.5,4679
1660125600,4679.25,4679.5,4677.25,4677.25
1660125900,4677.5,4677.75,4676.5,4677
1660126200,4677.25,4678,4676.5,4678
1660126500,4678,4680.25,4678,4678.5
1660126800,4678.5,4678.5,4677.25,4678.25
1660127100,4678.25,4679.5,4678.25,4678.5
1660127400,4678.75,4678.75,4677,4677.5
1660127700,4677.75,4678,4677,4677.25
1660128000,4677.25,4677.75,4675.75,4675.75
1660128300,4676,4676.25,4674.75,4674.75
1660128600,4675,4676.25,4675,4676
1660128900,4676,4678,4676,4677.5
1660129200,4677.25,4678.75,4676,4678.5
1660129500,4678.5,4680,4678.5,4679.25
1660129800,4679.25,4680.25,4678,4678.25
1660130100,4678.5,4678.5,4677.25,4678.25
1660130400,4678,4680,4677.5,4679.25
1660130700,4679.25,4680,4677.5,4678.25
1660131000,4678.25,4680.5,4678,4680
1660131300,4680,4680.25,4678.75,4679.25
1660131600,4679.25,4680.25,4678.5,4679.5
1660131900,4680,4680,4678.5,4679.5
1660132200,4679.5,4680.75,4679.25,4679.25
1660132500,4679.25,4682,4679.25,4681.75
1660132800,4681.75,4682.5,4680.5,4682
1660133100,4682,4686.5,4682,4683.5
1660133400,4683.5,4685,4683.5,4684.5
1660133700,4684.75,4685,4682.5,4684
1660134000,4683.75,4684.75,4681,4681
1660134300,4681,4691,4680.25,4682.5
1660134600,4682.5,4743.75,4682.5,4734.75
1660134900,4734.75,4739,4732.75,4738.5
1660135200,4738.75,4745.5,4737.5,4739.5
1660135500,4739.5,4745.5,4737.75,4742.25
1660135800,4742,4742.75,4738.5,4739.25
1660136100,4739.25,4740.75,4734.75,4736
1660136400,4736,4739.5,4734.5,4738
1660136700,4737.75,4739,4736.25,4738
1660137000,4738,4738,4732.75,4733.25
1660137300,4733.25,4739,4733.25,4738
1660137600,4738,4739.25,4735.5,4737
1660137900,4737,4744,4736,4743
1660138200,4743,4743.25,4732.5,4733.25
1660138500,4733.25,4735.75,4727.5,4728
1660138800,4728.25,4739,4727.25,4738
1660139100,4738,4743.75,4737.25,4743.75
1660139400,4743.75,4744,4734.25,4735
1660139700,4735,4739,4731.5,4737.5
1660140000,4737.5,4742,4734.25,4740
1660140300,4739.75,4741.75,4736.75,4739
1660140600,4739.25,4741.5,4731.25,4733.25
1660140900,4733.5,4734.75,4727.5,4728.25
1660141200,4728,4730.75,4722.5,4728.75
1660141500,4729,4733,4728.5,4732.25
1660141800,4732.25,4737.5,4730.75,4737.25
1660142100,4737.25,4739.25,4736,4737.25
1660142400,4737.25,4742.5,4736.75,4741.25
1660142700,4741.25,4743.5,4739.5,4740.5
1660143000,4740.5,4743.5,4740.25,4741.25
1660143300,4741.25,4744,4741,4743.25
1660143600,4743.5,4753.5,4743.25,4753.25
1660143900,4753.5,4756,4750.75,4752.75
1660144200,4752.75,4753,4745.5,4748.25
1660144500,4748.5,4749.5,4744.5,4746.75
1660144800,4746.75,4750.5,4746.25,4750
1660145100,4749.75,4750.75,4747.75,4748.75
1660145400,4748.75,4752,4748.5,4749.25
1660145700,4749,4749.5,4744.5,4746.25
1660146000,4746.25,4749.5,4745.75,4748.5
1660146300,4748.5,4750.75,4746.25,4749.75
1660146600,4749.75,4751.5,4746.75,4751
1660146900,4751.25,4752.25,4750,4751.5
1660147200,4751.75,4753.75,4750.25,4751
1660147500,4751.25,4751.25,4746.5,4748.25
1660147800,4748.5,4749.25,4747,4747.25
1660148100,4747.25,4748.25,4740.5,4741.75
1660148400,4741.5,4742.5,4738.75,4741.5
1660148700,4741.75,4744,4739.5,4743.75
1660149000,4743.75,4745.25,4742.25,4744.5
1660149300,4744.75,4746.25,4744,4745.25
1660149600,4745.25,4746.5,4743.25,4745.25
1660149900,4745.5,4746,4742.5,4743.75
1660150200,4743.75,4746.25,4742.25,4745.75
1660150500,4745.75,4746.5,4744,4746.25
1660150800,4746.25,4746.5,4742.25,4743.5
1660151100,4743.75,4747,4743,4746.5
1660151400,4746.5,4749,4746.25,4748.25
1660151700,4748.5,4750.25,4747.5,4749.25
1660152000,4749.25,4750.5,4747,4750.25
1660152300,4750.25,4750.5,4745.5,4745.75
1660152600,4745.75,4747.75,4742.75,4745.75
1660152900,4745.75,4748.25,4745,4748.25
1660153200,4748.25,4749.75,4747,4749.5
1660153500,4749.75,4753,4748.75,4753
1660153800,4753,4753.75,4751.25,4752.75
1660154100,4752.75,4753.25,4748.25,4749.75
1660154400,4750,4751.75,4748.25,4751.75
1660154700,4751.75,4752,4748.25,4749.5
1660155000,4749.5,4750.5,4746.75,4747
1660155300,4747,4748.25,4746.25,4746.75
1660155600,4747,4748.75,4746,4747
1660155900,4747,4748.25,4746.25,4747
1660156200,4747,4747.5,4743.75,4747
1660156500,4747,4749,4746,4747
1660156800,4747,4748.75,4746.5,4747.5
1660157100,4747.75,4748,4743,4743
1660157400,4743,4745,4741.75,4742.75
1660157700,4743,4743.75,4740,4740.5
1660158000,4740.5,4743.75,4739,4743.75
1660158300,4743.75,4744.25,4740,4741.25
1660158600,4741,4745,4741,4744
1660158900,4744.25,4746,4742.25,4745.75
1660159200,4745.75,4748.5,4744.75,4748
1660159500,4748,4749.75,4746.75,4748.75
1660159800,4748.75,4749.5,4747,4749.25
1660160100,4749.25,4754,4748.5,4753.25
1660160400,4753.25,4757,4751.75,4756.5
1660160700,4756.5,4757,4752.5,4753.75
1660161000,4754,4756,4751,4754.5
1660161300,4754.25,4756,4751,4754.5
1660161600,4754.5,4755,4752,4752.5
1660161900,4752.25,4753.25,4752,4752.75
1660162200,4752.75,4753.5,4751.5,4751.75
1660162500,4752,4754.5,4751.75,4754
1660162800,4754,4754.75,4754,4754.75
1660163100,4754.5,4755.25,4754.25,4755.25
1660163400,4755.5,4757.5,4755,4756.75
1660163700,4756.5,4756.75,4756.5,4756.5
1660164000,4756.5,4757,4755.75,4756.25
1660164300,4756.25,4756.5,4755.75,4755.75
1660164600,4755.75,4756,4755.5,4755.5
1660164900,4755.5,4755.75,4754.5,4755
1660168800,4754.75,4755,4752.25,4753.25
1660169100,4753,4753.5,4751.75,4752.25
1660169400,4752.25,4752.5,4751,4752
1660169700,4752,4752.25,4751.5,4751.75
1660170000,4751.5,4753,4751.25,4752.75
1660170300,4752.75,4752.75,4751.75,4751.75
1660170600,4751.75,4752,4751.25,4751.5
1660170900,4751.5,4752,4750.75,4751.25
1660171200,4751.25,4752.5,4750.75,4751.75
1660171500,4751.75,4752,4751,4751.25
1660171800,4751.25,4751.5,4751,4751.5
1660172100,4751.5,4752,4751.25,4752
1660172400,4751.75,4754,4751.5,4753.75
1660172700,4753.75,4754.25,4753.25,4754
1660173000,4754,4754.5,4753.25,4754
1660173300,4754.25,4754.25,4753.25,4753.75
1660173600,4753.75,4754,4752.75,4753.5
1660173900,4753.5,4754.5,4753.5,4754.25
1660174200,4754,4754.75,4753.75,4754.25
1660174500,4754,4754,4753.25,4754
1660174800,4754,4755,4753.75,4754.75
1660175100,4754.5,4756.25,4754.25,4755
1660175400,4755.25,4757,4755,4756.75
1660175700,4756.5,4758.25,4755.75,4756.5
1660176000,4756.5,4757.5,4756.25,4757.25
1660176300,4757.25,4758,4756.25,4757.25
1660176600,4757.25,4759.75,4757,4758.25
1660176900,4758.75,4764.5,4758.5,4763.25
1660177200,4763.5,4764.25,4762,4763.5
1660177500,4763.5,4764.75,4763,4763.75
1660177800,4763.5,4764.5,4762,4762.5
1660178100,4762.5,4762.5,4761.5,4761.5
1660178400,4761.5,4763.5,4761,4763.25
1660178700,4763.25,4763.5,4763,4763.5
1660179000,4763,4764.5,4760.75,4764.25
1660179300,4764.5,4767.25,4764.25,4765.75
1660179600,4765.75,4766,4764.5,4765
1660179900,4765.25,4766.75,4764.75,4766.5
1660180200,4766.75,4768.75,4766.5,4768
1660180500,4768.25,4768.25,4766.25,4766.5
1660180800,4766.25,4767.75,4766,4767.5
1660181100,4767.5,4768,4767.25,4767.75
1660181400,4767.5,4767.75,4763,4764.25
1660181700,4764.5,4765.5,4763.75,4765
1660182000,4765.25,4766,4764,4764.5
1660182300,4764.5,4765,4764,4764
1660182600,4764.5,4764.75,4763.5,4764
1660182900,4764,4764.25,4763.25,4764.25
1660183200,4764.25,4764.5,4763.25,4763.5
1660183500,4763.5,4763.75,4762.75,4763.25
1660183800,4763,4764,4763,4763.25
1660184100,4763.5,4763.75,4763.25,4763.5
1660184400,4763.75,4765,4763.5,4765
1660184700,4765,4766.75,4765,4766
1660185000,4766,4766.75,4765.5,4766.25
1660185300,4766,4766.25,4765.25,4765.5
1660185600,4765.5,4765.5,4762.5,4763
1660185900,4763,4763.25,4762.75,4762.75
1660186200,4762.75,4763,4762,4763
1660186500,4763,4763.25,4762.5,4763.25
1660186800,4763.25,4764,4763.25,4763.75
1660187100,4763.25,4764.5,4763.25,4764
1660187400,4764,4765.75,4763.5,4765.75
1660187700,4766,4767,4765.25,4765.25
1660188000,4765.25,4765.75,4765,4765.5
1660188300,4765.75,4766.5,4765.25,4766.5
1660188600,4766.5,4766.5,4765.75,4766.5
1660188900,4766.5,4767.5,4766,4766.5
1660189200,4766.75,4767,4766.25,4767
1660189500,4767,4767.25,4765.75,4766.75
1660189800,4766.75,4767.75,4766.5,4767.5
1660190100,4767.5,4767.75,4765.5,4766.25
1660190400,4766.25,4766.75,4765.75,4766.25
1660190700,4766,4767.25,4765.75,4766.25
1660191000,4766.5,4766.5,4765.5,4765.75
1660191300,4765.75,4766,4765.5,4765.75
1660191600,4765.5,4765.75,4765.25,4765.5
1660191900,4765.25,4765.75,4764.75,4765.5
1660192200,4765.75,4766.75,4765.5,4766.25
1660192500,4766.25,4766.5,4765.25,4765.25
1660192800,4765.25,4765.25,4764.25,4764.25
1660193100,4764.25,4764.75,4763.5,4763.75
1660193400,4763.75,4764.25,4763.25,4764.25
1660193700,4764.25,4764.25,4763.25,4763.5
1660194000,4763.25,4764,4762.75,4763.75
1660194300,4763.75,4765,4763.75,4764
1660194600,4764.25,4764.5,4763,4763.25
1660194900,4763.25,4763.75,4763,4763.5
1660195200,4763.5,4764.5,4763,4764.5
1660195500,4764.5,4765,4763.25,4764.5
1660195800,4764.5,4765.25,4764.5,4765
1660196100,4765,4765.75,4764.5,4765.75
1660196400,4765.75,4766,4765,4765.5
1660196700,4765.75,4766.5,4765.25,4765.75
1660197000,4765.75,4766,4764,4764
1660197300,4764,4765.5,4763.75,4765.5
1660197600,4765.5,4766.75,4761.75,4762.5
1660197900,4762.5,4763.75,4761.25,4763.5
1660198200,4763.5,4764.5,4763.25,4763.75
1660198500,4763.75,4767,4763.25,4766.5
1660198800,4766.25,4769.75,4765.75,4768.5
1660199100,4768.5,4769,4766.5,4767.25
1660199400,4767.25,4768.75,4767,4767.5
1660199700,4767.75,4773.5,4767.5,4773
1660200000,4773,4773.5,4771.25,4772.25
1660200300,4772.25,4773.5,4771.5,4772.5
1660200600,4772.5,4776.25,4772.5,4774.25
1660200900,4774,4774.25,4771,4771
1660201200,4771,4772,4766.75,4767.25
1660201500,4767,4768.5,4766.25,4767.25
1660201800,4767.25,4770.5,4766.25,4770.5
1660202100,4770.5,4771.25,4769,4769.25
1660202400,4769.25,4771.25,4769.25,4770
1660202700,4769.75,4770,4765,4765.25
1660203000,4765.25,4767.25,4764.25,4766
1660203300,4766.25,4766.25,4764,4765.25
1660203600,4765,4765.5,4762.5,4764.25
1660203900,4764,4764.75,4762.5,4763.25
1660204200,4763,4763.75,4761.25,4763.75
1660204500,4763.5,4765.25,4763.25,4764.5
1660204800,4764.5,4764.75,4761.5,4761.5
1660205100,4761.5,4762.25,4760.25,4761.25
1660205400,4761.5,4763,4761.5,4761.75
1660205700,4761.5,4764,4761.5,4763.75
1660206000,4763.75,4763.75,4761,4761.5
1660206300,4761.5,4761.5,4759.75,4760
1660206600,4760,4762.25,4758.5,4761
1660206900,4761.25,4762.5,4760.25,4760.5
1660207200,4760.75,4761.75,4759.75,4761
1660207500,4761,4761.25,4759.5,4759.75
1660207800,4759.75,4760,4757,4759.5
1660208100,4759.5,4763,4758.75,4762.5
1660208400,4762.75,4764.75,4762.75,4763.5
1660208700,4763.5,4764.5,4761,4761.25
1660209000,4761,4762.75,4760.75,4761.25
1660209300,4761.25,4763.25,4760.75,4762
1660209600,4762,4763.75,4761.5,4762.25
1660209900,4762,4765,4761.75,4764.25
1660210200,4764.25,4768.25,4763.75,4768
1660210500,4768.25,4769.25,4766.5,4766.75
1660210800,4767,4769,4765.25,4768.5
1660211100,4768.5,4770.25,4766.75,4769.25
1660211400,4769.5,4769.5,4767.75,4767.75
1660211700,4767.75,4768.5,4766.5,4767.25
1660212000,4767.5,4767.5,4764.75,4765.25
1660212300,4765.5,4765.75,4764.25,4764.25
1660212600,4764.25,4765.75,4764,4765.5
1660212900,4765.5,4765.5,4763.75,4764.75
1660213200,4764.75,4764.75,4763.25,4764
1660213500,4763.75,4765.5,4763.25,4765.25
1660213800,4765.25,4767,4764.75,4766.5
1660214100,4766.5,4766.5,4763.5,4765.75
1660214400,4765.5,4766.5,4764.25,4764.25
1660214700,4764.25,4767.25,4764.25,4766
1660215000,4765.75,4766.25,4764,4765.75
1660215300,4765.5,4767.75,4765.5,4766.5
1660215600,4766.5,4767,4765.25,4766.75
1660215900,4766.75,4768.5,4766.75,4768.5
1660216200,4768.5,4768.5,4766,4767.5
1660216500,4767.75,4768.75,4767.25,4768.25
1660216800,4768.5,4768.5,4765.75,4766.25
1660217100,4766.25,4768.75,4766.25,4768.5
1660217400,4768.25,4770,4768,4769.5
1660217700,4769.5,4773.75,4769.25,4773
1660218000,4773,4773,4771.25,4772.5
1660218300,4772.75,4773.75,4771.25,4772.25
1660218600,4772.5,4773.5,4771.5,4772.25
1660218900,4772.5,4772.5,4770.75,4772.5
1660219200,4772.5,4777,4772.25,4775
1660219500,4775,4775.75,4774,4774.75
1660219800,4774.75,4778,4774.5,4777.5
1660220100,4777.5,4779.5,4777.5,4779
1660220400,4779,4780.25,4778,4779.25
1660220700,4779.5,4780.5,4778,4779.25
1660221000,4779.5,4791,4775.75,4777
1660221300,4777,4784.25,4775,4783.25
1660221600,4783.5,4784.5,4781.5,4782.5
1660221900,4782.75,4785.75,4781.75,4784.5
1660222200,4784.5,4787.5,4783,4785.5
1660222500,4785.5,4790,4785.5,4788.25
1660222800,4788.25,4788.75,4785.25,4786
1660223100,4786,4786.25,4783.75,4785.25
1660223400,4785,4785.5,4783.25,4785
1660223700,4785,4785.25,4782,4782.75
1660224000,4782.75,4783,4781,4782.25
1660224300,4782.25,4785.75,4781.75,4784.5
1660224600,4784.5,4786.25,4777.75,4777.75
1660224900,4777.75,4782,4777,4780.75
1660225200,4781,4786.5,4779.75,4782.5
1660225500,4782.5,4789.5,4779.75,4786.75
1660225800,4786.5,4790,4785,4788.25
1660226100,4788.5,4789.25,4785.25,4788.25
1660226400,4788.25,4793.75,4788.25,4792.75
1660226700,4793,4797.25,4792.75,4794.5
1660227000,4794.5,4798.5,4794,4796.75
1660227300,4796.75,4804.5,4796.75,4803.5
1660227600,4803.5,4803.75,4796.25,4796.75
1660227900,4797,4798,4794,4794.25
1660228200,4794.25,4799,4794,4798.25
1660228500,4798,4802.5,4795,4796
1660228800,4796,4796.25,4789.75,4791.5
1660229100,4791.75,4792.25,4787,4789.25
1660229400,4789.5,4794,4788.75,4793.5
1660229700,4793.5,4793.75,4789,4791
1660230000,4791,4791.75,4785,4785.25
1660230300,4785.25,4786.75,4774,4776.25
1660230600,4776.25,4778.5,4773.25,4776.75
1660230900,4776.5,4780.5,4768,4768.25
1660231200,4768.25,4776.25,4768,4775.5
1660231500,4775.25,4778,4772.75,4776.75
1660231800,4776.75,4779.25,4775,4775.25
1660232100,4775.25,4777.5,4772,4774.75
1660232400,4774.75,4778.25,4772.75,4776
1660232700,4776,4776.25,4769.75,4771.75
1660233000,4771.75,4772.75,4765.75,4770.75
1660233300,4770.75,4774,4769.25,4771
1660233600,4771.25,4774.5,4770,4771.75
1660233900,4771.75,4772.75,4768,4768.5
1660234200,4768.5,4770.75,4766,4768.5
1660234500,4768.5,4773.75,4766.5,4771.5
1660234800,4771.25,4771.75,4767.5,4769.25
1660235100,4769,4775.25,4768.5,4775.25
1660235400,4775,4779.5,4774.5,4778.5
1660235700,4778.5,4779.5,4776.75,4776.75
1660236000,4776.75,4777.5,4775.25,4776.25
1660236300,4776.25,4776.75,4773.5,4775.75
1660236600,4775.5,4779,4775,4778.5
1660236900,4778.5,4780,4777,4778.5
1660237200,4778.5,4780,4774.5,4775.5
1660237500,4775.75,4778.5,4774.5,4775
1660237800,4775,4779.75,4774.75,4779
1660238100,4779,4784.25,4777.5,4783
1660238400,4783,4785,4780.75,4781.5
1660238700,4781.5,4782.25,4778,4779.25
1660239000,4779.25,4780.5,4775.5,4776
1660239300,4775.75,4779,4775.5,4777.5
1660239600,4777.75,4781.25,4776.25,4778.5
1660239900,4778.25,4778.25,4774.25,4774.75
1660240200,4774.75,4777.25,4772,4773.5
1660240500,4773.5,4774.5,4772.25,4774
1660240800,4774.25,4774.25,4766.75,4768.75
1660241100,4768.75,4769,4766,4766.75
1660241400,4766.75,4768,4762.75,4764
1660241700,4763.75,4769,4762.5,4768
1660242000,4767.75,4768.25,4764.25,4767
1660242300,4767.25,4768.5,4765.5,4766.75
1660242600,4767,4767.5,4760.5,4761.75
1660242900,4761.5,4764.25,4760.25,4761
1660243200,4761,4761.75,4758,4760
1660243500,4760,4760.75,4757.5,4758.75
1660243800,4758.5,4758.5,4750.25,4750.5
1660244100,4750.5,4757.75,4750.25,4756
1660244400,4756,4757,4753.25,4755.5
1660244700,4755.75,4756,4750.25,4753.75
1660245000,4753.75,4755.25,4746.75,4751
1660245300,4750.75,4755,4749,4753.75
1660245600,4753.75,4755.5,4751.5,4751.75
1660245900,4751.75,4755.25,4751.5,4753.75
1660246200,4753.75,4758.25,4752,4757.25
1660246500,4757.25,4757.5,4750.25,4751
1660246800,4751,4753.5,4749.5,4750.5
1660247100,4750.5,4751.25,4747.5,4750.25
1660247400,4750.25,4756.25,4747.5,4756
1660247700,4756,4756.5,4750.5,4755.5
1660248000,4755.5,4760.5,4755.25,4760.5
1660248300,4760.5,4760.75,4759,4759
1660248600,4759.25,4760.5,4758,4759.25
1660248900,4759.25,4760.5,4759,4760
1660249200,4760.25,4761.75,4760,4761
1660249500,4761.25,4763.25,4761,4763.25
1660249800,4763,4763.5,4762.25,4762.5
1660250100,4762.5,4762.75,4760.5,4760.75
1660250400,4761,4762.5,4761,4762.25
1660250700,4762.25,4762.5,4761.25,4761.75
1660251000,4761.75,4762.5,4761.5,4761.5
1660251300,4761.75,4763,4761.25,4762.75
1660255200,4763.25,4763.25,4759,4759.5
1660255500,4759.75,4760.5,4759.25,4760
1660255800,4760,4761,4759.75,4761
1660256100,4760.75,4761.75,4758.25,4758.75
1660256400,4758.75,4760,4758.5,4759.75
1660256700,4759.75,4759.75,4758.5,4758.75
1660257000,4758.75,4759.5,4757.5,4759.5
1660257300,4759.25,4759.25,4757,4757.75
1660257600,4757.5,4758,4756.25,4756.5
1660257900,4756.5,4757.75,4756.25,4757.25
1660258200,4757.25,4757.5,4756.75,4757.25
1660258500,4757.25,4758.25,4757.25,4758.25
1660258800,4758,4758.25,4757.5,4757.5
1660259100,4757.5,4758,4756.75,4758
1660259400,4758.25,4758.5,4757.75,4758
1660259700,4758.25,4758.25,4757.5,4758
1660260000,4758,4758.5,4757.75,4758.25
1660260300,4758.5,4759.5,4758.5,4759.25
1660260600,4759.5,4759.5,4758,4758.75
1660260900,4758.75,4759.5,4758.25,4759
1660261200,4758.75,4758.75,4757.5,4757.75
1660261500,4758,4759.75,4757.5,4758.5
1660261800,4758.5,4758.75,4757.75,4758
1660262100,4758.25,4759,4757.75,4758.75
1660262400,4759,4764.75,4759,4761
1660262700,4761.25,4761.75,4758,4758
1660263000,4758,4758.75,4756,4757.75
1660263300,4757.75,4759.5,4757.5,4758.25
1660263600,4758.5,4759,4757.75,4758.25
1660263900,4758.5,4758.75,4757,4757.5
1660264200,4757.75,4758,4756.5,4756.75
1660264500,4756.75,4756.75,4755,4755.5
1660264800,4755.5,4756,4754.75,4755
1660265100,4754.5,4755,4752.75,4752.75
1660265400,4753,4754.25,4752.25,4753.75
1660265700,4753.75,4754.5,4753,4753
1660266000,4753.25,4754.75,4752.75,4754.5
1660266300,4754.25,4755,4754,4754
1660266600,4754,4755,4752.75,4753.25
1660266900,4753.25,4756,4753.25,4755
1660267200,4755,4757.75,4755,4757.5
1660267500,4757.5,4758.5,4757,4758.5
1660267800,4758.5,4759,4758,4758.25
1660268100,4758.25,4759,4757.75,4759
1660268400,4759,4759,4756.5,4756.5
1660268700,4756.75,4757.75,4756.25,4756.75
1660269000,4756.75,4756.75,4755.5,4756.25
1660269300,4756,4756.75,4755,4756
1660269600,4755.75,4757.5,4755.5,4756.5
1660269900,4756.25,4758.25,4756,4757.75
1660270200,4757.5,4758,4756.5,4756.75
1660270500,4756.75,4758.25,4756.75,4757.25
1660270800,4757.25,4758.75,4757,4758.5
1660271100,4758.25,4758.25,4756.25,4756.5
1660271400,4756.25,4758.5,4756.25,4758
1660271700,4758,4758.75,4757,4757.25
1660272000,4757.25,4757.75,4756.75,4757
1660272300,4757.25,4758,4757,4757.75
1660272600,4757.75,4759.5,4757.75,4758.75
1660272900,4759,4760,4759,4759.5
1660273200,4759.5,4761.5,4759.5,4760.25
1660273500,4760.25,4760.75,4759.5,4760.25
1660273800,4760.25,4760.25,4759,4759.5
1660274100,4759.75,4760.75,4759.25,4759.75
1660274400,4759.75,4760,4759,4759
1660274700,4759.25,4759.5,4758.5,4759.5
1660275000,4759.5,4759.5,4758.75,4759
1660275300,4759.25,4759.25,4758.25,4759
1660275600,4759,4760.25,4759,4760
1660275900,4760,4760.25,4759.75,4760.25
1660276200,4760,4760.25,4759.25,4760
1660276500,4760,4760.75,4760,4760.25
1660276800,4760.25,4761.25,4760.25,4760.5
1660277100,4760.5,4760.75,4760,4760.75
1660277400,4760.75,4761.25,4760.5,4760.5
1660277700,4760.75,4760.75,4759.75,4760.25
1660278000,4760.25,4760.5,4759.75,4759.75
1660278300,4760,4761,4759.75,4760.25
1660278600,4760.25,4760.25,4759,4759.5
1660278900,4759.5,4761,4759.5,4760.75
1660279200,4760.75,4761.5,4760.5,4761.5
1660279500,4761.5,4761.5,4760,4760.25
1660279800,4760.25,4760.5,4759.75,4760.25
1660280100,4760,4760.25,4759,4759.25
1660280400,4759.25,4762,4759,4761.25
1660280700,4761,4761.75,4760.25,4760.5
1660281000,4760.75,4761.5,4760.25,4761
1660281300,4761.5,4761.5,4759.5,4760.25
1660281600,4760.25,4761.25,4760,4761
1660281900,4761,4762.25,4760.75,4761.25
1660282200,4761.25,4762.75,4761.25,4761.5
1660282500,4761.5,4762.25,4760.25,4761.25
1660282800,4761.25,4761.75,4760.25,4760.5
1660283100,4760.75,4760.75,4760,4760.5
1660283400,4760.75,4761.75,4760.75,4761.5
1660283700,4761.75,4763.25,4761.75,4763.25
1660284000,4763.25,4764.25,4762.25,4763.75
1660284300,4763.75,4766.75,4763.75,4766
1660284600,4766,4766,4764,4764.25
1660284900,4764.25,4764.75,4763.75,4763.75
1660285200,4763.75,4764.25,4762,4762.75
1660285500,4762.75,4763.75,4762.5,4763.25
1660285800,4763.25,4764.25,4763,4764
1660286100,4764.25,4764.5,4763,4763.5
1660286400,4763.5,4764,4763.5,4763.5
1660286700,4763.75,4764,4762,4762.5
1660287000,4762.5,4763.5,4762.25,4763.25
1660287300,4763.5,4765.5,4763,4765.25
1660287600,4765.5,4766,4761.5,4763
1660287900,4763,4765,4762.5,4762.75
1660288200,4762.75,4765.5,4762.75,4763.5
1660288500,4763.75,4765.25,4762.25,4765.25
1660288800,4765.25,4768.5,4765.25,4767.25
1660289100,4767.25,4772.5,4766.25,4772.25
1660289400,4772,4773,4770.75,4772.75
1660289700,4772.75,4775,4771.75,4774.75
1660290000,4774.75,4776.5,4773.25,4775.75
1660290300,4775.5,4778.5,4775.5,4777.25
1660290600,4777.25,4779.75,4777.25,4779.5
1660290900,4779.5,4780,4777.25,4777.75
1660291200,4777.75,4778.25,4776.25,4776.5
1660291500,4776.5,4776.5,4775,4775.5
1660291800,4775.25,4776.75,4773.75,4776.5
1660292100,4776.5,4777,4775.5,4776.75
1660292400,4776.75,4778,4776.75,4777.5
1660292700,4777.25,4778.75,4776.5,4778
1660293000,4778,4779.75,4777.75,4778
1660293300,4778.25,4779,4777.5,4778.75
1660293600,4779,4781.5,4778.75,4780.25
1660293900,4780.25,4780.25,4778.75,4779.5
1660294200,4779.5,4779.75,4776.75,4776.75
1660294500,4777,4777.25,4774.5,4775.25
1660294800,4775,4776.75,4775,4776.25
1660295100,4776.25,4777.25,4774.5,4775
1660295400,4775,4776.5,4774.5,4776.25
1660295700,4776,4776.5,4775,4775.5
1660296000,4775.5,4776.5,4775,4775.5
1660296300,4775.75,4775.75,4774,4774.25
1660296600,4774.5,4775.75,4774,4775.5
1660296900,4775.5,4776.75,4775.25,4776.75
1660297200,4777,4778,4776,4776.25
1660297500,4776.25,4777.5,4776,4777
1660297800,4777.25,4779,4776.75,4778.5
1660298100,4778.75,4779.25,4777.25,4777.5
1660298400,4777.5,4777.75,4773.5,4774.25
1660298700,4774.25,4774.25,4772.5,4773.25
1660299000,4773.25,4773.25,4770.5,4771.75
1660299300,4771.75,4772.25,4769.5,4769.75
1660299600,4770,4770.5,4768.75,4769.5
1660299900,4769.5,4771,4769,4770.5
1660300200,4770.5,4772.25,4770,4771.75
1660300500,4772,4772.25,4770.25,4770.25
1660300800,4770.25,4771.25,4768.25,4769.5
1660301100,4769.5,4771.25,4769,4770.5
1660301400,4770.5,4771.5,4769.5,4771.25
1660301700,4771.5,4771.5,4768,4770
1660302000,4769.75,4769.75,4765,4765.5
1660302300,4765.25,4766.75,4763.75,4766.5
1660302600,4766.25,4768.25,4765,4768
1660302900,4768,4768,4765.75,4766.5
1660303200,4766.5,4766.5,4764,4765.75
1660303500,4765.5,4768.25,4765.25,4767.75
1660303800,4767.5,4769,4767,4768.5
1660304100,4768.5,4769.5,4768,4768.75
1660304400,4768.75,4769,4767,4767.5
1660304700,4767.5,4769.25,4767,4767
1660305000,4767.25,4770,4766.25,4769.5
1660305300,4769.75,4771.5,4768,4769.25
1660305600,4769.25,4770,4767.75,4768
1660305900,4767.75,4769.5,4766.75,4769
1660306200,4769.25,4770.5,4767.75,4770
1660306500,4770,4773.75,4770,4773.5
1660306800,4773.25,4775.25,4773.25,4773.75
1660307100,4773.75,4773.75,4772,4772
1660307400,4772.25,4775.75,4772.25,4775
1660307700,4775,4776,4774.25,4775.75
1660308000,4776,4776.5,4772.5,4772.75
1660308300,4772.75,4774.75,4771.25,4774.5
1660308600,4774.25,4775.75,4774.25,4774.5
1660308900,4774.5,4776,4773.75,4775.75
1660309200,4775.5,4778,4775.5,4776.75
1660309500,4776.75,4777.75,4775.75,4775.75
1660309800,4775.5,4780.5,4774,4780
1660310100,4780,4780,4776.75,4777.25
1660310400,4777.25,4777.75,4775.75,4776.5
1660310700,4776.5,4777.25,4774.25,4774.75
1660311000,4775,4777,4771.75,4774.75
1660311300,4774.75,4777.5,4769.25,4776.25
1660311600,4776.25,4783.75,4775.75,4781.75
1660311900,4782,4782.75,4772.25,4773.5
1660312200,4773.5,4780.75,4773,4777
1660312500,4777,4781.75,4775.25,4780.75
1660312800,4780.75,4780.75,4765,4771.75
1660313100,4771.75,4777.75,4767.25,4774.25
1660313400,4774,4781.25,4773.75,4776.5
1660313700,4776.75,4783.25,4774,4783
1660314000,4783,4783.75,4778.75,4779.75
1660314300,4779.75,4780.5,4775.5,4780
1660314600,4780,4782,4776.5,4778.5
1660314900,4778.75,4782.5,4773.75,4775.25
1660315200,4775.5,4777,4772.5,4775
1660315500,4774.75,4776.75,4771.5,4774.25
1660315800,4774.25,4778.5,4773.5,4777.75
1660316100,4777.5,4779.75,4775.75,4779
1660316400,4779.25,4787.5,4777.75,4783.25
1660316700,4783.5,4785,4780,4781.75
1660317000,4781.75,4785.5,4781.25,4784
1660317300,4784,4790.75,4782.5,4788.5
1660317600,4788.25,4792,4788.25,4789.75
1660317900,4789.75,4792.25,4789,4789
1660318200,4789,4791.25,4788.25,4790.25
1660318500,4790.25,4793,4789.75,4791
1660318800,4791,4791.25,4787.75,4788.75
1660319100,4789,4791.75,4788.25,4789.25
1660319400,4789.25,4791,4787.5,4790.75
1660319700,4790.75,4792.25,4788.25,4789
1660320000,4789.25,4793.25,4788.5,4792.75
1660320300,4792.75,4794.5,4791.75,4794.25
1660320600,4794.25,4796.25,4793.25,4793.25
1660320900,4793.5,4795.75,4793.25,4795
1660321200,4795,4798,4794.25,4796.75
1660321500,4796.75,4797.5,4795.25,4797
1660321800,4797.25,4797.5,4795.5,4796.5
1660322100,4796.75,4798.5,4795.75,4796.75
1660322400,4796.75,4797.25,4795,4797
1660322700,4797.25,4798.25,4796.75,4797.75
1660323000,4797.75,4798.5,4796.25,4797
1660323300,4797,4797.75,4795.75,4796.75
1660323600,4796.75,4798,4795.5,4796.75
1660323900,4796.75,4799.75,4796.25,4799.75
1660324200,4799.75,4800.25,4798.25,4799.25
1660324500,4799.25,4800.5,4798.75,4800.25
1660324800,4800.25,4801.25,4799.5,4800.5
1660325100,4800.5,4801.75,4799.75,4800.5
1660325400,4800.75,4802,4799.5,4801.5
1660325700,4801.5,4802,4799.75,4800.5
1660326000,4800.75,4802,4800.5,4801.5
1660326300,4801.5,4802.5,4801,4802
1660326600,4802.25,4805.25,4802,4803.75
1660326900,4804,4804,4802.5,4803
1660327200,4803,4804,4802.75,4803.5
1660327500,4803.25,4803.5,4802,4802.75
1660327800,4802.75,4804.25,4802,4804
1660328100,4804,4805.75,4803.5,4804.75
1660328400,4804.75,4805.25,4803.75,4804.75
1660328700,4804.75,4807.25,4803.75,4807
1660329000,4806.75,4813.25,4806.75,4813
1660329300,4813.25,4813.5,4809.75,4810.5
1660329600,4810.5,4812,4810,4811.75
1660329900,4811.75,4812.5,4811,4811.75
1660330200,4811.75,4813,4810,4810.75
1660330500,4810.75,4812.75,4809.5,4812.25
1660330800,4812.25,4814.25,4811,4813.5
1660331100,4813.5,4816.5,4813,4816
1660331400,4816,4819.75,4815.5,4818
1660331700,4818.25,4820.5,4817.25,4819.25
1660332000,4819.5,4819.5,4815,4816.25
1660332300,4816.25,4819,4815,4818.25
1660332600,4818.25,4819.5,4816,4816.5
1660332900,4816.75,4818.5,4816,4817.5
1660333200,4817.75,4821.75,4817.25,4821
1660333500,4821,4821.25,4817.5,4821.25
1660333800,4821.25,4823.25,4819,4820.75
1660334100,4820.75,4826.75,4820,4825
1660334400,4825.25,4825.5,4822.5,4823.5
1660334700,4823.75,4823.75,4822,4822.25
1660335000,4822.25,4823,4821.75,4822.5
1660335300,4822.5,4824.25,4821.75,4824.25
1660335600,4824,4824.25,4824,4824.25
1660335900,4824,4824.5,4823,4823.75
1660336200,4823.75,4824.25,4823.25,4823.75
1660336500,4823.75,4825.75,4823.5,4825.5
1660336800,4825.5,4825.75,4824.75,4825.5
1660337100,4825.5,4826,4824.75,4825.5
1660337400,4825.5,4826,4824.5,4825.5
1660337700,4825.25,4825.5,4824.5,4824.75
1660514400,4821,4822.5,4819,4819.5
1660514700,4819.5,4819.75,4816,4818.5
1660515000,4818.5,4819.25,4816.75,4818.5
1660515300,4818.75,4819.75,4817.75,4819.75
1660515600,4819.75,4819.75,4818.25,4818.5
1660515900,4818.5,4819,4818,4818.5
1660516200,4818.25,4818.25,4816.25,4817.25
1660516500,4817.25,4818.25,4816.25,4817.5
1660516800,4817.5,4817.75,4816,4816.5
1660517100,4816.5,4818,4816.25,4818
1660517400,4818,4818,4816.75,4817.75
1660517700,4817.75,4817.75,4816.25,4817.25
1660518000,4817.25,4819.25,4817.25,4819
1660518300,4818.75,4819,4818,4819
1660518600,4818.75,4819.75,4818,4819
1660518900,4819.25,4820,4817.75,4817.75
1660519200,4817.75,4818.25,4817.5,4817.75
1660519500,4818,4818.5,4817,4817
1660519800,4817.25,4818,4816.25,4818
1660520100,4817.75,4818,4817,4817.25
1660520400,4817.25,4818,4816.5,4816.75
1660520700,4816.75,4817,4815.75,4815.75
1660521000,4815.75,4816.25,4815,4815.5
1660521300,4815.25,4815.75,4812.5,4813
1660521600,4813,4815,4813,4814.75
1660521900,4814.75,4815.5,4814.25,4814.75
1660522200,4814.5,4816.25,4814,4816
1660522500,4815.75,4818.5,4815.75,4817.75
1660522800,4817.5,4817.75,4815.75,4816.25
1660523100,4816,4816.25,4815,4815.5
1660523400,4815.5,4815.75,4814.5,4815
1660523700,4815,4816,4815,4815
1660524000,4814.75,4815,4814,4815
1660524300,4815.25,4816.25,4814.75,4816
1660524600,4816.25,4817,4815.5,4816.75
1660524900,4816.75,4817.25,4815.5,4815.5
1660525200,4815.5,4816.25,4814.25,4814.5
1660525500,4814.25,4814.75,4813,4813
1660525800,4813.25,4813.25,4812,4812.75
1660526100,4812.25,4813.75,4812.25,4813.5
1660526400,4813.5,4815,4812.5,4815
1660526700,4814.75,4815.75,4814.5,4815.5
1660527000,4815.25,4816.75,4815,4816.5
1660527300,4816.5,4818,4816.5,4816.5
1660527600,4816.5,4818.5,4816.5,4818.5
1660527900,4818.5,4820,4817.75,4819.5
1660528200,4819.25,4820,4819,4819.25
1660528500,4819,4819.75,4818.5,4819.75
1660528800,4819.75,4820,4817.5,4817.75
1660529100,4817.5,4817.75,4816.5,4816.75
1660529400,4816.5,4816.75,4814.25,4814.25
1660529700,4814.5,4814.75,4812.5,4812.75
1660530000,4812.75,4814.25,4812.25,4814
1660530300,4814,4815,4813.5,4814.25
1660530600,4814.25,4814.5,4813,4814
1660530900,4814.25,4814.25,4813.5,4813.75
1660531200,4813.5,4814.25,4813.5,4814.25
1660531500,4814,4814.25,4813,4813.25
1660531800,4813.25,4813.5,4812.25,4813.25
1660532100,4813.5,4813.75,4812.75,4813
1660532400,4813,4813.25,4812.5,4812.75
1660532700,4812.75,4814.25,4812.5,4813.75
1660533000,4814,4816.5,4813.75,4815.5
1660533300,4815.75,4816,4814.75,4815.5
1660533600,4815.5,4815.75,4814.5,4815
1660533900,4815,4815.75,4815,4815.25
1660534200,4815.5,4816,4815,4815
1660534500,4815,4815,4814.25,4815
1660534800,4815,4816,4814.75,4815.5
1660535100,4815.25,4815.5,4815,4815.25
1660535400,4815.25,4815.75,4815,4815.5
1660535700,4815.25,4815.75,4814.75,4815.5
1660536000,4815.25,4816.25,4815.25,4816
1660536300,4815.75,4816,4815.25,4815.5
1660536600,4815.5,4815.75,4815,4815.75
1660536900,4815.5,4816,4815.5,4816
1660537200,4816,4816.25,4815.75,4815.75
1660537500,4816,4816.25,4815.75,4816
1660537800,4816.25,4816.5,4815.5,4816.25
1660538100,4816.25,4816.25,4815.75,4816.25
1660538400,4816.25,4817,4816,4816.5
1660538700,4816.25,4816.5,4815.5,4815.5
1660539000,4815.5,4816,4815.5,4815.75
1660539300,4815.75,4816,4815.5,4815.75
1660539600,4815.75,4817,4815.5,4817
1660539900,4817,4817.75,4815.5,4815.75
1660540200,4815.5,4816,4815,4815
1660540500,4815.25,4815.5,4814.75,4814.75
1660540800,4814.75,4815.5,4814.75,4814.75
1660541100,4814.75,4815,4813.75,4814.25
1660541400,4814.25,4814.5,4812.5,4812.75
1660541700,4812.75,4813.5,4812.5,4813.25
1660542000,4813.5,4814.25,4813.5,4813.75
1660542300,4814,4814,4813,4813.5
1660542600,4813.75,4815.25,4813.75,4814.75
1660542900,4814.5,4816,4814.25,4816
1660543200,4815.75,4818,4814.5,4816.75
1660543500,4816.75,4817,4815.25,4815.25
1660543800,4815.25,4817,4815.25,4815.75
1660544100,4815.75,4817.5,4815.75,4816.5
1660544400,4816.5,4816.75,4815.5,4816.5
1660544700,4816.5,4816.75,4815.75,4815.75
1660545000,4815.5,4816,4814.75,4815.75
1660545300,4815.5,4815.5,4814.5,4814.75
1660545600,4814.75,4815.5,4814.5,4815.25
1660545900,4815.25,4816,4814.5,4815
1660546200,4814.75,4815.25,4814.25,4814.5
1660546500,4814.5,4815.25,4814.25,4814.5
1660546800,4814.5,4815,4812.75,4814.75
1660547100,4814.75,4815.5,4812,4812.25
1660547400,4812.25,4812.75,4809.75,4809.75
1660547700,4809.5,4810,4807.5,4808.75
1660548000,4808.5,4808.5,4806.5,4806.5
1660548300,4806.75,4807.5,4805.25,4807.25
1660548600,4807,4808.5,4806.75,4806.75
1660548900,4807,4807,4803.75,4803.75
1660549200,4803.75,4806,4802.75,4805.75
1660549500,4805.75,4806.25,4805.25,4805.75
1660549800,4805.5,4806.75,4804.25,4806
1660550100,4805.75,4805.75,4803,4803.5
1660550400,4803.75,4806,4803.5,4806
1660550700,4805.75,4808.5,4805.75,4807.25
1660551000,4807.25,4807.5,4805.75,4806.25
1660551300,4806.5,4806.75,4805,4805.75
1660551600,4806,4806.75,4805,4805.25
1660551900,4805,4807.75,4804.75,4807.5
1660552200,4807.5,4808.5,4807,4807.75
1660552500,4808,4808.5,4807.25,4808.5
1660552800,4808.5,4810.25,4808,4808
1660553100,4808,4808.5,4807,4807.25
1660553400,4807.25,4807.75,4806.25,4806.5
1660553700,4806.5,4806.75,4805.25,4805.25
1660554000,4805.25,4806,4805,4805.25
1660554300,4805.25,4805.75,4804.5,4805
1660554600,4804.75,4806.25,4804.75,4806.25
1660554900,4806.25,4807.25,4803.5,4804.5
1660555200,4804.5,4804.5,4802,4802.75
1660555500,4803,4803.25,4801.5,4802.5
1660555800,4802.75,4802.75,4801,4801.25
1660556100,4801.25,4801.25,4799.75,4800.25
1660556400,4800.5,4802.5,4800.5,4802.25
1660556700,4802.25,4803.75,4801.75,4803
1660557000,4802.75,4805.25,4802.75,4804
1660557300,4803.75,4805,4803.75,4804.5
1660557600,4804.5,4806.5,4803.25,4803.75
1660557900,4804,4804.25,4803,4803.25
1660558200,4803.25,4804.75,4801.25,4803.5
1660558500,4803.5,4804.25,4802.75,4804
1660558800,4804,4804,4800.5,4800.75
1660559100,4800.75,4802.5,4800.5,4800.5
1660559400,4800.5,4802.5,4800,4801.5
1660559700,4801.75,4802.75,4801.5,4802
1660560000,4802,4804.25,4801.75,4804.25
1660560300,4804.25,4807,4803.25,4806.5
1660560600,4806.75,4806.75,4804.75,4805.25
1660560900,4805.25,4806.75,4805.25,4806
1660561200,4806.25,4807.5,4805.5,4806.75
1660561500,4806.75,4807.25,4806,4807
1660561800,4806.75,4806.75,4805.5,4806.25
1660562100,4806.25,4806.5,4806,4806.25
1660562400,4806.25,4807,4805.25,4805.25
1660562700,4805.25,4805.75,4804.75,4805.75
1660563000,4805.75,4806.25,4804.25,4804.5
1660563300,4804.5,4805.5,4804.5,4805
1660563600,4805.25,4805.5,4802.75,4803.5
1660563900,4803.25,4804,4800.25,4800.5
1660564200,4800.75,4801,4798,4798.75
1660564500,4799,4802,4799,4801.5
1660564800,4801.5,4801.5,4798,4798.75
1660565100,4798.75,4799.75,4798.25,4799.25
1660565400,4799.5,4801.5,4797.5,4801.5
1660565700,4801.5,4803.25,4801,4803
1660566000,4802.75,4803.75,4802.5,4802.75
1660566300,4802.75,4805.5,4802,4804.5
1660566600,4804.75,4805.75,4802.25,4802.5
1660566900,4802.5,4802.5,4798.25,4798.75
1660567200,4798.75,4799.75,4795.75,4797
1660567500,4797,4797.25,4794.25,4794.5
1660567800,4794.5,4796,4794,4794.5
1660568100,4794.25,4794.75,4793,4793.25
1660568400,4793.5,4797.75,4793,4797.5
1660568700,4797.5,4798.5,4796.75,4798
1660569000,4798,4798.25,4796.75,4798.25
1660569300,4798.25,4799.75,4797.5,4798.25
1660569600,4798.25,4800.25,4798,4799.75
1660569900,4799.5,4802.5,4799.5,4802.25
1660570200,4802.25,4809.75,4801.75,4808.5
1660570500,4808.5,4811.5,4806.5,4810.5
1660570800,4810.5,4811.25,4805.5,4808
1660571100,4808,4814.75,4808,4811
1660571400,4811.25,4822.75,4810.75,4822.5
1660571700,4822.75,4828,4820.5,4824
1660572000,4824,4824.25,4817.5,4821.25
1660572300,4821.25,4823,4818,4820.25
1660572600,4820.5,4821.75,4814,4814.5
1660572900,4814.5,4816,4812.75,4814.25
1660573200,4814,4814.25,4810.25,4811.25
1660573500,4811.25,4816,4810.5,4815
1660573800,4815,4821,4813.75,4820.5
1660574100,4820.5,4820.5,4816,4816.5
1660574400,4816.5,4821,4816.5,4817.25
1660574700,4817,4819,4813,4813.75
1660575000,4813.75,4816.5,4812.5,4813.75
1660575300,4813.75,4815,4811.25,4812.25
1660575600,4812.25,4815.5,4810,4814
1660575900,4813.75,4817.5,4811.75,4813.25
1660576200,4813,4813.5,4808.75,4810.75
1660576500,4810.75,4814.5,4810.5,4814.25
1660576800,4814,4818.5,4812.75,4816.5
1660577100,4816.5,4818.25,4814.75,4818
1660577400,4818,4820.75,4817.5,4820
1660577700,4819.75,4823.75,4819.25,4823.25
1660578000,4823.5,4828.5,4822,4827.75
1660578300,4827.75,4833.5,4827.5,4833.5
1660578600,4833.5,4836.75,4832.75,4835
1660578900,4835,4837,4833.75,4834.5
1660579200,4834.75,4835.75,4831.75,4835.75
1660579500,4835.5,4835.75,4833,4833
1660579800,4833.25,4837.25,4833,4835.5
1660580100,4835.5,4839,4835,4835.75
1660580400,4835.75,4836.75,4834.25,4836.75
1660580700,4836.5,4839,4835.75,4838.25
1660581000,4838.5,4841.25,4837.75,4841
1660581300,4841.25,4841.5,4838.75,4839
1660581600,4839.25,4841,4838.25,4840.75
1660581900,4840.75,4841.25,4839,4839.75
1660582200,4839.5,4843,4839.5,4842
1660582500,4842,4844,4841.25,4842.75
1660582800,4843,4843.25,4839.5,4840.5
1660583100,4840.75,4845.5,4840.5,4843.5
1660583400,4843.75,4844,4840.75,4841
1660583700,4841,4842,4838.75,4839
1660584000,4839.25,4841,4837.25,4840.75
1660584300,4840.75,4842.25,4839.5,4841
1660584600,4841,4842,4838.5,4839.25
1660584900,4839,4840,4836,4836.25
1660585200,4836.25,4838,4835.75,4836.5
1660585500,4836.5,4839.25,4836.25,4838.75
1660585800,4839,4840.25,4838.25,4839.25
1660586100,4839.25,4840.75,4839,4840.25
1660586400,4840.25,4840.5,4838.5,4839
1660586700,4839.25,4840.5,4836.5,4837
1660587000,4836.75,4838.5,4835.5,4837.5
1660587300,4837.25,4841,4837.25,4841
1660587600,4841,4841.75,4838.5,4839.5
1660587900,4839.5,4841,4837.5,4840.75
1660588200,4841,4843.75,4839.25,4842.25
1660588500,4842.5,4844,4841.75,4843.75
1660588800,4844,4844.25,4841.25,4842.5
1660589100,4842.25,4844,4841,4843.75
1660589400,4843.75,4844.25,4842.25,4844
1660589700,4844,4845,4843.5,4844
1660590000,4844.25,4845.75,4842.75,4843.75
1660590300,4844,4844.75,4841.25,4842
1660590600,4842,4844.5,4840.75,4842.75
1660590900,4843,4845.75,4842.75,4845
1660591200,4845,4847.25,4845,4847.25
1660591500,4847.25,4847.25,4844.5,4846.5
1660591800,4846.75,4846.75,4843.75,4846.25
1660592100,4846.25,4846.5,4844.5,4845.75
1660592400,4845.75,4846,4843.25,4843.5
1660592700,4843.5,4846.75,4843.25,4846.25
1660593000,4846.25,4848.75,4841.5,4841.75
1660593300,4841.5,4843.75,4840.25,4843
1660593600,4842.75,4843.75,4841.25,4841.75
1660593900,4841.75,4842.5,4840.75,4841
1660594200,4841,4841.25,4837.75,4839.5
1660594500,4839.5,4840.75,4839,4840
1660594800,4840,4840.75,4839,4839.25
1660595100,4839.25,4840.25,4838,4839.75
1660595400,4839.5,4840.75,4839.5,4840.25
1660595700,4840.5,4841,4840,4840.75
1660596000,4840.5,4841,4840,4840.75
1660596300,4840.75,4841,4839.5,4839.5
1660596600,4839.5,4840,4838,4838.25
1660596900,4838.25,4840.25,4838,4838.5
1660600800,4838.5,4839.25,4836.5,4837.75
1660601100,4837.75,4838,4836.75,4836.75
1660601400,4837,4838,4836.75,4838
1660601700,4838,4838.5,4837,4837.75
1660602000,4838,4838,4837.25,4837.75
1660602300,4837.75,4837.75,4837,4837.75
1660602600,4837.5,4838.5,4837.5,4838
1660602900,4838.25,4838.5,4838,4838
1660603200,4838,4838.5,4837.5,4837.5
1660603500,4837.25,4837.75,4837.25,4837.5
1660603800,4837.5,4837.5,4836.25,4836.75
1660604100,4836.75,4837.5,4836.75,4837.25
1660604400,4837,4837.75,4836.5,4837
1660604700,4836.75,4837.75,4836.75,4837.75
1660605000,4837.75,4837.75,4837,4837.25
1660605300,4837.5,4837.75,4837.25,4837.5
1660605600,4837.75,4837.75,4837.25,4837.25
1660605900,4837.25,4837.5,4836.75,4837
1660606200,4837,4837.5,4837,4837.5
1660606500,4837.5,4837.75,4837,4837
1660606800,4837,4837.75,4837,4837.75
1660607100,4837.75,4839,4837.25,4839
1660607400,4839,4840.75,4839,4840.25
1660607700,4840.25,4840.5,4838.75,4838.75
1660608000,4838.75,4838.75,4834,4835.75
1660608300,4835.75,4837,4835.5,4836.75
1660608600,4836.5,4837.25,4835,4835.75
1660608900,4835.75,4836,4834,4835.25
1660609200,4835.25,4835.5,4834,4835
1660609500,4834.75,4835.75,4834,4834.25
1660609800,4834.25,4836.25,4834,4835.5
1660610100,4835.25,4836.25,4835,4836.25
1660610400,4836.25,4837.25,4836,4836.25
1660610700,4836.25,4837,4836,4836.25
1660611000,4836.25,4836.5,4836.25,4836.25
1660611300,4836.25,4836.75,4835.5,4835.75
1660611600,4835.5,4837,4835.5,4835.75
1660611900,4836,4837.5,4835.75,4836
1660612200,4835.75,4837,4835.75,4836
1660612500,4836.25,4836.5,4834,4834.25
1660612800,4834.25,4834.75,4831.25,4831.5
1660613100,4831.5,4832.5,4831,4832.5
1660613400,4832.5,4836,4832.25,4835.5
1660613700,4835.5,4835.75,4834.25,4835.5
1660614000,4835.5,4836.5,4834.5,4835
1660614300,4835,4837,4835,4836
1660614600,4836,4837,4835.75,4836.25
1660614900,4836.25,4837.5,4836,4837.25
1660615200,4837,4838.5,4836.25,4838.5
1660615500,4838.5,4840.75,4838,4839.5
1660615800,4839.75,4839.75,4838.75,4839
1660616100,4839,4839.5,4838.75,4839.25
1660616400,4839.25,4839.25,4838,4838.25
1660616700,4838.25,4839.25,4838.25,4838.75
1660617000,4838.75,4839.5,4838.5,4839.25
1660617300,4839.25,4839.75,4837.25,4837.75
1660617600,4837.75,4838.75,4837.75,4838.5
1660617900,4838.75,4840.75,4838.25,4840.5
1660618200,4840.5,4844.25,4840.5,4842
1660618500,4842,4842.25,4841.25,4842
1660618800,4842,4842.25,4841,4841.25
1660619100,4841.5,4841.75,4841.25,4841.75
1660619400,4841.5,4841.5,4840,4840.25
1660619700,4840.25,4840.5,4838,4838.75
1660620000,4838.75,4839.5,4838.5,4839.5
1660620300,4839.5,4840,4839,4839.25
1660620600,4839.25,4839.75,4839,4839
1660620900,4839,4839.25,4838.25,4838.25
1660621200,4838,4839.25,4836.75,4837
1660621500,4837.25,4837.75,4836.75,4837.25
1660621800,4837.5,4838.5,4837.5,4838
1660622100,4838.25,4838.25,4837.5,4837.5
1660622400,4837.75,4838.25,4837.75,4838.25
1660622700,4838.25,4839.5,4837.25,4837.25
1660623000,4837.25,4838,4837.25,4837.75
1660623300,4837.5,4838.25,4837.5,4837.75
1660623600,4837.75,4837.75,4837,4837.5
1660623900,4837.25,4838,4837.25,4837.5
1660624200,4837.75,4838.25,4837.25,4838.25
1660624500,4838,4838.75,4837.75,4838.5
1660624800,4838.75,4839,4838.25,4838.75
1660625100,4839,4839.5,4838.25,4839
1660625400,4839,4839.5,4838.75,4839.5
1660625700,4839.25,4839.75,4839,4839
1660626000,4839.25,4839.5,4838.25,4838.25
1660626300,4838.25,4838.5,4836.5,4837.25
1660626600,4837.25,4837.25,4835.75,4836.25
1660626900,4836,4836.5,4835.5,4836.5
1660627200,4836.5,4836.75,4835.25,4835.5
1660627500,4835.5,4836.25,4835,4835.5
1660627800,4835.5,4836.25,4835.25,4836.25
1660628100,4836.25,4837,4836,4836.75
1660628400,4837,4838,4837,4838
1660628700,4837.75,4838,4837.5,4837.75
1660629000,4837.75,4838.75,4837.75,4838.25
1660629300,4838.5,4840.75,4838.25,4839.75
1660629600,4839.75,4839.75,4837.5,4838.5
1660629900,4838.75,4838.75,4836.5,4837.25
1660630200,4837.25,4837.25,4835.25,4836
1660630500,4836.25,4836.5,4835.75,4836.25
1660630800,4836,4836.25,4834.75,4835.75
1660631100,4835.75,4835.75,4834.75,4835.25
1660631400,4835.25,4835.25,4833.25,4834
1660631700,4834.25,4834.5,4833.5,4834.5
1660632000,4834.5,4835,4833.5,4834.75
1660632300,4834.75,4835.25,4834,4835.25
1660632600,4835,4835.75,4834.75,4835
1660632900,4834.75,4835.25,4832.75,4833
1660633200,4832.75,4833.25,4830,4832.25
1660633500,4832,4833,4829,4829.5
1660633800,4829.25,4830.75,4829,4830
1660634100,4830.25,4830.75,4829,4830
1660634400,4830,4832.25,4829.75,4831
1660634700,4831,4832,4830.75,4831.25
1660635000,4831.5,4833.75,4831.25,4833.5
1660635300,4833.5,4833.5,4831.5,4832
1660635600,4831.75,4831.75,4829.75,4830.25
1660635900,4830.25,4834,4830.25,4833.75
1660636200,4833.75,4835.5,4833.5,4835
1660636500,4835,4837.5,4834.5,4837
1660636800,4837,4837.75,4835.75,4836.5
1660637100,4836.5,4839,4834.75,4838.75
1660637400,4838.5,4840,4838.25,4838.75
1660637700,4838.75,4839,4837.25,4837.25
1660638000,4837.25,4838.5,4836.75,4838.25
1660638300,4838.5,4841,4838.5,4839.5
1660638600,4839.5,4840.25,4838.5,4839.5
1660638900,4839.25,4842.75,4839.25,4842.5
1660639200,4842.5,4843,4840.25,4841
1660639500,4840.75,4840.75,4838.5,4838.75
1660639800,4838.75,4840.5,4838.5,4839.25
1660640100,4839,4839.75,4838.5,4839.5
1660640400,4839.75,4840.5,4836.5,4836.75
1660640700,4837,4837.75,4835.25,4835.25
1660641000,4835.25,4836,4833.75,4834.75
1660641300,4834.75,4836.25,4834,4835
1660641600,4835.25,4836,4834.5,4834.75
1660641900,4835,4837,4835,4835.25
1660642200,4835,4835.5,4832.25,4832.75
1660642500,4833,4833.75,4832,4833.75
1660642800,4833.75,4834.75,4832,4834
1660643100,4834.25,4834.75,4833.5,4834.5
1660643400,4834.75,4835.5,4834,4835
1660643700,4835.25,4836,4834.5,4835.75
1660644000,4835.75,4835.75,4834,4835.5
1660644300,4835.5,4836,4834.5,4834.5
1660644600,4834.25,4834.75,4832.25,4832.5
1660644900,4832.75,4833.75,4831.25,4833
1660645200,4832.75,4835.5,4832.75,4835
1660645500,4835.25,4835.5,4833.25,4833.25
1660645800,4833.5,4834.5,4832.75,4833.5
1660646100,4833.5,4833.5,4831.75,4833
1660646400,4833,4833,4830.75,4832.5
1660646700,4832.75,4833.25,4831.5,4832
1660647000,4832.25,4833.5,4831.75,4833.25
1660647300,4833.25,4834,4832.5,4833
1660647600,4832.75,4835.5,4830.75,4835
1660647900,4835,4837.25,4834.75,4836.75
1660648200,4837,4837.75,4836.5,4837.25
1660648500,4837,4837.5,4836.5,4837.25
1660648800,4837.25,4838.5,4837.25,4837.5
1660649100,4837.5,4839.75,4836.75,4839.25
1660649400,4839.25,4840,4838.5,4839.75
1660649700,4839.5,4841,4839.25,4840
1660650000,4840.25,4840.25,4837.75,4839.25
1660650300,4839.5,4839.5,4838,4838.5
1660650600,4838.25,4839.75,4838,4839.5
1660650900,4839.75,4840,4838.75,4839
1660651200,4839,4839.25,4837.25,4838
1660651500,4838.25,4838.5,4837.5,4838.25
1660651800,4838.5,4841.5,4838.5,4840.5
1660652100,4840.5,4841.75,4840,4840.5
1660652400,4840.25,4840.5,4838,4838.5
1660652700,4838.5,4838.75,4837.5,4838.5
1660653000,4838.75,4839.25,4834,4835.5
1660653300,4835.5,4836.5,4834.75,4835
1660653600,4834.75,4835.5,4833,4834.5
1660653900,4834.5,4834.75,4831.25,4832.25
1660654200,4832.25,4832.5,4827.75,4830
1660654500,4829.75,4832,4829.25,4831.75
1660654800,4831.5,4833,4831,4832.75
1660655100,4832.75,4833.25,4831,4833
1660655400,4833,4833,4830.5,4832.25
1660655700,4832.5,4833.5,4830.5,4831.75
1660656000,4831.75,4832.25,4829.5,4830.5
1660656300,4830.5,4831.75,4829.5,4831.5
1660656600,4831.75,4840,4830.5,4837.75
1660656900,4838,4841.75,4835.5,4838.5
1660657200,4838.5,4840,4835.25,4836.25
1660657500,4836,4839,4833,4833.25
1660657800,4833.25,4836.25,4831.25,4835
1660658100,4835,4840.25,4834.25,4838.25
1660658400,4838,4838.25,4828.25,4833
1660658700,4832.75,4835.75,4831.5,4834
1660659000,4834,4839.25,4833.25,4835.75
1660659300,4835.5,4836,4831.5,4834.25
1660659600,4834.25,4837.5,4833.25,4835.75
1660659900,4835.75,4835.75,4830.5,4831.75
1660660200,4831.75,4831.75,4822.75,4823.5
1660660500,4823.25,4827.25,4822.75,4825
1660660800,4825.25,4831.25,4823.75,4830.25
1660661100,4830.25,4833,4828.5,4831.75
1660661400,4832,4834.5,4831,4831.75
1660661700,4831.75,4832.75,4827.5,4829
1660662000,4829.25,4833,4828.25,4828.75
1660662300,4828.75,4834,4828.5,4831.25
1660662600,4831.5,4840.75,4831.25,4840.25
1660662900,4840.25,4845.5,4839.75,4845.5
1660663200,4845.5,4845.75,4841.75,4842.25
1660663500,4842.25,4846.5,4841.25,4845.25
1660663800,4845.25,4850.75,4844,4847.25
1660664100,4847.5,4849.5,4846.25,4849
1660664400,4848.75,4849.75,4847,4848.75
1660664700,4848.75,4852.25,4847.75,4851
1660665000,4851,4855.25,4850.5,4855
1660665300,4855.25,4858,4853.25,4856
1660665600,4856,4856.5,4854,4854.25
1660665900,4854.25,4856,4853.25,4853.5
1660666200,4853.5,4857,4853.5,4856.75
1660666500,4856.75,4859.5,4856,4858.75
1660666800,4859,4859,4855.25,4857.5
1660667100,4857.5,4857.5,4854,4854.25
1660667400,4854.25,4857,4853.75,4855.5
1660667700,4855.75,4856.75,4854.5,4854.5
1660668000,4854.75,4855.5,4850.5,4851.5
1660668300,4851.5,4852.75,4850.75,4852
1660668600,4851.75,4853.25,4850.5,4852
1660668900,4851.75,4853.25,4851.25,4852.25
1660669200,4852.5,4853.75,4850.75,4853.25
1660669500,4853.25,4857,4852.75,4856.75
1660669800,4857,4857.75,4855.75,4856.5
1660670100,4856.75,4858.25,4856.25,4856.5
1660670400,4856.75,4859,4855.75,4858.75
1660670700,4858.75,4859.25,4857,4857.5
1660671000,4857.5,4858.75,4856.5,4858.75
1660671300,4858.5,4863.25,4858,4862.5
1660671600,4862.5,4862.75,4861,4861.5
1660671900,4861.5,4862.75,4861.5,4862.5
1660672200,4862.75,4864.5,4861.75,4863.5
1660672500,4863.5,4865,4862.25,4864
1660672800,4864.25,4867.25,4862.75,4864.75
1660673100,4864.75,4869.25,4864.75,4869
1660673400,4869,4871.5,4869,4869.5
1660673700,4869.5,4871.25,4869.25,4870
1660674000,4869.75,4871,4868,4868.75
1660674300,4868.75,4869.25,4864.75,4866.75
1660674600,4866.75,4866.75,4860.5,4861
1660674900,4861,4861.25,4849.5,4850.5
1660675200,4850.5,4851.5,4844.5,4846.5
1660675500,4846.5,4846.5,4835.5,4839.75
1660675800,4839.5,4841.5,4837,4839.5
1660676100,4839.5,4846.5,4839.25,4845.25
1660676400,4845.25,4845.25,4837.75,4838.5
1660676700,4838.75,4845.25,4838.5,4842.25
1660677000,4842.25,4843.25,4839.5,4843
1660677300,4843,4845.25,4840.25,4845.25
1660677600,4845,4847.75,4842.25,4847.5
1660677900,4847.5,4850.5,4846.5,4849
1660678200,4849.25,4852.75,4848.75,4852
1660678500,4852,4853,4849.75,4850.5
1660678800,4850.5,4853.25,4849,4851.25
1660679100,4851,4858,4850.75,4856.75
1660679400,4856.75,4858.5,4852.75,4853.5
1660679700,4853.75,4854.25,4849.5,4851
1660680000,4851,4851,4847.5,4848.5
1660680300,4848.25,4849.25,4848,4848
1660680600,4848,4849,4846.75,4847
1660680900,4847,4848,4846,4847.75
1660681200,4847.75,4848.25,4847.75,4847.75
1660681500,4847.75,4848,4847,4847
1660681800,4847.25,4848.75,4847,4848.75
1660682100,4848.75,4850.75,4848.5,4850.5
1660682400,4850.5,4850.75,4850.25,4850.75
1660682700,4850.75,4852.25,4850.75,4852
1660683000,4852,4854.5,4851.75,4854
1660683300,4854.25,4854.5,4854,4854.25
1660687200,4853.25,4853.5,4849.75,4850
1660687500,4850.25,4850.75,4848.25,4849.75
1660687800,4849.75,4851,4849.5,4850.75
1660688100,4850.5,4850.75,4849,4849.5
1660688400,4849.5,4851,4849.5,4850
1660688700,4849.75,4850.5,4849.25,4850.25
1660689000,4850.5,4851,4849.75,4850
1660689300,4850,4850.5,4849,4850.5
1660689600,4850.5,4851.5,4850.25,4850.75
1660689900,4850.5,4850.75,4849.5,4849.5
1660690200,4849.5,4850.5,4849.5,4850.5
1660690500,4850.5,4850.75,4849.75,4850
1660690800,4850,4850.5,4849.5,4850
1660691100,4850,4850,4848.5,4849
1660691400,4849.25,4849.75,4849,4849.5
1660691700,4849.5,4850,4848.75,4848.75
1660692000,4848.75,4849.25,4848,4848.75
1660692300,4848.75,4848.75,4847.75,4848
1660692600,4848,4848.5,4847.5,4848
1660692900,4847.75,4848.75,4847.5,4848.5
1660693200,4848.5,4848.75,4848,4848.25
1660693500,4848.25,4849.75,4848.25,4849.25
1660693800,4849.5,4851.25,4848.5,4851.25
1660694100,4851.25,4852.75,4851,4851.5
1660694400,4851.25,4852.5,4849,4850
1660694700,4850.25,4852.25,4850.25,4852
1660695000,4852,4855,4851.75,4854.5
1660695300,4854.5,4856.25,4854.25,4856
1660695600,4856,4856.5,4853.25,4854
1660695900,4854,4854,4851.25,4851.25
1660696200,4851.5,4853.25,4850.5,4852.75
1660696500,4852.75,4853,4851,4851
1660696800,4851,4851.5,4849.75,4850.25
1660697100,4850.25,4852,4849.75,4851.5
1660697400,4851.75,4852,4851.25,4851.75
1660697700,4851.75,4852.75,4851.75,4852
1660698000,4852,4852.25,4849.25,4849.75
1660698300,4849.75,4850.25,4849.25,4850
1660698600,4849.75,4851.75,4849.75,4851
1660698900,4851.25,4852,4850.25,4851
1660699200,4850.75,4851.25,4850.25,4850.75
1660699500,4850.5,4851.25,4849.25,4850
1660699800,4850,4851.5,4849.75,4850.75
1660700100,4851,4851.25,4848.25,4848.75
1660700400,4848.75,4850,4848.75,4849
1660700700,4848.75,4849.75,4848,4849.25
1660701000,4849,4851.25,4849,4851.25
1660701300,4851.25,4852,4850.25,4851.5
1660701600,4851.5,4852,4850.5,4851
1660701900,4851,4851.75,4850,4850.5
1660702200,4850.5,4851,4849.25,4849.75
1660702500,4849.5,4850.75,4849.5,4850.75
1660702800,4850.75,4851.25,4850,4850
1660703100,4850.25,4851,4849.5,4850.75
1660703400,4850.5,4852.75,4850.5,4852.75
1660703700,4852.75,4853.25,4850.5,4850.75
1660704000,4850.5,4852.25,4850.25,4850.25
1660704300,4850.5,4851.25,4850.5,4851.25
1660704600,4851.25,4851.25,4850.25,4851
1660704900,4851,4851,4850.25,4850.5
1660705200,4850.75,4851.25,4850.5,4850.5
1660705500,4850.5,4851.25,4850.25,4851
1660705800,4851,4851.75,4850.75,4851.5
1660706100,4851.75,4851.75,4850.5,4850.75
1660706400,4850.75,4851.5,4850.5,4850.5
1660706700,4850.5,4851.75,4850.25,4851.25
1660707000,4851.5,4851.5,4850.25,4850.5
1660707300,4850.5,4850.75,4849.5,4850.75
1660707600,4850.5,4851,4850.25,4850.5
1660707900,4850.75,4850.75,4850,4850.25
1660708200,4850.5,4851,4850,4851
1660708500,4851,4851.5,4850.5,4851.25
1660708800,4851.25,4852.5,4851.25,4852.5
1660709100,4852.25,4853,4852,4852.25
1660709400,4852,4852.5,4852,4852.25
1660709700,4852.25,4852.5,4852,4852.25
1660710000,4852,4852.25,4851.5,4852
1660710300,4852.25,4853,4852.25,4852.75
1660710600,4852.75,4854,4852.75,4854
1660710900,4853.75,4854.5,4853.5,4853.5
1660711200,4853.75,4855,4853.5,4855
1660711500,4855,4855,4854,4854.25
1660711800,4854.25,4854.5,4854,4854.5
1660712100,4854.5,4855.25,4854.5,4854.5
1660712400,4854.5,4857,4854.5,4857
1660712700,4857,4857.75,4855.75,4855.75
1660713000,4856,4857.5,4856,4856.75
1660713300,4856.75,4857,4856,4856.75
1660713600,4856.75,4857.5,4856.25,4856.25
1660713900,4856.25,4857,4855.25,4855.75
1660714200,4855.75,4856.25,4855,4856.25
1660714500,4856,4856.5,4855.5,4855.5
1660714800,4855.5,4855.5,4854.75,4855
1660715100,4855.25,4855.5,4853.5,4854.5
1660715400,4854.5,4856,4854.25,4855.5
1660715700,4855.75,4859,4855.75,4858.25
1660716000,4858.25,4858.25,4856,4856.25
1660716300,4856.5,4856.5,4854,4854
1660716600,4854,4854.25,4852,4852.5
1660716900,4852.75,4853.25,4850.25,4850.75
1660717200,4850.75,4851.75,4850.5,4851.25
1660717500,4851.5,4853.25,4851.25,4852
1660717800,4852,4852.25,4850.5,4850.75
1660718100,4851,4851,4848,4848.25
1660718400,4848.25,4849.75,4848,4849.75
1660718700,4849.75,4850,4848,4848.75
1660719000,4848.75,4850,4848.5,4849.25
1660719300,4849.25,4849.25,4848.5,4848.5
1660719600,4848.75,4849.5,4847,4847.75
1660719900,4847.5,4847.75,4845.25,4847
1660720200,4846.75,4847,4845,4845.75
1660720500,4845.75,4846.5,4844.25,4844.5
1660720800,4844.5,4847.25,4844,4846.5
1660721100,4846.5,4849.25,4845.25,4849
1660721400,4849,4849,4846,4846.75
1660721700,4846.75,4848.25,4844.75,4844.75
1660722000,4844.75,4844.75,4842,4842.25
1660722300,4842.25,4844,4841,4841.25
1660722600,4841.5,4843.25,4841,4841.5
1660722900,4841.5,4842.5,4841,4841.5
1660723200,4841.5,4841.5,4837.5,4840
1660723500,4840,4840.25,4838.25,4839.25
1660723800,4839.5,4842.5,4837.5,4842
1660724100,4842,4842.75,4839.25,4839.25
1660724400,4839.5,4841,4838,4841
1660724700,4840.75,4840.75,4837.5,4837.5
1660725000,4837.75,4838.25,4836.75,4837.25
1660725300,4837,4837.5,4835.25,4836.75
1660725600,4836.5,4838,4835.75,4836
1660725900,4836,4837,4834.5,4834.5
1660726200,4834.25,4837,4834.25,4836.75
1660726500,4836.75,4837,4834,4834.75
1660726800,4835,4837.25,4834.25,4836.25
1660727100,4836.25,4837.75,4835.75,4836.5
1660727400,4836.5,4836.75,4835,4835.25
1660727700,4835.5,4835.75,4834,4834.5
1660728000,4834.75,4835.5,4834,4834.75
1660728300,4835,4837.25,4835,4836.75
1660728600,4836.75,4837,4833.25,4834
1660728900,4834,4835,4832.75,4834.25
1660729200,4834.25,4835.5,4833,4833.5
1660729500,4833.5,4833.75,4830.75,4831.25
1660729800,4831,4831.5,4828,4829
1660730100,4829,4829.5,4827.5,4829.25
1660730400,4829.25,4829.75,4827,4828.25
1660730700,4828.5,4829.25,4827.75,4827.75
1660731000,4827.75,4828.5,4826.25,4826.75
1660731300,4826.75,4827.75,4824.5,4824.75
1660731600,4824.75,4826.5,4824.25,4824.25
1660731900,4824.25,4825.25,4822.25,4825.25
1660732200,4825,4825.25,4818.5,4825.25
1660732500,4825.25,4825.5,4823.5,4824.5
1660732800,4824.5,4824.5,4820.5,4821.5
1660733100,4821.25,4822.25,4819.5,4820.5
1660733400,4820.75,4821.75,4820.75,4821.25
1660733700,4821.25,4823.5,4820,4823.5
1660734000,4823.75,4825,4821,4822.25
1660734300,4822.25,4822.5,4819.5,4820
1660734600,4820,4821.75,4819,4819
1660734900,4819,4819.75,4815,4817.5
1660735200,4817.75,4820.5,4816.5,4819.25
1660735500,4819.5,4820,4816.5,4817.25
1660735800,4817,4817.5,4813.25,4817.25
1660736100,4817,4818,4814,4816.25
1660736400,4816,4816.75,4814.5,4815.25
1660736700,4815.25,4816.25,4814.75,4815.75
1660737000,4815.75,4816.75,4814.75,4816.75
1660737300,4816.75,4817.25,4815.75,4817
1660737600,4817.25,4820,4817,4819
1660737900,4818.75,4819.75,4817.5,4819
1660738200,4819.25,4821.25,4817.25,4818.25
1660738500,4818.25,4820,4817.5,4819.75
1660738800,4819.75,4820.5,4815.5,4816.25
1660739100,4816.5,4817,4814.75,4816
1660739400,4816,4819,4810,4813.75
1660739700,4813.75,4818.75,4813.5,4817.5
1660740000,4817.75,4820.25,4816.25,4817.5
1660740300,4817.5,4818.75,4815.25,4818.25
1660740600,4818,4820,4812,4812.5
1660740900,4812.5,4814.75,4811.5,4813.5
1660741200,4813.25,4814.5,4810.5,4813
1660741500,4813,4817.5,4812.25,4817
1660741800,4817,4817.5,4812.25,4813.75
1660742100,4813.75,4815.25,4812,4814
1660742400,4813.75,4817.25,4813.75,4816.75
1660742700,4816.75,4816.75,4812,4813.25
1660743000,4813.25,4821.75,4812.75,4818.5
1660743300,4818.75,4828,4818,4820.25
1660743600,4820.25,4820.5,4813.5,4817
1660743900,4817.25,4820.5,4814.75,4819
1660744200,4819.25,4823,4815,4821.25
1660744500,4821.25,4825.5,4820.75,4823.75
1660744800,4823.5,4823.75,4818.75,4823
1660745100,4823.25,4829.25,4821.5,4821.75
1660745400,4821.5,4823.75,4815,4816.5
1660745700,4816.5,4819.5,4813,4817.5
1660746000,4817.75,4821.75,4817,4818.5
1660746300,4818.5,4821.5,4818,4819.5
1660746600,4819.5,4821,4816.5,4818.5
1660746900,4818.75,4819.25,4810.25,4814.25
1660747200,4814.25,4819.25,4814,4818.5
1660747500,4818.25,4821.75,4817.5,4817.75
1660747800,4817.75,4818,4807,4808.5
1660748100,4808.25,4811,4807.25,4809
1660748400,4809,4813,4808.5,4811.75
1660748700,4811.5,4812.75,4808.25,4810
1660749000,4810,4814,4809.25,4810
1660749300,4810,4813.5,4806.75,4812.75
1660749600,4812.75,4816.75,4811.75,4816.25
1660749900,4816.25,4816.5,4812.25,4815.25
1660750200,4815.25,4818.75,4811.5,4812.25
1660750500,4812,4813.25,4808.25,4809.25
1660750800,4809.25,4810.5,4801.75,4803
1660751100,4803.25,4804,4799,4801
1660751400,4800.75,4804,4800,4803.25
1660751700,4803.25,4804.75,4802,4802.75
1660752000,4802.75,4807.25,4802.25,4806.75
1660752300,4806.75,4810.75,4806.5,4807.25
1660752600,4807.25,4807.75,4805.25,4806.75
1660752900,4806.75,4810.5,4806.5,4809.75
1660753200,4809.5,4814.5,4808.5,4814.25
1660753500,4814.25,4816.25,4812.5,4816
1660753800,4816,4816.25,4814,4815.5
1660754100,4815.5,4822.5,4815,4819.5
1660754400,4819.5,4821.25,4817.75,4820.25
1660754700,4820.25,4822,4818.75,4819
1660755000,4819.25,4820.25,4817.25,4818.5
1660755300,4818.5,4820,4817.25,4819
1660755600,4819,4819.25,4814.25,4818.5
1660755900,4818.5,4820.75,4816.5,4816.75
1660756200,4816.75,4820.5,4816.75,4819.75
1660756500,4820,4822,4816.5,4816.75
1660756800,4817,4820.5,4816.75,4818
1660757100,4818.25,4823.5,4817.75,4822.75
1660757400,4822.75,4825.25,4819,4821.25
1660757700,4821.25,4822,4819,4821.5
1660758000,4821.5,4823.75,4820.75,4821.25
1660758300,4821,4822.25,4819.75,4822
1660758600,4821.75,4824.25,4821.25,4821.5
1660758900,4821.75,4822.5,4819.5,4820.75
1660759200,4820.5,4839.25,4817.25,4829.5
1660759500,4829.5,4838.5,4822.75,4835.25
1660759800,4835,4842.25,4830.75,4842
1660760100,4842.25,4846,4834.75,4838
1660760400,4838,4839,4829.5,4834.5
1660760700,4834.5,4841.25,4831.75,4840.25
1660761000,4840.25,4844.25,4837.5,4843
1660761300,4843,4849.25,4842.75,4848.75
1660761600,4848.75,4849,4837,4837.5
1660761900,4837.25,4839.75,4834.25,4837.5
1660762200,4837.25,4838.75,4832.75,4834
1660762500,4834.25,4837.25,4831.25,4831.25
1660762800,4831.5,4837,4830.5,4836.5
1660763100,4836.5,4839.5,4830.75,4831.5
1660763400,4831.75,4833,4817.5,4822.75
1660763700,4823,4824,4819.25,4819.75
1660764000,4820,4825.5,4817.5,4824.75
1660764300,4824.75,4828,4821,4825.5
1660764600,4825.5,4825.5,4820.5,4822.5
1660764900,4822.5,4826.25,4821.5,4823.75
1660765200,4823.75,4826.75,4823,4825.5
1660765500,4825.25,4825.25,4818.75,4818.75
1660765800,4819,4822.75,4815.5,4821.5
1660766100,4821.5,4823,4818.5,4820.5
1660766400,4820.75,4823.5,4820,4822.75
1660766700,4822.75,4824.25,4822,4824.25
1660767000,4824,4825.5,4823.5,4824.75
1660767300,4824.75,4825,4823.5,4824.5
1660767600,4824.25,4824.5,4824,4824.25
1660767900,4824.25,4824.5,4823.75,4824.5
1660768200,4824.5,4825.25,4824.25,4824.5
1660768500,4824.5,4825.25,4824.5,4824.75
1660768800,4824.75,4825.25,4824.5,4825.25
1660769100,4825.25,4825.5,4824.75,4825
1660769400,4825,4825.25,4824,4824
1660769700,4824.25,4825.5,4824,4824.75
1660773600,4823.5,4823.5,4818.5,4819
1660773900,4819.25,4820.25,4818.5,4819.75
1660774200,4820,4820.75,4819.25,4819.5
1660774500,4819.25,4820,4819.25,4819.5
1660774800,4819.75,4820.5,4819.5,4820.25
1660775100,4820.25,4820.75,4819.5,4820.25
1660775400,4820.5,4820.75,4819.75,4819.75
1660775700,4819.75,4820,4817.5,4817.5
1660776000,4817.5,4817.75,4816.25,4816.5
1660776300,4816.5,4817.5,4816.25,4816.25
1660776600,4816,4816.75,4815.25,4816.5
1660776900,4816.5,4816.75,4816,4816.25
1660777200,4816.25,4816.5,4814.75,4815.25
1660777500,4815,4815.75,4814.5,4815
1660777800,4814.75,4815.25,4814.5,4814.5
1660778100,4814.5,4814.75,4812,4812
1660778400,4812,4814.5,4812,4812.75
1660778700,4812.75,4813.5,4812,4812.5
1660779000,4812.25,4813.25,4811.25,4811.75
1660779300,4811.75,4812.75,4811.5,4811.75
1660779600,4812,4813.75,4811.75,4813.75
1660779900,4813.75,4815,4813.5,4814
1660780200,4814,4814.25,4811.25,4813
1660780500,4813,4814.5,4813,4813.5
1660780800,4813.5,4813.75,4811.5,4811.75
1660781100,4812,4813.25,4811.75,4811.75
1660781400,4811.75,4812,4810.5,4811
1660781700,4811,4813.5,4810.75,4813.25
1660782000,4813.25,4813.75,4811.5,4811.5
1660782300,4811.5,4811.5,4810,4810.25
1660782600,4810,4811,4808.75,4809.25
1660782900,4809.5,4810.5,4809,4810.5
1660783200,4810.5,4812,4810.25,4811
1660783500,4810.75,4812.5,4810.5,4811.75
1660783800,4812,4813.5,4811.5,4812.75
1660784100,4813,4813.25,4812,4812.75
1660784400,4812.75,4816,4812.25,4815.5
1660784700,4815.5,4816.5,4815,4815.25
1660785000,4815.5,4816.25,4815,4816.25
1660785300,4816.25,4819,4816.25,4819
1660785600,4818.75,4819.25,4817.5,4818
1660785900,4818,4818.5,4816,4817
1660786200,4817,4817.75,4815.75,4816.5
1660786500,4816.5,4817,4814.75,4815
1660786800,4815,4816,4814,4815.75
1660787100,4815.75,4816.5,4814.5,4815
1660787400,4815,4815.25,4812.5,4813.25
1660787700,4813,4814.5,4812.75,4814.5
1660788000,4814.25,4816,4814,4815.25
1660788300,4815,4819,4814.75,4818.25
1660788600,4818.25,4819.5,4817.25,4817.25
1660788900,4817.5,4818.25,4816.75,4818.25
1660789200,4818.25,4818.25,4816.25,4816.75
1660789500,4816.5,4817,4816.5,4817
1660789800,4817,4817,4815.75,4816.5
1660790100,4816.5,4817,4815.75,4817
1660790400,4817,4818,4817,4817.5
1660790700,4817.75,4818.25,4817.25,4817.75
1660791000,4818,4818,4817,4817.75
1660791300,4817.5,4817.5,4816.75,4817
1660791600,4817.25,4818.5,4817.25,4817.75
1660791900,4817.75,4818.5,4816.75,4818
1660792200,4818,4818.5,4817.5,4818
1660792500,4818,4819.25,4818,4819
1660792800,4818.75,4819,4818,4818.5
1660793100,4818.5,4819.5,4818,4819
1660793400,4819,4819.25,4818,4818
1660793700,4818,4818,4815.75,4816.5
1660794000,4816.25,4816.75,4814.75,4815.5
1660794300,4815.5,4816.5,4815.5,4816.25
1660794600,4816.25,4816.5,4815.75,4816.25
1660794900,4816.25,4817.25,4816,4816.75
1660795200,4816.5,4817,4816,4816
1660795500,4816.25,4817.5,4815.75,4817.5
1660795800,4817.25,4817.5,4816.5,4816.5
1660796100,4816.25,4817.5,4816.25,4817.5
1660796400,4817.5,4817.75,4817.25,4817.75
1660796700,4817.5,4818.5,4817.5,4818.25
1660797000,4818.25,4818.75,4818.25,4818.25
1660797300,4818,4818.25,4817,4817
1660797600,4817.25,4817.25,4815.5,4816
1660797900,4816.25,4817,4816,4816.5
1660798200,4816.75,4816.75,4815.5,4815.75
1660798500,4815.5,4815.5,4813.25,4813.5
1660798800,4813.5,4815,4813.25,4814.75
1660799100,4814.75,4816.5,4814.25,4816.5
1660799400,4816.5,4817.5,4816,4817
1660799700,4817,4817.5,4816.75,4817.25
1660800000,4817.25,4817.25,4816,4816.25
1660800300,4816.25,4818,4816.25,4818
1660800600,4818,4818,4815.25,4816.25
1660800900,4816.25,4816.75,4815.25,4816
1660801200,4816,4816.5,4815.75,4815.75
1660801500,4815.5,4815.5,4813.5,4814
1660801800,4814,4815.25,4812,4812.5
1660802100,4812.5,4812.5,4810,4810.25
1660802400,4810,4811.75,4807.5,4810.75
1660802700,4811,4813,4808.75,4812.75
1660803000,4813,4813.25,4811.25,4812.75
1660803300,4812.75,4814,4812,4813.5
1660803600,4813.5,4814,4811,4811.75
1660803900,4811.75,4811.75,4809,4809.5
1660804200,4809.5,4809.5,4805.25,4806.25
1660804500,4806.5,4808.5,4805.5,4806.75
1660804800,4806.75,4808,4805.5,4807.75
1660805100,4807.75,4808.75,4806.5,4806.75
1660805400,4807,4807.5,4804.5,4804.75
1660805700,4804.5,4805,4802.5,4803.75
1660806000,4803.75,4806.75,4803.75,4805.25
1660806300,4805,4809.75,4802,4809
1660806600,4809,4810,4808,4809.25
1660806900,4809,4809,4803.5,4803.5
1660807200,4803.5,4808,4803,4807.5
1660807500,4807.5,4810,4806.5,4808.75
1660807800,4808.5,4810.25,4807.75,4809.5
1660808100,4809.5,4810.75,4807.5,4810
1660808400,4810,4811.75,4808.75,4809
1660808700,4809,4809.5,4807.25,4809
1660809000,4809,4809.5,4806.75,4807.5
1660809300,4807.5,4809.75,4806.75,4809.25
1660809600,4809.5,4811.75,4809,4811
1660809900,4811.25,4813.25,4809.75,4811.75
1660810200,4811.5,4812,4810.5,4811.25
1660810500,4811.25,4812.5,4809.75,4809.75
1660810800,4809.5,4809.75,4807,4808.5
1660811100,4808.75,4808.75,4807.25,4808.5
1660811400,4808.5,4809.5,4807.75,4809.5
1660811700,4809.5,4810.25,4808,4809.25
1660812000,4809.25,4813.5,4808.5,4813
1660812300,4813,4815.5,4812.25,4814.5
1660812600,4814.5,4815.75,4813,4813.25
1660812900,4813,4817.75,4812.25,4817.5
1660813200,4817.75,4818.75,4816.5,4817.25
1660813500,4817.25,4821.75,4817.25,4820
1660813800,4820,4820.75,4818.5,4818.5
1660814100,4818.75,4820,4818.5,4819.75
1660814400,4819.5,4821,4819,4819.75
1660814700,4819.5,4823.25,4819.5,4821.25
1660815000,4821.5,4821.75,4820,4821
1660815300,4821,4823.75,4820.75,4823
1660815600,4823,4825.25,4822.5,4824.25
1660815900,4824,4825.75,4823,4824.5
1660816200,4824.5,4826.75,4822.75,4826.25
1660816500,4826.5,4827,4824.5,4826
1660816800,4826,4831.75,4825.75,4830.5
1660817100,4830.5,4832,4828.75,4829.5
1660817400,4829.5,4829.5,4826.75,4827
1660817700,4827.25,4827.75,4825.25,4826.75
1660818000,4826.75,4827.75,4825.75,4826.75
1660818300,4827,4827.75,4826.25,4826.5
1660818600,4826.75,4827.75,4826.5,4827.25
1660818900,4827.5,4829.25,4827.25,4828.75
1660819200,4828.75,4829.25,4826,4826
1660819500,4826,4826,4823.25,4824.5
1660819800,4824.5,4825.25,4823.25,4824.25
1660820100,4824.25,4825.5,4823.75,4824.25
1660820400,4824.5,4825,4822.5,4824
1660820700,4824.25,4826.25,4824.25,4825.75
1660821000,4825.75,4827,4825.75,4826.75
1660821300,4826.75,4827.25,4825.5,4825.5
1660821600,4825.5,4826.5,4824.5,4825
1660821900,4825,4825.5,4822.5,4822.5
1660822200,4822.75,4828.25,4822.25,4827.25
1660822500,4827,4829,4826.75,4828.25
1660822800,4828.25,4829,4826.5,4828.25
1660823100,4828.5,4830.25,4827.75,4828.75
1660823400,4828.5,4829,4827.25,4828.5
1660823700,4828.5,4830.5,4828,4830.25
1660824000,4830.25,4833.25,4829.5,4832.5
1660824300,4832.25,4836.75,4832.25,4834.75
1660824600,4834.75,4835,4830.75,4831
1660824900,4831,4831.25,4828.25,4828.25
1660825200,4828.25,4829.5,4828,4829
1660825500,4829,4830,4827.75,4828
1660825800,4828.5,4829,4822.75,4828.5
1660826100,4828.25,4829,4825,4826
1660826400,4825.75,4827,4822.25,4826.5
1660826700,4826.25,4827.25,4824.75,4827
1660827000,4826.75,4828.25,4824.75,4827
1660827300,4827,4828,4824.5,4828
1660827600,4828,4829,4825.5,4825.5
1660827900,4825.5,4825.75,4823,4824
1660828200,4824,4825.5,4823.75,4824.25
1660828500,4824.25,4825.5,4823.75,4825
1660828800,4825.25,4826.25,4824.25,4824.5
1660829100,4824.5,4824.5,4820.25,4821.75
1660829400,4821.5,4823.75,4814,4815.25
1660829700,4815.25,4820.75,4812.75,4818.75
1660830000,4819,4822.25,4815.5,4822.25
1660830300,4822.25,4823,4812,4812.25
1660830600,4812.25,4817.5,4811.25,4814.25
1660830900,4814.25,4816.75,4812,4813.5
1660831200,4813.25,4813.25,4808,4812.25
1660831500,4812,4814.5,4809.25,4813.75
1660831800,4813.75,4814.75,4810.25,4813.75
1660832100,4813.75,4816.5,4811.75,4816.25
1660832400,4816,4819.5,4815.5,4817.75
1660832700,4817.75,4819.25,4814.25,4814.25
1660833000,4814.5,4817,4810.75,4815.5
1660833300,4815.25,4818,4813.25,4817.5
1660833600,4817.5,4823.75,4816.75,4820.75
1660833900,4821,4826.25,4819.75,4825.5
1660834200,4825.5,4826.75,4821,4822
1660834500,4822.25,4822.75,4818,4820.5
1660834800,4820.5,4824,4816.5,4817.75
1660835100,4817.75,4818.75,4814.5,4818.25
1660835400,4818.25,4823,4818,4822.5
1660835700,4822.75,4826.25,4821,4822
1660836000,4822,4828.5,4821.5,4828.25
1660836300,4828.25,4829.75,4825.25,4828.5
1660836600,4828.25,4832,4826.25,4830
1660836900,4830,4832.5,4828,4831
1660837200,4831,4833.5,4829.25,4831
1660837500,4831,4833.75,4829.5,4832.5
1660837800,4832.75,4834.75,4830.5,4831.75
1660838100,4831.75,4834.25,4829.25,4829.5
1660838400,4829.5,4832.25,4827.75,4831.25
1660838700,4831.5,4832.25,4828.75,4829.25
1660839000,4829.25,4830.5,4827.5,4828.75
1660839300,4828.75,4830.25,4827.5,4828.25
1660839600,4828.5,4828.5,4818.75,4819.5
1660839900,4819.5,4821.75,4817.25,4819
1660840200,4819,4820.25,4816.75,4819.75
1660840500,4819.75,4820.5,4815.75,4817.75
1660840800,4817.75,4818.75,4812.25,4812.75
1660841100,4812.5,4818,4811.5,4817
1660841400,4816.75,4817.75,4815.5,4817.5
1660841700,4817.25,4818.5,4815.5,4816.75
1660842000,4816.75,4818.25,4814.75,4815.5
1660842300,4815.25,4822,4815,4821.75
1660842600,4821.75,4823.75,4817.75,4818
1660842900,4817.75,4822.25,4817.5,4822
1660843200,4821.75,4824.25,4820.25,4821.5
1660843500,4821.5,4824.5,4820.25,4823
1660843800,4823.25,4824.75,4821.25,4823.75
1660844100,4823.5,4826.5,4823.5,4826.5
1660844400,4826.5,4827,4825.25,4825.75
1660844700,4826,4826,4822.5,4823.25
1660845000,4823,4825.5,4822.75,4824.25
1660845300,4824,4824.25,4820.5,4822.75
1660845600,4822.75,4824.25,4820.5,4822.75
1660845900,4822.75,4827,4822,4826.5
1660846200,4826.5,4828.5,4824.25,4826
1660846500,4826,4828.5,4825.5,4827.75
1660846800,4827.75,4828,4825,4827.75
1660847100,4827.5,4828,4826,4827.25
1660847400,4827.25,4827.25,4822.5,4824.25
1660847700,4824.25,4824.75,4822.75,4824
1660848000,4823.75,4827.25,4823.25,4827.25
1660848300,4827,4827.5,4824.5,4825.25
1660848600,4825,4831.25,4824.75,4831
1660848900,4830.75,4831.75,4829,4829.5
1660849200,4829.75,4831.75,4828.25,4831.25
1660849500,4831,4832.75,4830.5,4831.25
1660849800,4831.25,4834.25,4830.5,4834.25
1660850100,4834.25,4837.5,4832.25,4836.75
1660850400,4836.75,4838.25,4833.75,4837.5
1660850700,4837.25,4838.25,4835.25,4837
1660851000,4836.75,4839.25,4834.75,4838.75
1660851300,4838.75,4839.5,4837.25,4837.25
1660851600,4837.5,4838.75,4835.5,4837.25
1660851900,4837,4837.75,4833.5,4835.25
1660852200,4835.25,4835.25,4827.75,4828.75
1660852500,4828.75,4833,4826.25,4832.5
1660852800,4832.25,4834,4830.5,4832.5
1660853100,4832.25,4832.25,4829.75,4830
1660853400,4829.75,4831.25,4828.5,4828.75
1660853700,4828.75,4831.25,4828.5,4830.75
1660854000,4830.75,4832,4830.5,4831.5
1660854300,4831.25,4832.5,4831,4831.75
1660854600,4831.5,4832.5,4831.5,4832
1660854900,4832.25,4832.5,4831.5,4831.5
1660855200,4831.5,4832.25,4831.25,4832.25
1660855500,4832.25,4832.5,4831.75,4832.25
1660855800,4832,4832.75,4831.75,4832.75
1660856100,4832.75,4833,4831.25,4832.25
1660860000,4831,4832,4827.75,4829.25
1660860300,4829,4831.25,4829,4830.5
1660860600,4830.75,4831.25,4829.5,4829.75
1660860900,4830,4830.5,4829.5,4829.75
1660861200,4830,4830.75,4829.75,4830.25
1660861500,4830.25,4831.5,4830,4830.25
1660861800,4830.25,4830.75,4829.75,4830
1660862100,4830,4830.25,4829.5,4830
1660862400,4830,4830.75,4830,4830.75
1660862700,4830.5,4830.75,4829.25,4829.25
1660863000,4829.25,4830,4829.25,4830
1660863300,4829.75,4829.75,4829.25,4829.25
1660863600,4829.25,4829.5,4828.75,4829
1660863900,4829,4829.25,4828.75,4829.25
1660864200,4829.25,4829.75,4829,4829.5
1660864500,4829.5,4829.5,4828.75,4829
1660864800,4829,4829,4828,4828.75
1660865100,4828.75,4830,4828.75,4829.75
1660865400,4830,4830,4828.75,4828.75
1660865700,4829,4829,4828.5,4828.5
1660866000,4828.5,4828.75,4827.75,4827.75
1660866300,4828,4828.75,4827.75,4828.75
1660866600,4828.75,4829.5,4828.25,4829.25
1660866900,4829.25,4830.5,4829,4830.25
1660867200,4830.25,4832,4827.75,4828
1660867500,4828,4828,4825,4826.75
1660867800,4826.75,4826.75,4824.25,4824.75
1660868100,4824.75,4826.5,4824.5,4826
1660868400,4826,4826.25,4825,4825.5
1660868700,4825.5,4825.5,4823.25,4823.75
1660869000,4823.75,4825.25,4823.5,4823.75
1660869300,4823.75,4824.25,4823,4823.75
1660869600,4823.5,4825,4823.25,4824.25
1660869900,4824.25,4824.5,4823.25,4824
1660870200,4823.75,4824.5,4823.25,4823.75
1660870500,4824,4825.75,4824,4824.75
1660870800,4824.75,4825,4823.75,4824.75
1660871100,4824.75,4826,4824.75,4825.25
1660871400,4825.25,4826.5,4825.25,4826
1660871700,4826,4826.75,4824.75,4825
1660872000,4825,4825.5,4824.25,4825
1660872300,4825,4825.5,4824.25,4824.5
1660872600,4824.75,4825,4821,4821.25
1660872900,4821.5,4823,4821.25,4823
1660873200,4823,4823.75,4822,4823
1660873500,4823,4824.5,4822.5,4824
1660873800,4824,4825.75,4824,4825
1660874100,4825,4825.5,4824.5,4825.25
1660874400,4825.25,4825.75,4824.25,4824.75
1660874700,4824.75,4826,4824,4824.5
1660875000,4824.5,4825.5,4823.5,4825.25
1660875300,4825,4825.75,4824.25,4824.5
1660875600,4824.75,4825.5,4824.5,4824.75
1660875900,4824.5,4825,4824.5,4824.75
1660876200,4824.75,4825.5,4824.75,4825.25
1660876500,4825.25,4828,4825.25,4827.5
1660876800,4827.5,4828,4826.75,4827
1660877100,4827.25,4827.25,4826.5,4827
1660877400,4827,4828.75,4827,4827.25
1660877700,4827.25,4829,4827,4828.75
1660878000,4829,4829.25,4828,4828
1660878300,4828,4828.5,4827.5,4828
1660878600,4828,4828.5,4827.75,4828.25
1660878900,4828,4828.75,4827.75,4828.25
1660879200,4828.25,4829,4827.5,4827.5
1660879500,4827.75,4828,4826.75,4826.75
1660879800,4826.75,4827,4823,4824.25
1660880100,4824.25,4825.5,4824.25,4825.25
1660880400,4825.5,4825.5,4824.25,4824.5
1660880700,4824.5,4825,4823.25,4824
1660881000,4823.75,4824.25,4823.25,4823.25
1660881300,4823.5,4823.75,4822.75,4823
1660881600,4822.75,4823.25,4822,4822.25
1660881900,4822,4822.75,4821.75,4822
1660882200,4822,4822.75,4821.75,4822.25
1660882500,4822.25,4823.25,4822.25,4823
1660882800,4823,4823.75,4822.75,4823.25
1660883100,4823.25,4823.5,4823,4823
1660883400,4823.25,4824,4823.25,4824
1660883700,4824,4824,4821,4821.75
1660884000,4821.75,4822.5,4821.25,4822
1660884300,4822,4822,4821,4821.25
1660884600,4821.5,4822.25,4821.25,4822
1660884900,4822,4822.5,4821.25,4821.75
1660885200,4821.75,4822.25,4820.25,4820.25
1660885500,4820,4821,4819.5,4821
1660885800,4821,4821.25,4819.75,4820.5
1660886100,4820.25,4821.5,4820.25,4820.5
1660886400,4820.5,4821.25,4819,4819.75
1660886700,4819.75,4820.25,4818.25,4819.5
1660887000,4819.5,4820,4818.25,4818.25
1660887300,4818,4818.25,4816.25,4817.25
1660887600,4817.5,4818,4816.25,4817.25
1660887900,4817.25,4819.25,4817.25,4819
1660888200,4819.25,4821.25,4819.25,4820.5
1660888500,4820.5,4820.75,4819.5,4819.5
1660888800,4819.5,4819.75,4817.5,4818.75
1660889100,4818.75,4819.5,4817.5,4817.75
1660889400,4817.75,4819,4816,4816.25
1660889700,4816.5,4817,4815.5,4816
1660890000,4816,4816.75,4815.25,4815.75
1660890300,4815.5,4816.5,4814.25,4815
1660890600,4815,4815.5,4812,4813.5
1660890900,4813.5,4814.25,4809,4810.25
1660891200,4810.25,4810.75,4807.5,4810
1660891500,4809.75,4809.75,4807.25,4807.75
1660891800,4807.75,4809.5,4807.25,4808
1660892100,4807.75,4808.25,4805,4806.25
1660892400,4806.25,4807.75,4804.5,4807.25
1660892700,4807.25,4810,4807,4808.5
1660893000,4808.5,4811.5,4808.25,4809.5
1660893300,4809.5,4811.75,4808.25,4811
1660893600,4811,4812,4809.5,4811.5
1660893900,4811.25,4811.5,4809.25,4811.25
1660894200,4811,4813.25,4811,4812
1660894500,4812,4812.5,4810.25,4810.75
1660894800,4811,4813,4810.75,4812.25
1660895100,4812,4813,4809.75,4810.25
1660895400,4810.25,4810.5,4808.25,4810
1660895700,4810,4812.5,4809.75,4810.25
1660896000,4810,4812.5,4809.25,4809.5
1660896300,4809.5,4810,4806.5,4806.75
1660896600,4806.75,4807.5,4805.5,4806
1660896900,4806,4806.25,4802.5,4804.75
1660897200,4804.75,4805,4799,4800
1660897500,4800,4800.5,4799,4800.25
1660897800,4800.25,4800.25,4794,4794.25
1660898100,4794.25,4796.25,4794,4795.75
1660898400,4795.5,4797,4795.25,4796
1660898700,4796.25,4798.5,4795.75,4797.25
1660899000,4797.25,4797.5,4795.25,4796.5
1660899300,4796.75,4798.75,4796,4798.75
1660899600,4798.5,4798.75,4796,4798
1660899900,4797.75,4798.5,4796.5,4797.75
1660900200,4797.5,4800,4796,4799
1660900500,4799.25,4801,4798.75,4800
1660900800,4800,4800.25,4797,4797.75
1660901100,4798,4799.75,4797.5,4799
1660901400,4799,4799.5,4798,4799
1660901700,4799,4801.5,4798.75,4801
1660902000,4801.25,4803.5,4801,4801.5
1660902300,4801.5,4803.25,4799.5,4800
1660902600,4800,4800,4797,4798.25
1660902900,4798,4799,4796,4796.75
1660903200,4796.75,4797.25,4794.5,4795.5
1660903500,4795.75,4796.5,4794,4794.25
1660903800,4794.25,4796.5,4794,4794.75
1660904100,4794.5,4797.75,4794.25,4797.75
1660904400,4797.75,4799,4796.25,4797
1660904700,4796.75,4797.5,4795.5,4796.75
1660905000,4796.75,4797.25,4794,4794
1660905300,4794.25,4795.5,4789.5,4789.75
1660905600,4789.5,4791.5,4785.5,4786.5
1660905900,4786.75,4787.5,4785.25,4785.75
1660906200,4786,4788,4785,4786.75
1660906500,4786.5,4789,4785.5,4788
1660906800,4788,4790.5,4787.75,4789
1660907100,4789,4790.25,4785.75,4790
1660907400,4790,4790.5,4788.5,4790
1660907700,4790,4790.75,4788,4788.25
1660908000,4788.5,4791.75,4788.25,4791.25
1660908300,4791.25,4791.25,4789,4789.25
1660908600,4789.75,4791.5,4787,4787.5
1660908900,4787.25,4788.25,4786,4788
1660909200,4788,4791.25,4786.25,4791.25
1660909500,4791.25,4792.25,4790.25,4791
1660909800,4791,4791.75,4790.25,4790.5
1660910100,4790.5,4793.75,4789.5,4793.75
1660910400,4793.5,4795.25,4792.5,4795.25
1660910700,4795.25,4796,4793.5,4794.25
1660911000,4794,4794.5,4790.25,4791.75
1660911300,4791.5,4793,4791,4792.75
1660911600,4793,4793,4787.75,4788.75
1660911900,4789,4790.25,4787.25,4790.25
1660912200,4790,4790.75,4787.75,4789.5
1660912500,4789.5,4793.5,4789,4793.25
1660912800,4793.25,4795.25,4793,4793
1660913100,4793,4795,4792.75,4793.5
1660913400,4793.25,4797,4793,4796.25
1660913700,4796.25,4797.25,4792.75,4793.75
1660914000,4793.75,4797,4792,4792
1660914300,4792,4795.75,4791.5,4795.75
1660914600,4795.75,4798,4793.75,4797.75
1660914900,4797.75,4799.75,4797.25,4799.75
1660915200,4799.5,4802.5,4798.75,4802
1660915500,4802,4804,4800.75,4803.25
1660915800,4803,4805.75,4798.75,4801.5
1660916100,4801.75,4805.75,4797.75,4799.75
1660916400,4800,4800.5,4791.75,4792.5
1660916700,4792.75,4793.75,4788.75,4790.25
1660917000,4790.25,4790.25,4783,4783.25
1660917300,4783.25,4787,4780.5,4784.25
1660917600,4784.25,4788,4781.25,4785.5
1660917900,4785.75,4788,4781.75,4781.75
1660918200,4781.75,4784.75,4780,4781
1660918500,4781,4784.75,4779,4783.5
1660918800,4783.5,4787.5,4781,4783
1660919100,4783,4785.25,4780,4784.75
1660919400,4784.75,4787.75,4782.5,4784.25
1660919700,4784,4785.5,4782.5,4784.5
1660920000,4784.25,4786.75,4779.75,4785
1660920300,4785,4787.75,4784.75,4786.75
1660920600,4786.5,4786.75,4779.5,4781.75
1660920900,4781.5,4783,4776.75,4777.25
1660921200,4777.5,4779.75,4775.75,4776.25
1660921500,4776.25,4778.5,4770.5,4771.25
1660921800,4771,4773,4769.5,4772.25
1660922100,4772,4774.25,4770.75,4773.75
1660922400,4773.5,4774.5,4771.5,4773.5
1660922700,4773.25,4776,4770.75,4775.25
1660923000,4775.25,4776.5,4771.25,4774.25
1660923300,4774,4777.5,4773.75,4776.25
1660923600,4776.25,4779.5,4775.25,4778
1660923900,4777.75,4783.5,4777,4780.75
1660924200,4780.75,4783.25,4778,4778.5
1660924500,4778.5,4779,4776.5,4777.5
1660924800,4777.75,4777.75,4774.25,4775.75
1660925100,4776,4777,4774,4774.75
1660925400,4774.5,4780.25,4774.5,4779.5
1660925700,4779.75,4783.25,4779.5,4781.75
1660926000,4781.5,4783,4780.25,4781.25
1660926300,4781.25,4781.25,4777.25,4778.5
1660926600,4778.5,4781.25,4777,4781
1660926900,4781,4787,4780.5,4786.75
1660927200,4786.5,4787,4783.5,4786.75
1660927500,4786.5,4788.25,4783.75,4783.75
1660927800,4784,4787.5,4783.75,4786.75
1660928100,4786.75,4789.75,4785.5,4785.5
1660928400,4785.75,4789.25,4784.75,4788.25
1660928700,4788.25,4788.75,4784.25,4786
1660929000,4786,4787,4782.75,4783.75
1660929300,4783.75,4785.5,4782.5,4783
1660929600,4782.75,4783.75,4781.5,4782.25
1660929900,4782.25,4782.75,4780,4780.5
1660930200,4780.5,4780.5,4772.75,4776.75
1660930500,4776.75,4777.25,4774,4775.5
1660930800,4775.25,4777.5,4775,4776.75
1660931100,4776.75,4778.5,4776,4778
1660931400,4778.25,4781.5,4777.5,4781.25
1660931700,4781.25,4782.75,4780,4781.25
1660932000,4781.25,4782.25,4779.25,4780.75
1660932300,4781,4782,4779.25,4780
1660932600,4780,4780.25,4774.25,4774.5
1660932900,4774.75,4775.25,4773,4773.5
1660933200,4773.75,4775.75,4772.5,4775.5
1660933500,4775.25,4777.25,4774,4776.5
1660933800,4776.5,4778,4774,4777
1660934100,4777,4777.25,4773.5,4773.5
1660934400,4773.5,4775.5,4771.5,4774.75
1660934700,4774.75,4776.25,4773.25,4775.25
1660935000,4775.25,4775.75,4770.5,4771.5
1660935300,4771.5,4772.75,4768,4770.75
1660935600,4770.75,4771.5,4765.75,4766.5
1660935900,4766.75,4768,4764.75,4766
1660936200,4766,4774.5,4766,4774
1660936500,4773.75,4776.75,4772.25,4774
1660936800,4774,4776.75,4772.75,4774.5
1660937100,4774.75,4776,4773.25,4775.75
1660937400,4775.75,4777.75,4773.5,4774.5
1660937700,4774.5,4776.25,4773.25,4774.5
1660938000,4774.5,4775.75,4771.75,4775.25
1660938300,4775.5,4776.75,4772,4775
1660938600,4775,4780.75,4774,4776
1660938900,4776,4778,4774,4774
1660939200,4774,4775.25,4773,4774.5
1660939500,4774.5,4775.5,4773.75,4775.25
1660939800,4775.5,4775.5,4773.5,4774.75
1660940100,4774.75,4774.75,4774,4774.25
1660940400,4774,4774.5,4773.5,4773.75
1660940700,4773.75,4773.75,4772.5,4773
1660941000,4773.25,4773.5,4772,4772
1660941300,4772.25,4773.25,4772,4772.5
1660941600,4772.75,4773,4772,4772.5
1660941900,4772.5,4773,4772.25,4772.75
1660942200,4772.75,4772.75,4772,4772.5
1660942500,4772.25,4773,4772,4772.5
1661119200,4765,4765.5,4755.25,4760
1661119500,4760,4760.5,4757.25,4759.5
1661119800,4759.25,4761,4758.75,4760.25
1661120100,4760.5,4761.5,4758.5,4760
1661120400,4760,4760.5,4759.25,4759.75
1661120700,4759.75,4762.75,4759.75,4762
1661121000,4762,4763.5,4761.75,4761.75
1661121300,4761.75,4762.25,4760.25,4761
1661121600,4760.75,4762.25,4760.75,4761.75
1661121900,4761.75,4762.5,4761.5,4762
1661122200,4762.25,4763,4762.25,4762.5
1661122500,4762.75,4763.25,4760.75,4761
1661122800,4761,4762,4760.5,4761.5
1661123100,4761.5,4762.5,4761.5,4761.5
1661123400,4761.75,4762.5,4760.25,4760.75
1661123700,4760.75,4761.75,4760.5,4761.5
1661124000,4761.25,4761.5,4759.5,4759.5
1661124300,4759.5,4759.5,4757,4758.25
1661124600,4758,4759.25,4756.75,4758.75
1661124900,4758.75,4759,4756.5,4757.25
1661125200,4757.25,4758.75,4756,4757
1661125500,4757,4757.25,4754.25,4754.5
1661125800,4754.5,4755.25,4752.75,4753
1661126100,4753,4753.75,4751,4753.5
1661126400,4753.5,4754.25,4750.25,4752.5
1661126700,4752.5,4754,4752.25,4753.25
1661127000,4753.5,4753.75,4752.25,4752.75
1661127300,4752.75,4755.5,4752.75,4754.25
1661127600,4754.25,4754.75,4753.5,4753.75
1661127900,4753.75,4753.75,4751.25,4752.5
1661128200,4752.25,4754.5,4751.75,4754
1661128500,4754.25,4756.5,4754.25,4754.75
1661128800,4754.5,4755,4753.75,4754.75
1661129100,4754.5,4755.25,4753.75,4755.25
1661129400,4755,4755.25,4754.25,4754.25
1661129700,4754.25,4754.75,4751.5,4752.5
1661130000,4752.5,4753.75,4752,4753
1661130300,4753,4753.5,4751.5,4752.5
1661130600,4752.5,4754,4752,4754
1661130900,4753.75,4754.75,4753,4754
1661131200,4754,4757.75,4754,4756.25
1661131500,4756.5,4758.75,4756,4757.75
1661131800,4757.5,4759,4757.25,4758.75
1661132100,4758.75,4759.5,4757.5,4758.25
1661132400,4758.5,4759.5,4757.75,4758
1661132700,4757.75,4759,4757.25,4757.5
1661133000,4757.5,4758.25,4756.75,4757
1661133300,4757,4758.25,4756.75,4757.5
1661133600,4757.75,4758.5,4757.25,4758.25
1661133900,4758.5,4759.75,4758.25,4759
1661134200,4759,4759.5,4758.25,4758.5
1661134500,4758.5,4759.25,4756.75,4758.75
1661134800,4758.75,4759.75,4758.75,4759.5
1661135100,4759.25,4761.25,4758.5,4759
1661135400,4759,4760.25,4758.75,4760
1661135700,4760,4760.25,4759.25,4760.25
1661136000,4760,4760,4758.5,4759
1661136300,4759.25,4760.5,4759,4760
1661136600,4760.25,4764.25,4760.25,4764
1661136900,4764,4765.25,4763.75,4764.75
1661137200,4765,4765,4763,4763
1661137500,4763,4763,4762.5,4763
1661137800,4763,4763.25,4762,4762.25
1661138100,4762.5,4762.5,4761.5,4761.75
1661138400,4761.75,4762.25,4761.25,4761.75
1661138700,4762,4762.5,4760.75,4762
1661139000,4762.25,4762.25,4759.75,4760
1661139300,4760,4760.5,4759.5,4759.75
1661139600,4760,4760.5,4759.25,4759.75
1661139900,4759.5,4760,4759,4759.5
1661140200,4759.5,4760,4758.5,4759
1661140500,4758.75,4759.75,4758.5,4759.5
1661140800,4759.25,4759.75,4758.5,4758.75
1661141100,4758.75,4759.25,4757.75,4757.75
1661141400,4757.75,4758.75,4757.5,4758
1661141700,4758,4758.5,4757.25,4758.25
1661142000,4758.5,4759,4758.25,4758.75
1661142300,4759,4759,4757.25,4757.5
1661142600,4757.75,4758,4756.75,4757.25
1661142900,4757.25,4757.5,4757,4757.25
1661143200,4757.25,4757.5,4756.25,4756.5
1661143500,4756.5,4756.75,4755.25,4755.75
1661143800,4755.75,4756.25,4755,4755.25
1661144100,4755.25,4756,4755,4755
1661144400,4755.25,4756.5,4755,4755.25
1661144700,4755.25,4755.75,4754.25,4755.25
1661145000,4755.25,4756,4753.5,4754.5
1661145300,4754.75,4757.25,4754.5,4756.75
1661145600,4756.75,4758.25,4756.25,4756.75
1661145900,4756.75,4757.25,4756.25,4757.25
1661146200,4757.25,4757.75,4756.25,4756.25
1661146500,4756.25,4756.25,4754.5,4754.75
1661146800,4754.75,4755.25,4754.25,4754.75
1661147100,4754.75,4755,4753.5,4753.75
1661147400,4753.75,4754.5,4753.5,4754
1661147700,4754,4755,4753.5,4753.75
1661148000,4754,4755,4750.75,4752
1661148300,4752,4752.25,4748.5,4749.5
1661148600,4749.25,4750.75,4747.75,4749.25
1661148900,4749.25,4753,4748,4752.25
1661149200,4752.25,4753.75,4752.25,4753.25
1661149500,4753.25,4753.5,4750.75,4751.75
1661149800,4751.5,4752,4748,4748
1661150100,4748,4749.75,4746.75,4747
1661150400,4747.25,4749.75,4747.25,4747.75
1661150700,4747.75,4750,4746.75,4748.25
1661151000,4748.25,4750.5,4748.25,4750
1661151300,4750,4751.5,4749.25,4751.5
1661151600,4751.5,4754,4748.75,4753
1661151900,4753,4757,4751.25,4751.25
1661152200,4751.5,4753.5,4750.25,4752
1661152500,4752,4753.25,4747.75,4747.75
1661152800,4747.75,4750.25,4747.25,4749.5
1661153100,4749.25,4750,4739.75,4740.25
1661153400,4740.5,4741.25,4737,4737.5
1661153700,4737.5,4741,4737.5,4740
1661154000,4740.25,4740.75,4736,4736.5
1661154300,4736.5,4737.5,4734,4734
1661154600,4734,4734.75,4730.75,4733
1661154900,4733,4734.5,4731.25,4733
1661155200,4733,4734,4727,4728
1661155500,4728,4731.5,4727,4729.25
1661155800,4729,4729.75,4725.5,4726.25
1661156100,4726.25,4729,4725.25,4727.75
1661156400,4727.5,4729.75,4726.75,4727
1661156700,4727,4730,4725.75,4728.5
1661157000,4728.5,4729.75,4724.5,4725
1661157300,4725,4727.25,4724,4726
1661157600,4726,4726.5,4722.25,4725.5
1661157900,4725.5,4727.75,4724.25,4727.25
1661158200,4727,4728.25,4726,4727
1661158500,4727,4730,4726.25,4728.75
1661158800,4728.5,4728.75,4725.25,4725.25
1661159100,4725.25,4727.25,4724.5,4727
1661159400,4727,4728.75,4725.5,4726.75
1661159700,4726.75,4729.5,4725.25,4728.5
1661160000,4728.75,4729,4726,4726.75
1661160300,4726.75,4726.75,4724.75,4725.75
1661160600,4725.75,4726,4720,4720.75
1661160900,4720.75,4722.5,4719.5,4720.5
1661161200,4720.25,4721.25,4719.75,4720.5
1661161500,4720.25,4724.25,4720.25,4724
1661161800,4724,4726.75,4723.75,4726.25
1661162100,4726.25,4727.25,4725.5,4725.5
1661162400,4725.75,4727,4724.75,4725
1661162700,4725,4729,4725,4727.75
1661163000,4727.75,4731.25,4727.75,4729
1661163300,4729,4730.75,4728.75,4730
1661163600,4729.75,4730.25,4728.5,4729.5
1661163900,4729.75,4729.75,4727.5,4727.75
1661164200,4727.75,4728.5,4726.25,4727.25
1661164500,4727.25,4729.5,4726.5,4729
1661164800,4728.75,4729.5,4725.75,4726.25
1661165100,4726.25,4729.5,4725.5,4729
1661165400,4729.25,4730.75,4728.5,4730.25
1661165700,4730.25,4731.25,4728.25,4728.75
1661166000,4729,4731.5,4728.75,4730
1661166300,4730,4730.5,4728.25,4728.75
1661166600,4728.75,4731,4728.5,4730.5
1661166900,4730.5,4731.25,4728.75,4729.25
1661167200,4729,4733,4728.75,4730.25
1661167500,4730.25,4730.25,4726.75,4728
1661167800,4728,4728,4725,4725.75
1661168100,4725.75,4727.25,4724.75,4727
1661168400,4727.25,4727.25,4725,4727.25
1661168700,4727.25,4728,4726,4726.25
1661169000,4726.25,4728,4725.5,4727.5
1661169300,4727.75,4729.75,4726.75,4729
1661169600,4728.75,4728.75,4725,4725.5
1661169900,4725.5,4726.75,4724.5,4724.5
1661170200,4724.75,4725.25,4723.25,4723.5
1661170500,4723.5,4725.5,4723.25,4725.25
1661170800,4725,4726,4724,4724.75
1661171100,4724.75,4725,4722.75,4724.75
1661171400,4724.75,4727.5,4723.75,4725.5
1661171700,4725.5,4726.5,4724.25,4725
1661172000,4724.75,4726,4723.75,4725.5
1661172300,4725.25,4726.25,4722.75,4725
1661172600,4725,4726,4723.75,4725
1661172900,4725,4725.75,4722.75,4723
1661173200,4723,4725,4721.75,4724.5
1661173500,4724.25,4725.75,4723.75,4725.5
1661173800,4725.25,4726.5,4723,4724.25
1661174100,4724.25,4725.75,4723.75,4725
1661174400,4725,4725.75,4722.75,4724.25
1661174700,4724.25,4725.5,4722.25,4722.75
1661175000,4722.75,4724.5,4714.25,4714.75
1661175300,4714.5,4716.5,4711.5,4714.5
1661175600,4714.75,4722.25,4713.25,4720
1661175900,4720,4720,4710.5,4710.75
1661176200,4710.5,4714.75,4708,4713.5
1661176500,4713.5,4716.5,4713,4714
1661176800,4714,4714.5,4709.5,4713.25
1661177100,4713.5,4714.25,4707,4711.25
1661177400,4711,4712.5,4707,4707.75
1661177700,4708,4709.25,4704.25,4705.75
1661178000,4705.75,4706,4699,4699.5
1661178300,4699.25,4704.5,4698.75,4700.5
1661178600,4700.75,4704.25,4697,4699
1661178900,4698.75,4703.25,4698.5,4702.5
1661179200,4702.5,4706.5,4701.25,4702.25
1661179500,4702.25,4706.5,4702,4705
1661179800,4704.75,4705,4698.25,4700
1661180100,4699.75,4701.5,4695.25,4695.25
1661180400,4695.25,4701.75,4695,4700.25
1661180700,4700.25,4702,4699.25,4700.5
1661181000,4700.5,4702.75,4697,4702
1661181300,4701.75,4704.75,4701.25,4703.5
1661181600,4703.5,4705.5,4702.75,4703.5
1661181900,4703.5,4704.25,4701.25,4701.75
1661182200,4701.75,4705.75,4699.75,4705
1661182500,4705,4707.75,4703.75,4705
1661182800,4705,4708.75,4705,4705.25
1661183100,4705.25,4707.25,4702.5,4704.75
1661183400,4704.75,4708.25,4704.75,4707
1661183700,4706.75,4709.25,4705,4706.5
1661184000,4706.5,4709.5,4705.25,4706.75
1661184300,4706.75,4708,4702.5,4702.75
1661184600,4702.75,4704,4701,4702
1661184900,4702,4704.75,4701.25,4704
1661185200,4704,4709,4703.75,4708.25
1661185500,4708.25,4709.25,4702.25,4703
1661185800,4703.25,4704.75,4702,4703.25
1661186100,4703.5,4707.5,4703,4706.75
1661186400,4706.75,4706.75,4700.5,4700.75
1661186700,4700.5,4703.5,4698.5,4702.25
1661187000,4702.25,4703.5,4701,4703.25
1661187300,4703,4704,4701,4703.5
1661187600,4703.25,4704,4698.5,4699
1661187900,4699,4699.75,4697.5,4698.75
1661188200,4698.5,4699,4695,4697.75
1661188500,4697.5,4698.25,4695.25,4696.5
1661188800,4696.5,4698.25,4694,4694.5
1661189100,4694.5,4696,4692.25,4692.75
1661189400,4693,4693.25,4688,4688
1661189700,4688,4690,4686.75,4688
1661190000,4688.25,4690.25,4687.75,4688.75
1661190300,4688.75,4690,4687.75,4688.25
1661190600,4688.25,4689.5,4687,4688
1661190900,4687.75,4688,4684.25,4685.5
1661191200,4685.25,4686.75,4683.75,4683.75
1661191500,4683.75,4686.5,4683.25,4683.5
1661191800,4683.5,4686,4682.5,4685.25
1661192100,4685.25,4687,4683.5,4686.25
1661192400,4686,4687.5,4684.75,4685
1661192700,4685,4686.5,4684.25,4684.5
1661193000,4684.5,4685.75,4682.5,4683.5
1661193300,4683.25,4684.75,4682,4682.75
1661193600,4682.75,4682.75,4679,4679
1661193900,4679.25,4681,4678.25,4679.25
1661194200,4679.25,4681.25,4677.75,4678.5
1661194500,4678.5,4680.75,4677,4680.25
1661194800,4680.25,4685,4680,4682.5
1661195100,4682.5,4685,4681.25,4684.75
1661195400,4684.75,4688.5,4684.75,4687.5
1661195700,4687.5,4689.5,4684,4684.25
1661196000,4684,4687.75,4683.5,4687
1661196300,4687.25,4688.75,4682.75,4683.25
1661196600,4683.5,4685,4679.5,4680.5
1661196900,4680.75,4686.5,4680.25,4685
1661197200,4685.25,4685.5,4675.5,4676
1661197500,4676,4681,4675.75,4681
1661197800,4680.75,4687.75,4679.5,4683.75
1661198100,4683.75,4688.25,4680.75,4686.75
1661198400,4686.75,4688.5,4685.75,4687.5
1661198700,4687.5,4688.5,4686.75,4688
1661199000,4687.75,4689.75,4687.5,4689
1661199300,4688.75,4689.25,4687.25,4688.25
1661199600,4688.25,4690.25,4688,4690.25
1661199900,4690,4690.75,4689.75,4690
1661200200,4690.25,4691,4690,4690.5
1661200500,4690.5,4691,4689.75,4690
1661200800,4690,4690.75,4689.75,4690
1661201100,4690,4690.75,4689.75,4690.75
1661201400,4690.75,4691,4690.25,4690.75
1661201700,4690.75,4691.25,4690,4690.5
1661205600,4691,4691.75,4687.75,4688.75
1661205900,4689,4691.25,4688.75,4691.25
1661206200,4691.25,4691.25,4690.5,4690.75
1661206500,4690.75,4691,4689.25,4689.5
1661206800,4689.75,4690.5,4689.25,4690.5
1661207100,4690.5,4691.5,4690.5,4690.75
1661207400,4690.75,4692.25,4690.5,4692.25
1661207700,4692.25,4693.25,4692,4693
1661208000,4693,4693.5,4692.25,4693.25
1661208300,4693,4693.75,4692.75,4693.75
1661208600,4693.75,4694.25,4692.75,4693.25
1661208900,4693,4693.5,4692.75,4693
1661209200,4692.75,4693.5,4692,4693
1661209500,4693,4693.75,4692.75,4693.25
1661209800,4693.25,4694.75,4693.25,4694
1661210100,4694,4694.75,4694,4694.25
1661210400,4694.25,4694.75,4694,4694.5
1661210700,4694.5,4694.5,4692.25,4693
1661211000,4692.75,4694.5,4692,4694.25
1661211300,4694.25,4695.25,4694,4694.25
1661211600,4694.5,4694.75,4694,4694.25
1661211900,4694.25,4695.25,4693.75,4695.25
1661212200,4695,4696.25,4694.5,4696.25
1661212500,4696.25,4697.25,4695.5,4696.25
1661212800,4696.5,4696.75,4694,4694.25
1661213100,4694.25,4695.75,4694,4694.75
1661213400,4694.5,4694.75,4694,4694.5
1661213700,4694.5,4696.75,4693,4696
1661214000,4696.25,4697.25,4695.25,4695.5
1661214300,4695.5,4697.5,4694.75,4697.25
1661214600,4697,4697.25,4694.75,4695.75
1661214900,4695.75,4696.25,4694.5,4694.5
1661215200,4694.5,4695,4693.5,4693.75
1661215500,4693.75,4694.5,4693.5,4694.5
1661215800,4694.25,4694.25,4690,4690.25
1661216100,4690.25,4691,4687.75,4688.75
1661216400,4688.5,4689,4687.25,4687.5
1661216700,4687.5,4691.5,4687.5,4691
1661217000,4691.25,4691.25,4689.5,4691
1661217300,4691.25,4691.75,4690.25,4691.5
1661217600,4691.5,4694.5,4691.5,4693.5
1661217900,4693.25,4694,4692.5,4693.5
1661218200,4693.5,4694.25,4692.5,4694
1661218500,4694.25,4694.25,4689,4690.5
1661218800,4690.75,4691.25,4689.75,4690.25
1661219100,4690.25,4692.25,4688.75,4691.25
1661219400,4691.25,4691.5,4689.25,4690.5
1661219700,4690.25,4690.75,4688.25,4689
1661220000,4688.75,4691,4688.75,4690.5
1661220300,4690.5,4692.75,4690.5,4691
1661220600,4690.75,4691,4690,4690.5
1661220900,4690.25,4691.5,4690,4690.25
1661221200,4690.25,4691.25,4689.25,4690.75
1661221500,4691,4691.25,4690.25,4690.5
1661221800,4690.25,4690.75,4690,4690.75
1661222100,4690.75,4693.5,4690.75,4692.25
1661222400,4692.25,4692.25,4691.5,4691.75
1661222700,4691.75,4695.5,4691.75,4694.75
1661223000,4694.75,4695.75,4694,4694.75
1661223300,4694.75,4695.25,4693.75,4694.75
1661223600,4694.75,4695.75,4693.25,4693.5
1661223900,4693.75,4694,4692.75,4693
1661224200,4693,4694.5,4692.75,4694.5
1661224500,4694.5,4694.75,4693,4693
1661224800,4693.25,4694.25,4693.25,4694.25
1661225100,4694.25,4694.5,4693,4693
1661225400,4693.25,4693.25,4692,4693
1661225700,4693,4693.25,4692,4692.5
1661226000,4692.25,4692.75,4691.75,4691.75
1661226300,4691.75,4692,4690.5,4691
1661226600,4691,4691.5,4690.75,4690.75
1661226900,4690.75,4691.25,4690.5,4691
1661227200,4690.75,4692.25,4690.75,4691.25
1661227500,4691.5,4691.5,4690,4690
1661227800,4690,4690.5,4689.5,4689.75
1661228100,4689.75,4690.5,4689,4689
1661228400,4689.25,4689.75,4689,4689.5
1661228700,4689.75,4690,4689.5,4689.5
1661229000,4689.5,4690.5,4689.25,4690.25
1661229300,4690.25,4690.25,4689.25,4689.5
1661229600,4689.5,4689.5,4688.5,4689
1661229900,4689,4689,4688.25,4688.25
1661230200,4688.5,4688.5,4687.25,4687.75
1661230500,4688,4688,4684.5,4686.5
1661230800,4686.25,4687.25,4684.75,4685.25
1661231100,4685.25,4685.75,4680.5,4681
1661231400,4681.25,4682.5,4680.5,4681.25
1661231700,4681.25,4681.25,4678.5,4680
1661232000,4680,4680.5,4678.5,4679.5
1661232300,4679.75,4680,4678,4679
1661232600,4679,4679.5,4676,4676.25
1661232900,4676.25,4678.25,4675.5,4677.25
1661233200,4677.5,4681,4677.25,4680.25
1661233500,4680.25,4680.5,4679,4679.25
1661233800,4679,4680.5,4678.5,4679.75
1661234100,4679.75,4681,4679.25,4679.25
1661234400,4679,4683,4679,4682.5
1661234700,4682.25,4683,4676.75,4676.75
1661235000,4677,4677.75,4669,4669.75
1661235300,4669.5,4671.25,4669.25,4669.75
1661235600,4669.75,4670,4666.75,4668.25
1661235900,4668.25,4670.5,4667.5,4667.75
1661236200,4667.5,4669.5,4666,4666.75
1661236500,4667,4667.25,4662,4662.25
1661236800,4662.5,4667.75,4662.5,4667.5
1661237100,4667.5,4667.75,4665,4667
1661237400,4667.25,4670,4667.25,4669
1661237700,4669.25,4670.75,4668.75,4669
1661238000,4669.25,4675.5,4668.75,4674.75
1661238300,4675,4680.5,4675,4680.25
1661238600,4680.25,4682,4677.5,4678.5
1661238900,4678.25,4684.75,4675.75,4680.75
1661239200,4680.75,4687.5,4680.5,4687
1661239500,4686.75,4689.25,4685,4686
1661239800,4686,4688.5,4682.25,4682.5
1661240100,4682.5,4686.25,4681.25,4684.75
1661240400,4685,4692,4685,4690.75
1661240700,4690.75,4694,4690.25,4692.25
1661241000,4692.25,4693,4690,4692.5
1661241300,4692.5,4694.5,4692,4692.5
1661241600,4692.25,4697.5,4692.25,4696.75
1661241900,4696.5,4699,4694.75,4696.75
1661242200,4697,4701,4696.75,4697.5
1661242500,4697.25,4700,4697.25,4699.25
1661242800,4699.25,4699.75,4696,4697.5
1661243100,4697.5,4697.75,4694.75,4695
1661243400,4694.75,4697.5,4693.5,4697.25
1661243700,4697.25,4697.75,4695.75,4697.5
1661244000,4697.75,4698.5,4696.25,4696.5
1661244300,4696.25,4697.5,4694.5,4694.5
1661244600,4694.75,4695.5,4693.75,4694.25
1661244900,4694.25,4694.75,4692.25,4692.75
1661245200,4692.5,4693.25,4691.25,4692
1661245500,4692,4696,4691.5,4695
1661245800,4695.25,4695.5,4692.75,4692.75
1661246100,4692.5,4694.25,4691.75,4692.25
1661246400,4692.25,4692.5,4691.25,4691.25
1661246700,4691,4691.75,4689.75,4690
1661247000,4690,4691.25,4689.75,4690
1661247300,4690,4691.25,4688.5,4688.75
1661247600,4688.75,4690.5,4688.75,4690.5
1661247900,4690.25,4695.5,4690.25,4694.75
1661248200,4695,4696.5,4694.25,4695.75
1661248500,4695.75,4697.5,4695.25,4696.75
1661248800,4696.75,4696.75,4694.75,4695
1661249100,4695,4695.5,4692,4692.5
1661249400,4692.75,4692.75,4691.25,4692.5
1661249700,4692.25,4692.75,4689.5,4689.5
1661250000,4689.5,4689.5,4686.75,4687
1661250300,4687,4688.25,4686,4686.5
1661250600,4686.25,4689.5,4686.25,4687
1661250900,4686.75,4688.5,4686.5,4688.5
1661251200,4688.5,4694.5,4688.5,4694.5
1661251500,4694.5,4695.25,4692,4692
1661251800,4692,4692.5,4690.25,4691.75
1661252100,4691.75,4692.75,4689,4689
1661252400,4689,4691.5,4687.75,4688
1661252700,4688,4688.25,4685,4686.25
1661253000,4686.25,4687.5,4684.75,4687.25
1661253300,4687.25,4688.5,4686.5,4688
1661253600,4687.75,4689.5,4687.75,4688.25
1661253900,4688.5,4688.5,4685.5,4686.75
1661254200,4686.75,4689.5,4686.75,4687
1661254500,4687,4689,4686,4688.5
1661254800,4688.5,4688.5,4687.5,4688
1661255100,4688,4690.5,4686,4690.25
1661255400,4690,4694,4689,4692.5
1661255700,4692.5,4693,4690.25,4692.5
1661256000,4692.5,4693.5,4690.75,4692.75
1661256300,4692.75,4693.5,4690.75,4691.5
1661256600,4691.5,4691.75,4689.25,4690
1661256900,4690,4690.75,4688,4689.25
1661257200,4689,4689.75,4686,4687.75
1661257500,4687.75,4690,4687.25,4689.75
1661257800,4690,4691,4685.5,4687.75
1661258100,4687.75,4687.75,4681.25,4681.75
1661258400,4681.5,4685.75,4681.5,4684.25
1661258700,4684,4685.5,4682,4682.25
1661259000,4682,4684,4680.5,4683.25
1661259300,4683.25,4684.25,4681,4682.25
1661259600,4682.5,4682.75,4677,4677.5
1661259900,4677.5,4680.5,4677,4679.75
1661260200,4679.5,4680,4677.75,4680
1661260500,4680,4680,4678.75,4679.5
1661260800,4679.5,4683.25,4678.75,4682.75
1661261100,4682.75,4684,4679.75,4681
1661261400,4681,4689,4679.25,4687.5
1661261700,4687.5,4691.25,4682.75,4682.75
1661262000,4683,4686.75,4675.25,4675.75
1661262300,4676,4690.25,4675.75,4688
1661262600,4688,4697,4688,4693
1661262900,4693.25,4696,4688.75,4690.5
1661263200,4690.25,4695.25,4685.5,4687.25
1661263500,4687,4701.25,4687,4701.25
1661263800,4701.25,4705.75,4699.75,4703
1661264100,4703.25,4705.25,4698.25,4700.75
1661264400,4700.5,4704.25,4699.25,4699.5
1661264700,4699.25,4700,4691.5,4691.75
1661265000,4692,4700.75,4690.75,4699.75
1661265300,4700,4701.25,4689,4689
1661265600,4689.25,4692.5,4686.5,4691
1661265900,4691,4693.5,4687.5,4692
1661266200,4692.25,4695.25,4684,4685
1661266500,4684.75,4685.5,4679,4680.5
1661266800,4680.5,4682,4671.5,4676.75
1661267100,4676.75,4678.75,4673.75,4676.75
1661267400,4676.75,4682.75,4675.75,4681.5
1661267700,4681.5,4687,4681,4684.75
1661268000,4684.75,4686.75,4682.5,4684.5
1661268300,4684.5,4685.5,4679.25,4679.5
1661268600,4679.25,4684,4679.25,4681.75
1661268900,4681.75,4687,4681.75,4685.5
1661269200,4685.25,4686.25,4678.5,4681.5
1661269500,4681.75,4685.5,4681,4684
1661269800,4684,4686.25,4681,4682.5
1661270100,4682.5,4682.5,4678,4681
1661270400,4681,4681.5,4675.25,4677.5
1661270700,4677.25,4681,4675,4681
1661271000,4681.25,4681.25,4677.5,4678.75
1661271300,4678.75,4679.5,4672.25,4673.25
1661271600,4673.25,4674,4669,4670.25
1661271900,4670,4675,4669,4669.75
1661272200,4669.5,4674.75,4669.25,4674.5
1661272500,4674.5,4681,4674,4680
1661272800,4680.25,4682.25,4678.75,4681
1661273100,4681,4682.25,4678.25,4678.5
1661273400,4678.5,4682.25,4677.75,4680.75
1661273700,4681,4683.75,4679.5,4682.25
1661274000,4682.5,4684.5,4681.25,4683
1661274300,4683,4683,4678,4679
1661274600,4679.25,4681,4676,4681
1661274900,4681.25,4684,4678.5,4679
1661275200,4679,4681.75,4676.75,4676.75
1661275500,4677,4686.25,4676.75,4684.75
1661275800,4685,4687.5,4684.5,4687.25
1661276100,4687,4687,4680.75,4681.25
1661276400,4681.5,4683.5,4679.25,4680.25
1661276700,4680.25,4681,4677.25,4678.75
1661277000,4678.75,4678.75,4671.75,4675.5
1661277300,4675.25,4677.75,4673.5,4676
1661277600,4676.25,4676.25,4673.25,4674.75
1661277900,4674.75,4678.75,4674,4677.5
1661278200,4677.5,4678,4674.5,4677
1661278500,4676.75,4680.5,4676,4679.75
1661278800,4680,4684,4679.5,4683.5
1661279100,4683.5,4683.5,4681,4682.75
1661279400,4682.5,4684,4678.5,4679.5
1661279700,4679.5,4682,4678.5,4681.75
1661280000,4681.75,4684.5,4679,4681.75
1661280300,4681.75,4682.25,4677.25,4679
1661280600,4678.75,4679,4676,4676.75
1661280900,4676.5,4680.75,4676.25,4679.75
1661281200,4679.75,4684.25,4679.25,4683.25
1661281500,4683.25,4684.5,4681.5,4684
1661281800,4684.25,4685.25,4680.75,4681.25
1661282100,4681.25,4686.75,4681,4686
1661282400,4686.25,4686.25,4681.5,4682
1661282700,4682.25,4683.25,4680.5,4682.5
1661283000,4682.5,4683.5,4679.25,4681
1661283300,4681,4681.75,4677.75,4678.25
1661283600,4678.5,4683.75,4678,4681.5
1661283900,4681.25,4681.25,4676,4678
1661284200,4678,4678.5,4673,4677
1661284500,4676.75,4679.75,4673,4675
1661284800,4675.25,4677.25,4671.75,4672.25
1661285100,4672.5,4673.25,4671.75,4672
1661285400,4672.25,4673.5,4671.75,4673
1661285700,4673,4673.25,4672.5,4673
1661286000,4673,4674.25,4673,4673.5
1661286300,4673.75,4674,4672.5,4674
1661286600,4674,4674,4672.75,4672.75
1661286900,4672.75,4673,4672.25,4672.5
1661287200,4672.75,4673,4671.75,4672.25
1661287500,4672.25,4672.75,4671.5,4671.75
1661287800,4672,4672.75,4671.5,4672.5
1661288100,4672.75,4673,4671.5,4672
1661292000,4672.25,4674.25,4670.75,4673.25
1661292300,4673.75,4675,4673.5,4675
1661292600,4675,4675.5,4674.25,4674.25
1661292900,4674.5,4675.5,4674.5,4675.25
1661293200,4675.25,4675.5,4674.5,4674.75
1661293500,4674.75,4675,4674,4674.75
1661293800,4674.5,4675.25,4673,4673
1661294100,4673.25,4674.25,4673,4673.75
1661294400,4673.75,4675,4673.75,4674.75
1661294700,4675,4675.75,4674.5,4675
1661295000,4675.25,4675.25,4674.75,4675
1661295300,4675,4675,4674.5,4674.75
1661295600,4675,4676.25,4675,4675.5
1661295900,4675.75,4676.75,4675.75,4676.25
1661296200,4676.25,4676.25,4675.25,4675.75
1661296500,4676,4676.75,4675.75,4676.5
1661296800,4676.25,4677,4676.25,4676.5
1661297100,4676.5,4676.75,4675.25,4675.25
1661297400,4675.25,4675.25,4673,4673.75
1661297700,4673.75,4674.5,4673.5,4674.25
1661298000,4674.25,4674.25,4673,4673.75
1661298300,4673.75,4674,4672.75,4673.75
1661298600,4674,4674.25,4671.5,4671.75
1661298900,4671.75,4673,4671.5,4672.75
1661299200,4672.75,4675.5,4671.25,4673.5
1661299500,4673.5,4674.75,4672.75,4673.5
1661299800,4673.5,4674,4671.5,4673.5
1661300100,4673.25,4675,4672.25,4673.5
1661300400,4673.5,4673.75,4671.75,4672
1661300700,4671.75,4672.75,4671.5,4672.25
1661301000,4672.25,4674,4672,4672
1661301300,4672,4672.25,4669.75,4670
1661301600,4670.25,4671,4669,4669.5
1661301900,4669.25,4671.5,4669.25,4671.25
1661302200,4671.5,4672,4670.75,4671.5
1661302500,4671.75,4672.5,4670.5,4670.75
1661302800,4670.5,4671,4669.5,4670
1661303100,4669.75,4670.75,4669,4669.5
1661303400,4669.75,4670.25,4669,4669.75
1661303700,4669.75,4671.5,4669.75,4670.5
1661304000,4670.5,4670.5,4669.5,4670.25
1661304300,4670.25,4671,4669,4669
1661304600,4669,4669.75,4669,4669.25
1661304900,4669.25,4670.25,4669,4670.25
1661305200,4670.5,4670.5,4665,4666.25
1661305500,4666,4666.75,4662.75,4663.25
1661305800,4663.5,4663.75,4659.75,4662.75
1661306100,4663,4663.5,4660.75,4663
1661306400,4663.25,4664.75,4662.75,4664.25
1661306700,4664.5,4664.75,4662.75,4663
1661307000,4663,4663,4661,4662.75
1661307300,4662.75,4664,4662.5,4663.5
1661307600,4663.75,4664.75,4662.5,4663.75
1661307900,4663.75,4664.5,4663.5,4663.75
1661308200,4663.5,4663.75,4661.5,4663
1661308500,4663,4663,4660.25,4661
1661308800,4661,4661.75,4658.5,4658.75
1661309100,4658.75,4660.5,4658,4658.75
1661309400,4659,4659.75,4658.75,4659
1661309700,4659.25,4660.5,4658.25,4660
1661310000,4660,4660.5,4659.25,4659.5
1661310300,4659.5,4661.5,4659.5,4660
1661310600,4660.25,4660.75,4660,4660.5
1661310900,4660.5,4661.25,4660,4660.25
1661311200,4660.5,4660.75,4659,4659.75
1661311500,4660,4660,4658.5,4659.5
1661311800,4659.5,4661,4659.5,4660.5
1661312100,4660.75,4661,4660,4660.5
1661312400,4660.75,4661.5,4660.25,4660.25
1661312700,4660.5,4660.75,4659.75,4660.25
1661313000,4660,4661.25,4659.75,4661
1661313300,4661,4661,4660,4660
1661313600,4660,4660,4659,4659.25
1661313900,4659.5,4660,4658.75,4659.25
1661314200,4659,4659,4657.5,4658.5
1661314500,4658.5,4660.25,4658.5,4660
1661314800,4660,4661.75,4660,4661
1661315100,4660.75,4661.5,4660.5,4660.75
1661315400,4660.75,4661.25,4660.75,4661
1661315700,4661,4662,4660.25,4661.5
1661316000,4661.25,4663.5,4661,4663.25
1661316300,4663.25,4664.5,4662.75,4664.25
1661316600,4664.25,4668.5,4664.25,4668.25
1661316900,4668,4670,4667.75,4669
1661317200,4668.75,4669.75,4667.75,4668.5
1661317500,4668.25,4669,4667.5,4667.5
1661317800,4667.5,4668.75,4667,4667.5
1661318100,4667.5,4668,4666.25,4666.5
1661318400,4666.5,4668,4666.25,4666.75
1661318700,4667,4668.5,4666.5,4668.5
1661319000,4668.25,4670.25,4667.75,4669
1661319300,4669.25,4670.25,4668.75,4669.5
1661319600,4669.75,4670,4668.75,4670
1661319900,4669.75,4671,4669,4669.5
1661320200,4669.5,4669.75,4667.75,4668.25
1661320500,4668.25,4669.5,4668,4668.75
1661320800,4669,4671.5,4668.5,4671
1661321100,4671,4673.5,4671,4673.5
1661321400,4673.25,4673.25,4670.5,4670.75
1661321700,4671,4671,4669,4669
1661322000,4669,4669.25,4665.5,4666.75
1661322300,4667,4667.75,4666.25,4666.5
1661322600,4666.5,4666.75,4664.25,4665.75
1661322900,4665.75,4669,4665.75,4668.25
1661323200,4668.5,4668.75,4666.75,4668
1661323500,4667.75,4668.5,4666.5,4666.5
1661323800,4666.5,4668.75,4665.5,4668.5
1661324100,4668.5,4670,4668.25,4668.75
1661324400,4668.75,4672.75,4665.75,4671.5
1661324700,4671.5,4673.25,4670,4670.5
1661325000,4670.5,4676,4669.25,4672
1661325300,4671.75,4672,4667.25,4667.75
1661325600,4667.75,4667.75,4662.75,4664.25
1661325900,4664,4664.25,4660.25,4661.75
1661326200,4661.75,4661.75,4654.75,4656.25
1661326500,4656,4662.75,4655.5,4662.25
1661326800,4662.5,4665.25,4661.75,4663
1661327100,4662.75,4666.5,4661.75,4665.5
1661327400,4665.25,4665.25,4662.25,4664.5
1661327700,4664.75,4665,4660.75,4663
1661328000,4663,4667.5,4661.75,4666.25
1661328300,4666,4668.75,4665.75,4668
1661328600,4668.25,4671.25,4667.25,4671.25
1661328900,4671.25,4671.5,4668.5,4671.25
1661329200,4671.25,4672.75,4670.25,4672.5
1661329500,4672.25,4673.25,4671.5,4671.75
1661329800,4671.75,4679.5,4671.75,4677.25
1661330100,4677.25,4679.25,4676,4676.25
1661330400,4676.25,4677,4673.25,4674.25
1661330700,4674.25,4677.75,4673.75,4676.75
1661331000,4677.25,4677.25,4674.5,4676.5
1661331300,4676.5,4677.75,4675,4677.5
1661331600,4677.75,4679.5,4677,4678.25
1661331900,4678.25,4678.75,4675.5,4678.75
1661332200,4678.75,4679.5,4676.75,4676.75
1661332500,4676.75,4677,4675,4675.5
1661332800,4675.5,4676.25,4675,4675.25
1661333100,4675.25,4675.75,4674.25,4674.25
1661333400,4674.25,4674.5,4670.75,4671.75
1661333700,4672,4672.5,4670.75,4671.5
1661334000,4671.5,4674.25,4671.5,4673.25
1661334300,4673.5,4673.5,4671.25,4672
1661334600,4671.75,4673,4670.25,4672
1661334900,4672.25,4673,4670.25,4671.5
1661335200,4671.5,4672.5,4671,4672
1661335500,4672,4674,4671.25,4673.5
1661335800,4673.75,4674.5,4672.5,4674
1661336100,4674,4674,4672.25,4673
1661336400,4673.25,4675.25,4672.25,4674.25
1661336700,4674,4674.25,4671.25,4673.75
1661337000,4673.5,4674.25,4672,4674
1661337300,4674.25,4675.25,4673.5,4673.5
1661337600,4673.75,4674,4670.25,4673.75
1661337900,4673.75,4674,4671.25,4671.75
1661338200,4671.75,4672,4670,4670.25
1661338500,4670.25,4671,4669,4670.5
1661338800,4670.5,4672.5,4669.75,4672.25
1661339100,4672.25,4674,4671,4674
1661339400,4674,4676,4674,4675.75
1661339700,4675.75,4676.5,4674,4675.25
1661340000,4675,4676.75,4674,4675.25
1661340300,4675.5,4677,4673.5,4677
1661340600,4676.75,4678.5,4675.75,4676.25
1661340900,4676,4678.25,4675,4677.25
1661341200,4677.25,4679,4676.25,4678.5
1661341500,4678.75,4682.25,4678,4682
1661341800,4681.75,4683.5,4680.75,4683.25
1661342100,4683.25,4683.75,4680.75,4682
1661342400,4681.75,4686,4681.5,4685.25
1661342700,4685.25,4685.75,4683,4683.5
1661343000,4683.25,4684.25,4682,4684.25
1661343300,4684,4685.75,4682.25,4682.75
1661343600,4682.75,4682.75,4679.75,4681.75
1661343900,4681.5,4683.25,4680.75,4681.5
1661344200,4681.5,4683,4679.25,4680.5
1661344500,4680.5,4680.5,4677.25,4677.75
1661344800,4677.5,4677.5,4674,4676.5
1661345100,4676.25,4676.5,4672.75,4675.5
1661345400,4675.5,4678,4674.25,4677.5
1661345700,4677.5,4679,4676.75,4677.75
1661346000,4677.5,4677.75,4675,4675.25
1661346300,4675.25,4677.5,4674.5,4676.75
1661346600,4676.75,4677.5,4673.5,4674.75
1661346900,4674.5,4674.75,4673,4673.75
1661347200,4673.75,4674.75,4672.75,4673.75
1661347500,4673.75,4674,4671,4672.25
1661347800,4672.5,4673.75,4665.75,4666
1661348100,4666,4674.25,4665.25,4674.25
1661348400,4674.5,4678,4670.75,4676.5
1661348700,4676.5,4678,4672.5,4673.75
1661349000,4673.75,4677.25,4671.5,4673
1661349300,4672.75,4675.25,4670.5,4674
1661349600,4674,4679.5,4670.5,4671.5
1661349900,4671.5,4677.75,4669.75,4674.75
1661350200,4674.75,4679.5,4674.5,4677.75
1661350500,4677.75,4685,4675.75,4685
1661350800,4685,4686.25,4681.75,4684
1661351100,4683.75,4687.5,4683,4683.5
1661351400,4683.75,4686.25,4679.75,4683.5
1661351700,4683.5,4686.5,4679,4680
1661352000,4679.75,4680.25,4675.25,4678
1661352300,4678,4681.25,4676.25,4681
1661352600,4681,4683.75,4678.75,4681.5
1661352900,4681.5,4685,4680,4681.75
1661353200,4681.75,4685,4681,4683
1661353500,4683,4685.5,4681,4684.25
1661353800,4684.25,4692,4682.5,4692
1661354100,4691.75,4697.75,4691.75,4693
1661354400,4693.25,4695.5,4692.75,4694.75
1661354700,4694.75,4697.25,4694,4695.5
1661355000,4695.75,4698.25,4694,4695
1661355300,4695,4696,4693.5,4695.5
1661355600,4695.5,4697.25,4694.5,4697.25
1661355900,4697.25,4699.5,4697,4698
1661356200,4698.25,4702,4697.5,4702
1661356500,4701.75,4702.5,4698,4698.25
1661356800,4698.25,4700.75,4697.5,4699.75
1661357100,4700,4701,4698.5,4700
1661357400,4700,4701.25,4698.25,4699
1661357700,4699,4701,4698,4698
1661358000,4698.25,4698.5,4695.25,4696
1661358300,4696,4697.5,4694.5,4695
1661358600,4695,4695.25,4692.25,4694
1661358900,4694,4694,4687.25,4688.75
1661359200,4688.75,4690,4679.25,4681.75
1661359500,4681.75,4684.25,4680.25,4682
1661359800,4682,4682.25,4679,4680.5
1661360100,4680.5,4682.25,4679.75,4681.75
1661360400,4681.75,4683,4679.75,4680.5
1661360700,4680.25,4686.25,4680.25,4686
1661361000,4686,4686.5,4683.25,4683.75
1661361300,4683.75,4685.75,4682,4682
1661361600,4682.25,4683.25,4679.75,4680
1661361900,4680,4681,4676.25,4677
1661362200,4677,4679.25,4676,4677.25
1661362500,4677.25,4679.5,4676.75,4679.25
1661362800,4679,4679.75,4677,4679.25
1661363100,4679.5,4681.5,4678.5,4680.25
1661363400,4680.25,4682.5,4680,4680
1661363700,4679.75,4682,4679.25,4682
1661364000,4681.75,4684,4680.25,4683
1661364300,4683,4685.25,4680.5,4684.5
1661364600,4684.5,4685.25,4683,4683.25
1661364900,4683.5,4684.25,4682,4683.5
1661365200,4683.5,4685.5,4681.25,4685
1661365500,4685,4685.5,4683.25,4684
1661365800,4684,4684.25,4679.25,4680
1661366100,4680.25,4682,4679,4682
1661366400,4682,4683.25,4680.75,4681.25
1661366700,4681.5,4681.5,4678.25,4680.25
1661367000,4680.25,4683.5,4679.75,4683.25
1661367300,4683.5,4685.75,4682.5,4684.75
1661367600,4684.75,4686.25,4683.5,4686
1661367900,4686.25,4690.25,4686,4689.25
1661368200,4689.5,4692.5,4688.5,4692.25
1661368500,4692.25,4693.5,4690,4693.25
1661368800,4693.25,4693.25,4690.5,4691.5
1661369100,4691.5,4691.75,4688,4689.5
1661369400,4689.5,4691.5,4689,4691.5
1661369700,4691.5,4695.75,4691.5,4695.25
1661370000,4695.5,4696.25,4693.5,4695.25
1661370300,4695.25,4695.25,4692.5,4693.25
1661370600,4693.25,4694.25,4690.5,4691.75
1661370900,4691.5,4692,4685,4687.75
1661371200,4687.75,4690.25,4686,4690
1661371500,4689.75,4690,4688.5,4690
1661371800,4689.75,4691,4689.25,4690.75
1661372100,4690.5,4692,4690.5,4691.5
1661372400,4691.5,4692.75,4687,4691.25
1661372700,4691,4692,4690.75,4691.5
1661373000,4691.25,4692.25,4691,4691
1661373300,4691,4691.25,4690,4690.75
1661373600,4690.75,4693.25,4690.5,4693.25
1661373900,4693.25,4693.75,4693,4693.25
1661374200,4693.25,4694.25,4692.75,4693.5
1661374500,4693.5,4693.75,4693.5,4693.5
1661378400,4692.75,4694,4692,4693.5
1661378700,4693.25,4694.75,4693,4694.75
1661379000,4694.75,4694.75,4693.25,4693.75
1661379300,4693.5,4694,4692.75,4693
1661379600,4693,4693,4692.25,4692.5
1661379900,4692.5,4694,4692,4693.5
1661380200,4693.5,4693.5,4692.25,4692.5
1661380500,4692.5,4692.75,4691.75,4692.75
1661380800,4692.5,4693,4691.75,4692
1661381100,4691.75,4692,4691.5,4691.75
1661381400,4691.75,4692,4691,4691.5
1661381700,4691.25,4692,4691.25,4692
1661382000,4692,4693.5,4691.75,4693
1661382300,4693.25,4693.25,4691.25,4691.25
1661382600,4691.25,4691.75,4691.25,4691.25
1661382900,4691.25,4691.75,4691.25,4691.5
1661383200,4691.5,4692.5,4691.5,4692
1661383500,4691.75,4692.25,4691.75,4692.25
1661383800,4692,4692,4690.5,4690.75
1661384100,4690.75,4691,4690.5,4690.5
1661384400,4690.75,4691,4690.75,4690.75
1661384700,4690.75,4691,4688.25,4688.5
1661385000,4688.75,4689.25,4688.5,4689
1661385300,4688.75,4689.75,4688.5,4689.5
1661385600,4689.75,4690.5,4687,4688
1661385900,4688.25,4690.75,4688,4690
1661386200,4690,4690.5,4689.5,4690.25
1661386500,4690.25,4691,4689.75,4690.25
1661386800,4690.25,4691,4689.75,4690.5
1661387100,4690.75,4691,4690.25,4691
1661387400,4690.75,4694.75,4690.75,4694.5
1661387700,4694.5,4697.25,4693,4696.75
1661388000,4696.75,4697.25,4695.75,4696.5
1661388300,4696.5,4698,4696.25,4696.75
1661388600,4697,4698.25,4696.5,4697.75
1661388900,4697.75,4698,4696.75,4697.25
1661389200,4697.25,4698,4697,4697
1661389500,4697.25,4697.5,4696.5,4696.5
1661389800,4696.5,4697.5,4696.25,4696.25
1661390100,4696.5,4699,4696.5,4698.5
1661390400,4698.75,4698.75,4696.5,4696.75
1661390700,4696.75,4697.75,4696.75,4697.25
1661391000,4697.25,4698.5,4697.25,4698.25
1661391300,4698.5,4700.75,4698.5,4700.25
1661391600,4700.25,4700.5,4699.25,4699.25
1661391900,4699.25,4700.5,4698.75,4700.25
1661392200,4700.25,4701.25,4699.5,4700
1661392500,4700,4700,4698.75,4698.75
1661392800,4698.75,4699.5,4697.75,4697.75
1661393100,4697.75,4699,4697.75,4698.75
1661393400,4698.5,4698.75,4697.25,4697.5
1661393700,4697.5,4698.5,4697,4697.75
1661394000,4698,4700,4697.5,4699.75
1661394300,4699.5,4700.25,4699.25,4700
1661394600,4700.25,4701,4699.5,4700.75
1661394900,4700.75,4701,4699.5,4699.75
1661395200,4699.75,4700.25,4699.5,4699.5
1661395500,4699.75,4699.75,4698.5,4698.75
1661395800,4699,4699,4698.25,4698.75
1661396100,4699,4699.25,4698.75,4698.75
1661396400,4699,4699.5,4698.25,4699.25
1661396700,4699,4699.75,4698.5,4699.5
1661397000,4699.75,4700.25,4699.25,4700.25
1661397300,4700.25,4700.75,4699.5,4700
1661397600,4700,4700.25,4698.75,4699
1661397900,4699,4700.25,4699,4699.75
1661398200,4699.75,4699.75,4697.75,4697.75
1661398500,4697.75,4698,4697,4697.5
1661398800,4697.5,4697.75,4696.75,4697.25
1661399100,4697.5,4698,4696.75,4697
1661399400,4697.25,4698.5,4697,4698.25
1661399700,4698.25,4698.5,4697.5,4698.25
1661400000,4698.25,4698.5,4697.5,4698.5
1661400300,4698.5,4699,4698.5,4698.75
1661400600,4698.75,4699.75,4698.75,4699.75
1661400900,4699.75,4700,4698.5,4698.75
1661401200,4698.75,4699.5,4698.5,4699
1661401500,4699.25,4700,4699,4700
1661401800,4700,4703.25,4700,4703
1661402100,4703,4703.25,4702.25,4702.25
1661402400,4702.25,4702.75,4702,4702
1661402700,4702.25,4702.75,4702.25,4702.75
1661403000,4702.75,4704.5,4702.5,4704.5
1661403300,4704.5,4705,4703.5,4704
1661403600,4704,4707.25,4704,4706
1661403900,4705.75,4707.5,4705.5,4705.75
1661404200,4706,4706,4704.75,4705.25
1661404500,4705,4706.25,4704.5,4704.5
1661404800,4704.5,4705.25,4703.25,4703.5
1661405100,4703.25,4704.25,4703,4703.75
1661405400,4703.75,4703.75,4702.75,4703
1661405700,4703,4703,4702,4702.5
1661406000,4702.5,4702.75,4702,4702.5
1661406300,4702.5,4703.25,4702,4702.5
1661406600,4702.5,4703.25,4702,4702.25
1661406900,4702.25,4703,4702,4702.75
1661407200,4702.75,4704,4702.25,4703.75
1661407500,4703.75,4704,4702,4703
1661407800,4703.25,4706,4703.25,4705.25
1661408100,4705.25,4730.25,4705.25,4727
1661408400,4727.25,4727.25,4719.25,4719.5
1661408700,4719.75,4722.75,4719.5,4721.75
1661409000,4722,4726.25,4720.75,4726.25
1661409300,4726.25,4726.5,4723.25,4725
1661409600,4724.75,4727.5,4724,4727.5
1661409900,4727.75,4731.75,4726.75,4727.5
1661410200,4727.5,4728.25,4724,4727.5
1661410500,4727.5,4727.5,4725.25,4725.25
1661410800,4725.75,4727,4723.25,4725.75
1661411100,4725.75,4726.25,4723.75,4724.75
1661411400,4724.75,4725,4721.75,4723
1661411700,4723,4727.5,4722.5,4726.75
1661412000,4727,4727.5,4723.75,4725.25
1661412300,4725.25,4726.25,4723.5,4725.75
1661412600,4725.75,4725.75,4721.5,4722.5
1661412900,4722.5,4723.75,4722,4723
1661413200,4723,4724.75,4722.25,4724
1661413500,4724,4724.75,4723,4723.5
1661413800,4723.25,4727.25,4723.25,4725.75
1661414100,4725.75,4728.25,4725.75,4728
1661414400,4728,4729.75,4725.25,4725.5
1661414700,4725.25,4727.25,4723.5,4723.75
1661415000,4723.75,4724.5,4722,4722.25
1661415300,4722.25,4722.25,4720,4721.5
1661415600,4721.5,4723,4721,4721.5
1661415900,4721.5,4721.75,4720,4720.25
1661416200,4720.25,4723.5,4720,4723.5
1661416500,4723.25,4724,4722.5,4723.5
1661416800,4723.5,4725.25,4723.5,4725
1661417100,4725,4725.25,4723.5,4723.75
1661417400,4723.75,4723.75,4722,4722.25
1661417700,4722.25,4723,4721.75,4722.5
1661418000,4722.5,4723.5,4720.25,4720.25
1661418300,4720.25,4722,4720,4720
1661418600,4720.25,4720.25,4719.25,4719.5
1661418900,4719.5,4720,4715.25,4715.75
1661419200,4715.75,4716.25,4714.25,4714.5
1661419500,4714.5,4714.75,4710.5,4711
1661419800,4711,4712.25,4707.25,4710.5
1661420100,4710.5,4711,4707.5,4709.25
1661420400,4709.25,4709.25,4706.5,4708
1661420700,4708,4708.5,4704.25,4705.25
1661421000,4705.25,4708.25,4704.75,4707.75
1661421300,4707.75,4708.5,4705.5,4706.25
1661421600,4706.25,4707.75,4704.5,4705.25
1661421900,4705.25,4706.25,4704.5,4705.25
1661422200,4705,4707.25,4704.5,4707.25
1661422500,4707.25,4707.75,4705.25,4705.5
1661422800,4705.5,4709,4705.5,4708.25
1661423100,4708.25,4710,4708,4709.5
1661423400,4709.5,4710.75,4708.5,4710.25
1661423700,4710,4710.25,4707.25,4708
1661424000,4708.25,4710.25,4707.25,4710.25
1661424300,4710,4710.75,4708,4709.75
1661424600,4709.75,4710.25,4708.75,4709.25
1661424900,4709.25,4710.75,4708.75,4708.75
1661425200,4708.75,4709.75,4706.5,4709.5
1661425500,4709.25,4710,4708.5,4709.75
1661425800,4709.75,4715.75,4709.75,4715
1661426100,4715,4716.5,4713,4714.75
1661426400,4714.75,4715.75,4712.5,4714.25
1661426700,4714,4715.25,4713.75,4715
1661427000,4715,4715,4711.5,4711.75
1661427300,4712,4713,4710.5,4712.5
1661427600,4712.25,4713.25,4709.25,4709.75
1661427900,4709.75,4711.5,4709,4711
1661428200,4711,4711,4709.25,4710.25
1661428500,4710.5,4712,4709.5,4711.5
1661428800,4711.5,4714.75,4711.5,4713.75
1661429100,4713.5,4714,4711.75,4713
1661429400,4712.75,4713.5,4711,4711.25
1661429700,4711.25,4711.5,4708.75,4709
1661430000,4709,4709.5,4707,4708.5
1661430300,4708.5,4709.75,4707,4709.5
1661430600,4709.75,4710.25,4702.75,4707.25
1661430900,4707.25,4708.5,4704,4705
1661431200,4705,4706,4700.75,4702.5
1661431500,4702.25,4703.5,4700.25,4700.75
1661431800,4700.75,4703.75,4699.5,4703
1661432100,4702.5,4705,4701.75,4704.75
1661432400,4704.5,4705.75,4703.75,4703.75
1661432700,4704,4704,4701.75,4702.5
1661433000,4702.5,4705,4701.25,4704.75
1661433300,4705,4706,4704.25,4704.5
1661433600,4704.25,4706,4703.75,4705
1661433900,4704.75,4705,4701.25,4702.75
1661434200,4702.75,4703.5,4692.5,4692.5
1661434500,4692.5,4697.5,4691.5,4696.75
1661434800,4697,4699,4693.5,4696
1661435100,4696,4701.25,4694.5,4698.75
1661435400,4698.75,4708.75,4696,4707.75
1661435700,4707.5,4715.75,4707.5,4714.75
1661436000,4714.75,4720.25,4714.75,4717.5
1661436300,4717.75,4718.75,4713.75,4715.25
1661436600,4715,4716.75,4711.5,4716.5
1661436900,4716.5,4719.5,4715,4716
1661437200,4716,4724.5,4714.75,4724.25
1661437500,4724.5,4726.75,4721.75,4724.5
1661437800,4724.5,4727.75,4724.5,4725.25
1661438100,4725.25,4727.75,4724.5,4727.25
1661438400,4727.25,4729,4725.75,4726.75
1661438700,4726.75,4729,4725.75,4728
1661439000,4727.75,4728.25,4721.75,4721.75
1661439300,4721.75,4723.25,4720.5,4721.5
1661439600,4721.75,4722,4716.5,4717.25
1661439900,4717.5,4717.5,4714.5,4715.75
1661440200,4715.75,4717.5,4711,4711.5
1661440500,4711.75,4712.25,4705.25,4708.25
1661440800,4708,4709.25,4700.75,4701.25
1661441100,4701.5,4708.25,4700.5,4707.25
1661441400,4707.25,4710.25,4705.75,4707.25
1661441700,4707.25,4710.5,4706.5,4709.5
1661442000,4709.5,4712.25,4707.75,4711.5
1661442300,4711.75,4712.5,4708.5,4710.75
1661442600,4710.75,4711.75,4708,4708.75
1661442900,4708.75,4712.5,4705.5,4711.5
1661443200,4711.75,4712.25,4708.25,4710
1661443500,4710.25,4712,4707.5,4707.5
1661443800,4707.5,4709.75,4701.75,4703.25
1661444100,4703.25,4704.5,4701.25,4704.25
1661444400,4704.25,4705.25,4702.25,4703.5
1661444700,4703.5,4708.5,4703.5,4707.25
1661445000,4707.5,4708.5,4704.75,4706.75
1661445300,4706.75,4708.25,4705.75,4707.25
1661445600,4707,4707.5,4702,4705
1661445900,4704.75,4705.25,4697.25,4699.5
1661446200,4699.75,4704.5,4699.75,4704
1661446500,4704,4705.75,4702.25,4705.25
1661446800,4705.5,4708,4703.5,4706
1661447100,4706,4708.75,4703.5,4704.25
1661447400,4704.5,4706.75,4703,4706.25
1661447700,4706.5,4709.5,4705,4709
1661448000,4709.25,4712.5,4708,4711.25
1661448300,4711.5,4713,4710,4712
1661448600,4712,4715,4711,4714.75
1661448900,4714.75,4717,4713.75,4716.5
1661449200,4716.5,4718.25,4715.5,4717.75
1661449500,4718,4720.5,4717,4718.75
1661449800,4718.5,4719,4717.25,4719
1661450100,4719,4719.25,4716.75,4718
1661450400,4718.25,4718.75,4714,4714.25
1661450700,4714.25,4716.25,4712.5,4715.75
1661451000,4715.75,4719.25,4714.25,4718.5
1661451300,4718.5,4719.25,4716.5,4717.75
1661451600,4717.75,4719.25,4716.5,4718.25
1661451900,4718.25,4720.5,4718.25,4719.75
1661452200,4720,4720.75,4717.5,4718.75
1661452500,4718.75,4719,4715.25,4715.5
1661452800,4715.5,4715.75,4712.25,4714
1661453100,4714.25,4714.75,4712.25,4714.25
1661453400,4714.25,4714.5,4711.25,4713.5
1661453700,4713.25,4717.25,4713,4717
1661454000,4717,4719.25,4715.75,4719.25
1661454300,4719.25,4719.75,4715.5,4716.75
1661454600,4716.75,4718.5,4715.25,4718.5
1661454900,4718.25,4721.5,4716.75,4721
1661455200,4721,4723.75,4720.75,4723.5
1661455500,4723.25,4725.75,4722.5,4725
1661455800,4725.25,4725.5,4720.75,4723
1661456100,4723.25,4727.5,4722.75,4727
1661456400,4727.25,4735.25,4726.75,4734.75
1661456700,4734.5,4738,4733.5,4737
1661457000,4737,4739.25,4734,4738.25
1661457300,4738,4746.75,4737.25,4746.25
1661457600,4746.25,4746.75,4741.25,4741.25
1661457900,4741.5,4742.5,4739.75,4740
1661458200,4740,4740.25,4738,4738
1661458500,4738.25,4740.5,4738,4739.5
1661458800,4739.75,4740.25,4739.25,4739.75
1661459100,4739.75,4741,4739.25,4740.5
1661459400,4740.5,4740.75,4739.5,4740.25
1661459700,4740.25,4741,4740,4740
1661460000,4740,4740.5,4739.5,4739.5
1661460300,4739.75,4740,4739,4739
1661460600,4739.25,4739.25,4738.75,4739.25
1661460900,4739,4739.5,4738.25,4739.25
1661464800,4742.25,4744.5,4740,4740
1661465100,4740,4740,4739.25,4740
1661465400,4740,4740,4738.5,4738.75
1661465700,4738.75,4739.5,4738.25,4738.5
1661466000,4738.75,4738.75,4737,4737.25
1661466300,4737.5,4737.5,4736.75,4737.25
1661466600,4737.25,4738.5,4737,4738.25
1661466900,4738.5,4738.75,4738,4738.25
1661467200,4738.25,4738.25,4737.5,4737.75
1661467500,4738,4739.75,4737.75,4738
1661467800,4738,4738.5,4737.75,4738.25
1661468100,4738.25,4738.5,4737.75,4738.5
1661468400,4738.5,4740.25,4738.5,4739
1661468700,4739,4741.5,4739,4741
1661469000,4741.25,4741.75,4740.5,4740.75
1661469300,4740.5,4742.25,4740.5,4741.5
1661469600,4741.5,4744,4741.5,4743.5
1661469900,4743.25,4744,4743.25,4743.25
1661470200,4743.25,4743.5,4742.5,4743.25
1661470500,4743,4743,4741.25,4741.5
1661470800,4741.25,4742,4740.5,4742
1661471100,4742,4742.5,4741.25,4741.75
1661471400,4741.5,4742,4740.5,4741
1661471700,4740.75,4741.75,4740,4740.25
1661472000,4740.25,4741.5,4738.25,4739.5
1661472300,4739.5,4740.25,4738.5,4738.75
1661472600,4738.5,4738.75,4737,4737.75
1661472900,4737.5,4738.25,4736.5,4737.25
1661473200,4737.25,4738.75,4736.75,4738.5
1661473500,4738.5,4739.5,4737.75,4738
1661473800,4738.25,4739.75,4738,4739.75
1661474100,4739.75,4741,4739,4740
1661474400,4740,4741.5,4739.75,4740.75
1661474700,4740.75,4742.25,4740.5,4741
1661475000,4741.25,4741.75,4740.25,4741.5
1661475300,4741.25,4743.25,4741,4742
1661475600,4742,4742,4741,4741.25
1661475900,4741.25,4741.5,4740.5,4741
1661476200,4740.75,4741.25,4740.25,4741.25
1661476500,4741.25,4742.25,4739,4739.25
1661476800,4739,4740.5,4738.75,4739.5
1661477100,4739.5,4740.75,4739,4740
1661477400,4740,4741.5,4740,4740.25
1661477700,4740,4741.75,4739.75,4740.75
1661478000,4741,4741.5,4740.5,4740.75
1661478300,4740.75,4743,4740.25,4741.75
1661478600,4741.5,4744,4741.5,4743.75
1661478900,4744,4744,4742.75,4743
1661479200,4743,4743.5,4742,4742.75
1661479500,4742.75,4743,4741.75,4743
1661479800,4743,4744,4742.5,4743.25
1661480100,4743.25,4743.75,4743,4743.5
1661480400,4743.25,4743.75,4742.75,4743.5
1661480700,4743.25,4743.25,4742.25,4742.5
1661481000,4742.5,4743.25,4742,4742.25
1661481300,4742.25,4742.5,4742,4742.5
1661481600,4742.75,4743.5,4742.5,4743.25
1661481900,4743.25,4743.5,4742.75,4742.75
1661482200,4743,4743.25,4742.5,4743
1661482500,4743.25,4743.5,4743,4743.25
1661482800,4743.25,4744,4742.75,4743
1661483100,4742.75,4743,4742.5,4742.75
1661483400,4742.75,4743.5,4742.75,4743.25
1661483700,4743.25,4743.25,4742.75,4743.25
1661484000,4743.25,4744,4743.25,4743.5
1661484300,4743.5,4744,4743.25,4744
1661484600,4744,4744,4743.5,4743.75
1661484900,4744,4744,4743.75,4744
1661485200,4743.75,4744,4742.75,4743.25
1661485500,4743.25,4743.25,4742.75,4743
1661485800,4743,4743,4742,4742.25
1661486100,4742.5,4742.5,4742.25,4742.25
1661486400,4742.25,4742.5,4741.25,4741.75
1661486700,4741.75,4741.75,4740.75,4740.75
1661487000,4741,4741,4740.5,4741
1661487300,4741,4741,4739.5,4739.75
1661487600,4739.75,4740.25,4739.5,4740.25
1661487900,4740.5,4741.25,4740.25,4740.5
1661488200,4740.75,4741,4740.5,4741
1661488500,4740.75,4741,4740.5,4740.75
1661488800,4740.75,4741.25,4740.25,4740.5
1661489100,4740.5,4741,4740.5,4741
1661489400,4741,4741,4739.25,4739.25
1661489700,4739.5,4739.75,4738.75,4739.25
1661490000,4739.5,4739.5,4738.25,4738.5
1661490300,4738.25,4739.75,4738,4738.75
1661490600,4739,4739.25,4738,4739.25
1661490900,4739,4740.5,4739,4739.5
1661491200,4739.75,4740.25,4739.25,4739.5
1661491500,4739.5,4739.75,4739,4739.5
1661491800,4739.25,4739.25,4737.25,4738.25
1661492100,4738.25,4738.5,4736.75,4737
1661492400,4736.75,4738.5,4736.75,4738
1661492700,4738,4738.25,4736.25,4737
1661493000,4737,4738.25,4736.75,4737.75
1661493300,4737.5,4737.75,4736,4737.25
1661493600,4737.25,4737.5,4735.25,4737.25
1661493900,4737.25,4737.25,4735.25,4736
1661494200,4736.25,4736.75,4734.75,4735.75
1661494500,4735.75,4736.75,4734.5,4736.75
1661494800,4737,4737.5,4736,4736
1661495100,4736,4737.5,4735.75,4737
1661495400,4737.25,4739.25,4737,4738.5
1661495700,4738.5,4739.75,4737.75,4739
1661496000,4739,4739.5,4737.75,4738.5
1661496300,4738.25,4739.25,4738,4738.25
1661496600,4738.25,4738.5,4737,4737.75
1661496900,4737.75,4739.5,4737.75,4738.75
1661497200,4738.75,4739.5,4735.25,4735.5
1661497500,4735.5,4738.75,4735.5,4737.5
1661497800,4737.75,4739,4735.5,4738
1661498100,4738.25,4738.5,4736.25,4737.25
1661498400,4737.25,4741,4737.25,4740.25
1661498700,4740.5,4743,4740.25,4741.75
1661499000,4741.75,4742.25,4737.25,4738.25
1661499300,4738.25,4738.25,4736.25,4737.25
1661499600,4737,4737.25,4732.25,4734
1661499900,4733.75,4735,4733.25,4735
1661500200,4735,4735.75,4733.5,4734.5
1661500500,4734.25,4735.75,4733.25,4734.25
1661500800,4734.25,4734.5,4730.75,4732
1661501100,4732,4732.75,4730.5,4732.25
1661501400,4732.25,4733,4730.75,4732.25
1661501700,4732.5,4733,4730.5,4731.75
1661502000,4731.75,4732.25,4730.75,4731.75
1661502300,4732,4732,4730.5,4730.75
1661502600,4730.5,4734.25,4728.5,4734
1661502900,4733.75,4735,4733.5,4734.25
1661503200,4734.25,4735.5,4733.25,4734.5
1661503500,4734.5,4736.75,4734.5,4735.75
1661503800,4735.75,4736.25,4733,4733.25
1661504100,4733.5,4733.5,4732,4732.25
1661504400,4732.25,4732.5,4731,4731.5
1661504700,4731.25,4733,4730.25,4733
1661505000,4733,4733.25,4731.25,4733.25
1661505300,4733.5,4733.75,4730.75,4731.75
1661505600,4731.75,4732,4729,4731.25
1661505900,4731.25,4732.5,4729.75,4730.25
1661506200,4730.5,4731,4727.75,4729.75
1661506500,4729.75,4731,4729.5,4731
1661506800,4731,4731.75,4730.5,4731.75
1661507100,4731.75,4732,4727.75,4727.75
1661507400,4728,4728.5,4727.25,4728
1661507700,4728,4729.25,4727.25,4729.25
1661508000,4729.25,4730.5,4728.5,4729.75
1661508300,4730,4730,4728.5,4729
1661508600,4729,4729.5,4727.75,4729.25
1661508900,4729.25,4729.75,4727.75,4729.75
1661509200,4729.75,4731.5,4728.5,4731.5
1661509500,4731.25,4732,4730.25,4730.25
1661509800,4730,4730.5,4727.5,4728.25
1661510100,4728,4729.25,4726.5,4728
1661510400,4728.25,4728.75,4726.5,4726.75
1661510700,4726.75,4728.5,4726.25,4728.5
1661511000,4728.5,4729,4726.75,4727.25
1661511300,4727.5,4728.75,4726.5,4728.75
1661511600,4728.75,4729.75,4725.5,4726
1661511900,4726,4726.5,4724,4725.75
1661512200,4725.75,4728.75,4725.75,4728
1661512500,4728,4729.25,4727.25,4729.25
1661512800,4729,4729.5,4727.75,4728.5
1661513100,4728.5,4729.75,4727.5,4728.5
1661513400,4728.25,4731.25,4727.75,4730.25
1661513700,4730.5,4732.75,4730,4732.25
1661514000,4732.25,4733,4731,4732
1661514300,4732,4733.75,4731.75,4733.5
1661514600,4733.75,4735.5,4732.25,4735.25
1661514900,4735.25,4736,4732.75,4734.25
1661515200,4734,4736,4732,4732.5
1661515500,4732.25,4734.25,4732.25,4733.75
1661515800,4733.5,4734.25,4732.25,4734.25
1661516100,4734.25,4735.75,4733.5,4734.25
1661516400,4734.25,4734.75,4731.75,4734.75
1661516700,4734.5,4735,4732.25,4732.75
1661517000,4732.75,4746,4729.5,4739.5
1661517300,4739.5,4740.75,4735.25,4740.75
1661517600,4740.75,4741.5,4731.75,4734
1661517900,4733.75,4740,4733.25,4739.75
1661518200,4739.75,4742,4738.25,4740.75
1661518500,4741,4745.75,4740.25,4745
1661518800,4744.75,4753.25,4744,4753
1661519100,4752.75,4761.25,4752.75,4758.25
1661519400,4758,4759.5,4755,4756.25
1661519700,4756,4756.75,4753.25,4754
1661520000,4754,4754,4749.25,4751.5
1661520300,4751.5,4751.75,4743.5,4744.5
1661520600,4744.75,4746.5,4737,4744.5
1661520900,4744.5,4746,4738.75,4741.25
1661521200,4741.5,4743,4736.75,4740.75
1661521500,4740.75,4742.25,4736.25,4736.5
1661521800,4736.5,4741.25,4731,4740.75
1661522100,4740.75,4744.25,4740,4742.25
1661522400,4742.25,4743.5,4703.5,4705.25
1661522700,4705,4745.5,4701,4745.25
1661523000,4745.25,4750.25,4729,4735.75
1661523300,4735.75,4739.75,4728,4735
1661523600,4735.25,4735.75,4711.5,4712.75
1661523900,4712.75,4715,4694.25,4699
1661524200,4699.25,4699.25,4680.5,4685.25
1661524500,4685.25,4689.25,4669.75,4673.75
1661524800,4673.75,4681.75,4673.75,4677.5
1661525100,4677.5,4684.75,4674,4684.25
1661525400,4684.25,4684.5,4677,4680.75
1661525700,4680.75,4681.5,4674.25,4677.5
1661526000,4677.5,4678.75,4664.25,4664.25
1661526300,4664.25,4669,4658.75,4661.75
1661526600,4661.5,4667.25,4659.25,4666.25
1661526900,4666.25,4667.25,4655.75,4657
1661527200,4656.75,4660.5,4650.25,4659.75
1661527500,4659.75,4664.75,4657,4661.75
1661527800,4661.75,4665.5,4658.5,4663.5
1661528100,4663.25,4665,4659,4660.25
1661528400,4660,4663.75,4655.25,4658.25
1661528700,4658.25,4665.75,4658,4664.75
1661529000,4664.5,4668.75,4661.25,4666.5
1661529300,4666.5,4666.75,4659,4660.75
1661529600,4660.75,4660.75,4650.25,4650.75
1661529900,4650.75,4655,4649.25,4653.75
1661530200,4653.5,4655.5,4651,4655.25
1661530500,4655,4655.25,4646.25,4649.5
1661530800,4649.25,4649.75,4645.25,4646.25
1661531100,4646.25,4649.75,4644.75,4649.5
1661531400,4649.5,4649.5,4643.5,4644.25
1661531700,4644.25,4646.75,4643.25,4645.75
1661532000,4645.75,4652,4644,4648.25
1661532300,4648.25,4653.5,4647,4653
1661532600,4652.75,4652.75,4647.25,4649
1661532900,4649,4654.25,4649,4653.25
1661533200,4653,4656,4649.75,4652.75
1661533500,4652.75,4656.5,4652.5,4654.25
1661533800,4654.25,4655.5,4649.25,4650.5
1661534100,4650.5,4653.5,4647.25,4648.75
1661534400,4648.5,4652.75,4647.75,4652.5
1661534700,4652.5,4654.5,4650.25,4650.5
1661535000,4650.5,4650.75,4645.75,4647.75
1661535300,4647.75,4649.5,4644.5,4644.75
1661535600,4645,4645.25,4639.75,4641.5
1661535900,4641.25,4643.5,4640.25,4642
1661536200,4642,4642.25,4638.5,4641
1661536500,4640.75,4641.75,4639.25,4640.5
1661536800,4640.5,4643,4638.75,4639.5
1661537100,4639.25,4641.5,4637,4638.25
1661537400,4638,4638.5,4635.25,4636.5
1661537700,4636.75,4637,4630,4631.25
1661538000,4631.25,4636,4631,4633.25
1661538300,4633.25,4636.5,4631.5,4634.5
1661538600,4634.5,4636.5,4633,4635
1661538900,4635,4636.5,4630.75,4632.25
1661539200,4632.5,4633.5,4630.25,4630.75
1661539500,4631,4633.5,4628,4629.25
1661539800,4629.25,4630,4626.25,4626.75
1661540100,4626.5,4627.5,4623,4624
1661540400,4624,4629,4623.75,4625.5
1661540700,4625.5,4627.5,4619.5,4620.25
1661541000,4620.25,4621.25,4617.5,4620
1661541300,4620,4627,4619.75,4624.25
1661541600,4624.5,4626.5,4617,4619.5
1661541900,4619.75,4623.5,4617.5,4620.75
1661542200,4620.75,4622,4616.25,4616.25
1661542500,4616.25,4618.25,4612.75,4615.75
1661542800,4615.5,4617,4608.75,4609.5
1661543100,4609.5,4614.25,4607,4610.75
1661543400,4610.5,4614.5,4603.25,4603.75
1661543700,4603.75,4611.75,4602.25,4603
1661544000,4603,4603.5,4597,4599.25
1661544300,4599.25,4600.5,4598.25,4600
1661544600,4600.25,4602,4599.5,4601.75
1661544900,4601.75,4602,4593.25,4596.25
1661545200,4596.25,4598.5,4595.75,4598.25
1661545500,4598,4599.25,4597.5,4599.25
1661545800,4599,4603,4597.5,4598.5
1661546100,4598.75,4599.25,4597.75,4598.75
1661546400,4598.5,4599,4593.25,4595.75
1661546700,4595.75,4596.5,4592.5,4593.75
1661547000,4594,4594.25,4587.5,4588.25
1661547300,4588.25,4591,4586.75,4586.75
1661724000,4568,4575.75,4564.75,4569
1661724300,4569,4570.5,4563.25,4567.25
1661724600,4567.25,4572,4567,4570.75
1661724900,4571,4573.25,4568,4568.25
1661725200,4568.5,4570.5,4566.25,4566.5
1661725500,4566.5,4571.5,4566.5,4568.75
1661725800,4568.75,4571,4568.75,4570.5
1661726100,4570.75,4572,4567,4569
1661726400,4569,4571.25,4568.25,4571
1661726700,4571.25,4574,4569.5,4572.75
1661727000,4572.75,4574.25,4570.75,4571.25
1661727300,4571,4572,4569,4569.75
1661727600,4569.75,4571.25,4569,4569.25
1661727900,4569.25,4570,4568.5,4569
1661728200,4569.25,4569.5,4566.5,4567
1661728500,4567.25,4568.25,4565,4566.25
1661728800,4566.25,4567.5,4564.75,4565.25
1661729100,4565.25,4565.25,4560.75,4562.25
1661729400,4562.25,4562.5,4557.5,4558
1661729700,4558,4559.5,4556.5,4557.25
1661730000,4557.25,4559.5,4556.25,4556.75
1661730300,4557,4557.25,4554.25,4554.5
1661730600,4554.5,4557.75,4554.25,4554.5
1661730900,4554.75,4557.5,4554.5,4557.25
1661731200,4557.25,4560.5,4555.25,4560
1661731500,4559.75,4560.25,4556.25,4557.75
1661731800,4558,4561.75,4556.25,4561
1661732100,4561.25,4566.25,4560,4561
1661732400,4561,4565.25,4561,4563.75
1661732700,4563.75,4564.5,4562.5,4563.5
1661733000,4563.5,4567,4561.75,4562.25
1661733300,4562,4564,4561.5,4563.25
1661733600,4563.25,4563.5,4559.25,4560.75
1661733900,4560.75,4560.75,4555.75,4557.5
1661734200,4557.5,4559.5,4557,4558.25
1661734500,4558,4558.25,4553.5,4555.75
1661734800,4555.5,4557.5,4554.5,4555.75
1661735100,4555.75,4560,4555.25,4559.75
1661735400,4560,4560,4554.75,4555.25
1661735700,4555.5,4556.75,4554,4554.75
1661736000,4555,4556,4552.75,4554.5
1661736300,4554.5,4555.25,4550.75,4553
1661736600,4553,4557,4552.75,4556.25
1661736900,4556.25,4557,4553.5,4556.75
1661737200,4556.5,4559.75,4555.75,4559
1661737500,4559.25,4559.5,4557,4558.25
1661737800,4558.25,4561,4557.75,4561
1661738100,4561,4561.25,4559.25,4560.75
1661738400,4560.75,4561.25,4559.5,4560.75
1661738700,4560.75,4564.75,4560.75,4563
1661739000,4563,4563.75,4562,4563.25
1661739300,4563.25,4563.25,4561.5,4562.25
1661739600,4562.25,4565,4562,4564.5
1661739900,4564.5,4568.5,4564.5,4567.25
1661740200,4567.25,4568.5,4566,4568.25
1661740500,4568.25,4569,4567.5,4568.75
1661740800,4568.5,4571.75,4568.5,4570.75
1661741100,4570.75,4571.25,4568,4568.25
1661741400,4568.5,4569,4565.25,4566.75
1661741700,4567,4567.5,4565.75,4566.75
1661742000,4567,4568.25,4566,4566
1661742300,4566,4567.5,4565.25,4567.25
1661742600,4567.25,4568.75,4567,4568.25
1661742900,4568.5,4570,4568.25,4569.25
1661743200,4569,4569.75,4568,4568.5
1661743500,4568.75,4570.5,4568.25,4569.25
1661743800,4569.25,4571.5,4568.5,4571
1661744100,4571,4571.75,4570,4571
1661744400,4571,4571.25,4568.5,4569.5
1661744700,4569.75,4570.75,4569.75,4570.5
1661745000,4570.5,4571.75,4570,4571
1661745300,4571,4573.25,4571,4573.25
1661745600,4573.25,4575.25,4573,4574.5
1661745900,4574.25,4574.75,4573.25,4574.25
1661746200,4574,4574.25,4572.5,4572.75
1661746500,4572.5,4573.25,4568.75,4569.25
1661746800,4569.25,4569.75,4567.25,4569.25
1661747100,4569.25,4569.25,4567.75,4568.75
1661747400,4568.5,4570.25,4568.5,4569
1661747700,4569,4570,4568.25,4568.5
1661748000,4568.75,4569.5,4568.75,4569.25
1661748300,4569,4569.75,4567.25,4567.5
1661748600,4567.75,4569,4567,4568.75
1661748900,4568.75,4570.25,4568.75,4570
1661749200,4570,4572.25,4570,4570.5
1661749500,4570.5,4571,4568,4568.5
1661749800,4568.25,4570.5,4567.75,4570.25
1661750100,4570,4571.25,4569.5,4571
1661750400,4570.75,4571,4569.5,4570
1661750700,4570,4570.5,4568.75,4569.25
1661751000,4569.25,4571,4568.75,4569.75
1661751300,4569.75,4570.5,4568,4568.5
1661751600,4568.75,4569.25,4565.75,4566
1661751900,4566.25,4566.75,4565,4565.75
1661752200,4565.75,4565.75,4563.5,4564.75
1661752500,4564.75,4564.75,4559.75,4560.25
1661752800,4560,4565.75,4560,4563.75
1661753100,4563.75,4571,4563.25,4569.5
1661753400,4569.5,4571,4568,4568.75
1661753700,4569,4571.5,4568.75,4569
1661754000,4569,4570,4567.25,4568.75
1661754300,4568.75,4570.5,4566,4566.5
1661754600,4566.5,4570,4566.5,4569.25
1661754900,4569.25,4571.75,4568.5,4571
1661755200,4571,4573,4570.5,4572.25
1661755500,4572.5,4573.5,4570.25,4570.5
1661755800,4570.5,4572,4570,4571.75
1661756100,4571.75,4577.5,4571.5,4576.5
1661756400,4577,4584.25,4574.75,4583.25
1661756700,4583.25,4584.75,4579.25,4579.5
1661757000,4579.25,4581.5,4576.25,4577
1661757300,4577.25,4579,4571.25,4571.75
1661757600,4571.75,4571.75,4562.5,4565.75
1661757900,4565.5,4570.5,4565.5,4570.25
1661758200,4570,4577,4569.75,4576
1661758500,4576.25,4581.5,4575.5,4580.5
1661758800,4580.75,4580.75,4573,4573.25
1661759100,4573.25,4575.75,4572.5,4575
1661759400,4575,4578.5,4573,4577.5
1661759700,4577.5,4580.5,4577,4579
1661760000,4579,4580.75,4573.5,4574.5
1661760300,4574.5,4575,4572.25,4573.25
1661760600,4573.5,4573.5,4570.75,4571.5
1661760900,4571.5,4575.5,4569.75,4574.75
1661761200,4574.75,4577.25,4570.75,4570.75
1661761500,4570.75,4572,4569.75,4570.5
1661761800,4570.25,4572.75,4569.25,4569.5
1661762100,4569.5,4571.25,4566.75,4568.25
1661762400,4568.25,4569.25,4566,4569
1661762700,4569,4572.75,4569,4570.75
1661763000,4570.75,4571,4566.5,4566.5
1661763300,4566.75,4568,4562,4562
1661763600,4562.25,4564,4561,4561.75
1661763900,4561.5,4566,4561.5,4564.5
1661764200,4564.5,4568.75,4564.25,4568.75
1661764500,4568.75,4569.25,4564.5,4565
1661764800,4565.25,4567.75,4564.75,4566
1661765100,4565.75,4569.25,4565.5,4566.75
1661765400,4566.75,4567.75,4563.75,4564.25
1661765700,4564.25,4565.75,4561.75,4562
1661766000,4562,4563.75,4561.5,4563
1661766300,4563.25,4563.25,4559.5,4560
1661766600,4560,4563.25,4560,4562.5
1661766900,4562.75,4568.75,4562.75,4567.25
1661767200,4567,4568.75,4566.25,4567
1661767500,4567,4567.5,4565.5,4566
1661767800,4566,4567.25,4562.25,4563.25
1661768100,4563.25,4566.5,4562.75,4565.75
1661768400,4565.75,4568,4564.75,4567.5
1661768700,4567.75,4568.25,4563,4565
1661769000,4565,4570.25,4565,4569.5
1661769300,4569.5,4570.5,4566.75,4568.75
1661769600,4568.75,4570,4567.5,4567.75
1661769900,4567.75,4570,4567.75,4568.75
1661770200,4569,4570.5,4567.75,4570.25
1661770500,4570.25,4570.5,4564.25,4564.25
1661770800,4564.25,4566,4563,4563.5
1661771100,4563.5,4563.5,4559.5,4560.5
1661771400,4560.25,4563,4559.5,4563
1661771700,4562.75,4563.75,4560.5,4561.25
1661772000,4561.5,4564.5,4560.75,4564.25
1661772300,4564.25,4564.5,4561.5,4561.75
1661772600,4562,4564.25,4560.75,4561.75
1661772900,4561.75,4564.75,4561.5,4564
1661773200,4564.25,4565.75,4562.5,4563.5
1661773500,4563.75,4567.25,4563.25,4567
1661773800,4567.25,4567.5,4564.25,4565
1661774100,4565.25,4568.25,4565.25,4568
1661774400,4567.75,4568.75,4564.75,4566.75
1661774700,4567,4568.5,4565.25,4565.5
1661775000,4565.5,4565.75,4562.5,4563.75
1661775300,4563.5,4566.25,4563,4565.5
1661775600,4565.75,4568.75,4565.5,4568.5
1661775900,4568.25,4571.5,4568.25,4571
1661776200,4571.25,4575,4570.5,4574.5
1661776500,4574.5,4578,4572.25,4574
1661776800,4574,4574,4570.25,4571.25
1661777100,4571.25,4573.5,4571,4571.75
1661777400,4571.75,4573,4569.5,4570
1661777700,4570,4571.5,4569.25,4569.75
1661778000,4569.75,4572,4568.5,4570.25
1661778300,4570,4573,4570,4572.5
1661778600,4572.75,4574.5,4567.75,4569.25
1661778900,4569.25,4574,4568,4573.25
1661779200,4573.25,4576,4572.75,4575
1661779500,4574.75,4574.75,4571.5,4571.75
1661779800,4572,4581.75,4564.75,4581.5
1661780100,4581.5,4585.25,4577.5,4579.25
1661780400,4579.25,4587.75,4578.25,4581
1661780700,4581,4582.5,4573,4576.5
1661781000,4576.5,4585.75,4576.5,4582.25
1661781300,4582.5,4591.25,4577.75,4577.75
1661781600,4577.75,4580.25,4574.75,4576.25
1661781900,4576.25,4582.5,4574.5,4579.25
1661782200,4579.25,4586.75,4578.25,4581.25
1661782500,4581.25,4594,4580.75,4591.5
1661782800,4591.75,4594.5,4589,4590.5
1661783100,4590.5,4593.5,4583.25,4583.5
1661783400,4583.75,4589.25,4576.25,4578.25
1661783700,4578.25,4579.5,4570,4571
1661784000,4571,4574.25,4567.25,4573.25
1661784300,4573,4575,4568.75,4571.25
1661784600,4571,4573,4561.5,4564.25
1661784900,4564.25,4565.5,4561,4563.25
1661785200,4563.25,4572.5,4562.75,4570.5
1661785500,4570.5,4571.5,4562.25,4568.25
1661785800,4568.25,4569.75,4563,4566.75
1661786100,4566.5,4571,4565.75,4569.75
1661786400,4569.75,4576,4568,4574
1661786700,4573.75,4577,4570,4571
1661787000,4571.25,4581.25,4568,4579.5
1661787300,4579.5,4584.5,4575.5,4579
1661787600,4579,4579.25,4570.25,4570.5
1661787900,4570.75,4580,4569.75,4579.75
1661788200,4579.75,4582,4577,4581.25
1661788500,4581.25,4584.75,4580.25,4583.5
1661788800,4583.5,4591.75,4582.75,4591.25
1661789100,4591,4593,4587.75,4589
1661789400,4589,4592.25,4585.5,4588.25
1661789700,4588.25,4594,4588,4590.25
1661790000,4590.5,4591.75,4586.5,4587.25
1661790300,4587.5,4590.25,4585.75,4588
1661790600,4588,4588.25,4581,4581.25
1661790900,4581.5,4585.25,4580.25,4584
1661791200,4584,4589,4583.75,4588.5
1661791500,4588.75,4598,4587,4597
1661791800,4597.25,4602.5,4596,4600.75
1661792100,4600.75,4600.75,4595.25,4596
1661792400,4595.75,4601,4595.75,4596.75
1661792700,4597,4601.5,4596.5,4599.25
1661793000,4599.5,4600.5,4594,4596.5
1661793300,4596.5,4597,4588,4590.5
1661793600,4590.5,4593,4588.25,4589.75
1661793900,4589.75,4594.5,4588.25,4594.25
1661794200,4594.25,4598.75,4592.75,4598.5
1661794500,4598.5,4600.5,4597,4598
1661794800,4597.75,4605.75,4596,4604.75
1661795100,4604.5,4608,4598,4598
1661795400,4598,4600.75,4597.5,4598.75
1661795700,4598.75,4602,4597.75,4600.5
1661796000,4600.25,4601,4595.25,4595.75
1661796300,4595.75,4599.5,4594.75,4594.75
1661796600,4595,4597.25,4591.75,4592.5
1661796900,4592.5,4593,4587.75,4589.25
1661797200,4589,4590,4586.75,4589.25
1661797500,4589.5,4593.5,4589.25,4590.25
1661797800,4590.25,4595.75,4589.75,4595.75
1661798100,4595.75,4599.25,4595.25,4596.5
1661798400,4596.5,4599.75,4596.5,4599
1661798700,4598.75,4599.25,4595.5,4596.25
1661799000,4596,4596.75,4592,4593.5
1661799300,4593.5,4596.75,4586.25,4595.75
1661799600,4595.75,4605.75,4595.25,4601.5
1661799900,4601.25,4601.25,4594.75,4598
1661800200,4598,4602.5,4595,4601.5
1661800500,4601.25,4603.25,4596.25,4597.5
1661800800,4597.5,4597.5,4594.25,4596
1661801100,4596,4596,4590.25,4591
1661801400,4591,4594,4587.75,4592.5
1661801700,4592.25,4595.75,4591.25,4595.25
1661802000,4595.25,4597.25,4591.75,4595
1661802300,4594.75,4594.75,4587,4589
1661802600,4589.25,4589.5,4580.25,4582.5
1661802900,4582.5,4583,4573.25,4576
1661803200,4576,4578.75,4574,4576.75
1661803500,4577,4577.25,4574.25,4574.25
1661803800,4574.5,4576.25,4574.25,4575.5
1661804100,4575.5,4575.75,4573.75,4574.75
1661804400,4574.75,4575.5,4574,4574
1661804700,4574,4575,4574,4574.25
1661805000,4574.5,4575,4574,4575
1661805300,4575,4576,4574.75,4576
1661805600,4576,4577.75,4575.5,4577.5
1661805900,4577.75,4579.25,4577.5,4579
1661806200,4578.75,4579.5,4578.75,4579.5
1661806500,4579.25,4579.75,4579,4579.75
1661810400,4579.75,4581,4579.25,4581
1661810700,4581,4581.75,4579.75,4580.25
1661811000,4580.5,4581.25,4579.5,4580
1661811300,4580,4581,4579.75,4580.25
1661811600,4580.5,4580.5,4578.5,4579.75
1661811900,4579.5,4580.25,4578.25,4578.25
1661812200,4578.25,4579.25,4578,4578.75
1661812500,4578.75,4579,4578.25,4578.5
1661812800,4578.5,4579,4578.5,4578.75
1661813100,4578.75,4579.25,4578.5,4578.5
1661813400,4578.75,4578.75,4578.25,4578.5
1661813700,4578.5,4578.75,4578,4578.75
1661814000,4578.5,4579.5,4578.5,4578.75
1661814300,4578.75,4578.75,4576,4577.25
1661814600,4577.25,4578,4577,4577.75
1661814900,4577.75,4578.75,4577.75,4578.5
1661815200,4578.5,4580,4578.5,4579.75
1661815500,4579.75,4581,4579.75,4580.5
1661815800,4580.75,4580.75,4579.25,4580.25
1661816100,4580.5,4581.5,4580.5,4581
1661816400,4581,4584.75,4581,4584.75
1661816700,4584.5,4587.25,4584.25,4585
1661817000,4585,4586,4583.75,4584
1661817300,4584.25,4586.75,4584.25,4585.5
1661817600,4585.25,4586.5,4580.75,4581.25
1661817900,4581.25,4585,4581.25,4582.75
1661818200,4583,4584,4580,4580.5
1661818500,4580.5,4583,4577.25,4577.5
1661818800,4577.5,4578,4575,4577
1661819100,4577.25,4578,4576.25,4577
1661819400,4577,4578,4574.25,4574.75
1661819700,4575,4575,4570.75,4572
1661820000,4572,4574.5,4571.5,4574
1661820300,4574,4577.25,4573.75,4576
1661820600,4576.25,4578.25,4576.25,4577.5
1661820900,4577.75,4579,4576.75,4578
1661821200,4578,4578.5,4577.25,4577.75
1661821500,4578,4581.75,4578,4581
1661821800,4581.25,4582.25,4580.25,4581.25
1661822100,4581.5,4584,4581,4583.5
1661822400,4583.5,4585.5,4583.25,4584.25
1661822700,4584.5,4585,4582.25,4583.5
1661823000,4583.5,4583.5,4580.75,4582
1661823300,4581.75,4583,4581.5,4581.75
1661823600,4581.75,4582.25,4578,4578.75
1661823900,4578.75,4579.25,4576,4576.5
1661824200,4576.5,4576.5,4573.25,4575.75
1661824500,4575.75,4576.5,4574.75,4575.25
1661824800,4575.25,4575.5,4571.5,4572.5
1661825100,4572.5,4574.75,4572,4574.5
1661825400,4574.25,4576,4573.75,4574.75
1661825700,4574.75,4575.5,4571.25,4575.5
1661826000,4575.5,4577.5,4575,4577.5
1661826300,4577.75,4577.75,4575.75,4576.75
1661826600,4576.75,4577.5,4575.25,4576.75
1661826900,4577,4578.75,4576.75,4578.5
1661827200,4578.5,4579.5,4577.5,4578
1661827500,4578.25,4579.5,4576.75,4579.5
1661827800,4579.5,4581,4578.5,4580.5
1661828100,4580.25,4581.25,4579.5,4580.25
1661828400,4580.25,4580.25,4579.25,4580
1661828700,4579.75,4579.75,4578,4579
1661829000,4579,4579.5,4578.25,4578.25
1661829300,4578,4579.25,4577.5,4578
1661829600,4578,4581.5,4578,4580.5
1661829900,4580.75,4581.5,4580,4581.5
1661830200,4581.5,4581.75,4580.25,4580.5
1661830500,4580.75,4583.25,4580.75,4582
1661830800,4581.75,4585.25,4581.75,4584.25
1661831100,4584.25,4585,4583.5,4583.75
1661831400,4583.75,4584.75,4582.5,4584.75
1661831700,4584.75,4585.5,4584,4585.5
1661832000,4585.5,4585.75,4584.5,4585
1661832300,4585.25,4585.25,4584,4584.5
1661832600,4584.75,4585.5,4584.25,4585
1661832900,4585,4588.25,4584.5,4588.25
1661833200,4588.25,4592.75,4588,4588.5
1661833500,4588.75,4589.75,4588.5,4589.5
1661833800,4589.75,4591.5,4589.5,4591.25
1661834100,4591.25,4592.75,4590.25,4592.5
1661834400,4592.5,4592.5,4590.25,4590.5
1661834700,4590.25,4591.5,4590.25,4590.75
1661835000,4590.5,4590.5,4588.75,4588.75
1661835300,4589,4589.75,4588.25,4589.5
1661835600,4589.5,4590.25,4587.25,4587.5
1661835900,4587.5,4589.5,4587.25,4589.25
1661836200,4589.25,4590.5,4588,4590.25
1661836500,4590.5,4590.75,4587.75,4588.75
1661836800,4588.75,4589.25,4587,4588.25
1661837100,4588.5,4588.5,4585.75,4586
1661837400,4586,4587.75,4585.75,4587.5
1661837700,4587.5,4588.25,4586.75,4587.75
1661838000,4587.75,4589,4586.25,4587.25
1661838300,4587.25,4587.25,4586,4586
1661838600,4586,4586.5,4584.75,4586.5
1661838900,4586.5,4589,4586.5,4588.75
1661839200,4588.75,4589.75,4585.75,4586.75
1661839500,4586.75,4588.25,4585.25,4585.5
1661839800,4586,4587,4584,4585.75
1661840100,4585.5,4586.5,4583,4585.5
1661840400,4585.5,4589,4585,4588.75
1661840700,4588.75,4588.75,4587,4587.75
1661841000,4587.75,4588.5,4585.75,4586
1661841300,4586,4586.25,4583.75,4585.25
1661841600,4585.5,4590.25,4585.5,4589
1661841900,4589,4590,4586.75,4587.25
1661842200,4587.25,4587.25,4584.5,4586.75
1661842500,4587,4590.5,4587,4588.5
1661842800,4588.5,4590.75,4586.25,4588.75
1661843100,4589,4593.25,4586,4591.75
1661843400,4591.75,4593.75,4590.25,4593
1661843700,4592.75,4598.25,4591.75,4596.75
1661844000,4597,4597.5,4594.75,4596.75
1661844300,4596.75,4597.25,4594.25,4596
1661844600,4596,4601.25,4595,4601
1661844900,4601.25,4602.5,4600,4601.5
1661845200,4601.5,4604,4600.5,4603.75
1661845500,4604,4606.25,4601.5,4606
1661845800,4605.75,4607.5,4603.75,4604.25
1661846100,4604.25,4604.25,4601,4601.75
1661846400,4601.75,4616,4601.75,4612
1661846700,4611.75,4614.75,4611.75,4614
1661847000,4614.25,4614.75,4613,4613.25
1661847300,4613.25,4616.75,4613.25,4616.5
1661847600,4616.75,4616.75,4611.25,4611.75
1661847900,4611.5,4614.25,4611.5,4614
1661848200,4614,4614.5,4609.75,4610
1661848500,4610.25,4610.5,4609.25,4609.5
1661848800,4609.5,4609.75,4608.25,4609
1661849100,4609,4610.25,4608.25,4609
1661849400,4608.75,4610.5,4608.25,4609
1661849700,4609,4609.75,4608.5,4609
1661850000,4609.25,4610.5,4606.75,4607.25
1661850300,4607.25,4607.75,4606.25,4606.25
1661850600,4606,4607.25,4605.75,4606.25
1661850900,4606.5,4607,4603.5,4604.75
1661851200,4604.75,4608.25,4604.25,4607.5
1661851500,4607.5,4608.75,4606.25,4607.5
1661851800,4607.5,4613.25,4607,4612.5
1661852100,4612.75,4613.25,4611.5,4612.5
1661852400,4612.25,4612.75,4610.75,4611.25
1661852700,4611.25,4611.25,4608.5,4609.5
1661853000,4609.25,4612,4608.5,4611.75
1661853300,4612,4612.25,4610,4610.75
1661853600,4610.75,4611.25,4609,4610.75
1661853900,4610.75,4616.75,4610.25,4614.25
1661854200,4614.25,4614.5,4611.5,4612.75
1661854500,4612.5,4612.5,4610,4610.5
1661854800,4610.5,4612.25,4609.25,4609.75
1661855100,4609.75,4611.5,4609.25,4611.25
1661855400,4611.5,4612.5,4610.5,4612
1661855700,4612,4612,4609.75,4609.75
1661856000,4609.75,4610.25,4609.25,4609.5
1661856300,4609.25,4609.75,4608,4608.75
1661856600,4608.5,4609.75,4608,4609.5
1661856900,4609.25,4609.75,4606.5,4607
1661857200,4607,4609.75,4606.25,4609.25
1661857500,4609.25,4610.5,4606.5,4607.25
1661857800,4607.25,4608.5,4605.5,4607.25
1661858100,4607.25,4609,4607,4608.25
1661858400,4608.25,4609,4605.25,4605.75
1661858700,4605.75,4606.5,4603.75,4605.75
1661859000,4605.5,4606.75,4605,4605.75
1661859300,4605.75,4606.75,4604,4604.75
1661859600,4604.5,4606,4604.5,4606
1661859900,4606,4608,4605,4605.5
1661860200,4605.5,4605.75,4600.75,4601.5
1661860500,4601.75,4602,4599.5,4601.75
1661860800,4602,4606,4601.5,4605.75
1661861100,4605.75,4606.25,4602.5,4602.75
1661861400,4602.75,4605,4602.25,4604
1661861700,4604.25,4605.5,4601,4601.5
1661862000,4601.5,4601.5,4597.5,4598.75
1661862300,4598.75,4599.5,4595.5,4597
1661862600,4597,4597.25,4590.25,4590.75
1661862900,4590.75,4595,4590.5,4594.25
1661863200,4594,4596,4590.5,4593.75
1661863500,4593.5,4596,4592,4592.25
1661863800,4592,4594.5,4591,4593.25
1661864100,4593.25,4594,4589.25,4589.75
1661864400,4590,4592.75,4588.75,4590.75
1661864700,4590.75,4591.5,4587,4588
1661865000,4588,4591.5,4587.25,4591
1661865300,4591,4591,4585.75,4587
1661865600,4587,4590.5,4586,4590.5
1661865900,4590.25,4590.5,4586.75,4587.75
1661866200,4587.5,4590.5,4580.25,4585.25
1661866500,4585.5,4588,4579.75,4584
1661866800,4584,4585.5,4572.25,4573.5
1661867100,4573.5,4576.5,4567.5,4574.5
1661867400,4574.5,4575.25,4567.5,4568.25
1661867700,4568.25,4571.25,4564.25,4567.75
1661868000,4567.5,4573,4564.25,4565
1661868300,4564.75,4566.25,4549.5,4553.75
1661868600,4553.5,4555,4549,4552.5
1661868900,4552.5,4553.75,4549,4552.75
1661869200,4552.5,4555,4544.75,4547
1661869500,4546.75,4553.5,4545.75,4549.25
1661869800,4549.5,4552,4531,4531.75
1661870100,4531.75,4532.25,4526.75,4530.25
1661870400,4530,4531.25,4523.5,4525
1661870700,4525.25,4525.25,4512.5,4514.25
1661871000,4514.5,4523.5,4512.5,4522.75
1661871300,4522.5,4533,4521.5,4532.5
1661871600,4532.5,4538,4528.5,4534.75
1661871900,4534.75,4540.75,4531.75,4534.25
1661872200,4534.25,4535.75,4526.25,4530.5
1661872500,4530.25,4541.5,4527.25,4540.75
1661872800,4540.75,4541.25,4532.75,4535.25
1661873100,4535.25,4542.5,4530.75,4536
1661873400,4536,4545,4532.75,4542.5
1661873700,4542.75,4544.25,4534.25,4535.75
1661874000,4535.5,4539.5,4531.5,4536.25
1661874300,4536.25,4536.25,4529.25,4530
1661874600,4530.25,4539,4529.25,4537
1661874900,4537,4540.5,4535,4536
1661875200,4536,4542.5,4534,4538.25
1661875500,4538,4543.5,4537.5,4538.25
1661875800,4538.5,4542.5,4535.25,4542.25
1661876100,4542,4548.5,4538.25,4539.5
1661876400,4539.25,4540.25,4535.75,4536.75
1661876700,4536.5,4537,4532,4536.25
1661877000,4536.25,4536.75,4527.25,4527.25
1661877300,4527.25,4533,4527,4532.5
1661877600,4532.25,4532.5,4525.75,4526
1661877900,4526,4528.5,4522.75,4527.5
1661878200,4527.75,4531.5,4527.25,4530.5
1661878500,4530.25,4532.5,4528.5,4528.5
1661878800,4528.75,4531.5,4526.75,4528.75
1661879100,4528.75,4532.75,4524.75,4525.75
1661879400,4525.5,4527,4518,4518.25
1661879700,4518.5,4522,4516.5,4517
1661880000,4516.75,4518.5,4514.5,4515.5
1661880300,4515.25,4520.75,4515,4520.5
1661880600,4520.5,4524.25,4518,4519.75
1661880900,4519.75,4521.25,4515.5,4518.5
1661881200,4518.25,4520.25,4509.5,4509.5
1661881500,4509.5,4521.5,4508.5,4521
1661881800,4521,4526.75,4518.75,4524.25
1661882100,4524.5,4526.5,4521.75,4522.5
1661882400,4522.75,4527.75,4518.75,4527
1661882700,4526.75,4528.25,4523.25,4524.25
1661883000,4524.25,4529.25,4523.75,4526.5
1661883300,4526.5,4529.25,4524,4524.75
1661883600,4525,4527.5,4521.5,4525.25
1661883900,4525,4526.25,4517.75,4518.25
1661884200,4518.25,4527.25,4517.75,4525.25
1661884500,4525.5,4526.5,4520.25,4525.25
1661884800,4525.5,4526.75,4517.5,4518.75
1661885100,4518.75,4521.75,4518.5,4521.25
1661885400,4521.25,4523,4518.25,4521.25
1661885700,4521,4525.25,4516.75,4522
1661886000,4522,4533.75,4520.75,4528
1661886300,4527.75,4537,4527,4536.5
1661886600,4536.5,4542.5,4535.5,4539
1661886900,4539,4541,4533.25,4537.75
1661887200,4537.75,4539.5,4532.5,4538.5
1661887500,4538.25,4538.75,4532,4533.5
1661887800,4533.5,4534.25,4522.75,4527
1661888100,4527.25,4531.25,4526.5,4530.25
1661888400,4530.25,4537,4529.5,4533
1661888700,4533.25,4533.5,4519.5,4522.5
1661889000,4522.5,4528.5,4519.25,4522.75
1661889300,4522.75,4534.5,4522.5,4530.25
1661889600,4530.5,4534.75,4529.5,4530.75
1661889900,4530.5,4531.5,4529.5,4530
1661890200,4530.25,4536.5,4530,4533.75
1661890500,4534,4534.25,4531,4531.5
1661890800,4531.5,4532,4530.25,4530.75
1661891100,4530.75,4532.5,4530.5,4532.5
1661891400,4532.75,4533.75,4532.25,4533.75
1661891700,4533.75,4534,4532.25,4532.25
1661892000,4532.25,4533.75,4531,4531
1661892300,4531.25,4532.75,4529.75,4530.5
1661892600,4530.5,4530.75,4528,4530.5
1661892900,4530.75,4531.5,4530,4530.5
1661896800,4531.25,4532.75,4528.75,4529.5
1661897100,4529.75,4530.5,4527.75,4529
1661897400,4529.25,4531,4529,4529.5
1661897700,4529.25,4529.75,4527.5,4529.25
1661898000,4529.5,4529.5,4527.75,4528.5
1661898300,4528.5,4529.25,4527.75,4528
1661898600,4528,4531.25,4528,4530.25
1661898900,4530.25,4531.75,4528.75,4531.25
1661899200,4531.5,4532.5,4531.25,4532.25
1661899500,4532.5,4533,4531.25,4532.5
1661899800,4532.25,4534,4532.25,4532.25
1661900100,4532.25,4533.25,4531.5,4532.75
1661900400,4533,4533.75,4532.25,4532.25
1661900700,4532.5,4532.5,4531.5,4532
1661901000,4532,4532.5,4529,4529.75
1661901300,4529.75,4530.75,4529.5,4529.75
1661901600,4529.75,4530,4529.25,4529.75
1661901900,4530,4530.5,4528.75,4530
1661902200,4530.25,4530.25,4526.25,4527.5
1661902500,4527.25,4529,4527.25,4528.5
1661902800,4528.25,4529.75,4528,4529.25
1661903100,4529.25,4529.75,4528.75,4529.25
1661903400,4529.25,4530,4528,4529
1661903700,4529,4532.5,4528.75,4531.75
1661904000,4531.5,4532.75,4530,4532.5
1661904300,4532.25,4537.5,4531.25,4537
1661904600,4537.25,4537.75,4534.5,4535.5
1661904900,4535.5,4535.5,4533.5,4535.25
1661905200,4535.5,4537.75,4535.25,4537.5
1661905500,4537.25,4538.5,4536.25,4537.5
1661905800,4537.75,4539.5,4536.75,4537.25
1661906100,4537.25,4538,4535.5,4537.75
1661906400,4537.75,4543,4537.5,4542.25
1661906700,4542.25,4543.75,4542,4542.75
1661907000,4542.5,4542.75,4541.5,4542
1661907300,4541.75,4542.25,4541.25,4542
1661907600,4542.25,4542.5,4540.25,4540.25
1661907900,4540.25,4541.75,4539.25,4541.25
1661908200,4541.5,4542.25,4540.5,4542.25
1661908500,4542,4542,4539.75,4541.5
1661908800,4541.5,4542.25,4540,4540.75
1661909100,4540.75,4542.25,4540.75,4541.25
1661909400,4541.5,4546.25,4541.5,4545.25
1661909700,4545.25,4546.25,4544.25,4544.75
1661910000,4545,4547,4544.75,4544.75
1661910300,4545,4545.25,4543.25,4544.25
1661910600,4544,4544.5,4542.25,4542.25
1661910900,4542.25,4544,4542.25,4543.25
1661911200,4543.25,4545.75,4543.25,4545.5
1661911500,4545.5,4546.25,4544,4545
1661911800,4545,4545,4543.25,4544
1661912100,4544.25,4545.5,4543.75,4545.5
1661912400,4545.5,4545.75,4543.25,4544
1661912700,4543.75,4545.25,4543.25,4544.75
1661913000,4545,4546.75,4545,4545.25
1661913300,4545.25,4549.75,4545,4548.5
1661913600,4548.5,4548.5,4547.25,4547.25
1661913900,4547.25,4548.25,4547,4547.25
1661914200,4547.5,4548.25,4546.5,4546.75
1661914500,4546.75,4547.5,4546,4546.5
1661914800,4546.25,4546.75,4545.25,4546.75
1661915100,4546.75,4547.5,4546.25,4546.75
1661915400,4547,4549.25,4546.75,4548.75
1661915700,4548.75,4548.75,4547.5,4547.75
1661916000,4547.75,4558,4547.75,4554.5
1661916300,4554.75,4555.25,4552.75,4554.75
1661916600,4554.75,4556.25,4553.5,4556
1661916900,4555.75,4557.5,4555.25,4556
1661917200,4555.75,4555.75,4553.75,4554
1661917500,4554.25,4554.5,4553.5,4553.75
1661917800,4553.75,4553.75,4552.75,4553.5
1661918100,4553.25,4554.25,4552.75,4554.25
1661918400,4554,4555.5,4554,4555
1661918700,4555,4555.5,4554,4554.5
1661919000,4554.5,4555.5,4554,4555.5
1661919300,4555.5,4555.75,4555.25,4555.25
1661919600,4555.25,4555.75,4555,4555.5
1661919900,4555.5,4555.5,4554,4554.25
1661920200,4554.25,4557.25,4553.5,4557.25
1661920500,4557.25,4562.25,4557,4559.25
1661920800,4559.25,4560.25,4559,4559.25
1661921100,4559.25,4559.25,4557.5,4557.75
1661921400,4557.75,4558.25,4557,4557.5
1661921700,4557.5,4558,4556.5,4557.5
1661922000,4557.5,4557.75,4556,4556.25
1661922300,4556,4556.75,4554.5,4556
1661922600,4556,4558.5,4555.75,4557.75
1661922900,4558,4559,4557.25,4558
1661923200,4558,4560.25,4556.75,4559.75
1661923500,4559.5,4561.75,4557.75,4557.75
1661923800,4557.75,4558.25,4556.75,4557.5
1661924100,4557.5,4557.5,4556.75,4557
1661924400,4556.75,4557,4553.5,4553.75
1661924700,4553.75,4554.25,4551.5,4552.25
1661925000,4552.25,4555,4552.25,4553.75
1661925300,4554,4556.5,4553.5,4556.25
1661925600,4556.25,4559.25,4554.5,4555.5
1661925900,4555.25,4559,4555.25,4558.5
1661926200,4558.75,4559.75,4557.25,4558.75
1661926500,4558.5,4558.5,4552.5,4553
1661926800,4553.25,4554.5,4552,4553
1661927100,4552.75,4554,4552.25,4553
1661927400,4553,4553,4550,4552
1661927700,4552,4553,4550.75,4553
1661928000,4553,4553,4550,4551.5
1661928300,4551.5,4554,4551.25,4552.75
1661928600,4552.5,4554,4551.5,4552
1661928900,4552.25,4553.5,4551.5,4553.25
1661929200,4553.25,4556.5,4552.25,4553.5
1661929500,4553.5,4554.75,4547.5,4550.5
1661929800,4550.25,4552.25,4547,4551.5
1661930100,4551.5,4554.75,4551.25,4554.25
1661930400,4554.25,4554.25,4550.25,4553.5
1661930700,4553.5,4553.75,4547.5,4549.5
1661931000,4549.25,4549.25,4545.5,4545.5
1661931300,4545.75,4547.5,4541.5,4545
1661931600,4545,4546.25,4540.25,4541
1661931900,4541,4541,4537,4538.75
1661932200,4538.75,4541,4537.25,4539
1661932500,4539,4542.5,4538.5,4538.75
1661932800,4538.5,4543.5,4536.75,4540.5
1661933100,4540.75,4541.5,4537,4537.75
1661933400,4537.75,4540.5,4536.75,4536.75
1661933700,4537,4541.25,4536.25,4540.5
1661934000,4540.5,4540.5,4532.25,4533.75
1661934300,4533.5,4534.5,4529.75,4533.75
1661934600,4533.5,4534.5,4530,4530.75
1661934900,4530.75,4534.75,4529.75,4534.25
1661935200,4534.5,4537,4532.25,4536.25
1661935500,4536.25,4541.25,4536.25,4539.75
1661935800,4540,4540,4537.5,4538.25
1661936100,4538,4539.25,4534.25,4535
1661936400,4535,4535,4529.75,4530.5
1661936700,4530.25,4531.75,4527.5,4528.75
1661937000,4528.5,4529.75,4524.5,4525.25
1661937300,4525.25,4529.75,4524.5,4527.5
1661937600,4527.75,4529.5,4526.75,4529
1661937900,4528.75,4529,4524.5,4525.5
1661938200,4525.25,4527.75,4524.5,4527
1661938500,4527,4529.25,4523.25,4525
1661938800,4525,4529.5,4524.5,4529.25
1661939100,4529.25,4530,4524,4526.25
1661939400,4526.25,4530.5,4525.75,4529
1661939700,4529.25,4529.25,4525.75,4527.25
1661940000,4527.25,4529,4524.5,4527.25
1661940300,4527,4529.25,4526.25,4528.75
1661940600,4528.75,4534.75,4528.5,4533.75
1661940900,4534,4536,4532.5,4533.5
1661941200,4533.75,4538.5,4533.25,4538.25
1661941500,4538.25,4539.75,4536.75,4537.75
1661941800,4537.75,4537.75,4532.25,4532.75
1661942100,4533,4540,4532.75,4539.5
1661942400,4539.25,4541,4537.75,4540.25
1661942700,4540,4542.75,4538,4542.75
1661943000,4542.5,4548.25,4542,4547.25
1661943300,4547.25,4547.25,4540.5,4540.75
1661943600,4540.5,4545.25,4540.25,4544
1661943900,4544,4544.75,4540.25,4540.75
1661944200,4540.75,4542.25,4538.5,4540.25
1661944500,4540.5,4546,4538.75,4545.75
1661944800,4545.5,4547.25,4543.5,4545.25
1661945100,4545.5,4545.75,4540.75,4541.75
1661945400,4541.75,4543.5,4539,4539.5
1661945700,4539.5,4541.75,4537,4537
1661946000,4537,4540,4537,4538.5
1661946300,4538.75,4539.25,4535.75,4536.5
1661946600,4536.75,4540.25,4535.75,4538.75
1661946900,4538.75,4542.5,4538.5,4541.75
1661947200,4541.5,4546,4539,4546
1661947500,4546,4548,4544,4545.75
1661947800,4545.5,4547,4544,4544.5
1661948100,4544,4551.25,4544,4549.25
1661948400,4549.25,4550.5,4543,4544
1661948700,4544.25,4547.75,4543,4546.25
1661949000,4546,4546.75,4541,4541.75
1661949300,4541.75,4546,4540.75,4543.5
1661949600,4543.5,4545.25,4540,4542.5
1661949900,4542.75,4548.5,4541.5,4548.25
1661950200,4548.25,4551,4547.75,4549
1661950500,4549,4550.5,4547,4548.25
1661950800,4548.25,4550.75,4547.25,4549.75
1661951100,4549.75,4551.75,4548.25,4551
1661951400,4550.75,4556.5,4550.75,4552
1661951700,4552,4554,4548,4553.5
1661952000,4553.5,4556,4552.5,4553.75
1661952300,4553.5,4553.5,4547.5,4548
1661952600,4548,4548.75,4534.5,4534.75
1661952900,4535,4541,4530.25,4539.25
1661953200,4539.25,4557.25,4539,4554.75
1661953500,4555,4561,4549.75,4555.75
1661953800,4555.75,4560.5,4553,4556
1661954100,4556,4557,4543.5,4544.75
1661954400,4544.75,4545.5,4537.25,4538
1661954700,4538.25,4542.75,4535,4535.75
1661955000,4535.75,4546,4535,4538.5
1661955300,4538.75,4538.75,4529.5,4537.5
1661955600,4537.5,4540.5,4529.5,4533.75
1661955900,4534,4538.25,4526.75,4529.75
1661956200,4529.5,4535,4525.25,4530.5
1661956500,4530.5,4536.25,4524.75,4527
1661956800,4527,4538.25,4524,4537.25
1661957100,4537,4542.75,4535.25,4540.75
1661957400,4540.75,4544.75,4532.75,4535.75
1661957700,4535.75,4536.25,4529.25,4531.25
1661958000,4531.25,4531.75,4520.75,4524.5
1661958300,4524.25,4525.25,4515.75,4522.25
1661958600,4522.25,4522.5,4517,4520.75
1661958900,4521,4526,4516.5,4525.75
1661959200,4525.5,4528.75,4522.5,4526.5
1661959500,4526.5,4530.25,4522.5,4523.75
1661959800,4524,4529,4519.5,4525.75
1661960100,4525.5,4535.5,4525.25,4531.25
1661960400,4531,4536.5,4529,4534.5
1661960700,4534.5,4536,4531.25,4532.75
1661961000,4532.75,4536.5,4532.25,4534.25
1661961300,4534.25,4541.5,4534,4538.5
1661961600,4538.5,4540.75,4535.25,4537
1661961900,4537,4537.75,4531.5,4534
1661962200,4534,4535.75,4530,4532.75
1661962500,4532.75,4538.5,4532.25,4534
1661962800,4534,4534.25,4526.25,4527.5
1661963100,4527.75,4530.25,4526.75,4529
1661963400,4529.25,4532.5,4528,4531.25
1661963700,4531.25,4532.25,4525.5,4527.5
1661964000,4527.75,4528.25,4521.5,4524.25
1661964300,4524.25,4528.25,4523,4527.25
1661964600,4527.25,4527.5,4522.25,4523.5
1661964900,4523.75,4525.5,4521,4525.25
1661965200,4525,4526.75,4523.5,4524.5
1661965500,4524.25,4529.25,4523.75,4527.75
1661965800,4527.75,4532.25,4526.75,4528.5
1661966100,4528.5,4529,4521.75,4522.5
1661966400,4522.5,4523.5,4517,4517.5
1661966700,4517.5,4520,4514.5,4519.25
1661967000,4519.25,4521.5,4516.25,4518.5
1661967300,4518.5,4519.75,4513.25,4513.75
1661967600,4513.75,4514.75,4509.75,4513.25
1661967900,4513.25,4515.75,4510.75,4511
1661968200,4510.75,4516.75,4510.5,4516
1661968500,4515.75,4517.5,4514,4515.75
1661968800,4515.75,4519,4513,4513.75
1661969100,4513.5,4520.75,4510.5,4519.25
1661969400,4519.5,4520.5,4516.25,4518.25
1661969700,4518.5,4521.25,4515.25,4515.75
1661970000,4516,4517.75,4513,4513.75
1661970300,4513.75,4518,4513.75,4514
1661970600,4514.25,4515.25,4506.5,4508.75
1661970900,4508.75,4508.75,4504.75,4505
1661971200,4505,4507,4501.5,4502.75
1661971500,4502.5,4508.25,4500.5,4505.25
1661971800,4505.25,4507.25,4503.75,4505.75
1661972100,4505.5,4507.5,4502.25,4507.25
1661972400,4507.25,4513,4504,4512.25
1661972700,4512,4517.75,4509.25,4514.5
1661973000,4514.5,4521,4513.5,4520.75
1661973300,4520.75,4528,4520.25,4522.25
1661973600,4522.25,4522.25,4513,4514.75
1661973900,4514.75,4517,4512.5,4515.25
1661974200,4515.25,4518,4509.75,4511
1661974500,4511,4517.25,4509.25,4516.75
1661974800,4516.75,4524.25,4513.5,4523.25
1661975100,4523.25,4527.5,4519,4522
1661975400,4522,4523.25,4511.25,4512.25
1661975700,4512.25,4513.5,4498.75,4499.75
1661976000,4499.75,4502.75,4497,4500.25
1661976300,4500.25,4503.5,4499.75,4503
1661976600,4503,4504,4502.75,4503.5
1661976900,4503.5,4504,4502.5,4504
1661977200,4504,4504.5,4503,4504
1661977500,4504.25,4505,4502.75,4504.75
1661977800,4505,4505.75,4504.5,4505
1661978100,4505.25,4505.5,4504.75,4505.5
1661978400,4505.5,4505.5,4504.25,4504.5
1661978700,4504.5,4504.75,4502.25,4503.75
1661979000,4503.75,4504.75,4503.75,4504.5
1661979300,4504.5,4505,4503.75,4504.5
1661983200,4502,4505,4498.5,4503.5
1661983500,4503.75,4504.25,4502.75,4503.75
1661983800,4503.75,4503.75,4498.75,4498.75
1661984100,4498.5,4499.5,4496,4496.25
1661984400,4496.25,4498,4491.25,4491.25
1661984700,4491.5,4492.75,4489.25,4490.75
1661985000,4491,4491.5,4485.75,4488
1661985300,4488,4489.25,4486.25,4486.25
1661985600,4486.5,4488,4486.5,4487
1661985900,4487.25,4489,4487,4488.75
1661986200,4488.5,4491.75,4488.5,4490.75
1661986500,4490.5,4491.25,4489.5,4490.5
1661986800,4490.5,4490.75,4486.5,4487.25
1661987100,4487.25,4487.5,4485,4486
1661987400,4486.25,4487.5,4485,4485
1661987700,4485,4485.25,4480.5,4481.25
1661988000,4481.25,4482.75,4481,4481.75
1661988300,4481.5,4481.5,4476.25,4476.25
1661988600,4476.5,4476.75,4473.25,4476.25
1661988900,4476.25,4478,4475,4475.25
1661989200,4475.5,4477.25,4475.25,4477
1661989500,4477,4479.5,4477,4479
1661989800,4479.25,4480.5,4477,4477.25
1661990100,4477.5,4481.75,4476.5,4479.75
1661990400,4480,4481,4477,4481
1661990700,4481,4483,4481,4481.75
1661991000,4481.5,4481.5,4476,4476.25
1661991300,4476.25,4479,4475.5,4477
1661991600,4477,4479,4476.5,4478
1661991900,4478,4480.75,4477.5,4479.75
1661992200,4479.75,4480.5,4476.5,4477
1661992500,4476.75,4478.5,4474.25,4474.75
1661992800,4474.75,4475.75,4469,4469.75
1661993100,4469.75,4473.25,4468,4471.5
1661993400,4471.5,4474.75,4471,4473.25
1661993700,4473.25,4475,4472.5,4474.75
1661994000,4474.75,4478.75,4474,4478.5
1661994300,4478.5,4478.5,4476.75,4477.5
1661994600,4477.25,4478,4476,4476.25
1661994900,4476.5,4480.5,4476.25,4478.75
1661995200,4479,4479.5,4475.75,4478
1661995500,4478,4479.75,4477.5,4477.75
1661995800,4478,4479.5,4475.25,4476
1661996100,4475.75,4477.5,4474.5,4475.75
1661996400,4475.75,4478.5,4473.5,4478
1661996700,4478,4479,4475.5,4476.25
1661997000,4476.25,4478.25,4474.5,4477.75
1661997300,4477.75,4479.25,4476.75,4478.25
1661997600,4478,4479.25,4477.5,4478.75
1661997900,4479,4479.5,4477.25,4477.5
1661998200,4477.75,4479.5,4477.25,4478.25
1661998500,4478.25,4479.25,4478,4478.25
1661998800,4478.5,4480.25,4478.5,4480
1661999100,4479.75,4482.25,4479.5,4479.75
1661999400,4479.75,4479.75,4476.5,4477.25
1661999700,4477,4478,4476.5,4476.75
1662000000,4476.75,4477.75,4476,4477
1662000300,4477,4478,4476.75,4477.25
1662000600,4477.5,4478.5,4476.75,4476.75
1662000900,4476.75,4477.75,4475.5,4477.75
1662001200,4478,4479.5,4476.75,4476.75
1662001500,4477,4478,4476,4477
1662001800,4476.75,4477.5,4476.25,4476.75
1662002100,4477,4477.5,4476.5,4477.5
1662002400,4477.5,4477.5,4476.5,4477.25
1662002700,4477.5,4477.5,4475.75,4477
1662003000,4477,4478.5,4476,4478.5
1662003300,4478.5,4478.5,4476,4476
1662003600,4476.25,4477,4470,4470.75
1662003900,4470.75,4473.25,4470,4471
1662004200,4471,4473,4471,4471.75
1662004500,4471.75,4472.75,4471,4471.25
1662004800,4471.5,4473.75,4471.25,4473.25
1662005100,4473.25,4474.75,4473.25,4473.5
1662005400,4473.75,4474,4471.25,4472.25
1662005700,4472.25,4473.5,4471.75,4473
1662006000,4473,4473.25,4472,4472.75
1662006300,4472.5,4474,4472.25,4473.25
1662006600,4473.5,4474.75,4472.75,4474.25
1662006900,4474.25,4477.25,4473.75,4476.5
1662007200,4476.5,4477,4474.75,4475.75
1662007500,4475.75,4479.25,4475.75,4478.75
1662007800,4478.75,4479.25,4477.75,4478
1662008100,4478.5,4479,4478,4478.75
1662008400,4478.5,4478.5,4475.5,4475.75
1662008700,4475.5,4479,4475.5,4477.5
1662009000,4477.5,4478,4476.25,4477.5
1662009300,4477.5,4478.75,4477.5,4478.5
1662009600,4478.5,4479,4477.25,4478.5
1662009900,4478.75,4480.5,4478.5,4480.25
1662010200,4480.5,4480.5,4477.25,4478.75
1662010500,4478.75,4479,4476.25,4478
1662010800,4478,4480.5,4477.75,4479.5
1662011100,4479.5,4480.5,4474.5,4475
1662011400,4475,4478,4473.5,4476.5
1662011700,4476.25,4477,4475.75,4475.75
1662012000,4476,4478.25,4473,4474.25
1662012300,4474,4474,4469.5,4472.5
1662012600,4472.25,4473,4469,4471.5
1662012900,4471.25,4471.25,4468,4468.5
1662013200,4468.5,4471.5,4468,4468
1662013500,4468,4472,4466,4471.75
1662013800,4472,4473.75,4471,4473.75
1662014100,4474,4476.5,4473.5,4476.25
1662014400,4476,4479.5,4475.5,4478.5
1662014700,4478.5,4480.75,4476.75,4478.75
1662015000,4479,4479.25,4476.25,4477.75
1662015300,4478,4480,4476.5,4477.5
1662015600,4477.25,4479,4473.5,4477.75
1662015900,4478,4479,4473.5,4478
1662016200,4477.75,4481.75,4476.5,4481.25
1662016500,4481,4484,4475.75,4476.5
1662016800,4476.25,4479.25,4474,4474.5
1662017100,4474.5,4476.5,4470,4470
1662017400,4470,4471.75,4468,4470.5
1662017700,4470.5,4475,4470.25,4471.5
1662018000,4471.5,4472.5,4468.25,4471.75
1662018300,4471.75,4476.75,4471,4475.75
1662018600,4475.75,4476.25,4472.5,4473
1662018900,4472.75,4474.5,4472,4474.5
1662019200,4474.25,4476,4470.75,4475.5
1662019500,4475.25,4477.75,4472.75,4472.75
1662019800,4472.5,4477,4470.75,4476.75
1662020100,4476.75,4477,4472.75,4473.25
1662020400,4473.25,4474.5,4471,4471.25
1662020700,4471,4471.75,4469.5,4469.75
1662021000,4469.75,4471,4466.75,4467.5
1662021300,4467.25,4470.25,4466.75,4469.75
1662021600,4470,4471,4468,4468.75
1662021900,4468.5,4469,4466,4467
1662022200,4467,4467.75,4465,4465.5
1662022500,4465.5,4469.25,4465.25,4469
1662022800,4468.75,4472.75,4468.5,4471.75
1662023100,4471.75,4473,4470.25,4471
1662023400,4470.75,4472.75,4468.25,4468.5
1662023700,4468.5,4470.25,4467,4467.5
1662024000,4467.75,4467.75,4465,4465.5
1662024300,4465.75,4469.25,4465.75,4469.25
1662024600,4469,4471,4467.25,4467.5
1662024900,4467.5,4471.5,4466.25,4471.25
1662025200,4471,4474.25,4470.75,4473.5
1662025500,4473.5,4476.25,4473.25,4475
1662025800,4475,4476.75,4474.5,4476.25
1662026100,4476.5,4476.5,4473.5,4473.75
1662026400,4474,4474.75,4473,4473
1662026700,4473,4475,4472.5,4473.5
1662027000,4473.75,4474.75,4472.25,4473.5
1662027300,4473.5,4473.5,4470.75,4471.25
1662027600,4471.25,4474.5,4471,4471.25
1662027900,4471.25,4474.75,4471,4473.75
1662028200,4473.75,4474.5,4470.75,4472
1662028500,4472,4472,4470.25,4471.25
1662028800,4471,4471.75,4469.75,4471.75
1662029100,4471.75,4472.75,4470.25,4472
1662029400,4472,4472,4470,4471.5
1662029700,4471.5,4475.25,4470.75,4473.5
1662030000,4473.25,4476.25,4473.25,4476
1662030300,4476,4476.75,4474,4476.25
1662030600,4476,4480,4474.75,4479.5
1662030900,4479.25,4482.25,4477.75,4482
1662031200,4481.75,4483,4480,4482.25
1662031500,4482.5,4483.75,4480.5,4481.25
1662031800,4481,4487.5,4479.5,4486.75
1662032100,4486.5,4487.25,4485.25,4486
1662032400,4486,4490.5,4485,4490.5
1662032700,4490.25,4492.25,4487.25,4487.75
1662033000,4487.5,4488,4485,4487
1662033300,4487,4489.25,4485.5,4485.75
1662033600,4486,4489.5,4485.5,4486
1662033900,4486.25,4487.75,4485.75,4486
1662034200,4485.75,4487.75,4482.25,4482.75
1662034500,4482.75,4483.75,4480.75,4481.75
1662034800,4481.5,4484.75,4481,4484.5
1662035100,4484.5,4484.75,4480,4482.25
1662035400,4482.5,4485.25,4474.25,4475.25
1662035700,4475,4477.25,4471.75,4476.5
1662036000,4476.5,4477.5,4474.5,4476.25
1662036300,4476.25,4479.75,4475.5,4477.75
1662036600,4478,4479.5,4475,4476.25
1662036900,4476,4477,4472.5,4473.25
1662037200,4473.25,4473.75,4470,4470
1662037500,4470.25,4477.75,4469.5,4474.25
1662037800,4474.25,4477.25,4473.75,4476
1662038100,4475.75,4477.5,4474.5,4477.5
1662038400,4477.5,4478,4475.75,4477.5
1662038700,4477.25,4477.25,4473.75,4475.75
1662039000,4476,4481.25,4468.5,4468.75
1662039300,4468.75,4474.25,4467.25,4472.5
1662039600,4472.75,4482,4472.5,4476.75
1662039900,4476.75,4480,4470.5,4472.75
1662040200,4472.75,4475.5,4469.25,4474.75
1662040500,4474.75,4477.5,4466.75,4475.5
1662040800,4475.5,4480,4459.5,4461
1662041100,4461,4465.5,4459.5,4462.5
1662041400,4462.5,4463.75,4455.5,4457.25
1662041700,4457,4457.5,4452.75,4456.5
1662042000,4456.5,4468.75,4455,4468.75
1662042300,4468.75,4475,4466.75,4473.5
1662042600,4473.75,4473.75,4466.25,4467
1662042900,4467,4470,4456.5,4457.75
1662043200,4457.5,4460.75,4451.25,4453
1662043500,4453.25,4453.75,4448.25,4449.25
1662043800,4449.25,4456.5,4448.75,4451.5
1662044100,4451.5,4454.75,4449.5,4450.5
1662044400,4450.25,4453.5,4447.5,4449
1662044700,4449,4463.75,4449,4460.5
1662045000,4460.25,4466,4460,4464.5
1662045300,4464.75,4467.5,4461.5,4464.25
1662045600,4464.25,4464.5,4455.5,4459.25
1662045900,4459,4461.75,4453.75,4455.75
1662046200,4456,4466.75,4455.25,4466.25
1662046500,4466.25,4473.5,4464.75,4465.25
1662046800,4465.25,4466.75,4457.25,4457.5
1662047100,4457.5,4460.5,4456.25,4460.25
1662047400,4460,4461.25,4455,4458
1662047700,4457.75,4459.25,4453.75,4459
1662048000,4458.75,4465.25,4458.25,4463.75
1662048300,4463.75,4467.75,4459.5,4466
1662048600,4466.25,4466.5,4462.5,4466.25
1662048900,4466.25,4470.5,4464.75,4467
1662049200,4467,4467.5,4462.25,4463.75
1662049500,4463.75,4468.25,4461,4464.5
1662049800,4464.5,4465.75,4461.5,4465.5
1662050100,4465.5,4466,4456.75,4458
1662050400,4457.75,4460,4456,4460
1662050700,4459.75,4461,4455.75,4459.75
1662051000,4459.5,4459.75,4452.75,4453.25
1662051300,4453,4455.75,4450,4454.75
1662051600,4454.75,4460,4452.25,4457.75
1662051900,4457.5,4464.25,4457.25,4463.75
1662052200,4463.5,4468.25,4461,4467.75
1662052500,4467.75,4469.5,4466,4466.75
1662052800,4467,4474,4467,4473.25
1662053100,4473.5,4478.25,4471,4477.25
1662053400,4477,4479,4474,4476.25
1662053700,4476.25,4477.75,4471.25,4473.75
1662054000,4474,4474.25,4470.5,4471.25
1662054300,4471.25,4471.25,4465.75,4468.25
1662054600,4468.25,4470,4466.25,4467.75
1662054900,4467.75,4470.5,4466.5,4468.5
1662055200,4468.75,4473.75,4465.5,4473.5
1662055500,4473.75,4476,4468.75,4470.75
1662055800,4470.75,4474,4467,4472.75
1662056100,4472.75,4476.25,4472,4475.75
1662056400,4475.75,4487.25,4475.25,4485.75
1662056700,4485.5,4491.75,4485.25,4489
1662057000,4488.75,4494.25,4488.5,4492.75
1662057300,4492.75,4497.5,4487,4490
1662057600,4490,4492.5,4485.75,4486.75
1662057900,4486.75,4491,4482.5,4484.25
1662058200,4484.5,4492.75,4483,4492
1662058500,4492,4494.25,4486.75,4489.75
1662058800,4489.75,4496,4487.5,4489.5
1662059100,4489.5,4500.5,4489.25,4499.25
1662059400,4499.25,4502.5,4495,4500.25
1662059700,4500.25,4501.25,4492.5,4492.75
1662060000,4492.75,4496.25,4489,4493.25
1662060300,4493.25,4493.25,4487,4487.25
1662060600,4487.25,4489.5,4483.25,4485.5
1662060900,4485.75,4492.5,4484.5,4489.5
1662061200,4489.5,4493.25,4487,4491.5
1662061500,4491.5,4495,4487.25,4488.5
1662061800,4488.5,4501.25,4488.5,4501.25
1662062100,4501,4515.25,4500.75,4511.5
1662062400,4511.5,4512,4508.75,4510.25
1662062700,4510.25,4512,4509.75,4511.5
1662063000,4511.25,4511.5,4503.75,4504.5
1662063300,4504.5,4510.5,4504.5,4509.75
1662063600,4510,4511.5,4509,4511
1662063900,4511,4512.25,4510,4511.5
1662064200,4511.5,4512,4510,4511.25
1662064500,4511.25,4511.25,4510,4510.25
1662064800,4510.25,4511.5,4510,4510.75
1662065100,4511,4512.25,4510.25,4511.75
1662065400,4511.5,4514,4511.5,4514
1662065700,4513.75,4514,4511.5,4512
1662069600,4511.5,4517,4511.5,4516.25
1662069900,4516.25,4517.75,4515.5,4517.25
1662070200,4517.5,4518.25,4516.75,4516.75
1662070500,4516.75,4516.75,4513,4513.75
1662070800,4514,4515,4512.5,4514.75
1662071100,4514.75,4515.5,4514.5,4515.25
1662071400,4515,4515,4512,4512
1662071700,4512,4512.25,4510.75,4511.75
1662072000,4511.5,4511.75,4508.75,4511
1662072300,4511,4512.5,4510.25,4512.25
1662072600,4512.25,4512.5,4511.25,4511.75
1662072900,4511.75,4512.25,4511.5,4511.5
1662073200,4511.75,4511.75,4509.25,4510
1662073500,4510,4511,4509.5,4510.5
1662073800,4510.5,4511.25,4510.25,4510.5
1662074100,4510.5,4511,4509.5,4510
1662074400,4510,4510.75,4509.75,4510.5
1662074700,4510.75,4511.25,4510.25,4511.25
1662075000,4511,4511.75,4508.25,4508.75
1662075300,4509,4512.25,4508.75,4511.25
1662075600,4511.25,4514,4510.75,4513.5
1662075900,4513.5,4513.75,4511.5,4512
1662076200,4512,4514,4511,4513.25
1662076500,4513,4514,4512.5,4513.5
1662076800,4513.25,4513.5,4510,4511.25
1662077100,4511.25,4514.25,4509.75,4514
1662077400,4514,4514,4512,4512
1662077700,4512,4512,4507,4508.75
1662078000,4508.5,4510.5,4507.25,4509
1662078300,4509,4512,4508.75,4511.25
1662078600,4511.5,4512,4509,4509
1662078900,4509,4509.75,4508.5,4508.5
1662079200,4508.5,4511.25,4508.5,4511
1662079500,4511,4511,4508.25,4509
1662079800,4508.75,4510.75,4507.75,4510.25
1662080100,4510,4511,4509,4510
1662080400,4509.75,4512,4509,4510.75
1662080700,4511,4511.5,4509.5,4510
1662081000,4510.25,4511,4508,4508.25
1662081300,4508.5,4511.25,4508,4509.75
1662081600,4509.5,4510.25,4508.25,4508.5
1662081900,4508.5,4509.25,4507.25,4509
1662082200,4509.25,4509.5,4506.75,4507.75
1662082500,4507.75,4509.75,4506,4508.25
1662082800,4508.25,4510.75,4508,4508
1662083100,4508,4509,4506,4506.25
1662083400,4506.5,4508.5,4506.5,4508.25
1662083700,4508.5,4509.25,4508,4509
1662084000,4509,4509,4507.25,4507.75
1662084300,4507.75,4507.75,4506.25,4506.25
1662084600,4506.5,4507,4504.75,4505
1662084900,4504.75,4505.75,4503.5,4504.5
1662085200,4504.25,4504.75,4502.75,4504
1662085500,4503.75,4504,4502,4503.25
1662085800,4503.25,4505,4503,4504.75
1662086100,4505,4505,4504,4504.5
1662086400,4504.75,4505,4503.75,4504.25
1662086700,4504.5,4506.5,4504.5,4506.25
1662087000,4506.5,4506.75,4505.5,4506.5
1662087300,4506.5,4507,4506,4506.25
1662087600,4506.25,4508.75,4505.75,4507.75
1662087900,4507.75,4509.5,4507.75,4509.5
1662088200,4509.75,4510,4507.75,4509.75
1662088500,4510,4510.25,4508.5,4508.75
1662088800,4508.75,4509.25,4507.5,4508.75
1662089100,4508.75,4509,4507.25,4508
1662089400,4508,4509.5,4508,4508.5
1662089700,4508.5,4509.25,4508.25,4508.5
1662090000,4508.75,4509.5,4508.25,4508.75
1662090300,4508.75,4509.25,4508.75,4508.75
1662090600,4509,4509.25,4508,4509.25
1662090900,4509.25,4509.5,4508.25,4508.75
1662091200,4508.5,4509.75,4508.5,4509.5
1662091500,4509.75,4509.75,4508.75,4509.25
1662091800,4509.25,4509.75,4508.75,4509.25
1662092100,4509.5,4513.5,4509.5,4513.25
1662092400,4513,4514,4512.5,4513.25
1662092700,4513.25,4514.25,4512.75,4513.75
1662093000,4514,4514.25,4512.75,4513.5
1662093300,4513.25,4514.5,4513,4513
1662093600,4513,4513.25,4511.5,4512
1662093900,4511.75,4512,4510.5,4510.75
1662094200,4510.5,4512.25,4509.75,4512
1662094500,4512,4514,4512,4514
1662094800,4514,4514.75,4512.5,4513.5
1662095100,4513.5,4513.5,4511.5,4511.75
1662095400,4511.5,4512.25,4510.75,4512
1662095700,4512,4512.5,4509.5,4510.25
1662096000,4510,4510.75,4508.5,4508.75
1662096300,4508.75,4509,4507.5,4508.25
1662096600,4508,4508,4506.5,4507
1662096900,4507,4507,4504.5,4504.5
1662097200,4504.75,4505.5,4504.25,4504.25
1662097500,4504.25,4504.5,4502.75,4504.25
1662097800,4504,4506.25,4503.75,4505.75
1662098100,4505.75,4506,4503,4505
1662098400,4505,4505.25,4499.5,4501
1662098700,4501,4503.25,4499.25,4501.75
1662099000,4502,4504.75,4501.75,4504.25
1662099300,4504,4505,4502,4504.25
1662099600,4504.25,4506.75,4503.75,4506.75
1662099900,4506.75,4509,4506.5,4509
1662100200,4509,4512,4508.25,4512
1662100500,4512,4513.75,4511.5,4513.5
1662100800,4513.25,4513.75,4511,4513
1662101100,4512.75,4515.25,4512.75,4514.5
1662101400,4514.5,4516.25,4513.75,4516.25
1662101700,4516,4516.5,4514,4516
1662102000,4516,4516.75,4508.75,4509
1662102300,4509.25,4511.75,4506,4506.25
1662102600,4506.5,4510.5,4505.5,4506
1662102900,4505.5,4506.75,4501.75,4503
1662103200,4502.75,4507.25,4502.5,4505.25
1662103500,4505.25,4508.25,4504.75,4508
1662103800,4508.25,4509.75,4504.75,4505
1662104100,4505,4505.5,4503,4505
1662104400,4505,4507.25,4504.5,4506.5
1662104700,4506.75,4507.75,4503.5,4506
1662105000,4506.25,4507.25,4505,4506.75
1662105300,4506.5,4507.25,4504.5,4505.25
1662105600,4505,4510.5,4504.75,4510.25
1662105900,4510,4512,4509,4511.5
1662106200,4511.75,4512.25,4510.5,4511.25
1662106500,4511.25,4514,4510.5,4512.75
1662106800,4512.75,4516.25,4512,4512.75
1662107100,4512.5,4515.25,4512.25,4514.25
1662107400,4514.25,4516.25,4512.25,4513.5
1662107700,4513.5,4516,4513.25,4515.75
1662108000,4516,4517,4515.5,4516
1662108300,4516,4517.5,4514,4517.25
1662108600,4517.5,4518.75,4516.75,4517
1662108900,4517,4517.75,4514.75,4516.75
1662109200,4516.5,4516.5,4514,4514
1662109500,4514,4515.75,4513.25,4513.75
1662109800,4513.75,4515.75,4513.75,4514
1662110100,4514,4514.75,4513.25,4513.5
1662110400,4513.5,4513.75,4511.75,4512
1662110700,4512.25,4515,4512.25,4514
1662111000,4514.25,4514.5,4511.25,4511.5
1662111300,4511.25,4512,4510.5,4511.75
1662111600,4511.5,4512.75,4510.75,4510.75
1662111900,4510.75,4513.5,4510.75,4511.75
1662112200,4512,4514.5,4512,4514
1662112500,4514,4515.25,4513.25,4515
1662112800,4515,4516.5,4514.5,4516
1662113100,4516,4516.5,4511.75,4512.25
1662113400,4512.25,4513.75,4511,4513
1662113700,4512.75,4513.25,4510.5,4510.75
1662114000,4510.75,4511.25,4508.5,4508.75
1662114300,4509,4509.25,4507.25,4507.25
1662114600,4507.5,4507.5,4504,4505.75
1662114900,4505.75,4508.25,4505.5,4508
1662115200,4508.25,4509.75,4507.25,4507.5
1662115500,4507.75,4508.5,4505.25,4508
1662115800,4508,4508.75,4506,4507.75
1662116100,4508,4510.5,4507.25,4509.75
1662116400,4509.75,4511.75,4508.75,4508.75
1662116700,4508.75,4510.25,4507,4508.75
1662117000,4509,4510,4504,4506.5
1662117300,4506.75,4509,4506.75,4508
1662117600,4507.75,4507.75,4504.75,4504.75
1662117900,4505,4508,4504.5,4505.75
1662118200,4505.75,4508,4505.5,4507.5
1662118500,4507.5,4511.5,4507,4511.25
1662118800,4511.5,4514,4510.75,4513
1662119100,4512.75,4514.75,4510.75,4513.5
1662119400,4513.75,4514.75,4513,4513.75
1662119700,4514,4514,4511.75,4512.5
1662120000,4512.5,4514,4512.25,4513
1662120300,4512.75,4515.25,4512.5,4514
1662120600,4513.75,4514,4511,4511.25
1662120900,4511.25,4512.5,4510.5,4511.75
1662121200,4511.75,4518.75,4511.75,4518.5
1662121500,4518.5,4519.25,4513,4516.75
1662121800,4516.5,4543.5,4509.25,4538.5
1662122100,4538.5,4546,4535,4540.75
1662122400,4541,4543.75,4526.75,4527.5
1662122700,4527.75,4530.5,4520.75,4530
1662123000,4529.75,4537.75,4529.75,4536.5
1662123300,4536.5,4540,4535.25,4540
1662123600,4539.75,4542.5,4535.75,4541.75
1662123900,4542,4548.75,4540.5,4547.5
1662124200,4547.75,4549.25,4543.75,4543.75
1662124500,4544,4550.75,4543.75,4550.25
1662124800,4550,4553.25,4549.25,4550
1662125100,4550,4552,4548.5,4550.5
1662125400,4550.25,4551.75,4530.75,4531
1662125700,4531,4538.75,4529.5,4536.75
1662126000,4536.75,4537.5,4523.5,4527
1662126300,4527,4535,4526.25,4532
1662126600,4532,4539.25,4528.5,4532
1662126900,4532,4536.75,4527,4527.5
1662127200,4527.75,4531,4517.25,4519.75
1662127500,4519.75,4528.25,4518.25,4526.75
1662127800,4527,4542.5,4526.5,4539.75
1662128100,4539.75,4546.25,4539,4542.25
1662128400,4542.5,4547.5,4538.25,4543
1662128700,4543.25,4551,4542.5,4550.75
1662129000,4551,4557.75,4550.5,4555.5
1662129300,4555.5,4561.5,4555.5,4559.25
1662129600,4559.25,4563.25,4558,4559.75
1662129900,4559.75,4561.25,4555.75,4556.75
1662130200,4557,4559.75,4551,4551
1662130500,4551.25,4554,4545.75,4551.25
1662130800,4551,4558.5,4549.25,4558.5
1662131100,4558.5,4560,4551.25,4553
1662131400,4553,4557.5,4550.75,4556.5
1662131700,4556.25,4558,4551.75,4557.25
1662132000,4557.25,4558.75,4555.25,4557.5
1662132300,4557.5,4557.75,4553.75,4556
1662132600,4556.25,4561,4554.75,4557
1662132900,4557,4559.25,4554,4558.25
1662133200,4558.25,4559,4548,4552.5
1662133500,4552.75,4559.5,4552,4558
1662133800,4558,4561,4557.5,4560
1662134100,4560,4561.25,4557.25,4559
1662134400,4559.25,4561.5,4555.5,4557.75
1662134700,4557.5,4558.25,4554,4555.5
1662135000,4555.5,4556,4551.25,4552.25
1662135300,4552.5,4552.5,4545.75,4546.25
1662135600,4546,4547.75,4532.25,4536.75
1662135900,4536.75,4537.75,4532.25,4533
1662136200,4532.75,4534.5,4523.75,4527.75
1662136500,4527.5,4529,4518.5,4522.75
1662136800,4522.75,4524,4515,4515.75
1662137100,4515.5,4518.5,4511.5,4513.75
1662137400,4513.75,4514.25,4505.25,4513
1662137700,4513,4516.25,4508.5,4512.5
1662138000,4512.75,4512.75,4494.75,4501.25
1662138300,4501.25,4503,4494,4496.75
1662138600,4496.5,4500.25,4494,4500
1662138900,4500,4505.5,4494,4502
1662139200,4502,4502,4484,4484.75
1662139500,4484.75,4484.75,4479.5,4481.75
1662139800,4481.75,4484.75,4478,4480.5
1662140100,4480.5,4487,4477.25,4482.25
1662140400,4482,4488.5,4480.75,4486.25
1662140700,4486.25,4491.25,4475.5,4475.75
1662141000,4475.5,4476.75,4469.25,4474.25
1662141300,4474,4474,4469,4470.5
1662141600,4470.5,4476.5,4469.75,4475.25
1662141900,4475,4479.25,4469.5,4477.75
1662142200,4477.75,4480.25,4473.5,4474.5
1662142500,4474.5,4478,4471.5,4475
1662142800,4475.25,4477.75,4472.75,4475.5
1662143100,4475.5,4485.25,4474.5,4484.25
1662143400,4484.25,4484.25,4477.25,4479.25
1662143700,4479,4487,4478.25,4484.75
1662144000,4484.75,4487,4480.75,4486.25
1662144300,4486.5,4487,4480,4481.5
1662144600,4481.25,4482.75,4478.25,4478.25
1662144900,4478.25,4478.75,4471.25,4472.75
1662145200,4472.75,4484.5,4471.25,4481.5
1662145500,4481.75,4487.25,4479.5,4481
1662145800,4481.25,4483.75,4477,4480
1662146100,4480,4484,4477,4480.25
1662146400,4480,4485,4467.25,4469.25
1662146700,4469.25,4475.25,4467.25,4473.25
1662147000,4473.25,4473.5,4462.75,4463
1662147300,4463.25,4463.25,4453,4455.75
1662147600,4455.5,4456.25,4450,4450.5
1662147900,4450.5,4459.5,4450,4458.5
1662148200,4458.25,4467.5,4456.25,4467.5
1662148500,4467.25,4472.25,4460.75,4469.5
1662148800,4469.75,4474.25,4468.25,4472.75
1662149100,4472.75,4475.25,4472.5,4473
1662149400,4473,4475.25,4472.75,4473.25
1662149700,4473.5,4475,4473.5,4474.5
1662150000,4474.75,4476,4473.75,4475.75
1662150300,4475.5,4475.75,4474.5,4475.5
1662150600,4475.25,4476.25,4474.75,4476
1662150900,4476,4477.25,4475.5,4477
1662151200,4477,4477.25,4475,4477
1662151500,4477,4478.25,4476,4477
1662151800,4477,4478,4475.25,4475.75
1662152100,4475.75,4477.75,4475.5,4477.25
1662328800,4473,4476.5,4469.75,4471.5
1662329100,4471.25,4471.25,4464.25,4464.25
1662329400,4464.25,4466.5,4463.5,4465.5
1662329700,4465.25,4465.25,4459.25,4461.75
1662330000,4461.5,4463.5,4460,4462.25
1662330300,4462.25,4463,4461.5,4462.5
1662330600,4462.75,4464.75,4462,4463.25
1662330900,4463.25,4464.5,4463,4464
1662331200,4464.5,4464.5,4462.5,4464
1662331500,4464,4464,4461.5,4461.75
1662331800,4461.75,4463.75,4461.75,4463.75
1662332100,4463.75,4464.5,4462.75,4463.25
1662332400,4463.25,4465.75,4462.5,4464.75
1662332700,4464.75,4466,4464.5,4464.5
1662333000,4464.5,4466,4464.25,4465.75
1662333300,4465.5,4467.75,4464.5,4467.25
1662333600,4467.25,4471,4467.25,4471
1662333900,4470.75,4474,4470.25,4472.5
1662334200,4472.75,4473.5,4471,4472
1662334500,4472,4473.5,4470.75,4472.25
1662334800,4472,4472.75,4471.5,4472.75
1662335100,4472.75,4473.5,4471.5,4472.75
1662335400,4472.5,4477.75,4472.5,4475.75
1662335700,4475.5,4477.75,4475,4476.75
1662336000,4476.75,4482,4475.75,4479.75
1662336300,4479.75,4481.75,4479.25,4480
1662336600,4480.25,4482.75,4480,4482.25
1662336900,4482.25,4482.5,4475.25,4475.75
1662337200,4476,4476,4472.5,4473
1662337500,4473,4474.5,4471.5,4474
1662337800,4474,4474.5,4471.25,4472.5
1662338100,4472.75,4473.25,4469.25,4469.75
1662338400,4469.75,4470,4466.5,4468.5
1662338700,4468.5,4473.5,4468.5,4471.75
1662339000,4471.75,4473.5,4468.75,4469.75
1662339300,4470,4473,4469.75,4472
1662339600,4472,4476,4472,4474.75
1662339900,4474.75,4476,4473.25,4475.75
1662340200,4475.5,4479.75,4474.75,4479.25
1662340500,4479,4479.75,4477,4477.25
1662340800,4477,4478,4473.75,4473.75
1662341100,4473.75,4475.75,4473.5,4475
1662341400,4475,4477.5,4473,4476.5
1662341700,4476.75,4477.75,4473.75,4474.25
1662342000,4474.25,4475,4469.75,4471
1662342300,4471.25,4473.25,4470.25,4472.25
1662342600,4472.25,4472.75,4470.75,4471.25
1662342900,4471.5,4474.75,4471.25,4472.5
1662343200,4472.5,4474.5,4471.5,4473.25
1662343500,4473.5,4473.75,4472,4472.25
1662343800,4472,4475.5,4472,4475.25
1662344100,4475.25,4475.5,4473,4475.25
1662344400,4475.5,4476.5,4470.5,4471
1662344700,4471.25,4472.75,4469.5,4472.25
1662345000,4472.25,4473.25,4470.5,4470.75
1662345300,4470.75,4471.75,4469,4470.25
1662345600,4470.25,4473,4470.25,4472
1662345900,4471.75,4473.5,4471,4472.5
1662346200,4472.5,4473.25,4470.75,4472.5
1662346500,4472.75,4473,4472.25,4473
1662346800,4473,4473,4469.75,4471
1662347100,4470.75,4472,4469.5,4470.75
1662347400,4470.25,4471.5,4469.5,4470.25
1662347700,4470.5,4473,4470.25,4472.5
1662348000,4472.5,4473,4472,4472.75
1662348300,4472.75,4473,4472,4472.5
1662348600,4472.5,4476,4472.5,4474.75
1662348900,4474.75,4476.5,4474,4476.25
1662349200,4476.25,4477,4475.75,4476.75
1662349500,4476.75,4479,4476.25,4476.5
1662349800,4476.75,4477.75,4476,4477
1662350100,4477,4478,4476.5,4477.25
1662350400,4477.25,4477.5,4476,4477.25
1662350700,4477.25,4477.25,4475,4476
1662351000,4476,4477.5,4476,4476.75
1662351300,4476.75,4477,4474.25,4475
1662351600,4475,4478,4474.75,4477.75
1662351900,4478,4478.25,4477.5,4478
1662352200,4478,4479.25,4477.5,4478.75
1662352500,4478.5,4478.75,4477.25,4478
1662352800,4477.75,4478.5,4477.25,4477.75
1662353100,4477.75,4478,4476.25,4476.25
1662353400,4476.25,4476.75,4475.5,4476
1662353700,4475.75,4476.75,4475.5,4476.25
1662354000,4476.5,4476.75,4475,4475.75
1662354300,4475.5,4475.5,4470.75,4471.75
1662354600,4471.75,4473.5,4471.5,4472.25
1662354900,4472.5,4473.5,4471.5,4471.5
1662355200,4471.5,4472.25,4470.5,4471.75
1662355500,4471.5,4472,4470,4470.5
1662355800,4470.25,4471.75,4469.5,4470.5
1662356100,4470.25,4471.25,4470,4471
1662356400,4471,4471.5,4470,4471
1662356700,4471,4471,4469.25,4470.25
1662357000,4470.25,4471.75,4470.25,4470.75
1662357300,4470.75,4471,4468,4469
1662357600,4469.25,4474.5,4467.5,4474.25
1662357900,4474.25,4478,4474.25,4477
1662358200,4476.75,4477.75,4475.75,4476
1662358500,4476.25,4479,4475.75,4478.75
1662358800,4478.75,4479,4476.25,4477.5
1662359100,4477.25,4478.25,4476.25,4478
1662359400,4478.25,4478.75,4476.25,4477.25
1662359700,4477.5,4478,4476.25,4476.5
1662360000,4476.5,4477.5,4474.5,4474.75
1662360300,4474.75,4480.75,4472.75,4480.25
1662360600,4480.25,4483.75,4480.25,4481.75
1662360900,4482,4482,4479,4480.5
1662361200,4480.75,4486.25,4480.25,4483
1662361500,4483,4483,4476.75,4479.5
1662361800,4479,4480.75,4477,4478.75
1662362100,4479,4483.25,4477.75,4481.5
1662362400,4481.5,4482,4473.25,4474.75
1662362700,4474.75,4475.75,4472.25,4474.5
1662363000,4475,4478.75,4475,4477.5
1662363300,4478,4479.25,4472.5,4472.75
1662363600,4472.75,4474.25,4470.25,4470.75
1662363900,4470.75,4470.75,4467,4467.5
1662364200,4467.25,4468.5,4465.25,4468.25
1662364500,4468.25,4471.25,4467.5,4471.25
1662364800,4471,4471,4467.5,4468.25
1662365100,4468.25,4470,4466.25,4467.5
1662365400,4467.5,4468.75,4465.75,4465.75
1662365700,4465.75,4469.75,4465.5,4468
1662366000,4468.25,4470.25,4466.25,4466.5
1662366300,4466.75,4473,4466.75,4472.5
1662366600,4472.5,4474,4472.25,4473.5
1662366900,4473.5,4476.5,4472.75,4475
1662367200,4474.75,4476.5,4474.75,4475.5
1662367500,4475.75,4475.75,4472.5,4473.5
1662367800,4473.5,4474.75,4472.5,4472.5
1662368100,4472.5,4475.25,4472.5,4475.25
1662368400,4475.5,4482.25,4471,4471.5
1662368700,4471.25,4473.25,4468.5,4468.75
1662369000,4468.5,4470.25,4467.5,4469.25
1662369300,4469.25,4471.75,4469.25,4470.75
1662369600,4470.75,4471,4467.25,4468
1662369900,4468.25,4471.75,4468,4471.25
1662370200,4471.5,4474.25,4471,4474
1662370500,4474,4474.75,4473.25,4473.5
1662370800,4473.5,4477.75,4473.5,4476.75
1662371100,4476.75,4479,4475.25,4477.75
1662371400,4477.75,4479,4475.75,4478
1662371700,4478,4479.5,4476.75,4477.5
1662372000,4477.75,4479.5,4476.75,4477.25
1662372300,4477.25,4477.75,4475,4477.25
1662372600,4477,4479.5,4474.5,4479.5
1662372900,4479.75,4480.5,4478.25,4479
1662373200,4478.75,4480.5,4478.5,4479.75
1662373500,4479.75,4480.75,4476.75,4476.75
1662373800,4476.75,4477,4473.25,4473.5
1662374100,4473.5,4474.5,4472.5,4473
1662374400,4473.25,4473.5,4471.25,4471.75
1662374700,4471.75,4472.75,4470.5,4472.5
1662375000,4472.25,4474,4471.25,4472.5
1662375300,4472.5,4473,4470.5,4470.75
1662375600,4470.5,4476,4470.5,4475.5
1662375900,4475.75,4475.75,4473.75,4474.25
1662376200,4474,4474.25,4470.5,4471.5
1662376500,4471.5,4471.75,4468.75,4468.75
1662376800,4468.75,4469.5,4467.75,4467.75
1662377100,4467.75,4468.25,4466.5,4466.75
1662377400,4466.5,4468,4466,4467.25
1662377700,4467.5,4469.5,4467.25,4468.75
1662378000,4468.75,4470.5,4467.5,4470
1662378300,4470.25,4472.25,4470,4470.5
1662378600,4470.75,4471,4466,4466
1662378900,4466.25,4467.75,4465,4467
1662379200,4467,4468.75,4466.5,4468
1662379500,4467.75,4468.25,4463,4463.25
1662379800,4463.5,4465.5,4462.75,4464.75
1662380100,4464.5,4466,4462.5,4465.25
1662380400,4465.25,4466.25,4464.25,4464.75
1662380700,4464.75,4467,4464.75,4466
1662381000,4465.75,4467,4465.5,4466
1662381300,4466.25,4468,4466,4467.75
1662381600,4467.5,4470,4467,4469
1662381900,4469,4472.75,4468,4470.25
1662382200,4470.5,4473.25,4470,4471.5
1662382500,4471.5,4472.75,4470,4472
1662382800,4472,4475.25,4471.5,4474.25
1662383100,4474.25,4476,4474,4475.25
1662383400,4475.5,4478.5,4475.25,4478
1662383700,4478.25,4479,4476.75,4478.5
1662384000,4478.75,4479.25,4475.75,4477
1662384300,4477.25,4478.25,4475.5,4475.5
1662384600,4475.75,4476.5,4472.75,4473
1662384900,4473.25,4476.75,4472.25,4476.25
1662385200,4476.25,4477.75,4475.75,4476
1662385500,4476,4477.25,4475.25,4476.25
1662385800,4476.25,4476.75,4474.5,4474.75
1662386100,4474.5,4476.25,4474.5,4475.5
1662386400,4475.25,4476.25,4474.25,4475.75
1662386700,4475.75,4477.25,4475.5,4477
1662387000,4476.75,4478.75,4476.75,4478.25
1662387300,4478.25,4478.75,4477.25,4478
1662387600,4478,4479.25,4477.5,4478.25
1662387900,4478.25,4479.5,4478,4479
1662388200,4479.25,4481.5,4478.75,4479.75
1662388500,4480,4481.75,4479.25,4480.5
1662388800,4480.5,4481.75,4480.25,4480.75
1662389100,4481,4481,4478.75,4479
1662389400,4479,4481,4479,4481
1662389700,4481,4481.25,4479.5,4481
1662390000,4480.75,4482.75,4479,4482
1662390300,4482,4482.5,4479.5,4479.5
1662390600,4479.75,4479.75,4478.5,4479.25
1662390900,4479,4480.5,4479,4479.25
1662391200,4479.5,4479.5,4477.75,4479.25
1662391500,4479.25,4479.5,4477,4477.25
1662391800,4477.5,4478.5,4476.75,4477.75
1662392100,4477.5,4479.75,4477.5,4479
1662392400,4479.25,4479.5,4477.75,4478.5
1662392700,4478.5,4479.25,4478,4478.25
1662393000,4478,4478,4476.75,4477.25
1662393300,4477.25,4478.5,4477.25,4478.5
1662393600,4478.5,4480,4478.25,4480
1662393900,4480,4481,4479.5,4480.25
1662394200,4480.75,4482.75,4480.5,4482.25
1662394500,4482.25,4482.75,4481.25,4481.75
1662394800,4481.75,4484.5,4481.75,4484.25
1662395100,4484.25,4484.25,4482.25,4482.75
1662395400,4482.5,4483.25,4481,4482.25
1662395700,4481.75,4483,4481,4481.75
1662396000,4481.5,4481.75,4479.25,4479.5
1662396300,4479.5,4480.25,4478.25,4478.25
1662396600,4478.5,4480,4478,4479.75
1662396900,4479.5,4481.75,4478.25,4480.25
1662415200,4480.25,4481,4476,4478.25
1662415500,4478.5,4479,4477.25,4478.25
1662415800,4478.5,4481.25,4478,4480.25
1662416100,4480.25,4481.25,4479.5,4481
1662416400,4481,4483.75,4480.75,4483.25
1662416700,4483.25,4486,4482.25,4484.25
1662417000,4484,4484.75,4483.25,4484.5
1662417300,4484.25,4489.75,4483,4489.5
1662417600,4489.75,4490.25,4487.25,4487.5
1662417900,4487.5,4488.5,4487,4487.5
1662418200,4487.5,4489.5,4487,4489
1662418500,4489,4489,4486.5,4487
1662418800,4486.75,4487.75,4486.25,4486.25
1662419100,4486.25,4486.75,4485.5,4486.5
1662419400,4486.75,4486.75,4483.5,4484.75
1662419700,4484.75,4485.5,4484,4485.25
1662420000,4485.5,4485.75,4484,4484.75
1662420300,4484.5,4485,4483.5,4484.5
1662420600,4484.25,4485,4483.5,4484
1662420900,4484,4485.5,4483.5,4485.25
1662421200,4485.5,4486.75,4485.25,4486.25
1662421500,4486.25,4486.5,4484.5,4485.25
1662421800,4485,4485.5,4481.25,4481.75
1662422100,4482,4483.25,4481.75,4483.25
1662422400,4483,4483,4477.75,4478.5
1662422700,4478.75,4482.75,4478.5,4482.75
1662423000,4482.75,4485.25,4481.75,4484.75
1662423300,4484.75,4488,4484.5,4487.25
1662423600,4487.25,4489.25,4487.25,4488.5
1662423900,4488.5,4492,4488.5,4490.75
1662424200,4490.75,4496.25,4490.5,4495.5
1662424500,4495.25,4496,4493.25,4493.75
1662424800,4493.5,4496,4493.5,4495.75
1662425100,4495.75,4498,4494.75,4497.75
1662425400,4497.5,4498,4495.75,4497.75
1662425700,4497.75,4501.25,4497.5,4498.5
1662426000,4498.5,4500.25,4497.25,4500
1662426300,4500,4501,4499,4499.25
1662426600,4499,4499.25,4497.25,4497.75
1662426900,4497.75,4498.5,4497,4497.25
1662427200,4497.25,4498.5,4496.5,4496.75
1662427500,4496.75,4497,4495,4495.75
1662427800,4495.75,4496.75,4494,4494.5
1662428100,4494.75,4496,4494,4494
1662428400,4494,4494.25,4492.5,4492.75
1662428700,4492.75,4492.75,4490,4490.75
1662429000,4490.75,4491.5,4489.5,4490
1662429300,4490,4490,4488,4488.5
1662429600,4488.75,4490.75,4488.25,4489.5
1662429900,4489.75,4489.75,4484.5,4484.75
1662430200,4484.75,4487.5,4484.5,4487.5
1662430500,4487.5,4488.25,4485.75,4487.5
1662430800,4487.5,4487.75,4485.25,4486.5
1662431100,4486.75,4488.25,4486.5,4487
1662431400,4487,4487.5,4484.5,4486.5
1662431700,4486.5,4489.5,4486.5,4489.25
1662432000,4489.25,4492,4488.75,4490.75
1662432300,4490.75,4490.75,4489,4489.75
1662432600,4490,4491.5,4489.25,4491.5
1662432900,4491.25,4491.25,4490,4490.5
1662433200,4490.75,4491,4487.75,4488.25
1662433500,4488.25,4489,4487,4488
1662433800,4487.75,4488.75,4485.75,4486
1662434100,4486,4487.5,4485.5,4487
1662434400,4487,4488,4486.5,4486.75
1662434700,4487,4489,4486.75,4488.25
1662435000,4488.5,4488.5,4487,4487
1662435300,4487,4488,4486.75,4487.5
1662435600,4487.5,4487.5,4484.5,4485
1662435900,4485,4486,4482.5,4482.5
1662436200,4482.75,4483.25,4481.75,4483
1662436500,4483,4484,4482.5,4484
1662436800,4483.75,4485.25,4483.5,4484.5
1662437100,4484.25,4485.5,4484.25,4484.75
1662437400,4484.75,4484.75,4484,4484.5
1662437700,4484.75,4485,4483.25,4484
1662438000,4483.75,4486.5,4483.5,4486
1662438300,4486,4487,4485.5,4486.5
1662438600,4486.75,4487,4485,4485.5
1662438900,4485.5,4486.5,4485.25,4486
1662439200,4486,4486.75,4485.25,4485.25
1662439500,4485.25,4486,4483.5,4483.75
1662439800,4484,4485,4483.25,4484.25
1662440100,4484.25,4484.5,4481,4482
1662440400,4482,4482.5,4480,4480.25
1662440700,4480.25,4481.5,4480,4480.75
1662441000,4480.75,4481.5,4479.5,4481.25
1662441300,4481.25,4481.75,4480.25,4480.75
1662441600,4480.75,4482.75,4479.75,4482.25
1662441900,4482.5,4482.5,4480.75,4481.5
1662442200,4481.75,4481.75,4479.75,4480.5
1662442500,4480.5,4484.5,4480.5,4484.25
1662442800,4484.25,4484.5,4483,4483.75
1662443100,4483.75,4485.25,4483.25,4484.5
1662443400,4484.25,4485.5,4483.25,4483.75
1662443700,4483.75,4484.5,4481.25,4481.25
1662444000,4481.5,4483.75,4479,4481.5
1662444300,4481.5,4482.5,4480.25,4482.25
1662444600,4482.25,4484.75,4480.25,4484.5
1662444900,4484.5,4484.75,4482,4483.25
1662445200,4483.25,4486.75,4482.5,4486
1662445500,4486.25,4487.75,4485.75,4487.25
1662445800,4487.5,4490.25,4487,4489
1662446100,4489,4490.75,4487.5,4488
1662446400,4487.75,4489,4487.75,4488.5
1662446700,4488.75,4489.25,4487,4487.75
1662447000,4487.75,4488,4486,4486.75
1662447300,4486.75,4489.25,4486.75,4489
1662447600,4489,4494.5,4486.75,4492.5
1662447900,4492.75,4496.5,4492.25,4495
1662448200,4495.25,4500.5,4494.5,4498.5
1662448500,4498.5,4505.25,4497,4497.5
1662448800,4497.75,4504.25,4497.5,4502.75
1662449100,4503,4505.25,4501,4504.25
1662449400,4504.75,4504.75,4500.25,4500.25
1662449700,4500.5,4502.75,4498,4498.75
1662450000,4498.75,4501.25,4497.5,4497.75
1662450300,4497.75,4498.25,4496.25,4496.5
1662450600,4496.75,4497.75,4494.5,4494.75
1662450900,4494.75,4496.5,4494.25,4496
1662451200,4496,4496.75,4493,4494
1662451500,4494,4494.5,4488.25,4489
1662451800,4489,4489.25,4485.75,4488
1662452100,4487.75,4488.75,4485.5,4488.5
1662452400,4488.75,4490,4485.5,4486.25
1662452700,4486.25,4489.75,4486,4489.25
1662453000,4489.25,4490,4486.75,4487.75
1662453300,4487.75,4489.25,4486.25,4489.25
1662453600,4489,4492.5,4489,4490.75
1662453900,4491,4492.75,4490.5,4490.75
1662454200,4490.75,4493.5,4489.5,4493.25
1662454500,4493.25,4494.5,4492.25,4494.25
1662454800,4494.5,4494.5,4487,4487.5
1662455100,4487.5,4489,4485,4485.5
1662455400,4485.25,4486.75,4483.75,4485
1662455700,4485,4487.75,4484.5,4487.75
1662456000,4487.5,4489.75,4485.75,4489.5
1662456300,4489.75,4492.25,4488.5,4491.25
1662456600,4491.25,4492.75,4489.25,4492
1662456900,4491.75,4492.75,4491.5,4492.5
1662457200,4492.25,4495,4490.75,4491.5
1662457500,4491.5,4493,4490,4490
1662457800,4490,4494.5,4489.75,4493.25
1662458100,4493.25,4494.25,4492.25,4493.5
1662458400,4493.75,4493.75,4491.5,4492.75
1662458700,4493,4494.5,4492.75,4494
1662459000,4494,4498.5,4493,4498
1662459300,4498,4501.75,4497.25,4500.25
1662459600,4500.5,4504,4499.5,4503.5
1662459900,4503.75,4507.25,4501,4502.75
1662460200,4503,4503,4498.25,4499.5
1662460500,4499.5,4500.75,4498.5,4498.5
1662460800,4498.75,4499.75,4497.25,4498.25
1662461100,4498,4499.75,4496.75,4496.75
1662461400,4497,4497.5,4494.75,4495.5
1662461700,4495.25,4497,4495,4496.25
1662462000,4496.25,4497.25,4495,4496.25
1662462300,4496,4497,4494,4497
1662462600,4496.75,4497.75,4495.5,4496.25
1662462900,4496.5,4497,4495.25,4496
1662463200,4495.75,4496.75,4491,4491.75
1662463500,4491.75,4494.75,4491.5,4492.75
1662463800,4492.75,4493.75,4490.25,4492
1662464100,4492,4492,4487.25,4487.75
1662464400,4487.5,4489.25,4485.5,4488.75
1662464700,4489,4489.75,4486.25,4487.25
1662465000,4487,4490.5,4485.25,4490
1662465300,4490,4493.75,4490,4492.75
1662465600,4492.75,4496.5,4492.75,4495.75
1662465900,4495.75,4500.5,4494.5,4499.75
1662466200,4499.75,4500.25,4497.75,4498.5
1662466500,4498.75,4498.75,4495,4495.75
1662466800,4495.5,4496.5,4494,4494.75
1662467100,4494.75,4496.25,4491,4491
1662467400,4491,4492.75,4489.5,4490.25
1662467700,4490.5,4493.75,4490,4493
1662468000,4493.25,4495.5,4492.25,4493.75
1662468300,4493.75,4494.75,4490.75,4494.25
1662468600,4494.25,4495.5,4492.25,4493.25
1662468900,4493.25,4494.25,4491.25,4491.25
1662469200,4491.5,4495.5,4490.75,4491.25
1662469500,4491.5,4492.5,4487.5,4489.5
1662469800,4489.5,4490.5,4487.75,4489.75
1662470100,4489.75,4492.25,4489,4491.75
1662470400,4491.75,4491.75,4487.5,4488.75
1662470700,4488.75,4488.75,4476.5,4477.75
1662471000,4478,4488.5,4477.75,4478.75
1662471300,4478.75,4483.5,4470.75,4471
1662471600,4471.25,4474.25,4466.75,4470.25
1662471900,4470.25,4473.75,4461.25,4462.25
1662472200,4462.5,4464,4453.5,4453.75
1662472500,4454,4464.5,4452,4463.25
1662472800,4463,4463,4436.5,4442.5
1662473100,4442.5,4444.75,4437.75,4440
1662473400,4440,4441.5,4430.75,4440
1662473700,4440.25,4442,4434,4440.5
1662474000,4440.5,4441.5,4433,4437.5
1662474300,4437.5,4453.5,4435.5,4451
1662474600,4450.75,4451,4444.75,4448.75
1662474900,4449,4459.75,4443.25,4458.25
1662475200,4458.25,4469.5,4458.25,4465.5
1662475500,4465.75,4469,4461,4464
1662475800,4464.25,4478.75,4463.75,4472.25
1662476100,4472.25,4484.25,4472,4478.25
1662476400,4478.25,4478.75,4472,4475.75
1662476700,4476,4487.25,4474,4482
1662477000,4482,4483.5,4474.25,4478
1662477300,4478.25,4479.25,4471,4472.5
1662477600,4472.5,4477.75,4469.5,4475
1662477900,4475,4478.5,4465.25,4467
1662478200,4467,4482.5,4465,4476
1662478500,4475.75,4479.25,4469,4473
1662478800,4473,4486.25,4471,4479.5
1662479100,4479.25,4483,4474,4475.5
1662479400,4475.25,4484,4474.25,4481.5
1662479700,4481.5,4484,4479.25,4480.5
1662480000,4480.75,4484,4478.25,4479.75
1662480300,4479.75,4484,4467,4468.25
1662480600,4468.25,4469.75,4465.25,4467.5
1662480900,4467.75,4469,4458.25,4459
1662481200,4459,4461.25,4453.25,4454.5
1662481500,4454.5,4459,4450.75,4457.75
1662481800,4458,4460.75,4455.25,4456.25
1662482100,4456.5,4460.25,4455.75,4457.5
1662482400,4457.5,4465.5,4453.25,4465
1662482700,4465,4466,4460.5,4464.25
1662483000,4464,4465.5,4458.75,4463.75
1662483300,4463.75,4467.25,4461.5,4463.25
1662483600,4463,4463.5,4455,4457
1662483900,4457,4457.5,4444,4444.25
1662484200,4444.25,4447.75,4439.25,4441
1662484500,4441,4445.25,4437.75,4443.75
1662484800,4443.75,4446.5,4441.75,4443.5
1662485100,4443.25,4445,4440.75,4441.75
1662485400,4442,4450.75,4440.5,4448
1662485700,4447.75,4450.5,4444.25,4449
1662486000,4448.75,4449,4440.5,4445
1662486300,4445.25,4448.75,4440.5,4441
1662486600,4441,4443.25,4437.75,4443
1662486900,4442.75,4451.25,4442.75,4450.25
1662487200,4450.25,4456,4448.5,4451.75
1662487500,4451.75,4453.75,4448.75,4452
1662487800,4452.25,4463.5,4452.25,4461
1662488100,4460.75,4464.25,4459,4461
1662488400,4460.75,4462.25,4456.75,4460
1662488700,4460,4461,4455.5,4457
1662489000,4457.25,4459,4449.5,4454.75
1662489300,4454.5,4460,4451.75,4456.5
1662489600,4456.5,4456.75,4451.75,4453
1662489900,4453,4455.5,4449,4454.75
1662490200,4455,4455.25,4446,4452
1662490500,4452,4456.5,4448,4450.75
1662490800,4451,4453.5,4445.5,4448
1662491100,4447.75,4459,4447.25,4459
1662491400,4459,4461.5,4455.75,4457.75
1662491700,4457.75,4464.75,4456.5,4457
1662492000,4457.25,4459.5,4450.5,4458
1662492300,4458,4460.75,4455.25,4456
1662492600,4456,4456,4444,4448.25
1662492900,4448.5,4451,4446.5,4447.5
1662493200,4447.5,4458.75,4447,4458
1662493500,4458.25,4459.25,4451,4456
1662493800,4455.75,4455.75,4447.5,4450
1662494100,4450,4456.25,4443.75,4455
1662494400,4455,4456.25,4450,4451.75
1662494700,4451.75,4452,4449.25,4449.25
1662495000,4449.5,4451.5,4449,4450
1662495300,4450,4452.5,4449.25,4452.5
1662495600,4452.5,4453,4450.75,4450.75
1662495900,4451,4451,4448.75,4449.75
1662496200,4449.75,4449.75,4448.25,4449.25
1662496500,4449.5,4450,4449,4449.5
1662496800,4449.25,4451.75,4449.25,4451.5
1662497100,4451.5,4452.25,4450.5,4452
1662497400,4452.25,4452.5,4450.75,4450.75
1662497700,4450.75,4453.25,4450.75,4452.25
1662501600,4451.5,4453,4450.25,4453
1662501900,4453,4453.25,4451.25,4453
1662502200,4453.25,4455.75,4453.25,4454.75
1662502500,4455,4455.25,4453,4455.25
1662502800,4455.25,4455.25,4453.75,4454
1662503100,4453.75,4454.75,4453.5,4454.75
1662503400,4454.75,4455.25,4453.25,4453.25
1662503700,4453.25,4453.75,4452.25,4453
1662504000,4453,4454.25,4452.75,4454
1662504300,4454,4454.75,4453,4454.5
1662504600,4454.5,4454.75,4452.75,4453.5
1662504900,4453.5,4454.5,4453.5,4453.5
1662505200,4453.75,4454.5,4452.5,4452.5
1662505500,4452.5,4452.75,4448.5,4449.5
1662505800,4449.75,4449.75,4448.25,4449.75
1662506100,4449.75,4451.25,4449.5,4450.25
1662506400,4450,4452,4450,4451.75
1662506700,4451.75,4452.5,4450.25,4450.25
1662507000,4450.5,4452.5,4450.25,4451.25
1662507300,4451.5,4452.75,4451.25,4452
1662507600,4451.75,4453.5,4451.75,4452.75
1662507900,4452.75,4452.75,4450,4451.25
1662508200,4451.25,4451.75,4449.25,4450
1662508500,4450,4451,4449.25,4450
1662508800,4449.75,4451.25,4444.75,4448.75
1662509100,4448.75,4452,4448.25,4451.75
1662509400,4451.5,4451.75,4446.5,4448
1662509700,4447.5,4447.5,4434.5,4435.75
1662510000,4435.75,4436.5,4427.5,4429.75
1662510300,4429.5,4432.75,4429.25,4432.25
1662510600,4432.5,4434,4428,4430.5
1662510900,4430.5,4431.75,4428.25,4430.75
1662511200,4430.75,4431.25,4428.25,4428.5
1662511500,4428.75,4432.25,4428.25,4431.5
1662511800,4431.75,4433.75,4430.25,4432.75
1662512100,4432.75,4435,4431.25,4433.75
1662512400,4433.5,4433.75,4428.5,4429.25
1662512700,4429,4431,4429,4429.75
1662513000,4429.75,4432.75,4429.25,4432.25
1662513300,4432,4434,4430.25,4431.75
1662513600,4431.5,4434,4431.5,4432
1662513900,4432,4434.5,4431.25,4432.75
1662514200,4432.75,4435.5,4430.5,4435.25
1662514500,4435.25,4435.25,4431.25,4434.25
1662514800,4434.25,4434.75,4432.5,4433.25
1662515100,4433.25,4437.75,4432.5,4437.5
1662515400,4437.5,4438.5,4436.25,4437.5
1662515700,4437.25,4437.5,4436.25,4436.5
1662516000,4436.5,4437,4435.75,4436.75
1662516300,4436.5,4437.75,4435.75,4437.25
1662516600,4437.25,4437.25,4434,4435
1662516900,4435.25,4435.5,4433.75,4434.25
1662517200,4434.25,4436.5,4434,4435.75
1662517500,4436,4439,4435.25,4438.5
1662517800,4438.25,4441,4438.25,4440.5
1662518100,4440.5,4441.5,4437,4437.5
1662518400,4437.75,4438.25,4437.25,4437.25
1662518700,4437.5,4439,4437,4438.75
1662519000,4438.75,4439.5,4434.75,4435.25
1662519300,4435.25,4435.5,4434,4434.75
1662519600,4435,4435.75,4434,4435
1662519900,4435,4435.25,4433.5,4433.75
1662520200,4433.75,4433.75,4431.5,4433.25
1662520500,4433.25,4433.5,4430,4430.75
1662520800,4430.75,4432,4430.5,4432
1662521100,4432,4436,4431.25,4435.25
1662521400,4435.25,4435.25,4432.25,4433.5
1662521700,4433.5,4433.75,4431,4431.5
1662522000,4431.75,4433,4431.75,4432.5
1662522300,4432.75,4433.75,4432.75,4433.25
1662522600,4433.25,4436.5,4431.75,4436
1662522900,4436,4436.75,4435.25,4436.5
1662523200,4436.5,4436.5,4434,4434
1662523500,4434,4434.75,4433.5,4434.25
1662523800,4434.25,4434.75,4433.75,4434.25
1662524100,4434.5,4435.25,4434,4434.25
1662524400,4434.25,4434.75,4432.75,4433.25
1662524700,4433,4433.75,4432.75,4433.25
1662525000,4433.25,4436,4433.25,4435.5
1662525300,4435.5,4437.5,4435.25,4437
1662525600,4437,4437,4436,4436.75
1662525900,4437,4439.5,4437,4439.25
1662526200,4439.25,4442.25,4439,4440.5
1662526500,4440.5,4441.5,4439.5,4440
1662526800,4440.25,4441.75,4439,4440.5
1662527100,4440.5,4443.75,4440.25,4443.5
1662527400,4443.5,4445.75,4443,4444
1662527700,4444,4446.75,4443.75,4446.25
1662528000,4446,4446.75,4444.75,4446.25
1662528300,4446.25,4446.25,4442.75,4442.75
1662528600,4442.75,4443.5,4441.5,4442
1662528900,4442.25,4442.5,4441,4441.25
1662529200,4441.25,4443.75,4441.25,4443.5
1662529500,4443.75,4445.5,4442.25,4443.5
1662529800,4443.25,4443.5,4441.75,4443.25
1662530100,4443.5,4444.5,4441.25,4442
1662530400,4442,4443.75,4437,4437.5
1662530700,4437.25,4439.25,4437.25,4438.25
1662531000,4438,4443.75,4437.75,4443.75
1662531300,4443.75,4445.25,4441.5,4445
1662531600,4445.25,4449.25,4445,4447.75
1662531900,4448,4448.5,4446,4446.75
1662532200,4447,4447.25,4444,4446.5
1662532500,4446.5,4447.75,4445.25,4447
1662532800,4447,4449.5,4447,4448.25
1662533100,4448.25,4452,4447.75,4450
1662533400,4450,4450.75,4447.75,4447.75
1662533700,4447.75,4449.25,4446.75,4447
1662534000,4446.75,4452.5,4446.75,4447.5
1662534300,4447.75,4450,4445.25,4445.25
1662534600,4445.5,4449.25,4443.5,4445
1662534900,4445,4447.5,4444,4444.75
1662535200,4445,4448.5,4442,4442.25
1662535500,4442.5,4443,4439.25,4441.25
1662535800,4441.25,4444.5,4437.75,4444.5
1662536100,4444.25,4447.5,4443.5,4446
1662536400,4446,4448.75,4445.5,4448.25
1662536700,4448.25,4454.75,4448.25,4454.25
1662537000,4454.25,4454.75,4451.25,4453.5
1662537300,4453.5,4458,4452.75,4456.5
1662537600,4456.25,4462,4454.25,4461.75
1662537900,4462,4467.25,4460.25,4462
1662538200,4462,4462,4457.75,4458.25
1662538500,4458.25,4460.75,4456.75,4459
1662538800,4459,4459.75,4456.75,4458.25
1662539100,4458.25,4459.5,4457,4457.25
1662539400,4457,4459.75,4457,4459.25
1662539700,4459,4459.5,4456.25,4456.25
1662540000,4456,4457.75,4455,4457.5
1662540300,4457.5,4460.75,4457.5,4460.25
1662540600,4460.5,4463.5,4458.25,4461.75
1662540900,4461.75,4464,4461.5,4463.25
1662541200,4463.25,4463.5,4456.5,4457.25
1662541500,4457.25,4458.75,4456,4456.5
1662541800,4456.25,4458.25,4455.75,4457
1662542100,4457,4460,4457,4460
1662542400,4460,4461.5,4457.25,4458
1662542700,4458,4459.75,4456.75,4458.75
1662543000,4458.75,4459.25,4457,4459
1662543300,4458.75,4460.75,4456.25,4456.25
1662543600,4456.25,4460.5,4456,4459.75
1662543900,4459.75,4462.5,4458.5,4461
1662544200,4461,4461.5,4459.5,4460
1662544500,4460.25,4462.5,4460.25,4462.25
1662544800,4462.25,4463,4459.25,4459.5
1662545100,4459.75,4462,4459,4459.75
1662545400,4459.75,4460.25,4457.75,4458.75
1662545700,4458.75,4459.5,4456,4459.25
1662546000,4459,4461.5,4457.75,4460.5
1662546300,4460.75,4461.75,4459.75,4461.5
1662546600,4461.5,4461.5,4459.25,4459.5
1662546900,4459.25,4462.75,4459,4462
1662547200,4461.75,4461.75,4459.25,4460.75
1662547500,4461,4461,4456.75,4458.75
1662547800,4458.5,4461.5,4458.5,4461
1662548100,4461,4461,4457.75,4459
1662548400,4459.25,4460,4458.25,4459
1662548700,4459,4460.75,4457.25,4457.25
1662549000,4457.5,4460.25,4457.5,4460
1662549300,4459.75,4460.75,4458.25,4458.75
1662549600,4458.75,4461.75,4458.75,4461.75
1662549900,4461.5,4461.75,4461,4461
1662550200,4461,4461.75,4458.25,4459.75
1662550500,4459.75,4460.75,4447,4447.25
1662550800,4447.25,4453.5,4445.5,4453.25
1662551100,4453.5,4453.5,4448.75,4450.75
1662551400,4450.5,4453,4448.25,4452.75
1662551700,4452.75,4454,4450.5,4451.5
1662552000,4451.75,4454,4451,4452.25
1662552300,4452.25,4452.25,4441.5,4445.75
1662552600,4445.5,4446.5,4440.25,4442.5
1662552900,4442.5,4445.25,4441.5,4443.25
1662553200,4443,4446,4441,4443.25
1662553500,4443,4443.75,4440.5,4441.75
1662553800,4441.75,4445.75,4440.75,4445.5
1662554100,4445.25,4449.75,4444,4449.75
1662554400,4449.75,4450.5,4448.5,4448.75
1662554700,4448.75,4449.25,4445.25,4446.5
1662555000,4446.25,4447.5,4441.25,4442
1662555300,4442,4448,4442,4447.75
1662555600,4447.5,4448.75,4446.25,4447.25
1662555900,4447.25,4450.5,4447.25,4448.75
1662556200,4448.5,4450.25,4444.75,4448.5
1662556500,4448.25,4452.5,4448.25,4452
1662556800,4452,4453.5,4450.75,4452
1662557100,4452,4452,4449,4450.5
1662557400,4450.75,4458,4448.5,4457.75
1662557700,4457.75,4470.25,4455.75,4468.25
1662558000,4468.25,4473.5,4466.25,4470.75
1662558300,4470.75,4474,4469.25,4471.25
1662558600,4471.25,4472.5,4461.75,4465.75
1662558900,4465.75,4471.25,4462,4464
1662559200,4464,4469.75,4455.75,4468
1662559500,4468,4470,4460.5,4464.25
1662559800,4464.5,4467.25,4456.75,4457.5
1662560100,4457.75,4464.75,4454.25,4463.75
1662560400,4463.75,4466.75,4460.75,4462.75
1662560700,4462.5,4471,4459.5,4470.5
1662561000,4470.5,4480.5,4470.5,4474.5
1662561300,4474.75,4477.5,4470.75,4473.25
1662561600,4473.5,4476.5,4468,4472
1662561900,4472,4473.25,4469,4471
1662562200,4471,4478.5,4470,4475.75
1662562500,4475.75,4478.25,4474,4474.75
1662562800,4474.75,4481.25,4470.25,4480
1662563100,4480,4485.25,4478,4483
1662563400,4483,4491.75,4483,4488.75
1662563700,4488.75,4490.25,4485.5,4487.25
1662564000,4487.25,4490.5,4485.75,4489.25
1662564300,4489,4490.75,4485,4485.5
1662564600,4485.75,4490,4482.25,4483.75
1662564900,4484,4488.5,4483.75,4486
1662565200,4486,4487.75,4480.75,4482.5
1662565500,4482.25,4488.5,4482,4487
1662565800,4487,4490,4486.25,4489.5
1662566100,4489.5,4491.25,4485.75,4486.25
1662566400,4486.5,4489.5,4486,4486.75
1662566700,4487,4488.75,4482.5,4488.5
1662567000,4488.5,4489,4483.25,4484.75
1662567300,4484.75,4485.5,4479.75,4480.5
1662567600,4480.75,4481.75,4475,4477.25
1662567900,4477.25,4482.25,4476,4481.5
1662568200,4481.5,4482.75,4477.25,4482.5
1662568500,4482.5,4489,4480.25,4488.75
1662568800,4488.75,4498,4487.5,4495.5
1662569100,4495.5,4497.5,4493.5,4495
1662569400,4494.75,4496,4492,4492.75
1662569700,4493,4494.25,4489.5,4493.75
1662570000,4493.75,4500.75,4492.75,4499.25
1662570300,4499.25,4500.75,4496.75,4498.25
1662570600,4498.25,4499.5,4495.75,4498
1662570900,4498.25,4499.5,4494.25,4495.25
1662571200,4495.5,4499.5,4494.25,4496
1662571500,4496,4496.25,4492.25,4493.5
1662571800,4493.75,4499,4493,4498.75
1662572100,4498.5,4503.25,4497.25,4502
1662572400,4502,4509.75,4501.75,4509
1662572700,4509.25,4511,4506.25,4510.5
1662573000,4510.25,4512.75,4509.5,4512.5
1662573300,4512.5,4512.75,4509.25,4511.5
1662573600,4511.5,4522.5,4510.25,4522.25
1662573900,4522,4522.75,4515,4516
1662574200,4516,4517.75,4514,4516.75
1662574500,4516.75,4518.25,4509.5,4510
1662574800,4510,4511.75,4508.5,4511.25
1662575100,4511.25,4518.5,4510.75,4518.5
1662575400,4518.5,4521.5,4515.5,4521.25
1662575700,4521.25,4523,4519.25,4520.25
1662576000,4520.25,4524,4520,4521.25
1662576300,4521.25,4523.25,4520.25,4523
1662576600,4523,4525,4518.75,4523.5
1662576900,4523.5,4526,4521.75,4524.75
1662577200,4524.75,4526,4522,4524.75
1662577500,4524.75,4528.5,4522.75,4528.5
1662577800,4528.25,4528.5,4524.75,4527.25
1662578100,4527.5,4530.25,4523.5,4524.75
1662578400,4524.75,4527.75,4523,4527
1662578700,4527,4532.75,4526.75,4532.25
1662579000,4532.25,4532.25,4526.75,4529.5
1662579300,4529.5,4530.75,4524.75,4526.5
1662579600,4526.25,4527.25,4522.75,4526.5
1662579900,4526.25,4532.5,4525.25,4530.75
1662580200,4530.75,4531.75,4524.25,4527.5
1662580500,4527.5,4527.75,4520.75,4524.5
1662580800,4524.5,4524.75,4519.75,4521.75
1662581100,4521.75,4523.25,4519.75,4522
1662581400,4521.75,4522.5,4520.25,4520.75
1662581700,4521,4523.75,4521,4523.5
1662582000,4523.5,4525,4523.5,4524.25
1662582300,4524.25,4525.75,4524.25,4524.5
1662582600,4524.25,4525.25,4523.25,4524.5
1662582900,4524.5,4525,4524.25,4525
1662583200,4525,4525,4523.75,4524.25
1662583500,4524,4524.5,4523.75,4524.25
1662583800,4524.25,4524.75,4523.75,4523.75
1662584100,4523.75,4524.25,4522.5,4522.5
1662588000,4524,4528,4524,4527
1662588300,4527,4528.75,4526.75,4528.5
1662588600,4528.75,4529,4527.75,4527.75
1662588900,4527.5,4528,4526.5,4527
1662589200,4527,4527.5,4526.5,4527.25
1662589500,4527.25,4527.5,4526.25,4526.75
1662589800,4526.75,4527,4525.75,4526
1662590100,4525.75,4525.75,4524,4524.5
1662590400,4524.25,4524.75,4523.75,4524
1662590700,4524,4524,4522.75,4523.5
1662591000,4523.25,4524,4523.25,4523.75
1662591300,4523.75,4525.5,4523.25,4525.25
1662591600,4525,4525.25,4523.25,4523.75
1662591900,4523.5,4524.5,4523.25,4524.5
1662592200,4524.5,4524.75,4524,4524
1662592500,4524,4527,4524,4524.5
1662592800,4524.5,4524.75,4522.5,4522.75
1662593100,4522.75,4523.25,4522.5,4522.75
1662593400,4522.5,4523.25,4522.5,4522.75
1662593700,4522.75,4523,4521,4522
1662594000,4522,4522.25,4521,4521.5
1662594300,4521.5,4522.5,4521.5,4522
1662594600,4522.25,4522.25,4520.75,4520.75
1662594900,4520.75,4521.5,4520.75,4521.25
1662595200,4521.25,4523.25,4520,4520.25
1662595500,4520.25,4521.5,4519.75,4520.5
1662595800,4520.75,4521.75,4520,4521.25
1662596100,4521,4528.5,4521,4526.25
1662596400,4526.5,4529,4525.5,4525.75
1662596700,4525.5,4527,4525.25,4526.25
1662597000,4526.25,4526.5,4523.5,4524.5
1662597300,4524.5,4525.5,4523.25,4525.5
1662597600,4525.5,4525.5,4524,4525.25
1662597900,4525.25,4525.5,4524,4524.5
1662598200,4524.5,4526.5,4524,4526
1662598500,4526,4527,4525.75,4526.25
1662598800,4526,4527,4525.75,4526.25
1662599100,4526.25,4530,4525.75,4529.25
1662599400,4529.5,4530,4529,4529.5
1662599700,4529.75,4530.75,4526,4526.25
1662600000,4526,4528.5,4525.5,4527.75
1662600300,4527.75,4529.25,4527.5,4528.5
1662600600,4528.5,4529,4527.5,4527.75
1662600900,4527.75,4528.75,4525.5,4525.5
1662601200,4525.75,4527.25,4525.5,4526.25
1662601500,4526.25,4527.25,4526,4526.75
1662601800,4526.75,4527,4526,4526.5
1662602100,4526.75,4526.75,4525.75,4526.25
1662602400,4526,4527.5,4526,4526.75
1662602700,4526.5,4527,4526.25,4526.5
1662603000,4526.5,4527,4525.75,4526
1662603300,4526,4527,4525.5,4526.75
1662603600,4526.5,4527.5,4526.25,4527.25
1662603900,4527,4527.75,4526,4526
1662604200,4526.25,4527,4525.75,4525.75
1662604500,4525.5,4525.75,4522.5,4523.75
1662604800,4523.75,4523.75,4523.25,4523.25
1662605100,4523.5,4523.75,4522,4523
1662605400,4523,4523.25,4522.5,4522.5
1662605700,4522.75,4523.25,4521.75,4522.25
1662606000,4522.25,4523.5,4522.25,4523.25
1662606300,4523,4524.5,4522.5,4524.25
1662606600,4524.5,4527,4524,4526.75
1662606900,4526.75,4527.25,4525.25,4526.75
1662607200,4526.5,4526.75,4525.25,4525.75
1662607500,4526,4526,4524,4524
1662607800,4524.25,4525.25,4524,4525.25
1662608100,4525.25,4526.25,4524,4524.25
1662608400,4524.25,4525.5,4523.75,4524.75
1662608700,4524.75,4524.75,4523.75,4524
1662609000,4524,4524.5,4523.5,4524
1662609300,4524,4525.5,4524,4524.5
1662609600,4524.5,4526.5,4524.5,4526.25
1662609900,4526.25,4526.5,4525,4526.5
1662610200,4526.5,4527.25,4526,4527.25
1662610500,4527.25,4527.5,4525.75,4526
1662610800,4526.25,4528.5,4526,4528.5
1662611100,4528.25,4528.25,4526.25,4527
1662611400,4527,4527.5,4526.5,4527
1662611700,4527,4528,4526.75,4527.75
1662612000,4527.75,4529,4527.5,4528.5
1662612300,4528.25,4528.75,4527.5,4527.75
1662612600,4527.75,4528,4527,4527.75
1662612900,4528,4529.25,4528,4528.75
1662613200,4529,4529.5,4528.5,4529
1662613500,4528.75,4530.5,4528.5,4529.5
1662613800,4529.5,4530.75,4528.75,4529.5
1662614100,4529.5,4531.25,4528.25,4530.75
1662614400,4530.5,4530.75,4529,4529.75
1662614700,4529.5,4530.5,4529.25,4530
1662615000,4529.75,4530.25,4528.5,4528.75
1662615300,4529,4530,4528.75,4529.75
1662615600,4529.75,4530,4527.5,4527.75
1662615900,4527.75,4529,4527.25,4528.5
1662616200,4528.75,4529,4527.25,4528
1662616500,4527.75,4530.75,4527.25,4530.75
1662616800,4530.5,4533.5,4527.25,4532.5
1662617100,4532.5,4533.75,4529.75,4533.75
1662617400,4533.75,4539.25,4532.75,4537.25
1662617700,4537,4540,4537,4538.5
1662618000,4538.5,4539,4535,4535.5
1662618300,4535.5,4536.25,4534.5,4534.75
1662618600,4534.75,4536,4534,4534.5
1662618900,4534.25,4534.25,4530.5,4531.75
1662619200,4531.75,4533,4531,4533
1662619500,4533,4533.5,4530.5,4531.5
1662619800,4531.25,4532,4530,4530.5
1662620100,4530.5,4531.25,4529.5,4530.25
1662620400,4530.25,4532.75,4528.5,4531.75
1662620700,4531.5,4533.75,4530.75,4532.75
1662621000,4533,4533.5,4530.25,4532
1662621300,4532,4532.25,4525.25,4527.25
1662621600,4527,4527,4520,4523.5
1662621900,4523.5,4523.5,4519.25,4521.75
1662622200,4522,4522,4516,4518.75
1662622500,4519,4520,4516.25,4519
1662622800,4519.25,4521,4517.25,4520
1662623100,4520,4521.75,4519,4520.75
1662623400,4520.5,4520.5,4514.25,4516.25
1662623700,4516.25,4520,4515.25,4519
1662624000,4519.25,4519.25,4513.75,4515.75
1662624300,4515.5,4517.75,4514.75,4515.5
1662624600,4515.75,4519.75,4515.5,4519.75
1662624900,4519.75,4521.75,4518,4520.75
1662625200,4520.75,4521.75,4517.25,4517.75
1662625500,4518,4520.5,4515.75,4519.75
1662625800,4519.75,4520.75,4518,4518.75
1662626100,4519,4519.75,4517.75,4518.25
1662626400,4518.5,4521.5,4518,4521.25
1662626700,4521,4522.75,4520.5,4522
1662627000,4522,4523.25,4521,4522.75
1662627300,4522.75,4524.75,4522,4524.5
1662627600,4524.25,4525.75,4523.25,4525
1662627900,4525,4525.5,4522.25,4522.75
1662628200,4522.5,4523.25,4521.5,4521.5
1662628500,4521.75,4523.25,4521,4522.75
1662628800,4522.75,4523.75,4521.5,4522.25
1662629100,4522.5,4523.25,4521.75,4522.5
1662629400,4522.5,4522.5,4519.5,4521.25
1662629700,4521.5,4523.75,4520.25,4523.75
1662630000,4524,4524.25,4521.25,4521.75
1662630300,4521.75,4523,4520.5,4521
1662630600,4521,4522.5,4519.75,4521.75
1662630900,4521.5,4524.25,4521.25,4524.25
1662631200,4524,4525.5,4522.75,4522.75
1662631500,4522.75,4523.75,4520.5,4523.5
1662631800,4523.75,4524.25,4521.75,4523.25
1662632100,4523.25,4523.5,4521.25,4522.75
1662632400,4522.75,4524.75,4521.75,4524.75
1662632700,4524.75,4525,4522.25,4524.5
1662633000,4524.5,4525.25,4523.75,4525
1662633300,4525.25,4527,4523.25,4526
1662633600,4525.75,4527,4524.75,4526.75
1662633900,4526.75,4531.75,4526.5,4528.75
1662634200,4528.75,4530.5,4528.25,4530.25
1662634500,4530.25,4530.25,4527.5,4528
1662634800,4528,4531.5,4527.25,4531
1662635100,4530.75,4531,4528.25,4531
1662635400,4531.25,4536,4529.75,4529.75
1662635700,4529.75,4530,4527.25,4527.5
1662636000,4527.75,4528.5,4526,4526.5
1662636300,4526.75,4527.75,4525.25,4527.75
1662636600,4527.5,4527.5,4522.75,4523.75
1662636900,4523.75,4525.25,4521.5,4525
1662637200,4525,4526.5,4523.25,4524
1662637500,4524,4524,4521,4521
1662637800,4521.25,4523.75,4521,4522
1662638100,4522.25,4524.5,4521.5,4524
1662638400,4524,4526.25,4523.25,4525.5
1662638700,4525.75,4527.5,4525.5,4526.75
1662639000,4527,4527.5,4526,4526.25
1662639300,4526.5,4533.25,4518.25,4518.5
1662639600,4518.25,4529,4518,4528.75
1662639900,4528.75,4528.75,4522.25,4525.25
1662640200,4525.25,4525.25,4514.5,4515.75
1662640500,4516,4519,4514.75,4516.75
1662640800,4516.75,4517.5,4510.75,4514.25
1662641100,4514,4518.5,4512.25,4516.25
1662641400,4516,4520,4511.75,4514.25
1662641700,4514.25,4514.25,4506,4506.75
1662642000,4506.5,4508,4504.75,4506.5
1662642300,4506.5,4507.5,4501,4503
1662642600,4502.75,4506,4498.5,4499
1662642900,4499,4503.75,4497.5,4503.5
1662643200,4503.75,4503.75,4497,4501.25
1662643500,4501.25,4502,4496.5,4499.25
1662643800,4499.25,4499.75,4486.75,4490.25
1662644100,4490.25,4497.25,4487.5,4495
1662644400,4495.25,4514.75,4487.5,4513
1662644700,4513,4516.5,4505,4512.25
1662645000,4512.5,4517.5,4507.5,4516.25
1662645300,4516.25,4522.75,4513.75,4519.25
1662645600,4519.25,4520.5,4503.25,4506
1662645900,4506,4517.25,4504.5,4514
1662646200,4513.75,4517.75,4507.25,4512.25
1662646500,4512.25,4527.5,4508.25,4526.75
1662646800,4526.5,4531,4518.75,4520
1662647100,4520.25,4525.25,4517.75,4524.25
1662647400,4524.25,4532.25,4520.75,4530.5
1662647700,4530.75,4538.75,4527.5,4536.5
1662648000,4536.5,4541,4534,4539.25
1662648300,4539.5,4542,4536.5,4538.25
1662648600,4538.5,4540.75,4534.5,4540
1662648900,4540,4545.75,4538.25,4545
1662649200,4545,4551.5,4543.75,4548.75
1662649500,4548.75,4553.25,4548,4551
1662649800,4551,4552.5,4547.25,4551.75
1662650100,4551.75,4554.25,4549.5,4552.25
1662650400,4552.25,4554.75,4550.75,4552.25
1662650700,4552.25,4553,4548,4548.75
1662651000,4548.75,4550.75,4547,4550.25
1662651300,4550.25,4553,4542.5,4543.25
1662651600,4543.25,4543.75,4539,4542.25
1662651900,4542.25,4544.75,4539.5,4540
1662652200,4540,4543.75,4537.75,4543.5
1662652500,4543.5,4544,4540.25,4540.75
1662652800,4541,4542.75,4519,4519.5
1662653100,4519.25,4520.5,4504.25,4509.75
1662653400,4509.5,4510.5,4499.5,4505.75
1662653700,4505.5,4509.75,4500,4505.25
1662654000,4505.25,4507.25,4496.75,4503
1662654300,4503,4509.5,4500.5,4507.75
1662654600,4507.5,4516,4505.5,4512.75
1662654900,4512.75,4518,4512.25,4515.25
1662655200,4515,4526.75,4512.5,4525.5
1662655500,4525.5,4525.75,4521.25,4523.5
1662655800,4523.5,4529.75,4522.75,4526.5
1662656100,4526.5,4528.25,4524.25,4524.75
1662656400,4524.75,4527,4517.5,4519.75
1662656700,4519.75,4523.25,4517,4522
1662657000,4522,4538.25,4522,4537.25
1662657300,4537,4538.5,4534.25,4536.25
1662657600,4536.25,4538.75,4535.25,4537.75
1662657900,4537.75,4542,4534,4537.5
1662658200,4537.5,4539.75,4532.5,4536.5
1662658500,4536.5,4545,4535.75,4540.5
1662658800,4540.5,4543,4539.25,4541.5
1662659100,4541.25,4543,4538.5,4542.75
1662659400,4542.75,4543.5,4537.25,4538.25
1662659700,4538.25,4539,4527.5,4535.5
1662660000,4535.5,4540,4534,4540
1662660300,4540,4542.25,4534.75,4537.25
1662660600,4537.5,4540,4535,4536
1662660900,4535.75,4541.25,4532.5,4540
1662661200,4539.75,4541,4537.25,4539.75
1662661500,4539.5,4541.5,4537.25,4539
1662661800,4539,4545.75,4538.5,4545.25
1662662100,4545,4547,4542,4545.25
1662662400,4545.25,4546.25,4531.25,4537.5
1662662700,4537.5,4538.75,4530,4533.25
1662663000,4533,4537.25,4529,4536
1662663300,4536,4536,4529.75,4531.5
1662663600,4531.5,4535.75,4524.25,4529
1662663900,4529.25,4533.25,4527.75,4529.75
1662664200,4529.75,4535.5,4527.25,4535.25
1662664500,4535.25,4537.75,4533.75,4536.75
1662664800,4536.75,4541.25,4535.5,4539.75
1662665100,4539.75,4540.5,4536.25,4537.5
1662665400,4537.5,4541.25,4534.5,4535.75
1662665700,4535.75,4537.75,4533.25,4536.5
1662666000,4536.25,4537.25,4529,4530
1662666300,4529.75,4537.5,4529.25,4533
1662666600,4533.25,4546.5,4533,4545.75
1662666900,4546,4551,4544,4549.75
1662667200,4550,4553.25,4549.5,4553
1662667500,4552.75,4553.75,4552.25,4552.75
1662667800,4552.75,4554.75,4552.25,4553.75
1662668100,4553.75,4555.5,4553.75,4555
1662668400,4555,4555.5,4554,4554.25
1662668700,4554.25,4554.25,4553.5,4553.75
1662669000,4553.75,4554.25,4553.5,4553.75
1662669300,4553.75,4554,4553.5,4553.75
1662669600,4553.5,4554.25,4553.5,4554
1662669900,4554,4554.75,4554,4554
1662670200,4554,4554.75,4554,4554.5
1662670500,4554.5,4555,4554,4554
1662674400,4554.25,4555,4552,4552.5
1662674700,4552.25,4552.75,4552,4552.25
1662675000,4552.5,4552.75,4552,4552.5
1662675300,4552.5,4552.5,4550.5,4550.5
1662675600,4550.75,4551.25,4550.25,4550.25
1662675900,4550.25,4551.25,4549.75,4550
1662676200,4550,4551.25,4549.75,4551
1662676500,4551,4552.5,4550.75,4552.25
1662676800,4552.25,4552.25,4550.75,4551
1662677100,4551.25,4552,4551.25,4551.5
1662677400,4551.5,4551.5,4551,4551.25
1662677700,4551.25,4552.25,4551.25,4552.25
1662678000,4552.25,4554,4552.25,4553.5
1662678300,4553.25,4554,4552.75,4553
1662678600,4553.25,4554,4553,4553.5
1662678900,4553.75,4554.25,4553.75,4554.25
1662679200,4554.25,4555.75,4554.25,4555.5
1662679500,4555.5,4555.75,4555.25,4555.75
1662679800,4555.5,4555.75,4553.75,4554.5
1662680100,4554.75,4554.75,4553.25,4554.25
1662680400,4554.25,4554.75,4553.25,4553.25
1662680700,4553.25,4554.5,4553.25,4554.25
1662681000,4554.5,4555.75,4554,4554.75
1662681300,4555,4555,4553,4553.5
1662681600,4553.25,4555.5,4552.5,4553
1662681900,4553.25,4555.75,4552.5,4554.75
1662682200,4554.75,4558.25,4554.75,4558
1662682500,4558,4560.25,4557.25,4559
1662682800,4559,4559.25,4557.75,4558
1662683100,4558,4560,4557.25,4559.5
1662683400,4559.5,4563.5,4559.5,4562.75
1662683700,4563,4563.75,4562.5,4563.25
1662684000,4563.25,4564.5,4562.75,4564
1662684300,4564,4564.25,4563,4563.5
1662684600,4563.5,4564.75,4563.25,4564.5
1662684900,4564.25,4564.25,4561.5,4562
1662685200,4562,4562.5,4560,4560.25
1662685500,4560.5,4561.75,4559.5,4561.25
1662685800,4561.25,4561.5,4560.25,4560.25
1662686100,4560.5,4562,4560,4562
1662686400,4562,4562.75,4560.25,4560.25
1662686700,4560.25,4560.25,4558.5,4558.75
1662687000,4558.5,4558.5,4555.5,4555.5
1662687300,4555.5,4557,4555.5,4556.25
1662687600,4556.25,4558.75,4556,4557.75
1662687900,4557.75,4558.75,4557.5,4558.5
1662688200,4558.75,4560.25,4558.75,4558.75
1662688500,4559,4559.25,4557.5,4558
1662688800,4557.75,4559.75,4557.75,4559.5
1662689100,4559.5,4560,4558.75,4558.75
1662689400,4558.75,4561.5,4558.75,4560.75
1662689700,4561,4561.25,4560,4560.25
1662690000,4560.25,4561.75,4560.25,4561.25
1662690300,4561.5,4562.75,4561.25,4562.5
1662690600,4562.75,4564.5,4562.5,4563.25
1662690900,4563,4563.5,4561.5,4562.25
1662691200,4562.5,4563,4561.75,4562.25
1662691500,4562.5,4562.75,4559.5,4560
1662691800,4560,4561,4560,4560.25
1662692100,4560.25,4561,4560,4560.25
1662692400,4560.5,4561.25,4559.75,4561
1662692700,4561.25,4561.25,4559.25,4559.75
1662693000,4559.5,4561,4559.5,4560
1662693300,4560,4561,4559.75,4561
1662693600,4561,4561.75,4560.75,4561
1662693900,4561.25,4563.5,4561.25,4563.25
1662694200,4563.25,4563.25,4561.25,4561.5
1662694500,4561.75,4562.25,4561.25,4561.75
1662694800,4562,4563.25,4562,4563
1662695100,4562.75,4562.75,4561.25,4561.25
1662695400,4561,4562.5,4561,4562
1662695700,4562,4563.25,4562,4562.75
1662696000,4563,4564.25,4562.75,4563.5
1662696300,4563.5,4565.25,4563.25,4564.25
1662696600,4564.25,4565.5,4564,4565
1662696900,4565,4565.25,4564.25,4564.5
1662697200,4564.5,4564.75,4563.75,4564
1662697500,4564.25,4564.75,4563.5,4564.25
1662697800,4564.5,4565,4563.75,4565
1662698100,4564.75,4566.5,4564.75,4566.5
1662698400,4566.25,4567,4566,4566.5
1662698700,4566.5,4571.25,4566.25,4569
1662699000,4569,4569.5,4568.5,4569.25
1662699300,4569.25,4569.25,4568.25,4568.5
1662699600,4568.25,4569,4567,4567.5
1662699900,4567.75,4568,4565.25,4565.25
1662700200,4565.25,4566,4564.5,4566
1662700500,4565.75,4566.75,4565.25,4566
1662700800,4566,4566,4564.75,4565.5
1662701100,4565.75,4567.25,4565.75,4566.75
1662701400,4566.75,4567.75,4563.25,4564
1662701700,4564,4564,4562.75,4563.25
1662702000,4563.25,4565.25,4563.25,4564.75
1662702300,4564.75,4565.25,4564,4565.25
1662702600,4565.25,4565.25,4563.25,4563.5
1662702900,4563.25,4564.5,4562.25,4564
1662703200,4564.25,4564.25,4558.75,4559.25
1662703500,4559.25,4559.75,4558.5,4558.75
1662703800,4558.75,4560,4558.5,4559.25
1662704100,4559.5,4561,4559.5,4559.75
1662704400,4559.75,4560.75,4559.5,4560
1662704700,4560,4560.5,4558,4558.5
1662705000,4558.75,4559,4555.25,4555.75
1662705300,4555.75,4558,4555,4557.75
1662705600,4557.75,4557.75,4556.25,4557.5
1662705900,4557.25,4559.5,4557,4558.5
1662706200,4558.75,4559.5,4558.5,4559
1662706500,4559,4561.75,4558.75,4560.25
1662706800,4560.5,4564.75,4559.5,4564.75
1662707100,4564.75,4574.5,4564.75,4567.5
1662707400,4567.5,4576.25,4567.25,4575.75
1662707700,4575.75,4576.5,4573.25,4574
1662708000,4574.25,4578.5,4574,4574.75
1662708300,4574.75,4580,4574.5,4579.5
1662708600,4579.5,4580.25,4573.25,4573.25
1662708900,4573,4573.75,4570.75,4572
1662709200,4572,4572.75,4569.25,4570
1662709500,4570.25,4572.75,4570,4571.5
1662709800,4571.25,4572.25,4568,4569.25
1662710100,4569.25,4572.25,4568.75,4571.25
1662710400,4571.25,4572.25,4568.75,4571.5
1662710700,4571.5,4573.75,4571,4573.5
1662711000,4573.5,4576,4572.75,4575.5
1662711300,4575.5,4581.5,4575.5,4580.5
1662711600,4580.5,4582.75,4580,4581.25
1662711900,4581,4582.5,4580.75,4582
1662712200,4582.25,4582.75,4579.75,4580
1662712500,4580,4581.75,4577.5,4577.5
1662712800,4577.5,4582,4576.5,4581
1662713100,4581.25,4583,4581.25,4582.5
1662713400,4582.75,4583.25,4581.75,4582.75
1662713700,4583,4583.5,4582.25,4583
1662714000,4583,4583.5,4580.75,4583
1662714300,4582.75,4583.5,4579.5,4582
1662714600,4582.25,4583.5,4582,4583
1662714900,4583,4583.25,4580.75,4580.75
1662715200,4580.75,4583.5,4580.5,4582.5
1662715500,4582.5,4583.25,4581.25,4582.5
1662715800,4582.25,4582.5,4581,4581.75
1662716100,4582,4582.75,4580.75,4582.5
1662716400,4582.5,4583.75,4579.75,4580
1662716700,4580,4580.5,4579,4579
1662717000,4579,4579.75,4576.75,4577.75
1662717300,4578,4581.75,4577.75,4581
1662717600,4580.75,4581.5,4578.25,4578.5
1662717900,4578.5,4579.75,4576.75,4577
1662718200,4577.25,4579,4577.25,4578.75
1662718500,4579,4583,4577.5,4579
1662718800,4578.75,4581.75,4577.25,4581.75
1662719100,4581.5,4582.5,4580.5,4582.25
1662719400,4582,4585,4581.25,4583.25
1662719700,4583.5,4587.5,4582.5,4586
1662720000,4586,4588,4585.5,4587
1662720300,4587,4588.5,4586.75,4587.5
1662720600,4587.5,4588,4586,4586.25
1662720900,4586.25,4587,4584.5,4585
1662721200,4585.25,4585.25,4582,4583.25
1662721500,4583.25,4584.5,4582.75,4584
1662721800,4584.25,4584.25,4581.75,4583.5
1662722100,4583.75,4584.75,4582,4583
1662722400,4583,4583.5,4580.75,4581
1662722700,4581,4582.25,4580.5,4581.75
1662723000,4581.5,4581.75,4578,4578.75
1662723300,4578.5,4581.5,4578.5,4580.75
1662723600,4580.75,4581.5,4579.75,4580.75
1662723900,4580.75,4581.5,4580,4580.75
1662724200,4581,4581,4579.5,4580
1662724500,4580,4580.5,4577,4579.5
1662724800,4579.75,4580,4577.25,4578
1662725100,4578,4578.25,4575.75,4576.25
1662725400,4576.5,4578.25,4575.5,4577.75
1662725700,4578,4580.25,4577.25,4579.5
1662726000,4579.25,4581,4578.5,4580
1662726300,4580.25,4583,4580.25,4580.5
1662726600,4580.5,4584,4579.25,4583.75
1662726900,4583.5,4585.25,4582.75,4584.75
1662727200,4584.75,4588.75,4584.5,4588.75
1662727500,4588.5,4589,4586.25,4588.25
1662727800,4588,4588.5,4581.5,4581.75
1662728100,4581.75,4584.25,4579.75,4579.75
1662728400,4579.75,4581,4579,4580
1662728700,4579.75,4580.75,4578,4580.25
1662729000,4580.25,4580.5,4577.5,4579.25
1662729300,4579.5,4581.75,4579.25,4579.75
1662729600,4580,4581.5,4576.25,4576.5
1662729900,4576.25,4577,4570.75,4573
1662730200,4573.25,4583,4573,4582.25
1662730500,4582.5,4584.75,4576.75,4580
1662730800,4580,4582.75,4575.5,4576
1662731100,4576,4583.75,4570.25,4579.5
1662731400,4579.5,4582,4576.25,4580
1662731700,4580.25,4588.75,4575.25,4588.25
1662732000,4588.5,4597.25,4587,4595.5
1662732300,4595.75,4598,4593.5,4597.75
1662732600,4598,4598.25,4592,4594.25
1662732900,4594,4602,4591.25,4594.25
1662733200,4594,4597.25,4591,4591.75
1662733500,4591.75,4598.25,4589.25,4597.5
1662733800,4597.75,4600.75,4595,4600
1662734100,4600,4601.75,4596.75,4600.75
1662734400,4600.75,4607.25,4600.75,4605.5
1662734700,4605.25,4607.5,4601.75,4606
1662735000,4606,4608.25,4603.75,4605
1662735300,4605,4606.25,4602,4605.75
1662735600,4605.75,4608,4599.25,4602.5
1662735900,4602.5,4604.5,4599.25,4599.5
1662736200,4599.75,4601.5,4596.75,4601
1662736500,4601,4604.25,4596.75,4597
1662736800,4597.25,4599,4594.25,4598.5
1662737100,4598.5,4602.5,4598.25,4601.25
1662737400,4601.25,4603.5,4596.75,4599.75
1662737700,4599.75,4605.5,4598.75,4605.25
1662738000,4605.5,4607,4602,4603.75
1662738300,4603.75,4604.75,4600.75,4601.5
1662738600,4601.75,4602.25,4597.5,4599.5
1662738900,4599.75,4602.75,4598,4602.5
1662739200,4602.5,4604,4592,4593.5
1662739500,4593.25,4597.25,4592.25,4597
1662739800,4596.75,4600.25,4596,4597.75
1662740100,4598,4598,4592,4597
1662740400,4597,4597,4589.25,4590.75
1662740700,4590.75,4595.75,4590,4594
1662741000,4594,4597.75,4591.25,4597.25
1662741300,4597,4600.75,4595.75,4598.25
1662741600,4598.5,4601.25,4598,4598.75
1662741900,4598.5,4603,4596,4602.75
1662742200,4602.75,4605.5,4601.5,4604.25
1662742500,4604.5,4606.25,4603.25,4605.75
1662742800,4605.75,4606.25,4600.5,4604.25
1662743100,4604.25,4607.5,4604,4607
1662743400,4607,4609.75,4606.25,4609.75
1662743700,4609.75,4612,4609,4610
1662744000,4610.25,4611.25,4607.75,4609.5
1662744300,4609.5,4611.25,4608.75,4608.75
1662744600,4609,4612.75,4608.75,4611.5
1662744900,4611.5,4614,4611.25,4613.75
1662745200,4613.5,4613.5,4608.5,4608.5
1662745500,4608.5,4611.25,4607,4611
1662745800,4611.25,4611.75,4608.5,4610.5
1662746100,4610.75,4612,4609.5,4611.75
1662746400,4611.5,4611.75,4605.75,4607.75
1662746700,4608,4610.25,4606.25,4608.5
1662747000,4608.5,4613.25,4606.5,4612.75
1662747300,4612.75,4614,4611.75,4613
1662747600,4612.75,4615.5,4612.25,4614.25
1662747900,4614.5,4615.5,4611.5,4615.25
1662748200,4615,4615.5,4610.5,4611.5
1662748500,4611.5,4614.75,4609.75,4613.25
1662748800,4613.5,4615.25,4611,4612
1662749100,4612,4613.25,4610,4610
1662749400,4610.25,4611,4607.5,4610
1662749700,4610,4614.25,4609.75,4613.5
1662750000,4613.5,4617.5,4611.75,4617
1662750300,4617,4617.5,4613.75,4615.25
1662750600,4615,4619.5,4614.25,4619
1662750900,4619,4619.25,4616.75,4618.75
1662751200,4619,4619.25,4615.25,4617
1662751500,4616.75,4619,4615.5,4617.5
1662751800,4617.5,4618,4615.5,4618
1662752100,4617.75,4618,4614.25,4615.5
1662752400,4615.5,4621.25,4615.25,4620.25
1662752700,4620.25,4620.25,4615.75,4617
1662753000,4617.25,4618.5,4611.25,4616.25
1662753300,4616,4616,4610,4610.75
1662753600,4610.75,4611.25,4608.25,4608.5
1662753900,4608.5,4609,4606.5,4608.25
1662754200,4608.25,4609.25,4607.75,4608.5
1662754500,4608.25,4609,4608,4608.75
1662754800,4608.5,4610,4608.5,4609
1662755100,4609.25,4609.75,4609,4609.5
1662755400,4609.5,4609.5,4609,4609.25
1662755700,4609.25,4609.5,4609,4609.25
1662756000,4609,4609.5,4608.5,4608.75
1662756300,4608.75,4609.5,4608.5,4609.25
1662756600,4609.5,4610.5,4609.5,4610
1662756900,4610.25,4610.5,4610,4610.25
1662933600,4621.25,4631.5,4621.25,4629.5
1662933900,4629.75,4630.5,4627,4627.25
1662934200,4627.5,4627.5,4625.75,4625.75
1662934500,4625.5,4627.75,4625.25,4625.25
1662934800,4625,4625.25,4623.75,4624.25
1662935100,4624.25,4624.5,4623.5,4623.75
1662935400,4623.75,4625.5,4623.75,4623.75
1662935700,4624,4624.5,4623.25,4624.25
1662936000,4624.25,4625,4623.75,4624.5
1662936300,4624.5,4625.5,4624.25,4625.5
1662936600,4625.5,4626.75,4625.25,4625.75
1662936900,4626,4626,4622.75,4623.25
1662937200,4623,4625.5,4622.75,4625.5
1662937500,4625.25,4625.25,4624.25,4624.25
1662937800,4624,4624.25,4623.75,4623.75
1662938100,4623.75,4623.75,4621,4621.75
1662938400,4622,4622.5,4621.25,4621.25
1662938700,4621.25,4623,4621,4622.5
1662939000,4622.75,4623.75,4621.5,4623.5
1662939300,4623.5,4625.75,4623.25,4623.75
1662939600,4623.75,4623.75,4622.25,4623.5
1662939900,4623.5,4624.75,4623.25,4623.75
1662940200,4623.5,4624,4622.5,4623
1662940500,4623,4623,4620.5,4621
1662940800,4621,4621,4617,4617.75
1662941100,4617.75,4618,4615.5,4615.75
1662941400,4615.75,4617.5,4614.75,4615
1662941700,4615,4618,4614.75,4617.25
1662942000,4617.5,4618.75,4616.5,4617.25
1662942300,4617.25,4618.25,4616,4616.5
1662942600,4616.5,4617.75,4615.5,4615.75
1662942900,4615.75,4616.75,4614.25,4615.25
1662943200,4615.25,4616.25,4613.5,4615.25
1662943500,4615.25,4616.75,4614.5,4616.25
1662943800,4616.25,4616.75,4615.5,4616.25
1662944100,4616,4616.5,4615.25,4615.5
1662944400,4615.5,4616,4612,4612.25
1662944700,4612.5,4613.25,4611.25,4611.75
1662945000,4611.75,4613.5,4611.5,4612.5
1662945300,4612.5,4613,4610,4611.75
1662945600,4611.75,4613,4611.75,4612.25
1662945900,4612.5,4615.25,4612.5,4615.25
1662946200,4615.25,4615.25,4613.75,4614.75
1662946500,4614.75,4617.25,4614.75,4615.75
1662946800,4615.75,4617.75,4615.75,4617.25
1662947100,4617.25,4617.5,4616.5,4616.75
1662947400,4617,4617,4616.25,4616.75
1662947700,4616.75,4617.5,4616.5,4616.75
1662948000,4617,4617.5,4614.25,4615
1662948300,4615,4615,4613,4613.5
1662948600,4613.5,4614,4613,4613
1662948900,4613,4613.75,4612.25,4612.5
1662949200,4612.75,4613.5,4612.5,4613.25
1662949500,4613.25,4614.75,4613,4614.25
1662949800,4614.25,4615,4613.5,4613.75
1662950100,4613.5,4613.75,4611,4611.5
1662950400,4611.5,4612,4607.5,4608.5
1662950700,4608.75,4611.25,4608,4610.75
1662951000,4610.75,4611.5,4609.5,4610
1662951300,4610,4612,4610,4610.75
1662951600,4611,4613,4610,4610.25
1662951900,4610.5,4612,4610,4611.75
1662952200,4611.5,4611.75,4611,4611
1662952500,4611,4612.25,4611,4611.5
1662952800,4611.25,4612.25,4611.25,4611.75
1662953100,4611.75,4611.75,4609.75,4609.75
1662953400,4609.75,4609.75,4607.75,4608.5
1662953700,4608.25,4608.75,4607.25,4607.75
1662954000,4608,4608.25,4607.25,4607.5
1662954300,4607.5,4609.5,4607.5,4609.25
1662954600,4609.25,4610,4608.75,4610
1662954900,4609.75,4610.25,4609.5,4610
1662955200,4610,4610.5,4609,4610.25
1662955500,4610,4610.5,4609.5,4609.75
1662955800,4609.5,4610,4608.25,4609.75
1662956100,4610,4610,4608.5,4608.75
1662956400,4608.5,4609.5,4607.75,4609
1662956700,4609,4609.25,4606.25,4607
1662957000,4606.75,4609.25,4606.25,4609.25
1662957300,4609,4609.5,4609,4609.5
1662957600,4609.5,4610.5,4609.5,4609.75
1662957900,4610,4611.25,4609.5,4610.75
1662958200,4610.75,4611.25,4610,4610.5
1662958500,4610.75,4610.75,4608.75,4608.75
1662958800,4608.75,4611.25,4608.75,4610.75
1662959100,4610.5,4610.5,4609,4609.75
1662959400,4610,4610.5,4609.25,4610
1662959700,4610.25,4611.25,4610,4611.25
1662960000,4611.25,4612.75,4611.25,4612.25
1662960300,4612.25,4613.25,4611.5,4612.75
1662960600,4612.75,4613.75,4612.25,4613
1662960900,4613.25,4613.75,4612,4613
1662961200,4613.25,4615.5,4613.25,4615
1662961500,4615.25,4615.25,4613.5,4614
1662961800,4613.75,4614,4612.25,4613.5
1662962100,4613.75,4616,4613.75,4616
1662962400,4616,4616.5,4611.75,4611.75
1662962700,4611.75,4612.5,4610.25,4611.75
1662963000,4611.5,4612.25,4609.5,4610.25
1662963300,4610,4610.5,4609.25,4609.75
1662963600,4609.75,4610,4608.5,4608.75
1662963900,4608.5,4610.5,4608,4609.75
1662964200,4609.75,4612.5,4608.75,4612.5
1662964500,4612.5,4619.75,4612.5,4618.5
1662964800,4618.25,4619.75,4617.5,4618.5
1662965100,4618.5,4620.5,4618,4620
1662965400,4620,4621.25,4619,4619.5
1662965700,4619.25,4620.75,4618.5,4620.5
1662966000,4620.25,4620.75,4617.75,4619.75
1662966300,4619.5,4621.25,4618.25,4620.5
1662966600,4620.75,4621.75,4618,4619.5
1662966900,4619.5,4621,4617,4617.25
1662967200,4617.25,4624.75,4617.25,4624.5
1662967500,4624.5,4626.75,4622.75,4623.5
1662967800,4623.75,4625.75,4623.25,4625.5
1662968100,4625.5,4626,4624.25,4625
1662968400,4625,4627.75,4624.5,4627.25
1662968700,4627.5,4628.25,4624.5,4627.75
1662969000,4627.5,4628.75,4624.75,4625
1662969300,4624.75,4627,4624.5,4625
1662969600,4625,4627.5,4624.75,4626.5
1662969900,4626.5,4627.25,4622,4624
1662970200,4624,4626.5,4624,4625.25
1662970500,4625.5,4627,4625,4626.75
1662970800,4627,4628.5,4627,4627.5
1662971100,4627.5,4629,4626.5,4628.5
1662971400,4628.5,4631.25,4628.5,4631
1662971700,4631.25,4635.75,4630.75,4635.25
1662972000,4635.25,4637.5,4634,4636.5
1662972300,4636.5,4637.25,4635,4635.25
1662972600,4635.5,4637.25,4635,4637.25
1662972900,4637,4638.5,4637,4638
1662973200,4638,4638.5,4637,4637.75
1662973500,4637.75,4639.25,4637,4638.5
1662973800,4638.25,4639,4637,4638.25
1662974100,4638.25,4640,4637.5,4639
1662974400,4639,4641,4638,4638.25
1662974700,4638.25,4639,4636.5,4636.75
1662975000,4636.75,4637,4634.5,4635.5
1662975300,4635.25,4636.25,4635,4636
1662975600,4636,4636.75,4635,4635.25
1662975900,4635.25,4636.5,4634.5,4635
1662976200,4635,4635.5,4633.5,4634.5
1662976500,4634.5,4634.75,4632,4632.25
1662976800,4632.25,4632.5,4630,4632.25
1662977100,4632.25,4632.75,4630,4630.25
1662977400,4630.25,4631.75,4628,4628.75
1662977700,4628.75,4630.75,4627.5,4629.75
1662978000,4629.75,4630.75,4628.75,4630.25
1662978300,4630.25,4632.75,4630,4631.75
1662978600,4632,4633.5,4631,4632.25
1662978900,4632.25,4633,4630.75,4632.5
1662979200,4632.25,4632.5,4631.25,4632.5
1662979500,4632.25,4633.25,4630.75,4631.25
1662979800,4631.25,4632.75,4630.5,4632.25
1662980100,4632.25,4632.25,4629.25,4629.25
1662980400,4629.25,4629.5,4626.75,4627.75
1662980700,4627.75,4630.75,4627.75,4628.75
1662981000,4628.75,4630,4626.5,4627.25
1662981300,4627.25,4631,4627.25,4629.75
1662981600,4630,4630.75,4629.25,4630.5
1662981900,4630.75,4632.5,4630.25,4631.75
1662982200,4631.5,4631.75,4629,4631.5
1662982500,4631.25,4633,4630.5,4630.75
1662982800,4631,4634.25,4630.5,4634.25
1662983100,4634,4634.25,4632.5,4634
1662983400,4634.25,4635,4633.5,4634.75
1662983700,4634.75,4636.25,4634.5,4635
1662984000,4634.75,4635.5,4632.75,4633
1662984300,4633.25,4634,4630.5,4630.75
1662984600,4630.5,4633.25,4630.5,4632.75
1662984900,4632.75,4632.75,4628.25,4628.75
1662985200,4628.5,4630,4624.5,4624.75
1662985500,4624.75,4625.25,4621.5,4622.25
1662985800,4622,4625.75,4621.75,4625.75
1662986100,4625.75,4627.75,4624.75,4627.25
1662986400,4627.5,4628.25,4626.5,4627.5
1662986700,4627.5,4630.25,4626.25,4629.5
1662987000,4629.75,4630.25,4628.5,4629
1662987300,4628.75,4631.25,4628.75,4630
1662987600,4630,4630.25,4626.25,4628.75
1662987900,4628.75,4631.5,4628.75,4631
1662988200,4631,4633.75,4629.5,4632.75
1662988500,4633,4633,4630.75,4632.5
1662988800,4632.5,4634,4631.75,4633.25
1662989100,4633.5,4634.75,4632.5,4633
1662989400,4633.5,4639.5,4632.75,4638.25
1662989700,4638.25,4638.5,4630,4634.75
1662990000,4634.75,4641.25,4634.5,4639.25
1662990300,4639.25,4646,4638.75,4643.25
1662990600,4643.25,4649.5,4642.25,4648.75
1662990900,4649,4656.5,4649,4656
1662991200,4656.25,4657.25,4652,4653.25
1662991500,4653.5,4656.5,4652.25,4654.75
1662991800,4654.75,4656,4652.5,4654.25
1662992100,4654.5,4662.25,4654,4660.5
1662992400,4660.5,4662.75,4658.75,4661.25
1662992700,4661.25,4663.75,4659,4659.75
1662993000,4659.75,4661.25,4657.5,4658.25
1662993300,4658.25,4660.25,4654.5,4657.5
1662993600,4657.25,4657.5,4653.25,4655
1662993900,4655.25,4658.75,4654.75,4658.5
1662994200,4658.75,4659.5,4653.5,4654.25
1662994500,4654.25,4654.5,4649,4651.25
1662994800,4651.25,4652.5,4644.5,4647.5
1662995100,4647.75,4649.5,4645.5,4646.5
1662995400,4646.25,4648.75,4644.25,4648.5
1662995700,4648.5,4650.75,4644.75,4650
1662996000,4650.25,4653.5,4649,4653.5
1662996300,4653.25,4656.75,4652.75,4656.5
1662996600,4656.75,4658,4653.75,4656.75
1662996900,4656.75,4657,4648.5,4651.75
1662997200,4651.75,4654,4648.75,4650.25
1662997500,4650.25,4652,4645.5,4648
1662997800,4648.25,4649,4641,4642
1662998100,4642,4642.5,4632,4638
1662998400,4637.75,4640.25,4635.25,4636.25
1662998700,4636.25,4641.5,4632.75,4633.25
1662999000,4633,4640,4630.25,4638.75
1662999300,4638.75,4640,4633.75,4636
1662999600,4635.75,4643,4634,4641.5
1662999900,4641.25,4642.25,4638.5,4641.75
1663000200,4641.75,4644.75,4640.25,4643.5
1663000500,4643.25,4646,4638.25,4644.75
1663000800,4644.5,4647,4643.5,4647
1663001100,4647,4648,4641.25,4644
1663001400,4644.25,4647,4644,4646.75
1663001700,4646.5,4648.5,4646,4648.25
1663002000,4648.25,4649.25,4640.5,4645.25
1663002300,4645.5,4652.5,4644.75,4652.25
1663002600,4652,4653.5,4650.75,4652.25
1663002900,4652.25,4653.25,4650.5,4651.5
1663003200,4651.5,4653.25,4649.25,4651
1663003500,4651,4656.25,4650,4655.5
1663003800,4655.5,4656.5,4653,4656.25
1663004100,4656.25,4656.25,4651.75,4652.5
1663004400,4652.25,4653.25,4649.25,4649.5
1663004700,4649.5,4652.5,4648.25,4652
1663005000,4652,4656.25,4651.5,4655.75
1663005300,4655.75,4656,4654.25,4655
1663005600,4655,4655.5,4650.25,4650.75
1663005900,4651,4652,4649.25,4650
1663006200,4650,4654,4649,4653.75
1663006500,4654,4655.75,4645,4647
1663006800,4647.25,4651,4643.25,4647.5
1663007100,4647.75,4649.5,4643.25,4644.5
1663007400,4644.25,4646.25,4640,4642.25
1663007700,4642.25,4647.5,4642,4646.75
1663008000,4646.75,4648.25,4645,4647.5
1663008300,4647.5,4651.25,4646.5,4650.75
1663008600,4650.5,4651.75,4648,4648.5
1663008900,4648.5,4651,4647,4648.75
1663009200,4648.75,4650,4646.5,4648.75
1663009500,4648.75,4654,4648,4653.5
1663009800,4653.25,4654,4651.5,4652.75
1663010100,4653,4653,4649.25,4650.25
1663010400,4650.25,4652.25,4647.5,4647.75
1663010700,4647.75,4648.75,4645.75,4646.75
1663011000,4646.75,4648.5,4644,4645.25
1663011300,4645.25,4648.25,4643.5,4647
1663011600,4647,4652.5,4644.5,4652.5
1663011900,4652.25,4653.25,4647.75,4652
1663012200,4651.75,4652.5,4647.5,4649.75
1663012500,4649.75,4657,4648.75,4655.25
1663012800,4655.25,4658.75,4654.75,4656.25
1663013100,4656.5,4657.5,4654.5,4657.5
1663013400,4657.25,4658,4656.75,4657.5
1663013700,4657.5,4659,4657.5,4658.75
1663014000,4658.75,4662,4658.75,4661.75
1663014300,4662,4662.25,4660.75,4661
1663014600,4661,4661.5,4660.75,4661.5
1663014900,4661.5,4662,4660.75,4661.75
1663015200,4661.5,4661.75,4660.75,4661.5
1663015500,4661.5,4662.25,4661.5,4661.75
1663015800,4661.75,4662.25,4661.5,4662.25
1663016100,4662.5,4663,4662,4662.25
1663020000,4662.75,4668.25,4661,4662
1663020300,4662.25,4662.5,4661,4661.5
1663020600,4661.75,4661.75,4661,4661.5
1663020900,4661.5,4662.25,4661,4661
1663021200,4661,4661.5,4659,4659
1663021500,4659,4660.25,4659,4660
1663021800,4659.75,4660,4658,4658.25
1663022100,4658.5,4658.5,4657.75,4658.25
1663022400,4658,4660,4658,4658.75
1663022700,4658.75,4659.25,4658.5,4659.25
1663023000,4659.25,4659.25,4658.75,4658.75
1663023300,4659,4659.25,4658.75,4659
1663023600,4659,4659.25,4658.5,4659.25
1663023900,4659.25,4661.5,4659.25,4660.75
1663024200,4660.75,4661.5,4660.25,4661
1663024500,4661,4661,4660.25,4660.25
1663024800,4660.25,4661.5,4660,4661.5
1663025100,4661.5,4661.5,4660.75,4661.25
1663025400,4661.5,4661.5,4660.75,4660.75
1663025700,4661,4661,4658.75,4659.5
1663026000,4659.5,4659.75,4659.25,4659.25
1663026300,4659.5,4660.75,4659,4659.25
1663026600,4659.5,4660.5,4659,4659.75
1663026900,4660,4660.25,4659.25,4659.25
1663027200,4659.5,4661.5,4659,4659.5
1663027500,4659.5,4661.5,4658.5,4661.5
1663027800,4661.25,4661.5,4659.25,4659.5
1663028100,4659.5,4660,4657,4658
1663028400,4658,4659,4657.25,4657.75
1663028700,4658,4659,4657.25,4658
1663029000,4658,4659.75,4657.75,4659.25
1663029300,4659.25,4659.75,4658,4659.25
1663029600,4659.5,4661.25,4659.25,4660
1663029900,4660,4661.5,4659.75,4661.25
1663030200,4661,4662.75,4660.5,4662.5
1663030500,4662.75,4662.75,4659.5,4659.75
1663030800,4659.5,4661,4659,4659.75
1663031100,4659.75,4660.75,4659.25,4660
1663031400,4660,4660.25,4659.5,4659.5
1663031700,4659.25,4660.25,4657.75,4658
1663032000,4658,4658.5,4657.25,4657.75
1663032300,4657.75,4659,4657,4657.5
1663032600,4657.75,4657.75,4655,4655.25
1663032900,4655.25,4655.75,4654,4655.5
1663033200,4655.5,4656.25,4654.25,4655.5
1663033500,4655.5,4656.25,4654.5,4656
1663033800,4656,4657.25,4655.25,4657.25
1663034100,4657.25,4657.75,4656.5,4657
1663034400,4657,4657,4655.5,4656.25
1663034700,4656,4657.25,4654.5,4654.5
1663035000,4654.5,4655,4653.25,4653.5
1663035300,4653.5,4655,4653.5,4654.5
1663035600,4654.25,4655,4654,4654.25
1663035900,4654,4655.25,4654,4655
1663036200,4655,4656,4654.75,4655
1663036500,4655.25,4656.5,4655.25,4656
1663036800,4656,4657.25,4655.5,4657
1663037100,4657,4658,4656.25,4657.5
1663037400,4657.5,4660,4657.5,4660
1663037700,4660,4660.25,4659.5,4660
1663038000,4660,4660.25,4659.25,4660.25
1663038300,4660.5,4661.5,4660.5,4661.25
1663038600,4661,4662,4660.75,4661.5
1663038900,4661.75,4661.75,4660.25,4660.25
1663039200,4660.5,4660.75,4659.25,4659.75
1663039500,4659.75,4660.25,4659,4659.25
1663039800,4659.5,4659.75,4657.75,4658
1663040100,4658,4658.5,4657.75,4657.75
1663040400,4657.75,4658.5,4657.25,4657.75
1663040700,4658,4660.25,4657.75,4659.5
1663041000,4659.75,4660,4658.25,4658.5
1663041300,4658.5,4658.5,4657.25,4657.75
1663041600,4657.75,4657.75,4657.25,4657.25
1663041900,4657.25,4657.5,4655.25,4655.25
1663042200,4655,4656,4654,4654.5
1663042500,4654.5,4655.75,4654.5,4655.75
1663042800,4656,4657,4655.25,4656.5
1663043100,4656.5,4657.25,4656.25,4656.75
1663043400,4656.75,4657.75,4656.75,4657.25
1663043700,4657.5,4657.5,4656.75,4657
1663044000,4657,4657.75,4656.5,4656.5
1663044300,4656.5,4656.75,4655.5,4655.5
1663044600,4655.75,4656.5,4655.5,4656.5
1663044900,4656.75,4657.25,4656.75,4657
1663045200,4657,4657.25,4655.5,4655.75
1663045500,4655.75,4656.75,4655.5,4656.25
1663045800,4656.5,4658.25,4656.25,4658.25
1663046100,4658.25,4659.5,4658.25,4659.25
1663046400,4659.25,4659.5,4658,4658.5
1663046700,4658.5,4660,4658.5,4659.75
1663047000,4659.5,4661,4659,4661
1663047300,4661,4661.25,4660.25,4660.75
1663047600,4660.75,4662,4660.25,4660.75
1663047900,4661,4661.5,4660,4661.5
1663048200,4661.5,4666,4661,4665
1663048500,4665,4665.75,4662.75,4665
1663048800,4665,4667.5,4662.25,4666.25
1663049100,4666.25,4668.75,4666,4668.5
1663049400,4668.5,4671.5,4668.5,4671
1663049700,4671,4671.25,4669.5,4669.75
1663050000,4669.5,4673.5,4669.25,4671.75
1663050300,4671.75,4673,4671.25,4671.75
1663050600,4671.75,4672.5,4670.75,4672.25
1663050900,4672.25,4673.5,4671.75,4673.5
1663051200,4673.25,4673.25,4670,4670.25
1663051500,4670,4670,4667.75,4668.25
1663051800,4668.25,4670,4667.5,4669.5
1663052100,4669.5,4670.25,4668.5,4669.75
1663052400,4669.75,4675,4669.25,4673
1663052700,4673,4673.25,4667,4667
1663053000,4667,4668,4665,4665.25
1663053300,4665.25,4667.25,4664.25,4666
1663053600,4665.75,4669,4665.75,4668.25
1663053900,4668,4670.75,4666.25,4670
1663054200,4670,4673.25,4669.75,4671.75
1663054500,4671.5,4671.75,4668.75,4671.5
1663054800,4671.25,4672.25,4669,4670.25
1663055100,4670.5,4674.75,4669.5,4674.25
1663055400,4674.25,4675,4673,4674.75
1663055700,4674.75,4674.75,4672.25,4673.25
1663056000,4673.5,4674.75,4672.75,4673.75
1663056300,4673.75,4674.5,4671.5,4672.5
1663056600,4672.5,4674.75,4672.25,4673
1663056900,4673,4674.5,4672.25,4673.25
1663057200,4673.5,4674.5,4671.25,4674.25
1663057500,4674.25,4674.75,4673.25,4673.75
1663057800,4673.75,4674.5,4673,4673.5
1663058100,4673.5,4673.75,4671.5,4672
1663058400,4672,4672.75,4670.5,4671.75
1663058700,4672,4674.75,4671,4674.5
1663059000,4674.5,4674.75,4671.25,4671.5
1663059300,4671.75,4673.5,4671.5,4673.5
1663059600,4673.5,4674,4671,4673.75
1663059900,4673.5,4674.5,4672,4672.75
1663060200,4672.75,4673.25,4669.75,4670.5
1663060500,4670.75,4671.5,4670.25,4670.5
1663060800,4670.5,4671.5,4670,4670.75
1663061100,4670.5,4670.75,4669,4669.5
1663061400,4669.5,4671.75,4669,4670.5
1663061700,4670.25,4671,4668.5,4670.25
1663062000,4670.5,4671.75,4669.75,4670.75
1663062300,4670.75,4671.25,4669,4669.5
1663062600,4669.5,4672,4669.25,4671.75
1663062900,4672,4673.5,4670.5,4671.75
1663063200,4671.5,4672,4670.5,4670.75
1663063500,4670.5,4671.75,4670.5,4671.25
1663063800,4671.25,4673.25,4671.25,4671.75
1663064100,4672,4674.5,4671.5,4674
1663064400,4674,4674,4671.75,4673.25
1663064700,4673.25,4674.75,4673,4673.5
1663065000,4673.5,4677.5,4673.5,4677
1663065300,4676.75,4679.75,4676,4678.25
1663065600,4678.25,4679,4677.25,4677.5
1663065900,4677.5,4679.5,4677.25,4679.25
1663066200,4679.25,4682.25,4679.25,4681.25
1663066500,4681.25,4683.25,4681.25,4681.75
1663066800,4681.5,4683.5,4681.25,4683.25
1663067100,4683.25,4685,4683.25,4684.5
1663067400,4684.75,4685.5,4682.25,4683.5
1663067700,4683.5,4683.5,4681.25,4682
1663068000,4682,4683.25,4681.75,4682.25
1663068300,4682.5,4683.75,4682,4683.25
1663068600,4683.25,4685.5,4682.5,4685.25
1663068900,4685.5,4686.5,4683.75,4684
1663069200,4684,4684.5,4682.75,4683.25
1663069500,4683.25,4683.5,4682,4683
1663069800,4683,4685.5,4682.25,4684.25
1663070100,4684.25,4685,4683.25,4684.25
1663070400,4684.25,4685.25,4682.25,4685.25
1663070700,4685,4688,4684,4686.5
1663071000,4686.25,4686.75,4683,4683
1663071300,4683.25,4683.25,4680.75,4682.5
1663071600,4682.75,4685.25,4681.5,4685
1663071900,4685,4690,4683.25,4686.25
1663072200,4686.5,4700.25,4580.75,4603.75
1663072500,4604,4606.25,4582,4585.75
1663072800,4586,4588.5,4579.75,4585.5
1663073100,4585.5,4591,4582.25,4583.75
1663073400,4583.75,4587,4569.25,4570.5
1663073700,4570.75,4573.25,4565,4565
1663074000,4565.25,4567.75,4559,4565.75
1663074300,4565.75,4566,4560.5,4563.75
1663074600,4563.75,4564,4556.25,4557.75
1663074900,4557.5,4562.5,4555.75,4562.5
1663075200,4562.25,4568,4561.5,4567.75
1663075500,4568,4568,4562.25,4563.5
1663075800,4563.25,4576.5,4561.5,4568.5
1663076100,4568.5,4569,4553.5,4561
1663076400,4561,4567.25,4557.25,4561.75
1663076700,4561.75,4565.75,4555.25,4562.5
1663077000,4562.75,4570.5,4562,4564
1663077300,4564.25,4564.5,4554,4554.5
1663077600,4554.75,4556,4542.25,4543.5
1663077900,4543.5,4551.25,4542.5,4549
1663078200,4549,4552,4544.25,4548.5
1663078500,4548.5,4555.5,4545,4555.25
1663078800,4555.25,4555.75,4545.5,4546.5
1663079100,4546.75,4550.25,4543.25,4546.5
1663079400,4546.25,4549.75,4539.25,4540.75
1663079700,4541,4542,4536,4536.25
1663080000,4536.25,4538,4531.5,4533
1663080300,4533,4533.25,4528,4528.5
1663080600,4528.25,4529.75,4525.5,4528.5
1663080900,4528.5,4532,4528,4529.5
1663081200,4529.5,4533.75,4528.5,4530.25
1663081500,4530,4532,4526.25,4530.5
1663081800,4530.25,4531.25,4523.75,4527
1663082100,4527,4530.25,4524,4525.75
1663082400,4525.5,4529,4522.75,4523.5
1663082700,4523.5,4526.25,4522.75,4525.75
1663083000,4525.75,4528.75,4523.5,4528
1663083300,4528,4529.75,4526.25,4529.75
1663083600,4529.75,4529.75,4521.25,4526.75
1663083900,4526.75,4527,4522,4523.25
1663084200,4523.25,4527.5,4522.5,4526
1663084500,4525.75,4527,4522,4523.75
1663084800,4523.75,4528.5,4521,4527.5
1663085100,4527.5,4532.25,4525.5,4532
1663085400,4531.75,4534.25,4529.25,4534.25
1663085700,4534.25,4536.5,4533,4533.5
1663086000,4533.25,4534,4530.25,4530.5
1663086300,4530.5,4530.75,4524.25,4525.5
1663086600,4525.75,4527.25,4522.25,4527
1663086900,4527,4530.75,4527,4529.5
1663087200,4529.5,4531.25,4527.75,4528.75
1663087500,4529,4530.5,4526,4530.5
1663087800,4530.25,4533.25,4528.75,4532.25
1663088100,4532.25,4532.75,4528.25,4529
1663088400,4529,4534.25,4524.5,4530.5
1663088700,4530.25,4535.75,4529.25,4530.5
1663089000,4530.5,4536.25,4529.25,4534.5
1663089300,4534.25,4537.5,4531,4531.25
1663089600,4531.25,4537.5,4529.75,4536
1663089900,4535.75,4539.75,4535,4539.5
1663090200,4539.5,4541.75,4536.25,4539.5
1663090500,4539.5,4540.75,4533.5,4537
1663090800,4537.25,4538.25,4533.25,4533.5
1663091100,4534,4535.75,4532,4535.5
1663091400,4535.5,4536.25,4529,4530.25
1663091700,4530.25,4533.25,4529,4529.25
1663092000,4529.5,4530.75,4522.75,4525.5
1663092300,4525.5,4527.5,4522.5,4523
1663092600,4523,4526.5,4520.5,4525.5
1663092900,4525.25,4527.25,4523.75,4526.25
1663093200,4526.25,4528,4521.75,4521.75
1663093500,4522,4522.75,4516.5,4517.5
1663093800,4517.5,4519,4515.5,4515.75
1663094100,4515.5,4516.25,4512.75,4512.75
1663094400,4512.75,4514.5,4509.75,4510
1663094700,4510,4512,4507.75,4507.75
1663095000,4508,4509,4501.75,4502.25
1663095300,4502.5,4508.5,4500.75,4503.75
1663095600,4503.5,4505.75,4501.75,4502
1663095900,4502,4503.5,4497.5,4498.5
1663096200,4498.25,4499.5,4491.25,4493.75
1663096500,4493.5,4496.25,4491.75,4493.25
1663096800,4493,4495.25,4489.75,4492.75
1663097100,4492.75,4494.5,4486.5,4486.75
1663097400,4486.75,4487.75,4474,4476.75
1663097700,4476.5,4480.25,4469.5,4478.25
1663098000,4478.25,4478.25,4469,4472.75
1663098300,4472.75,4473.75,4463.75,4471
1663098600,4471,4479.25,4470.75,4477.5
1663098900,4477.25,4484.75,4471.5,4476.5
1663099200,4476.25,4483.5,4476.25,4482.75
1663099500,4482.75,4483.5,4481.25,4482.25
1663099800,4482.5,4483.5,4480,4480.25
1663100100,4480.25,4480.75,4476,4476.5
1663100400,4476.75,4479,4475.75,4477.75
1663100700,4477.75,4478.25,4475,4478.25
1663101000,4478,4479.25,4477,4478.25
1663101300,4478.5,4480.25,4478.25,4479.5
1663101600,4479.5,4480,4478.25,4479.25
1663101900,4479.25,4481.5,4479.25,4481
1663102200,4481.25,4481.75,4479.75,4481.25
1663102500,4481.25,4482.75,4479.5,4480.5
1663106400,4482,4484,4477.75,4478
1663106700,4478.25,4482,4476.75,4481.5
1663107000,4481.5,4481.75,4480,4480.75
1663107300,4480.75,4483.75,4480.25,4483.5
1663107600,4483.75,4484.25,4482.25,4482.25
1663107900,4482.25,4483.75,4481.75,4482.75
1663108200,4482.5,4484.25,4481.5,4483.25
1663108500,4483.5,4485.5,4483,4484.25
1663108800,4484.25,4487,4484,4486.25
1663109100,4486,4486.75,4484.25,4484.25
1663109400,4484.5,4485.5,4484.25,4485.25
1663109700,4485.25,4487.5,4485,4485
1663110000,4484.75,4485,4481.5,4482.25
1663110300,4482.25,4482.25,4479.75,4480.25
1663110600,4480.5,4481.5,4477.5,4477.75
1663110900,4477.75,4478.75,4477,4478.25
1663111200,4478.25,4481.75,4478.25,4481
1663111500,4481,4482.5,4480.75,4481.5
1663111800,4481.5,4482,4479.75,4480.5
1663112100,4480.75,4483.25,4480.75,4483
1663112400,4483,4484.25,4481,4481
1663112700,4481,4483.75,4480.75,4483.5
1663113000,4483.5,4484.25,4482.25,4484.25
1663113300,4484,4486,4483.75,4483.75
1663113600,4483.75,4484.75,4479.75,4481.5
1663113900,4481.5,4481.5,4479.25,4481.25
1663114200,4481.25,4483,4479.5,4481
1663114500,4481.25,4481.25,4475.5,4477.75
1663114800,4477.5,4478.25,4474,4475.75
1663115100,4475.5,4480.25,4475,4479.5
1663115400,4479.25,4480.5,4475.5,4475.5
1663115700,4475.5,4476.5,4472.5,4473.5
1663116000,4473.5,4474.5,4470.75,4473.25
1663116300,4473.25,4473.5,4471,4472.75
1663116600,4472.75,4475.5,4472.25,4474
1663116900,4474.25,4477.25,4473,4476.5
1663117200,4476.75,4480.25,4476.75,4479.75
1663117500,4479.75,4479.75,4476.5,4477.25
1663117800,4477.25,4480,4476.5,4479.25
1663118100,4479.25,4481.25,4478.5,4481
1663118400,4481.25,4483,4481,4481.75
1663118700,4482,4483.75,4481.5,4483.5
1663119000,4483.5,4484.75,4482.5,4483.5
1663119300,4483.5,4484.25,4480.5,4484
1663119600,4484,4484.5,4481.25,4481.25
1663119900,4481.25,4483,4480.25,4482.25
1663120200,4482.5,4484.25,4481.75,4483.75
1663120500,4483.75,4485,4481.75,4483.5
1663120800,4483.25,4485.75,4482.75,4485.5
1663121100,4485.25,4487.25,4485.25,4485.75
1663121400,4485.75,4489.25,4485.25,4488.75
1663121700,4488.5,4489.25,4486.75,4487.75
1663122000,4487.75,4489,4486.25,4486.5
1663122300,4486.75,4486.75,4485.25,4485.75
1663122600,4485.75,4487,4485.25,4485.75
1663122900,4485.75,4486.25,4484.25,4485.25
1663123200,4485,4485.25,4483.75,4484.75
1663123500,4485,4486.75,4484.75,4486.75
1663123800,4486.75,4487,4484.5,4484.5
1663124100,4484.75,4486,4484.25,4485.5
1663124400,4485.25,4488,4484.75,4485.75
1663124700,4485.5,4487.75,4485.5,4486.75
1663125000,4486.75,4487.75,4486.25,4487
1663125300,4487,4487,4484.75,4485.75
1663125600,4486,4486.25,4484.25,4485
1663125900,4485.25,4487.5,4484.75,4486.75
1663126200,4486.75,4487,4484.5,4485.25
1663126500,4485.5,4485.5,4482,4484
1663126800,4484,4484.25,4481.5,4481.75
1663127100,4482,4483,4481,4482
1663127400,4482.25,4482.5,4480.5,4480.5
1663127700,4480.75,4482.75,4480.25,4482.75
1663128000,4482.75,4483.75,4482,4483.5
1663128300,4483.75,4484.25,4481.75,4482
1663128600,4482.25,4484,4481.75,4482.25
1663128900,4482.5,4482.75,4481.75,4482
1663129200,4482,4483,4480.75,4481
1663129500,4481.25,4482.75,4481.25,4482.25
1663129800,4482.5,4486.25,4482.5,4485.75
1663130100,4486,4486.25,4484.5,4485.5
1663130400,4485.5,4485.5,4484.25,4485
1663130700,4485,4485.25,4482.25,4482.75
1663131000,4483,4484,4482.75,4483.25
1663131300,4483.25,4485,4482.75,4484.25
1663131600,4484.75,4485.5,4483.75,4484.25
1663131900,4484.25,4486,4483.25,4484
1663132200,4484,4485.75,4483.25,4484.5
1663132500,4484.25,4485,4482.5,4484.5
1663132800,4484.25,4484.5,4483.25,4484
1663133100,4483.75,4485,4483,4484.75
1663133400,4484.5,4487.25,4483.75,4486.75
1663133700,4486.75,4487,4485.5,4486.25
1663134000,4486.5,4486.5,4482,4482
1663134300,4482,4482,4479.75,4480
1663134600,4480.25,4481,4477.75,4479.25
1663134900,4479,4479.5,4475,4475.75
1663135200,4475.5,4477.75,4472,4472.75
1663135500,4473,4477.5,4472.25,4476
1663135800,4476,4480.5,4474,4480.25
1663136100,4480.25,4481.25,4477,4479.5
1663136400,4479.5,4481.25,4477.75,4481.25
1663136700,4481.25,4486,4480.75,4485
1663137000,4485,4488,4484.75,4485.75
1663137300,4486,4486,4484.25,4484.5
1663137600,4484.25,4486.75,4482.75,4483.5
1663137900,4483.5,4484.75,4482.5,4483.25
1663138200,4483.25,4486.75,4483.25,4486.5
1663138500,4486.5,4488,4484.25,4484.25
1663138800,4484.5,4493.25,4484.25,4492
1663139100,4492,4496.5,4491.25,4495.25
1663139400,4495,4495.75,4490.5,4491.5
1663139700,4491.5,4493,4482.5,4482.75
1663140000,4483,4486.75,4478.25,4479.5
1663140300,4479.25,4481.75,4478,4479.5
1663140600,4479.25,4487.75,4479,4486.75
1663140900,4487,4488.5,4484.5,4485.75
1663141200,4485.75,4491,4485,4490.25
1663141500,4490.5,4491.25,4487.75,4489.25
1663141800,4489,4491.25,4487.5,4491
1663142100,4491,4493.5,4489.25,4491
1663142400,4491.25,4496.5,4489.5,4495.25
1663142700,4495.25,4498,4494.25,4496.75
1663143000,4496.75,4498,4494.25,4495.25
1663143300,4495,4496.25,4493.75,4495.75
1663143600,4495.75,4498.5,4494.75,4498.25
1663143900,4498.25,4498.5,4493.5,4495
1663144200,4495,4503.75,4495,4503
1663144500,4503.25,4504.75,4502.25,4502.25
1663144800,4502.25,4502.75,4500,4502
1663145100,4502,4502.5,4497,4497
1663145400,4497,4502.5,4495.25,4501.75
1663145700,4501.75,4503.25,4499,4500.25
1663146000,4500.25,4500.5,4497.75,4498
1663146300,4498,4501.25,4497.5,4498.25
1663146600,4498.25,4498.25,4495.5,4496
1663146900,4496,4498.25,4495,4498
1663147200,4498,4501,4498,4500.5
1663147500,4500.75,4501.5,4499.25,4501
1663147800,4501.25,4501.75,4496.5,4497.25
1663148100,4497.25,4500,4496.5,4499.5
1663148400,4499.25,4499.5,4493,4494
1663148700,4494.25,4497.25,4494.25,4494.75
1663149000,4494.75,4495.5,4492.25,4492.5
1663149300,4492.25,4495,4490.75,4493.75
1663149600,4493.75,4496.25,4492.25,4495.5
1663149900,4495.75,4496.75,4493.75,4495.5
1663150200,4495.5,4497.75,4495.25,4496.25
1663150500,4496.5,4498.75,4495.75,4496.5
1663150800,4496.75,4497.75,4495.25,4497.5
1663151100,4497.5,4497.75,4494.75,4495.75
1663151400,4495.75,4496.75,4492.25,4494
1663151700,4494,4494,4492.25,4492.25
1663152000,4492.25,4493.5,4489.25,4489.5
1663152300,4489.5,4492.25,4489.25,4491
1663152600,4491,4491,4488.5,4491
1663152900,4491,4493.5,4490.75,4492
1663153200,4492.25,4492.75,4489.25,4490
1663153500,4490,4491,4488.5,4490.75
1663153800,4490.75,4491.75,4487.25,4488.5
1663154100,4488.5,4489,4486,4486.25
1663154400,4486,4486.25,4481.75,4482
1663154700,4482,4484.75,4481.25,4481.75
1663155000,4481.5,4484.25,4479.5,4481
1663155300,4481,4484.5,4480.75,4484.25
1663155600,4484,4485.25,4479.75,4480
1663155900,4480,4481,4476,4476.5
1663156200,4476.25,4478.5,4471.5,4471.5
1663156500,4471.25,4472.5,4468,4468.75
1663156800,4468.75,4472.5,4467.75,4469.25
1663157100,4469.5,4474,4469,4472.5
1663157400,4472.75,4476.5,4470.5,4476
1663157700,4476.25,4481.25,4474.75,4481
1663158000,4481,4482.25,4479,4481.5
1663158300,4481.5,4484.25,4479.75,4483.75
1663158600,4483.5,4488.25,4474.75,4478
1663158900,4478,4485.75,4477.75,4484.25
1663159200,4484.25,4489,4483.75,4488
1663159500,4487.75,4488.5,4480.75,4481.5
1663159800,4481.5,4489.5,4481,4488.75
1663160100,4488.5,4490,4485.25,4486.5
1663160400,4486.5,4488.25,4482.75,4486.75
1663160700,4486.5,4490,4484.75,4486
1663161000,4485.75,4488.75,4484.75,4486.75
1663161300,4487,4488.5,4485.25,4486.75
1663161600,4486.75,4488,4483.75,4486.25
1663161900,4486.5,4489,4485.75,4489
1663162200,4489,4490.25,4474.5,4474.5
1663162500,4474.5,4485.5,4474.5,4483.5
1663162800,4483.5,4495,4478.5,4494.75
1663163100,4494.5,4500.75,4487.5,4488.75
1663163400,4489,4493.5,4484.25,4488.25
1663163700,4488.25,4495.75,4484.75,4495.5
1663164000,4495.5,4496.25,4485.75,4488.25
1663164300,4488.25,4494.75,4484,4489
1663164600,4489,4495,4484.5,4486.75
1663164900,4486.75,4493.75,4481.5,4483.25
1663165200,4483.25,4486.75,4475.75,4477.75
1663165500,4477.5,4479.75,4463.5,4464.25
1663165800,4464.25,4478,4461.75,4476
1663166100,4476,4488.75,4475.75,4486.25
1663166400,4486,4494,4482.75,4491.25
1663166700,4491.25,4493.75,4487.5,4488.75
1663167000,4489,4501.5,4487.75,4500.25
1663167300,4500.25,4500.75,4493.5,4499.25
1663167600,4499,4500,4492,4495.5
1663167900,4495.5,4503.75,4491.5,4502.75
1663168200,4503,4506.5,4499.5,4499.75
1663168500,4500,4502.25,4494.75,4496.25
1663168800,4496.5,4496.75,4490.75,4493.25
1663169100,4493.25,4494.5,4489.25,4489.5
1663169400,4489.5,4493,4487,4488.75
1663169700,4488.5,4493.75,4487,4492.5
1663170000,4492.5,4497.75,4491.75,4497.25
1663170300,4497.25,4499.25,4494.75,4495
1663170600,4495.25,4496.75,4490.5,4496.5
1663170900,4496.5,4497.25,4490.25,4490.75
1663171200,4491,4493.25,4486.25,4487.25
1663171500,4487.25,4489,4484.5,4487.25
1663171800,4487.25,4492,4484.75,4491.5
1663172100,4491.5,4493.5,4489.25,4491.5
1663172400,4491.5,4493.25,4488,4492.25
1663172700,4492.25,4493.75,4485.75,4488
1663173000,4488,4491.25,4485,4487.5
1663173300,4487.5,4495,4485.25,4493
1663173600,4493.25,4498.75,4492.25,4498.25
1663173900,4498.25,4499,4494,4497
1663174200,4497,4501.25,4496.5,4500.25
1663174500,4500.25,4500.5,4494.25,4496.75
1663174800,4496.75,4500.5,4494.75,4495.25
1663175100,4495.25,4496.5,4491.75,4494.5
1663175400,4494.75,4499,4494.25,4498.25
1663175700,4498.25,4501.25,4495,4497.5
1663176000,4497.5,4498.25,4493.5,4494.5
1663176300,4494.5,4494.75,4490.75,4493.75
1663176600,4493.75,4495.5,4490.5,4492.5
1663176900,4492.25,4493.75,4487.25,4487.75
1663177200,4487.5,4488.75,4485.75,4488.25
1663177500,4488.25,4489,4471.25,4474.25
1663177800,4474.25,4480.75,4473.75,4480
1663178100,4480,4480.25,4472.5,4475
1663178400,4475,4477.75,4468.25,4469.25
1663178700,4469,4475.75,4468.25,4471
1663179000,4471,4473.25,4466.75,4472
1663179300,4471.75,4475,4469.5,4474.75
1663179600,4475,4476.5,4473.25,4475.25
1663179900,4475.25,4476.25,4472.5,4474.75
1663180200,4474.75,4481,4474,4480.25
1663180500,4480.25,4481.75,4478,4480.5
1663180800,4480.5,4482.25,4474,4475.25
1663181100,4475.5,4477.5,4471,4476.5
1663181400,4476.5,4479,4468.75,4470.5
1663181700,4470.5,4474.25,4467.5,4469.75
1663182000,4470,4473.75,4467.5,4470
1663182300,4470,4477.25,4469.5,4476.75
1663182600,4476.75,4477.25,4465.25,4466
1663182900,4465.75,4466.25,4456.5,4461
1663183200,4460.75,4467.75,4458.5,4464
1663183500,4464,4465,4458.25,4463.75
1663183800,4463.75,4465,4454.25,4463.75
1663184100,4463.5,4466.5,4460,4465.25
1663184400,4465,4474.25,4462.5,4472.25
1663184700,4472,4476.75,4469.75,4475
1663185000,4475.25,4488,4475.25,4487.5
1663185300,4487.5,4493.25,4482,4489.5
1663185600,4489.75,4493.25,4487.25,4492
1663185900,4492,4493.25,4488.25,4488.75
1663186200,4489,4491,4488.5,4490
1663186500,4489.75,4492.75,4489.5,4492.5
1663186800,4492.25,4498,4492.25,4496.5
1663187100,4496.5,4497.5,4496,4497.5
1663187400,4497.25,4499.25,4497.25,4497.75
1663187700,4497.75,4499.25,4496.25,4499.25
1663188000,4499,4499.25,4497.75,4498.5
1663188300,4498.5,4500.25,4497.75,4500.25
1663188600,4500,4500.5,4498.75,4499.5
1663188900,4499.5,4500,4498.5,4499
1663192800,4497.25,4497.25,4494.5,4495.75
1663193100,4495.75,4497.25,4495,4496.75
1663193400,4497,4497.25,4496.25,4496.5
1663193700,4496.5,4498.75,4496.5,4498.75
1663194000,4498.75,4500,4495.75,4496.5
1663194300,4496.5,4497.5,4496.5,4497
1663194600,4497,4498,4496,4498
1663194900,4497.5,4499,4496.25,4498.5
1663195200,4498.5,4501.25,4497.75,4501.25
1663195500,4501.25,4502.25,4501,4501
1663195800,4501,4501.25,4499.25,4499.25
1663196100,4499.25,4500,4498.75,4499.75
1663196400,4499.75,4500,4498.25,4498.5
1663196700,4498.75,4498.75,4496.25,4497.25
1663197000,4497.25,4498,4496.5,4498
1663197300,4497.75,4497.75,4496.25,4497.25
1663197600,4497.25,4497.75,4497,4497.25
1663197900,4497,4497.25,4493.75,4495.25
1663198200,4495,4497.75,4494.75,4496.25
1663198500,4496,4496.5,4495.25,4496
1663198800,4496,4496.5,4495.25,4496.25
1663199100,4496.25,4496.75,4494,4494.25
1663199400,4494,4496.5,4493.75,4495.75
1663199700,4495.5,4497.25,4495,4496
1663200000,4496.25,4496.25,4492,4493.75
1663200300,4493.5,4494.5,4492.75,4493.75
1663200600,4493.75,4494.75,4493.25,4494.25
1663200900,4493.75,4496,4491.5,4494.25
1663201200,4494,4494.25,4493,4494.25
1663201500,4494.25,4494.75,4492,4493.5
1663201800,4493.75,4493.75,4491.75,4493
1663202100,4493.25,4494.25,4492.5,4493.75
1663202400,4494,4495.25,4493.5,4495
1663202700,4495,4495.5,4494,4494.5
1663203000,4494.75,4495.75,4493.75,4495.75
1663203300,4495.75,4496.75,4495.25,4495.75
1663203600,4495.75,4495.75,4492.5,4493.25
1663203900,4493.25,4493.5,4490.75,4492.5
1663204200,4492.75,4494.75,4492.75,4494
1663204500,4494,4495,4491.25,4491.75
1663204800,4492,4492,4489,4490.25
1663205100,4490.5,4492.5,4489.75,4492.5
1663205400,4492.5,4496.75,4491.75,4495.25
1663205700,4495.5,4496,4493,4494.75
1663206000,4494.75,4496.5,4494.75,4495.5
1663206300,4495.5,4496.75,4495,4496.5
1663206600,4496.5,4500,4495.75,4499
1663206900,4499,4501.75,4498,4501.75
1663207200,4501.5,4502.25,4500.25,4500.75
1663207500,4500.75,4501,4499,4500.75
1663207800,4500.5,4501,4499.25,4499.25
1663208100,4499.25,4499.5,4497.5,4498.5
1663208400,4498.5,4498.75,4498,4498.75
1663208700,4498.75,4499.75,4497.5,4499.25
1663209000,4499,4500.25,4498.25,4498.5
1663209300,4498.25,4498.75,4496.25,4496.5
1663209600,4496.25,4498,4496.25,4497
1663209900,4497.25,4497.5,4496,4496.5
1663210200,4496.5,4498,4496,4496
1663210500,4495.75,4497.5,4495.5,4497.25
1663210800,4497.5,4497.5,4495.75,4495.75
1663211100,4495.75,4498,4495.75,4497.75
1663211400,4497.75,4498.75,4497.25,4497.75
1663211700,4497.75,4497.75,4496.75,4497.5
1663212000,4497.5,4499.25,4497.5,4499.25
1663212300,4499.25,4499.5,4498,4498.25
1663212600,4498.25,4498.5,4496.75,4497
1663212900,4496.75,4496.75,4496,4496
1663213200,4496,4497,4495,4495.5
1663213500,4495.5,4496.5,4495.25,4496
1663213800,4496,4496,4493.25,4494.5
1663214100,4494.75,4494.75,4493.25,4494
1663214400,4494,4494.5,4493.25,4493.5
1663214700,4493.25,4494,4492.5,4493
1663215000,4493,4494,4492.5,4493.75
1663215300,4493.75,4495,4493.75,4494.75
1663215600,4494.5,4494.75,4492.5,4493
1663215900,4493,4493.5,4492.5,4492.5
1663216200,4492.5,4493,4490.75,4492
1663216500,4492,4493.5,4491.25,4491.75
1663216800,4491.75,4493.5,4491.5,4493
1663217100,4493,4493.75,4492.75,4492.75
1663217400,4493,4494.5,4493,4493.75
1663217700,4493.75,4493.75,4492.25,4492.75
1663218000,4492.75,4493.25,4491.25,4492.25
1663218300,4492,4492.25,4490.5,4492
1663218600,4491.75,4492,4490.5,4490.75
1663218900,4490.75,4491.25,4489.5,4491.25
1663219200,4491.5,4493,4491.5,4493
1663219500,4492.75,4492.75,4490.5,4490.75
1663219800,4491,4493.5,4490.75,4490.75
1663220100,4490.5,4490.75,4489.25,4490
1663220400,4490,4490.5,4488,4489
1663220700,4489,4491.5,4488.75,4491
1663221000,4491.25,4491.75,4490,4490
1663221300,4490.25,4491,4488.75,4490.75
1663221600,4490.75,4493.25,4487.5,4492.75
1663221900,4492.75,4493.5,4490.5,4492
1663222200,4492,4493,4490.75,4492.75
1663222500,4492.75,4493,4490.75,4491.25
1663222800,4491.5,4492.25,4490,4491.5
1663223100,4491.75,4494.75,4491.75,4494.75
1663223400,4494.5,4494.5,4490.75,4491.5
1663223700,4491.5,4491.75,4489.25,4489.75
1663224000,4489.75,4492.25,4489,4492
1663224300,4492,4493.5,4492,4492.5
1663224600,4492.5,4492.75,4491.5,4492.5
1663224900,4492.75,4493,4490.75,4491.25
1663225200,4491.25,4494,4489.25,4493.5
1663225500,4493.5,4497,4493.25,4496.25
1663225800,4496.5,4497,4494,4494.5
1663226100,4494.75,4497.25,4494.5,4496.75
1663226400,4497,4498.25,4496,4497.75
1663226700,4497.5,4499.75,4497.5,4497.75
1663227000,4497.75,4498.5,4495.75,4497.75
1663227300,4497.5,4497.5,4494.25,4495.75
1663227600,4495.75,4497,4494.5,4495
1663227900,4495,4499.75,4495,4499
1663228200,4499,4501,4497.75,4499.75
1663228500,4499.75,4500.5,4498,4499.25
1663228800,4499.25,4502.25,4497.5,4498
1663229100,4497.75,4499.5,4496.75,4497.5
1663229400,4497.25,4497.25,4493.75,4494
1663229700,4493.75,4494,4491.5,4492
1663230000,4491.75,4494,4491,4492.75
1663230300,4492.75,4493.25,4491.5,4492.25
1663230600,4492.25,4493.75,4491.25,4493.25
1663230900,4493.25,4493.5,4491.25,4493
1663231200,4493,4493.5,4490.25,4491
1663231500,4490.75,4490.75,4488.5,4489.5
1663231800,4489.25,4492,4489,4491.5
1663232100,4491.25,4493.75,4490.25,4493.5
1663232400,4493.5,4494.25,4490,4494
1663232700,4493.75,4495.5,4492.25,4494.75
1663233000,4494.5,4496,4493.25,4493.75
1663233300,4493.75,4494.75,4492.25,4494.25
1663233600,4494,4494.75,4493.25,4494.5
1663233900,4494.75,4494.75,4493.25,4494
1663234200,4494,4497.75,4493.75,4497.75
1663234500,4497.75,4498.5,4496.75,4498.25
1663234800,4498.5,4499.25,4498,4498.5
1663235100,4498.5,4499.25,4498,4498.25
1663235400,4498.25,4499.25,4496.5,4496.5
1663235700,4496.25,4497.25,4495.75,4496.5
1663236000,4496.5,4498.25,4495.75,4495.75
1663236300,4496,4497.75,4495.5,4497
1663236600,4496.75,4498.25,4496.25,4496.75
1663236900,4496.75,4497.75,4496.5,4497
1663237200,4497,4497.25,4494.5,4495
1663237500,4495,4495.25,4492.75,4493.75
1663237800,4493.75,4493.75,4487.75,4488.75
1663238100,4488.5,4488.5,4481.25,4483.25
1663238400,4483.5,4483.75,4476.75,4479.25
1663238700,4479.25,4482.75,4479.25,4481.75
1663239000,4481.5,4483.5,4481,4483
1663239300,4483,4483.5,4481,4483
1663239600,4482.75,4485,4481.75,4482.25
1663239900,4482.25,4484,4482,4482.75
1663240200,4482.5,4486.5,4482.25,4486.5
1663240500,4486.25,4488.25,4486,4488
1663240800,4488,4491,4487.5,4490.25
1663241100,4490.25,4492.75,4489.25,4492.25
1663241400,4492,4492.25,4488.5,4489.75
1663241700,4489.75,4490.25,4488,4488.25
1663242000,4488,4488.5,4485,4486.75
1663242300,4486.75,4487.75,4485.5,4487
1663242600,4487,4487,4482.25,4482.5
1663242900,4482.25,4484.5,4481.25,4483.75
1663243200,4483.5,4483.75,4480,4480
1663243500,4480,4481.5,4478.25,4478.25
1663243800,4478.25,4483.25,4478,4482.5
1663244100,4482.75,4483.5,4480.25,4480.25
1663244400,4480,4480,4475.75,4476.75
1663244700,4476.75,4480.25,4476.75,4478
1663245000,4478,4487.25,4473.75,4479.5
1663245300,4479.25,4486.75,4477.5,4486.5
1663245600,4486.5,4487.75,4483.25,4486.5
1663245900,4486.5,4489,4484.75,4488.75
1663246200,4488.75,4490.75,4485.5,4487.75
1663246500,4487.75,4488.75,4484,4484.5
1663246800,4484.5,4485.25,4482.75,4484.25
1663247100,4484,4485.25,4479.5,4480.75
1663247400,4480.75,4481.5,4478,4480
1663247700,4480,4483,4473.5,4474
1663248000,4474.25,4476.25,4471.75,4472.75
1663248300,4472.75,4474.75,4470.5,4472.25
1663248600,4472.25,4475.75,4468.75,4474.25
1663248900,4474,4477,4465.75,4469.5
1663249200,4469.5,4482.5,4469,4479.75
1663249500,4480,4492,4477.25,4491.25
1663249800,4491.25,4496.5,4488.25,4493.75
1663250100,4493.5,4495.75,4490.25,4494.5
1663250400,4494.75,4502.75,4491.5,4494.25
1663250700,4494.5,4497.75,4491.25,4492
1663251000,4492,4496,4490.25,4494.25
1663251300,4494.5,4499.75,4492.75,4494.75
1663251600,4494.75,4495,4480.5,4484
1663251900,4484,4484.75,4471,4472
1663252200,4472,4476.75,4468.5,4472
1663252500,4471.75,4479.5,4471,4477
1663252800,4477,4479,4472.5,4477.75
1663253100,4477.5,4479.25,4469.25,4470
1663253400,4469.75,4469.75,4456.5,4459.25
1663253700,4459.25,4460.5,4453.75,4456
1663254000,4456,4461.5,4452,4460.5
1663254300,4460.75,4461.5,4455,4455.25
1663254600,4455.25,4455.5,4448.75,4450.5
1663254900,4450.5,4459.25,4448,4458.5
1663255200,4458.25,4468.25,4456.75,4465.75
1663255500,4465.75,4467.75,4463.25,4465.25
1663255800,4465.25,4468.75,4463,4464
1663256100,4463.75,4468,4459.75,4462.5
1663256400,4462.5,4466.25,4461.25,4462.25
1663256700,4462.25,4465,4459.25,4459.75
1663257000,4459.75,4460,4451.75,4452
1663257300,4452,4453.5,4446.25,4452.25
1663257600,4452.25,4456.5,4450.5,4453.5
1663257900,4453.5,4453.75,4447.5,4447.75
1663258200,4447.75,4450,4444.75,4445.75
1663258500,4445.75,4453,4445.5,4452.5
1663258800,4452.25,4453,4447.75,4450.5
1663259100,4450.5,4453.75,4447.75,4448.75
1663259400,4448.75,4457,4448.25,4456.25
1663259700,4456.25,4459.25,4455,4457.75
1663260000,4457.75,4463,4457.5,4460
1663260300,4460,4460.75,4456.75,4459.75
1663260600,4459.5,4462.25,4459.5,4459.75
1663260900,4459.5,4464.25,4457.75,4464
1663261200,4464,4482.25,4464,4478
1663261500,4478,4482.5,4477.25,4480.5
1663261800,4480.75,4481,4477,4480.25
1663262100,4480.25,4486,4478.5,4483.25
1663262400,4483.25,4486,4481.25,4484
1663262700,4484,4488.75,4482.5,4483.75
1663263000,4483.5,4484.25,4479.75,4482
1663263300,4482,4482.75,4475.25,4478.25
1663263600,4478.25,4479.75,4474.75,4475.25
1663263900,4475.5,4476.25,4470.75,4472
1663264200,4471.75,4472,4467.75,4470.5
1663264500,4470.5,4473,4469.25,4471.75
1663264800,4471.75,4472.25,4458,4458.75
1663265100,4458.75,4461.75,4455.25,4458
1663265400,4458,4463.75,4456.75,4461.5
1663265700,4461.5,4466,4458.75,4463.5
1663266000,4463.5,4464,4458.75,4460.75
1663266300,4460.75,4465.75,4459.5,4465.25
1663266600,4465.25,4469.75,4462.75,4463
1663266900,4462.75,4468,4460.25,4465.5
1663267200,4465.25,4466,4459.25,4463
1663267500,4462.75,4463,4452.25,4452.5
1663267800,4452.25,4456.5,4450,4456.25
1663268100,4456,4456,4450.75,4453
1663268400,4453,4454.25,4447.5,4450.5
1663268700,4450.5,4452.5,4446.75,4446.75
1663269000,4446.75,4447,4437.75,4440
1663269300,4440,4442,4434.5,4436.25
1663269600,4436.25,4440.75,4433.75,4440.5
1663269900,4440.5,4441,4430.25,4433.5
1663270200,4433.5,4438.25,4431.25,4433.5
1663270500,4433.5,4438.75,4433,4438
1663270800,4438,4442.25,4434.25,4439.5
1663271100,4439.5,4446.25,4437.75,4441
1663271400,4441.25,4452.5,4437,4445
1663271700,4445,4450.5,4442.75,4444
1663272000,4444,4453,4443.75,4450.25
1663272300,4450,4453.5,4449.75,4450.75
1663272600,4450.75,4451.5,4448,4448.5
1663272900,4448.5,4449.75,4447,4447.5
1663273200,4447.5,4449.25,4447.25,4448.5
1663273500,4448.5,4449,4448.25,4448.25
1663273800,4448.5,4448.5,4441,4441.5
1663274100,4441.75,4442.75,4436.75,4437.25
1663274400,4437.25,4439,4436,4436.25
1663274700,4436.25,4436.75,4430.75,4431.75
1663275000,4431.75,4434,4431,4432.5
1663275300,4432.25,4436.5,4431.75,4435.25
1663279200,4429.25,4430.25,4414,4416.25
1663279500,4416.25,4419.25,4412.75,4419
1663279800,4419.25,4421.25,4417.5,4421
1663280100,4421,4422,4418.5,4419.75
1663280400,4419.75,4421.25,4418.25,4419.75
1663280700,4419.5,4421.75,4418.75,4418.75
1663281000,4419,4422.25,4419,4421
1663281300,4421,4421.75,4420.25,4421.5
1663281600,4421.5,4421.75,4419.75,4419.75
1663281900,4420,4420.25,4418.25,4419
1663282200,4418.75,4421.5,4418.75,4420.75
1663282500,4421,4423.25,4420.75,4422.5
1663282800,4422.75,4423,4421.5,4421.75
1663283100,4421.75,4422.75,4420.25,4420.5
1663283400,4420.5,4420.75,4419.25,4419.5
1663283700,4419.25,4419.25,4416.25,4416.25
1663284000,4416.25,4418.25,4416,4416.5
1663284300,4416.5,4417,4414.75,4416.25
1663284600,4416.25,4419.5,4415.75,4418.75
1663284900,4418.75,4420,4418.5,4420
1663285200,4420,4421.75,4419.5,4419.75
1663285500,4420,4420.25,4419.25,4419.75
1663285800,4419.75,4420.25,4418.25,4419.75
1663286100,4419.75,4420,4418.75,4419.25
1663286400,4419.5,4422.5,4419.5,4422
1663286700,4422.25,4422.25,4419.75,4421.25
1663287000,4421,4421.25,4418.25,4419.25
1663287300,4419.5,4423.5,4418.25,4423.25
1663287600,4423.25,4424.5,4422.25,4424
1663287900,4424.25,4424.5,4423,4423
1663288200,4423,4424.5,4421.75,4424.25
1663288500,4424.5,4424.75,4422.25,4423.5
1663288800,4423.25,4423.25,4420.25,4422.25
1663289100,4422.25,4423.5,4421.25,4422.25
1663289400,4422,4422.25,4419.5,4420.25
1663289700,4420.25,4420.5,4419.25,4419.25
1663290000,4419.5,4421.75,4419.25,4420.5
1663290300,4420.75,4420.75,4418.5,4419.5
1663290600,4419.75,4421.25,4419.25,4421
1663290900,4421,4421.25,4419,4419.25
1663291200,4419.5,4420.25,4418.5,4419
1663291500,4419,4421.75,4419,4420
1663291800,4420.25,4423,4420.25,4421
1663292100,4420.75,4422.25,4420,4421.75
1663292400,4421.75,4422,4419.25,4420
1663292700,4420,4420.75,4418.75,4419.5
1663293000,4419.5,4419.75,4418.5,4419
1663293300,4419,4419.5,4418.5,4419.25
1663293600,4419,4422.75,4419,4420.75
1663293900,4420.75,4421.25,4419.75,4420.5
1663294200,4420.25,4420.75,4419.75,4420
1663294500,4420.25,4421.25,4419.75,4420.75
1663294800,4421,4421.75,4419.5,4419.5
1663295100,4419.5,4420,4418.25,4418.25
1663295400,4418.25,4420.75,4418.25,4419.75
1663295700,4420,4420,4418,4418.75
1663296000,4418.75,4418.75,4417.75,4417.75
1663296300,4418,4418.75,4417.5,4418.5
1663296600,4418.5,4420.25,4418.5,4420.25
1663296900,4420.25,4420.5,4419.5,4420.25
1663297200,4420.25,4420.75,4419.25,4419.5
1663297500,4419.5,4420.25,4418.5,4419.25
1663297800,4419.25,4419.5,4417.5,4418
1663298100,4417.75,4418.5,4417,4417.5
1663298400,4417.75,4418,4417.5,4417.5
1663298700,4417.75,4419.25,4417.25,4418
1663299000,4418,4419.25,4417.25,4419
1663299300,4419,4419.75,4418.5,4418.75
1663299600,4418.75,4418.75,4417.25,4417.5
1663299900,4417.5,4417.5,4416.25,4416.5
1663300200,4416.75,4417.25,4416.25,4416.5
1663300500,4416.75,4417,4416.25,4416.5
1663300800,4416.25,4417.5,4415.75,4417.5
1663301100,4417.25,4417.5,4416.25,4416.5
1663301400,4416.5,4416.5,4415.5,4415.5
1663301700,4415.75,4416,4414.5,4415.25
1663302000,4415.5,4415.75,4415,4415.25
1663302300,4415.5,4416,4414.75,4415
1663302600,4415.25,4416.5,4415,4416.25
1663302900,4416.25,4417,4416,4416.25
1663303200,4416.25,4417.75,4416,4417
1663303500,4417,4417.75,4416,4417.5
1663303800,4417.75,4417.75,4415.75,4416.25
1663304100,4416.25,4418,4416.25,4417.75
1663304400,4417.75,4418.75,4417,4418.25
1663304700,4418,4419.5,4417.25,4418.75
1663305000,4418.75,4419.75,4418,4418.25
1663305300,4418.5,4418.75,4417.5,4417.75
1663305600,4418,4418.25,4416.75,4417.5
1663305900,4417.25,4419,4417,4419
1663306200,4419.25,4419.25,4416,4416.25
1663306500,4416.25,4416.5,4415.5,4416.25
1663306800,4416,4416.25,4415,4415.25
1663307100,4415.5,4415.75,4415,4415.25
1663307400,4415.25,4417,4415,4415
1663307700,4415,4415.75,4414.5,4414.5
1663308000,4414.75,4417.25,4412.25,4416.25
1663308300,4416,4419.75,4416,4418.5
1663308600,4418.25,4419,4412.25,4413.5
1663308900,4413.5,4417.5,4412.5,4417
1663309200,4416.75,4418.5,4416.5,4418.5
1663309500,4418.5,4418.5,4414.25,4415
1663309800,4415,4416,4411.75,4412.25
1663310100,4412.25,4414.75,4411.25,4412.5
1663310400,4412.75,4414.5,4412,4414.25
1663310700,4414.25,4414.5,4412.25,4412.5
1663311000,4412.75,4413.5,4410.5,4411
1663311300,4411,4412.25,4409.25,4411.25
1663311600,4411.25,4416.5,4411,4414.75
1663311900,4414.75,4415.5,4413.75,4414.75
1663312200,4414.75,4417,4413.75,4415
1663312500,4414.75,4417,4411,4411.75
1663312800,4411.5,4412.25,4409.25,4411
1663313100,4410.75,4414.25,4410,4413.25
1663313400,4413,4413.25,4410,4411.25
1663313700,4411.25,4412.5,4408.75,4409.5
1663314000,4409.5,4411,4408.75,4410.25
1663314300,4410.25,4410.5,4408,4408.25
1663314600,4408.5,4411.75,4407.5,4411.25
1663314900,4411.5,4413.75,4410.25,4412.25
1663315200,4412.25,4412.5,4410.25,4411
1663315500,4411,4413,4410,4411
1663315800,4410.75,4411,4408.75,4408.75
1663316100,4409,4409.25,4407.25,4408.5
1663316400,4408.25,4410.25,4407.5,4408.25
1663316700,4408.5,4408.75,4406.25,4407
1663317000,4407,4407.5,4405.25,4406.25
1663317300,4406,4407,4405.25,4405.25
1663317600,4405.25,4406.75,4404.25,4404.25
1663317900,4404.5,4404.75,4403.25,4404
1663318200,4404.25,4404.75,4403.25,4404.75
1663318500,4404.5,4407.25,4404.25,4406.5
1663318800,4406.75,4410.75,4406,4409.75
1663319100,4409.75,4411.25,4407.75,4408.5
1663319400,4408.5,4410,4408.25,4408.75
1663319700,4409,4409.75,4407.75,4408.5
1663320000,4408.5,4410.5,4407.5,4410
1663320300,4410,4410,4407,4407.25
1663320600,4407.25,4408.5,4406.25,4407
1663320900,4407,4409,4406.5,4407.5
1663321200,4407.75,4409,4407,4409
1663321500,4409,4409,4404.25,4404.5
1663321800,4404.25,4409.75,4404.25,4408.5
1663322100,4408.5,4410.5,4406.25,4406.5
1663322400,4406.5,4408.75,4405.5,4405.75
1663322700,4406,4407.25,4405.5,4406
1663323000,4406.25,4407,4404.5,4404.75
1663323300,4404.75,4406.75,4404,4406.5
1663323600,4406.5,4409.75,4406.5,4409.75
1663323900,4409.5,4410.25,4407.75,4409.75
1663324200,4409.5,4411.25,4409,4410.75
1663324500,4410.75,4413.5,4410.75,4413
1663324800,4413,4417,4413,4416.25
1663325100,4416.75,4417.5,4414,4414.5
1663325400,4414.5,4415.75,4414.25,4415.25
1663325700,4415,4419.25,4414.75,4418.25
1663326000,4418,4418,4413.75,4414
1663326300,4414,4415.25,4412,4413
1663326600,4412.75,4414,4411.75,4411.75
1663326900,4411.75,4412,4410.25,4411
1663327200,4411,4412.5,4409.5,4411.25
1663327500,4411,4413.5,4411,4413.5
1663327800,4413.25,4413.5,4409.75,4410.5
1663328100,4410.25,4413.75,4409.25,4413.75
1663328400,4413.75,4416,4413.25,4416
1663328700,4415.75,4416.5,4411.25,4412.25
1663329000,4412.25,4414.5,4411.75,4414
1663329300,4414,4414.75,4412.5,4412.5
1663329600,4412.75,4413.25,4407,4407.5
1663329900,4407.5,4410.5,4407.5,4409
1663330200,4408.75,4409.25,4405.75,4407.5
1663330500,4407.5,4409.25,4406.25,4407.25
1663330800,4407,4407.25,4404,4404.5
1663331100,4404.75,4406.25,4402,4403.75
1663331400,4403.5,4403.5,4400.25,4400.75
1663331700,4400.75,4402.75,4400.5,4402
1663332000,4401.75,4403.25,4400.25,4401.5
1663332300,4401.5,4402.25,4397,4398.5
1663332600,4398.25,4399.25,4393.75,4395
1663332900,4395,4396,4389.5,4390.25
1663333200,4390.25,4392,4388.25,4388.75
1663333500,4389,4394.25,4388.25,4390
1663333800,4389.75,4395.5,4389.75,4394.25
1663334100,4394.5,4397.5,4391.5,4397.25
1663334400,4397,4397.25,4394.5,4395.25
1663334700,4395,4400.5,4390.75,4399.25
1663335000,4399,4404.5,4390.75,4392
1663335300,4391.75,4400.75,4389.25,4400
1663335600,4400,4400.5,4386.75,4388.75
1663335900,4389,4394.75,4385.75,4389.25
1663336200,4389.5,4394,4384.75,4387
1663336500,4386.75,4388.5,4378.75,4383
1663336800,4383.25,4390.75,4382.5,4386.25
1663337100,4386.25,4400.75,4385.25,4392.25
1663337400,4392,4411.5,4391.5,4406.5
1663337700,4406.5,4408.75,4398.75,4399.5
1663338000,4399.5,4406.25,4395.25,4404.75
1663338300,4404.5,4407.25,4399,4401
1663338600,4400.75,4410.25,4400,4409.75
1663338900,4409.75,4417,4406.75,4409.75
1663339200,4409.75,4414.25,4403,4403.25
1663339500,4403.5,4406.5,4396,4397.25
1663339800,4397,4405.5,4395.5,4401.25
1663340100,4401.5,4401.75,4392.5,4393.25
1663340400,4393.25,4398.5,4391.75,4394.75
1663340700,4394.5,4401.5,4393.75,4396.75
1663341000,4396.75,4396.75,4391.75,4394.25
1663341300,4394.25,4404.5,4392,4402.5
1663341600,4402.5,4402.5,4393,4394.75
1663341900,4394.75,4398,4391.25,4392.25
1663342200,4392.25,4396.75,4390.5,4395.75
1663342500,4395.75,4397.25,4386,4387.75
1663342800,4387.75,4393,4386.75,4391
1663343100,4391,4392.75,4388,4391.5
1663343400,4391.5,4398,4390,4396.75
1663343700,4396.75,4401.75,4394.5,4400.5
1663344000,4400.25,4401.5,4394,4396
1663344300,4396,4399.25,4390,4390.5
1663344600,4390.5,4393,4388,4388.75
1663344900,4388.75,4391,4383.5,4386.5
1663345200,4386.5,4386.5,4380.75,4382
1663345500,4382,4383.75,4378.25,4381
1663345800,4381,4384.25,4379.5,4382.5
1663346100,4382.5,4384.75,4380,4382
1663346400,4382,4389.25,4382,4388.25
1663346700,4388.25,4391.25,4385.25,4391.25
1663347000,4391,4393.5,4388.75,4389.5
1663347300,4389.75,4393.75,4388.25,4392.5
1663347600,4392.25,4394.5,4387.5,4388.25
1663347900,4388.25,4389.5,4384,4387.25
1663348200,4387.25,4389.75,4385.25,4385.5
1663348500,4385.25,4389.25,4384.5,4387
1663348800,4387,4389,4384.5,4387.75
1663349100,4387.75,4388.5,4384.5,4387
1663349400,4386.75,4394.5,4386,4387.5
1663349700,4387.25,4396,4386.75,4393.25
1663350000,4393,4394.5,4390.25,4391
1663350300,4391,4391.25,4385,4386
1663350600,4386,4386.25,4382.5,4383
1663350900,4382.75,4387.5,4381.75,4385
1663351200,4385.25,4390,4384,4389.25
1663351500,4389.25,4390.5,4385.25,4388.5
1663351800,4388.25,4390,4385,4387.25
1663352100,4387.5,4391.75,4384.75,4386
1663352400,4386.25,4390.25,4385.75,4390
1663352700,4390,4403.75,4390,4400.75
1663353000,4401,4402.5,4395.5,4402.25
1663353300,4402.25,4404,4396.25,4398.75
1663353600,4398.75,4401.5,4394.25,4398.25
1663353900,4398,4408.5,4398,4406.5
1663354200,4406.25,4409.5,4402.5,4409
1663354500,4409,4410,4404,4406
1663354800,4406.25,4413.5,4405.5,4412.75
1663355100,4413,4419.5,4412.5,4415.75
1663355400,4415.75,4415.75,4405.5,4407
1663355700,4407.25,4411.25,4403.5,4406
1663356000,4406,4418.25,4405.75,4411.5
1663356300,4411.5,4413.25,4403.5,4406.75
1663356600,4406.75,4410.5,4399,4404.5
1663356900,4404.5,4413.75,4402.5,4413.75
1663357200,4413.75,4417.75,4411.25,4416
1663357500,4416,4416.25,4406.75,4414.25
1663357800,4414,4419.5,4411,4414.5
1663358100,4414.5,4420.25,4411.75,4414
1663358400,4413.75,4417.5,4412,4417.25
1663358700,4417.25,4420.75,4415.75,4420.75
1663359000,4420.75,4421,4417.75,4419.75
1663359300,4419.75,4420.75,4418.25,4420.25
1663359600,4420.5,4421.75,4418,4418.5
1663359900,4418.5,4419.5,4418,4418.75
1663360200,4418.5,4420,4417.75,4418.75
1663360500,4418.75,4421,4418.5,4419.25
1663360800,4419,4421.75,4419,4419.25
1663361100,4419.25,4422.25,4417.75,4419
1663361400,4419,4423.75,4418.75,4422.5
1663361700,4422.5,4428.75,4422.25,4427.75
1663538400,4414.75,4420.25,4412.5,4419.75
1663538700,4419.5,4420,4409.25,4411.75
1663539000,4412,4414.75,4411.75,4413
1663539300,4413,4415,4411.75,4414.25
1663539600,4414.25,4414.5,4412.25,4413
1663539900,4412.75,4414,4411.75,4413
1663540200,4413.25,4413.25,4411.5,4412.75
1663540500,4412.5,4413.75,4411.5,4413.5
1663540800,4413.5,4417,4413,4415
1663541100,4415.25,4420.25,4415,4420.25
1663541400,4420,4420.25,4418,4418.75
1663541700,4418.5,4419.5,4418,4419
1663542000,4418.5,4422.5,4417,4421.25
1663542300,4421.5,4421.75,4419.75,4420.25
1663542600,4420.25,4421.25,4419.75,4420.75
1663542900,4420.75,4421.25,4419.75,4419.75
1663543200,4419.75,4422,4419.5,4421.5
1663543500,4421.75,4423,4418,4419.25
1663543800,4419.25,4419.5,4416.75,4417
1663544100,4417,4419.25,4417,4417.25
1663544400,4417.5,4420.25,4417.25,4420
1663544700,4420.25,4421.5,4418.75,4419.25
1663545000,4419.25,4420,4417.75,4418.25
1663545300,4418.25,4419.5,4417.75,4418.75
1663545600,4419,4422.25,4418.5,4421.5
1663545900,4421.5,4422.75,4418.25,4419.25
1663546200,4419.25,4420.25,4418,4419.25
1663546500,4419,4421.25,4418.75,4420.75
1663546800,4420.75,4422.25,4419.5,4421
1663547100,4421,4424.25,4420.75,4422.75
1663547400,4422.75,4423.75,4421.25,4423.75
1663547700,4423.5,4424,4422.25,4422.25
1663548000,4422.25,4424.5,4421.25,4423.5
1663548300,4423.5,4424,4422.5,4422.75
1663548600,4422.5,4423.25,4420.75,4421.5
1663548900,4421.75,4422.5,4421,4421.5
1663549200,4421.25,4422.25,4420,4422.25
1663549500,4422.25,4423.75,4422,4423
1663549800,4423,4424,4422.25,4422.5
1663550100,4422.5,4423.25,4421.25,4421.5
1663550400,4421.5,4422.75,4419.25,4419.5
1663550700,4419.75,4420.75,4418.25,4420.25
1663551000,4420.5,4421,4417.75,4418
1663551300,4418.25,4418.75,4416.5,4417.5
1663551600,4417.75,4421.5,4417.75,4420.5
1663551900,4421,4422,4420.25,4422
1663552200,4421.75,4422.5,4421.25,4421.5
1663552500,4421.25,4422,4420.25,4421.75
1663552800,4421.75,4422,4420,4420.25
1663553100,4420.25,4420.25,4418.5,4418.75
1663553400,4418.75,4419.5,4414.5,4414.5
1663553700,4414.75,4415,4407.25,4408.25
1663554000,4408.5,4408.5,4406.25,4406.5
1663554300,4406.5,4407.25,4399,4403.25
1663554600,4403.25,4404,4399.75,4403.5
1663554900,4403.5,4405,4403.25,4403.75
1663555200,4404,4405.25,4403.25,4404.25
1663555500,4404.25,4406.5,4404.25,4406.5
1663555800,4406.5,4407.75,4406,4407
1663556100,4407,4407.75,4406,4407
1663556400,4407.25,4407.25,4404.75,4405.25
1663556700,4405.25,4405.75,4403.25,4404.75
1663557000,4405,4407.75,4405,4407
1663557300,4406.75,4408,4406.75,4407.75
1663557600,4408,4408,4406.75,4408
1663557900,4408,4409.5,4407.75,4408.5
1663558200,4408.5,4408.5,4405.75,4407.25
1663558500,4407.5,4408,4407,4407.5
1663558800,4407.5,4407.75,4405.75,4406
1663559100,4406.25,4407.75,4406,4407
1663559400,4407.25,4407.5,4406.25,4406.25
1663559700,4406.25,4407.5,4406,4407.25
1663560000,4407.25,4409,4407.25,4408.25
1663560300,4408.5,4408.5,4406.25,4406.25
1663560600,4406.25,4406.5,4404.25,4404.75
1663560900,4405,4407,4405,4406.75
1663561200,4406.5,4408.25,4406.5,4407.75
1663561500,4407.75,4408,4406.5,4407
1663561800,4407,4408.25,4407,4407.75
1663562100,4408,4408.75,4407.5,4407.75
1663562400,4407.75,4408,4407,4407.75
1663562700,4407.5,4408.25,4406.5,4407.5
1663563000,4407.5,4408.25,4406.75,4407.5
1663563300,4407.5,4408.5,4407.25,4408
1663563600,4408,4408,4406.25,4406.75
1663563900,4407,4408.5,4406.75,4407.75
1663564200,4407.5,4409,4406,4408.25
1663564500,4408.5,4410.25,4408,4409.5
1663564800,4409.25,4410.25,4408.5,4409.75
1663565100,4409.75,4409.75,4407.25,4407.5
1663565400,4407.5,4408.25,4406.5,4407.5
1663565700,4407.5,4407.75,4405.5,4406
1663566000,4406.25,4407.25,4404.75,4406.25
1663566300,4406.25,4407.25,4405.25,4406.25
1663566600,4406.25,4406.5,4404,4404.25
1663566900,4404.25,4405,4400.25,4400.5
1663567200,4400.5,4400.5,4396,4397.25
1663567500,4397.25,4397.75,4393.75,4395.5
1663567800,4395.5,4396,4390.5,4391.5
1663568100,4391.75,4397.5,4391.5,4397.25
1663568400,4397.25,4398.75,4396,4398.5
1663568700,4398.5,4400.5,4398.25,4398.5
1663569000,4398.5,4401,4396.75,4400.75
1663569300,4400.5,4401,4398.25,4399.25
1663569600,4399.25,4399.25,4396.25,4396.75
1663569900,4396.75,4398.25,4395.75,4398.25
1663570200,4398.25,4399.75,4397.75,4398.75
1663570500,4399,4399.75,4397.25,4399.75
1663570800,4399.5,4399.5,4391.5,4391.75
1663571100,4391.75,4392.25,4386,4389.75
1663571400,4390,4392.5,4389.75,4391
1663571700,4390.75,4394.25,4389,4393
1663572000,4393.25,4393.5,4388.75,4389.75
1663572300,4389.5,4389.5,4386.25,4388.5
1663572600,4388.75,4389.5,4386,4388
1663572900,4387.75,4390.75,4387.25,4389.75
1663573200,4390,4393,4389.5,4391
1663573500,4390.75,4393,4390.75,4391.5
1663573800,4391.75,4393.75,4388.5,4390.25
1663574100,4390.25,4390.75,4386,4386.5
1663574400,4386.75,4388.75,4383.5,4388.5
1663574700,4388.5,4392.75,4387.75,4391.25
1663575000,4391.25,4393.5,4391,4392.75
1663575300,4393,4393.75,4391.25,4391.5
1663575600,4391.25,4392,4390.5,4391.25
1663575900,4391.25,4394.75,4391.25,4392.75
1663576200,4392.75,4393.5,4391,4391.75
1663576500,4391.75,4392.25,4389.25,4389.25
1663576800,4389.25,4389.5,4388,4388.75
1663577100,4388.75,4388.75,4385.25,4387.25
1663577400,4387,4388.5,4385.5,4385.75
1663577700,4386,4386,4380.5,4381.75
1663578000,4381.75,4385,4381.5,4385
1663578300,4384.75,4386.75,4383,4385.25
1663578600,4385.25,4385.5,4383.25,4383.75
1663578900,4383.5,4384.5,4377.75,4378.75
1663579200,4378.75,4380.75,4378.25,4380.5
1663579500,4380.5,4382.25,4379.75,4380.5
1663579800,4380.5,4380.5,4376.25,4377.5
1663580100,4377.25,4379.25,4377.25,4378.75
1663580400,4379,4380.5,4375.5,4376.75
1663580700,4376.75,4378.25,4376.5,4377.25
1663581000,4377.5,4380.5,4377.5,4379
1663581300,4379.25,4381.25,4378.25,4379.5
1663581600,4379.5,4380.25,4375.75,4376
1663581900,4376,4376.5,4372,4373.75
1663582200,4373.75,4375.25,4372.75,4373
1663582500,4373,4374,4371.5,4374
1663582800,4373.75,4377.75,4373.75,4377
1663583100,4377,4378.25,4377,4377.75
1663583400,4378,4380,4376.75,4379.25
1663583700,4379.25,4380.75,4378,4378
1663584000,4378.25,4380.75,4378,4380.5
1663584300,4380.25,4382.75,4379.75,4382.75
1663584600,4382.75,4383,4380.5,4380.75
1663584900,4380.5,4383,4380.25,4382.75
1663585200,4382.75,4385.5,4382.5,4384
1663585500,4384,4388.25,4383.5,4385.5
1663585800,4385.5,4386.5,4383.75,4385.5
1663586100,4385.75,4387,4384.25,4384.5
1663586400,4384.25,4385.25,4380.25,4381.25
1663586700,4381,4382.75,4379.25,4379.5
1663587000,4379.5,4381.5,4379.5,4381.5
1663587300,4381.25,4384,4380.75,4383
1663587600,4383,4384,4380,4380.25
1663587900,4380.25,4382.25,4380,4380
1663588200,4380,4383,4379.75,4382.75
1663588500,4382.75,4382.75,4376.25,4376.75
1663588800,4377,4380.5,4376.25,4379.5
1663589100,4379.5,4384.75,4379.5,4384
1663589400,4383.75,4385.5,4381,4381.5
1663589700,4381.5,4381.75,4378,4378.75
1663590000,4379,4381,4378.25,4380.5
1663590300,4380.25,4383.75,4380.25,4382
1663590600,4382,4383.75,4380,4382
1663590900,4381.75,4387.25,4381,4387.25
1663591200,4387,4389,4385.25,4387.25
1663591500,4387.25,4390.25,4387,4390.25
1663591800,4390.25,4392.5,4388.75,4389.75
1663592100,4390,4391.25,4387.5,4388
1663592400,4388,4389.75,4386.5,4388.5
1663592700,4388.5,4390.25,4385.75,4387.25
1663593000,4387.5,4388.25,4386,4388.25
1663593300,4388,4389,4385.25,4385.25
1663593600,4385.25,4385.5,4381.5,4383
1663593900,4382.75,4383.25,4379,4379.25
1663594200,4379.25,4393.25,4378.5,4392.5
1663594500,4392.75,4393.75,4388.25,4392.25
1663594800,4392.5,4402.75,4392.25,4400.75
1663595100,4401,4405.25,4399,4402
1663595400,4402,4412,4401.25,4406.75
1663595700,4406.75,4409.5,4402.5,4405.5
1663596000,4405.75,4406,4397.25,4399
1663596300,4399,4406.75,4398.25,4402.25
1663596600,4402.25,4416.5,4401,4411.25
1663596900,4411.25,4413,4404.25,4405.25
1663597200,4405,4408.25,4401,4408.25
1663597500,4408.25,4414.75,4408,4414.5
1663597800,4414.25,4417,4409.25,4413.25
1663598100,4413.25,4422,4413.25,4421
1663598400,4421,4427.25,4420.25,4426
1663598700,4425.75,4429,4422.75,4423.25
1663599000,4423.25,4424,4417.75,4418
1663599300,4418,4421.75,4416.5,4419.25
1663599600,4419.5,4427,4417.5,4422.25
1663599900,4422.25,4425.25,4420.25,4422
1663600200,4421.75,4424.75,4417.75,4419.5
1663600500,4419.5,4428,4417.75,4421
1663600800,4420.75,4421.5,4413.25,4415.25
1663601100,4415,4416.5,4408.75,4409.25
1663601400,4409,4410,4404.25,4406.5
1663601700,4406.5,4406.5,4398.75,4401.25
1663602000,4401,4405,4399.75,4403.5
1663602300,4403.5,4408.5,4403.25,4407.5
1663602600,4407.25,4410,4404.5,4407.25
1663602900,4407.25,4408.5,4401.25,4402.25
1663603200,4402.25,4407.25,4401.75,4402
1663603500,4402,4407.25,4395.75,4405
1663603800,4405,4407.75,4404,4404.75
1663604100,4404.75,4409,4402.25,4405.5
1663604400,4405.5,4407,4402,4405
1663604700,4404.75,4406.25,4399.5,4402.5
1663605000,4402.75,4407.75,4401.75,4407.5
1663605300,4407.5,4415.5,4407.25,4413.25
1663605600,4413.5,4415,4409.5,4414.75
1663605900,4414.75,4415.25,4411.25,4412.25
1663606200,4412.5,4418.5,4412.25,4418.5
1663606500,4418.25,4420.75,4416.5,4418.5
1663606800,4418.75,4420,4415.75,4416.25
1663607100,4416.25,4418.25,4414,4416.75
1663607400,4417,4417.5,4410.5,4412
1663607700,4412,4413.25,4409,4413.25
1663608000,4413,4416.25,4410.75,4416.25
1663608300,4416,4418.25,4415,4418
1663608600,4418,4418.25,4410.25,4410.75
1663608900,4411,4412.75,4407.25,4411
1663609200,4411,4414,4410.25,4412.75
1663609500,4412.75,4417.75,4412,4414
1663609800,4414,4415.5,4410.75,4413
1663610100,4412.75,4415.25,4410,4411.75
1663610400,4411.75,4414,4408.75,4409.25
1663610700,4409,4412.5,4407,4411.75
1663611000,4411.5,4412.25,4407.25,4407.25
1663611300,4407.25,4414,4407.25,4410
1663611600,4410,4412.25,4404,4405.25
1663611900,4405,4410.5,4404.5,4409.25
1663612200,4409.25,4413,4409.25,4412.5
1663612500,4412.5,4416.75,4410,4415.5
1663612800,4415.75,4415.75,4410.5,4410.75
1663613100,4411,4411.75,4408,4409.5
1663613400,4409.25,4415.5,4408.75,4413.5
1663613700,4413.25,4416.75,4412.75,4416
1663614000,4416.25,4428,4416,4426.75
1663614300,4426.75,4428.5,4425,4427
1663614600,4427,4439.25,4425.5,4435
1663614900,4435.25,4437,4431.25,4432.5
1663615200,4432.5,4436,4430,4435.5
1663615500,4435.25,4441.25,4434.75,4437.5
1663615800,4437.5,4442.5,4437.5,4439.25
1663616100,4439,4443.25,4437.75,4440.5
1663616400,4440.5,4443.25,4439.25,4441
1663616700,4441,4443.25,4436.5,4438.5
1663617000,4438.75,4441.25,4432.5,4441
1663617300,4441,4444,4437.5,4444
1663617600,4443.75,4452.25,4442.25,4447
1663617900,4447,4448.25,4443.5,4444
1663618200,4444,4445.5,4443.25,4444.5
1663618500,4444.5,4445,4442.5,4443
1663618800,4443,4443.25,4441.75,4442.25
1663619100,4442.25,4444.75,4442,4444.75
1663619400,4444.75,4446.5,4444,4446.25
1663619700,4446.25,4448.5,4446.25,4448.5
1663620000,4448.5,4449.75,4447.75,4449.25
1663620300,4449.25,4449.25,4448.25,4449
1663620600,4448.75,4449.75,4448.75,4449.5
1663620900,4449.25,4449.75,4447.75,4448
1663624800,4448.25,4448.75,4446.75,4447.5
1663625100,4447.75,4448,4446.75,4448
1663625400,4448,4449.75,4448,4449
1663625700,4449.25,4451,4448.75,4450.75
1663626000,4450.75,4453.5,4450.5,4451.75
1663626300,4452,4452,4450,4450.25
1663626600,4450,4451,4449.25,4449.25
1663626900,4449.5,4450.5,4449.5,4450.5
1663627200,4450.5,4451.25,4450.25,4450.5
1663627500,4450.5,4451.75,4450.5,4451
1663627800,4451,4451.25,4450.25,4451
1663628100,4451,4451,4449,4449.5
1663628400,4449.5,4450.25,4449.25,4450
1663628700,4450.25,4450.25,4449,4449
1663629000,4449.25,4449.75,4448.75,4449.25
1663629300,4449.5,4451.25,4449.5,4449.5
1663629600,4449.75,4451.25,4449.25,4450.5
1663629900,4450.75,4451.25,4450.25,4451.25
1663630200,4451.25,4455,4451.25,4452.75
1663630500,4452.75,4453.75,4452,4452
1663630800,4452,4452.5,4451.25,4452
1663631100,4452.25,4454.25,4451.75,4454.25
1663631400,4454,4456.25,4453.75,4455.25
1663631700,4455.25,4456.5,4454.5,4456.5
1663632000,4456.25,4458.5,4455,4458
1663632300,4458,4459.75,4458,4458.5
1663632600,4458.5,4458.75,4456.75,4458.75
1663632900,4458.5,4459,4457,4457.5
1663633200,4457.25,4458.25,4456.25,4457.5
1663633500,4457.75,4458,4456.25,4456.25
1663633800,4456,4457,4454.25,4454.5
1663634100,4454.5,4454.5,4452.5,4453.5
1663634400,4453.75,4453.75,4449.75,4450.25
1663634700,4450.5,4451.25,4449,4449.5
1663635000,4449.5,4450.75,4448.5,4450.25
1663635300,4450.25,4451.25,4449.75,4450.75
1663635600,4450.75,4450.75,4448.5,4449.75
1663635900,4450,4450.5,4448.75,4449.5
1663636200,4449.75,4450.25,4447.5,4448.5
1663636500,4448.75,4448.75,4445.25,4445.75
1663636800,4446,4447.25,4445,4447
1663637100,4446.75,4447.75,4446.25,4446.75
1663637400,4446.75,4447.75,4445.5,4447.5
1663637700,4447.5,4447.75,4445.5,4445.75
1663638000,4445.75,4447,4444.5,4446.5
1663638300,4446.75,4447.75,4444.75,4447.5
1663638600,4447.5,4449.5,4447,4449.25
1663638900,4449.5,4450.25,4448.25,4448.5
1663639200,4448.5,4449.25,4447.5,4447.5
1663639500,4447.5,4448.25,4446.5,4448
1663639800,4448,4449.75,4447.5,4449
1663640100,4449,4449.75,4448.75,4449.5
1663640400,4449.5,4449.75,4448.75,4449.25
1663640700,4449.25,4450.5,4448.5,4450.25
1663641000,4450.5,4450.75,4449.25,4449.25
1663641300,4449.5,4449.75,4448.5,4448.75
1663641600,4448.5,4448.5,4447.5,4448
1663641900,4448.25,4449.25,4447.25,4448.75
1663642200,4448.5,4449.5,4448.25,4449.25
1663642500,4449.25,4450.25,4449,4450
1663642800,4450,4450.25,4449,4449.5
1663643100,4449.5,4449.75,4449,4449.5
1663643400,4449.25,4450.5,4449,4450.25
1663643700,4450.25,4451.25,4448.75,4448.75
1663644000,4448.75,4449.25,4448.5,4449
1663644300,4449,4449.75,4448.75,4449.5
1663644600,4449.5,4450.5,4449,4449.75
1663644900,4450,4451,4449.75,4450.75
1663645200,4451,4451,4449.75,4450.75
1663645500,4451,4452.25,4450.25,4452
1663645800,4451.75,4452,4450.5,4450.75
1663646100,4450.75,4451.5,4450.5,4451.5
1663646400,4451.5,4451.75,4451,4451.25
1663646700,4451.5,4451.75,4450.5,4450.75
1663647000,4450.75,4451.5,4450.5,4451.5
1663647300,4451.5,4452.5,4451.25,4451.5
1663647600,4451.5,4451.5,4450.5,4451
1663647900,4451,4451.75,4450.75,4451
1663648200,4451,4452.25,4451,4452
1663648500,4452.25,4452.75,4451.75,4451.75
1663648800,4451.75,4452.25,4451.5,4452.25
1663649100,4452.25,4452.5,4451.75,4452
1663649400,4452,4452,4450.5,4450.75
1663649700,4450.75,4451.5,4450.25,4451.5
1663650000,4451.25,4451.5,4450,4450.75
1663650300,4451,4452.25,4450.5,4452
1663650600,4452,4452.25,4451,4451.25
1663650900,4451.25,4451.25,4450,4451
1663651200,4451,4451.5,4450.5,4451.5
1663651500,4451.5,4454.5,4451.25,4454.5
1663651800,4454.25,4455.25,4453.25,4453.25
1663652100,4453.5,4454.25,4453,4454
1663652400,4454.25,4455,4454,4454.5
1663652700,4454.5,4454.75,4453.5,4453.5
1663653000,4453.75,4454.25,4453,4453
1663653300,4453,4453.75,4452.75,4453.75
1663653600,4453.75,4454,4447.75,4448.5
1663653900,4448.75,4451,4448.25,4450.75
1663654200,4450.5,4451,4449,4450.25
1663654500,4450,4450.75,4449,4450
1663654800,4450,4450.5,4448.5,4449
1663655100,4449,4450.5,4449,4450.25
1663655400,4450,4450.5,4448.25,4448.75
1663655700,4448.75,4451.25,4447.25,4450.25
1663656000,4450.5,4450.75,4448.5,4449
1663656300,4449.25,4449.5,4448,4449.5
1663656600,4449.5,4451.75,4449.25,4451.25
1663656900,4451.25,4453,4449.5,4450.5
1663657200,4450.5,4451.75,4448.5,4451
1663657500,4450.75,4458.5,4450.75,4456.75
1663657800,4457,4460.5,4456.5,4457.25
1663658100,4457.5,4459.75,4457.25,4458.75
1663658400,4458.75,4461.5,4458.5,4459
1663658700,4459,4459.5,4453.75,4455.25
1663659000,4455,4456.75,4450,4451
1663659300,4451,4452,4447.5,4448
1663659600,4447.75,4447.75,4441.25,4442.5
1663659900,4442.5,4445,4439.5,4444
1663660200,4444,4444.5,4440.5,4441.5
1663660500,4441.5,4442.25,4437.5,4440.5
1663660800,4440.25,4440.5,4436.25,4437
1663661100,4437,4437.5,4433,4435
1663661400,4434.75,4435,4431.75,4433.75
1663661700,4433.75,4434.75,4431.5,4433.25
1663662000,4433.25,4433.25,4431.75,4433.25
1663662300,4433.25,4436.25,4431.75,4436.25
1663662600,4436,4440,4435.25,4439.25
1663662900,4439.5,4441,4439,4440.25
1663663200,4440.25,4441.75,4440.25,4440.75
1663663500,4440.75,4441.5,4439,4439
1663663800,4439,4439.75,4436,4436.25
1663664100,4436.25,4437.75,4435.5,4436.5
1663664400,4436.5,4437.75,4435.5,4436.75
1663664700,4437,4437,4432.25,4433.25
1663665000,4433.25,4433.5,4431.25,4432.25
1663665300,4432,4432.25,4429,4429.5
1663665600,4429.5,4430,4426.75,4427
1663665900,4427,4431.75,4426.25,4430
1663666200,4430,4433.25,4429,4430
1663666500,4430,4430.5,4428,4430
1663666800,4430.25,4430.25,4426,4426
1663667100,4426,4426.25,4423.75,4425.25
1663667400,4425.25,4426,4422.5,4424
1663667700,4424,4427,4423.5,4426.5
1663668000,4426.5,4426.5,4421.5,4424.75
1663668300,4424.5,4424.5,4422,4423.5
1663668600,4423.25,4424.25,4421.5,4423.25
1663668900,4423.5,4423.5,4420.5,4422.5
1663669200,4422.5,4424.75,4420.5,4424.5
1663669500,4424.25,4427.25,4424,4426.5
1663669800,4426.5,4427.75,4425.75,4427.75
1663670100,4427.75,4428,4426.75,4427
1663670400,4427,4427.5,4424.25,4424.5
1663670700,4424.75,4426.5,4422.75,4426.5
1663671000,4426.5,4428,4426.25,4427.75
1663671300,4427.5,4427.75,4426.5,4427.5
1663671600,4427.5,4430.75,4426.75,4430
1663671900,4430,4431.25,4428.5,4429.5
1663672200,4429.5,4429.5,4424.5,4426
1663672500,4426,4432,4425.75,4432
1663672800,4431.75,4432,4428,4428.5
1663673100,4428.5,4430.75,4428,4429
1663673400,4428.75,4429.25,4426.75,4428
1663673700,4428,4428.5,4426.75,4428
1663674000,4428,4428,4424.25,4425.5
1663674300,4425.5,4427.25,4423.75,4426.25
1663674600,4426.5,4428.25,4425,4425.5
1663674900,4425.5,4426,4423.75,4423.75
1663675200,4423.75,4425.75,4421.75,4422.25
1663675500,4422.25,4422.5,4417,4417.5
1663675800,4417.5,4420.75,4417.5,4418.75
1663676100,4419,4421.25,4418,4419.75
1663676400,4419.75,4420.25,4414.5,4416.25
1663676700,4416.5,4417.25,4410.5,4411.75
1663677000,4412,4415.75,4412,4414
1663677300,4413.75,4415.75,4413,4414.25
1663677600,4414.25,4417,4414.25,4415.75
1663677900,4415.75,4417.5,4415.25,4416
1663678200,4416,4420,4415.5,4419
1663678500,4419,4419.75,4416,4416
1663678800,4416,4419.25,4415.75,4418
1663679100,4417.75,4418.25,4414.25,4416
1663679400,4415.75,4416.25,4413.25,4414.75
1663679700,4415,4415,4411,4411.5
1663680000,4411.5,4411.5,4409,4410.75
1663680300,4410.75,4412,4407.75,4408
1663680600,4408,4410.25,4402.25,4408
1663680900,4408,4408,4398,4399.75
1663681200,4399.75,4400.25,4392.5,4396.5
1663681500,4396.5,4402.75,4395,4397.25
1663681800,4397.25,4397.75,4390.75,4395.25
1663682100,4395.5,4400.5,4394.25,4395.75
1663682400,4395.75,4399.25,4390,4394.25
1663682700,4394.25,4401.25,4393.5,4399
1663683000,4399,4401.25,4388,4392.25
1663683300,4392.25,4395,4387.75,4391
1663683600,4390.75,4397,4390,4391.25
1663683900,4391.5,4399,4389.5,4397
1663684200,4397,4397.25,4391.25,4392.5
1663684500,4392.5,4394.75,4384.25,4390
1663684800,4389.75,4398.75,4389.25,4395.75
1663685100,4395.5,4399.5,4393,4398.5
1663685400,4398.5,4404.75,4397.75,4402
1663685700,4402,4404,4400.25,4403.5
1663686000,4403.75,4405.75,4398.25,4400.75
1663686300,4400.75,4409.25,4399.25,4408.25
1663686600,4408.25,4409.25,4405.25,4406.25
1663686900,4406,4407.5,4400.75,4403
1663687200,4402.75,4405,4401.25,4402
1663687500,4402,4406,4400.75,4403.25
1663687800,4403,4406.5,4400,4402.5
1663688100,4402.75,4404.25,4399.25,4401.25
1663688400,4401.25,4403.75,4399.5,4402
1663688700,4401.75,4406.75,4401,4405.5
1663689000,4405.5,4413.25,4403,4412.5
1663689300,4412.5,4415.75,4411.75,4414.25
1663689600,4414.25,4417.25,4412.75,4416.5
1663689900,4416.5,4418.5,4413.75,4414.75
1663690200,4414.75,4416.5,4411.75,4414.5
1663690500,4414.5,4416,4410.25,4411.75
1663690800,4412,4413.75,4409.25,4410.5
1663691100,4410.75,4410.75,4402.75,4403
1663691400,4403,4403.75,4396.25,4398.25
1663691700,4398,4400.5,4396,4398.25
1663692000,4398.25,4398.75,4395.5,4397
1663692300,4397,4398.75,4395.25,4397
1663692600,4397,4400.25,4395.75,4400
1663692900,4399.75,4401,4397.75,4399
1663693200,4399.25,4400.25,4395.25,4395.5
1663693500,4395.75,4396.25,4391.5,4393.75
1663693800,4393.5,4394,4390,4391.25
1663694100,4391.25,4391.25,4386.5,4388.5
1663694400,4388.5,4392,4386.5,4390.75
1663694700,4391,4391.5,4382,4383.25
1663695000,4383.25,4383.25,4376.75,4377.75
1663695300,4377.5,4380.5,4377.25,4379.5
1663695600,4379.5,4384.25,4378,4383
1663695900,4382.75,4384,4376.5,4377
1663696200,4377,4377.75,4372.25,4374.5
1663696500,4374.25,4374.75,4368.5,4370.75
1663696800,4370.75,4377.25,4370.25,4375.75
1663697100,4375.5,4379,4374.75,4378.75
1663697400,4378.75,4379,4374.75,4378.25
1663697700,4378.25,4382.25,4373.75,4381.75
1663698000,4381.75,4387.75,4380.25,4386
1663698300,4386,4387,4382.25,4384
1663698600,4384,4384,4376.5,4377
1663698900,4377,4380.25,4375.5,4377.5
1663699200,4377.25,4379.75,4371.75,4378.25
1663699500,4378.25,4393.75,4377,4390
1663699800,4390,4391.25,4385.25,4386.75
1663700100,4387,4393.75,4384.75,4390.5
1663700400,4390.5,4397.5,4388.75,4391.25
1663700700,4391.25,4392.25,4385.5,4387
1663701000,4387,4393.25,4386,4392
1663701300,4392,4395.25,4389.75,4394.25
1663701600,4394.25,4400,4393.5,4398.25
1663701900,4398.5,4402.25,4397.75,4398.75
1663702200,4399,4402.25,4392,4402.25
1663702500,4402.25,4410.25,4400.75,4408.5
1663702800,4408.5,4410,4404.5,4409
1663703100,4409,4412.75,4404.5,4406.25
1663703400,4406.25,4408,4397.75,4402.75
1663703700,4402.75,4403.25,4394.75,4399.25
1663704000,4399,4405.75,4399,4402
1663704300,4402,4406.5,4401.5,4406
1663704600,4406,4407.5,4404.5,4404.75
1663704900,4404.75,4406.75,4403,4403.5
1663705200,4403.5,4404.25,4402.5,4402.5
1663705500,4402.5,4403.75,4402,4402
1663705800,4402.25,4403.25,4401.5,4401.75
1663706100,4401.75,4402.75,4400.25,4402.25
1663706400,4402,4402.5,4401.5,4402.25
1663706700,4402,4403.75,4402,4403.5
1663707000,4403.25,4404,4402.75,4403.75
1663707300,4403.5,4405.25,4403,4405
1663711200,4404,4404.75,4399.25,4401
1663711500,4401,4401.75,4399,4399.75
1663711800,4400,4401,4398.25,4398.5
1663712100,4398.5,4399.25,4398,4398.25
1663712400,4398.5,4399,4397.75,4398.75
1663712700,4398.75,4400.75,4398.5,4399
1663713000,4399,4400.5,4399,4399.75
1663713300,4399.5,4400,4399.25,4399.75
1663713600,4399.75,4401,4399.75,4401
1663713900,4401,4401,4399.25,4400
1663714200,4400,4401.25,4400,4400.25
1663714500,4400,4402,4400,4402
1663714800,4401.75,4403,4401,4401.25
1663715100,4401.25,4401.5,4397.25,4397.5
1663715400,4397.75,4398.5,4395.5,4395.75
1663715700,4395.75,4397.25,4395.5,4396.75
1663716000,4397,4398.5,4397,4397.5
1663716300,4397.5,4399,4397.5,4397.75
1663716600,4398,4400,4397.25,4399.75
1663716900,4400,4400.25,4399.25,4399.75
1663717200,4400,4401.25,4399.75,4400.5
1663717500,4400.75,4401.75,4400.5,4401
1663717800,4401.25,4402,4400,4401.75
1663718100,4401.75,4402,4399.5,4400.75
1663718400,4400.75,4403,4398.5,4402
1663718700,4402,4402.75,4401,4402.5
1663719000,4402.75,4405.25,4402.5,4404
1663719300,4403.75,4403.75,4400.5,4402.5
1663719600,4402.5,4404.75,4402.5,4403.5
1663719900,4403.5,4405,4402.5,4404.25
1663720200,4404.5,4405.25,4403.25,4404
1663720500,4404,4406,4402.5,4404.75
1663720800,4405,4406.25,4404.75,4405.75
1663721100,4405.5,4405.5,4404.25,4405
1663721400,4404.75,4405,4403,4404.75
1663721700,4404.75,4406,4402.75,4403.25
1663722000,4403.25,4403.75,4402,4402.25
1663722300,4402.25,4404.25,4402,4403.25
1663722600,4403.5,4403.75,4402.5,4403.5
1663722900,4403.5,4404.5,4403,4403.75
1663723200,4404,4404,4400,4401.25
1663723500,4401.25,4401.25,4396.5,4397.75
1663723800,4397.75,4398.5,4395.75,4396.5
1663724100,4396.5,4398,4396,4397.5
1663724400,4397.5,4399,4397,4398.75
1663724700,4398.75,4400,4397.75,4399.75
1663725000,4399.5,4399.75,4398,4398
1663725300,4398,4398.25,4396.5,4398
1663725600,4398,4399,4397,4397.75
1663725900,4398,4403.75,4397.75,4403
1663726200,4403,4404,4402.25,4403
1663726500,4402.75,4403.25,4401.75,4402.75
1663726800,4402.75,4403,4402,4402.25
1663727100,4402.5,4404.25,4402.5,4403
1663727400,4402.75,4403,4401.25,4402.75
1663727700,4403,4403.75,4403,4403.5
1663728000,4403.75,4404.75,4402.75,4404.5
1663728300,4404.75,4405.5,4403.5,4403.75
1663728600,4404,4405,4403.75,4404.25
1663728900,4404,4404.25,4403.25,4404
1663729200,4403.75,4404,4402.25,4403
1663729500,4403,4403,4401.75,4401.75
1663729800,4401.75,4403,4401.75,4402.25
1663730100,4402.25,4402.25,4401.25,4401.25
1663730400,4401.5,4402.25,4400.75,4402.25
1663730700,4402.25,4402.25,4401.25,4402
1663731000,4402,4403,4401.75,4401.75
1663731300,4401.75,4403.5,4401.25,4402.25
1663731600,4402.25,4402.25,4401.5,4402.25
1663731900,4402.5,4404.5,4402.5,4403.75
1663732200,4404,4404.5,4403.75,4404.25
1663732500,4404.5,4405,4403.25,4404.75
1663732800,4404.75,4405,4403.5,4403.75
1663733100,4404,4404,4402.25,4402.75
1663733400,4402.75,4403.25,4401.75,4402.5
1663733700,4402.75,4403,4402,4402.75
1663734000,4402.75,4403,4401.25,4401.5
1663734300,4401.5,4401.75,4400.5,4401.25
1663734600,4401.25,4401.25,4400.25,4401
1663734900,4401,4402,4400.5,4402
1663735200,4402,4403.25,4401.75,4402.75
1663735500,4402.75,4403,4402.25,4402.5
1663735800,4402.25,4402.5,4400.75,4401.25
1663736100,4401.25,4402.5,4401.25,4402.25
1663736400,4402.25,4404.5,4402,4404.5
1663736700,4404.25,4405.75,4402.25,4403.5
1663737000,4403.25,4404.25,4403.25,4403.25
1663737300,4403.25,4403.5,4402.5,4403
1663737600,4403.25,4404.25,4402.75,4403.25
1663737900,4403.25,4406,4403,4406
1663738200,4405.75,4408,4405.5,4407.75
1663738500,4408,4408.25,4405.5,4405.75
1663738800,4405.75,4406,4404.25,4404.5
1663739100,4404.5,4405.25,4403.75,4404.75
1663739400,4405,4407.75,4404.75,4406.75
1663739700,4406.75,4407.75,4393.75,4396.75
1663740000,4397,4402.25,4390.25,4402
1663740300,4401.75,4405.25,4399.5,4401.75
1663740600,4401.75,4405,4394.75,4397.5
1663740900,4397.75,4402.5,4396,4399.75
1663741200,4400,4401.5,4397.75,4398.75
1663741500,4398.75,4399,4392.25,4392.25
1663741800,4392.5,4393.75,4387.75,4388.5
1663742100,4388.5,4391,4386,4387
1663742400,4387,4392,4385.5,4391.25
1663742700,4391.25,4396,4391,4394.75
1663743000,4394.75,4394.75,4390,4390.75
1663743300,4390.75,4392.25,4387,4389.5
1663743600,4389.5,4392.5,4384.5,4385.75
1663743900,4385.75,4386.75,4380,4382.75
1663744200,4382.5,4386.25,4380,4385.75
1663744500,4385.5,4393.75,4384.75,4391
1663744800,4391.25,4392.75,4388.75,4392.25
1663745100,4392.25,4400.5,4392,4398.5
1663745400,4398.5,4398.75,4394,4397
1663745700,4397.25,4398.75,4396,4397.5
1663746000,4397.25,4398,4394.5,4396.5
1663746300,4396.25,4402.25,4396.25,4401
1663746600,4401,4403.75,4400,4400.75
1663746900,4400.75,4400.75,4397,4397.25
1663747200,4397.25,4398.25,4395.25,4396.25
1663747500,4396,4398.5,4394.25,4398
1663747800,4398.25,4400.5,4397.25,4397.25
1663748100,4397.5,4402,4397.5,4402
1663748400,4401.75,4403.75,4401.5,4403.5
1663748700,4403.25,4404.25,4400.25,4400.5
1663749000,4400.5,4402.25,4399.75,4401.25
1663749300,4401.5,4403,4401.25,4402.5
1663749600,4402.75,4403.75,4402,4402.5
1663749900,4402.5,4403.5,4401.75,4402.5
1663750200,4402.5,4403.5,4401.25,4402.5
1663750500,4402.25,4402.75,4400.75,4401.25
1663750800,4401,4402,4399.25,4400.5
1663751100,4400.25,4401,4399,4399.25
1663751400,4399.25,4400.25,4398.75,4399.25
1663751700,4399.5,4400.25,4397.25,4398
1663752000,4398.25,4399.75,4397,4398.25
1663752300,4398.25,4401.75,4397.75,4401.5
1663752600,4401.25,4405,4401,4405
1663752900,4405,4406,4403.75,4405.25
1663753200,4405.5,4407.5,4405.25,4405.25
1663753500,4405.5,4410.75,4405.5,4409.5
1663753800,4409.5,4410.75,4407.5,4408.25
1663754100,4408.25,4409.5,4407.5,4409
1663754400,4408.75,4410.25,4407.5,4407.5
1663754700,4407.75,4408.25,4406.5,4407
1663755000,4407,4407.5,4406.25,4407.25
1663755300,4407.5,4409.25,4407,4407.75
1663755600,4407.75,4408,4404.75,4404.75
1663755900,4405,4408,4404.25,4407.5
1663756200,4407.25,4407.25,4401,4402
1663756500,4402.25,4405.25,4399,4404
1663756800,4404,4406.25,4403.75,4405.5
1663757100,4405.75,4409,4405.5,4407.5
1663757400,4407.75,4410.25,4407.25,4409
1663757700,4409,4409,4406.25,4406.5
1663758000,4406.5,4408.5,4406.25,4406.5
1663758300,4406.25,4406.5,4404.25,4405.25
1663758600,4405.25,4405.75,4403.75,4404
1663758900,4404,4407.5,4404,4405.25
1663759200,4405.5,4405.5,4403.25,4405.25
1663759500,4405.25,4405.5,4403.25,4404.5
1663759800,4404.5,4406.75,4403.75,4405
1663760100,4405.25,4408.25,4404.25,4406.75
1663760400,4406.75,4409.25,4406.5,4408
1663760700,4408,4413.75,4408,4412.25
1663761000,4412.25,4415.5,4410.75,4413.5
1663761300,4413.5,4414,4411,4411.75
1663761600,4411.75,4412.5,4410.5,4411.25
1663761900,4411.25,4413.5,4411,4413.25
1663762200,4413,4413.25,4410.25,4411.5
1663762500,4411.25,4412,4409.5,4409.75
1663762800,4410,4412.5,4409.5,4411.75
1663763100,4411.75,4416,4411,4415.5
1663763400,4415.5,4422,4414.75,4420.5
1663763700,4420.5,4421.25,4418.75,4419.75
1663764000,4419.75,4420,4416.5,4418
1663764300,4418,4420.25,4417.25,4419
1663764600,4419,4419.25,4416.75,4417.75
1663764900,4417.5,4418.25,4414.75,4418
1663765200,4418,4420.5,4418,4418.75
1663765500,4418.75,4420.25,4416.5,4420
1663765800,4420,4420.25,4417.75,4420
1663766100,4420.25,4421.75,4419,4419
1663766400,4419.25,4419.25,4418,4419
1663766700,4418.75,4419.75,4415.5,4418.5
1663767000,4418.25,4425,4411.25,4412.25
1663767300,4412.25,4418.25,4412,4416.75
1663767600,4416.75,4420,4412.75,4412.75
1663767900,4413,4426.25,4412.5,4424
1663768200,4424.25,4426.5,4420.75,4422.25
1663768500,4422.25,4424,4417.25,4419.75
1663768800,4419.75,4423.5,4418.25,4422.25
1663769100,4422.5,4425.25,4416,4425
1663769400,4425,4425.75,4420.25,4423.5
1663769700,4423.5,4424,4420,4421.5
1663770000,4421.75,4424.75,4418.75,4424
1663770300,4424,4429.75,4421.5,4429
1663770600,4429.25,4430.25,4421.25,4422.75
1663770900,4422.75,4423,4419.5,4419.75
1663771200,4419.5,4421.5,4416.25,4417
1663771500,4416.75,4419.75,4413,4416
1663771800,4416,4419.75,4415.25,4418.25
1663772100,4418.5,4418.75,4414.75,4417
1663772400,4417.25,4419.75,4412.75,4413.5
1663772700,4413.75,4416.25,4411.25,4413.75
1663773000,4413.5,4417.75,4413.5,4417.75
1663773300,4417.5,4418,4413.75,4414.25
1663773600,4414.5,4416.25,4412.25,4415.75
1663773900,4415.5,4416.75,4413,4415.75
1663774200,4416,4418.25,4415.5,4416.75
1663774500,4416.75,4419.25,4416,4418.5
1663774800,4418.5,4421,4417.25,4420
1663775100,4420,4421.25,4416.25,4416.5
1663775400,4416.25,4418.25,4414.75,4416.75
1663775700,4416.75,4418.25,4415,4417.75
1663776000,4417.5,4418,4415.25,4416.5
1663776300,4416.75,4420.75,4416,4420.25
1663776600,4420.25,4422.25,4419.25,4420.5
1663776900,4420.5,4422.25,4419.25,4421
1663777200,4421,4421.75,4418.75,4420
1663777500,4420,4422.5,4418.75,4422.25
1663777800,4422.25,4424.75,4420.75,4424.75
1663778100,4424.75,4426,4421.5,4421.75
1663778400,4422,4422.75,4420.75,4421
1663778700,4420.75,4422.75,4419.25,4422
1663779000,4422,4422.5,4417.75,4418.25
1663779300,4418.25,4418.5,4416,4416.25
1663779600,4416.25,4418,4415.5,4417.75
1663779900,4417.5,4418.75,4415.25,4417.5
1663780200,4417.5,4418.75,4416.25,4417
1663780500,4417,4417,4413.25,4415
1663780800,4414.75,4415.25,4413,4414.25
1663781100,4414.25,4417.25,4413.25,4417.25
1663781400,4417.25,4420,4416.75,4419.5
1663781700,4419.5,4421.25,4418.25,4421.25
1663782000,4421.25,4423.75,4420.25,4423.25
1663782300,4423.25,4425.25,4420.5,4422.75
1663782600,4422.5,4424.75,4422,4422
1663782900,4422,4430.25,4421.5,4427
1663783200,4427.25,4429.25,4364,4364.5
1663783500,4364.25,4392.5,4358,4384.25
1663783800,4384.25,4388.5,4362,4363.25
1663784100,4363,4373.25,4361.5,4367.75
1663784400,4367.75,4379.25,4367.25,4378.5
1663784700,4378.25,4386.25,4372.75,4374.25
1663785000,4374,4408,4364.25,4403.75
1663785300,4403.75,4412.75,4390.25,4399.25
1663785600,4399,4441.25,4392.5,4436.75
1663785900,4436.75,4450.5,4412.75,4421
1663786200,4421.25,4436.25,4408.25,4434
1663786500,4434,4437.75,4420.5,4431.75
1663786800,4431.75,4437.75,4418,4423.75
1663787100,4423.75,4432.25,4412,4414
1663787400,4414,4415,4381,4413.5
1663787700,4413.75,4421.25,4403,4405
1663788000,4404.75,4405,4391.5,4396.5
1663788300,4396.5,4396.5,4371.25,4371.75
1663788600,4371.5,4376.5,4359,4374.75
1663788900,4374.75,4375.75,4349.75,4352.25
1663789200,4352,4358.5,4345.5,4345.75
1663789500,4345.75,4347,4338.5,4342
1663789800,4342,4351,4340.5,4345.25
1663790100,4345.5,4345.5,4329.25,4329.25
1663790400,4329.25,4331.25,4324.75,4326.5
1663790700,4326.5,4332.75,4325.5,4330.75
1663791000,4330.5,4332.25,4327,4329.5
1663791300,4329.75,4330.75,4325.25,4325.5
1663791600,4325.5,4327.75,4322,4322
1663791900,4322.25,4322.25,4317.25,4317.75
1663792200,4317.75,4323,4317.75,4319
1663792500,4319.25,4320.75,4318,4318.75
1663792800,4318.5,4319.25,4317.25,4318.75
1663793100,4319,4323.75,4319,4323.25
1663793400,4323,4323.25,4320.25,4321.5
1663793700,4321.75,4322.25,4319.5,4322
1663797600,4319.25,4326,4317.25,4324.25
1663797900,4324.25,4324.25,4320.75,4321.25
1663798200,4321.5,4322.5,4318.75,4320.25
1663798500,4320,4321,4318.5,4320.25
1663798800,4320.25,4322.25,4319.75,4322
1663799100,4321.5,4322.75,4320,4322
1663799400,4322,4322.5,4319.75,4320
1663799700,4320,4320.5,4318.75,4320.5
1663800000,4320.5,4320.5,4311.5,4311.75
1663800300,4311.75,4312.25,4309.25,4310.25
1663800600,4310,4311.25,4308,4309.5
1663800900,4309.5,4311.75,4309.25,4309.5
1663801200,4309.5,4311.25,4308.25,4310.5
1663801500,4310.75,4312,4309.5,4310.75
1663801800,4310.5,4311,4305.5,4306.25
1663802100,4306.25,4308,4305.75,4308
1663802400,4308,4310.25,4307.75,4309.5
1663802700,4309.25,4310.5,4307.75,4308.25
1663803000,4308,4308.5,4305.25,4305.5
1663803300,4305.75,4308.25,4305.5,4307
1663803600,4307.25,4308,4305.5,4307.5
1663803900,4307.5,4308.5,4306.5,4307.25
1663804200,4307.25,4309.5,4306.75,4309
1663804500,4308.75,4310.75,4306.5,4306.75
1663804800,4306.5,4310.25,4303.75,4309.25
1663805100,4309,4311.5,4308.5,4309
1663805400,4309,4310.5,4308.25,4308.75
1663805700,4308.75,4309.5,4304.25,4307.25
1663806000,4307.25,4308.5,4306.25,4307.75
1663806300,4307.5,4308.5,4306.75,4307.75
1663806600,4307.75,4309.25,4307,4307.75
1663806900,4307.5,4309.25,4307.25,4308.75
1663807200,4308.75,4309.25,4301.25,4301.75
1663807500,4301.75,4305.25,4301.25,4305
1663807800,4305,4305,4302,4302.25
1663808100,4302.25,4302.25,4297,4299.25
1663808400,4299,4301.25,4297.5,4298.5
1663808700,4298.5,4300.25,4296.25,4296.25
1663809000,4296.25,4297.5,4292,4293.75
1663809300,4293.75,4297.75,4293.5,4297.25
1663809600,4297.25,4297.5,4293.5,4296.5
1663809900,4296.25,4297.25,4294.75,4295.5
1663810200,4295.5,4298,4295,4296.25
1663810500,4296.25,4297,4294.5,4296
1663810800,4296,4298,4295.75,4297.75
1663811100,4297.75,4299.75,4296.5,4299.75
1663811400,4299.5,4301.75,4299.25,4299.5
1663811700,4299.5,4304,4299.5,4303.5
1663812000,4303.5,4306.25,4302.25,4304.5
1663812300,4304.5,4305.75,4301.25,4301.5
1663812600,4301.5,4302.75,4300.5,4302.25
1663812900,4302.25,4303.75,4301.75,4302.5
1663813200,4302.5,4305.5,4302.25,4303
1663813500,4303,4303.5,4301.5,4302.5
1663813800,4302.5,4304.75,4301.5,4302.5
1663814100,4302.25,4306.75,4302,4306
1663814400,4305.75,4308.75,4305,4307.25
1663814700,4307.5,4309.75,4306.75,4309.5
1663815000,4309.25,4312,4308.25,4308.25
1663815300,4308.5,4313.5,4308.5,4309.25
1663815600,4309.25,4309.5,4307.5,4308
1663815900,4308.25,4309.25,4306.25,4307.25
1663816200,4307.25,4307.75,4305.5,4307
1663816500,4307,4307.75,4305.75,4307
1663816800,4307.25,4309,4306.75,4308.5
1663817100,4308.75,4308.75,4307.25,4307.5
1663817400,4307.5,4310,4307.5,4308.5
1663817700,4308.25,4310.25,4308.25,4309.75
1663818000,4309.5,4311.25,4309.25,4310.25
1663818300,4310.5,4310.75,4309,4309.75
1663818600,4310,4310.25,4309.25,4309.5
1663818900,4309.25,4309.5,4307,4308.25
1663819200,4308.25,4309.5,4307.5,4309.25
1663819500,4309.25,4310.75,4309,4309.75
1663819800,4310,4310,4309.25,4309.5
1663820100,4309.25,4310.25,4308.25,4310.25
1663820400,4310.25,4313,4310.25,4311.75
1663820700,4311.75,4313.5,4311.75,4313
1663821000,4312.75,4313.75,4312.25,4312.75
1663821300,4312.5,4313.25,4310.75,4311.5
1663821600,4311.25,4311.5,4310.75,4310.75
1663821900,4310.75,4312.25,4310,4311.25
1663822200,4311.25,4312.25,4310.5,4311.75
1663822500,4311.5,4311.5,4309.75,4310
1663822800,4310,4312.75,4309,4312.25
1663823100,4312.5,4313.25,4311.5,4313.25
1663823400,4313.5,4313.5,4309.5,4309.5
1663823700,4309.5,4311.75,4309.25,4311
1663824000,4310.75,4312.5,4310.25,4312.25
1663824300,4312.25,4313,4311.75,4312.75
1663824600,4312.75,4317.25,4311.25,4316.5
1663824900,4316.5,4317.75,4314.25,4316.75
1663825200,4317,4318,4315.25,4316
1663825500,4316.25,4316.25,4314.25,4314.75
1663825800,4315,4315.25,4313.5,4314.5
1663826100,4314.5,4315.5,4311.5,4311.5
1663826400,4311.75,4315.25,4311.5,4314.5
1663826700,4314.25,4318.75,4313.25,4317.75
1663827000,4317.5,4318.75,4313.75,4314.25
1663827300,4314,4316,4313.25,4314.75
1663827600,4314.5,4318,4314.25,4315.5
1663827900,4315.25,4318,4314.75,4317.5
1663828200,4317.5,4317.5,4310.25,4310.5
1663828500,4310.5,4311.5,4307.25,4308.75
1663828800,4308.5,4308.75,4305.25,4306
1663829100,4305.75,4306,4302,4305.25
1663829400,4305.25,4307.5,4304,4307
1663829700,4307,4308.75,4305.5,4307.25
1663830000,4307.5,4307.5,4302.75,4305.25
1663830300,4305.25,4308.5,4304.75,4306.5
1663830600,4306.25,4308.5,4304.5,4308
1663830900,4308,4314,4307.75,4312.5
1663831200,4312.5,4314.75,4310.75,4312.75
1663831500,4312.75,4319,4312,4316.5
1663831800,4316.25,4319.75,4314.75,4318
1663832100,4318.25,4321,4316,4318.25
1663832400,4318.5,4321.75,4317.25,4321.25
1663832700,4321.5,4336.25,4321.5,4335.75
1663833000,4335.75,4339.5,4333.75,4338
1663833300,4338,4338.75,4335.75,4337.75
1663833600,4337.5,4344,4336,4344
1663833900,4344,4345.25,4338.75,4340.5
1663834200,4340.75,4342.75,4339,4339.25
1663834500,4339.5,4344.5,4339.5,4344.25
1663834800,4344,4347.75,4343.25,4345.5
1663835100,4345.25,4346.75,4343,4344.5
1663835400,4344.5,4348.5,4344.25,4348.25
1663835700,4348.25,4351.5,4347.5,4350.25
1663836000,4350.25,4355.5,4349.5,4355.25
1663836300,4355.25,4358.25,4347.5,4349
1663836600,4349,4351.25,4345.5,4346.75
1663836900,4346.5,4348.25,4345,4347
1663837200,4347,4348,4341.5,4343.5
1663837500,4343.5,4344,4335.25,4336.25
1663837800,4336,4341.5,4336,4340.5
1663838100,4340.75,4342.75,4336.5,4337.25
1663838400,4337.25,4340,4335,4336
1663838700,4336,4338.75,4335,4338.25
1663839000,4338.25,4341.5,4336.75,4336.75
1663839300,4336.75,4337.75,4330.5,4330.75
1663839600,4331,4332,4328,4329.5
1663839900,4329.75,4332.75,4328.75,4329.75
1663840200,4329.5,4332.25,4328.25,4332
1663840500,4331.75,4334.75,4331,4332.75
1663840800,4332.75,4333.75,4326.5,4327.75
1663841100,4327.75,4330.75,4327,4329.25
1663841400,4329.25,4329.75,4327.75,4328.25
1663841700,4328.25,4330,4327.75,4329.75
1663842000,4329.75,4333.25,4328.75,4332.25
1663842300,4332.25,4336.25,4332,4336.25
1663842600,4336.25,4340.5,4335.75,4340
1663842900,4340,4341,4338,4340.25
1663843200,4340,4340,4334.75,4337
1663843500,4336.75,4337.25,4333,4333.5
1663843800,4333.75,4340,4333.5,4338.25
1663844100,4338.25,4339.5,4337,4338.5
1663844400,4338.25,4340.75,4328.5,4335.25
1663844700,4335.25,4336,4326.5,4326.75
1663845000,4326.5,4327.75,4322,4323
1663845300,4323.25,4328.25,4323,4327.25
1663845600,4327.5,4328.5,4321.5,4323.75
1663845900,4323.75,4325.5,4316.75,4317.5
1663846200,4317.25,4321.75,4317,4319.75
1663846500,4320,4326.5,4319.5,4326.25
1663846800,4326,4327.5,4322.25,4326.5
1663847100,4326.75,4326.75,4321.25,4324.25
1663847400,4324.25,4331.25,4324.25,4331
1663847700,4330.75,4335,4330.5,4333
1663848000,4333,4334.25,4329.5,4333.75
1663848300,4333.75,4334.25,4328.75,4333.5
1663848600,4333.5,4340.75,4333.25,4340.75
1663848900,4340.75,4342.75,4338.75,4339.75
1663849200,4339.75,4340,4333.75,4334.25
1663849500,4334.25,4338.5,4333.75,4334
1663849800,4334.25,4334.25,4325.5,4332.25
1663850100,4332,4338,4330,4334.75
1663850400,4334.75,4340.75,4333.75,4338
1663850700,4338.25,4344.25,4337.25,4341.75
1663851000,4341.5,4347.25,4340,4343.5
1663851300,4343.25,4345.5,4338.75,4339
1663851600,4339,4339.75,4332.75,4333
1663851900,4333.25,4335,4332.5,4334
1663852200,4334,4334.5,4328.75,4329.75
1663852500,4329.75,4331.75,4326.75,4327.5
1663852800,4327.5,4328.5,4319.5,4322
1663853100,4321.75,4324,4318.75,4321
1663853400,4321,4332,4320.25,4320.25
1663853700,4320.25,4326.75,4312,4313
1663854000,4313,4316.75,4304.75,4307.25
1663854300,4307.25,4312.75,4303.5,4304.5
1663854600,4304.75,4309.25,4301.5,4303.75
1663854900,4303.75,4307.75,4298.75,4303.75
1663855200,4304,4305.5,4297.25,4300.75
1663855500,4300.75,4310.75,4299.75,4308.5
1663855800,4308.25,4319.5,4303.25,4319.25
1663856100,4319,4320.25,4306,4306.75
1663856400,4306.75,4310,4302,4305.25
1663856700,4305.25,4312,4303.25,4311
1663857000,4311,4316.5,4302.75,4306
1663857300,4306,4312,4302.75,4310.5
1663857600,4310.5,4312,4303,4303.75
1663857900,4304,4308.75,4301.5,4306.25
1663858200,4306.25,4306.5,4299.25,4299.5
1663858500,4299.5,4303.25,4294,4295.25
1663858800,4295.25,4297.5,4292.25,4293.75
1663859100,4293.75,4302.25,4293.5,4300.5
1663859400,4300.25,4300.5,4293.25,4294
1663859700,4293.75,4297.5,4291,4292
1663860000,4292,4294.75,4288.75,4291.75
1663860300,4292,4299.75,4291.5,4297.5
1663860600,4297.5,4304,4295.75,4298.75
1663860900,4299,4302.75,4297.25,4301
1663861200,4300.75,4301.25,4295,4297.5
1663861500,4297.5,4307.25,4296,4306
1663861800,4306,4308.5,4302.5,4304
1663862100,4303.75,4306,4296,4299
1663862400,4299,4306.75,4298,4302.75
1663862700,4302.75,4304.25,4298.75,4303.5
1663863000,4303.25,4304,4296,4299.25
1663863300,4299.25,4303.75,4297.25,4302.5
1663863600,4302.25,4315,4299.25,4313.5
1663863900,4313.75,4314,4304.5,4305
1663864200,4305.25,4305.5,4300.75,4301
1663864500,4301,4308.25,4300.5,4306.5
1663864800,4306.25,4309.5,4304.25,4306.75
1663865100,4306.75,4310,4303.5,4304.25
1663865400,4304.5,4312.5,4303.5,4309
1663865700,4308.75,4314,4305.5,4306.25
1663866000,4306.25,4308.75,4302.25,4304
1663866300,4303.75,4305.75,4299.5,4299.75
1663866600,4299.5,4302.25,4297,4297.25
1663866900,4297.5,4299.75,4294,4298.75
1663867200,4298.5,4301.5,4296.5,4297.75
1663867500,4297.75,4304.25,4297.75,4304
1663867800,4304,4308,4303.25,4307.75
1663868100,4307.5,4309.25,4304.75,4305.75
1663868400,4305.75,4308.5,4302.5,4303
1663868700,4303,4307.25,4301.25,4306
1663869000,4306,4312,4305.25,4311
1663869300,4310.75,4312.5,4307.75,4309
1663869600,4308.75,4311.25,4302.75,4303.25
1663869900,4303.25,4307.5,4300.5,4301.25
1663870200,4301,4302.5,4298,4298.5
1663870500,4298.75,4301.5,4296.75,4298.25
1663870800,4298,4299.5,4291.75,4292.75
1663871100,4292.75,4299.5,4291.5,4297
1663871400,4297,4301.25,4294.25,4298.5
1663871700,4298.75,4303,4296.5,4302.5
1663872000,4302.75,4303.5,4298.75,4300.75
1663872300,4300.5,4300.75,4294.25,4297.75
1663872600,4297.75,4311.25,4297.5,4308
1663872900,4307.75,4311.25,4305.75,4309
1663873200,4308.75,4318.75,4308.75,4315.25
1663873500,4315.5,4318.5,4313.25,4316.25
1663873800,4316.25,4325.25,4316,4324.75
1663874100,4324.75,4325.25,4316.5,4317
1663874400,4317,4318,4310.75,4311.75
1663874700,4311.5,4316,4306.75,4315.5
1663875000,4315.5,4321,4314.5,4319.5
1663875300,4319.5,4323.75,4316.25,4317.5
1663875600,4317.5,4319.25,4313.75,4317.75
1663875900,4317.5,4330.25,4316.75,4328
1663876200,4328,4328,4310.5,4310.75
1663876500,4311,4312.75,4295.75,4296.5
1663876800,4296.75,4298,4293,4297.75
1663877100,4298,4303.25,4298,4302.5
1663877400,4302.75,4303.5,4300,4300
1663877700,4300.25,4301,4298.75,4299.5
1663878000,4299.75,4300,4297.75,4298.5
1663878300,4298.75,4299.25,4297.75,4298.5
1663878600,4298.5,4298.75,4295.25,4295.75
1663878900,4295.75,4298.5,4295.5,4298.5
1663879200,4298.5,4300,4298,4299
1663879500,4299,4300.25,4299,4300
1663879800,4300,4300.75,4299,4300.75
1663880100,4300.75,4301,4299,4299
1663884000,4302.5,4303.25,4300,4300.5
1663884300,4300.5,4301.5,4299.25,4301.5
1663884600,4301.5,4303.5,4299.25,4301.75
1663884900,4301.75,4302.75,4301.25,4302.25
1663885200,4302.25,4304.5,4302.25,4304.25
1663885500,4304.25,4304.75,4303.5,4303.5
1663885800,4303.75,4304,4302.25,4302.5
1663886100,4302.5,4304.5,4302.5,4303.5
1663886400,4303.5,4303.75,4297,4297.75
1663886700,4297.75,4300.25,4297.5,4299
1663887000,4299,4300.75,4299,4299
1663887300,4299,4301.5,4298,4300.75
1663887600,4300.75,4303.5,4299.25,4303.5
1663887900,4303.75,4304,4301.25,4302.75
1663888200,4302.5,4303.25,4301.75,4302.25
1663888500,4301.75,4302.75,4301.5,4302.25
1663888800,4302.5,4302.5,4300.75,4300.75
1663889100,4300.5,4302.75,4300.25,4302.25
1663889400,4302.25,4303.75,4301.5,4303.5
1663889700,4303.25,4303.75,4302.75,4303
1663890000,4303.25,4304.25,4303.25,4303.25
1663890300,4303.5,4304,4301.25,4302
1663890600,4302,4305.25,4301.75,4305
1663890900,4305,4305.25,4303.75,4304.5
1663891200,4304.5,4308.5,4304.5,4306.25
1663891500,4306.25,4306.5,4303.5,4303.5
1663891800,4303.5,4304.5,4302.25,4303.25
1663892100,4303.25,4305.5,4302.75,4304.5
1663892400,4304.5,4306.25,4304.25,4304.75
1663892700,4304.5,4306,4303.25,4305.25
1663893000,4305,4308.25,4304.5,4306
1663893300,4305.75,4305.75,4304.25,4304.75
1663893600,4304.5,4306,4303.75,4305.75
1663893900,4305.5,4307.25,4305.25,4306
1663894200,4306,4306.25,4304.75,4305.25
1663894500,4305.25,4306.25,4304,4304
1663894800,4303.75,4305.5,4302.5,4304.5
1663895100,4304.5,4304.75,4300.75,4301.25
1663895400,4301,4304,4300.75,4303.75
1663895700,4304,4304.25,4301.5,4303.5
1663896000,4303.5,4304.25,4301,4302.75
1663896300,4302.5,4303,4299.75,4300.25
1663896600,4300,4301,4299,4300.5
1663896900,4300.75,4302,4299.5,4299.75
1663897200,4300,4302.25,4300,4301.5
1663897500,4301.5,4302.25,4300.5,4301.75
1663897800,4302,4303,4300.25,4302.25
1663898100,4302.25,4305,4301.75,4304.5
1663898400,4304.5,4304.75,4302,4302.5
1663898700,4302.5,4303.75,4302.5,4303.25
1663899000,4303.25,4303.5,4301.25,4301.25
1663899300,4301.25,4301.25,4298.75,4299.75
1663899600,4299.75,4300.25,4296.5,4297.25
1663899900,4297.25,4297.5,4294.5,4294.75
1663900200,4294.75,4295.5,4290,4291.75
1663900500,4291.5,4293.5,4291.25,4293
1663900800,4293,4293.5,4291.25,4293
1663901100,4293.25,4295,4293,4294.25
1663901400,4294.25,4295.5,4293.5,4295
1663901700,4295,4295.5,4294.25,4294.5
1663902000,4294.5,4295.25,4292.5,4294.75
1663902300,4295,4296.5,4294.75,4296.25
1663902600,4296.25,4296.5,4295.25,4296
1663902900,4296,4297.75,4295.25,4296.25
1663903200,4296.25,4296.25,4293.25,4294.25
1663903500,4294.5,4295.5,4294,4295.5
1663903800,4295.25,4295.5,4293,4293.25
1663904100,4293.25,4293.5,4291.25,4292
1663904400,4292.25,4292.75,4289.5,4291
1663904700,4291,4291.75,4290,4291
1663905000,4291,4291.5,4290.25,4291
1663905300,4290.75,4292,4290.25,4291.25
1663905600,4291.5,4292.5,4290.75,4291.25
1663905900,4291.25,4291.25,4281.75,4282.75
1663906200,4282.75,4284.5,4282.5,4284
1663906500,4283.75,4284.25,4282.5,4283.25
1663906800,4283.25,4286.25,4282.5,4286
1663907100,4286.25,4287.5,4286,4286.75
1663907400,4286.5,4290,4286.25,4288.25
1663907700,4288.25,4289,4286.75,4287.5
1663908000,4287.75,4289.25,4287.75,4288.75
1663908300,4288.5,4290,4286,4286.75
1663908600,4286.5,4288,4286.5,4287.25
1663908900,4287.25,4287.75,4283.75,4284.75
1663909200,4284.75,4289,4284.5,4289
1663909500,4288.75,4294.5,4288.75,4292.25
1663909800,4292.75,4294.75,4291.75,4293.25
1663910100,4293.5,4295.5,4292.5,4293.75
1663910400,4294,4296,4294,4294.75
1663910700,4294.75,4295,4293,4293.75
1663911000,4294,4294.25,4292.75,4293
1663911300,4293,4293.25,4290.5,4292
1663911600,4292,4292.75,4290,4290
1663911900,4290,4291,4288,4290.5
1663912200,4290.5,4293.5,4290.25,4293
1663912500,4293.25,4293.75,4291.5,4291.5
1663912800,4291.5,4295.5,4289,4295
1663913100,4295,4298.25,4293.75,4295.75
1663913400,4295.75,4298,4295.75,4296.5
1663913700,4296.5,4297.25,4294.75,4295
1663914000,4294.75,4295.5,4293,4294
1663914300,4294,4294,4289.25,4289.25
1663914600,4289.5,4294.25,4289.5,4293.75
1663914900,4293.5,4296.75,4293.25,4295.25
1663915200,4295.25,4295.25,4291.25,4291.75
1663915500,4291.75,4292.5,4289.5,4291.5
1663915800,4291.5,4291.75,4290,4290.5
1663916100,4290.5,4290.75,4287.75,4289
1663916400,4288.75,4289.75,4276.25,4279.5
1663916700,4279.25,4282.75,4279,4282
1663917000,4281.75,4285,4279.25,4280
1663917300,4279.75,4284,4279,4282.75
1663917600,4282.5,4282.75,4279.5,4281
1663917900,4280.75,4284.5,4280.5,4282.5
1663918200,4282.5,4283.5,4277.5,4281
1663918500,4281.25,4281.25,4278.25,4278.5
1663918800,4278.5,4280.75,4277.25,4279.5
1663919100,4279.75,4283.5,4277.5,4281.75
1663919400,4281.75,4283.5,4281,4282
1663919700,4282,4283.5,4280,4282
1663920000,4282.25,4287,4281.75,4285.25
1663920300,4285.5,4286.25,4281,4281.5
1663920600,4281.75,4283.25,4276.75,4277
1663920900,4276.75,4279.5,4276.25,4278.75
1663921200,4278.75,4279,4277,4278.25
1663921500,4278.25,4279,4276,4276.75
1663921800,4276.75,4277.75,4273,4277
1663922100,4276.75,4280.5,4276.75,4279.75
1663922400,4279.75,4280.25,4276,4278
1663922700,4277.75,4279,4275.5,4275.75
1663923000,4275.75,4278.25,4274.75,4274.75
1663923300,4274.75,4275.25,4272.25,4272.75
1663923600,4273,4274.25,4270.5,4272
1663923900,4272.25,4272.75,4269.5,4272
1663924200,4271.75,4272.5,4270.25,4271
1663924500,4270.75,4272,4269.75,4270.25
1663924800,4270.25,4271.5,4269.5,4270.75
1663925100,4270.5,4273.25,4268.5,4268.75
1663925400,4268.75,4270,4263.5,4264
1663925700,4264,4264.25,4257.25,4259
1663926000,4258.75,4261.5,4258.5,4260.5
1663926300,4260,4263.5,4258.5,4263.5
1663926600,4263.5,4264,4258.75,4259
1663926900,4259.25,4268.25,4259.25,4267.5
1663927200,4267.5,4267.5,4264.25,4265
1663927500,4265,4267.75,4264,4265.25
1663927800,4265,4266.5,4264,4265
1663928100,4265.25,4267,4264.25,4265.5
1663928400,4265.25,4265.5,4258,4258.75
1663928700,4258.75,4260,4256.5,4257.25
1663929000,4257,4258,4253,4253.5
1663929300,4253.5,4257.25,4253,4257
1663929600,4256.75,4257.25,4251.75,4252.5
1663929900,4252.25,4253,4250.25,4250.75
1663930200,4250.75,4251.5,4248.25,4249.25
1663930500,4249.25,4249.25,4243.25,4244
1663930800,4244.25,4248.75,4244,4245.75
1663931100,4245.75,4248,4243.5,4243.75
1663931400,4244,4245.75,4242.5,4243
1663931700,4243.25,4246,4242.5,4243.5
1663932000,4243.5,4245.25,4242,4244.5
1663932300,4244.5,4248.75,4243.5,4248
1663932600,4248,4248.25,4244,4247
1663932900,4246.75,4249,4245,4247.75
1663933200,4247.5,4248.5,4242.25,4242.5
1663933500,4242.75,4248.25,4242.25,4247.5
1663933800,4247.5,4252,4246.5,4248.75
1663934100,4248.5,4250.5,4247.75,4249.75
1663934400,4250,4253,4248.5,4252
1663934700,4252,4253.25,4249.5,4251.5
1663935000,4251.25,4254,4250.5,4252.5
1663935300,4252.75,4253,4248.5,4251
1663935600,4251,4253.75,4249,4252.5
1663935900,4252.5,4254,4251,4252.5
1663936200,4252.5,4253,4247.75,4250.25
1663936500,4250,4250.5,4245,4246.25
1663936800,4246,4246.25,4243,4245.5
1663937100,4245.5,4248,4243,4243.5
1663937400,4243.25,4246,4240.25,4245.75
1663937700,4245.75,4247,4244.5,4245.25
1663938000,4245,4256,4243.5,4256
1663938300,4255.75,4260.5,4250.75,4260.25
1663938600,4260.25,4262,4257.25,4261.25
1663938900,4261.5,4262,4257.25,4261.75
1663939200,4261.5,4264.75,4260.25,4262.25
1663939500,4262.5,4263,4258.25,4260
1663939800,4260,4260.5,4249,4254
1663940100,4254,4254.25,4242,4243.5
1663940400,4243.25,4248,4237.5,4244.25
1663940700,4244,4251.25,4236.25,4238.75
1663941000,4239,4239.5,4231.25,4234.75
1663941300,4234.75,4238.25,4230.75,4231.75
1663941600,4231.75,4233.5,4227.75,4232.75
1663941900,4232.5,4236.25,4230.5,4234
1663942200,4234,4242,4232.75,4236.25
1663942500,4236.25,4237.25,4231.5,4234.5
1663942800,4234.25,4236.25,4230.25,4232
1663943100,4232,4241.25,4230.25,4241
1663943400,4241,4241.25,4232,4232.25
1663943700,4232.25,4234.75,4230.25,4231.25
1663944000,4231,4235.5,4230.25,4232.5
1663944300,4232.5,4236,4230.25,4230.75
1663944600,4230.75,4236.25,4227,4234.25
1663944900,4234.25,4237.5,4227.5,4228
1663945200,4228,4229.75,4225.25,4228.25
1663945500,4228,4237,4228,4235
1663945800,4235.25,4236.5,4228.5,4229.25
1663946100,4229,4237.5,4228.5,4236.5
1663946400,4236.75,4242,4233.5,4239.25
1663946700,4239.5,4240.25,4229.75,4231.25
1663947000,4231.25,4235.5,4230.75,4232.25
1663947300,4232.25,4234,4227.75,4228
1663947600,4227.75,4229.5,4221.5,4221.75
1663947900,4221.75,4222.25,4214.5,4219.5
1663948200,4219.25,4224.25,4218.25,4221.5
1663948500,4221.5,4223,4219.5,4221.5
1663948800,4221.5,4222.5,4216,4219.5
1663949100,4219.75,4220.75,4211,4213.75
1663949400,4213.75,4214.75,4210.75,4212.75
1663949700,4213,4215.75,4211.25,4214.5
1663950000,4214.75,4216.25,4208.75,4211.25
1663950300,4211,4213.25,4204,4204.5
1663950600,4204.25,4206,4201.25,4203.5
1663950900,4203.5,4208.75,4202.5,4207
1663951200,4206.75,4208.25,4204.25,4205
1663951500,4205,4212.25,4204,4211.5
1663951800,4211.5,4220.25,4211,4219.5
1663952100,4219.25,4220.5,4214.75,4220
1663952400,4219.75,4225,4216.5,4221.25
1663952700,4221,4222.75,4217,4218.5
1663953000,4218.75,4222.75,4218.25,4219.75
1663953300,4219.75,4225,4218.75,4224.5
1663953600,4224.25,4225,4218.75,4219.25
1663953900,4219,4219.5,4210.25,4210.75
1663954200,4211,4216.5,4210.25,4214.25
1663954500,4214.5,4215.5,4210.5,4211
1663954800,4210.75,4212.75,4208,4211.5
1663955100,4211.5,4216.75,4210.25,4213.5
1663955400,4213.75,4214.75,4212,4214.25
1663955700,4214.25,4216.75,4210.75,4214.5
1663956000,4214.75,4217.25,4208.75,4216.25
1663956300,4216,4219.75,4207.5,4208.25
1663956600,4208.25,4210,4197,4199
1663956900,4198.75,4199,4194,4195
1663957200,4195,4203.75,4193.75,4200.5
1663957500,4200.5,4204,4199.25,4201
1663957800,4201,4201.25,4193.25,4198.25
1663958100,4198.25,4199,4192.5,4194
1663958400,4194,4198.25,4191.75,4197.5
1663958700,4197.75,4199.25,4194.25,4195.5
1663959000,4195.5,4197.25,4191.75,4191.75
1663959300,4192,4192,4185.5,4187.75
1663959600,4187.5,4204.25,4186.75,4201.25
1663959900,4201.25,4214,4198.75,4208.75
1663960200,4209,4211.75,4202.25,4207.75
1663960500,4207.75,4218,4207.5,4212.75
1663960800,4212.5,4216.75,4206.75,4208.75
1663961100,4209,4216.5,4206.5,4215
1663961400,4215.25,4223.25,4214.75,4220
1663961700,4220.25,4224.25,4213,4224
1663962000,4223.75,4233.5,4219.5,4231.5
1663962300,4231.5,4233.5,4224.5,4226
1663962600,4226,4230.25,4218.75,4230
1663962900,4230,4236.5,4221.5,4232.75
1663963200,4232.75,4239,4232.25,4232.5
1663963500,4232.5,4232.5,4228.5,4231.5
1663963800,4231.75,4235.25,4230.75,4233.25
1663964100,4233.25,4238.5,4233.25,4238.25
1663964400,4238.25,4238.25,4235.75,4236.75
1663964700,4236.75,4238.5,4236,4237.5
1663965000,4237.25,4238,4236,4236.75
1663965300,4237,4237.75,4235.5,4235.75
1663965600,4235.75,4237,4235,4235.75
1663965900,4235.75,4237.75,4235.5,4237.75
1663966200,4237.5,4238.25,4235.75,4236
1663966500,4236,4237.5,4235.25,4236.75
1664143200,4230.5,4233.75,4213.5,4214.75
1664143500,4214.75,4219.75,4213.5,4217.75
1664143800,4218.25,4224.5,4217.75,4222.75
1664144100,4222.5,4229.5,4222.5,4227.25
1664144400,4227.5,4237,4226.5,4236.75
1664144700,4236.25,4239.75,4233.75,4236.75
1664145000,4236.5,4237.5,4234.75,4234.75
1664145300,4235,4236,4233.25,4234
1664145600,4234,4234.75,4230.5,4231
1664145900,4231,4232.25,4229.25,4232
1664146200,4231.75,4235,4231.5,4234.25
1664146500,4234.5,4235.5,4226.75,4229.5
1664146800,4229.5,4231.25,4227.5,4231.25
1664147100,4231.5,4233.25,4226.25,4228
1664147400,4228.25,4229.75,4227.75,4228.75
1664147700,4229,4229.75,4228.25,4228.5
1664148000,4228.5,4230.25,4227.25,4229.25
1664148300,4229.25,4232.25,4229,4231.75
1664148600,4231.5,4231.75,4229.25,4229.75
1664148900,4229.5,4229.5,4222.5,4223
1664149200,4222.75,4223.25,4220.75,4223.25
1664149500,4223,4226.25,4223,4225.75
1664149800,4225.5,4227.25,4222.5,4225.5
1664150100,4225.5,4227.5,4224,4226.75
1664150400,4226.5,4229,4225.5,4228.5
1664150700,4228.5,4234,4226.75,4232.75
1664151000,4232.75,4234.25,4230.75,4231.75
1664151300,4231.5,4233.25,4226.5,4228.5
1664151600,4229,4229.5,4221.5,4224.75
1664151900,4224.75,4225,4222.5,4224.75
1664152200,4224.75,4228,4224.5,4227.25
1664152500,4227,4229,4226.25,4226.75
1664152800,4226.5,4226.5,4217.5,4218
1664153100,4218.25,4220.25,4216.5,4216.75
1664153400,4216.75,4220.75,4216.5,4218
1664153700,4218,4218.75,4208.75,4210.25
1664154000,4210.25,4212.75,4204.5,4211.5
1664154300,4211.25,4214.5,4210.5,4213
1664154600,4212.75,4213.75,4207.75,4213.25
1664154900,4213.25,4215,4208.25,4209.75
1664155200,4210,4212.25,4206,4206.75
1664155500,4206.5,4209,4204.75,4206
1664155800,4205.5,4212.5,4204.75,4212.25
1664156100,4212.5,4217,4211.25,4217
1664156400,4217,4218.5,4215.25,4218
1664156700,4218,4218.25,4214.75,4216
1664157000,4215.75,4217.25,4214,4215.5
1664157300,4215.5,4217.25,4214.25,4217.25
1664157600,4217.25,4222,4216.5,4221.75
1664157900,4221.75,4222.75,4218.75,4219
1664158200,4218.75,4219.75,4217.25,4219.75
1664158500,4219.5,4224.25,4218.25,4223
1664158800,4222.75,4226.75,4222.25,4225.75
1664159100,4225.5,4227.25,4224.25,4224.25
1664159400,4224.5,4226.25,4222.5,4222.5
1664159700,4222.5,4223.25,4219.5,4220.25
1664160000,4220.25,4223.25,4219.25,4222.5
1664160300,4222.5,4222.75,4218.25,4218.75
1664160600,4218.5,4220.25,4217,4218.75
1664160900,4218.75,4220.25,4215.5,4216
1664161200,4216,4218.75,4215,4217.25
1664161500,4216.75,4221,4216,4220.5
1664161800,4220.25,4220.75,4218.5,4218.5
1664162100,4218.25,4220.25,4217,4219.5
1664162400,4219.25,4223.25,4218.75,4221.5
1664162700,4222,4222,4218,4218.5
1664163000,4218.5,4220,4217.5,4217.75
1664163300,4217.75,4219.5,4217,4218.25
1664163600,4218,4219.5,4212,4212.5
1664163900,4212.5,4214.75,4212.5,4213.5
1664164200,4213.5,4215.25,4213,4214.25
1664164500,4214.5,4215.75,4213.5,4214.25
1664164800,4214,4214.75,4209.5,4211
1664165100,4211.25,4213.75,4211.25,4212
1664165400,4212.25,4213.5,4211.5,4213.5
1664165700,4213,4216.25,4212.5,4214.5
1664166000,4214.5,4216.5,4214.25,4216
1664166300,4216,4217.25,4215,4215
1664166600,4215,4215,4211.5,4212.75
1664166900,4212.75,4214,4212.25,4213
1664167200,4212.75,4213.25,4211,4212
1664167500,4211.75,4212,4208.25,4210.25
1664167800,4210.25,4211.25,4207.75,4207.75
1664168100,4207.75,4208.75,4206,4207.25
1664168400,4207,4210.25,4206.75,4207.5
1664168700,4207.25,4208.25,4205,4207
1664169000,4207,4209.25,4205.5,4208.25
1664169300,4208.5,4209.5,4207,4208.5
1664169600,4208.5,4210,4205.25,4205.25
1664169900,4205.25,4206,4199.75,4201.25
1664170200,4201,4203,4199.5,4202.75
1664170500,4202.5,4202.75,4200.25,4201
1664170800,4200.75,4202.5,4200,4201.75
1664171100,4201.5,4205.5,4200.25,4204
1664171400,4203.75,4206,4203.75,4204
1664171700,4204,4205.25,4202,4202
1664172000,4201.75,4209.5,4201.75,4209
1664172300,4208.75,4209.75,4205,4205
1664172600,4205.25,4205.5,4197.75,4198
1664172900,4198,4203,4198,4202
1664173200,4202,4203.25,4200.25,4202
1664173500,4202,4202.75,4200.5,4202
1664173800,4202,4205.25,4199.75,4204
1664174100,4204,4207,4203.5,4205.75
1664174400,4205.5,4205.75,4200.75,4201.75
1664174700,4201.75,4205.75,4200.5,4205.25
1664175000,4205,4206.25,4202.75,4203
1664175300,4202.5,4205.25,4201.5,4202.75
1664175600,4202.75,4216.25,4201,4213.75
1664175900,4214,4223.25,4212,4221
1664176200,4221,4224.25,4220,4222.5
1664176500,4222.25,4226.5,4217.5,4224.5
1664176800,4224,4239.75,4223.75,4237.75
1664177100,4237.75,4242.75,4234,4236.25
1664177400,4236,4242.5,4232.75,4240.75
1664177700,4240.75,4241.5,4236.75,4238.75
1664178000,4238.5,4243.5,4238.5,4240.75
1664178300,4241,4241.5,4232.5,4233.5
1664178600,4233.5,4236,4227.5,4227.5
1664178900,4227.75,4230.5,4223.25,4224
1664179200,4224.25,4226.25,4219.5,4223.5
1664179500,4223.75,4225.25,4219.75,4222.75
1664179800,4223,4225,4221,4223
1664180100,4223,4224.5,4218.75,4221.25
1664180400,4221,4230.5,4220.75,4230
1664180700,4229.75,4234.75,4229.25,4234
1664181000,4234,4236,4230.75,4231
1664181300,4231,4232,4228.25,4229
1664181600,4229,4231.25,4226.5,4230.25
1664181900,4230,4232.25,4228.25,4229.75
1664182200,4230,4231.75,4228.25,4229.25
1664182500,4229.25,4229.75,4227.5,4228
1664182800,4228,4230.75,4227.25,4228.5
1664183100,4228.5,4228.5,4222.75,4223.25
1664183400,4223.25,4225.25,4223,4223
1664183700,4223,4223.25,4220,4220.5
1664184000,4220.5,4221,4215.5,4215.5
1664184300,4215.25,4215.75,4210.75,4212.75
1664184600,4212.75,4214,4208,4208.75
1664184900,4208.5,4210.25,4201.5,4201.5
1664185200,4201.5,4204.25,4196.75,4202.25
1664185500,4202.25,4203.5,4199.5,4203.5
1664185800,4203.5,4206.75,4200.5,4205
1664186100,4205,4205,4200.25,4202
1664186400,4202.25,4205.5,4202.25,4205.5
1664186700,4205.5,4205.5,4202.25,4203.25
1664187000,4203.25,4204.5,4197,4201.75
1664187300,4201.75,4207.5,4201.75,4205.5
1664187600,4205.5,4207.75,4204.25,4207.25
1664187900,4207.25,4213,4206.5,4211.5
1664188200,4211.5,4212,4209,4210.5
1664188500,4210.5,4211,4206.25,4209
1664188800,4208.75,4210.5,4206.25,4210
1664189100,4210,4212.75,4209.25,4212
1664189400,4212,4212.5,4209.25,4211.75
1664189700,4212,4214,4206.25,4206.25
1664190000,4206.25,4208.75,4204.5,4207.25
1664190300,4207.25,4208.75,4202.25,4202.75
1664190600,4203,4204,4201,4203.75
1664190900,4203.75,4208.5,4203.75,4207.25
1664191200,4207.5,4208.75,4203.5,4208.25
1664191500,4208.25,4210.5,4206.75,4209.5
1664191800,4209.25,4212.25,4207.75,4211.25
1664192100,4211.25,4213.5,4208.75,4212.5
1664192400,4212.5,4212.75,4209,4211.75
1664192700,4212,4212.25,4208.75,4209.75
1664193000,4210,4210.75,4207.75,4209.5
1664193300,4209.5,4213.25,4209.5,4211
1664193600,4211,4213,4206.75,4207.25
1664193900,4207.25,4207.75,4202.75,4204
1664194200,4204,4204.75,4202.75,4203.25
1664194500,4203.25,4205,4202.5,4204.25
1664194800,4204,4213.75,4204,4213.25
1664195100,4213.25,4218,4213,4215.5
1664195400,4215.25,4216.5,4207.75,4209.25
1664195700,4209.5,4216.25,4208,4215
1664196000,4215,4215.75,4212.25,4212.5
1664196300,4212.5,4222.5,4212.5,4221.25
1664196600,4221.25,4227.75,4220.75,4227.25
1664196900,4227.25,4227.5,4221.5,4226
1664197200,4226,4226,4219.75,4221.5
1664197500,4221.5,4221.75,4217.5,4217.75
1664197800,4218,4226,4216.5,4225.25
1664198100,4225.25,4226.75,4222,4226.75
1664198400,4226.75,4228,4223.25,4224.25
1664198700,4224.25,4224.25,4216.5,4217.5
1664199000,4217.25,4232.75,4213.75,4230.75
1664199300,4231,4236.5,4227.5,4232.25
1664199600,4232,4239,4224.25,4225.25
1664199900,4225.5,4235,4224.5,4233.75
1664200200,4233.75,4239.75,4232.25,4235
1664200500,4234.75,4239.25,4230.5,4237.75
1664200800,4237.75,4243.25,4231,4237.75
1664201100,4237.75,4242,4232.75,4234
1664201400,4234,4244.75,4227,4243
1664201700,4243.25,4255,4243,4251.75
1664202000,4252,4255.75,4249.5,4253.5
1664202300,4253.5,4255,4247.75,4251.75
1664202600,4251.75,4252.75,4243,4245
1664202900,4244.75,4248.25,4242.75,4247
1664203200,4247,4247.75,4238.25,4246
1664203500,4245.75,4246.75,4231.25,4236.25
1664203800,4236.25,4239.25,4232.5,4236.75
1664204100,4236.75,4241.25,4233.25,4238
1664204400,4238,4241.75,4234.75,4238.5
1664204700,4238.5,4239,4223.25,4223.5
1664205000,4223.25,4227.25,4220,4227
1664205300,4226.75,4228.75,4221.25,4221.25
1664205600,4221.25,4226.5,4216.75,4219.25
1664205900,4219.25,4220.25,4212.25,4212.5
1664206200,4212.5,4217.5,4211.25,4213.25
1664206500,4213.25,4219.25,4212.5,4215.75
1664206800,4215.75,4222.5,4209,4209
1664207100,4209.25,4217.25,4206.25,4215
1664207400,4215,4215.5,4209.75,4215.25
1664207700,4215.25,4224.75,4214.25,4221.5
1664208000,4221.5,4222,4213,4214.25
1664208300,4214.25,4215.5,4211.25,4214.25
1664208600,4214,4216.5,4212.5,4214.25
1664208900,4214,4217.5,4212,4214.75
1664209200,4214.75,4214.75,4203.25,4203.25
1664209500,4203.25,4204,4197,4199.5
1664209800,4199.5,4200.75,4193.25,4194
1664210100,4194,4199.5,4193.25,4195
1664210400,4195,4196.75,4191.75,4193.25
1664210700,4193.25,4203.25,4192.5,4200
1664211000,4200,4206.25,4199.75,4205
1664211300,4205.25,4212.25,4205.25,4208.75
1664211600,4208.75,4209,4198.75,4199
1664211900,4199.25,4201,4195.25,4196.5
1664212200,4196.5,4197,4188.25,4188.5
1664212500,4188.5,4194,4188,4191.25
1664212800,4191.25,4194.5,4186.75,4188
1664213100,4188,4190.75,4182.75,4189.5
1664213400,4189.25,4197,4188.75,4191.25
1664213700,4191.25,4195.75,4190.75,4192.75
1664214000,4192.75,4194,4187.75,4189.75
1664214300,4189.75,4196.75,4189.25,4193.25
1664214600,4193.25,4200.25,4192.5,4196.25
1664214900,4196,4196,4184.5,4186
1664215200,4186,4201.75,4184.5,4201.25
1664215500,4201.25,4205,4198.75,4203.75
1664215800,4203.75,4204.5,4199.5,4202.5
1664216100,4202.25,4204.75,4199.75,4201.5
1664216400,4201.75,4203.75,4198,4199.25
1664216700,4199.25,4199.5,4190.75,4190.75
1664217000,4191,4197.25,4190.25,4194.75
1664217300,4194.75,4195.5,4187.5,4191.75
1664217600,4192,4194.25,4188.75,4193.5
1664217900,4193.5,4210.25,4192,4209.5
1664218200,4209.25,4212.75,4204,4211.25
1664218500,4211.25,4212.75,4207.25,4208.25
1664218800,4208.25,4215.25,4208,4211.25
1664219100,4211,4215.25,4205.5,4215
1664219400,4214.75,4215.25,4208,4209.5
1664219700,4209.5,4214.75,4201,4210.5
1664220000,4210.5,4213,4203.25,4205.5
1664220300,4205.5,4209.5,4202.75,4207.75
1664220600,4207.75,4208,4200,4203.5
1664220900,4203.5,4211.75,4200.5,4202.75
1664221200,4202.75,4210,4198.5,4206.25
1664221500,4206,4213.25,4203.5,4211
1664221800,4210.75,4222.25,4202.5,4214.5
1664222100,4214.25,4214.5,4192.5,4196.25
1664222400,4196.25,4201,4188,4188
1664222700,4188.25,4190.75,4187.25,4189
1664223000,4189.25,4197.25,4187.75,4192
1664223300,4191.75,4195,4191.5,4192
1664223600,4192,4192.75,4188.75,4189.25
1664223900,4189.25,4192,4188.25,4191.5
1664224200,4191.75,4191.75,4189.25,4191.25
1664224500,4191,4193.5,4191,4192.5
1664224800,4192.5,4193.25,4191.25,4192
1664225100,4192,4194.25,4192,4193.75
1664225400,4194,4194.25,4191.25,4193.25
1664225700,4193.25,4194.25,4192,4192.5
1664229600,4193.25,4197.25,4189,4191.5
1664229900,4192,4194.75,4191.25,4191.75
1664230200,4192,4192.25,4189,4190
1664230500,4189.75,4191.75,4189,4191
1664230800,4191,4196.25,4191,4194
1664231100,4193.75,4196,4193,4195
1664231400,4195,4198.25,4195,4197.75
1664231700,4197.75,4198.25,4196.25,4196.75
1664232000,4196.75,4198,4196.25,4197.5
1664232300,4197.25,4198,4196.25,4197.5
1664232600,4197.75,4197.75,4196,4196.75
1664232900,4196.75,4198.25,4196.25,4197.75
1664233200,4198,4200,4197.5,4199.5
1664233500,4199.5,4200.25,4198.25,4199.25
1664233800,4199.25,4202,4199,4201.25
1664234100,4201.5,4203.75,4200.75,4201.5
1664234400,4201.75,4203.5,4200,4202.5
1664234700,4202.5,4203.25,4201.75,4202.25
1664235000,4202.5,4203.75,4201.5,4203.5
1664235300,4203.75,4204,4201.5,4202.25
1664235600,4202.25,4202.25,4200.25,4200.75
1664235900,4200.75,4201.75,4199.75,4201.5
1664236200,4201.5,4207.25,4201.25,4206
1664236500,4206,4207,4204.5,4204.5
1664236800,4204.75,4207,4204.25,4206.25
1664237100,4206,4208.25,4205,4207.5
1664237400,4207.5,4217,4207.5,4215
1664237700,4215,4217.25,4214,4215
1664238000,4214.75,4216.75,4214,4214.5
1664238300,4214.5,4215,4213,4214
1664238600,4214,4217.25,4211.5,4211.75
1664238900,4211.75,4214.5,4211.5,4213.25
1664239200,4213,4214.75,4211.25,4214.5
1664239500,4214.5,4221.75,4213,4221.5
1664239800,4221.25,4223,4218.5,4219.75
1664240100,4219.5,4220.75,4218.25,4220.5
1664240400,4220.25,4224.75,4220,4223.75
1664240700,4223.75,4224.75,4221.75,4222
1664241000,4222.25,4223,4220.25,4220.5
1664241300,4220.5,4221,4217,4219
1664241600,4218.75,4220.75,4216.75,4216.75
1664241900,4217,4220.25,4216.5,4220
1664242200,4220,4225.25,4219.75,4222.5
1664242500,4222.25,4223.75,4219.75,4222
1664242800,4222,4222.25,4219.5,4219.75
1664243100,4219.25,4220.75,4218,4220
1664243400,4220,4222.25,4218.75,4220
1664243700,4219.75,4222,4218.75,4218.75
1664244000,4219,4221.75,4216,4221.75
1664244300,4221.5,4221.75,4218.25,4219
1664244600,4218.5,4220.75,4217.75,4219.25
1664244900,4219,4221.75,4218.75,4220.25
1664245200,4220.25,4223,4219.75,4222
1664245500,4221.75,4224,4221.5,4223.75
1664245800,4223.5,4223.5,4221.25,4222
1664246100,4222,4222,4219.5,4220.75
1664246400,4220.5,4220.5,4217.75,4218.5
1664246700,4218.5,4220.25,4217,4219.5
1664247000,4219.5,4220.5,4218.5,4219.25
1664247300,4219.5,4220,4218.25,4219.25
1664247600,4219.25,4220.5,4217.75,4218.25
1664247900,4218.25,4218.75,4215.75,4216.5
1664248200,4216.5,4216.5,4215,4215.5
1664248500,4215.25,4217,4213.75,4214
1664248800,4214.25,4214.5,4212.5,4214
1664249100,4214,4217.75,4213.5,4216.75
1664249400,4216.5,4217.25,4215.5,4217.25
1664249700,4217.25,4218.25,4216,4218.25
1664250000,4218.25,4220,4217.5,4219.5
1664250300,4219.75,4221.75,4218.5,4221.5
1664250600,4221.75,4222.75,4220.75,4221.25
1664250900,4221.5,4221.5,4219.5,4220
1664251200,4220,4221.75,4219.75,4221.25
1664251500,4221.25,4221.75,4219.75,4220.5
1664251800,4220.5,4221.5,4220.25,4220.75
1664252100,4220.75,4221.5,4220.5,4221.25
1664252400,4221.25,4222.25,4220.75,4221
1664252700,4220.75,4222.75,4220.75,4222
1664253000,4222,4222.25,4221,4221.5
1664253300,4221.5,4221.5,4218.75,4219.25
1664253600,4219.25,4222.25,4219,4221.75
1664253900,4221.5,4222,4220.25,4220.25
1664254200,4220.5,4221.25,4220.25,4220.5
1664254500,4220.25,4221,4219.75,4220.75
1664254800,4220.75,4222.5,4219.25,4222.25
1664255100,4222,4223,4220.75,4221.75
1664255400,4221.25,4221.5,4219.75,4220.25
1664255700,4220,4220.5,4217.75,4218
1664256000,4218,4219.5,4217.75,4218.25
1664256300,4218,4221,4217.75,4220.75
1664256600,4221,4221,4218,4218.5
1664256900,4218.25,4218.5,4215.75,4216.25
1664257200,4216.25,4220.5,4216,4220.5
1664257500,4220.25,4220.5,4219,4219.5
1664257800,4219.75,4223,4219.75,4222.5
1664258100,4222.75,4225.25,4221.75,4224.75
1664258400,4225,4225.25,4223.25,4225.25
1664258700,4225,4225.25,4223.5,4224
1664259000,4224,4225,4222.5,4224.25
1664259300,4224.25,4236,4223.5,4235.25
1664259600,4235.5,4237.25,4234.25,4236.75
1664259900,4237,4237.25,4233.5,4236.25
1664260200,4236.5,4236.5,4233,4234
1664260500,4234.25,4236,4233.25,4235.5
1664260800,4235.5,4235.5,4231.25,4232.75
1664261100,4232.5,4233.25,4229.25,4230
1664261400,4230,4231,4229,4230.5
1664261700,4230.5,4230.75,4229,4229.25
1664262000,4229.25,4235.25,4229,4234.25
1664262300,4234,4234.75,4229.25,4231.25
1664262600,4231.5,4232,4225.5,4228.25
1664262900,4228.5,4235.5,4228.25,4234.25
1664263200,4234.25,4244,4234,4243.5
1664263500,4243.5,4250.25,4242.75,4250
1664263800,4250,4250.25,4246.25,4247.5
1664264100,4247.25,4250.25,4245.25,4249
1664264400,4248.75,4250.25,4247.75,4249
1664264700,4249.25,4250.25,4247.5,4250
1664265000,4250,4250.25,4248.25,4249
1664265300,4249,4249.25,4244.75,4245.25
1664265600,4245,4247.75,4243,4244.75
1664265900,4244.75,4245.75,4241.75,4242.5
1664266200,4242.5,4242.75,4241,4241.25
1664266500,4241.25,4243,4239.25,4239.25
1664266800,4239.5,4244,4239.25,4243.75
1664267100,4243.75,4244,4240.75,4242.5
1664267400,4242.25,4242.5,4240.75,4241.5
1664267700,4241.5,4241.5,4237.75,4239.25
1664268000,4239.5,4240.25,4236.25,4237.25
1664268300,4237.25,4237.75,4234,4237.25
1664268600,4237.25,4241,4237,4238.5
1664268900,4238.25,4238.5,4234,4234.5
1664269200,4234.25,4235.25,4231.5,4231.75
1664269500,4231.75,4233,4226.25,4226.25
1664269800,4226.25,4226.5,4220.25,4223.25
1664270100,4223,4228.75,4223,4227.5
1664270400,4227.5,4227.5,4222.75,4222.75
1664270700,4222.75,4224,4221.75,4222
1664271000,4222.25,4223.25,4220.75,4221.75
1664271300,4221.5,4224.75,4221.5,4223.5
1664271600,4223.5,4226.25,4223.5,4226.25
1664271900,4226.5,4227.75,4225,4225.5
1664272200,4225.5,4225.75,4220.75,4221.5
1664272500,4221.75,4222,4220.25,4220.5
1664272800,4220.25,4226.25,4220.25,4225
1664273100,4225,4226,4222.25,4222.5
1664273400,4222.5,4229.75,4221,4229.75
1664273700,4229.75,4233.75,4226,4229.75
1664274000,4230,4231.25,4228.5,4231
1664274300,4231,4238.5,4231,4237.25
1664274600,4237.25,4239.25,4234.75,4235
1664274900,4235,4240,4231.5,4237.25
1664275200,4237.5,4238.5,4234.5,4238.25
1664275500,4238.25,4241,4234.75,4241
1664275800,4240.75,4242,4237,4237.75
1664276100,4237.75,4239.75,4236.5,4237.5
1664276400,4237.5,4238.75,4235.75,4237
1664276700,4237,4241,4234.75,4238.5
1664277000,4238.5,4239.25,4235.25,4236.5
1664277300,4236.25,4237.25,4233.5,4234.25
1664277600,4234,4241,4233.75,4240.75
1664277900,4240.5,4241.5,4237.25,4238.5
1664278200,4238.25,4243.75,4237.75,4241.5
1664278500,4241.5,4244.75,4240.5,4244
1664278800,4243.75,4248.5,4242.75,4248.25
1664279100,4248.25,4249.5,4246.75,4248.25
1664279400,4248,4249,4245.5,4247
1664279700,4247.25,4249,4243.75,4245
1664280000,4244.75,4245.5,4241.75,4242.75
1664280300,4243,4244.5,4240.75,4243.75
1664280600,4243.75,4246.5,4242.25,4245.75
1664280900,4245.75,4249.5,4245.75,4247.75
1664281200,4247.75,4248.25,4244.25,4245.75
1664281500,4245.5,4246.5,4241.25,4244
1664281800,4243.5,4247.75,4242.25,4247.25
1664282100,4247.25,4249,4245.75,4247.5
1664282400,4247.5,4248.75,4244,4247.5
1664282700,4247.75,4253,4247.5,4251
1664283000,4251,4251,4242,4242
1664283300,4242,4242.75,4236,4236.5
1664283600,4236.25,4237.25,4233,4233.5
1664283900,4233.75,4239.25,4230.75,4235.75
1664284200,4236,4240.5,4235.75,4238.75
1664284500,4239,4241.25,4237.5,4238.25
1664284800,4238,4240,4234,4234
1664285100,4234,4237.75,4232.25,4233.75
1664285400,4233.75,4245.5,4229,4245.25
1664285700,4245.25,4252,4241.75,4251.75
1664286000,4251.75,4258.25,4247.75,4250.25
1664286300,4250.25,4251,4235,4236.25
1664286600,4236,4244.25,4230.5,4241.25
1664286900,4241.25,4241.75,4233.75,4237.5
1664287200,4237.5,4239,4216.25,4222.75
1664287500,4222.75,4224.5,4211.5,4215
1664287800,4215,4224.5,4213.5,4223.5
1664288100,4223.25,4227,4217.5,4223.5
1664288400,4223.75,4233.25,4221.5,4229.5
1664288700,4229.75,4234.75,4220.5,4221
1664289000,4221,4234.5,4221,4229.5
1664289300,4229.25,4238.5,4227,4228.75
1664289600,4228.75,4240.25,4226,4239.25
1664289900,4239.25,4243,4235.5,4241.25
1664290200,4241.5,4242.25,4234.75,4235.25
1664290500,4235,4238.75,4234.5,4235.75
1664290800,4236,4238.5,4226.5,4227.5
1664291100,4227.5,4237.5,4226,4237.25
1664291400,4237.25,4238.5,4225.75,4226.75
1664291700,4226.75,4229,4222,4223.75
1664292000,4223.75,4225.25,4212.5,4213.75
1664292300,4213.75,4215.25,4200.5,4203.75
1664292600,4204,4211.75,4202,4210
1664292900,4209.75,4211.75,4205.5,4209
1664293200,4208.75,4211.75,4206.25,4206.75
1664293500,4207,4210,4202.5,4204.5
1664293800,4204.5,4208,4195.25,4196.25
1664294100,4196.25,4199.25,4192.5,4193.25
1664294400,4193.25,4194.25,4186.5,4193
1664294700,4193,4193.25,4183.5,4184.5
1664295000,4184.5,4185.5,4172.25,4178.25
1664295300,4178,4178.25,4164.25,4165
1664295600,4165,4171.75,4164,4168.25
1664295900,4168.25,4178.75,4168.25,4174.5
1664296200,4174.5,4180,4172.5,4178.75
1664296500,4178.75,4181,4169.75,4172.25
1664296800,4172.25,4177.25,4170.25,4174.5
1664297100,4174.75,4178.75,4172.5,4177.75
1664297400,4177.75,4182.75,4168.75,4182.5
1664297700,4182.5,4183.5,4178.25,4179.5
1664298000,4179.5,4179.5,4166,4168.25
1664298300,4168.5,4177.75,4168,4171.5
1664298600,4171.5,4173.5,4167.5,4172.75
1664298900,4172.5,4176.25,4171.25,4174.25
1664299200,4174.25,4175.25,4169.75,4170.25
1664299500,4170,4173.75,4167,4171
1664299800,4171,4176,4168.75,4175
1664300100,4174.75,4176,4167.75,4168.25
1664300400,4168.5,4169,4161.25,4166.25
1664300700,4166,4170.75,4165.75,4167.25
1664301000,4167.25,4169.75,4164.5,4165
1664301300,4165.25,4169.75,4160.5,4169.5
1664301600,4169.75,4179.25,4167.5,4176.5
1664301900,4176.25,4176.5,4172,4173.75
1664302200,4173.75,4175.25,4168.25,4168.25
1664302500,4168.25,4171,4166.5,4167.25
1664302800,4167,4172.75,4165.25,4172.5
1664303100,4172.5,4174.5,4170,4173.75
1664303400,4173.75,4175.25,4169,4174.5
1664303700,4174.5,4187.25,4172.25,4185.5
1664304000,4185.75,4193.25,4185.75,4187.75
1664304300,4187.75,4198.5,4184.25,4197.25
1664304600,4197,4197.5,4191.25,4192.25
1664304900,4192.25,4195,4190,4192.5
1664305200,4192.5,4193,4179.75,4186.5
1664305500,4186.5,4190.25,4183,4189.75
1664305800,4189.75,4190.25,4186.25,4188
1664306100,4188,4190.25,4180.25,4190
1664306400,4190,4190.25,4183.75,4186.5
1664306700,4186.25,4187.75,4180,4183.25
1664307000,4183.25,4184.25,4173.75,4176.5
1664307300,4176.25,4180.5,4173,4175.5
1664307600,4175.5,4185.5,4173.75,4184.5
1664307900,4184.25,4185,4178,4182.25
1664308200,4182.25,4191.25,4181.25,4190.25
1664308500,4190.5,4193,4181.5,4186.25
1664308800,4186.25,4187,4177.5,4180.5
1664309100,4180.25,4188,4180,4186.75
1664309400,4187,4191,4186,4188.5
1664309700,4188.5,4190,4187,4188
1664310000,4188.25,4188.5,4184.75,4186.5
1664310300,4186.25,4188.25,4186,4187.5
1664310600,4187.5,4190.75,4186.5,4190.5
1664310900,4190.25,4191.5,4187,4187.75
1664311200,4187.75,4189.25,4184,4184.75
1664311500,4184.75,4189,4184.25,4188.75
1664311800,4188.75,4188.75,4186.5,4188.25
1664312100,4188.5,4190.75,4188.25,4190.5
1664316000,4193.75,4196,4190.25,4193
1664316300,4193,4194.25,4190.75,4191.75
1664316600,4192,4192.25,4189.25,4190
1664316900,4190,4191.75,4188.5,4188.5
1664317200,4188.75,4190.5,4187.25,4187.5
1664317500,4187.25,4188.5,4187.25,4187.75
1664317800,4187.75,4190,4186.25,4189.25
1664318100,4189.25,4192.25,4189.25,4191.75
1664318400,4191.75,4192,4189.5,4190.75
1664318700,4191.25,4191.5,4189.75,4190.5
1664319000,4190.75,4192,4189.75,4191.75
1664319300,4191.5,4193.75,4191.5,4193.5
1664319600,4193.25,4194,4192.25,4193.5
1664319900,4193.5,4194.5,4192.5,4194.25
1664320200,4194.25,4194.75,4193.25,4193.25
1664320500,4193,4193.75,4189.75,4190.25
1664320800,4190.25,4191.25,4188.75,4189
1664321100,4189.25,4190.75,4189,4190.5
1664321400,4190.75,4193,4190.75,4192.5
1664321700,4192.5,4195,4192.5,4194.5
1664322000,4194.5,4197,4194.25,4195.25
1664322300,4195.25,4196.5,4194.25,4194.75
1664322600,4194.75,4194.75,4189.25,4189.25
1664322900,4189.5,4191.5,4187.25,4188
1664323200,4188,4194.75,4188,4192.25
1664323500,4192.25,4194.5,4191.25,4193.75
1664323800,4193.75,4199.5,4193.75,4198.25
1664324100,4198.25,4200,4196.25,4198.5
1664324400,4198.5,4199.5,4197.5,4199
1664324700,4199,4199.25,4194.5,4195.5
1664325000,4195.75,4196.75,4190.25,4192.25
1664325300,4192.25,4194.25,4191,4193.5
1664325600,4193.5,4195.75,4191.5,4192
1664325900,4191.75,4191.75,4187.75,4188.25
1664326200,4188.25,4190.5,4187.75,4190.5
1664326500,4190.5,4192,4188.25,4190
1664326800,4190.25,4191.75,4186.25,4188.25
1664327100,4188,4195.25,4187.25,4194.25
1664327400,4194.25,4194.5,4192.25,4193
1664327700,4193,4193.5,4188.25,4189
1664328000,4189,4189,4181,4181.5
1664328300,4181.75,4183,4170.75,4173
1664328600,4172.75,4176.75,4171.75,4176.5
1664328900,4176.25,4176.5,4171.75,4172.75
1664329200,4172.75,4174,4168.5,4170.25
1664329500,4170,4171.5,4166,4166.5
1664329800,4166.5,4169.25,4165.5,4168
1664330100,4168.25,4171.75,4167.5,4171.5
1664330400,4171.5,4171.75,4167.75,4168
1664330700,4168,4168.75,4162.25,4167
1664331000,4167.25,4167.5,4152.5,4153.75
1664331300,4153.75,4157.25,4152.5,4153
1664331600,4153,4154.75,4148.25,4153
1664331900,4153,4157.25,4151.5,4156.25
1664332200,4156,4157,4152.5,4155.75
1664332500,4155.75,4156,4152.75,4154.25
1664332800,4154.25,4155.75,4152.5,4155.25
1664333100,4155.5,4157.25,4154.25,4155.25
1664333400,4155.25,4156.75,4154,4155.75
1664333700,4156,4156.25,4153.75,4155.25
1664334000,4155.5,4163,4155.5,4161
1664334300,4160.25,4163.5,4160,4162.5
1664334600,4162.5,4165,4161.5,4162
1664334900,4161.75,4163.75,4160.75,4163
1664335200,4163,4166.75,4162.5,4166
1664335500,4166.25,4166.75,4161.75,4164.5
1664335800,4164.5,4164.5,4160.25,4163
1664336100,4163,4163.5,4160.75,4162
1664336400,4162,4162,4158.25,4158.75
1664336700,4158.75,4160.5,4158,4159.25
1664337000,4159,4163,4158.75,4162
1664337300,4162.5,4164.75,4161.75,4163.75
1664337600,4163.75,4164,4159.25,4160
1664337900,4160,4162,4159.5,4160.75
1664338200,4161,4161.75,4158.5,4159.25
1664338500,4159.5,4161.75,4158.5,4161.25
1664338800,4161.5,4164,4161.25,4162.75
1664339100,4162.5,4165.5,4162.5,4165
1664339400,4165,4173,4164.5,4168
1664339700,4168.25,4168.5,4166,4166.25
1664340000,4166.5,4166.75,4163.75,4165.25
1664340300,4165,4166.5,4162.75,4163.5
1664340600,4163.5,4164,4162.25,4163
1664340900,4163,4164.5,4162.25,4164
1664341200,4164,4165.75,4163.25,4163.25
1664341500,4163.25,4163.25,4158.5,4159
1664341800,4159.25,4161,4157,4157.25
1664342100,4157.5,4160.5,4157,4159.25
1664342400,4159.5,4163,4159.5,4162
1664342700,4162,4164.75,4162,4164.25
1664343000,4164.5,4164.5,4161.75,4162.75
1664343300,4162.75,4163.75,4162.25,4162.5
1664343600,4162.75,4168.25,4162.5,4168
1664343900,4168,4168.25,4165.75,4166.75
1664344200,4166.75,4168.75,4166.25,4167.25
1664344500,4167.5,4172.5,4167.25,4172.5
1664344800,4172.75,4179,4169.5,4177
1664345100,4177.25,4179,4172.75,4173.75
1664345400,4174,4176.75,4170.25,4170.5
1664345700,4170.5,4171.5,4165.5,4167.5
1664346000,4167.75,4170,4166,4169.25
1664346300,4169.75,4176,4169,4172
1664346600,4171.75,4172.25,4167.25,4167.75
1664346900,4168,4168.5,4166.25,4167
1664347200,4167.25,4169.75,4166.25,4166.5
1664347500,4166.75,4167.25,4162.75,4165
1664347800,4165.25,4168.75,4164.25,4165
1664348100,4164.75,4166.25,4156.5,4157.75
1664348400,4157.75,4170.75,4157.5,4170.5
1664348700,4170.5,4171.25,4158.5,4159.5
1664349000,4159.5,4162.5,4148.25,4149.5
1664349300,4149.5,4158.25,4148.75,4157.25
1664349600,4157.25,4161.5,4153.25,4153.5
1664349900,4153.5,4157.75,4151.25,4157
1664350200,4157,4164.25,4154.75,4161
1664350500,4161.25,4162.25,4155,4160
1664350800,4159.75,4165.75,4159.5,4164.75
1664351100,4164.75,4168.75,4161.75,4164.5
1664351400,4164.75,4173.75,4163.5,4172.75
1664351700,4173,4174.25,4168.5,4168.75
1664352000,4168.75,4171,4163.25,4163.25
1664352300,4163,4164.75,4160.25,4160.25
1664352600,4160.5,4162.75,4158.5,4161.25
1664352900,4161,4161.75,4157.5,4158.25
1664353200,4158,4165.75,4158,4164
1664353500,4164,4166.75,4155.75,4157
1664353800,4157,4157.75,4153.75,4154.75
1664354100,4154.75,4158.25,4153.25,4153.75
1664354400,4153.75,4156.25,4153.25,4155.75
1664354700,4155.75,4162.75,4154.5,4160.75
1664355000,4160.75,4165,4158.75,4165
1664355300,4165.25,4166.5,4161,4161.75
1664355600,4161.75,4163.25,4159,4160
1664355900,4160,4160.25,4150.25,4150.75
1664356200,4150.75,4153.25,4148.5,4149.25
1664356500,4149.25,4149.5,4140.5,4142.75
1664356800,4142.5,4143.75,4138.25,4141.75
1664357100,4141.75,4145.25,4140.25,4145
1664357400,4145,4149,4143.25,4146.75
1664357700,4146.75,4147,4142,4144.75
1664358000,4144.75,4147.5,4143.5,4146.5
1664358300,4146.75,4148.25,4145,4145.75
1664358600,4145.5,4146.75,4143.25,4145
1664358900,4145,4145.5,4141.5,4142.5
1664359200,4142.25,4171.75,4139.75,4155
1664359500,4154.75,4161.75,4143.75,4160.25
1664359800,4160.25,4172.25,4157.5,4171.5
1664360100,4171.25,4184.75,4168.75,4184.75
1664360400,4184.75,4190.25,4183.25,4188.5
1664360700,4188.75,4188.75,4172.25,4180.5
1664361000,4180.5,4181,4169.5,4173
1664361300,4173,4184.75,4172,4184
1664361600,4184.25,4190.5,4180.25,4185.25
1664361900,4185.25,4185.5,4172.25,4178.25
1664362200,4178.25,4182.5,4175.5,4178
1664362500,4178,4182.5,4173.5,4174.25
1664362800,4174.5,4178,4166.5,4168.75
1664363100,4168.75,4169.75,4160.25,4162.75
1664363400,4162.5,4167.5,4158,4158.5
1664363700,4158.25,4168.75,4158.25,4168.25
1664364000,4168.25,4170,4161.75,4166.75
1664364300,4166.75,4169.75,4164.25,4165
1664364600,4165.25,4174.5,4164.75,4171.25
1664364900,4171.25,4172.25,4160.75,4162.25
1664365200,4162.25,4166.5,4158.75,4165.5
1664365500,4165.75,4165.75,4160.5,4165.25
1664365800,4165.25,4165.75,4161,4163.75
1664366100,4164,4165,4160.25,4164.5
1664366400,4164.5,4174,4163.75,4172.5
1664366700,4172.5,4175.5,4170.5,4170.5
1664367000,4170.5,4171.25,4165.75,4168.5
1664367300,4168.5,4174.5,4167.5,4173.5
1664367600,4173.75,4183.25,4173.25,4182.25
1664367900,4182.25,4183.25,4177.5,4181.5
1664368200,4181.5,4189.5,4177.5,4189.5
1664368500,4189.25,4194.25,4187.25,4193.5
1664368800,4193.25,4202.5,4189.5,4202.5
1664369100,4202.5,4206.25,4197.25,4197.25
1664369400,4197.25,4200,4195.75,4198
1664369700,4197.75,4198.25,4192.5,4195.75
1664370000,4196,4200.25,4193.5,4199
1664370300,4199,4204.25,4188.5,4189.25
1664370600,4189.25,4190.25,4182,4188
1664370900,4188.25,4195.75,4188.25,4194.75
1664371200,4194.75,4201.75,4193,4200.5
1664371500,4200.5,4201.5,4195.25,4195.75
1664371800,4195.5,4197.25,4177.5,4184.25
1664372100,4184.25,4189.25,4179,4183.5
1664372400,4183.5,4198.25,4181.25,4197.25
1664372700,4197.5,4200.75,4188.25,4193
1664373000,4193,4202,4190.75,4194.25
1664373300,4194.25,4202,4193.25,4195.25
1664373600,4195.5,4211.25,4191.75,4194.5
1664373900,4194.25,4198.25,4183.5,4183.75
1664374200,4183.5,4195.5,4183.5,4193.5
1664374500,4193.75,4197.75,4185,4195
1664374800,4195,4209,4194.25,4208
1664375100,4208,4217.5,4203.25,4216.75
1664375400,4216.75,4217.75,4211.5,4216
1664375700,4216.25,4223.25,4212.5,4214.75
1664376000,4214.75,4224.5,4212.75,4220.75
1664376300,4220.75,4227.75,4219.75,4224.5
1664376600,4224.5,4225,4218.75,4222.75
1664376900,4222.75,4224,4216,4217.75
1664377200,4218,4226.75,4213.75,4221
1664377500,4221,4221.75,4215.75,4216.5
1664377800,4216.75,4225.25,4215.5,4220.5
1664378100,4220.75,4224.75,4219,4222.75
1664378400,4222.75,4233.5,4222.25,4232
1664378700,4232.25,4235,4224,4225.25
1664379000,4225.5,4226.5,4218.5,4222.75
1664379300,4223,4226.75,4218.75,4220.25
1664379600,4220.5,4223,4218.25,4223
1664379900,4222.75,4230.25,4219.75,4228
1664380200,4227.75,4234.75,4227.25,4233.25
1664380500,4233.5,4237.25,4233.25,4236.25
1664380800,4236.25,4238.75,4234.25,4237.5
1664381100,4237.5,4238.25,4234.25,4236
1664381400,4235.75,4243.5,4235.75,4242.75
1664381700,4242.75,4248.25,4240,4247.75
1664382000,4248,4248.5,4239.75,4240
1664382300,4239.75,4241,4235.25,4236.5
1664382600,4236.5,4239.75,4234.5,4239.25
1664382900,4239.25,4239.5,4234,4234.75
1664383200,4234.75,4243.75,4234,4243.75
1664383500,4243.5,4246.5,4240,4241.5
1664383800,4241.5,4242.25,4236.25,4240.25
1664384100,4240.25,4242.25,4238.25,4242
1664384400,4242.25,4243,4237,4242
1664384700,4242,4252,4241.75,4251.25
1664385000,4251.25,4251.25,4247.25,4249.5
1664385300,4249.75,4253.25,4249.25,4253
1664385600,4253.25,4253.25,4248.75,4249.5
1664385900,4249.5,4250.25,4244,4245.5
1664386200,4245.5,4247.25,4243.25,4246
1664386500,4246.25,4246.75,4241.25,4244.25
1664386800,4244.25,4248,4243.5,4244.5
1664387100,4244.5,4245.25,4237.25,4239
1664387400,4239.25,4239.5,4235,4239
1664387700,4239.25,4242,4237.5,4240
1664388000,4240,4242.75,4238.75,4242
1664388300,4242.25,4245.5,4241.5,4244
1664388600,4244,4245.5,4241.25,4242.25
1664388900,4242.5,4243.75,4239,4241.5
1664389200,4241.5,4241.75,4239,4239
1664389500,4239.25,4242.5,4236.75,4241.75
1664389800,4241.75,4248.75,4241.5,4248.25
1664390100,4248.5,4251.25,4247.5,4250.25
1664390400,4250.25,4250.5,4240.5,4245
1664390700,4245,4247,4242.5,4247
1664391000,4247,4250.5,4247,4249.25
1664391300,4249,4250.5,4247.5,4248
1664391600,4248,4256.75,4246.75,4256
1664391900,4256,4263.75,4254.25,4260.75
1664392200,4261,4263.75,4259,4261
1664392500,4261.25,4263,4257.25,4258.5
1664392800,4258.5,4261,4256,4259
1664393100,4259.25,4264.5,4258.75,4261.75
1664393400,4261.75,4270,4261.5,4269.25
1664393700,4269,4270.25,4265.5,4267
1664394000,4267,4273.5,4266.75,4271.5
1664394300,4271.25,4276.5,4270,4273.5
1664394600,4273.5,4274.25,4268,4268.75
1664394900,4268.75,4270.25,4255.5,4257.75
1664395200,4257.75,4261.75,4255.25,4257.5
1664395500,4257.75,4260.75,4255.75,4260.75
1664395800,4260.75,4261.25,4259,4260.25
1664396100,4260,4261.25,4259.75,4260.5
1664396400,4260.5,4260.75,4258.5,4258.75
1664396700,4258.5,4259,4257.75,4258.25
1664397000,4258.25,4259.25,4257.25,4258.25
1664397300,4258.25,4258.75,4257.25,4258
1664397600,4258.25,4258.5,4256.25,4256.75
1664397900,4256.5,4256.75,4255.25,4255.5
1664398200,4255.5,4257.75,4254,4256
1664398500,4255.75,4256.25,4255,4255
1664402400,4255.5,4259.25,4255.5,4258.75
1664402700,4258.75,4261.25,4258.5,4259
1664403000,4259.25,4261.25,4258.25,4260.75
1664403300,4260.75,4261,4258.5,4259
1664403600,4259.25,4260.25,4258.75,4259.25
1664403900,4259.5,4261.25,4259,4260.75
1664404200,4260.5,4260.75,4259,4259.5
1664404500,4259.5,4259.75,4258,4258.5
1664404800,4258.25,4259.5,4254.5,4257
1664405100,4257,4257,4251,4252.5
1664405400,4252.5,4252.75,4248.75,4249.5
1664405700,4249.5,4251.75,4249.5,4251.5
1664406000,4251.5,4252.75,4250.75,4251
1664406300,4251,4253.25,4250.25,4253
1664406600,4253,4254,4252.5,4254
1664406900,4253.75,4254.5,4253,4254.25
1664407200,4254,4254,4251.75,4252
1664407500,4251.75,4254,4251.5,4253.75
1664407800,4253.75,4253.75,4252,4252.75
1664408100,4252.5,4252.5,4250.25,4250.5
1664408400,4250.25,4251.75,4250.25,4251
1664408700,4250.75,4253.75,4250.25,4253
1664409000,4253,4254.25,4252,4252.25
1664409300,4252.5,4254,4252,4253
1664409600,4253.25,4259.5,4251.25,4258.25
1664409900,4258.5,4261.25,4257.5,4257.5
1664410200,4257.5,4258.75,4253,4253.5
1664410500,4253.5,4257.25,4253.5,4257.25
1664410800,4257.25,4259.25,4254.25,4256.75
1664411100,4257,4260,4256,4259.5
1664411400,4259.5,4260.25,4258,4259
1664411700,4258.75,4259.5,4257.5,4258.5
1664412000,4258.25,4258.75,4257,4257.5
1664412300,4257.75,4258,4253.75,4255
1664412600,4254.75,4255.25,4252.25,4254.5
1664412900,4254.5,4256.25,4253.75,4255.5
1664413200,4255.25,4256.5,4254,4255.25
1664413500,4255.25,4256.75,4254,4256.5
1664413800,4256.5,4257,4253.75,4255
1664414100,4255,4256.25,4252,4253
1664414400,4253.5,4255.25,4252.75,4254.5
1664414700,4254.5,4255.75,4253.75,4254.25
1664415000,4254.25,4254.75,4253,4254
1664415300,4254,4256,4253,4254
1664415600,4253.75,4256.25,4253.5,4256
1664415900,4255.75,4257,4255,4256
1664416200,4256,4256,4252,4252.75
1664416500,4252.75,4253.25,4250.75,4251.25
1664416800,4251.5,4253.75,4250.25,4250.5
1664417100,4250.75,4250.75,4246,4246.25
1664417400,4246.25,4247.5,4244.5,4245.5
1664417700,4245.5,4249.25,4245.5,4249
1664418000,4249,4249.25,4244.75,4245
1664418300,4245.25,4247.75,4244,4246
1664418600,4246.25,4248,4245.25,4246.75
1664418900,4246.75,4247.75,4246,4247.25
1664419200,4247.25,4249.25,4247.25,4248.5
1664419500,4248.75,4250.25,4248,4249.25
1664419800,4249.5,4250,4248.25,4249.75
1664420100,4250,4250.25,4247.5,4248.25
1664420400,4248,4249,4247,4247.75
1664420700,4248,4250.5,4247.75,4250
1664421000,4250,4251.75,4250,4250.5
1664421300,4250.5,4251.5,4250,4251
1664421600,4251.25,4252.5,4250.25,4251.5
1664421900,4251.5,4252.5,4251,4251.5
1664422200,4251.75,4252,4248.75,4250
1664422500,4250.25,4252.5,4250,4252.5
1664422800,4252.25,4253.75,4252,4253.75
1664423100,4253.5,4255.25,4253,4254.75
1664423400,4255,4256.5,4254.75,4256.5
1664423700,4256.5,4256.75,4254.5,4255.25
1664424000,4255.25,4256,4254.5,4255
1664424300,4255,4255,4254,4254.25
1664424600,4254.5,4257,4254.25,4256
1664424900,4255.75,4256.5,4255.25,4256.5
1664425200,4256.5,4259.25,4256,4259.25
1664425500,4259,4259.5,4258,4259.25
1664425800,4259,4259.75,4258.25,4259.5
1664426100,4259.5,4260.5,4258.25,4260.25
1664426400,4260.25,4261.25,4260,4261
1664426700,4261.25,4261.25,4259.75,4260
1664427000,4260,4260.75,4259.5,4259.5
1664427300,4259.75,4259.75,4257.75,4258.5
1664427600,4258.75,4259.5,4257.5,4258.5
1664427900,4258.75,4260.25,4257.5,4259.75
1664428200,4259.75,4259.75,4256,4256.75
1664428500,4256.5,4257.75,4255,4257
1664428800,4256.75,4258.25,4256.5,4257.75
1664429100,4257.75,4258.25,4256.75,4257.75
1664429400,4257.5,4259,4251.75,4252.25
1664429700,4252.5,4253.75,4250.25,4251.25
1664430000,4251.5,4251.75,4244.5,4244.75
1664430300,4244.5,4247.5,4242,4247.25
1664430600,4247.5,4248.75,4246,4247.5
1664430900,4247.25,4248.5,4244.25,4248.25
1664431200,4248.25,4248.5,4239,4242
1664431500,4242,4242.25,4235.75,4236.75
1664431800,4237,4237.25,4226.5,4228.25
1664432100,4228.25,4230.75,4226.25,4226.5
1664432400,4226.75,4233,4224.25,4231.75
1664432700,4231.75,4233.75,4230.25,4230.5
1664433000,4230.5,4232.25,4228,4229.5
1664433300,4229.25,4234.75,4228.75,4234.5
1664433600,4234.25,4241.25,4233.5,4238.75
1664433900,4238.75,4240,4234.75,4235.5
1664434200,4235.5,4237.75,4235,4236.5
1664434500,4236.5,4236.75,4233.75,4235.75
1664434800,4236.25,4239.25,4222.5,4224
1664435100,4223.75,4224,4217.75,4222.25
1664435400,4222.5,4224,4218.5,4221
1664435700,4221.25,4221.5,4216.75,4218
1664436000,4217.75,4217.75,4210.5,4214.75
1664436300,4215.25,4216.75,4210.75,4215.5
1664436600,4215.5,4215.5,4207.25,4209.75
1664436900,4209.5,4210.25,4205.75,4209.5
1664437200,4209.25,4212.25,4208.25,4209.25
1664437500,4209,4210,4205.75,4209.25
1664437800,4209,4210.75,4202.5,4204.75
1664438100,4204.75,4213.75,4204,4211.25
1664438400,4211.25,4215.25,4205.75,4214.25
1664438700,4214.5,4219.5,4214,4218.75
1664439000,4218.75,4218.75,4215.25,4216.25
1664439300,4216.25,4220,4214.25,4219.5
1664439600,4219.5,4220,4213.75,4214
1664439900,4214,4216.75,4212.5,4213.5
1664440200,4213.5,4218,4213.25,4217
1664440500,4217.25,4217.75,4209.25,4210.25
1664440800,4210.5,4219.25,4210.25,4217.75
1664441100,4217.75,4218.75,4213.5,4215
1664441400,4214.75,4215.5,4211.5,4213.5
1664441700,4213.25,4214,4210.75,4213
1664442000,4212.75,4219.75,4211.5,4218.75
1664442300,4218.75,4224.5,4217.25,4223.25
1664442600,4223.25,4228,4221.75,4225.5
1664442900,4225.5,4229,4221.25,4222.5
1664443200,4222.5,4225.25,4220.5,4223.5
1664443500,4223.75,4225.25,4222.25,4222.75
1664443800,4223,4225.25,4222,4224
1664444100,4224,4225.25,4223,4223.25
1664444400,4223.75,4235,4222.25,4234
1664444700,4234,4234.75,4229.75,4232
1664445000,4232.25,4232.5,4227.5,4229.75
1664445300,4229.5,4229.5,4226,4228.25
1664445600,4228.25,4229.25,4216.25,4217.75
1664445900,4217.75,4220.75,4215.5,4220
1664446200,4219.75,4221.25,4218,4219.25
1664446500,4219.5,4223,4219.25,4222.5
1664446800,4222.5,4224,4220.5,4223.25
1664447100,4223.25,4223.5,4217.75,4218.75
1664447400,4218.75,4221.75,4217.5,4221.25
1664447700,4221.5,4222.5,4219.75,4221
1664448000,4221,4223.75,4220,4221.75
1664448300,4221.75,4225.75,4221.75,4225.25
1664448600,4225.5,4228.25,4224.25,4227.5
1664448900,4227.75,4228.75,4221.5,4221.75
1664449200,4222,4226.75,4222,4224.5
1664449500,4224.25,4227.5,4223.75,4226.5
1664449800,4226.5,4230.75,4224.25,4230.75
1664450100,4230.5,4236.75,4230.5,4235.5
1664450400,4235.5,4236.75,4232.5,4233.5
1664450700,4233.25,4235.25,4232.75,4235
1664451000,4235,4236.25,4233,4233.25
1664451300,4233,4233.75,4227,4228.5
1664451600,4228.5,4233.5,4228,4231.5
1664451900,4231.5,4234.25,4226.5,4227.5
1664452200,4227.25,4230.25,4227,4229.5
1664452500,4229.25,4229.25,4224.25,4224.5
1664452800,4224.75,4225.5,4219.5,4220.25
1664453100,4220.25,4221.75,4217.75,4221
1664453400,4221.25,4221.5,4216,4217.5
1664453700,4217.5,4220.75,4215.25,4220
1664454000,4220.25,4225,4218.5,4224.75
1664454300,4224.5,4228.5,4221.75,4226.25
1664454600,4226.25,4226.5,4205.5,4206
1664454900,4205.75,4211.75,4198.75,4211
1664455200,4211.25,4212,4205.5,4211.75
1664455500,4211.5,4213.25,4207.5,4210
1664455800,4209.75,4213.25,4208.5,4211.5
1664456100,4211.5,4214.25,4207.5,4209.25
1664456400,4209.25,4212.5,4206.25,4208.25
1664456700,4208.25,4216.25,4208,4215.75
1664457000,4215.75,4217.25,4213.25,4215.75
1664457300,4215.5,4225.25,4214.75,4225
1664457600,4225,4225.25,4220.25,4221
1664457900,4221,4221.5,4216.5,4219.5
1664458200,4219.5,4222.75,4209.25,4211.5
1664458500,4211.25,4212,4201.75,4203
1664458800,4203,4204,4184,4184.5
1664459100,4184.75,4187.25,4179.25,4182
1664459400,4182.25,4191.75,4181,4187
1664459700,4186.75,4191,4181.5,4182.75
1664460000,4183,4184.25,4167.5,4170.5
1664460300,4170.25,4176.25,4166.75,4167
1664460600,4167,4172,4160.75,4162.25
1664460900,4162.25,4165.5,4156.5,4160.75
1664461200,4160.75,4171,4159.75,4165
1664461500,4165,4171.5,4163.75,4168.75
1664461800,4168.75,4168.75,4160.25,4161.5
1664462100,4161.75,4167,4158,4164
1664462400,4163.75,4173.25,4163,4169
1664462700,4169,4173.75,4167,4169
1664463000,4169,4178.5,4168.5,4176.5
1664463300,4176.25,4181.5,4175.25,4176.25
1664463600,4176.25,4182.5,4174.5,4176.25
1664463900,4176.25,4190,4173.25,4188.75
1664464200,4188.75,4189.5,4176.75,4179
1664464500,4179,4182.5,4176.25,4180.25
1664464800,4180.5,4180.5,4172.5,4173.25
1664465100,4173,4179.75,4172,4178.5
1664465400,4178.75,4183,4173.75,4180
1664465700,4180,4183.25,4175.5,4180.5
1664466000,4180.5,4185.75,4176.25,4184.5
1664466300,4184.5,4189,4184,4188.25
1664466600,4188.25,4197.75,4185.75,4195.75
1664466900,4195.75,4197.75,4190.5,4191.25
1664467200,4191.25,4192.75,4187.75,4192
1664467500,4192,4195.25,4188.5,4192.5
1664467800,4192.25,4192.75,4186.25,4186.75
1664468100,4186.75,4188.5,4179,4180
1664468400,4180,4181.5,4175.25,4179.25
1664468700,4179.25,4180.25,4177,4179
1664469000,4179,4184.5,4177.75,4184
1664469300,4184,4185.25,4177.75,4184
1664469600,4184,4184.25,4178.25,4183.5
1664469900,4183.5,4184.75,4178.25,4179.5
1664470200,4179.5,4182.25,4176.5,4180.25
1664470500,4180.25,4181,4172.25,4173.25
1664470800,4173.5,4173.5,4168.5,4170
1664471100,4170,4171.75,4166.75,4166.75
1664471400,4166.5,4173.5,4166.5,4172.25
1664471700,4172,4174,4169.5,4169.75
1664472000,4169.5,4170.25,4165.5,4166.75
1664472300,4166.75,4172.5,4164.75,4167.75
1664472600,4168,4173.75,4164.5,4173.25
1664472900,4173,4175.25,4170.5,4172.25
1664473200,4172.25,4172.25,4166,4166.75
1664473500,4166.75,4168.75,4165.5,4165.5
1664473800,4165.75,4167.5,4158.25,4160.25
1664474100,4160,4160.75,4154.75,4155.5
1664474400,4155.75,4155.75,4150.75,4152.25
1664474700,4152.5,4158.75,4152.25,4157
1664475000,4157.25,4157.5,4153.5,4154.25
1664475300,4154.25,4155,4147.75,4148.5
1664475600,4148.25,4152.5,4147.25,4149.75
1664475900,4150,4160.25,4149.75,4158
1664476200,4158,4161,4154.25,4155.25
1664476500,4155.25,4166.5,4154.5,4162.25
1664476800,4162.25,4164,4157.5,4158
1664477100,4157.75,4161.75,4157.25,4158
1664477400,4158,4159,4150,4152.25
1664477700,4152,4155,4149.5,4149.75
1664478000,4149.75,4159.5,4149.25,4156.5
1664478300,4156.25,4161.5,4155.25,4156.25
1664478600,4156.25,4165.75,4154.25,4165.25
1664478900,4165,4170.75,4162.5,4168.75
1664479200,4168.5,4169.5,4165.25,4167.25
1664479500,4167.25,4167.25,4160.25,4163.5
1664479800,4163.5,4177,4162,4174.25
1664480100,4174.5,4183,4169.75,4178
1664480400,4178,4180,4170.75,4177
1664480700,4177,4180,4173.25,4176.25
1664481000,4176.25,4182.75,4173.5,4178.25
1664481300,4178.25,4184,4174.25,4179.75
1664481600,4180,4187.75,4179,4181.5
1664481900,4181.25,4182.5,4178.75,4182.25
1664482200,4182.25,4184.25,4181.25,4181.5
1664482500,4181.5,4183.75,4181.25,4183
1664482800,4182.75,4184,4182,4183.25
1664483100,4183.5,4183.5,4182,4182.5
1664483400,4182.5,4183.25,4181,4181.75
1664483700,4181.5,4183.5,4181.25,4181.75
1664484000,4181.5,4183,4181.5,4181.5
1664484300,4181.5,4183.25,4181.5,4183
1664484600,4183,4184.25,4182,4183.75
1664484900,4183.5,4184.5,4182.5,4184
1664488800,4181.75,4187,4179.25,4185.25
1664489100,4185.75,4190,4185.75,4189.75
1664489400,4189.75,4191.75,4188.5,4188.75
1664489700,4188.75,4193,4188.75,4191.75
1664490000,4191.75,4191.75,4186.75,4187
1664490300,4187.5,4189.25,4186.5,4186.75
1664490600,4186.75,4188,4184.5,4185
1664490900,4185,4187,4183.5,4184.25
1664491200,4184.5,4186.75,4184,4186
1664491500,4186,4186.5,4185.25,4185.25
1664491800,4185.5,4189.5,4184,4189.25
1664492100,4189.25,4190.75,4187.75,4188.75
1664492400,4189,4191.25,4189,4190.5
1664492700,4190.5,4191.25,4190.25,4190.75
1664493000,4190.75,4191,4189,4189.25
1664493300,4189.25,4190.75,4188,4188.5
1664493600,4188.75,4190.5,4188.25,4190.5
1664493900,4190.5,4192.5,4190.5,4192.5
1664494200,4192.25,4194.5,4191.75,4192.5
1664494500,4192.25,4193.5,4191.25,4192.25
1664494800,4192,4196,4192,4194.75
1664495100,4195,4195.25,4193.25,4194
1664495400,4193.75,4194.75,4192.25,4194.75
1664495700,4194.75,4195.25,4193.5,4193.5
1664496000,4193.75,4195.25,4189.25,4191
1664496300,4190.75,4192.75,4190,4190.75
1664496600,4190.5,4193.75,4189.75,4190.75
1664496900,4191,4191.25,4187,4189.25
1664497200,4189.5,4189.75,4185.75,4186.75
1664497500,4186.75,4188,4185.75,4187.25
1664497800,4187.25,4189,4186.5,4187.5
1664498100,4187.25,4188,4178.5,4181
1664498400,4181.25,4182,4178.75,4179.75
1664498700,4179.5,4181.25,4178.25,4178.75
1664499000,4179,4181,4176,4180.75
1664499300,4181,4184.75,4179.75,4183.75
1664499600,4183.75,4185.5,4182,4182
1664499900,4182.25,4182.75,4180,4181.75
1664500200,4181.5,4187.75,4181.5,4187.5
1664500500,4187.5,4188.25,4181.5,4183
1664500800,4183,4184,4181.5,4183.75
1664501100,4184,4186,4181.75,4182.5
1664501400,4182.25,4186,4180,4183
1664501700,4182.75,4187.25,4182.75,4185.5
1664502000,4185.75,4187,4183.25,4186.75
1664502300,4186.75,4187.25,4184.75,4187.25
1664502600,4186.75,4192,4186.5,4189.5
1664502900,4189.5,4190.25,4187,4187.75
1664503200,4187.75,4188,4184.75,4187.5
1664503500,4187.25,4190,4187,4188
1664503800,4187.75,4188.75,4184,4185
1664504100,4184.75,4184.75,4177.5,4178
1664504400,4177.75,4177.75,4172.75,4175
1664504700,4174.75,4176,4171.5,4175.75
1664505000,4175.5,4177.75,4174.25,4175.75
1664505300,4175.5,4179.75,4175.25,4178.75
1664505600,4179,4180.75,4178,4179.75
1664505900,4180,4183.75,4179.25,4183.25
1664506200,4183.25,4183.75,4181.75,4182.25
1664506500,4182,4184,4179,4179.25
1664506800,4179.25,4181.25,4179.25,4180.75
1664507100,4180.75,4181,4177,4177.75
1664507400,4177.5,4178.25,4175.5,4178
1664507700,4177.75,4178.5,4174.25,4174.5
1664508000,4174.5,4179,4174.25,4177.25
1664508300,4177.5,4178.25,4174.5,4174.75
1664508600,4175,4177.75,4172.75,4176.75
1664508900,4176.75,4178.25,4175.25,4175.25
1664509200,4175.25,4177,4174,4176
1664509500,4175.75,4176.5,4172,4172.5
1664509800,4172.5,4172.5,4168,4169.5
1664510100,4169.5,4171,4168.5,4170
1664510400,4169.75,4171.5,4169.25,4169.75
1664510700,4170.25,4170.25,4165.5,4169.75
1664511000,4170,4171.25,4169.5,4170.75
1664511300,4170.5,4172.75,4169,4172
1664511600,4172.25,4173.25,4171,4172
1664511900,4172,4172.25,4167.75,4168.75
1664512200,4169,4171,4168.25,4170.25
1664512500,4170.5,4173.25,4168.75,4173
1664512800,4172.75,4176,4171.5,4175.5
1664513100,4175.25,4175.75,4173.5,4174.75
1664513400,4174.75,4176.75,4173,4174.75
1664513700,4175,4175.5,4173.5,4174
1664514000,4174,4176.5,4173.25,4174.5
1664514300,4174.75,4179,4174.75,4178.5
1664514600,4178.25,4180.75,4178.25,4179.5
1664514900,4179.5,4183.25,4179.5,4180.5
1664515200,4180.5,4184.25,4180.25,4183
1664515500,4182.75,4183.25,4180.25,4183
1664515800,4183.25,4184.75,4180.5,4181
1664516100,4181,4182.25,4179.75,4181.75
1664516400,4181.75,4185.5,4181.75,4184.75
1664516700,4184.75,4185.75,4183.25,4183.5
1664517000,4183.5,4184.25,4181.25,4182
1664517300,4182,4182,4176.5,4176.75
1664517600,4176.75,4184,4176.75,4180.5
1664517900,4180.75,4184,4179.5,4183.75
1664518200,4183.75,4186.5,4182.25,4184
1664518500,4184,4185,4179.5,4181.5
1664518800,4181.25,4182.75,4179.25,4182.25
1664519100,4182,4187.75,4181.75,4186.75
1664519400,4186.75,4188.5,4185.25,4186.75
1664519700,4186.75,4187,4183.25,4185
1664520000,4185,4187.25,4183.25,4184
1664520300,4183.75,4191.25,4183.75,4189.25
1664520600,4189.5,4194,4188.75,4192
1664520900,4191.75,4193.5,4190,4190.25