time,open,high,low,close
1769037900,7037.25,7040,7037,7039
1769038200,7039.25,7039.25,7033.5,7033.75
1769038500,7033.75,7034.25,7032,7033
1769038800,7033,7036.5,7032.5,7034.5
1769039100,7034.5,7036.5,7034,7035.25
1769039400,7035.25,7038.25,7035.25,7036.75
1769039700,7037,7037.75,7036,7037
1769040000,7037,7037.75,7034.75,7036.25
1769040300,7036.5,7039.5,7035.75,7039.25
1769040600,7039,7040.5,7038.5,7040
1769040900,7040,7042.5,7038.25,7041
1769041200,7040.75,7042,7039.25,7040.75
1769041500,7040.75,7041.5,7039.75,7039.75
1769041800,7040,7042,7039.75,7041
1769042100,7040.75,7040.75,7036,7037.25
1769042400,7037.5,7040.75,7037.25,7039.25
1769042700,7039,7040.5,7038.5,7040
1769043000,7040,7041,7039.5,7040
1769043300,7040,7040.5,7038.5,7039.75
1769043600,7039.75,7040.25,7038.25,7039.5
1769043900,7039.75,7040,7038.75,7040
1769044200,7040,7041,7038.75,7040.5
1769044500,7040.5,7042.5,7040,7041.75
1769044800,7041.75,7044,7041.5,7043.5
1769045100,7043.5,7045.5,7042.75,7045.25
1769045400,7045,7045.25,7043.75,7045.25
1769045700,7045.25,7045.5,7043.25,7044
1769046000,7044,7045.5,7043.5,7045.25
1769046300,7045.25,7046,7043.75,7046
1769046600,7046,7046.5,7045.25,7046
1769046900,7046,7047,7045.5,7046
1769047200,7045.75,7047.25,7045,7046.5
1769047500,7046.5,7047.5,7046.5,7046.5
1769047800,7046.75,7047.5,7045.75,7046
1769048100,7045.75,7046.25,7045.25,7045.5
1769048400,7045.25,7046,7044.75,7045.5
1769048700,7045.5,7045.75,7043.75,7044.5
1769049000,7044.25,7044.25,7042,7043
1769049300,7043,7043.25,7041,7042.25
1769049600,7042,7042.75,7041.25,7041.5
1769049900,7041.75,7043,7041.25,7042.5
1769050200,7042.5,7042.75,7041.75,7042
1769050500,7042,7043,7041.75,7042.25
1769050800,7042.25,7044.5,7042.25,7044.25
1769051100,7044.25,7046.5,7044.25,7046
1769051400,7046,7046.5,7044.5,7044.75
1769051700,7044.75,7045,7043.25,7045
1769052000,7045,7046.5,7045,7046.25
1769052300,7046,7046.25,7044.75,7045.25
1769052600,7045.25,7045.75,7044.25,7045.25
1769052900,7045,7045,7043.75,7044.25
1769053200,7044.25,7044.5,7043.25,7043.75
1769053500,7043.75,7044.75,7043.25,7044
1769053800,7044.25,7045,7043.25,7044.5
1769054100,7044.5,7045.5,7044.5,7045
1769054400,7045,7045,7043,7044
1769054700,7044,7045,7043.5,7044.5
1769055000,7044.5,7045,7044,7044.25
1769055300,7044.25,7044.25,7041.25,7042.25
1769055600,7042.25,7042.5,7041.25,7042.5
1769055900,7042.5,7043,7041.75,7042.75
1769056200,7042.75,7043,7042.25,7042.75
1769056500,7043,7043.25,7041.5,7041.5
1769056800,7041.5,7041.75,7041.25,7041.25
1769057100,7041.25,7042,7040.25,7041.75
1769057400,7041.75,7042.25,7041,7041.75
1769057700,7041.75,7042.75,7041.5,7042.25
1769058000,7042.25,7043,7041.25,7042.25
1769058300,7042,7042.5,7041.5,7041.5
1769058600,7041.75,7041.75,7040.25,7040.75
1769058900,7040.5,7040.75,7039.75,7039.75
1769059200,7040,7040.75,7039.5,7040.25
1769059500,7040.25,7040.75,7039.75,7040.25
1769059800,7040.25,7040.5,7039.75,7039.75
1769060100,7039.75,7039.75,7038.25,7038.75
1769060400,7038.75,7039,7034,7035.5
1769060700,7035.75,7037,7034,7034.25
1769061000,7034.5,7035,7032.25,7033.5
1769061300,7033.5,7034.5,7032.75,7033.75
1769061600,7033.25,7036.25,7033.25,7035.25
1769061900,7035,7035.25,7030.75,7031.25
1769062200,7031,7031.25,7025.5,7025.75
1769062500,7025.75,7028.5,7025.5,7028
1769062800,7027.75,7029.75,7025.25,7026.25
1769063100,7026,7026,7024,7024.75
1769063400,7025,7028.75,7024.5,7027.5
1769063700,7027.5,7031.25,7027.5,7030
1769064000,7030,7032.25,7029.5,7032.25
1769064300,7032,7032.5,7030.75,7032.25
1769064600,7032.25,7038.5,7032,7033.5
1769064900,7033.5,7035,7032.75,7034.75
1769065200,7034.75,7037,7032.25,7032.25
1769065500,7032.25,7033.25,7029,7029.5
1769065800,7029.5,7030.75,7027.5,7030.75
1769066100,7030.5,7030.75,7029,7029.25
1769066400,7029.25,7030.75,7029,7030.75
1769066700,7030.5,7034.25,7030.5,7034.25
1769067000,7034.25,7037.75,7034,7037.75
1769067300,7037.5,7037.5,7036.25,7037.25
1769067600,7037,7044.75,7037,7043.5
1769067900,7043.5,7043.5,7038.25,7040.75
1769068200,7040.5,7040.75,7038.5,7039.75
1769068500,7039.75,7043,7039.25,7042.75
1769068800,7042.5,7047.75,7041.5,7046.75
1769069100,7046.75,7050.5,7046.75,7048
1769069400,7048.25,7050.25,7047,7049
1769069700,7049,7053,7047.75,7049.25
1769070000,7049.25,7053.25,7048.75,7053
1769070300,7053,7058.25,7052.25,7054.75
1769070600,7054.75,7056,7052.75,7055.75
1769070900,7055.75,7058.5,7054.75,7058.5
1769071200,7058.75,7060.5,7057.5,7059.25
1769071500,7059,7060.25,7057,7059.75
1769071800,7059.75,7065,7059.5,7062.5
1769072100,7062.5,7062.75,7059.25,7060
1769072400,7059.75,7064.75,7059.25,7064.5
1769072700,7064.5,7065.5,7063,7064
1769073000,7064.25,7066.5,7064,7066.5
1769073300,7066.5,7068.75,7066,7067.75
1769073600,7067.75,7068,7063.75,7065.25
1769073900,7065.5,7065.5,7063,7064.25
1769074200,7064.25,7067.25,7063.75,7067
1769074500,7067,7067.25,7065,7066
1769074800,7066.25,7068,7066,7067
1769075100,7067,7067.75,7066.75,7067.75
1769075400,7068,7068.75,7066.5,7066.75
1769075700,7066.75,7067,7065.25,7065.75
1769076000,7066,7067,7065,7065.5
1769076300,7065.75,7065.75,7063.75,7065.75
1769076600,7065.5,7065.75,7062,7062.5
1769076900,7062.75,7063.25,7059,7059.75
1769077200,7060,7065,7059.25,7062.75
1769077500,7062.75,7064.5,7062,7062.75
1769077800,7062.75,7064.75,7062.25,7064.5
1769078100,7064.5,7065.25,7063.25,7063.75
1769078400,7063.75,7064.5,7062.75,7063.5
1769078700,7063.5,7064.5,7062.75,7064
1769079000,7064,7065,7063,7064
1769079300,7063.75,7065,7063.5,7064
1769079600,7063.75,7066.75,7063.5,7064.25
1769079900,7064.5,7067.5,7064.5,7067.25
1769080200,7067.25,7067.5,7063,7063.25
1769080500,7063,7064.5,7057.5,7062.5
1769080800,7062.5,7063.5,7060.75,7062.5
1769081100,7062.5,7062.75,7059.75,7061.75
1769081400,7061.5,7065.75,7060.25,7063.75
1769081700,7063.75,7064.5,7059,7060.25
1769082000,7060.25,7060.25,7056.75,7058.25
1769082300,7058.25,7058.75,7056.75,7058
1769082600,7057.75,7059.25,7056.75,7058.25
1769082900,7058.25,7059.25,7056.75,7058
1769083200,7057.75,7059.5,7054.5,7056
1769083500,7056,7058.75,7055.5,7057.75
1769083800,7057.75,7058.25,7055.25,7055.75
1769084100,7056,7058.75,7055.75,7057.75
1769084400,7057.5,7060.75,7057,7060
1769084700,7059.75,7060.5,7058.75,7059
1769085000,7058.75,7061.5,7056.25,7060.75
1769085300,7060.75,7061.5,7059,7059
1769085600,7058.75,7061.25,7058.75,7060.25
1769085900,7060.25,7060.75,7058.25,7058.75
1769086200,7058.75,7060.5,7057.5,7058.25
1769086500,7058.25,7061,7057.75,7060.25
1769086800,7060.25,7064.25,7060,7063.5
1769087100,7063.25,7063.5,7059,7060.25
1769087400,7060.25,7061,7057.75,7061
1769087700,7061,7064,7060.75,7063.25
1769088000,7063.25,7063.25,7061.75,7062.75
1769088300,7062.75,7063.75,7062,7063.75
1769088600,7063.25,7065.5,7058.75,7062.5
1769088900,7062.25,7064.75,7061.75,7064.25
1769089200,7064.25,7064.5,7060.25,7061.5
1769089500,7061.25,7070.25,7061,7068.25
1769089800,7068,7068.5,7065.75,7067.5
1769090100,7067.25,7071.25,7067,7070.25
1769090400,7070.25,7071,7066.5,7066.5
1769090700,7066.5,7067.75,7065.25,7066.75
1769091000,7066.75,7068.5,7065,7067.5
1769091300,7067.75,7071,7066.5,7070.5
1769091600,7070.5,7070.75,7065.75,7066.25
1769091900,7066.25,7071.5,7066.25,7069
1769092200,7068.75,7073.75,7064.5,7069.25
1769092500,7069.5,7075.25,7064.75,7073.5
1769092800,7073.5,7077.25,7059,7064
1769093100,7064,7066.25,7045.75,7048.5
1769093400,7048.25,7057,7045.75,7054.5
1769093700,7054.5,7055.75,7043.25,7048.75
1769094000,7048.25,7050,7039,7042.75
1769094300,7042.5,7044.75,7038.25,7042.5
1769094600,7042.75,7047.75,7040,7042.75
1769094900,7042.5,7049,7040.25,7046
1769095200,7046,7054.75,7043.25,7043.25
1769095500,7043.25,7055.5,7042,7053.75
1769095800,7054,7058.75,7049.75,7057.75
1769096100,7057.75,7060.75,7056,7059.25
1769096400,7059.5,7062,7055.5,7062
1769096700,7061.75,7064.5,7060.5,7061.5
1769097000,7061.25,7061.5,7057,7058
1769097300,7058.25,7059.5,7055.25,7055.75
1769097600,7055.75,7061.5,7055.25,7060.75
1769097900,7061,7064.25,7059.5,7063.25
1769098200,7063.5,7067.25,7061.75,7066.5
1769098500,7066.5,7068.25,7061.75,7065.25
1769098800,7065.5,7068.5,7065.25,7068
1769099100,7067.75,7070.25,7066.75,7067.75
1769099400,7067.5,7069.25,7066,7068.25
1769099700,7068.25,7069.75,7066.5,7068.5
1769100000,7068.75,7072,7067.75,7070.5
1769100300,7070.75,7073.5,7070.5,7072
1769100600,7072.25,7074.75,7071,7072
1769100900,7072.25,7072.25,7066.25,7067
1769101200,7067,7070.5,7063.75,7070.25
1769101500,7070.25,7074.25,7067.75,7073.25
1769101800,7073.5,7075.5,7071.5,7073.5
1769102100,7073.5,7074.5,7069.25,7071.75
1769102400,7071.5,7071.75,7067.25,7071.75
1769102700,7071.75,7072.5,7069,7072.5
1769103000,7072.5,7079,7072.5,7078.25
1769103300,7078.5,7078.5,7075.5,7076.25
1769103600,7076.25,7079.25,7076,7077.5
1769103900,7077.5,7079.25,7076.5,7078
1769104200,7078,7080.75,7077.75,7079.25
1769104500,7079.25,7081,7077,7079.75
1769104800,7079.5,7081.75,7075.25,7079.75
1769105100,7079.75,7081.25,7077.75,7078.5
1769105400,7078.75,7078.75,7073.5,7074.75
1769105700,7074.75,7076.5,7072.5,7074.75
1769106000,7075,7077.5,7074.25,7076.5
1769106300,7076.25,7076.5,7074,7074.5
1769106600,7074.25,7078.5,7074,7077
1769106900,7076.75,7078,7075.75,7077.75
1769107200,7077.75,7077.75,7072.5,7073.5
1769107500,7073.25,7076.25,7073.25,7074.5
1769107800,7074.75,7075.25,7071.25,7071.75
1769108100,7072,7072,7068,7070
1769108400,7069.75,7076,7069.75,7075.75
1769108700,7075.75,7078.25,7074.75,7076.75
1769109000,7076.75,7079.5,7074.75,7076.75
1769109300,7076.75,7077.5,7074.75,7076.25
1769109600,7076.25,7078.5,7075.5,7077.75
1769109900,7078,7078.5,7075.75,7076.25
1769110200,7076.5,7077,7073.25,7073.5
1769110500,7073.25,7074.25,7068.25,7069
1769110800,7069,7071.25,7066.75,7067.25
1769111100,7067.5,7068.25,7065,7066
1769111400,7065.75,7068.5,7063.5,7064.25
1769111700,7064,7065.25,7057.25,7057.25
1769112000,7057.25,7061.25,7055.75,7060
1769112300,7059.75,7061.75,7058,7058.75
1769112600,7058.75,7062,7058.5,7061.75
1769112900,7061.75,7065,7060.5,7061.75
1769113200,7061.75,7062.75,7057.75,7058
1769113500,7058.25,7058.25,7051,7051
1769113800,7051,7052,7046.5,7048.5
1769114100,7048.5,7050,7045.25,7047.75
1769114400,7047.75,7052.75,7046,7051
1769114700,7051,7055.5,7051,7055.25
1769115000,7055.5,7059,7054.5,7057.75
1769115300,7057.75,7060.25,7055.75,7058.75
1769115600,7058.5,7061.25,7054,7055.25
1769115900,7055.25,7059.75,7055,7057.75
1769116200,7057.75,7058.25,7055.25,7057.25
1769116500,7057.25,7058.5,7057,7058
1769116800,7057.75,7059,7057.5,7058.75
1769117100,7058.75,7059.5,7057.75,7059
1769117400,7059,7059.25,7058.25,7058.5
1769117700,7058.5,7058.5,7055.75,7056
1769118000,7056,7056.5,7055,7055.5
1769118300,7055.75,7056,7054.75,7055.25
1769118600,7055.25,7057.25,7055.25,7056
1769118900,7056,7056.75,7048.5,7053
1769122800,7050.75,7054.25,7046.25,7049
1769123100,7049.25,7051.75,7048.5,7051.25
1769123400,7051.5,7051.75,7049,7049.75
1769123700,7049.75,7052,7049.5,7050
1769124000,7050,7054.75,7049.5,7054.75
1769124300,7054.75,7055.75,7053.75,7053.75
1769124600,7054,7057,7053.5,7055.75
1769124900,7056,7056.75,7055.25,7055.5
1769125200,7055.25,7055.75,7054.25,7055.75
1769125500,7055.75,7056.25,7052.5,7053.25
1769125800,7053.25,7053.5,7051,7051.5
1769126100,7051.75,7054.25,7051.5,7054
1769126400,7053.75,7054.75,7050.25,7053.5
1769126700,7053.5,7056.5,7052.5,7055.75
1769127000,7056,7057.5,7055.25,7056.25
1769127300,7056.25,7058,7055,7057.5
1769127600,7057.75,7059.25,7056.75,7057.5
1769127900,7057.75,7058,7056.5,7057.25
1769128200,7057.25,7058.5,7056.5,7058.25
1769128500,7058.5,7060.25,7058.25,7059.5
1769128800,7059.5,7061.25,7059.5,7061
1769129100,7061,7061.75,7060,7060.25
1769129400,7060.25,7062.25,7060.25,7061.25
1769129700,7061.25,7062.75,7060.75,7062.25
1769130000,7062.25,7066.25,7061.75,7065.5
1769130300,7065.5,7066.25,7064.75,7065.25
1769130600,7065,7066,7064.25,7065
1769130900,7065,7067.5,7065,7066
1769131200,7065.75,7067.5,7065.5,7066
1769131500,7065.75,7066.5,7062.5,7064.25
1769131800,7064,7067.5,7063.25,7067
1769132100,7067.25,7067.5,7065.25,7066
1769132400,7065.75,7066.5,7065.25,7065.75
1769132700,7065.5,7067.25,7065.25,7067.25
1769133000,7067.25,7068.25,7067,7068.25
1769133300,7068.25,7069.75,7067.75,7069.25
1769133600,7069.5,7069.75,7067,7067.5
1769133900,7067.5,7068.25,7067,7067.5
1769134200,7067.75,7068.75,7067.5,7068.5
1769134500,7068.5,7069,7067.5,7068.25
1769134800,7068.25,7068.25,7067,7067
1769135100,7067,7067.5,7066.25,7067.25
1769135400,7067,7067.25,7065.5,7066
1769135700,7066.25,7066.5,7065,7065.25
1769136000,7065.25,7065.5,7064.5,7064.75
1769136300,7064.75,7065.5,7064.5,7065
1769136600,7064.75,7065.25,7064.25,7065
1769136900,7065,7065.25,7064.25,7064.5
1769137200,7064.5,7067.25,7064.5,7067.25
1769137500,7067,7069.25,7066.75,7068.75
1769137800,7068.75,7069.25,7068,7069
1769138100,7069,7070.75,7069,7070.75
1769138400,7070.5,7071.25,7070.25,7070.25
1769138700,7070.25,7071.25,7070.25,7070.5
1769139000,7070.25,7070.75,7069,7069.25
1769139300,7069.25,7069.25,7068.25,7069
1769139600,7069,7070.25,7069,7070
1769139900,7070.25,7070.25,7068,7068.75
1769140200,7069,7070,7068.75,7070
1769140500,7069.75,7069.75,7069,7069.25
1769140800,7069.25,7070,7068.75,7069.25
1769141100,7069,7069.5,7068.25,7068.75
1769141400,7068.75,7069.75,7068.75,7069.75
1769141700,7069.75,7070.25,7068.75,7069
1769142000,7069,7069,7067.5,7068.75
1769142300,7068.75,7069.5,7068.75,7069.25
1769142600,7069.25,7070.25,7069.25,7070.25
1769142900,7070.25,7070.75,7069.75,7070.25
1769143200,7070.25,7070.25,7069,7069.25
1769143500,7069,7069.25,7068.25,7068.5
1769143800,7068.5,7071.75,7068.5,7071.75
1769144100,7071.5,7071.75,7070.75,7070.75
1769144400,7071,7072.25,7069.75,7070.5
1769144700,7070.5,7071.75,7070,7071.75
1769145000,7071.75,7073.25,7071.5,7072.25
1769145300,7072.25,7072.75,7072,7072.75
1769145600,7072.5,7073,7071.75,7072
1769145900,7072,7072.25,7071.25,7071.75
1769146200,7071.5,7072,7070.75,7071.25
1769146500,7071.25,7072.5,7071.25,7072.5
1769146800,7072.25,7072.75,7070.75,7071
1769147100,7071.25,7072.25,7071,7071.75
1769147400,7071.75,7073,7071.5,7073
1769147700,7073,7073.5,7072.5,7073.25
1769148000,7073.25,7075.25,7073,7075
1769148300,7075,7076,7074,7074
1769148600,7074,7074.75,7073,7074.5
1769148900,7074.25,7075.75,7074,7075.75
1769149200,7075.75,7075.75,7075,7075.5
1769149500,7075.75,7075.75,7073,7073.75
1769149800,7073.5,7074.5,7073.25,7073.75
1769150100,7073.75,7074,7070.25,7070.75
1769150400,7070.75,7071.25,7070.25,7070.75
1769150700,7070.5,7071.5,7070,7070.25
1769151000,7070.25,7071,7070,7070.25
1769151300,7070.25,7070.75,7070,7070.25
1769151600,7070.25,7070.25,7068.25,7069.5
1769151900,7069.75,7071,7069.25,7069.25
1769152200,7069.5,7070.25,7068.5,7069
1769152500,7069,7071.75,7069,7071.75
1769152800,7072,7073,7072,7073
1769153100,7073,7073.5,7071.25,7071.75
1769153400,7071.75,7071.75,7069.75,7070
1769153700,7070,7070.5,7069,7069.25
1769154000,7069.25,7070.25,7068.75,7069.5
1769154300,7069.75,7069.75,7066,7068
1769154600,7068,7068.5,7066.75,7067.25
1769154900,7067.25,7068.25,7066.25,7067.75
1769155200,7067.5,7067.5,7064,7066.25
1769155500,7066.25,7067.5,7065.5,7067.25
1769155800,7067.25,7067.75,7061.5,7061.5
1769156100,7061.5,7065,7061,7062
1769156400,7062,7062.25,7059,7060.25
1769156700,7060.25,7060.5,7055.75,7057.25
1769157000,7057.5,7058.75,7052.25,7053
1769157300,7053,7055,7052.5,7055
1769157600,7055.25,7057.5,7053.75,7054
1769157900,7054.25,7057,7053,7053.75
1769158200,7053.5,7054.75,7049.5,7050.75
1769158500,7050.75,7052.25,7048,7051
1769158800,7051,7055,7049.75,7053.25
1769159100,7053.5,7055.5,7053,7055
1769159400,7055,7055,7050.25,7051.25
1769159700,7051.25,7052.5,7050.5,7052.25
1769160000,7052,7055,7052,7053.75
1769160300,7054,7054.5,7050.5,7051.75
1769160600,7051.75,7052.25,7048.75,7049.25
1769160900,7049,7049.25,7045.25,7046
1769161200,7045.75,7045.75,7039.5,7040.75
1769161500,7040.5,7042.25,7038.25,7041
1769161800,7041,7043.25,7039.25,7042
1769162100,7042,7044.5,7041,7042.25
1769162400,7042,7043.75,7041,7043.5
1769162700,7043.5,7044,7042.25,7043.5
1769163000,7043.5,7043.75,7040.25,7040.5
1769163300,7040.75,7043.25,7039.75,7042.25
1769163600,7042.25,7043,7040.25,7042.5
1769163900,7042.5,7043,7040.25,7041
1769164200,7041,7041.5,7039.25,7039.5
1769164500,7039.5,7040.75,7038.5,7039.5
1769164800,7039.75,7041,7039.5,7039.5
1769165100,7039.5,7041.25,7039.25,7039.25
1769165400,7039,7041.5,7039,7041
1769165700,7041.25,7042.5,7040.5,7042.5
1769166000,7042.5,7053.75,7042,7050
1769166300,7050,7054.75,7049,7052.5
1769166600,7052.5,7054,7050.5,7052.75
1769166900,7053,7053.25,7051,7051.75
1769167200,7052,7052.75,7050.75,7051.5
1769167500,7051.75,7055,7050.5,7054.75
1769167800,7055,7056.5,7053.25,7055.75
1769168100,7055.5,7055.75,7053,7054.25
1769168400,7054.25,7054.5,7050.25,7051.25
1769168700,7051.25,7051.5,7049.25,7049.5
1769169000,7049.5,7050.5,7047.75,7048.75
1769169300,7048.5,7048.5,7044.5,7046.25
1769169600,7046,7047.25,7045.25,7046.25
1769169900,7046.25,7050.25,7046,7049
1769170200,7049,7051,7048,7048.5
1769170500,7048.5,7049.25,7046.75,7046.75
1769170800,7047,7049.75,7046.5,7048.5
1769171100,7048.5,7050.25,7048.25,7050
1769171400,7050,7051.75,7043.75,7045.5
1769171700,7045.5,7048.5,7044.5,7048
1769172000,7048.25,7052.5,7047.25,7052
1769172300,7052,7054.25,7051.25,7054.25
1769172600,7054.25,7055.25,7052.5,7052.75
1769172900,7052.75,7054.25,7051.75,7053.25
1769173200,7053.25,7053.25,7050.75,7052.75
1769173500,7052.5,7053,7050,7050
1769173800,7050,7052.75,7049.75,7051.25
1769174100,7051.25,7052.25,7047.75,7048.75
1769174400,7048.75,7049,7046.5,7047.75
1769174700,7047.5,7047.5,7040.75,7041
1769175000,7041,7045.25,7040.75,7042.5
1769175300,7042.5,7045.25,7041.25,7044.5
1769175600,7044.5,7046.75,7043.25,7043.5
1769175900,7043.5,7045,7041.75,7044
1769176200,7043.75,7044.25,7038.75,7039.25
1769176500,7039.25,7041.75,7038.5,7040.75
1769176800,7040.5,7042,7037.5,7040.75
1769177100,7040.75,7043.25,7040.5,7043
1769177400,7042.75,7043,7038.5,7040.5
1769177700,7040.25,7043.5,7039.25,7043.25
1769178000,7043.25,7044.5,7041.5,7044
1769178300,7044,7049.25,7043.5,7047.75
1769178600,7047.75,7053.25,7042.25,7043.5
1769178900,7043.75,7047.75,7038.5,7040.5
1769179200,7040.75,7048.25,7037.75,7045.75
1769179500,7046,7050.75,7039,7039.75
1769179800,7039.5,7047.75,7039,7045.75
1769180100,7045.75,7054.75,7045,7054.5
1769180400,7054.25,7061,7054,7059.25
1769180700,7059.5,7060,7055.5,7057.75
1769181000,7057.5,7058.75,7051.25,7052.75
1769181300,7052.5,7056.5,7049.75,7050.5
1769181600,7050.5,7064.25,7049.25,7061.75
1769181900,7061.75,7065.25,7057.75,7059.5
1769182200,7059.75,7062.5,7058.5,7061.75
1769182500,7061.75,7064.75,7061.5,7064.25
1769182800,7064.25,7065.5,7062.75,7063.25
1769183100,7063.5,7070.5,7061.75,7070
1769183400,7070,7071.75,7067.25,7071.25
1769183700,7071.5,7074,7070.25,7071.5
1769184000,7071.5,7076.75,7071.5,7075
1769184300,7075.25,7075.5,7069,7073.25
1769184600,7073.25,7074.5,7071.5,7072.75
1769184900,7073,7075,7070.5,7073.75
1769185200,7073.75,7073.75,7069.25,7071.25
1769185500,7071,7072.5,7066,7067.75
1769185800,7067.5,7070,7061,7063.25
1769186100,7063.5,7072.75,7061.75,7071.5
1769186400,7071.25,7073.25,7068,7071.5
1769186700,7071.25,7073.25,7067,7071.5
1769187000,7071.5,7072.5,7065.5,7067.75
1769187300,7067.75,7068,7063.5,7064.5
1769187600,7064.5,7068.25,7060.25,7067.25
1769187900,7067.25,7068.25,7064.25,7065.75
1769188200,7066,7069.5,7065,7069.5
1769188500,7069.5,7070,7065,7067
1769188800,7067.25,7068.25,7064.75,7065
1769189100,7064.75,7070.75,7064.75,7069.25
1769189400,7069,7070,7063.25,7064.5
1769189700,7064.25,7067.5,7064,7065.5
1769190000,7065.5,7065.75,7054,7055
1769190300,7054.75,7057.75,7051.25,7055.25
1769190600,7055.25,7056,7046.25,7048
1769190900,7048,7051.75,7043.75,7046.25
1769191200,7046.25,7051.25,7045,7049.75
1769191500,7049.75,7054.75,7045.25,7054.75
1769191800,7054.75,7057,7050.5,7051.25
1769192100,7051.25,7057,7050.5,7054.25
1769192400,7054.25,7056.5,7050.75,7054.5
1769192700,7054.75,7058,7054.25,7055.75
1769193000,7056,7058,7050.75,7052
1769193300,7052.25,7059.75,7052,7057.75
1769193600,7058,7058.25,7053.5,7054
1769193900,7054,7056.25,7050.25,7055
1769194200,7054.75,7057,7052.5,7054.5
1769194500,7054.75,7058,7053.75,7056.25
1769194800,7056.5,7062.75,7056,7061.75
1769195100,7061.75,7065.25,7061,7064.25
1769195400,7064.25,7065.25,7060.75,7062
1769195700,7062,7065,7061.25,7064
1769196000,7064,7069,7063.25,7067.25
1769196300,7067,7068.5,7062.25,7062.5
1769196600,7062.25,7065.75,7061.25,7062.75
1769196900,7063,7065,7058.25,7059.25
1769197200,7059.5,7063,7056.25,7061.5
1769197500,7061.75,7062.75,7058.75,7058.75
1769197800,7058.75,7062.25,7058.25,7060.5
1769198100,7060.75,7063.75,7060.5,7062.25
1769198400,7062.25,7062.75,7059,7059
1769198700,7059.25,7060.75,7055.25,7055.25
1769199000,7055.25,7059.75,7052,7058.25
1769199300,7058.25,7062.5,7058.25,7060.75
1769199600,7060.5,7060.75,7057,7057.75
1769199900,7057.75,7058.5,7055,7055.25
1769200200,7055.25,7056,7052.25,7055.25
1769200500,7055.25,7056.5,7052.5,7056.25
1769200800,7056,7060.25,7056,7059
1769201100,7058.75,7061,7058,7060.75
1769201400,7060.75,7061.25,7055,7057.5
1769201700,7057.25,7063,7055,7058.25
1769202000,7058.25,7058.75,7053,7053.5
1769202300,7053.75,7053.75,7051.75,7052
1769202600,7051.75,7052.75,7050.25,7051
1769202900,7051,7051,7046.25,7046.5
1769203200,7046.25,7049,7045,7048.5
1769203500,7048.5,7048.5,7046.25,7047
1769203800,7046.75,7048.25,7046.5,7048
1769204100,7048,7049.5,7048,7048.25
1769204400,7048.25,7048.5,7046.75,7048
1769204700,7048,7048.25,7046.75,7048
1769205000,7047.75,7048.5,7045.5,7046.75
1769205300,7047,7047.5,7046.25,7046.5
1769382000,7016.75,7016.75,6991.75,7005.75
1769382300,7006.25,7009.5,7004,7006.5
1769382600,7006.75,7013.5,7006.25,7013.25
1769382900,7013.25,7016.25,7011.25,7015.5
1769383200,7015.5,7022.75,7014.25,7015
1769383500,7015.25,7022.25,7015.25,7021.5
1769383800,7021.75,7023.5,7019,7019.5
1769384100,7019.5,7020,7014.5,7015.25
1769384400,7015.25,7019.25,7013.75,7014
1769384700,7014.25,7022.75,7013.25,7021.75
1769385000,7021.75,7024.75,7019.25,7020.5
1769385300,7020.5,7029.25,7020.5,7027
1769385600,7027.25,7032.25,7024.25,7029.5
1769385900,7029.5,7034.75,7029.5,7033
1769386200,7033,7035.75,7031.5,7032.5
1769386500,7032.5,7035.5,7031,7031.75
1769386800,7031.75,7035,7031.75,7033.5
1769387100,7033.5,7037.5,7033,7036.75
1769387400,7036.5,7037.75,7032.25,7032.75
1769387700,7032.75,7033.75,7030.5,7030.5
1769388000,7030.5,7032,7029.25,7032
1769388300,7031.75,7032,7029.5,7030.75
1769388600,7030.75,7032,7029.75,7031.75
1769388900,7031.75,7034.25,7029.25,7032.25
1769389200,7032.25,7042.5,7030,7041.5
1769389500,7041.75,7042.75,7037,7037.25
1769389800,7036.75,7039,7035.75,7036.25
1769390100,7036.25,7039.75,7036.25,7038.5
1769390400,7038.75,7046,7038.25,7043.5
1769390700,7043.25,7045,7042,7043
1769391000,7042.75,7043.75,7040.5,7040.75
1769391300,7041,7041.25,7039.5,7041
1769391600,7041,7042.5,7040.25,7041.75
1769391900,7041.5,7044.25,7040.75,7043
1769392200,7043,7046,7040.5,7043.5
1769392500,7043.5,7045.5,7042.25,7042.75
1769392800,7042.75,7044.25,7041.75,7043.5
1769393100,7043.5,7044.5,7042,7042.75
1769393400,7043,7045.5,7042.75,7044.25
1769393700,7044,7045.75,7042.5,7042.5
1769394000,7043,7045.5,7041.75,7042.5
1769394300,7042.5,7043.5,7041.5,7043
1769394600,7043.25,7043.25,7040,7041.5
1769394900,7041.5,7041.75,7039,7039.5
1769395200,7039.5,7040.25,7036.5,7037
1769395500,7037.25,7037.25,7033,7035.75
1769395800,7035.75,7037.25,7034,7035
1769396100,7035,7036.25,7034.5,7035.75
1769396400,7035.75,7040.75,7035.75,7040.75
1769396700,7040.5,7044.5,7040.5,7043.25
1769397000,7043.5,7044,7042,7042
1769397300,7042.25,7043,7040.5,7041
1769397600,7041.25,7041.25,7038.25,7040.75
1769397900,7040.75,7042,7039.5,7040.25
1769398200,7040.5,7041,7038.25,7039
1769398500,7039,7041,7038.75,7040.25
1769398800,7040.5,7042.25,7039.25,7039.75
1769399100,7040,7041,7039,7040
1769399400,7040,7040.5,7038.5,7040
1769399700,7040,7041.25,7039,7039.75
1769400000,7039.75,7039.75,7037.75,7038.75
1769400300,7038.75,7039.25,7037.75,7038.25
1769400600,7038.25,7039,7037.5,7038
1769400900,7038,7039.75,7037.75,7039
1769401200,7039,7041.75,7039,7039.75
1769401500,7040,7043,7040,7042.75
1769401800,7043,7044.25,7038.5,7039.75
1769402100,7039.5,7041.75,7038.25,7039.75
1769402400,7039.75,7039.75,7037,7038.25
1769402700,7038.25,7039.75,7037.25,7038.25
1769403000,7038.25,7039.75,7037.5,7039.75
1769403300,7039.75,7041,7039,7039.5
1769403600,7039.5,7040.5,7039,7039.75
1769403900,7039.75,7040.25,7038.5,7039
1769404200,7038.75,7039.75,7038.25,7038.5
1769404500,7038.5,7041.75,7038.5,7041.5
1769404800,7041.5,7042.75,7040.75,7041.25
1769405100,7041.5,7045.25,7039.75,7044.25
1769405400,7044,7046.75,7043,7046.25
1769405700,7046.25,7046.75,7044,7044.75
1769406000,7044.75,7045.5,7044,7044.75
1769406300,7044.75,7044.75,7043.25,7044.5
1769406600,7044.5,7046.25,7044.5,7045.75
1769406900,7045.75,7046.5,7044.75,7046
1769407200,7046.25,7049.25,7046,7048.5
1769407500,7048.5,7049.25,7047.25,7047.75
1769407800,7048,7049.25,7046.75,7049
1769408100,7049,7051.5,7049,7050.25
1769408400,7050.5,7051,7049.75,7050.5
1769408700,7050.5,7051.75,7050.25,7050.25
1769409000,7050.5,7050.75,7047,7047.5
1769409300,7047.25,7048.25,7046.25,7047
1769409600,7047.25,7047.25,7045.5,7046.5
1769409900,7046.5,7048.75,7046,7047.75
1769410200,7047.5,7051,7047.5,7048.25
1769410500,7048.5,7049.75,7046.25,7046.75
1769410800,7046.75,7049.5,7046,7047.75
1769411100,7047.75,7049,7047.75,7048.75
1769411400,7048.75,7050.25,7048.25,7050.25
1769411700,7050.25,7051.25,7048.5,7049.25
1769412000,7049,7052,7048.5,7051.5
1769412300,7051.75,7052.5,7051.25,7051.75
1769412600,7052,7052,7049,7050
1769412900,7050.25,7052,7050.25,7051.25
1769413200,7051.5,7053.25,7051.25,7052
1769413500,7052,7053.75,7050.75,7051.5
1769413800,7051.5,7055,7051.25,7054.25
1769414100,7054,7055.75,7053,7053.5
1769414400,7053.75,7056.5,7053.5,7056
1769414700,7056.25,7057.5,7055.75,7056.5
1769415000,7056.5,7057,7054,7056.25
1769415300,7056.25,7056.75,7054.5,7056
1769415600,7056,7061.5,7055.5,7061.25
1769415900,7061.25,7062,7059.5,7059.75
1769416200,7059.5,7062,7058.75,7059
1769416500,7059.25,7061.5,7058,7060.75
1769416800,7060.5,7060.75,7058.5,7059.75
1769417100,7059.75,7060.25,7058.25,7058.75
1769417400,7058.75,7061,7058.75,7060.5
1769417700,7060.5,7061.75,7059.5,7060.75
1769418000,7060.75,7061,7058.5,7060
1769418300,7060,7063,7060,7062.25
1769418600,7062,7062.25,7058,7058.5
1769418900,7058.75,7060,7057.5,7059.25
1769419200,7059.5,7059.5,7056.5,7058.25
1769419500,7058.25,7058.25,7056,7056.25
1769419800,7056.25,7056.75,7048.25,7049.25
1769420100,7049,7049.25,7044.25,7044.5
1769420400,7044.5,7046.5,7040.75,7041.25
1769420700,7041.25,7043,7037.25,7037.75
1769421000,7037.5,7038,7034.5,7037.75
1769421300,7037.5,7041.5,7037.5,7041
1769421600,7041,7043.25,7040,7041.75
1769421900,7042,7044.25,7040.25,7040.75
1769422200,7040.5,7044.75,7040.25,7044.5
1769422500,7044.25,7045.75,7043.75,7044.5
1769422800,7044.25,7045.5,7041.5,7044.75
1769423100,7044.5,7047.5,7043.5,7046.75
1769423400,7046.5,7050.5,7045.5,7048.25
1769423700,7048.5,7051.5,7048.5,7050.25
1769424000,7050.5,7051,7047.75,7048.75
1769424300,7048.75,7050.5,7048.5,7049.25
1769424600,7049,7050.25,7048.25,7048.75
1769424900,7048.5,7049.5,7047,7047
1769425200,7047.25,7048.75,7046.25,7046.5
1769425500,7047,7048.75,7046.25,7046.5
1769425800,7046.75,7047.25,7045,7047
1769426100,7047,7047.75,7046.5,7047
1769426400,7047,7048,7047,7047.5
1769426700,7047.25,7047.75,7045.75,7046.5
1769427000,7046.5,7049.5,7046.25,7048
1769427300,7048,7048.75,7047.25,7047.25
1769427600,7047.5,7048,7045.5,7046.25
1769427900,7046.5,7046.75,7045,7045.5
1769428200,7045.75,7048.25,7045.25,7047.25
1769428500,7047.5,7050.25,7047.25,7049.5
1769428800,7049.25,7055.5,7049,7054.75
1769429100,7054.5,7057.5,7053.5,7055.75
1769429400,7055.75,7057.5,7055.25,7056.5
1769429700,7056.5,7056.75,7053.75,7054
1769430000,7054,7055,7052,7052.25
1769430300,7052.25,7054,7052,7053.75
1769430600,7053.5,7054.75,7051.75,7053
1769430900,7053,7053.75,7052.25,7053
1769431200,7052.75,7053,7050.75,7051.5
1769431500,7051.5,7053.25,7050.75,7051.5
1769431800,7051.5,7054.5,7051,7053
1769432100,7053,7054.25,7052.75,7053.5
1769432400,7053.5,7056,7052,7054
1769432700,7054,7057.25,7053,7057.25
1769433000,7057,7058.5,7056.5,7058.5
1769433300,7058.25,7060.5,7058.25,7059.5
1769433600,7059.5,7061,7057.75,7058
1769433900,7058,7058,7055.5,7056.25
1769434200,7056.25,7057.25,7055,7055.5
1769434500,7055.25,7055.5,7052,7053.5
1769434800,7053.75,7055.25,7050.25,7054.75
1769435100,7054.75,7060.25,7054.25,7060
1769435400,7059.75,7062.75,7059.75,7061.25
1769435700,7061.5,7065.25,7060.75,7064.5
1769436000,7064.5,7068,7064.25,7065
1769436300,7065,7067.75,7064.5,7066.25
1769436600,7066.25,7067.25,7064.25,7065
1769436900,7065.25,7066.5,7064.75,7065
1769437200,7065,7066.25,7063.75,7066.25
1769437500,7066.25,7070.75,7066,7070.5
1769437800,7070.5,7079.25,7064.75,7079
1769438100,7078.75,7086,7078.75,7083.5
1769438400,7083.5,7089.25,7080.75,7088.25
1769438700,7088.5,7092,7087.75,7088.25
1769439000,7088.5,7092.75,7087,7090.25
1769439300,7090.25,7092.75,7088.5,7089.25
1769439600,7089,7090.25,7086.5,7088.5
1769439900,7088.75,7090.25,7085.75,7086
1769440200,7086,7093.25,7083.75,7092.25
1769440500,7092.25,7098,7091.25,7097.25
1769440800,7097.5,7100.75,7097.5,7100.25
1769441100,7100.25,7100.25,7091.5,7092
1769441400,7091.75,7097.25,7090,7095
1769441700,7094.75,7096.75,7092.75,7094.25
1769442000,7094.25,7094.5,7088.75,7089.5
1769442300,7089.5,7097.75,7089.5,7096
1769442600,7096,7100,7095.5,7098
1769442900,7098.25,7099.75,7095.25,7096.5
1769443200,7096.5,7097.25,7094,7095.75
1769443500,7095.75,7096.25,7092.75,7095
1769443800,7095,7096,7093,7094.75
1769444100,7094.5,7095.25,7090.25,7091.25
1769444400,7091,7096.75,7088.5,7096
1769444700,7096,7099.25,7095,7097.75
1769445000,7097.75,7100.25,7096,7096.25
1769445300,7096.25,7099,7095,7097
1769445600,7096.75,7097.75,7095,7095.5
1769445900,7095.5,7097.75,7094.25,7096.25
1769446200,7096.25,7098.5,7095.5,7097.5
1769446500,7097.75,7099,7096.25,7097.5
1769446800,7097.75,7103.25,7096.75,7102.25
1769447100,7102.25,7103.75,7101,7101.25
1769447400,7101.25,7102.5,7099.5,7101.75
1769447700,7101.5,7103.25,7100.75,7101.5
1769448000,7101.5,7103.25,7101,7102.25
1769448300,7102,7103,7101.25,7101.75
1769448600,7101.5,7102.25,7098.75,7100.5
1769448900,7100.5,7101.75,7099.5,7101
1769449200,7100.75,7102.5,7100,7102.25
1769449500,7102.25,7102.25,7097.5,7098.25
1769449800,7098.25,7100.5,7096.75,7099
1769450100,7099.25,7100.25,7097.5,7098.75
1769450400,7098.75,7100,7097,7098.25
1769450700,7098.5,7098.75,7095.5,7096.5
1769451000,7096.25,7097.75,7096.25,7097
1769451300,7096.75,7101.25,7095.75,7100.75
1769451600,7100.75,7103.75,7100.25,7103.25
1769451900,7103.25,7105.75,7101.5,7104.5
1769452200,7104.25,7108.25,7104,7107
1769452500,7107,7107.25,7103,7103.25
1769452800,7103.5,7104,7101.25,7101.75
1769453100,7102,7102,7099.75,7101.75
1769453400,7101.75,7103.5,7101,7103.25
1769453700,7103,7103.5,7101,7102.5
1769454000,7102.25,7103.75,7101.25,7102.25
1769454300,7102.5,7105,7101.5,7104.25
1769454600,7104.25,7106.25,7104,7104.5
1769454900,7104.5,7105.5,7103.5,7104.75
1769455200,7104.75,7104.75,7101,7101.75
1769455500,7102,7105.25,7101.25,7105
1769455800,7104.75,7106,7103,7103.75
1769456100,7104,7104.75,7102,7104
1769456400,7104.25,7106.5,7103.5,7105.25
1769456700,7105.25,7106,7103,7104
1769457000,7103.75,7105,7102.25,7102.75
1769457300,7102.75,7104.75,7101.75,7102.25
1769457600,7102.25,7103.75,7100.5,7103.75
1769457900,7103.75,7104,7102.25,7103.25
1769458200,7103,7103.75,7101.75,7102.75
1769458500,7102.75,7103,7100.5,7101.25
1769458800,7101.25,7103.5,7100.75,7102.75
1769459100,7102.5,7102.75,7101.25,7101.75
1769459400,7101.75,7104.25,7101.5,7103.25
1769459700,7103.25,7104.25,7102.5,7102.5
1769460000,7102.75,7103.25,7100.25,7101.75
1769460300,7102,7103.75,7101,7102.5
1769460600,7102.5,7102.5,7094.75,7096.25
1769460900,7096.25,7096.75,7092.25,7093.5
1769461200,7093.5,7094.5,7091.5,7092.25
1769461500,7092,7093.25,7091,7091.5
1769461800,7091.75,7093,7090.25,7092.75
1769462100,7092.75,7094.5,7092.5,7094
1769462400,7093.75,7094.75,7093.25,7094
1769462700,7094.25,7095.75,7094,7095.25
1769463000,7095,7095,7093.75,7093.75
1769463300,7093.75,7094,7093,7093.75
1769463600,7093.5,7094.75,7093.5,7094.5
1769463900,7094.25,7094.25,7092.5,7093.5
1769464200,7093.5,7094.25,7092.75,7092.75
1769464500,7093,7093.75,7089,7089.75
1769468400,7089.75,7090,7085.25,7085.5
1769468700,7085.5,7090.25,7084.75,7089.25
1769469000,7089.25,7091.5,7089.25,7090.5
1769469300,7090.25,7095,7089.75,7092.75
1769469600,7093,7096.25,7092.75,7095
1769469900,7095.25,7095.25,7090.25,7090.75
1769470200,7090.5,7091.25,7089.5,7090.25
1769470500,7090.25,7090.75,7089.75,7090.5
1769470800,7090.5,7092.5,7090.25,7091.5
1769471100,7091.75,7092.75,7091.25,7092.25
1769471400,7092.25,7093.25,7092,7092.75
1769471700,7092.75,7094,7092.5,7094
1769472000,7094,7094,7090.25,7090.5
1769472300,7090.75,7092.5,7090.25,7092
1769472600,7092.25,7094,7092,7092.25
1769472900,7092.5,7094.75,7092.25,7094.5
1769473200,7094.5,7095.25,7094,7094.75
1769473500,7094.75,7095,7093.5,7094
1769473800,7093.75,7095.5,7093,7095
1769474100,7095.25,7096.25,7094.5,7095.5
1769474400,7095.25,7096.25,7094.75,7095
1769474700,7095,7095.75,7094.5,7095.5
1769475000,7095.5,7096,7095,7095.75
1769475300,7095.75,7096.75,7095.5,7096.25
1769475600,7096,7096.5,7094.5,7096.25
1769475900,7096.25,7096.75,7095.75,7096.5
1769476200,7096.75,7098,7096.5,7097.5
1769476500,7097.75,7098.5,7096.5,7098.25
1769476800,7098,7098.25,7097.25,7097.75
1769477100,7097.75,7099.25,7097.75,7098.5
1769477400,7098.25,7099.5,7098,7099.5
1769477700,7099.5,7100,7098.75,7098.75
1769478000,7099,7100,7098.5,7099.5
1769478300,7099.25,7101,7098.5,7100.75
1769478600,7100.5,7101,7099.75,7100.5
1769478900,7100.25,7100.75,7099.5,7100.25
1769479200,7100,7102,7100,7102
1769479500,7102,7104.75,7102,7104
1769479800,7104.25,7105.25,7104,7104.25
1769480100,7104.5,7105.5,7104.5,7105.5
1769480400,7105.25,7107,7105,7106.25
1769480700,7106.5,7106.5,7105.5,7105.75
1769481000,7105.75,7106,7104.5,7105.75
1769481300,7105.75,7107.5,7104.5,7107.5
1769481600,7107.5,7107.75,7106.75,7107.25
1769481900,7107.5,7107.5,7106.25,7107
1769482200,7106.75,7107.75,7106.75,7107
1769482500,7107,7110.25,7107,7109.75
1769482800,7109.5,7109.75,7109,7109.75
1769483100,7109.75,7110.5,7109.5,7110.25
1769483400,7110.5,7110.5,7109,7109.25
1769483700,7109.25,7110,7108.75,7109.5
1769484000,7109.5,7110.5,7109.5,7109.75
1769484300,7109.75,7109.75,7109.25,7109.25
1769484600,7109.5,7110.25,7109,7110
1769484900,7109.75,7111,7109.5,7110.75
1769485200,7110.75,7111,7110.5,7110.5
1769485500,7110.5,7110.75,7109.25,7110.75
1769485800,7110.5,7110.75,7110,7110.75
1769486100,7110.75,7111.75,7110.5,7111
1769486400,7111.25,7111.5,7110.75,7111
1769486700,7111,7114.75,7111,7114
1769487000,7114,7116.25,7114,7114.5
1769487300,7114.25,7115.25,7114,7114
1769487600,7114.25,7114.75,7113.5,7113.5
1769487900,7113.5,7113.75,7112.25,7113.5
1769488200,7113.5,7114.25,7113.25,7113.5
1769488500,7113.5,7114,7113.25,7113.75
1769488800,7113.75,7113.75,7113.25,7113.5
1769489100,7113.75,7113.75,7113.25,7113.25
1769489400,7113.5,7114,7113.25,7113.75
1769489700,7114,7114,7113.25,7113.5
1769490000,7113.25,7113.5,7112,7112
1769490300,7111.75,7111.75,7110,7111
1769490600,7110.75,7111.25,7109.75,7111
1769490900,7111,7111.25,7110.25,7110.75
1769491200,7110.5,7111.25,7110,7110.75
1769491500,7111,7111,7110.5,7110.75
1769491800,7111,7113.25,7111,7112
1769492100,7112,7112.75,7112,7112
1769492400,7112,7114.25,7112,7114
1769492700,7114,7114.75,7113.75,7114.5
1769493000,7114.75,7115.5,7114.5,7115.5
1769493300,7115.5,7116,7115.25,7115.5
1769493600,7115.5,7117.5,7115.5,7117.25
1769493900,7117.5,7119.25,7117.25,7118.5
1769494200,7118.25,7118.5,7116.75,7117.75
1769494500,7117.75,7118.25,7117.75,7117.75
1769494800,7117.5,7118,7116.5,7117.5
1769495100,7117.5,7118.25,7117,7117.75
1769495400,7117.75,7118,7116,7116
1769495700,7116.25,7116.75,7114.75,7115.25
1769496000,7115,7115.75,7113.75,7114.25
1769496300,7114.5,7115,7113.75,7114.5
1769496600,7114.25,7114.75,7113,7113.25
1769496900,7113.5,7113.75,7113,7113.5
1769497200,7113.5,7115.75,7113.5,7114.75
1769497500,7115,7115.25,7113.5,7115
1769497800,7114.75,7115,7114.25,7114.25
1769498100,7114.5,7115,7113.75,7114
1769498400,7114,7114.25,7112.25,7113.5
1769498700,7113.25,7113.75,7113.25,7113.75
1769499000,7113.5,7114.75,7113,7114.5
1769499300,7114.75,7116,7114.25,7115.75
1769499600,7116,7116.75,7115.5,7115.75
1769499900,7115.5,7115.75,7111.75,7112.5
1769500200,7112.75,7114.25,7112.25,7114
1769500500,7113.75,7115.5,7113.5,7114.75
1769500800,7114.75,7115.75,7113.5,7113.75
1769501100,7113.75,7115,7112.5,7114
1769501400,7114.25,7114.75,7110.75,7112.75
1769501700,7113,7115.25,7111.75,7112.25
1769502000,7112.25,7113.25,7109.25,7110
1769502300,7110.25,7111.25,7109.25,7109.75
1769502600,7109.75,7110.75,7108.25,7108.25
1769502900,7108.25,7109,7107,7107.5
1769503200,7107.5,7110.25,7107.5,7109
1769503500,7109.25,7110.75,7108.75,7109.75
1769503800,7109.5,7111.75,7109.5,7110.5
1769504100,7110.5,7110.75,7109.75,7110
1769504400,7110,7111.25,7108.25,7111
1769504700,7111,7112,7109.75,7111
1769505000,7111,7111.5,7108.75,7109.5
1769505300,7109.25,7111.5,7109,7109
1769505600,7109,7111.5,7109,7110.75
1769505900,7110.75,7111,7109.75,7109.75
1769506200,7109.75,7110,7108.75,7109
1769506500,7109.25,7111,7109,7110.25
1769506800,7110.5,7111.25,7110,7110.25
1769507100,7110.25,7111,7109.5,7110
1769507400,7109.75,7111,7108.5,7109.25
1769507700,7109.25,7109.5,7107.5,7108.25
1769508000,7108,7110.5,7107.75,7110.5
1769508300,7110.75,7111,7109.75,7110
1769508600,7110.25,7111.5,7109.75,7110.25
1769508900,7110.25,7112,7110.25,7111.75
1769509200,7111.75,7111.75,7110.25,7110.75
1769509500,7110.75,7112.5,7110.75,7111.75
1769509800,7111.75,7112,7111.5,7112
1769510100,7111.75,7112.25,7111.25,7112
1769510400,7112,7112.25,7111.25,7111.5
1769510700,7111.75,7112.5,7111.5,7112.25
1769511000,7112,7112.75,7111.5,7111.5
1769511300,7111.75,7113.25,7110.25,7111.75
1769511600,7111.75,7112.25,7109.75,7111.25
1769511900,7111.25,7111.5,7110,7110.75
1769512200,7111,7112,7110.75,7111.5
1769512500,7111.25,7111.5,7109.75,7110
1769512800,7110.25,7112,7109.75,7110.25
1769513100,7110.5,7111.25,7110.25,7111.25
1769513400,7111,7114.25,7110.75,7114.25
1769513700,7114.5,7115.75,7113,7113.5
1769514000,7113.25,7115.25,7113.25,7115
1769514300,7115,7115.75,7114,7115
1769514600,7115.25,7116.25,7114.75,7115
1769514900,7115,7115.5,7114.25,7115
1769515200,7114.75,7115,7112,7112
1769515500,7112,7112.25,7111.25,7111.75
1769515800,7112,7112.25,7110.75,7111
1769516100,7111,7111,7109.75,7110.5
1769516400,7110.75,7111.75,7110,7110.5
1769516700,7110.5,7111,7107.75,7108.25
1769517000,7108.25,7110.25,7107.25,7109.25
1769517300,7109.25,7112.25,7109.25,7111.25
1769517600,7111,7112,7110,7110.5
1769517900,7110.25,7112,7109.75,7110.25
1769518200,7110.5,7111.25,7109.25,7110.5
1769518500,7110.5,7110.75,7109.5,7110
1769518800,7109.75,7112,7109.75,7110.75
1769519100,7110.5,7112,7110,7110.75
1769519400,7110.75,7112.5,7110,7111.75
1769519700,7111.75,7112.25,7110,7110
1769520000,7110.25,7111.5,7109.25,7111
1769520300,7111.25,7111.25,7109.25,7109.75
1769520600,7109.75,7109.75,7108.25,7109.5
1769520900,7109.75,7111.5,7109.25,7111.25
1769521200,7111.5,7111.5,7109.75,7110.25
1769521500,7110.25,7111.5,7107.5,7107.5
1769521800,7107.5,7109,7106.75,7108.75
1769522100,7108.5,7109,7107,7107.75
1769522400,7107.75,7110,7107.75,7109.5
1769522700,7109.5,7110.5,7108,7108.75
1769523000,7108.5,7109.25,7107.25,7107.5
1769523300,7107.5,7109.5,7105.25,7105.25
1769523600,7105.25,7106.5,7104.75,7106.5
1769523900,7106.5,7109,7105.75,7106.75
1769524200,7107,7108.75,7103.75,7107.75
1769524500,7107.75,7109,7101,7101
1769524800,7101.25,7109.5,7101,7106.5
1769525100,7106.5,7111.25,7106.5,7110.5
1769525400,7110.25,7119.25,7110.25,7118.25
1769525700,7118.25,7120.5,7117,7117.75
1769526000,7118,7120.25,7116.25,7117
1769526300,7117,7118.25,7110.75,7118
1769526600,7118.25,7119.5,7115.25,7117
1769526900,7117,7118.75,7115,7118.25
1769527200,7118.25,7120,7115.5,7117
1769527500,7117,7117,7113.25,7113.5
1769527800,7113.25,7119,7112.5,7118.75
1769528100,7118.75,7122.75,7118.25,7121.25
1769528400,7121.25,7125,7120.75,7124.25
1769528700,7124.25,7127.5,7124,7126
1769529000,7126,7126.25,7124.25,7125.25
1769529300,7125.25,7126,7123.25,7126
1769529600,7126,7127.75,7125.75,7127
1769529900,7126.75,7128.5,7125.75,7126.75
1769530200,7126.75,7128.75,7126.5,7128
1769530500,7128,7130.75,7127,7130.5
1769530800,7130.25,7130.75,7128.5,7130
1769531100,7129.75,7130.25,7127.75,7127.75
1769531400,7127.75,7130.25,7127.25,7128.75
1769531700,7128.5,7131,7128,7130
1769532000,7130.25,7131.25,7129.25,7129.25
1769532300,7129.5,7130.25,7128,7129.5
1769532600,7129.75,7129.75,7127,7127.5
1769532900,7127.5,7128.5,7125.75,7125.75
1769533200,7125.75,7127.25,7125.25,7126.5
1769533500,7126.5,7127,7124.5,7125.5
1769533800,7125.25,7125.5,7123.25,7123.5
1769534100,7123.25,7123.5,7119.25,7121
1769534400,7120.75,7123.5,7120.5,7122.25
1769534700,7122.25,7127,7121.75,7125.5
1769535000,7125.5,7126.5,7122.75,7123.25
1769535300,7123,7123.75,7121.25,7123
1769535600,7122.75,7125.25,7121.5,7122.5
1769535900,7122.25,7123.75,7121.25,7123
1769536200,7122.5,7123.5,7120.75,7121.25
1769536500,7121.25,7121.5,7119.5,7119.75
1769536800,7119.75,7120.25,7114.25,7116.5
1769537100,7116.5,7117.5,7114.75,7116.5
1769537400,7116.25,7120.25,7115.25,7120
1769537700,7119.75,7122.75,7119.5,7122.5
1769538000,7122.75,7125.5,7122.25,7125
1769538300,7125.25,7125.25,7122.25,7123.5
1769538600,7123.5,7127.25,7123.5,7125.75
1769538900,7125.75,7126,7123.75,7124.25
1769539200,7124.25,7125,7122.75,7123.25
1769539500,7123.5,7125.5,7123,7124.75
1769539800,7124.75,7126.25,7124.75,7125.75
1769540100,7125.75,7128,7125.25,7126
1769540400,7126.25,7126.25,7124,7125
1769540700,7125,7125.75,7123.25,7124.5
1769541000,7124.5,7126.5,7123.5,7125.5
1769541300,7125.5,7126.5,7125,7125.75
1769541600,7125.5,7127,7125.5,7126.5
1769541900,7126.75,7128,7126.25,7127.5
1769542200,7127.5,7129.75,7127.5,7128
1769542500,7128,7128.25,7127,7128
1769542800,7128,7128,7126.25,7127.5
1769543100,7127.75,7127.75,7126,7127.5
1769543400,7127.5,7128,7126.25,7127.25
1769543700,7127.5,7127.5,7126.25,7126.5
1769544000,7126.75,7128,7126,7127.5
1769544300,7127.5,7127.5,7126,7127.25
1769544600,7127.25,7130,7127,7129.75
1769544900,7129.5,7130,7127.75,7128.75
1769545200,7128.75,7129.5,7127.5,7127.5
1769545500,7127.5,7127.5,7125.25,7126
1769545800,7126,7126.75,7124,7126.75
1769546100,7126.5,7126.5,7125,7126
1769546400,7126,7126.25,7124,7125.25
1769546700,7125.25,7127.25,7123.75,7127
1769547000,7127,7128,7122,7122.5
1769547300,7122.5,7123.5,7119.75,7121.5
1769547600,7121.75,7122.5,7119,7120.25
1769547900,7120.25,7121.75,7119.25,7119.5
1769548200,7119.5,7120.5,7118.25,7119.5
1769548500,7119.75,7123.5,7119.5,7123
1769548800,7122.75,7123,7120,7120
1769549100,7120,7121.25,7119,7121
1769549400,7121,7122,7120.75,7121.5
1769549700,7121.75,7123.5,7121.75,7123.5
1769550000,7123.25,7124.75,7123,7124
1769550300,7124,7124.5,7122.75,7123.25
1769550600,7123.25,7123.75,7122.5,7122.75
1769550900,7122.5,7123,7121.75,7122.25
1769554800,7123,7127.75,7122,7126
1769555100,7126.25,7126.75,7123.75,7125.75
1769555400,7125.75,7127.5,7125.75,7127.25
1769555700,7127,7127.25,7125.25,7125.75
1769556000,7125.75,7125.75,7124.25,7125.5
1769556300,7125.5,7126.25,7125.5,7126.25
1769556600,7126.25,7126.5,7125.75,7126
1769556900,7126,7126,7124.75,7125
1769557200,7125.25,7126,7125,7126
1769557500,7126,7126,7125.5,7126
1769557800,7125.75,7126,7125.75,7125.75
1769558100,7125.5,7125.75,7125.25,7125.5
1769558400,7125.5,7126.25,7125.25,7125.75
1769558700,7125.75,7127.75,7125.25,7127.5
1769559000,7127.5,7130.5,7127.25,7130
1769559300,7129.75,7131,7129.5,7130.5
1769559600,7130.5,7131,7130,7130.25
1769559900,7130.5,7132.5,7130.5,7132
1769560200,7131.75,7136.25,7131.75,7135.75
1769560500,7135.75,7138.25,7135.5,7138
1769560800,7137.75,7139.25,7136.5,7138.75
1769561100,7139,7139,7136,7137.25
1769561400,7137,7137.75,7135.25,7136.25
1769561700,7136.25,7137.5,7135.5,7137.25
1769562000,7137.5,7139.25,7137.25,7138.5
1769562300,7138.5,7139.75,7137.75,7139.5
1769562600,7139.5,7140.25,7139.5,7139.5
1769562900,7139.75,7139.75,7138,7138
1769563200,7138,7139.25,7137.75,7138.75
1769563500,7138.5,7139.25,7138.5,7139.25
1769563800,7139.25,7139.5,7137.75,7138.25
1769564100,7138,7138,7137,7137.75
1769564400,7137.75,7138.25,7136.25,7136.5
1769564700,7136.5,7138,7136,7137.5
1769565000,7137.5,7137.75,7135.75,7136
1769565300,7135.75,7136.5,7135.25,7136.25
1769565600,7136.25,7137.75,7135.75,7136.25
1769565900,7136.25,7139.25,7136.25,7138.75
1769566200,7139,7139,7137.75,7138
1769566500,7138,7138.75,7137,7138.75
1769566800,7138.5,7139,7138,7139
1769567100,7138.75,7139,7137.75,7137.75
1769567400,7137.75,7139,7137.5,7138.5
1769567700,7138.5,7140,7138.5,7139.25
1769568000,7139,7139.25,7137.5,7138.25
1769568300,7138.25,7139.5,7137.75,7138.75
1769568600,7138.5,7139.75,7138.25,7138.75
1769568900,7138.5,7139.25,7138.25,7138.75
1769569200,7138.5,7139.75,7138.25,7139.5
1769569500,7139.5,7139.75,7139,7139.25
1769569800,7139.25,7139.5,7138.75,7139.25
1769570100,7139.25,7140,7139,7139.25
1769570400,7139.25,7139.5,7138.75,7139.25
1769570700,7139,7139,7136.75,7137.5
1769571000,7137.75,7138.5,7136.5,7137.75
1769571300,7137.75,7139,7137.75,7138.25
1769571600,7138.25,7138.25,7136.75,7136.75
1769571900,7137,7138.25,7136.5,7137.5
1769572200,7137.75,7138,7137.25,7137.5
1769572500,7137.75,7137.75,7136.5,7137
1769572800,7137,7138.5,7137,7138.25
1769573100,7138,7140.25,7138,7140.25
1769573400,7140.25,7140.25,7139.25,7139.75
1769573700,7139.75,7140.5,7139.25,7140
1769574000,7139.75,7140,7139.25,7139.75
1769574300,7140,7140.5,7139.5,7140.25
1769574600,7140.25,7140.5,7139.5,7140
1769574900,7140,7140,7139,7139.5
1769575200,7139.75,7139.75,7139,7139.5
1769575500,7139.5,7139.5,7138.5,7139.25
1769575800,7139.25,7139.5,7139,7139.25
1769576100,7139.25,7139.75,7139.25,7139.5
1769576400,7139.75,7141,7139.75,7141
1769576700,7141,7141.25,7140.75,7141
1769577000,7141,7141.75,7141,7141.5
1769577300,7141.5,7142.25,7141.25,7141.5
1769577600,7141.5,7142.5,7141.5,7141.75
1769577900,7141.75,7142,7141,7141.5
1769578200,7141.75,7142.25,7141.25,7141.75
1769578500,7142,7143.75,7141.75,7143.5
1769578800,7143.25,7143.75,7142.75,7143.5
1769579100,7143.5,7144.5,7143.5,7144.25
1769579400,7144.25,7144.75,7144,7144.5
1769579700,7144.25,7145,7144,7144.5
1769580000,7144.5,7154.25,7144.5,7148
1769580300,7148,7148.5,7146.25,7146.5
1769580600,7146.75,7149.25,7146,7149
1769580900,7148.75,7151.5,7147.75,7151
1769581200,7151,7151.5,7149,7149.5
1769581500,7149.5,7151,7147.5,7148.75
1769581800,7149,7155.75,7148.75,7152.5
1769582100,7152.25,7153.75,7151.25,7151.5
1769582400,7151.5,7151.5,7149.25,7149.75
1769582700,7149.5,7149.75,7148.25,7149.25
1769583000,7149.25,7152,7149,7149.25
1769583300,7149.25,7149.5,7147.25,7147.25
1769583600,7147.5,7147.75,7145.75,7146.75
1769583900,7147,7148.75,7146.25,7148.5
1769584200,7148.5,7149.75,7147,7149.5
1769584500,7149.5,7149.75,7146.5,7148.5
1769584800,7148.5,7149,7146.75,7147
1769585100,7147.25,7148.25,7145.75,7147
1769585400,7146.75,7146.75,7144.5,7145.5
1769585700,7145.5,7145.75,7143.5,7145.5
1769586000,7145.5,7148.5,7145.25,7148.25
1769586300,7148.5,7150.25,7147,7149.5
1769586600,7149.75,7150,7148.5,7149
1769586900,7149,7149.75,7147.5,7149.5
1769587200,7149.5,7151.75,7147.75,7150
1769587500,7150,7150.25,7146,7146
1769587800,7146.25,7147.5,7145.25,7145.75
1769588100,7146,7146.75,7141.75,7142.5
1769588400,7142.5,7148.25,7141.75,7147.25
1769588700,7147.25,7147.5,7145,7145.25
1769589000,7145,7146.5,7144.5,7146
1769589300,7146.25,7146.5,7145.25,7145.5
1769589600,7145.5,7145.5,7143.75,7143.75
1769589900,7143.5,7143.75,7139.5,7139.75
1769590200,7139.75,7141.5,7138.75,7141
1769590500,7140.75,7141.5,7138.75,7140
1769590800,7140.25,7141.5,7139.75,7141.5
1769591100,7141.5,7143.5,7139.25,7143.25
1769591400,7143.25,7144.5,7141.5,7141.75
1769591700,7142,7143.25,7141,7141.5
1769592000,7141.5,7142,7138.75,7140.5
1769592300,7140.75,7142,7139.75,7141
1769592600,7141,7141.75,7139.75,7141.25
1769592900,7141.25,7144,7141,7142.25
1769593200,7142.5,7143.25,7141.5,7143
1769593500,7143,7144.25,7142,7142.25
1769593800,7142.5,7145.75,7142.5,7144
1769594100,7144,7145.5,7144,7144.25
1769594400,7144.5,7144.5,7142.25,7144.25
1769594700,7144,7146.25,7142.25,7145.25
1769595000,7145.5,7146,7143.75,7143.75
1769595300,7143.75,7144.25,7142.75,7143
1769595600,7142.75,7145.25,7142.25,7142.5
1769595900,7142.5,7144.75,7142.5,7144.5
1769596200,7144.5,7145,7144,7144.25
1769596500,7144.5,7146.5,7144.5,7146
1769596800,7146,7148.25,7145.75,7147.25
1769597100,7147.5,7148,7146,7146.5
1769597400,7146.5,7148,7146.5,7147
1769597700,7147,7149.25,7147,7148.25
1769598000,7148.25,7148.25,7144,7144.5
1769598300,7144.75,7145.75,7143.75,7145
1769598600,7145,7145.25,7143,7143.75
1769598900,7143.75,7144.75,7142,7142.75
1769599200,7142.5,7143.5,7141.5,7143
1769599500,7143,7146.25,7142.75,7146
1769599800,7146,7147.25,7145.75,7146.75
1769600100,7147,7147.25,7146,7146.75
1769600400,7147,7147.5,7145.5,7145.75
1769600700,7145.75,7146.25,7144.5,7145.5
1769601000,7145.5,7148,7145,7146.5
1769601300,7146.25,7147.25,7145.5,7145.75
1769601600,7146,7146.25,7144.5,7145.25
1769601900,7145,7145.5,7144,7145.5
1769602200,7145.5,7146.25,7135,7140.5
1769602500,7140.75,7141.25,7135.75,7136.5
1769602800,7136.75,7140.25,7135,7137
1769603100,7136.75,7140,7136.75,7137.75
1769603400,7137.75,7139,7135.75,7136.5
1769603700,7136.5,7138.75,7136,7138.5
1769604000,7138.5,7140.75,7137.5,7139
1769604300,7139.25,7141.5,7138.5,7139
1769604600,7139,7139.75,7137,7139
1769604900,7139,7140,7135.5,7135.5
1769605200,7135.75,7139.75,7135.5,7137.5
1769605500,7137.5,7138.75,7135.75,7135.75
1769605800,7135.75,7136,7131,7132.25
1769606100,7132,7137.25,7131.75,7137.25
1769606400,7137.5,7137.5,7134,7134.75
1769606700,7134.75,7135,7132.5,7133.25
1769607000,7133.25,7134.75,7131.75,7133.25
1769607300,7133,7134.25,7131.75,7132.75
1769607600,7132.5,7134,7130.25,7130.75
1769607900,7130.75,7133.5,7130.75,7133.25
1769608200,7133.25,7135.5,7132.5,7133.25
1769608500,7133,7135.25,7131.25,7135
1769608800,7135,7136,7132.75,7133
1769609100,7133,7133.25,7130.75,7131.25
1769609400,7131.25,7134,7131,7131.75
1769609700,7131.75,7133.25,7131.25,7132.25
1769610000,7132.5,7135.5,7132.25,7134.75
1769610300,7135,7136.25,7133.75,7135.25
1769610600,7135.5,7142.25,7134.75,7138.5
1769610900,7138.75,7140.25,7134.25,7136.25
1769611200,7136.5,7142.5,7135.75,7141.75
1769611500,7141.75,7143.75,7134,7136.75
1769611800,7136.75,7142.5,7136,7142.25
1769612100,7142,7142.25,7135.75,7136.5
1769612400,7136.25,7138.5,7133,7135.25
1769612700,7135.5,7135.75,7129.5,7131.25
1769613000,7131,7131.5,7126,7126.25
1769613300,7126.25,7133,7125.25,7130.25
1769613600,7130.25,7136,7129.75,7133.75
1769613900,7134,7134.25,7129.75,7130
1769614200,7130,7133,7126.25,7126.25
1769614500,7126.25,7132.25,7126,7131
1769614800,7131,7131.25,7122.5,7123
1769615100,7122.75,7125.5,7122,7123.25
1769615400,7123.25,7123.75,7121,7122.75
1769615700,7122.75,7124.5,7120,7120.25
1769616000,7120.25,7126,7120.25,7125.5
1769616300,7125.5,7128.25,7123.75,7126.25
1769616600,7126.25,7128,7123.25,7125
1769616900,7124.75,7126,7122,7122
1769617200,7122.25,7123.75,7119.25,7122.75
1769617500,7122.5,7126.5,7121,7126.25
1769617800,7126.25,7126.25,7118,7118.5
1769618100,7118.75,7120.25,7117,7118.5
1769618400,7118.5,7118.5,7112.75,7113.25
1769618700,7113.25,7116.75,7113,7115.75
1769619000,7115.5,7116,7109.75,7111
1769619300,7110.75,7114.5,7110.5,7112
1769619600,7112,7117,7111.75,7115.25
1769619900,7115.25,7116.75,7112.5,7115.25
1769620200,7115.5,7120.25,7115,7119.25
1769620500,7119.5,7121,7116.75,7120.5
1769620800,7120.5,7121.5,7113.25,7113.25
1769621100,7113.25,7114,7111.5,7113.25
1769621400,7113.25,7113.25,7109.75,7110.25
1769621700,7110.5,7113,7110.5,7111.5
1769622000,7111.5,7114.75,7110.75,7113.25
1769622300,7113,7115.75,7111.75,7114.25
1769622600,7114.25,7119,7114.25,7119
1769622900,7119,7119.25,7113,7113.25
1769623200,7113.25,7115.5,7110.25,7115
1769623500,7115,7117.25,7114.75,7115.5
1769623800,7115.5,7116.75,7112.75,7116.5
1769624100,7116.5,7118.5,7115.75,7117.75
1769624400,7118,7119.25,7116.5,7117.5
1769624700,7117.25,7118,7115.25,7116.25
1769625000,7116.5,7117.5,7114.5,7115
1769625300,7115,7117.75,7113.5,7113.5
1769625600,7113.75,7116.5,7113.5,7114.75
1769625900,7115,7115.25,7112.25,7113.75
1769626200,7113.75,7116.5,7113.25,7114.25
1769626500,7114.25,7117.25,7113.5,7115.25
1769626800,7115.75,7121.5,7105,7114.75
1769627100,7114.5,7117.5,7111.25,7115.5
1769627400,7115.25,7118,7112.75,7113.75
1769627700,7113.75,7115.25,7110.25,7114.5
1769628000,7114.5,7118,7110.25,7117
1769628300,7117,7118.25,7106,7106.5
1769628600,7106.25,7125.5,7104,7115.75
1769628900,7115.75,7120,7111.25,7111.75
1769629200,7111.75,7114.25,7106.25,7111.75
1769629500,7111.75,7122.25,7110,7119
1769629800,7119,7123.5,7116.5,7121.5
1769630100,7121.5,7122,7113.25,7114
1769630400,7114,7121.75,7112.5,7120
1769630700,7120,7125,7119.5,7124.25
1769631000,7124.25,7127,7122.25,7122.5
1769631300,7122.5,7124.5,7120.25,7124
1769631600,7124,7127.75,7122,7125.75
1769631900,7125.75,7125.75,7118.75,7119
1769632200,7119,7120.5,7115.75,7115.75
1769632500,7115.75,7121.25,7115,7119.75
1769632800,7119.75,7120.25,7115.25,7116
1769633100,7115.75,7119.5,7114,7114.5
1769633400,7114.5,7124.75,7112,7122.5
1769633700,7122.75,7126.75,7115.5,7119.25
1769634000,7119.25,7124,7090,7101.25
1769634300,7101.25,7117.75,7096,7117.5
1769634600,7117.75,7123.75,7115.5,7123
1769634900,7122.75,7126.5,7120.75,7126.25
1769635200,7126.25,7132,7124.75,7130.25
1769635500,7130.25,7134.5,7129.75,7134.25
1769635800,7134,7135.75,7129.75,7132.25
1769636100,7132.5,7133,7130.5,7131
1769636400,7130.75,7132.75,7129.25,7131
1769636700,7131.25,7134.75,7129.5,7131.25
1769637000,7131.25,7132,7127,7127.5
1769637300,7127.5,7131.25,7127.25,7129.5
1769641200,7134.25,7134.75,7128,7129.5
1769641500,7129.5,7129.5,7121.75,7122.5
1769641800,7122.5,7123.5,7109.75,7110.25
1769642100,7110,7121,7109.75,7119.5
1769642400,7119.5,7125.25,7119,7122.5
1769642700,7122.5,7123,7114.75,7118
1769643000,7118.25,7118.5,7115.75,7117.25
1769643300,7117.5,7118.75,7114.25,7114.75
1769643600,7115,7118,7112.75,7114
1769643900,7114,7119.25,7114,7119
1769644200,7119.25,7120.25,7115.25,7118.75
1769644500,7119,7120.25,7107.25,7108.75
1769644800,7108.75,7111.5,7098.5,7101
1769645100,7101,7108,7099.25,7106
1769645400,7105.75,7110.5,7105,7106.5
1769645700,7106.25,7108.75,7103,7105
1769646000,7105,7110,7103.75,7109
1769646300,7109,7111.75,7107,7111.75
1769646600,7112,7112,7106,7107.75
1769646900,7108,7109.25,7104.5,7107.5
1769647200,7107.75,7108,7105.25,7106.25
1769647500,7106,7107.25,7104.75,7105.75
1769647800,7106,7108.25,7105.5,7108
1769648100,7107.75,7112,7107.75,7112
1769648400,7112.25,7112.5,7109.25,7111
1769648700,7111,7112.5,7109.75,7110.75
1769649000,7110.75,7112.5,7108.5,7110.5
1769649300,7110.25,7111,7106.25,7107
1769649600,7107.25,7109,7103.5,7104
1769649900,7103.75,7105.75,7099.75,7104.75
1769650200,7104.75,7107.25,7102.25,7102.75
1769650500,7103,7105.75,7101.5,7103
1769650800,7103.25,7105.75,7103,7104
1769651100,7104,7106.5,7102.75,7104.25
1769651400,7104.25,7106.25,7103.5,7106
1769651700,7106.25,7107.75,7105,7107.5
1769652000,7107.5,7111.5,7106.25,7111
1769652300,7111,7111.5,7108.5,7110.25
1769652600,7110.25,7111,7107.75,7109.75
1769652900,7109.75,7112,7109.75,7110.75
1769653200,7111,7116.25,7109.5,7115.75
1769653500,7116,7118.5,7114,7117.75
1769653800,7118,7118.5,7116.75,7117.5
1769654100,7117.25,7118.5,7116.75,7117.25
1769654400,7117.5,7117.5,7115.75,7116.5
1769654700,7116.25,7116.25,7113.75,7113.75
1769655000,7114,7116,7114,7115.25
1769655300,7115.25,7119,7114.5,7115.75
1769655600,7115.75,7119,7115.75,7117.5
1769655900,7117.75,7118.5,7116.5,7116.75
1769656200,7116.75,7119,7116,7118.75
1769656500,7118.75,7120.75,7118.75,7120.75
1769656800,7120.75,7121.75,7120.5,7120.75
1769657100,7120.5,7120.75,7119,7119.5
1769657400,7119.5,7121.25,7119.5,7121
1769657700,7121,7121.25,7118.5,7118.75
1769658000,7119,7122.25,7119,7122.25
1769658300,7122,7122.5,7119.75,7121
1769658600,7121.25,7121.5,7119.25,7119.75
1769658900,7119.75,7121.5,7119.75,7121.5
1769659200,7121.5,7121.75,7121,7121.5
1769659500,7121.5,7122,7120.75,7121.5
1769659800,7121.25,7122.25,7120.75,7122
1769660100,7121.75,7125,7121.75,7125
1769660400,7125,7126.25,7123.5,7124.5
1769660700,7124.5,7124.75,7123.75,7124
1769661000,7124.25,7126,7124.25,7125.75
1769661300,7125.75,7126.5,7125.25,7126.25
1769661600,7126.5,7127.25,7126,7126
1769661900,7126,7126.75,7125.75,7126.5
1769662200,7126.5,7128.75,7126,7128.75
1769662500,7128.5,7128.5,7128,7128.25
1769662800,7128.25,7128.75,7126.25,7127.5
1769663100,7127.75,7128.25,7126.25,7126.75
1769663400,7126.5,7127,7125,7126.5
1769663700,7126.5,7128.25,7126.5,7128
1769664000,7128,7128.75,7127.5,7127.5
1769664300,7127.25,7129.5,7127,7129
1769664600,7129,7130.5,7129,7129.75
1769664900,7129.75,7131.75,7129.75,7131
1769665200,7131,7132.25,7131,7132.25
1769665500,7132.25,7132.25,7131.25,7131.75
1769665800,7131.5,7132.5,7131.25,7132.5
1769666100,7132.5,7132.5,7129,7130.5
1769666400,7130.5,7133.5,7130.25,7133.5
1769666700,7133.5,7134.75,7133.25,7134.75
1769667000,7134.75,7135.5,7134.5,7135.5
1769667300,7135.75,7136.5,7134.75,7135
1769667600,7134.75,7135.25,7134,7134.25
1769667900,7134,7134.25,7132,7133.5
1769668200,7133.5,7135.5,7132.75,7134.25
1769668500,7134.5,7134.75,7132.25,7133.25
1769668800,7133.25,7134,7131.25,7132
1769669100,7132.25,7133,7130,7132
1769669400,7132,7132,7130,7130.5
1769669700,7130.75,7133,7130.5,7132.75
1769670000,7132.5,7134.5,7131.75,7132.75
1769670300,7132.5,7133,7131.5,7132.5
1769670600,7132.5,7134.25,7131.5,7133
1769670900,7132.75,7133,7130.75,7131.25
1769671200,7131.25,7132.25,7130.25,7131
1769671500,7130.75,7134.5,7130.75,7134.5
1769671800,7134.5,7137,7133.75,7136.5
1769672100,7136.5,7140.25,7136.5,7139.75
1769672400,7139.75,7141.75,7139.25,7141
1769672700,7141,7142.25,7139.75,7140.25
1769673000,7140.5,7141.75,7139.5,7139.75
1769673300,7139.5,7140,7138,7139.25
1769673600,7139.25,7140.5,7131.75,7133
1769673900,7133,7137,7132.25,7135
1769674200,7135,7141.5,7135,7140.5
1769674500,7140.5,7142.25,7139.75,7141.5
1769674800,7141.5,7141.75,7137,7138.25
1769675100,7138.25,7140,7136.25,7139.75
1769675400,7139.75,7140.75,7137.75,7138.75
1769675700,7138.5,7140,7136.5,7137.75
1769676000,7138,7141,7137.75,7141
1769676300,7141,7141.5,7137,7137
1769676600,7136.75,7137.25,7135,7136.75
1769676900,7136.75,7138.75,7136.5,7137.5
1769677200,7137.5,7141.25,7137.25,7139.25
1769677500,7139.5,7140.5,7138,7140.5
1769677800,7140.5,7141.75,7139.25,7140
1769678100,7140,7140.25,7137.25,7139.5
1769678400,7139.25,7142,7138.5,7141.25
1769678700,7141.25,7141.5,7137.5,7138
1769679000,7138,7139.5,7136.5,7138.5
1769679300,7138.5,7142,7138.25,7141
1769679600,7140.75,7141,7139.25,7139.75
1769679900,7139.5,7140,7137.75,7138
1769680200,7138.25,7138.75,7133.5,7134.25
1769680500,7134.25,7135.25,7131.5,7132
1769680800,7131.75,7132.75,7130.5,7131
1769681100,7130.75,7132.75,7130.5,7132.25
1769681400,7132.25,7134,7130.75,7131.25
1769681700,7131.25,7133.5,7131,7133.5
1769682000,7133.25,7134.5,7131.75,7134.5
1769682300,7134.5,7136.25,7134,7134.25
1769682600,7134.25,7134.75,7132.5,7134.5
1769682900,7134.25,7135,7133,7133.5
1769683200,7133.5,7133.75,7131.5,7132.5
1769683500,7132.5,7133,7131.5,7132.5
1769683800,7132.5,7133.5,7130.5,7130.5
1769684100,7130.5,7130.75,7125.5,7126.5
1769684400,7126.75,7128,7122.75,7125
1769684700,7125,7129,7122.75,7128
1769685000,7127.75,7129.75,7127,7128
1769685300,7128,7128.75,7126.25,7127.5
1769685600,7127.75,7132,7127.75,7131.25
1769685900,7131.5,7131.75,7129.25,7130.25
1769686200,7130,7134.75,7130,7132.75
1769686500,7132.75,7134,7130.25,7131.25
1769686800,7131,7133,7131,7132.5
1769687100,7132.5,7133.75,7131.5,7131.5
1769687400,7131.75,7132,7129.5,7130
1769687700,7130.25,7133.25,7130.25,7132.25
1769688000,7132.25,7134,7131.5,7132.5
1769688300,7132.5,7136.25,7132.5,7135.75
1769688600,7136,7136.5,7134.75,7135
1769688900,7135.25,7136,7134.75,7136
1769689200,7136,7136.75,7133.25,7134.75
1769689500,7134.5,7135.75,7133.25,7135.5
1769689800,7135.25,7135.5,7134,7134
1769690100,7134.25,7134.75,7127.75,7128
1769690400,7128,7130.75,7127.25,7129
1769690700,7129.25,7132,7129,7130.75
1769691000,7130.5,7132,7126,7129.75
1769691300,7130,7132.25,7128.75,7131.75
1769691600,7131.5,7132.75,7129.75,7131.5
1769691900,7131.5,7135,7131.25,7134.25
1769692200,7134.5,7134.5,7132.5,7133.25
1769692500,7133.25,7133.5,7127.75,7129
1769692800,7128.75,7131,7128.25,7131
1769693100,7131,7133.5,7130.25,7132.75
1769693400,7133,7135.5,7129.75,7134.75
1769693700,7134.75,7137,7134.5,7135.25
1769694000,7135.25,7139.5,7135,7138
1769694300,7138,7139,7136.75,7137.25
1769694600,7137,7137.5,7134,7135
1769694900,7135,7136.5,7135,7136.25
1769695200,7136.25,7136.5,7129.25,7129.75
1769695500,7129.75,7131.5,7128,7129.25
1769695800,7129.5,7130.25,7125.75,7126.75
1769696100,7126.5,7129,7125.5,7127.25
1769696400,7127.25,7128.5,7126.5,7128.25
1769696700,7128.5,7128.5,7125.5,7127.75
1769697000,7127.75,7134.25,7120.5,7123
1769697300,7123,7123.5,7112,7117.5
1769697600,7117.75,7119.5,7095.25,7095.75
1769697900,7095.75,7104,7085.75,7100.5
1769698200,7100.5,7100.5,7085,7093.5
1769698500,7093.25,7096.75,7078.25,7079.25
1769698800,7079.25,7080,7059.5,7067.25
1769699100,7067.25,7072,7062.5,7064.5
1769699400,7064.25,7072.25,7052.75,7054.75
1769699700,7054.75,7065,7054.5,7058.25
1769700000,7058.5,7071,7055.75,7064.5
1769700300,7064.5,7071.25,7051.5,7052.75
1769700600,7053,7056.25,7041.75,7043.5
1769700900,7043.75,7044.5,7036.25,7038.75
1769701200,7039,7039,7026,7028.5
1769701500,7028.75,7036,7026.25,7028.25
1769701800,7028.25,7028.5,7015.5,7016.75
1769702100,7016.5,7032.25,7015,7023.5
1769702400,7023.75,7026,7014.5,7015
1769702700,7015,7021.5,7011,7020.25
1769703000,7020.5,7039.5,7015.5,7039
1769703300,7039.25,7045,7036.75,7043.25
1769703600,7043.25,7049.75,7035.75,7041.25
1769703900,7041.25,7046.75,7037.25,7042.25
1769704200,7042,7050,7041.5,7044.75
1769704500,7044.5,7050,7041.75,7047
1769704800,7047,7053.5,7044.75,7047.75
1769705100,7048,7053.5,7044.5,7050.5
1769705400,7050.25,7053.25,7045.25,7048
1769705700,7048.25,7052,7045.25,7050.25
1769706000,7050,7061.5,7049.5,7058.25
1769706300,7058.25,7062,7056.75,7059.25
1769706600,7059,7071.5,7058.75,7069
1769706900,7069.25,7072.25,7066.5,7071.25
1769707200,7071.5,7077.25,7070.25,7074.75
1769707500,7074.75,7076.75,7070.25,7073.5
1769707800,7073.5,7077,7071.5,7074.5
1769708100,7074.5,7080.5,7074,7075.25
1769708400,7075,7075.25,7065,7070.75
1769708700,7070.5,7070.75,7060.5,7064.75
1769709000,7064.75,7065.5,7050.5,7051.75
1769709300,7051.75,7057.75,7050.5,7052.25
1769709600,7052.25,7063.25,7050.25,7061
1769709900,7061,7070.75,7060.5,7066.25
1769710200,7066.25,7075,7066.25,7072.25
1769710500,7072,7072.75,7067,7068.5
1769710800,7068.75,7072.25,7065.5,7070.75
1769711100,7070.5,7073.75,7066.25,7073
1769711400,7073,7073,7065,7070.25
1769711700,7070.25,7076.75,7069.25,7076.5
1769712000,7076.25,7081.5,7074.75,7076.5
1769712300,7076.25,7077.25,7072.5,7076.5
1769712600,7076.5,7078.75,7073.5,7074.75
1769712900,7074.75,7077.5,7068.75,7069
1769713200,7069,7075.25,7065.5,7073.5
1769713500,7073.5,7081.25,7073,7078.75
1769713800,7078.5,7082,7077,7079
1769714100,7079,7086,7077.5,7082
1769714400,7082,7083.75,7080.5,7083.5
1769714700,7083.5,7085,7082,7084.25
1769715000,7084,7085.75,7075.5,7077
1769715300,7077,7082.75,7076.5,7079
1769715600,7079,7082,7078.75,7081
1769715900,7081,7082.5,7075.5,7076.5
1769716200,7076.75,7080.75,7076.5,7080.5
1769716500,7080.5,7082,7074,7074.75
1769716800,7075,7080,7074,7078
1769717100,7077.75,7083.25,7077,7082
1769717400,7082.25,7082.75,7079,7079.25
1769717700,7079.25,7081,7077.5,7081
1769718000,7081,7082.25,7078.75,7082
1769718300,7082,7084,7078.75,7079.25
1769718600,7079.25,7083,7077.25,7083
1769718900,7083,7092.5,7081.75,7090
1769719200,7090,7092.25,7087.5,7090
1769719500,7090,7092.75,7088.25,7092.25
1769719800,7092.25,7101,7092.25,7100.5
1769720100,7100.5,7111.75,7099.25,7102.5
1769720400,7102.75,7108.5,7101.75,7105
1769720700,7105,7106,7101.25,7103.5
1769721000,7103.5,7104.25,7100.25,7102.25
1769721300,7102,7102.75,7101,7102
1769721600,7102,7102,7099.25,7100.25
1769721900,7100.5,7104.75,7098,7101.75
1769722200,7102.5,7115.25,7102.5,7105.75
1769722500,7105.75,7107.75,7104.25,7106.75
1769722800,7106.75,7107.5,7101.5,7103.5
1769723100,7103.75,7104.75,7101.5,7102.75
1769723400,7102.75,7104.75,7100.5,7104.25
1769723700,7104.25,7107,7102.5,7102.5
1769727600,7105.5,7107,7095.5,7096
1769727900,7096,7105,7096,7096.75
1769728200,7096.75,7097.25,7086.25,7087
1769728500,7087,7091.5,7086,7090.5
1769728800,7090.75,7096.5,7088.25,7096
1769729100,7096,7100.75,7081.25,7094.5
1769729400,7094,7104.5,7093.75,7103.5
1769729700,7103.25,7107.75,7102.25,7105.75
1769730000,7105.25,7106.75,7104,7105.75
1769730300,7105.75,7107,7100.75,7103.5
1769730600,7103.25,7103.5,7100,7101.25
1769730900,7101,7101.5,7098,7099.25
1769731200,7099.25,7102.75,7098,7102.5
1769731500,7102.25,7102.25,7098.25,7099.25
1769731800,7099.25,7099.5,7094.25,7097
1769732100,7097,7100.25,7095.25,7096
1769732400,7096.25,7096.75,7090.25,7093
1769732700,7093.25,7095,7087.25,7091.25
1769733000,7091.5,7103.75,7089.75,7092.25
1769733300,7092.25,7094.25,7088.75,7092.75
1769733600,7093,7095.5,7088.5,7089
1769733900,7089.25,7091.25,7087.5,7090.25
1769734200,7090.5,7091.5,7089.25,7089.25
1769734500,7089.5,7093.5,7089.25,7089.75
1769734800,7090,7090.5,7084.75,7087.25
1769735100,7087.25,7089,7086,7087.25
1769735400,7087.5,7088,7082.75,7084
1769735700,7083.75,7084.75,7083,7084
1769736000,7084.25,7084.75,7079.75,7081.5
1769736300,7081.25,7084.25,7079.25,7080.75
1769736600,7080.5,7081.5,7077.25,7078.75
1769736900,7078.75,7079,7072.25,7072.5
1769737200,7072.5,7072.75,7064.75,7069.75
1769737500,7069.75,7072.75,7067,7070.5
1769737800,7070.5,7077.5,7070.5,7077
1769738100,7076.75,7077.5,7073.25,7075.5
1769738400,7075.5,7076.5,7071.75,7072.75
1769738700,7072.5,7077.25,7070.5,7072
1769739000,7072.25,7073.75,7068.75,7070
1769739300,7070.25,7073.5,7065,7065
1769739600,7065.25,7065.75,7058,7060.75
1769739900,7060.75,7063.5,7058,7058.25
1769740200,7058.25,7062,7056,7060.25
1769740500,7060.25,7065.5,7059.75,7062.75
1769740800,7062.5,7065.5,7060.5,7062.75
1769741100,7063,7065.25,7062.25,7063.25
1769741400,7063.75,7070.5,7063.75,7070
1769741700,7070,7074,7069.75,7073.75
1769742000,7073.75,7080,7073.5,7078.25
1769742300,7078.25,7083.5,7078.25,7083
1769742600,7082.75,7083,7078,7078.75
1769742900,7078.5,7081.25,7076.25,7079.75
1769743200,7079.5,7081,7073.75,7076.5
1769743500,7076.75,7079.25,7075,7077.75
1769743800,7077.75,7084,7077,7082.75
1769744100,7083,7084.25,7081.5,7081.75
1769744400,7081.25,7081.5,7078.25,7079.75
1769744700,7080,7082.75,7079.75,7082.5
1769745000,7082.25,7084.5,7078.75,7080
1769745300,7080,7081.5,7078.75,7079
1769745600,7079,7081.25,7078,7079.25
1769745900,7079.5,7082.5,7078.5,7082.25
1769746200,7082.5,7084.5,7082.5,7084.5
1769746500,7084.5,7086,7084,7085.5
1769746800,7085.75,7086.25,7084.25,7084.25
1769747100,7084,7084,7079.75,7083.25
1769747400,7083,7086,7082.25,7084.75
1769747700,7084.5,7086,7084,7084.5
1769748000,7084.5,7084.75,7082.5,7082.75
1769748300,7083,7083.75,7082,7082.25
1769748600,7082,7082.25,7079.5,7081
1769748900,7081,7081,7077,7078.25
1769749200,7078.25,7082.5,7078.25,7081.25
1769749500,7081.5,7083,7079.75,7081.5
1769749800,7081.5,7081.5,7076.75,7078.5
1769750100,7078.25,7079.25,7075.25,7076.5
1769750400,7076.75,7079.25,7076.25,7077.5
1769750700,7077.25,7079.25,7075.75,7077.5
1769751000,7077.5,7077.75,7074.25,7075
1769751300,7074.75,7077.5,7074.25,7075.5
1769751600,7075.25,7077,7072.25,7072.75
1769751900,7072.75,7075.25,7071.75,7073.5
1769752200,7073.5,7073.75,7071.5,7072
1769752500,7072.25,7073.25,7069.25,7069.25
1769752800,7069.5,7070.75,7066.5,7066.5
1769753100,7066.25,7068,7065,7067.25
1769753400,7067.25,7067.25,7063,7065
1769753700,7065.5,7065.5,7059.75,7060.5
1769754000,7060.25,7063.5,7058.75,7060.5
1769754300,7060.5,7062,7053.25,7058.75
1769754600,7058.25,7061.75,7056.5,7057.25
1769754900,7057.25,7064.25,7057,7062.25
1769755200,7062.5,7063,7059.25,7060
1769755500,7059.75,7059.75,7056.5,7057.25
1769755800,7057,7061,7056.75,7060.75
1769756100,7060.75,7061.5,7047.75,7050.25
1769756400,7050.25,7056,7049.25,7053.5
1769756700,7053.5,7060.75,7052.75,7060.75
1769757000,7060.5,7062.5,7058.75,7059
1769757300,7059.25,7059.5,7054.5,7057.25
1769757600,7057,7057.75,7054.5,7056.5
1769757900,7056.5,7056.5,7052,7053
1769758200,7053,7056.5,7051,7054.5
1769758500,7054,7056.25,7047.5,7049
1769758800,7049,7050.25,7044.25,7049.75
1769759100,7049.75,7050.75,7044.5,7050.25
1769759400,7050.5,7051.5,7046.5,7047.25
1769759700,7047,7049,7041,7043
1769760000,7043,7047.25,7040,7047
1769760300,7047,7048.5,7038.75,7041
1769760600,7041,7051.25,7040.25,7050
1769760900,7050.25,7053,7046,7049.75
1769761200,7049.5,7055,7049.5,7053.5
1769761500,7053.25,7056,7050.25,7051
1769761800,7050.75,7051,7039.25,7040.75
1769762100,7040.75,7046,7039,7044.5
1769762400,7044.5,7046.25,7041.75,7046.25
1769762700,7046,7051.75,7043.25,7051
1769763000,7050.75,7055.75,7048,7055.5
1769763300,7055.5,7058.5,7053,7053.75
1769763600,7053.75,7056.5,7051.5,7056
1769763900,7056.25,7057.75,7049.75,7051.5
1769764200,7051.25,7051.5,7044.25,7045.75
1769764500,7045.5,7048.5,7042.75,7047.5
1769764800,7047.5,7049.25,7044.5,7044.75
1769765100,7044.5,7046.5,7042,7044.75
1769765400,7044.75,7046.25,7042.25,7043.25
1769765700,7043.25,7048.5,7041.25,7042.25
1769766000,7042,7044.5,7041,7042.25
1769766300,7042.25,7042.25,7033,7033.25
1769766600,7033.25,7036.75,7030.25,7036.25
1769766900,7036.25,7043.25,7036.25,7039.25
1769767200,7039,7048,7038.75,7042.75
1769767500,7042.5,7045,7040.5,7041.5
1769767800,7041.5,7047,7040.25,7046.25
1769768100,7046.25,7047.75,7044.5,7046.25
1769768400,7046.25,7048.75,7045.25,7048.25
1769768700,7048,7048.25,7042.5,7044.75
1769769000,7044.75,7052.75,7044.75,7050.75
1769769300,7051,7056,7051,7052.5
1769769600,7052.5,7053.75,7048.75,7053
1769769900,7053.5,7055,7050.75,7053
1769770200,7053.25,7056.5,7051.25,7052.75
1769770500,7052.75,7052.75,7050.25,7051.5
1769770800,7051.75,7059.75,7050.75,7057
1769771100,7057.25,7058,7054.75,7057.25
1769771400,7057.25,7061.5,7057.25,7061
1769771700,7061,7063.5,7060.25,7060.25
1769772000,7060.25,7065.25,7060.25,7065
1769772300,7065,7065.75,7063.25,7065.5
1769772600,7065.5,7072,7064.75,7071
1769772900,7071.25,7072,7069.25,7071
1769773200,7071,7073.75,7070.5,7071
1769773500,7071,7071.5,7062.5,7065.25
1769773800,7065.25,7081,7065.25,7080.25
1769774100,7080.25,7083.5,7079,7081.25
1769774400,7081.5,7088.5,7081.25,7088
1769774700,7088.25,7088.5,7078.25,7078.5
1769775000,7078.5,7082.25,7077.75,7079.75
1769775300,7079.75,7081.75,7078,7079.25
1769775600,7079.25,7083.25,7076,7082.5
1769775900,7082.75,7082.75,7078,7078.5
1769776200,7078.5,7081.25,7078.5,7079.25
1769776500,7079.25,7084.75,7077.75,7078
1769776800,7077.75,7081.25,7074.75,7075
1769777100,7075,7079.5,7073.5,7075.25
1769777400,7075,7076.5,7068.75,7071
1769777700,7071.25,7074.75,7070.75,7074.25
1769778000,7074,7077.75,7072.25,7077.75
1769778300,7077.5,7080.75,7076.5,7077.5
1769778600,7077.5,7083,7077.25,7081.25
1769778900,7081.5,7083,7078,7078.5
1769779200,7078.75,7079.25,7074,7074.75
1769779500,7074.75,7078.75,7071,7076.25
1769779800,7077,7077,7060,7067.5
1769780100,7067.5,7071,7064,7068.25
1769780400,7068.25,7075.25,7065.75,7074.75
1769780700,7074.75,7075.25,7068.5,7068.75
1769781000,7068.75,7071.75,7067.5,7069.75
1769781300,7069.75,7071.5,7068,7069.75
1769781600,7069.75,7075,7067.75,7073
1769781900,7073.25,7077,7072.75,7073.75
1769782200,7073.75,7078.5,7071.75,7076.75
1769782500,7076.75,7079.5,7074.75,7076.25
1769782800,7076.25,7078,7073.75,7074.5
1769783100,7074.5,7080.25,7073.75,7079
1769783400,7079,7094.5,7073.75,7091.75
1769783700,7092,7096.5,7084.5,7096.5
1769784000,7096.75,7098.25,7087,7087.5
1769784300,7087.75,7091,7079,7087.25
1769784600,7087.25,7094.25,7080.5,7084.25
1769784900,7084.25,7090.75,7073,7078
1769785200,7077.75,7087.5,7077.25,7078.25
1769785500,7078.5,7096.25,7078,7094.5
1769785800,7094.75,7101.75,7088.75,7095.75
1769786100,7095.75,7099.25,7092,7093.5
1769786400,7093.5,7097.25,7086.75,7088.5
1769786700,7088.5,7088.75,7073.25,7074.75
1769787000,7074.75,7079.5,7069.75,7078.5
1769787300,7078.5,7094,7078.5,7091.5
1769787600,7091.5,7099,7090.5,7096
1769787900,7096,7104,7094.75,7096.5
1769788200,7096.5,7098,7083.75,7088
1769788500,7088.25,7089.25,7080.25,7082.25
1769788800,7082.25,7084.75,7079,7080.75
1769789100,7081,7088,7077.75,7079.75
1769789400,7080,7083.75,7077.25,7080.75
1769789700,7080.75,7080.75,7070,7071.5
1769790000,7071.5,7072.5,7064,7065.75
1769790300,7066,7076.5,7063.25,7071.25
1769790600,7071.5,7079.25,7069.25,7070.25
1769790900,7070.25,7080.25,7069.5,7073.5
1769791200,7073.25,7085.25,7073,7079.75
1769791500,7079.75,7080.25,7072.75,7075
1769791800,7075,7075.75,7068,7074.25
1769792100,7074.25,7074.5,7064.5,7067.25
1769792400,7067.5,7068.25,7056.25,7057.25
1769792700,7057,7058,7047.75,7052
1769793000,7051.75,7057.75,7051,7051.75
1769793300,7051.75,7056.25,7049.25,7055
1769793600,7055,7068.25,7053.5,7064
1769793900,7064,7072.75,7062.25,7071.75
1769794200,7071.5,7076.25,7063.5,7064.25
1769794500,7064.25,7069.25,7056.25,7062
1769794800,7062,7066.25,7058,7065.75
1769795100,7066,7072.5,7060.25,7064.75
1769795400,7065,7068,7058.25,7059
1769795700,7059,7065.25,7051.75,7052
1769796000,7052,7058.5,7049.25,7056.75
1769796300,7056.75,7063.5,7055,7056.5
1769796600,7056.5,7057.25,7051.5,7052.75
1769796900,7052.75,7054.25,7041,7041.75
1769797200,7041.5,7045,7031.5,7043
1769797500,7043,7056,7042.75,7055.25
1769797800,7055.25,7057.75,7038.75,7040
1769798100,7039.75,7049.75,7039,7046.5
1769798400,7046.75,7052.25,7045.75,7049.25
1769798700,7049,7061,7048,7060.75
1769799000,7060.75,7071.75,7060,7071
1769799300,7071,7081.75,7069.5,7074.5
1769799600,7074.75,7083,7074.5,7079.75
1769799900,7080,7088,7078.75,7082
1769800200,7082,7084.5,7075.75,7080.5
1769800500,7080.5,7082.5,7076.75,7079
1769800800,7079.25,7085.25,7079,7082
1769801100,7082,7087.75,7073.75,7074
1769801400,7074,7081.25,7066.25,7078.5
1769801700,7078.25,7080.75,7074.75,7076.75
1769802000,7077,7080,7072.75,7073.5
1769802300,7073.25,7074.75,7068,7069
1769802600,7069,7081,7069,7080.25
1769802900,7080.5,7083.5,7064.75,7066.25
1769803200,7066.25,7072.75,7065.5,7068.5
1769803500,7068.5,7069.25,7060,7065.25
1769803800,7065.5,7067.5,7060,7061
1769804100,7060.75,7061,7056.25,7058.25
1769804400,7058,7061,7053.5,7060.5
1769804700,7060.5,7065.25,7056.25,7061
1769805000,7061.25,7068.75,7060.25,7066.25
1769805300,7066.25,7070.5,7061.5,7066.25
1769805600,7066.25,7074,7065,7072.5
1769805900,7072.5,7087,7071.75,7086.75
1769806200,7086.5,7089.5,7070.5,7074.5
1769806500,7074.25,7082.75,7069.5,7080.75
1769806800,7080.5,7086,7073.75,7075.5
1769807100,7075.75,7076.25,7070.5,7072
1769807400,7072,7077.5,7072,7076.25
1769807700,7076,7077,7074.75,7076.25
1769808000,7076.5,7082.5,7075,7081.25
1769808300,7081.25,7081.5,7076,7076
1769808600,7076,7076.75,7073.25,7074.75
1769808900,7074.75,7075.5,7070.75,7072.5
1769809200,7072.5,7072.5,7070.25,7071
1769809500,7071.25,7072.25,7070.5,7072
1769809800,7072,7076,7071.75,7074.5
1769810100,7074.75,7076.25,7073.25,7074
1769986800,7051.25,7060.5,7032.75,7048.25
1769987100,7048.25,7049,7037.25,7037.75
1769987400,7037.75,7043,7033,7041.25
1769987700,7041.25,7045,7036,7037.5
1769988000,7037.25,7040.25,7035,7038.25
1769988300,7038.25,7044.5,7031,7042.5
1769988600,7042.25,7052.75,7040,7051.75
1769988900,7052,7058.25,7051.5,7056.25
1769989200,7056.25,7062.5,7053.25,7061
1769989500,7060.75,7065,7060.5,7062.5
1769989800,7062.25,7065.25,7058.25,7062
1769990100,7062,7062,7058,7059.25
1769990400,7059.25,7060,7050.75,7055
1769990700,7054.75,7062.25,7051.75,7061
1769991000,7060.75,7067,7058.25,7064.5
1769991300,7064.25,7071.25,7064,7067.75
1769991600,7067.75,7072.5,7067.5,7070.5
1769991900,7070.25,7073.25,7067.5,7069.25
1769992200,7069.5,7070.75,7066.75,7069.5
1769992500,7069.25,7078.5,7069,7076
1769992800,7076,7077.25,7072,7075
1769993100,7075.25,7076.5,7073,7074.25
1769993400,7074.25,7076.5,7073.25,7073.25
1769993700,7073.5,7073.75,7071,7071.5
1769994000,7071.25,7075.75,7069.5,7075
1769994300,7075,7075,7059,7059.25
1769994600,7059.5,7059.75,7045,7049
1769994900,7049,7055.75,7046.25,7050.25
1769995200,7050.25,7055,7048.25,7052.75
1769995500,7053,7058,7053,7054.25
1769995800,7054.25,7055,7041.5,7043.5
1769996100,7043.5,7052,7043.25,7050.75
1769996400,7050.5,7051,7040.25,7041.5
1769996700,7041.25,7043,7033.5,7036.25
1769997000,7036,7039,7034.5,7038.25
1769997300,7038.5,7041.25,7027.75,7030
1769997600,7030,7037.25,7028.25,7036.5
1769997900,7036.5,7036.75,7033,7034.5
1769998200,7034.25,7034.75,7024.75,7031.75
1769998500,7031.75,7036,7026.25,7028
1769998800,7028,7032.75,7026.25,7031.5
1769999100,7031.5,7033.5,7027.5,7030
1769999400,7029.75,7035.25,7026,7026
1769999700,7026.25,7032.75,7025,7032.75
1770000000,7032.75,7034.5,7029.25,7030.75
1770000300,7030.75,7032,7025.5,7026
1770000600,7026.25,7026.25,7018,7023.25
1770000900,7023.25,7024.25,7018,7019.25
1770001200,7019.25,7022.75,7018.25,7020.25
1770001500,7020.25,7022.5,7018,7020.5
1770001800,7020.5,7021.5,7008.5,7013.25
1770002100,7013,7016.75,7011.25,7014.75
1770002400,7015,7016.25,7012.25,7015
1770002700,7015,7017.75,7009.25,7011.25
1770003000,7011,7013,7005.5,7007.5
1770003300,7007.5,7008,7003,7003.25
1770003600,7003.25,7004.25,6998.75,7002.5
1770003900,7002.5,7007.25,6997.5,7006
1770004200,7006.25,7006.25,7000.5,7002.75
1770004500,7002.75,7005.75,6995.75,6998.75
1770004800,6999,7000,6988.25,6989
1770005100,6988.75,6993.5,6986.25,6993.5
1770005400,6993.25,6993.5,6986.25,6992
1770005700,6992,7003.5,6990.25,7003.25
1770006000,7003.25,7003.5,7000.25,7002.25
1770006300,7002.25,7005.75,7000.5,7001.25
1770006600,7001,7005.75,7001,7005
1770006900,7005,7007,7004.25,7006.25
1770007200,7006.25,7015,7006.25,7013.5
1770007500,7013.5,7014.25,7010.25,7010.5
1770007800,7010.25,7011.5,7007.75,7010.75
1770008100,7010.75,7012,7009.25,7009.75
1770008400,7009.75,7010.75,7005.5,7007
1770008700,7007,7009.25,7004.75,7005.75
1770009000,7006,7006.5,7000.75,7004.5
1770009300,7004.5,7006.5,7000.25,7001.25
1770009600,7001.5,7002.75,6999,7001
1770009900,7001,7001.25,6996.25,6997.75
1770010200,6997.5,6998,6990.5,6992.5
1770010500,6992.5,6996.75,6992,6995.25
1770010800,6995.5,6998.5,6993.25,6994
1770011100,6994,6996.25,6990.75,6996.25
1770011400,6996.25,6999.75,6991.5,6991.5
1770011700,6991.75,6995,6990.25,6993.5
1770012000,6993.25,6997.75,6992,6993.5
1770012300,6993.75,6994,6989,6989.75
1770012600,6989.5,6990.75,6986.75,6986.75
1770012900,6986.75,6990.5,6981.5,6988
1770013200,6988,6988.5,6981.75,6986.25
1770013500,6986,6990.25,6981.5,6989.75
1770013800,6989.5,6992,6984.25,6984.5
1770014100,6984.5,6986.25,6977.25,6980
1770014400,6980.25,6988.75,6980.25,6988
1770014700,6988,6989.25,6981,6982.25
1770015000,6982.25,6985.5,6980.5,6983.5
1770015300,6983.75,6988.5,6982,6988
1770015600,6988,6993,6987.75,6991.5
1770015900,6991.5,7001.25,6987.5,7001.25
1770016200,7001.5,7001.75,6994.5,6994.5
1770016500,6994.75,6997.25,6991,6996.25
1770016800,6996.25,7001,6996.25,6998.5
1770017100,6999,7002.25,6997.5,7001.5
1770017400,7001.5,7003.5,6998.75,6999.5
1770017700,6999.75,7005.25,6997.5,7004.5
1770018000,7004.25,7004.5,6998.5,7000.25
1770018300,7000.25,7003.75,7000,7001.75
1770018600,7002,7007.75,7000.25,7007.5
1770018900,7007.25,7010,7006.75,7009.5
1770019200,7009.25,7014.75,7008,7014.5
1770019500,7014.25,7018.5,7012,7013.75
1770019800,7013.75,7019.25,7013.25,7015.75
1770020100,7015.5,7021.75,7014.25,7021
1770020400,7021,7023,7019.25,7020.75
1770020700,7020.75,7022.75,7017.5,7020.25
1770021000,7020.25,7027.5,7019.5,7026
1770021300,7026,7030.5,7025.25,7029.25
1770021600,7029.5,7029.75,7026,7028.5
1770021900,7028.5,7031,7027,7030
1770022200,7030.25,7033.75,7028.25,7031
1770022500,7031.25,7032.5,7030.25,7030.25
1770022800,7030.25,7031,7023.75,7026
1770023100,7026,7026.75,7019.75,7024.25
1770023400,7024.5,7027,7022.75,7025.75
1770023700,7025.75,7030,7022.25,7030
1770024000,7029.5,7040.25,7028.25,7039.75
1770024300,7039.75,7039.75,7034.75,7036
1770024600,7035.75,7041.25,7034.5,7037.75
1770024900,7037.75,7040.25,7036.75,7038.5
1770025200,7038.5,7040,7035.5,7036.75
1770025500,7037,7040.5,7036.5,7039.5
1770025800,7039.5,7040.5,7036.75,7037.25
1770026100,7037.25,7039.25,7036,7038
1770026400,7038,7042.25,7036.75,7037.25
1770026700,7037.25,7039.5,7035.25,7035.25
1770027000,7035.25,7039,7034.75,7036.75
1770027300,7037,7038.75,7036.25,7037.75
1770027600,7038,7040.25,7034.75,7036
1770027900,7036.25,7038,7035.25,7037.25
1770028200,7037,7039.25,7035.75,7037.5
1770028500,7037.75,7037.75,7030,7031
1770028800,7031.25,7032.25,7028.25,7030
1770029100,7030,7031,7027.25,7029.75
1770029400,7029.5,7032,7028.5,7030.75
1770029700,7031,7031.75,7028.75,7030
1770030000,7030.25,7031.75,7028.75,7029.5
1770030300,7029.5,7035,7028.75,7034.75
1770030600,7034.75,7039.25,7034,7039
1770030900,7039,7039,7035.25,7037
1770031200,7037.25,7039.5,7037,7038.75
1770031500,7038.75,7045,7038.25,7044.75
1770031800,7044.75,7046,7041.25,7044.25
1770032100,7044.25,7046.5,7043.75,7046.5
1770032400,7046.25,7047.25,7044,7045.5
1770032700,7045.75,7049.75,7045.75,7048
1770033000,7048.25,7048.25,7044.25,7045.75
1770033300,7045.75,7046.75,7043.25,7044.5
1770033600,7044.25,7050,7043.75,7048.5
1770033900,7048.5,7051.25,7047.25,7049.25
1770034200,7049.5,7050,7047.75,7049
1770034500,7049,7054.5,7048.25,7054
1770034800,7053.75,7055,7051.5,7051.5
1770035100,7051.5,7055.25,7051.5,7054.75
1770035400,7054.5,7057.75,7054,7055.75
1770035700,7055.75,7056.25,7053.75,7054.75
1770036000,7054.5,7057,7054.5,7056.5
1770036300,7056.5,7057.25,7053.75,7054
1770036600,7053.75,7054,7049.5,7050.5
1770036900,7050.75,7050.75,7047,7049
1770037200,7049,7049.25,7043,7044
1770037500,7044,7049.75,7042.5,7046.5
1770037800,7046.5,7050.25,7046.25,7050
1770038100,7050.25,7051.75,7046.5,7047
1770038400,7046.75,7051.25,7046.25,7047.75
1770038700,7047.75,7049.25,7045.75,7046.25
1770039000,7046.25,7050.25,7042.75,7043.5
1770039300,7043.5,7048.75,7042.25,7048.75
1770039600,7048.75,7050,7047.25,7050
1770039900,7050,7053,7049.75,7051.5
1770040200,7051.25,7054.75,7050.75,7054.5
1770040500,7054.5,7057.75,7054.25,7055.25
1770040800,7055,7059.25,7054,7055.75
1770041100,7056,7058.5,7054.75,7055.25
1770041400,7055.5,7060.5,7054.5,7058.5
1770041700,7058.25,7059.75,7056.75,7057.25
1770042000,7057.25,7058.75,7055.5,7058.25
1770042300,7058,7058.75,7055.5,7056.25
1770042600,7056.25,7073,7054.5,7072.75
1770042900,7073,7083,7069.75,7080.25
1770043200,7080,7088,7076,7086.25
1770043500,7086.5,7090.75,7083.75,7089.5
1770043800,7089.5,7099.25,7089.5,7094.5
1770044100,7094.25,7096.5,7082.75,7087.5
1770044400,7086.5,7098.5,7083.5,7098.5
1770044700,7098.5,7106.25,7097,7105.75
1770045000,7105.75,7113.25,7103,7112
1770045300,7112,7116.75,7108.5,7115.5
1770045600,7115.75,7117.75,7111.75,7113.25
1770045900,7113.25,7114.75,7106.25,7107.5
1770046200,7107.5,7112.75,7105.25,7112
1770046500,7112,7118.25,7111,7117.75
1770046800,7117.75,7118.25,7109.5,7111.75
1770047100,7111.75,7112,7107.25,7107.25
1770047400,7107.25,7112.75,7105.25,7110.5
1770047700,7110.75,7111.25,7104,7108
1770048000,7107.75,7108.75,7102,7103
1770048300,7103.25,7109.25,7099.5,7108.75
1770048600,7108.75,7112,7107,7111.25
1770048900,7111.5,7115.25,7109.5,7113
1770049200,7112.75,7117.25,7112.25,7114.75
1770049500,7115,7116.5,7111.5,7116.25
1770049800,7116.25,7116.25,7111,7115
1770050100,7115,7116,7112.5,7113
1770050400,7113,7113.25,7109.25,7112
1770050700,7112,7112.25,7105.25,7109.5
1770051000,7109.5,7114,7107.5,7113
1770051300,7113.25,7119.25,7113,7118.25
1770051600,7118.25,7124,7117,7123.75
1770051900,7123.75,7124.25,7120.75,7123.75
1770052200,7124,7126.25,7122,7122.25
1770052500,7122.5,7124.75,7120.75,7124
1770052800,7124,7124.25,7120,7122
1770053100,7122,7123.25,7120.5,7123
1770053400,7122.75,7126,7122,7124.75
1770053700,7125,7126.75,7122.5,7124.5
1770054000,7124.5,7124.75,7121,7123.5
1770054300,7123.25,7124.75,7123,7124.5
1770054600,7124.5,7127.75,7123,7127.5
1770054900,7127.25,7130,7124,7124.5
1770055200,7124.75,7127.75,7124.5,7126.75
1770055500,7126.75,7127,7124.25,7125.5
1770055800,7125.75,7126,7122.75,7123
1770056100,7123,7123.5,7120.25,7121.25
1770056400,7121,7122,7117,7121.5
1770056700,7121.5,7123,7120,7121.25
1770057000,7121,7122.75,7120.75,7121.5
1770057300,7121.5,7124,7121.25,7121.75
1770057600,7121.75,7125.75,7121,7124.75
1770057900,7125,7128.5,7124.75,7127.25
1770058200,7127.5,7127.5,7125.75,7125.75
1770058500,7125.75,7127.5,7125,7125.75
1770058800,7125.5,7127.75,7124.25,7127.5
1770059100,7127.5,7128.5,7126.75,7127.75
1770059400,7127.75,7129.5,7127.75,7127.75
1770059700,7128,7129.25,7127,7127.75
1770060000,7127.75,7129,7126.75,7128.25
1770060300,7128.5,7129,7127,7128.5
1770060600,7128.75,7128.75,7123.75,7126.25
1770060900,7126.25,7126.25,7123,7123.25
1770061200,7123.25,7126.5,7122.25,7126
1770061500,7126,7128,7124,7124.25
1770061800,7124.25,7125,7122.25,7123.5
1770062100,7123.25,7128.5,7114,7115.75
1770062400,7115.75,7123.25,7111,7120.75
1770062700,7120.5,7125.25,7120.25,7123.5
1770063000,7123.5,7125.25,7118.25,7118.5
1770063300,7118.25,7121.5,7115,7119.25
1770063600,7119.25,7122.75,7118.75,7122.5
1770063900,7122.5,7122.75,7117.25,7118.5
1770064200,7118.25,7119.75,7116.75,7116.75
1770064500,7116.75,7117.5,7114,7114.75
1770064800,7114.75,7116,7112.75,7113.5
1770065100,7113.25,7118.5,7112.5,7116.75
1770065400,7116.75,7118.25,7111.25,7114.75
1770065700,7114.75,7118.5,7113.75,7115.75
1770066000,7116,7116.75,7110.25,7114
1770066300,7113.75,7120,7111.75,7119.25
1770066600,7119.25,7119.75,7117,7117.25
1770066900,7117.25,7118.75,7115.75,7116.5
1770067200,7116.5,7118.75,7114.75,7117.75
1770067500,7117.75,7118.5,7117,7117
1770067800,7117,7118.75,7116.75,7118
1770068100,7117.75,7118.5,7114.75,7115.5
1770068400,7115.25,7116.5,7115,7115.25
1770068700,7115.5,7117.5,7114.75,7117.25
1770069000,7117.25,7117.25,7114.75,7115.5
1770069300,7115.5,7117.5,7114.75,7116
1770073200,7117,7124.5,7115.25,7122.75
1770073500,7123,7129.5,7123,7126.75
1770073800,7126.75,7127.5,7123.75,7124.5
1770074100,7124.75,7127.5,7124.75,7125.75
1770074400,7125.75,7126.5,7125.25,7126.5
1770074700,7126.75,7128.25,7124.25,7127.25
1770075000,7127.5,7129.5,7126.25,7129.5
1770075300,7129.75,7135,7129.75,7134.75
1770075600,7134.5,7134.5,7129.75,7131
1770075900,7130.75,7131.75,7128.25,7129.25
1770076200,7129.25,7130.25,7128,7129
1770076500,7129,7129.5,7127.5,7128
1770076800,7128,7129.25,7125.75,7127
1770077100,7127,7128.75,7126.5,7127.25
1770077400,7127.25,7129,7122,7127.25
1770077700,7127.25,7130.5,7126.75,7129.75
1770078000,7129.75,7134,7129.25,7133
1770078300,7133,7136,7133,7133.5
1770078600,7133.5,7134.5,7132.75,7133
1770078900,7133.25,7133.75,7132.75,7133.5
1770079200,7133.25,7133.25,7130,7131.5
1770079500,7131.5,7131.5,7130.25,7130.25
1770079800,7130.5,7131.5,7128.5,7130.5
1770080100,7130.75,7131.5,7129.5,7131
1770080400,7131,7132.5,7130,7132.25
1770080700,7132.25,7133.25,7131.5,7132.5
1770081000,7132.75,7135,7132.75,7134.25
1770081300,7134.5,7135.75,7134,7134.25
1770081600,7134.5,7136.25,7133.75,7133.75
1770081900,7133.75,7134.25,7132.75,7133.25
1770082200,7133.25,7133.5,7130.5,7131.5
1770082500,7131.75,7132,7130.25,7130.25
1770082800,7130.25,7132.5,7129.75,7132.25
1770083100,7132.25,7132.25,7128,7128.25
1770083400,7128.5,7130.5,7127.75,7130
1770083700,7129.75,7131,7128.75,7130
1770084000,7130,7130,7126.25,7126.75
1770084300,7126.5,7127.5,7126,7127
1770084600,7126.75,7126.75,7124.25,7125.25
1770084900,7125.5,7129.25,7125,7129
1770085200,7128.75,7129.75,7127,7127.25
1770085500,7127,7127,7124.5,7124.75
1770085800,7124.75,7125.5,7123.5,7123.75
1770086100,7123.75,7124.5,7121.5,7123
1770086400,7122.75,7123.75,7120.75,7122.75
1770086700,7122.5,7123.5,7121,7123
1770087000,7122.75,7125,7122.5,7123.75
1770087300,7124,7126.75,7124,7125.5
1770087600,7125.25,7126.25,7124,7125.5
1770087900,7125.5,7129,7125.25,7127.25
1770088200,7127.5,7128,7124.75,7125
1770088500,7125,7126.25,7123.25,7125.25
1770088800,7125.25,7127.75,7125.25,7127.75
1770089100,7127.75,7128.75,7126.75,7127.5
1770089400,7127.25,7128.25,7125.75,7127
1770089700,7127,7129,7126.75,7128.25
1770090000,7128.25,7131.25,7128,7131
1770090300,7131,7131.5,7129.5,7130.25
1770090600,7130.25,7130.5,7128.75,7129.75
1770090900,7129.75,7131.5,7129.5,7130
1770091200,7130.25,7133.5,7130,7132.75
1770091500,7132.75,7133,7132,7132.5
1770091800,7132.25,7132.25,7130,7131.25
1770092100,7131.5,7131.5,7130.25,7131
1770092400,7131.25,7131.5,7130,7130
1770092700,7130.25,7131,7129.25,7130.75
1770093000,7131,7134.5,7131,7133
1770093300,7133.25,7134,7132.25,7133.5
1770093600,7133.5,7134.75,7133.25,7134
1770093900,7134.25,7134.75,7133.5,7134.5
1770094200,7134.75,7135.75,7134.25,7135
1770094500,7134.75,7135.25,7134.5,7135
1770094800,7135,7135.25,7131.25,7131.75
1770095100,7132,7132.5,7129.75,7130
1770095400,7129.75,7130.25,7128.5,7129.75
1770095700,7129.75,7131,7129.25,7129.75
1770096000,7129.5,7132.75,7129.25,7132.25
1770096300,7132.5,7133,7130.75,7131
1770096600,7131.25,7132.25,7130.25,7132.25
1770096900,7132,7133.5,7132,7132.5
1770097200,7132.5,7133,7131.75,7132.5
1770097500,7132.75,7136.25,7132.5,7135.75
1770097800,7135.75,7135.75,7133.25,7134.75
1770098100,7134.75,7135,7133.75,7134
1770098400,7134.25,7134.5,7131.75,7132.75
1770098700,7132.75,7134.75,7132.5,7134.75
1770099000,7134.75,7136,7134.75,7135.75
1770099300,7135.75,7136.75,7135.25,7136.25
1770099600,7136.25,7136.25,7135.25,7135.75
1770099900,7135.75,7136.75,7134.25,7134.25
1770100200,7134,7136.5,7133.25,7136.5
1770100500,7136.25,7136.5,7134,7135.5
1770100800,7135.5,7137.25,7134.75,7136.5
1770101100,7136.5,7136.5,7134.25,7135.25
1770101400,7135.5,7136.25,7134.75,7136
1770101700,7135.75,7136,7134.5,7134.5
1770102000,7134.5,7136.5,7134.25,7134.75
1770102300,7134.75,7135.75,7133.75,7135
1770102600,7135,7136.75,7134.75,7135.5
1770102900,7135.5,7136.25,7132,7132.75
1770103200,7132.75,7133.5,7132.25,7132.5
1770103500,7132.25,7133.75,7131.75,7133.5
1770103800,7133.25,7135.75,7132.25,7135.25
1770104100,7135,7136.25,7134.5,7136
1770104400,7136,7136.75,7135.25,7136.5
1770104700,7136.5,7138.5,7136,7138.25
1770105000,7138,7138.5,7136.75,7137.75
1770105300,7137.5,7138.5,7136,7136.25
1770105600,7136,7136.25,7132.25,7135.5
1770105900,7135.5,7138.5,7132.75,7138.25
1770106200,7138,7140,7137.75,7139.25
1770106500,7139.25,7139.75,7137.5,7138.5
1770106800,7138.5,7139.75,7136.75,7139
1770107100,7139.25,7139.5,7135.25,7135.25
1770107400,7135.25,7136,7133.25,7133.75
1770107700,7133.5,7135,7131.25,7132.75
1770108000,7132.25,7134.25,7131.5,7133.5
1770108300,7133.25,7133.5,7131.75,7131.75
1770108600,7131.5,7132,7129.5,7130
1770108900,7130.25,7130.75,7128.75,7130.25
1770109200,7130.25,7134,7130.25,7132
1770109500,7132,7136,7132,7132.5
1770109800,7132.25,7132.25,7129.75,7130
1770110100,7130.25,7132,7129.25,7131.75
1770110400,7131.75,7132,7128.5,7128.5
1770110700,7128.75,7129.5,7127.25,7127.75
1770111000,7128,7130,7126.75,7128.75
1770111300,7128.5,7128.75,7125,7125.5
1770111600,7125.75,7128.25,7125.5,7127.25
1770111900,7127.25,7128,7126,7127.75
1770112200,7127.75,7128.75,7126.5,7126.5
1770112500,7126.25,7127.25,7124.75,7127
1770112800,7127.25,7130,7127,7129.5
1770113100,7129.75,7130.75,7129.5,7130
1770113400,7130.25,7131,7128.75,7129
1770113700,7129,7130,7127.25,7128.5
1770114000,7128.25,7128.75,7127,7127
1770114300,7127,7128,7126.25,7127.25
1770114600,7127.25,7127.25,7125.5,7125.5
1770114900,7125.5,7126,7124,7124.25
1770115200,7124.25,7124.75,7123,7123.5
1770115500,7123.5,7124.5,7123,7123.75
1770115800,7124,7125.5,7123.5,7125.25
1770116100,7125.25,7125.25,7123.75,7124
1770116400,7124,7125,7121.75,7122.25
1770116700,7122.25,7123.5,7121.5,7121.75
1770117000,7121.75,7125.25,7121.25,7124.5
1770117300,7124.25,7124.75,7122.75,7123.75
1770117600,7124,7126.25,7124,7124.75
1770117900,7124.5,7125.25,7123,7123.5
1770118200,7123.25,7123.25,7119.5,7121.25
1770118500,7121.25,7122,7120,7120.75
1770118800,7120.75,7123.75,7120.75,7123.25
1770119100,7123.5,7124.75,7122,7122.5
1770119400,7122.25,7122.25,7119.75,7121.75
1770119700,7121.75,7124.75,7121.75,7123.5
1770120000,7123.5,7126.25,7120.75,7123
1770120300,7122.75,7126.75,7122.75,7126.5
1770120600,7126.5,7129,7126,7129
1770120900,7129.25,7130.25,7127.75,7130.25
1770121200,7130,7131,7128.25,7129.75
1770121500,7129.75,7133.25,7129.5,7132.5
1770121800,7132.5,7134.75,7132,7133.5
1770122100,7133.75,7134.5,7132.75,7134.25
1770122400,7134.25,7135,7133.5,7134.25
1770122700,7134.25,7136,7133.75,7135.5
1770123000,7135.5,7136,7133,7133.75
1770123300,7133.25,7134.25,7132.25,7132.75
1770123600,7133,7133,7131,7131.5
1770123900,7131.25,7133.5,7130.75,7133.25
1770124200,7133,7134.25,7131.25,7131.5
1770124500,7131.5,7133.5,7131,7132.5
1770124800,7132.5,7132.5,7128.75,7129.75
1770125100,7129.75,7133,7129.75,7132.75
1770125400,7132.75,7134.25,7130.75,7132.75
1770125700,7133,7133,7129.75,7131
1770126000,7131,7131.5,7128.5,7128.75
1770126300,7128.75,7130.75,7128.5,7130.5
1770126600,7130.25,7130.25,7127.75,7129.25
1770126900,7129,7130.25,7127.75,7128
1770127200,7128,7129.5,7126.75,7127.5
1770127500,7127.5,7127.5,7124.75,7125
1770127800,7125,7126,7124.25,7124.75
1770128100,7124.75,7124.75,7121.75,7122.75
1770128400,7122.75,7124.75,7122.75,7123.5
1770128700,7123.5,7124.75,7120.25,7122.25
1770129000,7122.25,7129.75,7116.25,7120.75
1770129300,7120.75,7125,7113.75,7117
1770129600,7117.25,7123.25,7108.5,7111.75
1770129900,7111.5,7121.5,7110,7120.5
1770130200,7120,7120.75,7109,7109
1770130500,7108.75,7110.25,7092.75,7094.25
1770130800,7094.5,7097,7080.75,7088.25
1770131100,7088,7093.5,7079.75,7089
1770131400,7089,7089.5,7075.25,7078.75
1770131700,7078.5,7087.75,7077.25,7084
1770132000,7083.75,7088.75,7068.25,7068.75
1770132300,7068.75,7084.25,7067,7081
1770132600,7081,7085.25,7074.75,7075.25
1770132900,7075.25,7080.25,7069.75,7080
1770133200,7079.75,7081.75,7072.5,7072.75
1770133500,7072.5,7087,7068.5,7086.75
1770133800,7086.75,7092,7079.25,7087.75
1770134100,7087.5,7093.75,7087,7090.75
1770134400,7090.75,7091.5,7082,7082.5
1770134700,7082.5,7086.25,7080,7081
1770135000,7081,7086,7077.75,7079.5
1770135300,7079.5,7083.25,7076,7077.75
1770135600,7077.75,7079.75,7066,7068
1770135900,7068.25,7075.75,7065.75,7067
1770136200,7067.25,7071,7063,7070
1770136500,7070,7073.5,7065,7068
1770136800,7068.25,7070.75,7066,7068.75
1770137100,7068.75,7073.5,7065.5,7070.5
1770137400,7070.5,7070.5,7061.75,7067
1770137700,7066.75,7069.5,7065,7065.5
1770138000,7065.75,7066.5,7062.25,7064
1770138300,7064,7065,7059.25,7064.5
1770138600,7064.5,7066,7045,7050
1770138900,7050.25,7058.25,7048.25,7051.5
1770139200,7051.5,7058.5,7049.25,7057.5
1770139500,7057.25,7060.75,7047,7047.25
1770139800,7047.25,7048.25,7040.5,7040.75
1770140100,7040.5,7043.25,7038,7040.25
1770140400,7040,7040,7032.75,7035
1770140700,7035,7042.25,7033.5,7039.75
1770141000,7039.75,7046.5,7033.5,7038.25
1770141300,7038.25,7040,7035.25,7035.75
1770141600,7035.75,7039.75,7033.5,7034
1770141900,7034,7044.25,7032.75,7038.5
1770142200,7038.5,7038.75,7023,7026
1770142500,7026,7031.5,7024.25,7031
1770142800,7031,7032.5,7025.5,7025.5
1770143100,7025.5,7027,7021,7022.5
1770143400,7022.25,7023,7015.75,7019
1770143700,7019,7023,7016.25,7022.75
1770144000,7022.75,7022.75,7015.25,7016.5
1770144300,7016.5,7017.75,7012.75,7016
1770144600,7016.25,7016.25,7012.25,7013
1770144900,7013.25,7018.75,7006.75,7007.25
1770145200,7007.25,7011,7001.75,7004.25
1770145500,7004,7007,6999,7001
1770145800,7001,7023.5,7000,7022.75
1770146100,7022.75,7029,7020.75,7026.5
1770146400,7026.5,7031.25,7024.75,7025.5
1770146700,7025.5,7027.75,7016,7021
1770147000,7020.75,7027.75,7017,7018
1770147300,7018,7024.25,7017.25,7022
1770147600,7022,7026,7018.5,7020.25
1770147900,7020.25,7021.25,7014,7014
1770148200,7014.5,7021.25,7010,7019
1770148500,7019,7029.75,7018.5,7027.25
1770148800,7027,7029.5,7022,7022.25
1770149100,7022.5,7026.5,7021.5,7026
1770149400,7026,7029.75,7022.75,7029.5
1770149700,7029.25,7035,7024.75,7031.25
1770150000,7031.25,7034,7026.5,7033.75
1770150300,7033.75,7037.25,7033.5,7034.5
1770150600,7034.5,7047.75,7034,7047.25
1770150900,7047.5,7051.25,7044.5,7050
1770151200,7050,7050,7041.25,7045
1770151500,7045,7048.25,7043.25,7048
1770151800,7048,7054,7047,7053
1770152100,7053,7057,7051.75,7053.25
1770152400,7053.25,7058,7050.75,7057.25
1770152700,7057,7057.75,7053,7055.25
1770153000,7055,7056.5,7053,7054.5
1770153300,7054.5,7058.75,7044.5,7047
1770153600,7046.75,7051.75,7045.25,7050.25
1770153900,7050.25,7053.5,7049.5,7053
1770154200,7052.75,7053.25,7048.5,7048.5
1770154500,7048.5,7050.5,7047.25,7047.5
1770154800,7047.75,7052,7047.5,7050.25
1770155100,7050.25,7051,7047.5,7047.75
1770155400,7047.75,7048.75,7046.25,7047.75
1770155700,7047.75,7051.5,7047.75,7051.5
1770159600,7046.75,7051,7046.25,7050.5
1770159900,7050.5,7050.75,7044,7047.25
1770160200,7047.5,7054.5,7047.25,7054.25
1770160500,7054,7057.25,7053.75,7053.75
1770160800,7053.75,7054,7049.25,7051
1770161100,7051.25,7052.75,7046.5,7048
1770161400,7048,7049,7046.25,7047.25
1770161700,7047.5,7049.25,7046.5,7049.25
1770162000,7049.25,7050.5,7047.75,7050.25
1770162300,7050.25,7052.75,7047.75,7052
1770162600,7052,7053.5,7051.25,7053.25
1770162900,7053.25,7056,7051.75,7055.25
1770163200,7055.5,7056.5,7048,7051.5
1770163500,7051.5,7053.75,7050.25,7051.75
1770163800,7051.75,7051.75,7048.75,7049.75
1770164100,7050,7055,7050,7054.5
1770164400,7054.5,7055.25,7052.25,7052.75
1770164700,7052.5,7054.5,7049.5,7051.25
1770165000,7051,7054.5,7050.75,7054.25
1770165300,7054.25,7055,7052.25,7053
1770165600,7053,7053,7049.75,7050.5
1770165900,7050.5,7052,7048.25,7049.25
1770166200,7049,7050.75,7046.25,7047
1770166500,7047,7049.75,7046.75,7046.75
1770166800,7047,7056.75,7047,7056.25
1770167100,7056.25,7056.5,7050.75,7052.75
1770167400,7053,7057.75,7053,7057
1770167700,7057,7058.5,7055.75,7057.25
1770168000,7057.25,7059.25,7057,7058.75
1770168300,7058.5,7058.75,7057.25,7058
1770168600,7058,7059.75,7057.25,7058.25
1770168900,7058.25,7059,7054.25,7054.5
1770169200,7054.5,7055.75,7054.25,7055.5
1770169500,7055.75,7058.25,7053.25,7054
1770169800,7054.25,7056,7053.5,7055
1770170100,7055,7058.25,7054.5,7057.25
1770170400,7057.25,7059.75,7057.25,7059
1770170700,7059.25,7064,7059,7063.75
1770171000,7063.5,7063.5,7060.5,7061
1770171300,7061.25,7062.5,7058.5,7058.5
1770171600,7058.75,7058.75,7056.75,7057.75
1770171900,7057.75,7059,7054,7056.25
1770172200,7055.75,7058,7055.5,7057.25
1770172500,7057.25,7058.25,7056,7056
1770172800,7056,7056.5,7052.5,7056.25
1770173100,7056.25,7057.5,7055.25,7056
1770173400,7056,7056,7052.5,7055.75
1770173700,7055.75,7057,7054.5,7055.25
1770174000,7055.5,7056.5,7053.25,7054.25
1770174300,7054.5,7055.75,7053.5,7055.25
1770174600,7055,7058.75,7055,7057.25
1770174900,7057,7058,7054,7055.25
1770175200,7055.25,7057.25,7053.5,7056.25
1770175500,7056.25,7058.75,7055.5,7057
1770175800,7056.75,7060.25,7056.75,7060
1770176100,7059.75,7062.25,7058.5,7061.75
1770176400,7061.75,7062.25,7059,7059
1770176700,7058.75,7059.25,7055.25,7056.5
1770177000,7056.75,7058.25,7055.75,7057.75
1770177300,7057.75,7060,7057.75,7059.5
1770177600,7059.5,7060.5,7059,7059.5
1770177900,7059.5,7060.5,7058,7058.75
1770178200,7059,7061,7059,7059.5
1770178500,7059.25,7059.75,7058.25,7059.5
1770178800,7059.25,7059.5,7057,7057.5
1770179100,7057.75,7058.25,7056.75,7058
1770179400,7058,7059.5,7058,7059.5
1770179700,7059.25,7059.75,7058.5,7059.5
1770180000,7059.25,7061.25,7059.25,7060
1770180300,7060,7060.5,7059.25,7059.25
1770180600,7059.25,7060.25,7058,7059
1770180900,7058.75,7058.75,7057.25,7058.75
1770181200,7059,7059.25,7057.5,7058
1770181500,7058,7059.5,7056.25,7057
1770181800,7057.25,7057.75,7056.25,7056.5
1770182100,7056.75,7058.75,7056.75,7058.25
1770182400,7058.25,7059.25,7058,7058.75
1770182700,7058.75,7059.5,7058,7058.25
1770183000,7058.5,7058.5,7054.75,7056
1770183300,7056.25,7057,7055.25,7056.75
1770183600,7056.75,7058.5,7056.5,7058
1770183900,7058,7059.25,7057.75,7059
1770184200,7059,7060,7058.5,7058.5
1770184500,7058.5,7061.5,7058.25,7061.5
1770184800,7061.5,7062.5,7059.75,7062.25
1770185100,7062.5,7064.25,7062,7062.25
1770185400,7062.25,7065.75,7062.25,7064.75
1770185700,7064.75,7065,7062.25,7062.25
1770186000,7062,7062.75,7060,7061.5
1770186300,7061.5,7063.75,7061.5,7063.5
1770186600,7063.5,7065.25,7062.25,7065.25
1770186900,7065.25,7067.5,7065,7067
1770187200,7067,7068.75,7066.75,7068.25
1770187500,7068.25,7072,7068.25,7071.25
1770187800,7071,7071,7068,7068.75
1770188100,7068.75,7069,7067,7068
1770188400,7068,7069.5,7067,7069.5
1770188700,7069.5,7070,7067.75,7069
1770189000,7069.25,7072.25,7069.25,7071.25
1770189300,7071,7071.75,7070,7070.5
1770189600,7070.5,7072.25,7070.25,7071.75
1770189900,7071.5,7072,7070.25,7071
1770190200,7070.75,7071.25,7068.25,7070.75
1770190500,7070.75,7072.25,7070.5,7072
1770190800,7071.75,7072.75,7071.5,7072.25
1770191100,7072,7072.5,7070.75,7071.75
1770191400,7072,7073.75,7071.75,7073
1770191700,7073.25,7073.5,7071,7071.75
1770192000,7071.5,7072.75,7063,7063.75
1770192300,7063.75,7069.25,7063.5,7069
1770192600,7069,7072.5,7068.5,7071.25
1770192900,7071.25,7071.5,7067.5,7068.25
1770193200,7068,7068.25,7060.25,7060.5
1770193500,7060.5,7062.75,7055.25,7056
1770193800,7055.75,7060.5,7053.75,7057.5
1770194100,7057.75,7060.25,7055.75,7056.25
1770194400,7056.25,7063.25,7055.5,7062.75
1770194700,7063,7063.25,7059.75,7060.25
1770195000,7060.25,7061.5,7057.5,7058.75
1770195300,7058.75,7059.5,7056.25,7059
1770195600,7059,7063,7056.25,7060.25
1770195900,7060.25,7062.25,7059,7059.25
1770196200,7059,7060.25,7054.25,7055.25
1770196500,7055,7056,7049.75,7051.25
1770196800,7051.5,7052.25,7047,7048.25
1770197100,7048.5,7051.25,7046.75,7050.5
1770197400,7050.75,7053.25,7049.75,7050.75
1770197700,7050.75,7052,7047.5,7050.75
1770198000,7050.75,7052.5,7045.25,7048.25
1770198300,7048.5,7051.75,7048.25,7049.75
1770198600,7049.5,7051.5,7047.5,7050.25
1770198900,7050.25,7054.75,7050,7053.5
1770199200,7053.75,7059,7051.5,7059
1770199500,7058.75,7061,7058,7058.25
1770199800,7058.25,7059.25,7056.5,7057.5
1770200100,7057.25,7061.25,7057,7060.75
1770200400,7061,7062,7059.75,7060.5
1770200700,7060.5,7062.25,7059,7061.5
1770201000,7061.5,7066.75,7061.5,7066.25
1770201300,7066.25,7067,7061.75,7062.5
1770201600,7062.5,7063,7060.5,7062.5
1770201900,7062.5,7062.5,7060.5,7061.75
1770202200,7061.75,7065,7061.75,7063.75
1770202500,7063.75,7064.5,7062.25,7063
1770202800,7063,7064.75,7062.25,7063.75
1770203100,7063.75,7064.5,7061.5,7061.5
1770203400,7061.5,7062.5,7060.25,7062
1770203700,7062,7064.75,7060.75,7064
1770204000,7064.25,7064.75,7062.75,7064.75
1770204300,7064.75,7065.75,7062.5,7063.75
1770204600,7063.75,7066.5,7062.5,7066.25
1770204900,7066,7068.75,7065.75,7067.5
1770205200,7067.5,7067.75,7065.25,7065.5
1770205500,7065.75,7075.25,7065.75,7075
1770205800,7075.25,7078.5,7073.5,7075.5
1770206100,7075.5,7076.75,7073.5,7073.75
1770206400,7074,7077.75,7072.5,7073.25
1770206700,7073,7073.25,7067.75,7071
1770207000,7070.75,7072.5,7069.5,7072.5
1770207300,7072.5,7073.75,7071.25,7072.25
1770207600,7072.25,7072.75,7069.5,7069.5
1770207900,7070,7070,7066.25,7068
1770208200,7068,7071.25,7068,7071
1770208500,7071.25,7071.25,7063.5,7064.75
1770208800,7065,7066.75,7063,7066.25
1770209100,7066.25,7069.75,7064.25,7066
1770209400,7065.75,7067.75,7063.25,7065.25
1770209700,7065,7067,7063.75,7065
1770210000,7065,7066,7061,7061
1770210300,7061,7062.75,7059.5,7060.25
1770210600,7060.25,7063,7059.25,7061.75
1770210900,7062,7065.75,7060.75,7064
1770211200,7064.25,7066.5,7060,7063.25
1770211500,7063,7066.25,7063,7064.75
1770211800,7064.5,7071.75,7061.25,7067.5
1770212100,7067.5,7068.5,7063.25,7065.25
1770212400,7065.25,7070.25,7064.5,7067
1770212700,7067,7067,7058,7058.5
1770213000,7058.5,7062.75,7057.5,7058.5
1770213300,7058.5,7061,7058.5,7059.25
1770213600,7059,7059.25,7054.75,7055.25
1770213900,7055.25,7056.75,7053.5,7055
1770214200,7055,7058.75,7055,7058
1770214500,7058.25,7059,7056.25,7057
1770214800,7056.75,7058.75,7054.25,7057
1770215100,7057,7062.75,7057,7062
1770215400,7062,7063,7048.25,7054.25
1770215700,7054.5,7069.25,7049.75,7064.5
1770216000,7064.5,7071.25,7056.5,7065
1770216300,7065.25,7073.5,7059,7068.75
1770216600,7068.5,7070,7048,7060.25
1770216900,7060.5,7062.25,7036.75,7040.75
1770217200,7040.75,7040.75,7023.25,7031
1770217500,7031.25,7050.5,7031,7048
1770217800,7048.25,7054.75,7042.75,7047.25
1770218100,7047.5,7051.75,7041.75,7045.5
1770218400,7045.5,7061.75,7044.25,7058.25
1770218700,7058.25,7067.75,7052.75,7057.5
1770219000,7057.5,7059.75,7040,7041.75
1770219300,7041.5,7059.25,7031.5,7047
1770219600,7047,7061,7044.5,7054.25
1770219900,7054.25,7056.25,7043,7045.25
1770220200,7045,7050,7041,7046.5
1770220500,7046.25,7051.75,7040.25,7044.25
1770220800,7044.5,7047.5,7028.5,7029
1770221100,7029,7035.25,7024,7026.5
1770221400,7026.25,7041.75,7023.75,7036.75
1770221700,7037,7041,7023.5,7026
1770222000,7025.75,7036.75,7022,7035.75
1770222300,7036,7043,7032.5,7041.5
1770222600,7041.5,7043,7029.75,7030
1770222900,7030.25,7033.75,7025.5,7026
1770223200,7026,7027,7011.75,7012.25
1770223500,7012.25,7013.25,7002.75,7006.25
1770223800,7006.25,7012.5,7001.25,7012.5
1770224100,7012.25,7026,7011.5,7024
1770224400,7023.75,7029.25,7021,7026
1770224700,7026,7028.5,7020.5,7022.5
1770225000,7022.75,7027.25,7016.5,7026
1770225300,7025.75,7027.75,7015,7015
1770225600,7015,7018.75,7012,7013.25
1770225900,7013.25,7014.75,6990,6995
1770226200,6994.75,7006,6989.5,6994.25
1770226500,6994,6994.5,6982.25,6982.25
1770226800,6982.25,6989.5,6978,6988.75
1770227100,6988.75,6990.75,6979,6981.5
1770227400,6981.25,6990.5,6975.25,6989.25
1770227700,6989.25,6996.5,6989,6994.75
1770228000,6994.75,6996.75,6983.75,6991
1770228300,6991,6998.5,6981,6981.75
1770228600,6981.5,6989.75,6981,6986.5
1770228900,6986.5,6989.75,6981.5,6982.75
1770229200,6983,6993.75,6981.75,6993.25
1770229500,6993.5,7008.25,6993.5,7006
1770229800,7006,7006.75,6989,6993.5
1770230100,6993.75,7000,6992.25,6998
1770230400,6998,7008.75,6995.75,6998.75
1770230700,6998.75,7002.25,6994.75,6996
1770231000,6996,7003.75,6989.75,7003
1770231300,7002.5,7013.25,7002,7004.25
1770231600,7004.5,7007,6998,6998.75
1770231900,6998.75,7002.5,6991.5,7001
1770232200,7001.25,7004.5,6999.25,7000.75
1770232500,7000.5,7011,7000,7005.75
1770232800,7005.75,7009.5,6999.5,7005.25
1770233100,7005,7011.75,7002.5,7011.5
1770233400,7011.5,7021.5,7011,7020.25
1770233700,7020.25,7022.75,7016,7018.5
1770234000,7018.5,7028,7017.75,7023.75
1770234300,7024,7041.75,7021.25,7031
1770234600,7030.75,7043,7028.75,7035.25
1770234900,7035.25,7041.5,7033.25,7041
1770235200,7041,7043,7032,7036.25
1770235500,7036.25,7038.75,7035,7037.75
1770235800,7037.75,7039.25,7025.5,7033.25
1770236100,7033.25,7035.25,7028.75,7032.25
1770236400,7032.25,7037.75,7029,7036
1770236700,7036.25,7040,7032.5,7033.5
1770237000,7033.5,7039,7031,7037
1770237300,7037,7041,7034.25,7040.25
1770237600,7040.25,7041.5,7035.5,7036.25
1770237900,7036.25,7041.5,7032.75,7041
1770238200,7041,7043.25,7021.5,7023.25
1770238500,7023,7023.75,7014.5,7019
1770238800,7019.25,7035.25,7005,7010.75
1770239100,7011.25,7030.75,7010.75,7027.5
1770239400,7027.75,7038.25,7023,7036
1770239700,7036.25,7037,7024.75,7032.5
1770240000,7032.75,7033,7025.75,7031.75
1770240300,7031.75,7035.75,7027.75,7033.25
1770240600,7033.25,7052.75,7032,7052.25
1770240900,7052.25,7054.25,7047.25,7049.5
1770241200,7049.5,7051.5,7044.5,7048.5
1770241500,7048.5,7051.75,7046,7048.25
1770241800,7048.25,7050,7044.75,7048.25
1770242100,7048.25,7048.25,7041,7041.25
1770246000,7028.25,7036.5,7027.25,7036
1770246300,7036,7038.75,7030.5,7034.75
1770246600,7034.75,7038.75,7033.75,7033.75
1770246900,7034,7038.25,7034,7035.25
1770247200,7035.5,7037.5,7033,7033.5
1770247500,7033.25,7037.25,7032.25,7037
1770247800,7037,7041.5,7036.25,7037.5
1770248100,7037.75,7038.5,7032,7032.75
1770248400,7033,7034.5,7031,7032.75
1770248700,7033,7036.25,7032.25,7034.5
1770249000,7034.75,7037.5,7033.5,7034
1770249300,7034,7034,7026.25,7031.25
1770249600,7031,7031,7024.25,7027.5
1770249900,7027.5,7030.75,7026.5,7029.5
1770250200,7029.5,7032,7028.75,7030.25
1770250500,7030.25,7035,7030.25,7035
1770250800,7035,7037.5,7033.75,7036.75
1770251100,7037,7041.25,7036.75,7039.75
1770251400,7039.75,7040.75,7037.75,7039.25
1770251700,7039.25,7041.25,7037.75,7041
1770252000,7041,7043,7041,7041.75
1770252300,7041.5,7042.75,7040.75,7041.75
1770252600,7042,7042.25,7037.75,7038.25
1770252900,7038.25,7040.5,7036.75,7037.25
1770253200,7037.5,7040.25,7036.25,7039.25
1770253500,7039.25,7045.5,7039.25,7045
1770253800,7045,7046,7043.75,7044.75
1770254100,7044.5,7047,7043.5,7044.5
1770254400,7044.75,7044.75,7037.75,7038.25
1770254700,7038,7043,7037.25,7041.25
1770255000,7041.25,7044,7040.25,7041.75
1770255300,7041.75,7046.25,7041.5,7045.25
1770255600,7045.25,7048,7043,7045.75
1770255900,7046.25,7047.5,7043.25,7044
1770256200,7043.75,7046.75,7042.75,7043.25
1770256500,7043.25,7045,7042,7043.75
1770256800,7043.75,7045.5,7037.75,7038.75
1770257100,7039,7040,7033.5,7034.25
1770257400,7034,7034.75,7021,7021.25
1770257700,7021.25,7023.75,7011.5,7021.5
1770258000,7021.25,7029.5,7019.75,7025.75
1770258300,7025.75,7028.5,7023.5,7028
1770258600,7028,7031,7026.75,7028.25
1770258900,7028.75,7034.5,7028.25,7030.25
1770259200,7030.5,7032,7029,7030.5
1770259500,7030.25,7031.25,7022.5,7023.5
1770259800,7023.5,7024.25,7016.75,7018.5
1770260100,7018.25,7018.5,7008.25,7009.5
1770260400,7009.75,7017.5,7006.75,7015.5
1770260700,7016,7017,7011,7016.25
1770261000,7016.25,7019.5,7014.5,7017.75
1770261300,7017.25,7018.25,7013,7016.25
1770261600,7016.25,7022,7015.25,7019.75
1770261900,7019.75,7021.75,7016,7017.75
1770262200,7018,7019,7010.5,7013.75
1770262500,7013.5,7014.5,7009,7010.75
1770262800,7010.75,7015,7010.75,7014.75
1770263100,7014.25,7014.25,7008.25,7010
1770263400,7010,7010,7001.75,7004
1770263700,7004.25,7007.75,7002,7003.75
1770264000,7004.25,7011.5,7004.25,7006.25
1770264300,7006.25,7008.25,7004,7007.25
1770264600,7007.5,7009.25,7006.25,7006.75
1770264900,7007,7007.75,7003.75,7004.75
1770265200,7005,7007.5,7002,7004
1770265500,7004.25,7006.25,7000.75,7006.25
1770265800,7006.5,7011,7004.5,7010
1770266100,7010.25,7011,7008.5,7009
1770266400,7009,7017.5,7009,7017
1770266700,7016.75,7018.25,7015.75,7016.25
1770267000,7016.5,7019.5,7016.5,7017.25
1770267300,7017.25,7018,7015.75,7016.75
1770267600,7017,7019,7012,7015.25
1770267900,7015.25,7016,7011.5,7012.5
1770268200,7012.25,7016.25,7011,7011.5
1770268500,7011.5,7012.75,7007.5,7009.25
1770268800,7009.25,7009.25,7006.5,7009.25
1770269100,7009,7015.25,7008.75,7014.25
1770269400,7014.5,7016.25,7011,7011.75
1770269700,7012,7018.75,7012,7018.25
1770270000,7018.25,7021.75,7016,7018.5
1770270300,7018.75,7020,7014.25,7014.75
1770270600,7015,7017,7012.25,7014
1770270900,7013.5,7014,7011.75,7013
1770271200,7013.25,7016,7012.75,7014.5
1770271500,7014.5,7018.25,7013.5,7017.25
1770271800,7016.75,7020,7015.75,7018.5
1770272100,7019,7022.25,7017.5,7018.5
1770272400,7018.25,7020,7014.75,7016.5
1770272700,7016.5,7019,7015.5,7018.5
1770273000,7017.75,7021.25,7016.5,7020
1770273300,7020,7021,7017,7020.75
1770273600,7021,7023.5,7020.5,7022
1770273900,7022.25,7026.5,7022.25,7023.75
1770274200,7024,7024.75,7023.25,7024
1770274500,7023.5,7026.25,7022.75,7025.75
1770274800,7025.75,7028.25,7024.5,7026.75
1770275100,7026.75,7028,7024.25,7025.5
1770275400,7025.25,7027.5,7024.25,7024.5
1770275700,7024.25,7026.25,7023.75,7024.5
1770276000,7024.75,7026.75,7023,7025.25
1770276300,7025.25,7029.5,7025,7028.25
1770276600,7028,7029.75,7027.25,7028.75
1770276900,7028.75,7029,7024.75,7025
1770277200,7025,7025.25,7022.75,7024.5
1770277500,7024,7027.75,7024,7026.75
1770277800,7026.5,7029.25,7023.25,7027.75
1770278100,7028.25,7028.5,7020,7021
1770278400,7020.75,7029,7020.5,7027
1770278700,7027.5,7033.25,7025.5,7032
1770279000,7032,7033.75,7028,7031.75
1770279300,7032,7036.5,7031.5,7035.5
1770279600,7035.5,7035.75,7030.25,7030.75
1770279900,7031,7034.75,7027.25,7030.75
1770280200,7030.25,7035,7028.75,7029
1770280500,7028.75,7028.75,7024.5,7027.5
1770280800,7027.5,7032.25,7027,7029.25
1770281100,7028.75,7028.75,7024.25,7025.75
1770281400,7025.5,7025.5,7014.25,7015.75
1770281700,7015.75,7020.25,7013.5,7013.75
1770282000,7014,7020.5,7012,7013.75
1770282300,7013.5,7015,7009,7012.25
1770282600,7013.25,7014.25,7008.25,7012
1770282900,7011.75,7013.75,7008.25,7012
1770283200,7012.25,7020,7012.25,7019.25
1770283500,7019.25,7026.5,7019.25,7026
1770283800,7026,7031.25,7025.25,7028
1770284100,7028.25,7028.75,7020.5,7021.5
1770284400,7021.75,7022.75,7018,7018.25
1770284700,7018.5,7019.5,7013.5,7015.75
1770285000,7015.75,7021,7015.5,7019.75
1770285300,7020,7022.5,7017.75,7018
1770285600,7018.25,7021.5,7017,7019
1770285900,7018.75,7019.5,7016,7019
1770286200,7019.25,7028.5,7019.25,7028.5
1770286500,7028.25,7030,7026,7027.75
1770286800,7028,7030.5,7026.25,7029
1770287100,7029,7031,7028.75,7030
1770287400,7030.25,7030.75,7023.25,7024
1770287700,7024,7024.25,7017.25,7018
1770288000,7018.25,7024,7017,7019
1770288300,7019.25,7023.25,7018.75,7022
1770288600,7022,7023.5,7018.75,7019.25
1770288900,7019.25,7021.25,7018.5,7020.75
1770289200,7020.75,7021.5,7017.5,7018.25
1770289500,7018.5,7023,7017.5,7023
1770289800,7022.75,7023.5,7020.25,7022.25
1770290100,7022.5,7025.75,7022.25,7023.25
1770290400,7023.25,7029.25,7022.75,7026
1770290700,7026,7027.5,7022,7022
1770291000,7022,7023.75,7017.25,7019.25
1770291300,7019.25,7024.25,7019,7022.5
1770291600,7022.5,7025.75,7020,7023.5
1770291900,7023.5,7026.75,7021.75,7025.25
1770292200,7025.5,7027,7023.5,7025.5
1770292500,7025.5,7028.25,7025.25,7027.75
1770292800,7027.5,7032.5,7022.75,7031.5
1770293100,7031.5,7033.5,7027.25,7028.25
1770293400,7028,7030.75,7025.75,7030.5
1770293700,7030.5,7032,7019,7019.25
1770294000,7019.25,7019.25,6998.5,6998.75
1770294300,6999.25,7005.5,6994.75,6999.75
1770294600,6999.5,7002.75,6987.25,6989
1770294900,6989,6992.5,6981.5,6987.75
1770295200,6987.75,6989,6973.5,6981
1770295500,6981,6984.25,6969,6972
1770295800,6972,6983.5,6972,6981
1770296100,6980.75,6985,6974,6983.25
1770296400,6983,6986.5,6976.25,6978.25
1770296700,6978,6989.25,6976.25,6989
1770297000,6989,6990,6980.25,6981.75
1770297300,6981.75,6986.5,6978.5,6979
1770297600,6978.75,6985,6978.5,6982.75
1770297900,6982.5,6983.25,6976.25,6980.75
1770298200,6980.75,6989.5,6973.25,6986.75
1770298500,6986.75,6993.25,6981,6981.25
1770298800,6981.5,6984,6978.5,6979.25
1770299100,6979.25,6980.75,6974,6975.5
1770299400,6975.5,6978.75,6968,6975.25
1770299700,6975.5,6977,6969.5,6970
1770300000,6970,6981.5,6962.75,6977.5
1770300300,6977.5,6979.5,6972,6972.75
1770300600,6972.75,6974.5,6968.25,6968.75
1770300900,6968.75,6971.25,6961.5,6964.25
1770301200,6964,6968.5,6959.75,6966.5
1770301500,6966.5,6969.25,6962,6966.25
1770301800,6966.25,6966.25,6944.25,6964.75
1770302100,6965,6983.5,6957.5,6981.75
1770302400,6982,6990.5,6969.75,6986.5
1770302700,6986.5,6989.75,6978,6986.5
1770303000,6986.25,6994,6971,6975.25
1770303300,6975.25,6979.5,6959.5,6962.75
1770303600,6963,6971.25,6946,6950.25
1770303900,6950.25,6952,6939.75,6945
1770304200,6945,6948.5,6924,6925
1770304500,6924.75,6942,6923.25,6937.75
1770304800,6937.5,6940.25,6925.25,6928.75
1770305100,6928.75,6938.75,6917.75,6922.75
1770305400,6922.75,6930.75,6915.5,6917.5
1770305700,6917.5,6935.75,6916.25,6934
1770306000,6933.75,6941.5,6927.25,6935.5
1770306300,6935.25,6939,6917.75,6920.25
1770306600,6920.25,6934.25,6920.25,6923.75
1770306900,6923.75,6930,6917,6929.75
1770307200,6930,6933,6921,6921.5
1770307500,6921.5,6924.75,6915.5,6916.25
1770307800,6916,6927.25,6914.25,6915
1770308100,6915,6940,6915,6938
1770308400,6937.75,6949.25,6937,6947.5
1770308700,6947.75,6954.75,6943.75,6953.25
1770309000,6953.5,6961.5,6951,6960.25
1770309300,6960.25,6964.25,6955.75,6957.25
1770309600,6957.25,6963,6952.75,6956.25
1770309900,6956.25,6957.25,6946,6956.75
1770310200,6957,6969.75,6956.75,6966.75
1770310500,6967,6972.25,6960.25,6968.75
1770310800,6968.75,6970.25,6952,6956
1770311100,6956,6961.75,6953.75,6955.75
1770311400,6955.75,6959.25,6949.25,6956.5
1770311700,6956.75,6958.75,6952.5,6954
1770312000,6954,6967.5,6946.25,6967.5
1770312300,6967.75,6976.25,6967.5,6971.75
1770312600,6972,6975.75,6964.5,6965.5
1770312900,6965.25,6973.5,6963.75,6971
1770313200,6970.75,6979.5,6969.25,6974
1770313500,6974,6983,6966,6967.25
1770313800,6967.5,6973.75,6962,6965.25
1770314100,6965.5,6966.75,6958.25,6961.25
1770314400,6961.25,6969.75,6960.25,6963.25
1770314700,6963,6963,6957.5,6959.75
1770315000,6959.25,6962.5,6954.25,6958.25
1770315300,6958.25,6960.75,6952.75,6954.5
1770315600,6954.25,6956,6945.25,6948.25
1770315900,6948.5,6952.5,6945.75,6948.25
1770316200,6948,6956.75,6947.25,6950.75
1770316500,6950.75,6951.25,6944.25,6946.25
1770316800,6946.25,6949.75,6941.25,6946.75
1770317100,6946.5,6949.25,6940.25,6941.75
1770317400,6941.75,6941.75,6934,6936.5
1770317700,6936.75,6942.75,6933.25,6939.5
1770318000,6939.5,6950.25,6936.5,6946.25
1770318300,6946,6953.5,6945.25,6952.5
1770318600,6952.5,6965.5,6952,6962.5
1770318900,6962.5,6968.25,6961,6968.25
1770319200,6968.5,6971.75,6966.5,6969
1770319500,6969,6969.25,6957.75,6959.25
1770319800,6959.25,6959.5,6942,6951
1770320100,6951,6953.5,6945.75,6946.75
1770320400,6947,6949.25,6942.75,6945
1770320700,6945,6948.75,6942.5,6944.5
1770321000,6944.75,6948.25,6940.25,6944.25
1770321300,6944.5,6948,6942.75,6947.25
1770321600,6947.25,6952.5,6943.25,6951
1770321900,6951,6964.5,6948.75,6962.75
1770322200,6962.75,6965.5,6953.75,6955
1770322500,6955,6955.75,6942.5,6944
1770322800,6943.75,6945.25,6934,6936
1770323100,6936,6937.25,6932.75,6934.5
1770323400,6934.25,6938.25,6928.5,6929.5
1770323700,6929.5,6933.75,6927,6933.5
1770324000,6933.75,6940,6925.25,6927.75
1770324300,6927.75,6929.5,6921.5,6926
1770324600,6926.25,6931.25,6918.25,6927.25
1770324900,6927.5,6937.25,6926,6930.5
1770325200,6930.75,6941.75,6917.5,6918.75
1770325500,6919,6924.25,6912.75,6922.75
1770325800,6922.75,6933,6922.5,6928.5
1770326100,6928.25,6929.75,6913.75,6915.25
1770326400,6915.5,6919,6913,6916.25
1770326700,6916.25,6922,6916,6918
1770327000,6918.25,6918.5,6904.5,6905
1770327300,6905.25,6909.25,6901.25,6902.25
1770327600,6902.25,6904.25,6898.75,6902.25
1770327900,6902.5,6906.25,6898,6898.25
1770328200,6898.5,6903.25,6898.25,6902.75
1770328500,6903,6904.5,6897.75,6901.5
1770332400,6898.25,6905.75,6893.75,6905.5
1770332700,6905.5,6907.25,6901,6903
1770333000,6903,6903.5,6897.25,6901.25
1770333300,6901.5,6903.5,6895,6895.5
1770333600,6895.5,6895.5,6886.75,6889.75
1770333900,6890,6900.25,6890,6900
1770334200,6899.75,6902,6893,6893.25
1770334500,6893.5,6894.25,6886,6888.5
1770334800,6888.25,6890.5,6886,6887
1770335100,6887,6887.75,6880.5,6885.5
1770335400,6885.25,6886.75,6878,6879
1770335700,6878.75,6885.5,6876.5,6884
1770336000,6884,6885,6872.75,6873.75
1770336300,6873.5,6877.25,6869,6871
1770336600,6871.25,6875.75,6869,6870.5
1770336900,6870.25,6879,6864.25,6877
1770337200,6877,6887.75,6875.75,6886.5
1770337500,6886.25,6890.75,6885.25,6888
1770337800,6888,6891.5,6885.25,6890.5
1770338100,6890.5,6895,6890.25,6891.5
1770338400,6891.5,6894,6886.75,6890.5
1770338700,6890.25,6893.5,6886.75,6888
1770339000,6887.5,6890.75,6884.5,6889
1770339300,6888.75,6897,6888.75,6895.25
1770339600,6895.25,6901,6895.25,6899
1770339900,6899,6902.25,6896.25,6897.5
1770340200,6897,6897.25,6890.25,6890.25
1770340500,6890.75,6893.25,6883,6883.5
1770340800,6883.5,6888.75,6881.5,6887
1770341100,6887.25,6889,6883.25,6887
1770341400,6887,6896,6887,6894.75
1770341700,6894.5,6901.75,6894.25,6901.5
1770342000,6901.75,6908,6901.25,6907.75
1770342300,6907.75,6912.5,6904.75,6910.5
1770342600,6910.25,6915,6909.5,6914
1770342900,6914,6917.5,6913.25,6916
1770343200,6916.25,6922.75,6915.5,6922
1770343500,6922.25,6923,6917.25,6921.5
1770343800,6921.5,6922.25,6918,6920.25
1770344100,6920,6923.5,6916,6920
1770344400,6920.25,6920.5,6914.75,6918.5
1770344700,6918.25,6921.75,6916.75,6921.5
1770345000,6921.25,6922.75,6916.5,6921.75
1770345300,6921.75,6923.25,6918,6920.5
1770345600,6920.25,6921.5,6917,6918.75
1770345900,6918.75,6919.75,6911,6918
1770346200,6918.5,6920.75,6916.5,6918.25
1770346500,6918.5,6919.5,6916.5,6917.25
1770346800,6917,6920.5,6914.5,6919.75
1770347100,6919.75,6921.25,6915.75,6917.75
1770347400,6917.75,6918,6913.25,6915
1770347700,6915,6916.25,6910.5,6912
1770348000,6912.25,6914.75,6908.25,6910.5
1770348300,6911.25,6914.25,6910.25,6912.5
1770348600,6912.75,6918,6911.75,6915.75
1770348900,6915.75,6918.5,6909.25,6909.5
1770349200,6909.5,6910,6902.75,6904.5
1770349500,6904.5,6909.25,6904.25,6908.75
1770349800,6908.75,6914.75,6908.5,6914
1770350100,6914,6915,6912.5,6914
1770350400,6914,6914,6909.5,6910
1770350700,6909.75,6912.5,6907.5,6908
1770351000,6908,6912,6907.75,6910.25
1770351300,6910.25,6911.75,6908.25,6909.75
1770351600,6909.75,6910,6906.25,6907.5
1770351900,6907.5,6909.25,6906.5,6907
1770352200,6907.5,6908,6901.5,6904.75
1770352500,6904.5,6905,6898.5,6899.25
1770352800,6899.5,6901.75,6897.5,6901.25
1770353100,6901.5,6903.25,6899.25,6900.25
1770353400,6900.25,6901.25,6896.5,6897
1770353700,6897,6900.75,6895,6900.5
1770354000,6900.5,6903.25,6896.25,6900
1770354300,6900,6901,6896.5,6897.25
1770354600,6897.25,6901.75,6895,6901.75
1770354900,6901.5,6903.5,6899.25,6899.5
1770355200,6899.75,6904.75,6899.25,6903
1770355500,6903.25,6905.75,6901.5,6905.5
1770355800,6905.5,6914.25,6905,6913.75
1770356100,6913.75,6918.5,6913.75,6917.5
1770356400,6917.75,6920,6916.75,6919.25
1770356700,6919.25,6919.25,6916.75,6917.75
1770357000,6918.25,6925.75,6918.25,6925.75
1770357300,6926,6926.25,6922.75,6923
1770357600,6923,6928.5,6922.25,6924.75
1770357900,6924.75,6928,6923,6924.75
1770358200,6924.5,6927.5,6923.75,6925.5
1770358500,6925.5,6926.5,6923,6924.75
1770358800,6924.75,6928.25,6924,6926
1770359100,6926.25,6927.25,6922.25,6926
1770359400,6925.75,6929,6923,6923.75
1770359700,6923.5,6924.5,6919.5,6919.5
1770360000,6919.5,6920.5,6918,6919.75
1770360300,6919.75,6920.5,6916.75,6919.75
1770360600,6919.75,6920.25,6916.5,6919.25
1770360900,6919.25,6920,6916.5,6918
1770361200,6917.75,6918.5,6911.75,6913
1770361500,6913,6917,6912.5,6913.75
1770361800,6913.75,6914.25,6910.25,6914
1770362100,6914.25,6917,6913,6914
1770362400,6914.25,6921.25,6914,6916.75
1770362700,6916.75,6923.75,6916.75,6922.5
1770363000,6922.5,6924,6921.25,6924
1770363300,6923.75,6924,6919.25,6921
1770363600,6921,6921.25,6918.25,6918.75
1770363900,6918.25,6920.75,6916.25,6919.5
1770364200,6919,6920.5,6916.25,6919.5
1770364500,6919.25,6922.25,6919.25,6922.25
1770364800,6922.25,6923,6909.5,6915.25
1770365100,6915.5,6922.25,6915.25,6922
1770365400,6922.25,6929.25,6921.25,6926.25
1770365700,6926,6930.5,6921.25,6922.25
1770366000,6922,6928,6921.75,6925.25
1770366300,6925,6928.25,6920.5,6920.5
1770366600,6920.5,6924.25,6919.25,6920
1770366900,6920,6925,6919.75,6923.75
1770367200,6923,6930.25,6918,6925.5
1770367500,6925.5,6926,6918.5,6925.5
1770367800,6925.75,6933.5,6925.25,6928.5
1770368100,6928.75,6931.75,6928,6929
1770368400,6929,6930.25,6925,6926.25
1770368700,6926.25,6936.5,6924.25,6935.25
1770369000,6935,6944.25,6933.75,6943.5
1770369300,6943.5,6945,6936.75,6941.5
1770369600,6941.75,6949,6939,6947.25
1770369900,6947.25,6951.75,6946,6950.75
1770370200,6950.5,6960.25,6950.5,6958.5
1770370500,6958.5,6961.5,6956.75,6960.75
1770370800,6960.75,6961.5,6957.5,6961
1770371100,6960.75,6960.75,6954.5,6956.5
1770371400,6956.25,6959.25,6956,6958.5
1770371700,6958.75,6958.75,6954.5,6956
1770372000,6955.75,6956,6951,6951.5
1770372300,6951.5,6954.5,6949.75,6954.25
1770372600,6954,6955.25,6950.75,6952.5
1770372900,6952.5,6954,6951,6953
1770373200,6953,6957,6950,6951
1770373500,6951,6951.5,6948.25,6949.5
1770373800,6949.5,6952.5,6947.75,6952
1770374100,6952,6955,6951.75,6954.75
1770374400,6954.75,6959,6954.75,6956.5
1770374700,6956.5,6959,6954.5,6958.5
1770375000,6958.5,6960.5,6957.75,6960
1770375300,6960.25,6962.75,6960,6962
1770375600,6961.75,6969.5,6961.25,6967
1770375900,6967,6969.75,6965,6967
1770376200,6967,6971.75,6967,6971.25
1770376500,6971.25,6972.5,6969.25,6971.25
1770376800,6971.25,6974.5,6970.25,6970.75
1770377100,6970.5,6971.5,6968.25,6969.5
1770377400,6969.25,6972.75,6966,6970
1770377700,6970,6977.75,6969.75,6975.5
1770378000,6975.25,6978.25,6975,6975.5
1770378300,6975.25,6976.75,6973.5,6975
1770378600,6975,6977.5,6972.75,6977
1770378900,6976.75,6982.75,6976.5,6978.5
1770379200,6978.25,6979.5,6975.25,6977.5
1770379500,6977.75,6980.25,6974.25,6974.75
1770379800,6974.5,6974.75,6968.75,6969.25
1770380100,6969,6974.5,6966,6970.5
1770380400,6970,6972,6968.25,6970.25
1770380700,6970,6970.25,6967,6968
1770381000,6967.75,6974,6966.25,6967
1770381300,6966.75,6968.25,6964.25,6965
1770381600,6965,6970.5,6964,6967.25
1770381900,6967.5,6970.25,6966.25,6966.75
1770382200,6966.5,6966.75,6958.25,6959.5
1770382500,6959.75,6965.5,6959.5,6962.75
1770382800,6963,6965.5,6961.25,6961.75
1770383100,6961.5,6963.75,6959.5,6961.5
1770383400,6961.5,6968.5,6959.5,6967.5
1770383700,6967.5,6971.5,6963,6971.25
1770384000,6971,6976.75,6970.5,6975.5
1770384300,6975.75,6976.5,6970,6971
1770384600,6971,6977.25,6970.75,6972.5
1770384900,6972.5,6976.25,6962.25,6972
1770385200,6971.75,6974.5,6967.25,6968.75
1770385500,6968.5,6971.5,6968,6971
1770385800,6970.75,6971.75,6965,6968
1770386100,6968,6971,6966,6969.75
1770386400,6969.5,6971,6966.75,6969.5
1770386700,6969.5,6974.5,6968.75,6971.75
1770387000,6971.5,6972.5,6968.75,6971
1770387300,6971.25,6974,6968.75,6973.75
1770387600,6974,6974.5,6970.25,6970.75
1770387900,6970.5,6973.75,6965.5,6969
1770388200,6969,6999.5,6963,6992.25
1770388500,6992.5,7005.25,6989.75,7001.75
1770388800,7001.5,7010.25,6994,7010
1770389100,7010.25,7013.25,7004.25,7010
1770389400,7010,7020,7007.75,7008.25
1770389700,7008.25,7008.75,7000.25,7003
1770390000,7002.75,7006,6991.75,6995.5
1770390300,6995.5,7004.25,6988.5,6994.5
1770390600,6994.25,7009.75,6991.25,6992
1770390900,6992,7005.25,6985.5,7002.5
1770391200,7002.75,7012.5,6993.5,6998.25
1770391500,6998.25,7012.75,6995.75,7011.25
1770391800,7011.25,7018.25,7003.75,7016.25
1770392100,7016.25,7017.75,7012.5,7015.75
1770392400,7015.75,7022.25,7014,7018.5
1770392700,7018.5,7025.5,7013,7014
1770393000,7014,7014.75,6998.25,6999.75
1770393300,6999.75,7014,6998,7012.5
1770393600,7012.5,7023.75,7008.75,7023.75
1770393900,7024,7028,7020.25,7026
1770394200,7026,7028.75,7023.75,7028.5
1770394500,7028.5,7030,7022.75,7025.75
1770394800,7025.75,7032,7024.75,7027.5
1770395100,7027.5,7028,7020.5,7025.75
1770395400,7026,7031.75,7025,7031.75
1770395700,7031.75,7035,7029.75,7032.25
1770396000,7032.25,7035,7028.75,7032
1770396300,7032,7034.25,7030,7033
1770396600,7033,7035,7031.5,7032.75
1770396900,7032.5,7032.75,7023.75,7029.25
1770397200,7029.25,7033,7026.25,7033
1770397500,7033,7039,7032.75,7036.25
1770397800,7036.5,7039,7031.75,7034.25
1770398100,7034.25,7037.5,7030.75,7035.25
1770398400,7035.25,7035.5,7032.25,7034.75
1770398700,7034.75,7040,7034.25,7039.75
1770399000,7039.75,7043.75,7039.5,7041.75
1770399300,7041.5,7041.75,7033.25,7035
1770399600,7035,7040,7034.5,7039.75
1770399900,7040,7045,7040,7043.75
1770400200,7044,7050.25,7042.25,7045.5
1770400500,7045.5,7047,7044.25,7044.25
1770400800,7044.25,7050,7044.25,7049.5
1770401100,7049.75,7050,7044,7045.75
1770401400,7046,7048.25,7044.5,7045.25
1770401700,7045.25,7047,7041,7046.5
1770402000,7046.5,7049.5,7043.5,7044
1770402300,7043.75,7044.75,7040.75,7044.5
1770402600,7044.5,7047.25,7043.75,7044.5
1770402900,7044.5,7049,7044.25,7048
1770403200,7048,7049.5,7046.75,7048
1770403500,7048,7050.5,7047.75,7050.25
1770403800,7050,7051.5,7048.25,7048.5
1770404100,7048.5,7049.25,7044.25,7045
1770404400,7045.25,7048.75,7044.25,7048.5
1770404700,7048.5,7049.25,7046,7047
1770405000,7047.25,7048.25,7043.75,7044
1770405300,7043.75,7045.75,7042.25,7044
1770405600,7043.75,7050.25,7043.5,7049
1770405900,7049.25,7050,7047.5,7050
1770406200,7050,7050.75,7046.75,7047.25
1770406500,7047,7048.75,7046.25,7047.25
1770406800,7047,7047,7044,7044.75
1770407100,7044.75,7052.75,7044.75,7051.5
1770407400,7051.25,7052.5,7049,7050.5
1770407700,7050.5,7050.75,7047.75,7048.25
1770408000,7048.25,7051.5,7045.75,7050
1770408300,7050.25,7053,7049.5,7050.75
1770408600,7050.75,7051,7049,7049.5
1770408900,7049.5,7052.75,7049.25,7052.25
1770409200,7052.25,7056.25,7052,7054.75
1770409500,7054.75,7055.75,7051.75,7052.25
1770409800,7052.25,7055.5,7050.5,7053.5
1770410100,7053.5,7055.25,7051.75,7055
1770410400,7055,7062.5,7054.75,7062.5
1770410700,7062.5,7066.5,7062,7065
1770411000,7065.25,7078.25,7063.75,7075.25
1770411300,7075.25,7075.75,7060.5,7061.5
1770411600,7061.5,7065,7056.5,7061
1770411900,7060.75,7063,7058.5,7058.75
1770412200,7059,7060.5,7056.75,7059.25
1770412500,7059.25,7060,7056.75,7058.25
1770412800,7058.25,7059.75,7055.75,7057
1770413100,7057,7057.75,7056.25,7056.75
1770413400,7056.75,7057.5,7055.5,7057
1770413700,7057,7058.25,7056.75,7056.75
1770414000,7056.75,7058.5,7056,7058.5
1770414300,7058.25,7058.25,7055.75,7056
1770414600,7056.25,7058,7054.75,7056.75
1770414900,7056.5,7060.25,7056,7058.5
1770591600,7073,7085,7071.75,7083.25
1770591900,7083.25,7086.5,7080.75,7083.75
1770592200,7083.75,7085.5,7081.75,7084
1770592500,7084,7087.5,7082.25,7084.75
1770592800,7084.75,7085.5,7083.25,7085.25
1770593100,7085.25,7087.5,7080.25,7081
1770593400,7081,7083.5,7078.75,7081.75
1770593700,7081.75,7088.5,7081.75,7086.5
1770594000,7086.25,7087.25,7083.5,7086.75
1770594300,7087,7089.75,7086,7088.75
1770594600,7089.25,7090.75,7087,7087.5
1770594900,7087.25,7088.75,7083.5,7085.75
1770595200,7085.5,7092.25,7084.5,7092
1770595500,7092,7092.5,7089.25,7091.75
1770595800,7091.75,7092,7086,7089.75
1770596100,7090,7090.25,7084,7087.5
1770596400,7087.5,7092,7087.5,7089
1770596700,7088.75,7089.5,7083.75,7084
1770597000,7084.25,7090,7082.25,7089
1770597300,7089.25,7089.5,7085.75,7086.25
1770597600,7086,7087,7084.5,7085.25
1770597900,7085,7085.75,7080.75,7082.5
1770598200,7082.25,7083.75,7080.75,7081.25
1770598500,7081.25,7084.5,7080.75,7082.5
1770598800,7082.5,7082.75,7079.25,7079.75
1770599100,7079.75,7081.5,7077.25,7081.25
1770599400,7081,7081.5,7078,7078.5
1770599700,7078.75,7080.5,7077,7080.5
1770600000,7080,7081.5,7078.5,7080.25
1770600300,7080.25,7081,7077.5,7077.5
1770600600,7077.5,7081,7077.5,7079.75
1770600900,7079.25,7080.25,7074.5,7074.75
1770601200,7074.75,7077.5,7074.75,7076
1770601500,7076.25,7077,7072,7075.25
1770601800,7075.25,7075.75,7071.75,7074
1770602100,7073.25,7075.25,7070.75,7074.25
1770602400,7074,7074.75,7071,7074.5
1770602700,7074.5,7079.25,7073,7078.5
1770603000,7078.25,7080,7075,7075.25
1770603300,7075.25,7075.5,7073.75,7074.25
1770603600,7074.25,7077.25,7073.75,7074.5
1770603900,7074.5,7075.25,7070.75,7073.25
1770604200,7073.25,7077.75,7073.25,7077
1770604500,7077.25,7079.5,7077,7078.25
1770604800,7078,7080.25,7077.5,7079.25
1770605100,7079.5,7080,7078,7079.5
1770605400,7079.5,7079.5,7077.25,7077.75
1770605700,7078,7079.75,7073.5,7074.5
1770606000,7074.75,7076.75,7074.25,7074.25
1770606300,7074.25,7075.5,7073.25,7074.25
1770606600,7074.25,7074.5,7072.25,7073.5
1770606900,7073.5,7075.25,7071.5,7072.25
1770607200,7072.5,7074.75,7072,7074
1770607500,7073.75,7074.75,7071.5,7071.75
1770607800,7071.75,7074.25,7070.25,7073.75
1770608100,7074,7074,7069.5,7071.25
1770608400,7071.25,7073.75,7070.5,7073
1770608700,7073.25,7073.75,7070.5,7072.75
1770609000,7072.5,7074.75,7072.5,7073
1770609300,7073,7073.25,7069.75,7070
1770609600,7070,7075.25,7069.75,7075
1770609900,7074.75,7075.5,7074,7075.25
1770610200,7075.25,7075.5,7074.25,7074.5
1770610500,7074.5,7075,7073.5,7074.75
1770610800,7074.75,7074.75,7072.5,7074.25
1770611100,7074.25,7075.5,7073.75,7074.25
1770611400,7074.25,7074.5,7071.25,7072.25
1770611700,7072.25,7072.5,7071.25,7072.25
1770612000,7072.25,7074.25,7072,7073.25
1770612300,7073,7074.25,7072.25,7073.5
1770612600,7073.5,7074,7070.25,7071
1770612900,7071,7072.5,7071,7071.5
1770613200,7071.5,7072,7070.5,7070.75
1770613500,7070.5,7071.5,7069.75,7071.25
1770613800,7071,7072.75,7070.25,7072.25
1770614100,7072.5,7075.25,7072.5,7074.5
1770614400,7074.5,7077,7074.25,7075.75
1770614700,7075.75,7076.25,7073.5,7074
1770615000,7074.25,7076,7072.75,7075.25
1770615300,7075.5,7077,7074.75,7075.25
1770615600,7075.25,7075.25,7072.25,7072.75
1770615900,7072.75,7073.75,7071.5,7073.5
1770616200,7073.25,7076.75,7072.75,7076.25
1770616500,7076.25,7076.75,7075.25,7075.75
1770616800,7076,7076.5,7066.25,7070
1770617100,7069.75,7073.75,7069.5,7073
1770617400,7072.75,7074.25,7070.75,7072.75
1770617700,7072,7072.5,7066.75,7067.75
1770618000,7067.75,7069.5,7066.5,7068.75
1770618300,7069,7070.25,7067.25,7067.5
1770618600,7067.75,7071.75,7067.25,7070.25
1770618900,7070,7073.5,7069.75,7073
1770619200,7073.25,7073.25,7070.5,7070.75
1770619500,7070.5,7072.75,7068.75,7071.25
1770619800,7071.25,7073,7069.5,7071.5
1770620100,7071.75,7071.75,7066,7067.75
1770620400,7067.75,7068.25,7066,7067
1770620700,7067,7069.25,7066.5,7067.5
1770621000,7067.75,7068.25,7065,7065.5
1770621300,7065.5,7068.5,7065.25,7067.25
1770621600,7067.25,7067.75,7063.25,7065
1770621900,7065,7065.25,7061.75,7062.75
1770622200,7062.25,7062.75,7059.75,7060.25
1770622500,7060.25,7062,7060.25,7062
1770622800,7061.75,7065.25,7061.75,7064
1770623100,7064,7066.75,7064,7066.5
1770623400,7066.75,7069.75,7066.5,7067.5
1770623700,7067.5,7067.5,7065,7066
1770624000,7066.25,7072.25,7065,7071.25
1770624300,7071,7080.75,7070.25,7074.5
1770624600,7074.5,7078.25,7074.25,7076.75
1770624900,7076.25,7077.25,7072.5,7075.75
1770625200,7075.5,7076.25,7071.25,7072
1770625500,7072,7075,7071,7071.75
1770625800,7071.75,7072,7065.75,7069
1770626100,7069,7073.25,7068.75,7072.25
1770626400,7072.25,7073.25,7070.5,7070.75
1770626700,7070.75,7073.25,7069.5,7071.75
1770627000,7071.75,7072.5,7070.25,7071.5
1770627300,7071.5,7072,7068.5,7069
1770627600,7069,7072.5,7068,7071
1770627900,7071,7072.75,7070,7071.25
1770628200,7071,7071.25,7067.5,7068
1770628500,7068.25,7070.25,7067.5,7070
1770628800,7070.25,7071,7067.5,7068
1770629100,7067.75,7070.75,7066.25,7068.5
1770629400,7068.5,7069.75,7065.75,7066.75
1770629700,7066.75,7067.25,7062.75,7063.5
1770630000,7063.75,7064.5,7061.5,7064.5
1770630300,7064.5,7065.75,7061.25,7061.75
1770630600,7061.5,7063,7060,7060.5
1770630900,7060.5,7060.5,7054,7056.5
1770631200,7056.75,7057.5,7051.5,7051.75
1770631500,7051.75,7055.5,7050,7054.5
1770631800,7054.5,7056,7052.25,7052.25
1770632100,7052.25,7052.5,7046.75,7048.25
1770632400,7048.25,7051.5,7047.25,7047.5
1770632700,7047.5,7049,7046,7046.25
1770633000,7046.5,7046.75,7038.75,7040
1770633300,7039.75,7040.25,7035.75,7037.25
1770633600,7037.25,7039.75,7033.75,7037
1770633900,7036.75,7042,7035.75,7041.75
1770634200,7041.5,7049.5,7041.5,7046.75
1770634500,7046.75,7050,7045.25,7048.5
1770634800,7048.5,7050,7046.75,7048
1770635100,7047.75,7049,7043.75,7049
1770635400,7048.75,7051,7046.75,7046.75
1770635700,7046.5,7048.5,7044,7044.75
1770636000,7044.75,7047.25,7043.5,7045.25
1770636300,7045.25,7052,7045,7051
1770636600,7051,7052.25,7047.25,7049
1770636900,7048.75,7050.75,7048.25,7049.25
1770637200,7049.25,7049.75,7046.5,7048
1770637500,7048,7048.75,7045,7047.5
1770637800,7047.25,7050.5,7047.25,7049.75
1770638100,7050.25,7051,7047.25,7047.5
1770638400,7047.75,7049.25,7041,7045.5
1770638700,7045.5,7054,7045.25,7053.25
1770639000,7053.25,7055.75,7052.75,7055
1770639300,7055.25,7055.25,7049.75,7054
1770639600,7054,7055.5,7053,7054.5
1770639900,7054.25,7056.5,7053.5,7055.5
1770640200,7055.75,7056.5,7053.25,7055.75
1770640500,7055.75,7057.75,7055,7057.25
1770640800,7057.25,7058.25,7052,7053.5
1770641100,7053.25,7057,7052,7054.75
1770641400,7054.75,7057,7054.5,7055.5
1770641700,7055.25,7058.75,7053.5,7058.75
1770642000,7058.5,7062,7058.25,7060.75
1770642300,7060.75,7065.25,7060.5,7065.25
1770642600,7065.25,7067,7063,7063.75
1770642900,7063.75,7063.75,7059.75,7060.5
1770643200,7060.5,7066.75,7060.25,7065
1770643500,7065,7065.25,7059.25,7060.5
1770643800,7060.5,7061,7056.25,7056.5
1770644100,7056.75,7057.25,7054.75,7056.5
1770644400,7056.5,7057.25,7054.5,7056
1770644700,7055.75,7057.25,7053.25,7055.5
1770645000,7055.5,7055.5,7050,7050.5
1770645300,7050.5,7052.75,7050.25,7050.75
1770645600,7051,7053.5,7050,7050.5
1770645900,7050.5,7051,7047.5,7048.75
1770646200,7048.75,7049.75,7045.5,7049
1770646500,7049,7050.25,7043.5,7043.75
1770646800,7043.75,7046.25,7042.25,7045.75
1770647100,7046,7050.25,7046,7048.25
1770647400,7048.25,7055.5,7037,7052.5
1770647700,7052.5,7065.25,7047.75,7065.25
1770648000,7065.5,7069.75,7062,7065.75
1770648300,7066,7070.25,7059.25,7066.25
1770648600,7066.5,7066.75,7051.75,7058.5
1770648900,7058.75,7062.75,7056.25,7058
1770649200,7057.75,7066.75,7055.75,7066.5
1770649500,7066.75,7073.5,7065.75,7070
1770649800,7069.75,7072.25,7065.5,7072
1770650100,7072,7080.75,7071.75,7080.75
1770650400,7080.75,7083.5,7075.75,7077.5
1770650700,7077.25,7078.25,7071,7073.5
1770651000,7073.5,7087,7073.25,7086.75
1770651300,7086.5,7091.75,7086,7088
1770651600,7087.75,7090.25,7087.25,7089.5
1770651900,7089.75,7092.25,7086.25,7092
1770652200,7092,7094.25,7089.75,7092.5
1770652500,7092.5,7098.75,7092,7096.5
1770652800,7096.5,7100.5,7096.25,7099.75
1770653100,7099.75,7100,7095,7096
1770653400,7096,7098.75,7094.75,7097.25
1770653700,7097.25,7099,7094.75,7095.25
1770654000,7095.25,7099.25,7094.75,7099.25
1770654300,7099,7102,7097.5,7101
1770654600,7101,7102,7098.75,7100
1770654900,7100,7100,7096.75,7099.75
1770655200,7099.75,7104.5,7099.5,7104
1770655500,7104,7107.5,7103.75,7106.25
1770655800,7106.25,7109.5,7105,7108
1770656100,7108,7110.25,7107.75,7108.25
1770656400,7108.25,7110.5,7106.25,7109.25
1770656700,7109.25,7109.75,7107,7108
1770657000,7108,7110.75,7107.5,7109
1770657300,7108.75,7110.25,7108.25,7109.5
1770657600,7109.5,7109.5,7106.25,7107.5
1770657900,7107.25,7108,7105.25,7105.75
1770658200,7105.75,7107.25,7104,7105.75
1770658500,7105.75,7109.25,7104.5,7105
1770658800,7105,7105.25,7102.25,7103.75
1770659100,7103.75,7104.25,7101.25,7103.5
1770659400,7103.75,7103.75,7101.75,7102.75
1770659700,7103,7103.25,7099,7099.75
1770660000,7100,7103.75,7097.75,7101.25
1770660300,7101.5,7103.75,7099.5,7102.75
1770660600,7103,7103.75,7100.75,7103
1770660900,7103.25,7103.75,7101,7102.75
1770661200,7102.75,7104.5,7089.75,7100
1770661500,7100,7100.5,7095.25,7096.5
1770661800,7096.5,7102.5,7094.25,7100.75
1770662100,7100.75,7103.25,7099.5,7102.75
1770662400,7102.5,7106,7101.5,7104.5
1770662700,7104.25,7106.5,7102,7102.5
1770663000,7102.5,7104,7101,7101.75
1770663300,7102,7103,7099.25,7101
1770663600,7101,7105.25,7099.25,7104.75
1770663900,7105,7105.25,7101,7102.25
1770664200,7102,7107.75,7102,7106.75
1770664500,7106.75,7108.5,7106,7107.75
1770664800,7107.75,7112,7107.25,7111
1770665100,7111.25,7113.25,7110.5,7111.75
1770665400,7111.75,7113,7110,7110.5
1770665700,7110.5,7112,7109.75,7111
1770666000,7111.25,7111.25,7109.25,7110.25
1770666300,7110.25,7111,7109,7110.5
1770666600,7110.5,7111.5,7108.5,7109.75
1770666900,7109.75,7110.25,7107.5,7108.25
1770667200,7108.5,7111,7107.5,7109.25
1770667500,7109,7111.5,7108.75,7109
1770667800,7109.25,7110.25,7108.25,7108.25
1770668100,7108.25,7108.5,7104.5,7105.25
1770668400,7105.5,7105.75,7102,7103.25
1770668700,7103.25,7103.75,7097.25,7099.75
1770669000,7099.75,7100,7095,7095
1770669300,7094.75,7100,7092.75,7099.75
1770669600,7099.75,7102.5,7096.75,7100.25
1770669900,7100.25,7102.75,7100.25,7102.25
1770670200,7102.25,7104.5,7094.75,7097.25
1770670500,7097.25,7102.5,7093,7093
1770670800,7093.25,7097.25,7092.75,7095
1770671100,7095,7097.25,7093.75,7097
1770671400,7097,7099.5,7096,7098.75
1770671700,7099,7099.25,7095,7096.5
1770672000,7096.25,7097,7095.75,7096.75
1770672300,7096.5,7097.25,7095.5,7097
1770672600,7096.75,7097.75,7096.5,7097.5
1770672900,7097.5,7098,7096.5,7097.25
1770673200,7097.25,7098.25,7097,7098.25
1770673500,7098.25,7099,7097.5,7098
1770673800,7097.75,7098.25,7097.25,7097.5
1770674100,7097.5,7097.75,7095.25,7096.75
1770678000,7097.75,7101.5,7096.75,7101.5
1770678300,7101.5,7102.25,7098.5,7099.5
1770678600,7099.5,7099.5,7093.25,7095.5
1770678900,7095.5,7096.25,7093.25,7095.75
1770679200,7095.75,7096.25,7093.25,7094
1770679500,7093.75,7096.25,7093.25,7094.75
1770679800,7094.75,7094.75,7092,7093.5
1770680100,7093.5,7095,7092.75,7094.25
1770680400,7094.25,7097.75,7094,7096
1770680700,7096,7096,7090.75,7091.25
1770681000,7091,7092.25,7088.75,7091.75
1770681300,7091.75,7092,7089.75,7091.5
1770681600,7091.5,7094.5,7091.25,7093.25
1770681900,7093.25,7093.5,7089,7089.5
1770682200,7089.25,7089.5,7086.75,7087
1770682500,7087.25,7090.5,7087.25,7089
1770682800,7089,7089.75,7087,7087.5
1770683100,7087.25,7089.5,7087.25,7088.75
1770683400,7088.75,7090.25,7088.5,7089.5
1770683700,7089.75,7090,7087.25,7088.25
1770684000,7088.25,7088.5,7087,7087.5
1770684300,7087.25,7088.5,7087,7087.75
1770684600,7088,7092.25,7087.25,7091
1770684900,7091,7092.5,7090.5,7091
1770685200,7091,7092.25,7090.5,7091.25
1770685500,7091,7092.25,7090,7091.25
1770685800,7091.5,7091.75,7089.75,7091.5
1770686100,7091.5,7092,7089,7089.75
1770686400,7089.5,7093,7089.5,7092.25
1770686700,7092,7092.5,7088.25,7089
1770687000,7089,7089,7086.5,7087.5
1770687300,7087.25,7093.25,7086.25,7093
1770687600,7093,7093.75,7091.25,7092.75
1770687900,7093,7096,7091.25,7095.75
1770688200,7095.5,7095.75,7092.5,7093
1770688500,7092.75,7093.5,7090,7093.25
1770688800,7093.5,7093.75,7090.75,7091.75
1770689100,7091.75,7093.25,7091.5,7091.5
1770689400,7091.5,7092.5,7089.75,7091.5
1770689700,7091.75,7093.5,7090.5,7091
1770690000,7090.75,7092,7089.75,7089.75
1770690300,7090,7091.5,7089.25,7091.25
1770690600,7091.5,7092,7089.5,7089.75
1770690900,7089.75,7090,7085.75,7088
1770691200,7087.75,7089.5,7087.25,7089.25
1770691500,7089.25,7089.5,7088.25,7088.25
1770691800,7088.25,7091,7087.75,7090.25
1770692100,7090.25,7090.5,7088.75,7089.25
1770692400,7089.25,7089.5,7087,7087.25
1770692700,7087.25,7087.5,7085.25,7085.75
1770693000,7086,7086.75,7085.75,7086
1770693300,7086,7086.5,7085,7086
1770693600,7086.25,7088.5,7086,7088.25
1770693900,7088.5,7089.5,7087.25,7087.5
1770694200,7087.5,7090.25,7087.25,7090.25
1770694500,7090.25,7091.5,7089.75,7090.5
1770694800,7090.5,7091.25,7088.5,7089
1770695100,7089,7091,7088.5,7091
1770695400,7091,7091.25,7090,7090.5
1770695700,7090.5,7090.75,7089.25,7089.5
1770696000,7089.25,7091.5,7089.25,7091
1770696300,7091.25,7092.25,7091,7091.75
1770696600,7092,7093.75,7092,7092.5
1770696900,7092.5,7093,7091.25,7093
1770697200,7092.75,7093.75,7092.75,7093
1770697500,7093,7093.25,7092.5,7093.25
1770697800,7093.25,7093.75,7091.75,7093.75
1770698100,7093.75,7094.5,7093.25,7093.5
1770698400,7093.25,7094,7092.75,7093.75
1770698700,7093.75,7095.75,7093.25,7095
1770699000,7095,7096,7094.5,7095.75
1770699300,7095.5,7097,7095.25,7096.5
1770699600,7096.75,7097.25,7095.25,7095.75
1770699900,7095.75,7096.25,7094.75,7095.75
1770700200,7096,7096,7095.25,7095.25
1770700500,7095.5,7095.5,7094,7094.75
1770700800,7094.5,7094.5,7091.75,7092
1770701100,7092.25,7093,7091,7091.75
1770701400,7091.75,7098,7091,7097.25
1770701700,7097.5,7099,7097,7097.25
1770702000,7097.5,7097.75,7094.75,7095.5
1770702300,7095.25,7096.75,7094.75,7096
1770702600,7096,7098.25,7096,7097.75
1770702900,7097.75,7098.75,7097.25,7097.5
1770703200,7097.75,7097.75,7096.25,7097
1770703500,7097.25,7097.25,7095.25,7095.5
1770703800,7095.25,7095.25,7093.25,7094
1770704100,7094,7094.25,7091.75,7092.25
1770704400,7092.5,7094,7091,7092.75
1770704700,7092.75,7093,7091.25,7091.25
1770705000,7091.25,7092.75,7089,7089.5
1770705300,7089.5,7089.75,7087.5,7088
1770705600,7088,7090,7088,7088.5
1770705900,7088.5,7090,7087.25,7089.5
1770706200,7089.5,7090.25,7087.25,7088.25
1770706500,7088.25,7090.5,7088,7090.5
1770706800,7090.75,7094,7089.75,7093.5
1770707100,7093.5,7095.25,7093.25,7094.25
1770707400,7094.5,7095.5,7093.25,7093.5
1770707700,7093.5,7096,7092.25,7095.75
1770708000,7095.75,7096.75,7095,7095.75
1770708300,7095.5,7095.75,7094.5,7095
1770708600,7094.75,7095.25,7093.75,7094.25
1770708900,7094.25,7096.75,7094.25,7095
1770709200,7094.75,7096,7094.25,7095.75
1770709500,7095.5,7095.75,7094.5,7094.5
1770709800,7094.5,7096.75,7094.5,7096.25
1770710100,7096.25,7097.75,7096,7097.5
1770710400,7097.75,7098.75,7092,7095.25
1770710700,7095,7097.5,7094.5,7096.5
1770711000,7096.5,7100.5,7096,7099.5
1770711300,7099.25,7099.5,7094.75,7095.25
1770711600,7095.5,7099.5,7093.75,7098.75
1770711900,7099,7100,7096.25,7096.25
1770712200,7096,7098,7095,7096.5
1770712500,7096.5,7099.5,7095.5,7099.5
1770712800,7099.5,7100,7095.5,7095.75
1770713100,7095.75,7099.5,7094.75,7099
1770713400,7098.75,7100,7097.5,7098.75
1770713700,7098.5,7098.5,7096.75,7098.25
1770714000,7098,7103.5,7098,7103
1770714300,7103,7105.5,7102.5,7105.5
1770714600,7105.5,7106,7104.5,7105.25
1770714900,7105.5,7110.25,7105.5,7109
1770715200,7109.25,7109.5,7108.25,7109.25
1770715500,7109.25,7109.75,7108.25,7108.75
1770715800,7108.75,7108.75,7106.25,7107.5
1770716100,7107.5,7108.75,7106,7108
1770716400,7107.75,7108.25,7106.25,7106.75
1770716700,7106.75,7106.75,7102.5,7103.75
1770717000,7104,7104,7099.5,7101.25
1770717300,7101.25,7101.75,7100.5,7101.75
1770717600,7101.5,7102,7097.75,7099.25
1770717900,7099.5,7101.75,7098.25,7101
1770718200,7100.75,7102.5,7100.25,7102.25
1770718500,7102.25,7102.75,7098.5,7100.75
1770718800,7100.75,7102,7099.75,7100.75
1770719100,7100.75,7102.25,7100.75,7101.25
1770719400,7101.25,7101.5,7098,7101.25
1770719700,7101,7101.75,7100.25,7101.25
1770720000,7101,7101.5,7099.5,7100.5
1770720300,7100.5,7102.75,7100.25,7102.5
1770720600,7102.5,7105.25,7102.5,7103.5
1770720900,7103.5,7104.25,7101,7102
1770721200,7101.75,7101.75,7098.25,7100.75
1770721500,7100.5,7100.75,7098,7098.25
1770721800,7098.25,7100.5,7097.25,7099.25
1770722100,7099.25,7100.25,7099,7100
1770722400,7099.75,7102.75,7099.75,7101.75
1770722700,7102,7103,7101,7101.25
1770723000,7101.25,7103.25,7100.75,7101.75
1770723300,7102,7103.25,7101,7103.25
1770723600,7103,7104,7102.25,7102.25
1770723900,7102.25,7103.5,7102.25,7103
1770724200,7103.25,7104.75,7103.25,7104.75
1770724500,7104.5,7105.25,7104.25,7104.5
1770724800,7104.5,7107.75,7104.25,7107.25
1770725100,7107.25,7107.75,7104.5,7104.75
1770725400,7104.5,7106,7104.25,7105.75
1770725700,7105.75,7107.25,7105.5,7105.75
1770726000,7105.75,7107.25,7104.25,7106.5
1770726300,7106.25,7108,7106.25,7107.75
1770726600,7108,7109.25,7106.25,7106.25
1770726900,7106.25,7106.25,7100.75,7101.75
1770727200,7101.75,7102,7095.75,7098
1770727500,7098,7098.75,7093.25,7097.25
1770727800,7097.25,7097.75,7091.75,7092.25
1770728100,7092.25,7094.25,7090.25,7090.5
1770728400,7090.75,7091.25,7087.25,7089.75
1770728700,7089.75,7090,7084,7085.5
1770729000,7085.5,7088.75,7083.25,7088.25
1770729300,7088.25,7092.25,7085.5,7090
1770729600,7089.75,7093,7089.75,7091.5
1770729900,7091.25,7092.5,7090.5,7091.5
1770730200,7091.25,7095.75,7085.25,7094.25
1770730500,7094.25,7095,7089.5,7091.5
1770730800,7091.25,7094.25,7091.25,7092.5
1770731100,7092.75,7096.5,7092.25,7093.75
1770731400,7093.5,7096.25,7092.75,7094.25
1770731700,7094.25,7097,7093.5,7096.75
1770732000,7096.75,7099.5,7096.5,7098.5
1770732300,7098.75,7100,7097.75,7099.75
1770732600,7100,7100.5,7098,7099.75
1770732900,7100,7103,7099.75,7102
1770733200,7102,7103,7101,7102.25
1770733500,7102.5,7103.75,7101.25,7102.5
1770733800,7102.5,7109,7101.25,7103.75
1770734100,7103.75,7104.75,7090.25,7097
1770734400,7097.25,7097.75,7087.75,7093.25
1770734700,7093.25,7096,7089.5,7092.75
1770735000,7092.5,7107.25,7092.25,7107
1770735300,7107.25,7115,7105.25,7110.75
1770735600,7111,7111.75,7108.25,7111.5
1770735900,7111.5,7117.75,7108.75,7115.5
1770736200,7115.25,7117,7100,7107.5
1770736500,7107.25,7114,7102.75,7113.5
1770736800,7113.75,7117.25,7107.25,7107.75
1770737100,7107.75,7114,7106.25,7112.5
1770737400,7112.5,7119.25,7109.75,7112.5
1770737700,7112.75,7113,7106.75,7109.25
1770738000,7109.5,7115.25,7109.25,7114
1770738300,7114,7115.5,7108.25,7110.75
1770738600,7110.75,7112,7106.25,7110
1770738900,7110.25,7110.75,7102.25,7107.25
1770739200,7107.25,7110,7104.5,7107
1770739500,7107,7107.5,7099.25,7099.25
1770739800,7099.5,7105,7099.5,7102.5
1770740100,7102.25,7106.75,7096.5,7103.25
1770740400,7103.25,7104.25,7094.25,7098.75
1770740700,7098.75,7104.5,7097.25,7101.25
1770741000,7101,7102.25,7098,7099
1770741300,7099,7102.75,7098.75,7101.75
1770741600,7101.5,7105,7099.25,7099.75
1770741900,7099.75,7107.5,7099,7099.75
1770742200,7099.75,7102.5,7096.25,7102.25
1770742500,7102,7104.5,7100,7101.25
1770742800,7101.25,7102.25,7095.5,7098.25
1770743100,7098.25,7105.25,7098,7104.75
1770743400,7104.5,7109,7104.5,7108.25
1770743700,7108.5,7110.25,7106.75,7109.5
1770744000,7109.5,7109.75,7103,7104.75
1770744300,7104.75,7107.75,7104.25,7106.25
1770744600,7106,7107.5,7104,7105.75
1770744900,7105.5,7106.25,7101.75,7104.5
1770745200,7104.75,7109.25,7104.5,7108.25
1770745500,7108.25,7111.5,7108.25,7108.5
1770745800,7108.75,7111,7107.5,7109
1770746100,7109.25,7109.5,7106.75,7108
1770746400,7108.25,7108.25,7103.75,7105.75
1770746700,7105.5,7105.75,7101,7101.75
1770747000,7101.5,7102.75,7098.75,7099.25
1770747300,7099.25,7100,7091.5,7094.5
1770747600,7094.25,7097.5,7090,7095
1770747900,7094.75,7095,7087,7087.5
1770748200,7087.5,7090,7083.25,7086
1770748500,7086,7092,7085,7090.25
1770748800,7090.25,7091.75,7088.5,7089.25
1770749100,7089.25,7089.75,7083.5,7084.5
1770749400,7084.75,7086.5,7081.75,7082.5
1770749700,7082.5,7091.5,7081.75,7089.75
1770750000,7089.75,7092.25,7087.25,7088.25
1770750300,7088,7090.5,7085.75,7087.5
1770750600,7087.5,7091.25,7086.75,7090
1770750900,7090,7090.25,7084.5,7086.25
1770751200,7086.5,7091.75,7086.25,7091.25
1770751500,7091.25,7092.5,7088.5,7092
1770751800,7092.25,7095,7090,7090.5
1770752100,7090.5,7093.25,7090.25,7092.25
1770752400,7092.5,7093.5,7087,7088.5
1770752700,7088.75,7092.25,7088,7091
1770753000,7091,7091.25,7087,7088.25
1770753300,7088.25,7092.5,7088.25,7091.25
1770753600,7091.25,7093.25,7087,7087.75
1770753900,7087.75,7089.5,7086,7088.5
1770754200,7088.25,7088.75,7084.25,7085.5
1770754500,7085.25,7090.75,7085.25,7089.75
1770754800,7089.75,7092,7087,7087
1770755100,7087,7088.75,7084.5,7086.5
1770755400,7086.25,7089,7083.5,7084.75
1770755700,7084.75,7085.75,7081.75,7082.75
1770756000,7082.75,7085.5,7082,7083.75
1770756300,7084,7087.75,7083,7087.25
1770756600,7087.25,7087.25,7075.25,7076.75
1770756900,7076.5,7077.75,7069.75,7074
1770757200,7074.25,7078.75,7072,7078.5
1770757500,7078.5,7079.25,7077,7078.75
1770757800,7078.75,7079.75,7077.75,7079
1770758100,7079.25,7079.75,7077.25,7077.5
1770758400,7077.5,7078.5,7076.5,7077.75
1770758700,7077.75,7078.5,7077.25,7077.5
1770759000,7077.5,7079.25,7077.5,7078.25
1770759300,7078.25,7080,7077.75,7079.25
1770759600,7079.25,7081.5,7079,7081.25
1770759900,7081,7081.75,7080.5,7081.5
1770760200,7081.5,7083.5,7081.5,7083
1770760500,7083,7083.5,7082.5,7083.25
1770764400,7084.25,7086.75,7082.5,7086.5
1770764700,7086,7088.5,7084.75,7086.5
1770765000,7086.5,7087.25,7084.75,7087.25
1770765300,7087.25,7088.25,7086.5,7087.25
1770765600,7087.75,7088.75,7087.25,7087.75
1770765900,7087.75,7088.5,7087,7087.25
1770766200,7087,7088,7086.5,7087
1770766500,7087,7087.25,7086,7087
1770766800,7087.25,7088,7086.5,7087.75
1770767100,7087.5,7089,7087.25,7087.5
1770767400,7087.5,7088.5,7086.75,7087
1770767700,7087,7088,7086.75,7087.5
1770768000,7087.5,7089.75,7087.25,7088.75
1770768300,7088.75,7089.25,7088.25,7088.75
1770768600,7089,7090,7088.5,7088.75
1770768900,7089,7089.5,7087.25,7088
1770769200,7088,7089,7086.75,7088.75
1770769500,7088.5,7089.5,7088.25,7088.5
1770769800,7088.5,7089.5,7088.25,7089.25
1770770100,7089.5,7090.75,7089.5,7089.75
1770770400,7089.75,7090.5,7089.5,7090.25
1770770700,7090.5,7090.5,7089.5,7090
1770771000,7090,7090.25,7089.75,7090
1770771300,7090,7091.5,7090,7090.5
1770771600,7090.25,7093.25,7090.25,7092.25
1770771900,7092.25,7093.5,7092,7093
1770772200,7093,7094.25,7092.5,7093.5
1770772500,7093.25,7094.25,7092.5,7093
1770772800,7092.75,7093,7091.75,7092.5
1770773100,7092.25,7093,7091.75,7092.5
1770773400,7092.25,7093.25,7092.25,7092.5
1770773700,7092.5,7093,7092,7092.25
1770774000,7092.25,7094.5,7092.25,7093.75
1770774300,7093.75,7096,7093.75,7096
1770774600,7095.75,7096.5,7095,7095
1770774900,7095,7095.75,7094,7094.25
1770775200,7094,7094.5,7093.25,7093.75
1770775500,7093.5,7094.25,7093.25,7093.25
1770775800,7093.25,7094.5,7093.25,7094
1770776100,7093.75,7094.75,7093.5,7094.5
1770776400,7094.5,7095.75,7094.5,7095.25
1770776700,7095,7095.25,7093.5,7094.5
1770777000,7094.25,7095,7093.75,7094.5
1770777300,7094.5,7094.75,7093.75,7093.75
1770777600,7093.5,7093.75,7092,7093
1770777900,7093,7094,7093,7093.75
1770778200,7093.5,7095.25,7093.5,7095.25
1770778500,7095,7095.75,7094.75,7094.75
1770778800,7094.5,7095.25,7094.25,7094.25
1770779100,7094,7094.5,7093.25,7093.75
1770779400,7094,7094.25,7093.5,7093.75
1770779700,7093.5,7094.25,7092.25,7092.5
1770780000,7092.25,7093.75,7091.75,7093.75
1770780300,7093.75,7095.75,7093.75,7095.25
1770780600,7095.25,7095.75,7094.75,7094.75
1770780900,7094.75,7095.25,7094,7095
1770781200,7095,7097,7094.75,7096.75
1770781500,7096.5,7098.25,7096.5,7097
1770781800,7097,7098.25,7096.75,7098
1770782100,7098,7098.75,7097.5,7098
1770782400,7097.75,7098.25,7097.5,7097.75
1770782700,7097.75,7098.5,7097.5,7097.75
1770783000,7097.5,7097.5,7095.75,7096.5
1770783300,7096.25,7097,7095.75,7096.75
1770783600,7096.75,7097.5,7095.75,7096
1770783900,7096,7096.5,7094.25,7094.5
1770784200,7094.5,7094.75,7093.25,7093.5
1770784500,7093.25,7093.75,7090,7090.25
1770784800,7090.25,7092,7090.25,7091.75
1770785100,7092,7093.25,7091.75,7093
1770785400,7092.75,7093.5,7092.5,7092.5
1770785700,7092.5,7093,7091.5,7092.5
1770786000,7092.25,7092.5,7091.75,7092.5
1770786300,7092.25,7094.25,7092,7094.25
1770786600,7094,7094.75,7093.5,7094
1770786900,7093.75,7095.75,7093.75,7094.25
1770787200,7094,7094.25,7092.75,7093.75
1770787500,7093.5,7093.5,7091.5,7092
1770787800,7091.75,7092.25,7089.75,7090.75
1770788100,7090.75,7092,7090.5,7091.5
1770788400,7091.25,7091.25,7088.5,7089
1770788700,7088.75,7089,7087.75,7088.25
1770789000,7088.25,7089.75,7088.25,7089.5
1770789300,7089.25,7089.25,7088.5,7089
1770789600,7089,7093.25,7089,7092.75
1770789900,7092.5,7093.5,7092,7092.75
1770790200,7092.5,7092.5,7088.75,7089.25
1770790500,7089,7089.25,7087,7087.5
1770790800,7087.5,7089.75,7086.75,7089.5
1770791100,7089.25,7089.75,7087,7087.25
1770791400,7087.25,7088.25,7086.5,7086.75
1770791700,7087,7089,7086.5,7088.75
1770792000,7088.75,7089.5,7088,7088.25
1770792300,7088.25,7088.25,7086.75,7087.75
1770792600,7087.75,7088,7086.5,7088
1770792900,7087.75,7088,7086.25,7086.75
1770793200,7086.75,7088.5,7086.25,7088
1770793500,7088,7089,7086.5,7086.75
1770793800,7086.75,7086.75,7083.75,7084
1770794100,7084,7086.5,7084,7086
1770794400,7086,7089.5,7086,7089.5
1770794700,7089.75,7090.25,7089,7089.5
1770795000,7089.5,7089.75,7086,7087
1770795300,7086.75,7087.25,7085.5,7086
1770795600,7085.75,7088,7085.5,7087.5
1770795900,7087.5,7089.75,7087.25,7088.25
1770796200,7088.25,7088.25,7087.25,7087.5
1770796500,7087.25,7087.5,7085.75,7087
1770796800,7087,7088.5,7085.5,7087.75
1770797100,7087.5,7087.75,7082,7082.25
1770797400,7082.5,7083.75,7079.75,7080
1770797700,7080.25,7081,7076.5,7076.75
1770798000,7076.5,7079.75,7076.5,7079.5
1770798300,7079.25,7084.25,7079.25,7082
1770798600,7082,7087,7082,7086.25
1770798900,7086.25,7088.5,7086.25,7086.5
1770799200,7086.5,7087.25,7084.5,7087
1770799500,7087,7087.75,7086,7086
1770799800,7086,7087,7085.75,7086.5
1770800100,7086.5,7087.25,7085.25,7085.5
1770800400,7085.25,7089,7084,7087.5
1770800700,7087.75,7090,7087.75,7089.75
1770801000,7089.75,7090.75,7087.5,7088.25
1770801300,7088.5,7089,7085.25,7086.25
1770801600,7086.25,7087.25,7084.25,7085.5
1770801900,7085.5,7088.25,7085,7087.75
1770802200,7088,7088.25,7083.25,7084
1770802500,7083.75,7085.25,7080.25,7080.75
1770802800,7080.75,7081.5,7079.25,7081
1770803100,7081.25,7082.5,7080,7080.5
1770803400,7080.5,7083,7079.5,7082.25
1770803700,7082.25,7083,7078.5,7078.5
1770804000,7078.75,7078.75,7065.75,7068.25
1770804300,7068.5,7071,7066.25,7068.5
1770804600,7068.5,7073,7068.5,7070
1770804900,7070,7072.25,7070,7071.25
1770805200,7071.25,7075,7070.5,7074
1770805500,7074,7076,7072,7074.25
1770805800,7074,7074.25,7072,7072.75
1770806100,7072.75,7074.75,7071.25,7074.5
1770806400,7074.25,7075,7073.75,7074.5
1770806700,7074.75,7075,7071,7071.5
1770807000,7071.25,7072.25,7070,7071.5
1770807300,7071.75,7077.5,7071.75,7077
1770807600,7077,7081.25,7077,7081
1770807900,7081,7081.5,7079.25,7080
1770808200,7080,7080.5,7079.5,7079.75
1770808500,7079.75,7084,7079.75,7083
1770808800,7083,7084.75,7082.25,7083.25
1770809100,7083.25,7086,7083.25,7085.5
1770809400,7085.25,7085.5,7083.5,7084
1770809700,7084,7084.75,7082,7082.75
1770810000,7082.5,7082.5,7076.75,7079
1770810300,7079,7082.5,7076.5,7079.25
1770810600,7079,7081.75,7078.75,7081
1770810900,7080.75,7080.75,7076,7076.5
1770811200,7076.25,7081.5,7075.75,7078.75
1770811500,7078.75,7082.25,7077.75,7081.75
1770811800,7081.75,7084,7080.5,7083.25
1770812100,7083,7083.25,7080.5,7080.75
1770812400,7080.75,7083.75,7080.75,7082.75
1770812700,7082.75,7083,7080,7080.5
1770813000,7080.5,7081.75,7078.75,7080
1770813300,7080.25,7081.75,7078.75,7081.5
1770813600,7081.75,7081.75,7079,7080.75
1770813900,7080.5,7081.25,7078.75,7080.75
1770814200,7080.75,7081.25,7077.25,7077.25
1770814500,7077.5,7080.75,7077,7080.25
1770814800,7080.25,7081.5,7079.25,7080.75
1770815100,7081,7083,7080.75,7081
1770815400,7081.25,7083,7080,7082.75
1770815700,7082.5,7088,7082.5,7087.75
1770816000,7087.75,7088,7084,7085.5
1770816300,7085.75,7086.75,7084.5,7085
1770816600,7085.5,7109.75,7084.75,7108.5
1770816900,7108.5,7108.75,7103,7104.75
1770817200,7105,7105.5,7099.75,7102.5
1770817500,7102.5,7112.5,7102.5,7110.25
1770817800,7110,7114.5,7105.75,7113.5
1770818100,7113.25,7119,7113,7117.5
1770818400,7117.5,7118,7113.5,7115.5
1770818700,7115.25,7116.25,7113.25,7113.75
1770819000,7113.75,7114.75,7112.25,7114.25
1770819300,7114,7114.75,7111.5,7114
1770819600,7114,7115.75,7113.25,7115.5
1770819900,7115.5,7120.25,7115.5,7116.75
1770820200,7116.5,7124.25,7112.75,7113.75
1770820500,7113.75,7115.75,7105,7105.75
1770820800,7105.75,7111.25,7104.25,7106.75
1770821100,7106.75,7116.75,7105.75,7109.25
1770821400,7109,7110.5,7101.5,7104
1770821700,7104,7107.5,7090,7093.75
1770822000,7094,7100.25,7086.5,7089.25
1770822300,7089.5,7090.5,7078.75,7079
1770822600,7079,7079.75,7060.5,7069.5
1770822900,7069.5,7071.5,7058.75,7060
1770823200,7060,7061,7045.5,7048
1770823500,7047.75,7056.75,7043.75,7049
1770823800,7049.25,7060,7047.5,7059.5
1770824100,7059.25,7066,7054.5,7065
1770824400,7065,7069.5,7059.25,7064.25
1770824700,7064,7069,7055.75,7056.75
1770825000,7056.75,7077.75,7054.5,7077
1770825300,7076.75,7078.5,7073.75,7075.75
1770825600,7075.5,7079,7068,7070.25
1770825900,7070.25,7072,7066,7067
1770826200,7067,7081.5,7066.5,7080.5
1770826500,7080.5,7081.75,7075.75,7080.5
1770826800,7080.75,7086.75,7079.5,7085.25
1770827100,7085.25,7086.5,7070.25,7070.5
1770827400,7070.5,7079.25,7067.25,7076.25
1770827700,7076.5,7080.25,7071.75,7080
1770828000,7080.25,7086,7079.5,7082.25
1770828300,7082.5,7085.75,7077.25,7079
1770828600,7079,7082.75,7076.5,7079.75
1770828900,7080,7080.25,7072.25,7073
1770829200,7072.75,7073.5,7066,7067
1770829500,7066.75,7076.25,7066.75,7076
1770829800,7076,7078.25,7071.75,7075.75
1770830100,7075.75,7082.75,7073.25,7078.25
1770830400,7078,7084,7074.25,7083.5
1770830700,7083.75,7090.75,7083.75,7088.5
1770831000,7088.5,7089,7083.5,7084.75
1770831300,7084.75,7086.75,7082.25,7084.5
1770831600,7084.75,7091.25,7084.75,7089.75
1770831900,7089.5,7090.75,7085.5,7089.25
1770832200,7089.25,7092.5,7085.75,7087.75
1770832500,7087.75,7088,7077.75,7080
1770832800,7080,7082,7075.25,7078.25
1770833100,7078.25,7079,7072.5,7072.5
1770833400,7072.5,7072.5,7067.5,7068.75
1770833700,7068.5,7077.5,7066.25,7073.5
1770834000,7073.25,7076.25,7070.75,7074.5
1770834300,7074.25,7081.25,7072.75,7080.25
1770834600,7080.25,7082.5,7075.25,7075.5
1770834900,7075.25,7080.5,7074.5,7079.75
1770835200,7079.75,7079.75,7073.75,7076.25
1770835500,7076.5,7081.25,7076,7081.25
1770835800,7081.25,7082.25,7072.5,7081.25
1770836100,7081.25,7082.25,7078.5,7079.75
1770836400,7079.75,7080.75,7076.5,7080.5
1770836700,7080.75,7081.5,7073.5,7078.75
1770837000,7078.75,7086.75,7077.5,7085.25
1770837300,7085,7087.5,7084.5,7085.25
1770837600,7085.25,7089.75,7085,7089
1770837900,7089.25,7092,7087.75,7089.75
1770838200,7089.75,7089.75,7085.25,7089
1770838500,7089,7090.75,7087.75,7087.75
1770838800,7087.5,7090,7086.25,7089.5
1770839100,7089.5,7090,7076.25,7084.25
1770839400,7084.25,7084.75,7080.75,7082.75
1770839700,7082.75,7084.25,7080.25,7081.5
1770840000,7081.25,7083.25,7080,7082.25
1770840300,7082.25,7083,7079,7079.75
1770840600,7080,7081.25,7078.5,7079.75
1770840900,7080,7083,7078.25,7079.5
1770841200,7079.5,7080,7075.5,7078.75
1770841500,7078.75,7079.75,7073.75,7074.75
1770841800,7074.75,7075.75,7070.75,7072
1770842100,7072,7078.75,7071.25,7078.75
1770842400,7078.5,7081.75,7076.25,7077.25
1770842700,7077.25,7082.25,7076.75,7081.5
1770843000,7081.5,7082.5,7074,7079.75
1770843300,7079.75,7079.75,7068.5,7071.5
1770843600,7071.75,7074.75,7071,7073.75
1770843900,7073.75,7079.75,7073.75,7078.75
1770844200,7078.75,7079,7075,7075.25
1770844500,7075.5,7079.75,7075.5,7077
1770844800,7076.75,7077,7075.25,7076.25
1770845100,7076,7078.5,7076,7078.25
1770845400,7078.25,7080,7078,7078.25
1770845700,7078.25,7079.25,7077.75,7078.75
1770846000,7078.5,7079,7077.5,7078.25
1770846300,7078.25,7080.5,7077,7079
1770846600,7078.75,7079.25,7077.5,7078.25
1770846900,7078.25,7079.25,7075.5,7075.75
1770850800,7077.25,7081.25,7075,7077.75
1770851100,7078,7078,7073,7074.5
1770851400,7074.5,7075.75,7072,7072.5
1770851700,7072.25,7076,7072,7072.75
1770852000,7073,7075.25,7073,7074.25
1770852300,7074.25,7074.25,7070.25,7070.5
1770852600,7070.5,7071,7066.25,7068
1770852900,7068,7069.75,7065,7069.75
1770853200,7069.5,7071.5,7068.75,7070.25
1770853500,7070.5,7072.5,7069.75,7070
1770853800,7070,7071.25,7068.25,7070.5
1770854100,7070.25,7071.5,7068.75,7070.25
1770854400,7070,7072.75,7067.75,7070.5
1770854700,7070.25,7074,7068,7068.5
1770855000,7068.5,7069.75,7068,7069.5
1770855300,7069.5,7071.25,7068.75,7069.25
1770855600,7069.25,7069.75,7066,7067.5
1770855900,7067.75,7069.25,7066.75,7068.75
1770856200,7069,7072,7068.75,7071.75
1770856500,7071.75,7075.5,7071.75,7073.5
1770856800,7073.75,7077.25,7073.5,7076.75
1770857100,7076.75,7077.25,7075,7075.75
1770857400,7076,7076.75,7075.5,7076.5
1770857700,7076.75,7077,7076,7076.25
1770858000,7076.5,7078.25,7075.5,7075.5
1770858300,7075.5,7077.75,7074.75,7077.5
1770858600,7077.75,7079.25,7077.5,7078.25
1770858900,7078,7078,7073.25,7074.75
1770859200,7074.5,7075.5,7072.75,7074.5
1770859500,7074.5,7081,7074.5,7079.75
1770859800,7079.5,7082.5,7078.25,7082
1770860100,7081.75,7086,7081.75,7084.5
1770860400,7084.5,7087,7084,7084.25
1770860700,7084.5,7085.5,7082.5,7083.25
1770861000,7083,7084,7081.5,7082.25
1770861300,7082.25,7084.25,7082,7083.5
1770861600,7083.5,7086,7081.25,7083
1770861900,7082.75,7084.5,7082.25,7084.25
1770862200,7084.25,7084.5,7081.25,7081.5
1770862500,7081.5,7082.75,7078.25,7078.5
1770862800,7078.5,7082,7078.5,7080
1770863100,7080,7082,7079.5,7080.25
1770863400,7080.5,7081.5,7079.75,7080.75
1770863700,7080.75,7081.5,7079.25,7080.25
1770864000,7080.5,7081.25,7079.5,7080
1770864300,7080,7082.25,7079,7082.25
1770864600,7082,7082.75,7081.25,7082.75
1770864900,7082.5,7085.5,7082.5,7084.5
1770865200,7084.5,7086.5,7083,7086
1770865500,7086,7086.5,7085,7085.5
1770865800,7085.75,7086.5,7085.5,7085.75
1770866100,7085.5,7086,7084.25,7084.25
1770866400,7084.25,7085.75,7084,7084.75
1770866700,7084.75,7087.5,7083.5,7087.5
1770867000,7087.25,7090.25,7087,7090
1770867300,7089.75,7090.75,7089.5,7090.25
1770867600,7090,7090.5,7089,7090.5
1770867900,7090.5,7090.75,7089.5,7089.5
1770868200,7089.5,7090.75,7089.25,7090.25
1770868500,7090,7090.75,7089.5,7090
1770868800,7090,7090.75,7089.25,7090.5
1770869100,7090.25,7090.75,7088.75,7090
1770869400,7090,7090.5,7089.5,7090.25
1770869700,7090.25,7093.5,7089.75,7091.5
1770870000,7091.5,7094.5,7091.5,7094
1770870300,7094,7096,7093.75,7095.25
1770870600,7095.25,7095.5,7091.75,7093
1770870900,7092.75,7093,7091.5,7092.25
1770871200,7092,7092,7090.75,7091
1770871500,7091.25,7093.25,7090.75,7092.75
1770871800,7092.75,7093.5,7092,7092
1770872100,7092,7093.5,7091.75,7092.5
1770872400,7092.75,7095.25,7092.75,7095.25
1770872700,7095,7095.5,7094.5,7095
1770873000,7095.25,7095.5,7094.25,7095.25
1770873300,7095.5,7097,7095,7096
1770873600,7096,7097,7095,7095.25
1770873900,7095,7095.5,7094.5,7094.75
1770874200,7094.5,7094.75,7093.75,7093.75
1770874500,7094,7094.25,7093.25,7093.5
1770874800,7093.5,7096.25,7093.5,7094.5
1770875100,7094.5,7095.5,7094.5,7095.25
1770875400,7095.25,7095.5,7093.75,7094.75
1770875700,7094.5,7095.5,7093.5,7095
1770876000,7095,7095.5,7091.75,7092
1770876300,7092.25,7092.75,7091.5,7092.25
1770876600,7092.25,7095.75,7092.25,7094
1770876900,7094.25,7095.5,7091.5,7091.75
1770877200,7091.75,7091.75,7089.75,7090.5
1770877500,7090.75,7092.5,7090.5,7091.5
1770877800,7091.5,7093.75,7087.5,7087.75
1770878100,7088,7088.5,7086,7087.5
1770878400,7087.5,7087.5,7085.25,7086.25
1770878700,7086,7088,7085.5,7088
1770879000,7088,7089,7087.25,7088.25
1770879300,7088.25,7089.75,7087.75,7089.25
1770879600,7089.25,7092.25,7088.25,7091.75
1770879900,7092,7092.5,7089.5,7090
1770880200,7090,7091.75,7089.75,7091
1770880500,7091.25,7092.25,7090.5,7091.75
1770880800,7091.75,7094.25,7090.75,7094.25
1770881100,7094.5,7095.5,7093.5,7094
1770881400,7094.25,7095,7093.5,7094.25
1770881700,7094.25,7095.75,7094.25,7094.75
1770882000,7094.75,7095.5,7093.25,7093.5
1770882300,7093.5,7094.25,7092.25,7094.25
1770882600,7094.25,7094.25,7092.75,7093.5
1770882900,7093.25,7095,7093,7094.5
1770883200,7094.5,7097.5,7094.5,7096
1770883500,7095.75,7097.75,7093.75,7096.25
1770883800,7096.25,7097.25,7091.75,7094
1770884100,7093.75,7096,7093.5,7094.75
1770884400,7094.75,7095.25,7092,7092
1770884700,7092,7094,7090.75,7091.75
1770885000,7091.75,7093,7088.25,7089
1770885300,7089,7090.25,7087.5,7088
1770885600,7088,7090.5,7087.75,7089.5
1770885900,7089.25,7091.5,7088.75,7090.25
1770886200,7090,7093.25,7089.75,7092.5
1770886500,7092.5,7096.25,7092.5,7094.5
1770886800,7094.25,7096.25,7093.25,7095.25
1770887100,7095.5,7095.75,7093.75,7095.25
1770887400,7095.75,7097.75,7095.25,7096.25
1770887700,7096.5,7098.5,7095,7095.5
1770888000,7095.5,7096.5,7094.5,7095.5
1770888300,7095.5,7096.75,7094.75,7095
1770888600,7095,7096.5,7093.5,7096
1770888900,7095.75,7097.75,7095.25,7095.5
1770889200,7095.75,7096,7094.5,7094.5
1770889500,7094.5,7095,7091.75,7093.5
1770889800,7093.5,7096,7093.5,7095.75
1770890100,7095.5,7096.75,7094.5,7096.25
1770890400,7096.25,7099,7095,7098
1770890700,7098,7098.25,7096,7096
1770891000,7096.25,7096.25,7091.25,7091.75
1770891300,7091.5,7093.25,7090.75,7092.5
1770891600,7092.25,7092.25,7089,7089
1770891900,7089,7091.25,7089,7090.5
1770892200,7090.5,7092.25,7090.5,7091.75
1770892500,7092,7092,7090.25,7091.5
1770892800,7091.5,7093,7091,7091
1770893100,7091.5,7092,7090.25,7090.75
1770893400,7090.75,7092,7090.5,7091.25
1770893700,7091.25,7092.25,7091.25,7092.25
1770894000,7092.25,7094,7091.5,7092.25
1770894300,7092.25,7094,7091.75,7094
1770894600,7094,7095.75,7093.25,7094.75
1770894900,7094.75,7096,7094.25,7095.5
1770895200,7095.25,7096,7093.5,7094.5
1770895500,7094.5,7097,7094.25,7096.5
1770895800,7096.25,7096.75,7094.75,7095
1770896100,7094.75,7094.75,7092.5,7092.75
1770896400,7093,7093,7091.75,7092.25
1770896700,7092.25,7094.25,7092,7094.25
1770897000,7094.25,7095.75,7094,7095.25
1770897300,7095.25,7096.75,7094.5,7096.25
1770897600,7096,7096.25,7092.75,7093.25
1770897900,7093,7094.5,7092.25,7093.75
1770898200,7093.75,7094.75,7091.5,7094.25
1770898500,7094.25,7094.75,7093,7094.5
1770898800,7094.75,7095.75,7094.25,7095.25
1770899100,7095.25,7096,7093.75,7095.75
1770899400,7095.75,7097.75,7095.25,7097
1770899700,7096.75,7097.75,7096,7097.25
1770900000,7097.25,7099.5,7095.5,7096
1770900300,7096,7096.25,7094.5,7096.25
1770900600,7096,7097,7092.25,7093.5
1770900900,7093.25,7094.5,7092.25,7092.75
1770901200,7092.75,7093,7089.5,7089.5
1770901500,7089.5,7091,7088.25,7090.75
1770901800,7090.5,7091,7087.25,7087.25
1770902100,7087.25,7088.5,7086.25,7088.25
1770902400,7088,7088.5,7086.75,7087.75
1770902700,7088,7090.75,7087,7090.5
1770903000,7090.75,7096,7088.75,7095.5
1770903300,7095.75,7099.5,7094.5,7098.5
1770903600,7098.5,7104.25,7098.25,7101.5
1770903900,7101.75,7102,7098.25,7099.75
1770904200,7099.5,7099.75,7096.5,7098.25
1770904500,7098.25,7101.25,7098.25,7099.25
1770904800,7099.25,7099.5,7095,7095.75
1770905100,7096,7097.75,7095.25,7097.5
1770905400,7097.5,7098,7093.75,7094
1770905700,7094,7095.25,7093,7094.25
1770906000,7094.25,7095.5,7092.75,7093.5
1770906300,7093.75,7095.25,7092.25,7094
1770906600,7094.25,7102,7092.5,7101.5
1770906900,7101.5,7102.75,7095.25,7100
1770907200,7100,7105.5,7091.5,7092
1770907500,7092,7095.5,7082.75,7084.75
1770907800,7084.75,7091.75,7082.25,7089.25
1770908100,7089,7089.25,7074.75,7080
1770908400,7079.75,7088,7075,7078
1770908700,7078,7084,7073,7075.5
1770909000,7075.75,7085.75,7073.75,7085.25
1770909300,7085.25,7087.75,7079.5,7079.75
1770909600,7079.5,7088.75,7076.75,7082
1770909900,7082,7085.25,7078.5,7082.25
1770910200,7082.5,7086.75,7070.75,7071
1770910500,7071,7073,7061,7063
1770910800,7063,7064.75,7054.5,7055.25
1770911100,7055,7060.5,7053.5,7056.5
1770911400,7056.5,7059.5,7046.25,7046.5
1770911700,7046.5,7047.75,7037,7037.75
1770912000,7037.75,7039,7030.5,7032.5
1770912300,7032.5,7033.75,7019.25,7021.25
1770912600,7021.25,7022.5,7011.25,7014.25
1770912900,7014,7015.75,7002,7006
1770913200,7006,7007.5,6994.5,7000.75
1770913500,7000.75,7001.75,6986.25,6986.75
1770913800,6986.75,7001.5,6985.75,6996.25
1770914100,6996.25,7009,6994.75,7006.5
1770914400,7006.5,7009.25,6998,7000
1770914700,7000,7004.25,6991.25,6996
1770915000,6996,7000,6989.5,6993
1770915300,6992.75,6998.25,6992.25,6997.25
1770915600,6997.25,6997.5,6984.5,6995
1770915900,6995,7002,6986.75,6999.25
1770916200,6999.25,6999.25,6987,6989
1770916500,6989,6992.25,6985.5,6986
1770916800,6986,7001,6986,6999.5
1770917100,6999.5,7003.5,6989.5,6992
1770917400,6992.25,6999,6989.5,6997.75
1770917700,6997.75,7006.75,6997.5,6999.25
1770918000,6999.25,7004.75,6996,7002
1770918300,7002.25,7004.75,6991.75,6995.25
1770918600,6995.25,7000,6986,6988
1770918900,6988,6990.75,6979.75,6980.5
1770919200,6980.5,6987,6975,6982
1770919500,6982,6992,6981.5,6984.25
1770919800,6984.5,6986.5,6981.25,6983.75
1770920100,6983.75,6984,6975,6977
1770920400,6976.75,6988.5,6976.75,6986.5
1770920700,6986.25,6988.25,6972.75,6982.25
1770921000,6982.5,6986.5,6978.5,6984.25
1770921300,6984.5,6993.25,6982.75,6993.25
1770921600,6993.25,7000.25,6989.5,6999.25
1770921900,6999.5,7001.5,6996,6996.75
1770922200,6996.75,7004.25,6994.5,7001.25
1770922500,7001.25,7003.5,6993.75,6997.75
1770922800,6998,7002.25,6994,6995.75
1770923100,6995.5,7000.25,6995.25,6995.5
1770923400,6995.5,6997.25,6986.75,6992.25
1770923700,6992.25,7002.5,6992.25,7001.25
1770924000,7001.5,7005,6999.75,7002.75
1770924300,7002.75,7003.75,6991,6992.5
1770924600,6992.25,7001.75,6992.25,6999
1770924900,6999.25,7004.5,6998,7004
1770925200,7004,7006.5,6998.75,7001
1770925500,7001.25,7008.75,7001.25,7008.5
1770925800,7008,7010.75,7003.75,7004.5
1770926100,7004.5,7009,6998.75,7002.5
1770926400,7002.75,7005.75,7000.5,7005
1770926700,7005,7006.5,6997.25,6998.25
1770927000,6998.25,7000,6992.75,6999.25
1770927300,6999.25,6999.5,6991.25,6992.25
1770927600,6992,6992.25,6986.25,6988.25
1770927900,6988.25,6988.75,6981.75,6983
1770928200,6982.75,6984.75,6976,6980
1770928500,6980.25,6982.5,6978,6980
1770928800,6980,6984.5,6975,6977.5
1770929100,6977.75,6978.5,6966.75,6969.5
1770929400,6969.5,6969.5,6954.75,6968.25
1770929700,6968.25,6969.25,6960.25,6963.25
1770930000,6963.5,6964.75,6959.5,6963.5
1770930300,6963.75,6968.5,6961.75,6967.5
1770930600,6967.25,6969.75,6966.25,6968.75
1770930900,6968.75,6970.25,6966.75,6969.75
1770931200,6969.5,6971.25,6969,6970.5
1770931500,6970.75,6972.5,6969.25,6972.25
1770931800,6972.25,6975.75,6971.75,6975
1770932100,6975,6976.75,6974.75,6974.75
1770932400,6974.75,6975.75,6973.5,6974.5
1770932700,6974.75,6976,6973,6976
1770933000,6976,6977.75,6975.75,6976.25
1770933300,6976.25,6976.25,6973.5,6974.5
1770937200,6978.25,6978.25,6969.25,6971.25
1770937500,6971,6976.75,6967.75,6976.25
1770937800,6976.5,6978.25,6975,6975.25
1770938100,6975.25,6979.75,6974.5,6975.25
1770938400,6975.25,6976.25,6973,6974.5
1770938700,6974.5,6977,6974.25,6976.75
1770939000,6977,6978.5,6965,6969.5
1770939300,6969.5,6971.75,6960,6962.25
1770939600,6962.5,6966.75,6960,6965.75
1770939900,6966,6971,6964.25,6970.25
1770940200,6970.25,6974.75,6970.25,6974.25
1770940500,6974,6976,6972.5,6973.5
1770940800,6973.25,6981.25,6969.25,6979.25
1770941100,6978.75,6981.5,6977.25,6978.5
1770941400,6978.75,6980.25,6975.5,6976.75
1770941700,6976.5,6977.5,6973.5,6974.5
1770942000,6974.25,6976.75,6967,6968.25
1770942300,6968.25,6968.75,6962.25,6965.25
1770942600,6965,6967.5,6963.75,6964.25
1770942900,6964.5,6965.75,6962.25,6965
1770943200,6965,6966.5,6958,6958.75
1770943500,6958.75,6960.25,6953,6956.5
1770943800,6956.25,6958.75,6953.5,6955
1770944100,6955.25,6959.75,6955,6957.5
1770944400,6957.5,6965.5,6957.5,6965.25
1770944700,6965.25,6972,6964,6970.75
1770945000,6970.5,6972,6969.25,6971.25
1770945300,6971,6973.5,6969.75,6972
1770945600,6971.75,6972.5,6966.5,6966.5
1770945900,6966.5,6971,6965.75,6969.5
1770946200,6969.25,6971.25,6967,6970.5
1770946500,6970.25,6972.25,6968.25,6971.25
1770946800,6971.25,6972.25,6969,6970
1770947100,6969.5,6972.5,6968.75,6971.5
1770947400,6971.75,6974.25,6968.25,6968.25
1770947700,6968.25,6968.75,6963.75,6967.25
1770948000,6967.25,6975.25,6967.25,6972.5
1770948300,6972,6974.5,6970.75,6974
1770948600,6974.25,6975,6973.25,6973.75
1770948900,6973.75,6974,6970.25,6970.75
1770949200,6971,6972.25,6969,6970.75
1770949500,6970.75,6972.25,6968.5,6972
1770949800,6972,6975,6972,6973.75
1770950100,6973.75,6975,6973.25,6974.5
1770950400,6974.25,6974.5,6969.25,6971
1770950700,6970.75,6972,6969,6970.75
1770951000,6970.75,6972,6970.25,6970.75
1770951300,6970.75,6971.75,6969.75,6970.25
1770951600,6970.5,6973.75,6970.25,6972.75
1770951900,6972.75,6972.75,6970,6970.25
1770952200,6970.5,6971.5,6969.75,6970
1770952500,6970,6971.25,6968.5,6968.75
1770952800,6968.75,6969,6964.5,6965
1770953100,6965,6966.5,6964.25,6965.75
1770953400,6965.5,6969.75,6965.25,6968
1770953700,6968.25,6968.75,6967,6968.25
1770954000,6968.25,6968.25,6965.5,6967
1770954300,6967,6967.75,6964.25,6964.75
1770954600,6964.75,6965.75,6960.5,6961.25
1770954900,6961,6961.5,6959.25,6959.75
1770955200,6960,6960.75,6958.5,6960
1770955500,6960.25,6962,6959.75,6960.75
1770955800,6961,6964,6960.5,6963.75
1770956100,6963.75,6970.75,6963.75,6967
1770956400,6967.25,6968.25,6965,6966.5
1770956700,6966.5,6968,6966.5,6967.5
1770957000,6967.25,6967.75,6964,6964
1770957300,6964.25,6965,6961.5,6962.25
1770957600,6962.25,6964.5,6961.75,6962.25
1770957900,6962.5,6963.75,6960.75,6962.25
1770958200,6962.25,6963.5,6960.5,6961.5
1770958500,6961.5,6963.5,6961.25,6961.5
1770958800,6961.75,6963.75,6959.5,6963
1770959100,6962.75,6963.25,6960,6962.25
1770959400,6962.25,6962.25,6959.25,6959.25
1770959700,6959.25,6959.75,6955.75,6956.75
1770960000,6956.75,6957,6952.25,6952.5
1770960300,6952.5,6953.5,6948.75,6949.5
1770960600,6949.5,6952,6947.75,6950.75
1770960900,6951,6954.25,6949,6949.25
1770961200,6949.5,6953.25,6947.75,6951.25
1770961500,6951,6955,6951,6953.75
1770961800,6953.75,6953.75,6948.75,6948.75
1770962100,6948.75,6953.5,6948.75,6950.75
1770962400,6950.75,6954.25,6949.25,6950.25
1770962700,6950.25,6953.75,6950.25,6952.25
1770963000,6952.75,6954.25,6950.5,6951.5
1770963300,6951.75,6954.5,6950.25,6953.5
1770963600,6953.75,6953.75,6947.75,6949
1770963900,6949,6949,6943.25,6945.25
1770964200,6945.25,6945.75,6940.25,6943.25
1770964500,6943.25,6943.5,6937,6940.5
1770964800,6940.25,6942.5,6939.5,6941.5
1770965100,6942,6946,6940.75,6945.75
1770965400,6945.75,6950.25,6945.75,6949.75
1770965700,6950,6952.5,6949.75,6950.75
1770966000,6950.75,6956.25,6950.75,6952.75
1770966300,6952.75,6956.5,6951.25,6955.5
1770966600,6955.75,6957.75,6954.5,6955.5
1770966900,6955.75,6959.25,6955.5,6958
1770967200,6958,6959.75,6956.75,6959.5
1770967500,6959.5,6960.25,6955.5,6955.75
1770967800,6955.75,6956.75,6953.75,6956.5
1770968100,6956.25,6956.5,6951,6952.25
1770968400,6952.25,6953.75,6951.5,6952.25
1770968700,6952.5,6953,6951.5,6952
1770969000,6952,6954.25,6949.5,6954.25
1770969300,6954,6956.5,6952.25,6956
1770969600,6956.25,6958.75,6951.25,6958.25
1770969900,6958.5,6962.5,6958,6960.25
1770970200,6960.25,6960.75,6952,6952.75
1770970500,6952.5,6953.5,6940.25,6941.5
1770970800,6941.75,6951,6940.75,6950.75
1770971100,6950.75,6956.25,6950.75,6955
1770971400,6954.75,6958.25,6951.5,6957
1770971700,6957,6958,6950,6951.25
1770972000,6951.25,6957,6950.75,6956.5
1770972300,6956.75,6962.25,6956.75,6959.5
1770972600,6959.5,6962.25,6958,6959.75
1770972900,6959.75,6960,6956.5,6958.5
1770973200,6958.5,6959.5,6949.75,6950.5
1770973500,6950.25,6958.25,6950,6956.75
1770973800,6957,6959.75,6955.5,6955.75
1770974100,6955.5,6962.75,6955.25,6962.25
1770974400,6962.25,6966.5,6962,6964.75
1770974700,6964.5,6967.25,6964,6964.25
1770975000,6964.25,6965.75,6962.5,6964.5
1770975300,6964.75,6965.25,6963,6963.75
1770975600,6963.75,6966.5,6962.5,6962.75
1770975900,6963,6967,6962.75,6965.5
1770976200,6965.5,6967.25,6960.5,6961
1770976500,6961,6961.25,6958,6959.5
1770976800,6959.25,6962.75,6958.75,6961.5
1770977100,6961.5,6962.5,6957.25,6957.5
1770977400,6957.5,6963.25,6957.5,6962.75
1770977700,6963,6963.75,6961.25,6963.75
1770978000,6964,6966.25,6963.5,6965.5
1770978300,6965.5,6966.5,6962.75,6963.5
1770978600,6963.75,6964.5,6960,6960.25
1770978900,6959.75,6960.75,6957.25,6957.75
1770979200,6958,6961.5,6957,6958.25
1770979500,6958.25,6959.75,6955.75,6956.5
1770979800,6956.5,6956.5,6951,6955
1770980100,6955,6955.25,6950.5,6950.75
1770980400,6951,6952.5,6945.75,6946
1770980700,6945.75,6948.25,6942.25,6943
1770981000,6943,6944.5,6940.75,6941.25
1770981300,6941,6946,6937.75,6945.75
1770981600,6945.25,6945.5,6937,6938.5
1770981900,6938.5,6944,6937,6940.5
1770982200,6940.25,6944.25,6932.75,6943.75
1770982500,6943.5,6948.5,6942.75,6944.25
1770982800,6944.5,6946.5,6940,6940.25
1770983100,6940.5,6942.75,6937.25,6940.75
1770983400,6940.5,6946.5,6938.75,6946.5
1770983700,6946.5,6950.25,6946.5,6949.75
1770984000,6949.75,6955.5,6946.5,6947.25
1770984300,6947.5,6947.5,6943.25,6944
1770984600,6943.75,6947,6941.25,6943
1770984900,6942.75,6947.25,6940.5,6945.25
1770985200,6945.25,6950.5,6944.25,6948.75
1770985500,6948.75,6951.5,6947.5,6948.5
1770985800,6948.5,6953.75,6947.5,6951
1770986100,6951,6952.25,6948.5,6950
1770986400,6950,6952.25,6949.5,6951.25
1770986700,6951.25,6951.5,6946.25,6947
1770987000,6947,6953.75,6946.75,6953
1770987300,6953.25,6956.25,6942,6948.25
1770987600,6948,6953.25,6946.5,6952.5
1770987900,6952.25,6953,6938.25,6938.75
1770988200,6938.25,6941.5,6935,6936
1770988500,6936,6945.5,6934,6944.25
1770988800,6944.5,6951.75,6940.75,6948.5
1770989100,6948.5,6959.25,6948.5,6951.75
1770989400,6951.25,6977.75,6950.75,6968.75
1770989700,6968.75,6969,6958.75,6965.25
1770990000,6965,6971,6962,6965.5
1770990300,6965.25,6967.75,6955.25,6967.5
1770990600,6967.5,6969.25,6964.25,6968.75
1770990900,6969,6973.25,6963.25,6967.75
1770991200,6967.5,6975,6967.25,6969
1770991500,6969,6969.5,6958.25,6958.25
1770991800,6958.5,6964.5,6957.5,6962
1770992100,6962,6964.5,6958.25,6960
1770992400,6959.75,6961.5,6958.25,6959.5
1770992700,6959.5,6967.25,6959,6964.25
1770993000,6964.25,6972.5,6955.75,6959.25
1770993300,6959.25,6960,6944.75,6945.5
1770993600,6945.5,6952.5,6921.5,6951.75
1770993900,6951.75,6975.5,6951.25,6961.25
1770994200,6961.5,6962.5,6944.5,6952
1770994500,6951.75,6968,6942.75,6946.25
1770994800,6946,6963.75,6945.5,6957
1770995100,6957,6972.5,6947.5,6971.75
1770995400,6972,6976.75,6959.75,6960.5
1770995700,6960.5,6970.5,6952.25,6957.5
1770996000,6957.5,6969.25,6951.75,6959.75
1770996300,6959.75,6981.75,6959,6977
1770996600,6977,6992.75,6976.25,6988.5
1770996900,6988.75,6993.5,6975.25,6976.5
1770997200,6976,6979.25,6962.75,6964
1770997500,6964,6970.5,6955.25,6959.25
1770997800,6959.5,6975.75,6958.5,6973.5
1770998100,6973.75,6979.75,6970,6972.75
1770998400,6973,6982.25,6972.25,6982
1770998700,6981.75,6989.75,6980.75,6987.5
1770999000,6987.5,6987.75,6974.25,6981.75
1770999300,6982,6989.25,6978.25,6978.75
1770999600,6979,6982,6965.5,6971.25
1770999900,6971,6987.5,6969.5,6985.75
1771000200,6985.75,6990,6976,6986.25
1771000500,6986.25,6992.5,6980.5,6992.25
1771000800,6992,6994,6987,6993.25
1771001100,6993.25,6998,6990.5,6991.75
1771001400,6992,6997.75,6989.75,6997.75
1771001700,6997.75,7003,6995,6995.25
1771002000,6995.25,7002.25,6992.5,7000.5
1771002300,7000.75,7004.5,6998,6999.5
1771002600,6999.75,7008,6999.5,7007.25
1771002900,7007.25,7008,6995.75,6998.25
1771003200,6998.25,7007.75,6997.5,7005.25
1771003500,7005.5,7006,7000.25,7001.25
1771003800,7001.5,7008.5,7000.5,7006
1771004100,7006.25,7008.5,7003.5,7007.5
1771004400,7007.5,7010.5,7004.75,7004.75
1771004700,7004.5,7008.5,7002.25,7007.75
1771005000,7007.5,7007.75,7001,7003
1771005300,7003,7004.25,6996.5,6999
1771005600,6999,7001.5,6991.25,6992.25
1771005900,6992.25,6997.25,6988.25,6995
1771006200,6995,7002.5,6994.75,7000.5
1771006500,7000.25,7006,6997.5,7001.25
1771006800,7001,7010.5,7001,7007
1771007100,7007,7009.5,6997.25,7001.75
1771007400,7001.75,7007,6998.75,7006
1771007700,7005.75,7008.5,7000.5,7005.5
1771008000,7005.5,7006.25,6996.25,6997.75
1771008300,6997.75,7004.75,6997.5,6999.5
1771008600,6999.5,6999.75,6991.75,6996.25
1771008900,6996.25,6998,6991.25,6994
1771009200,6994.5,6998,6991.75,6992.75
1771009500,6992.75,6999.5,6992.25,6998.25
1771009800,6998.25,7001,6994.25,6997.5
1771010100,6997.5,6999,6992.75,6997.75
1771010400,6997.75,7001.25,6995.5,7000
1771010700,7000.25,7000.75,6988.75,6991.25
1771011000,6991,6997,6990,6994.5
1771011300,6994.5,6995.5,6985.25,6988.5
1771011600,6988.25,6990.25,6980.5,6984
1771011900,6984.25,6990,6982,6985.5
1771012200,6985.75,6987.25,6978.5,6980.25
1771012500,6980.25,6983.25,6969.5,6971.5
1771012800,6971.5,6980.5,6971.25,6978.75
1771013100,6978.75,6980.25,6974.25,6978.75
1771013400,6978.75,6979,6968.5,6968.75
1771013700,6968.75,6974.25,6965.75,6973.5
1771014000,6973.25,6973.5,6964.25,6964.25
1771014300,6964.25,6966,6951,6953.75
1771014600,6953.75,6960,6949.25,6949.75
1771014900,6950,6954.25,6947.75,6951.25
1771015200,6951.25,6956,6945.5,6949.25
1771015500,6949.5,6961.5,6948.5,6959.75
1771015800,6959.75,6963.75,6951,6962
1771016100,6961.75,6965.5,6955.5,6962.75
1771016400,6963,6969.25,6960.5,6961.25
1771016700,6961,6962.25,6958,6960
1771017000,6960.25,6965.75,6958.75,6965.25
1771017300,6965.5,6965.75,6962.5,6963
1771017600,6962.75,6963,6958.5,6959.25
1771017900,6959.25,6962,6958.5,6961
1771018200,6961,6962.5,6960.25,6960.75
1771018500,6960.75,6962.75,6960,6961.5
1771018800,6961.5,6961.5,6959.75,6960
1771019100,6960.25,6961,6959,6959.5
1771019400,6959.25,6960.5,6958.5,6960.5
1771019700,6960.25,6963.75,6958,6958
1771196400,6965.25,6972.75,6959.75,6960.75
1771196700,6961,6961.5,6957,6960.25
1771197000,6960.25,6967,6960,6966.25
1771197300,6966.25,6970.25,6965.5,6969.75
1771197600,6969.75,6970.25,6966.5,6969
1771197900,6969.25,6971.75,6969,6969.5
1771198200,6969.5,6972,6966.5,6967
1771198500,6967,6969.75,6964.75,6966
1771198800,6966.25,6970,6966.25,6969.5
1771199100,6969.25,6969.75,6967,6967.75
1771199400,6967.75,6969.25,6963.75,6966.5
1771199700,6966.75,6974.25,6964.75,6973.25
1771200000,6973.25,6974.5,6968.5,6970
1771200300,6970,6976,6969,6975.25
1771200600,6975,6976.5,6974,6975
1771200900,6975,6976.25,6974.25,6974.5
1771201200,6974.5,6975.25,6973.75,6974.25
1771201500,6974.25,6977,6973.75,6975.75
1771201800,6975.75,6976.75,6974.75,6976
1771202100,6976,6977.25,6974.5,6975.75
1771202400,6975.75,6976.5,6974.5,6974.5
1771202700,6974.5,6977.25,6974.5,6975.5
1771203000,6975.5,6977.75,6975.25,6977
1771203300,6977,6977.5,6974.25,6975.5
1771203600,6975.5,6976.5,6974,6976
1771203900,6976,6978.25,6976,6976.75
1771204200,6976.75,6977.5,6975.25,6975.25
1771204500,6975.25,6976,6974.75,6975.75
1771204800,6975.75,6976,6975,6976
1771205100,6976.25,6976.75,6975,6975.5
1771205400,6975.5,6976.25,6975,6975.75
1771205700,6975.75,6975.75,6974.5,6975.25
1771206000,6975,6977.25,6974.25,6976.5
1771206300,6976.5,6979.25,6975.75,6978.5
1771206600,6978.5,6980.75,6977.25,6980.5
1771206900,6980.5,6983.5,6980.25,6981.75
1771207200,6981.75,6983.75,6980.75,6983.5
1771207500,6983.5,6984.25,6978.25,6978.5
1771207800,6978.25,6978.25,6976.25,6977.75
1771208100,6977.75,6979.25,6977.25,6978.25
1771208400,6978,6979.75,6977.75,6979.25
1771208700,6979.25,6979.5,6977,6977.5
1771209000,6977.5,6978.5,6976.75,6977
1771209300,6977,6978.5,6976.75,6977.5
1771209600,6977.5,6978.25,6976.5,6977.5
1771209900,6977.25,6978,6976.5,6976.75
1771210200,6976.75,6976.75,6975.25,6975.25
1771210500,6975.25,6976.25,6974.75,6975.75
1771210800,6975.75,6976.5,6974.75,6975
1771211100,6975,6976,6974.75,6975.75
1771211400,6975.5,6976.25,6975,6975
1771211700,6975,6976.25,6975,6975.25
1771212000,6975.25,6977,6975,6976
1771212300,6976,6976,6972,6972.5
1771212600,6972.5,6973.25,6971.75,6972.75
1771212900,6972.75,6973.5,6972.25,6973
1771213200,6972.75,6972.75,6971,6972.5
1771213500,6972.5,6972.5,6971.5,6972.5
1771213800,6972.25,6974.75,6972,6974
1771214100,6974,6975,6974,6974.75
1771214400,6974.75,6978,6974.5,6977.75
1771214700,6977.5,6977.75,6974.5,6974.5
1771215000,6974.25,6976,6974.25,6975.5
1771215300,6975.5,6975.5,6974.25,6975.25
1771215600,6975,6975,6973.5,6974.75
1771215900,6974.5,6977,6974.25,6976.5
1771216200,6976.25,6977.25,6976,6976.25
1771216500,6976,6976.5,6975,6975.5
1771216800,6975.25,6976,6974.25,6974.75
1771217100,6974.5,6974.5,6973.5,6974.5
1771217400,6974.25,6976.25,6974,6975.75
1771217700,6975.5,6976,6974.5,6974.5
1771218000,6974.5,6975,6972.75,6973.5
1771218300,6973.25,6974.25,6972.25,6974
1771218600,6973.75,6975.25,6973,6975
1771218900,6975,6975.75,6973.5,6974.75
1771219200,6974.5,6975.5,6974.5,6975.25
1771219500,6975.25,6976,6974.75,6975.75
1771219800,6975.75,6975.75,6974,6974
1771220100,6973.75,6974.5,6972.25,6972.25
1771220400,6972.25,6972.75,6969,6969.75
1771220700,6969.75,6970.75,6969.5,6970
1771221000,6970,6971,6970,6971
1771221300,6971,6972.25,6970.5,6971.75
1771221600,6971.5,6972.25,6970.75,6971.75
1771221900,6971.5,6972.75,6971,6971.25
1771222200,6971.25,6972,6971,6971.5
1771222500,6971.75,6971.75,6970.5,6970.75
1771222800,6970.75,6971.5,6969,6971.25
1771223100,6971.25,6974,6970.5,6973.25
1771223400,6973,6974,6970.75,6971
1771223700,6971,6973.25,6970.75,6973
1771224000,6973,6975.25,6972.75,6975
1771224300,6974.75,6976.25,6974.5,6976
1771224600,6975.75,6976,6975,6975.75
1771224900,6975.75,6976.25,6975.5,6975.5
1771225200,6975.5,6980,6975,6980
1771225500,6980,6981.25,6979.25,6981
1771225800,6981,6982.25,6980.25,6981.5
1771226100,6981.75,6982,6979.75,6980
1771226400,6980.25,6981.25,6979,6980.5
1771226700,6980.75,6982.75,6980,6981
1771227000,6981,6983,6980.25,6982.75
1771227300,6983,6985.75,6983,6984
1771227600,6984,6985,6983.75,6984.75
1771227900,6985,6985.5,6983.5,6984.5
1771228200,6984.5,6984.75,6983.75,6984
1771228500,6984,6984,6982,6983.5
1771228800,6983.75,6984.5,6979.5,6983.25
1771229100,6983.25,6988.5,6982.25,6988.5
1771229400,6988.25,6988.75,6984.5,6986
1771229700,6985.75,6989.25,6985.25,6988.75
1771230000,6988.75,6991,6986,6986.75
1771230300,6986.75,6987.5,6983.5,6985
1771230600,6984.75,6986.75,6983.25,6984.25
1771230900,6984,6984,6980.75,6982.75
1771231200,6983.25,6987,6982,6986.75
1771231500,6986.75,6992.75,6986.25,6989
1771231800,6989,6991,6987,6990.25
1771232100,6990,6991.25,6989.5,6990.75
1771232400,6990.75,6993,6989.5,6992.5
1771232700,6992.5,6994,6991.75,6993
1771233000,6993,6993.5,6991.75,6992.75
1771233300,6993,6993.5,6991.5,6993.5
1771233600,6993.25,6993.5,6991.5,6992.25
1771233900,6992.25,6997.75,6992.25,6996
1771234200,6996.25,6997.25,6995.75,6997.25
1771234500,6997,6998.25,6996.5,6997
1771234800,6996.75,6997.25,6995.75,6996.25
1771235100,6996.25,6997.5,6995.75,6997.25
1771235400,6997.25,6997.75,6997,6997
1771235700,6997,6997.5,6995.75,6996.25
1771236000,6996,6996.5,6993,6993
1771236300,6993,6994,6992.25,6992.5
1771236600,6992.5,6993.25,6990.75,6992.25
1771236900,6992.25,6992.25,6990.25,6991.75
1771237200,6991.75,6993.25,6991.5,6992.75
1771237500,6992.75,6992.75,6991.5,6991.75
1771237800,6991.75,6991.75,6988.75,6991.25
1771238100,6991.5,6992.75,6989.5,6990.25
1771238400,6990.25,6994.75,6989.75,6994.25
1771238700,6994.5,6995.5,6992,6992.75
1771239000,6992.75,6993.5,6991,6991.5
1771239300,6991.75,6992.25,6988.75,6990.5
1771239600,6990.75,6990.75,6987.75,6988.25
1771239900,6988,6989.5,6986,6986.25
1771240200,6986,6988,6984.25,6988
1771240500,6988,6989.5,6987,6988.25
1771240800,6988,6989.5,6986.25,6989
1771241100,6988.75,6991.25,6988.75,6990.5
1771241400,6990.5,6990.75,6987.75,6987.75
1771241700,6987.5,6991,6986.75,6991
1771242000,6991,6991.75,6989.5,6990.5
1771242300,6990.25,6990.25,6988.5,6989
1771242600,6989,6991.25,6988.75,6990.75
1771242900,6990.75,6990.75,6988.25,6988.75
1771243200,6988.75,6989.25,6986,6987.25
1771243500,6987,6989.75,6986.5,6989.25
1771243800,6989.5,6989.5,6987.75,6989.25
1771244100,6989.25,6989.25,6987,6989
1771244400,6989.25,6990.75,6988.5,6990.5
1771244700,6990.5,6993.5,6990,6992.25
1771245000,6992.5,6992.5,6987.5,6989.25
1771245300,6989.25,6991.5,6988,6991
1771245600,6991,6991,6986.75,6986.75
1771245900,6987,6989.25,6986.75,6989
1771246200,6988.75,6990,6987.5,6987.75
1771246500,6987.75,6989,6987.5,6988.75
1771246800,6988.75,6989.25,6985.75,6987
1771247100,6986.75,6987.5,6985.25,6986
1771247400,6985.75,6987.75,6985.75,6986
1771247700,6986,6987.25,6985,6986.75
1771248000,6986.75,6988.25,6986,6986.5
1771248300,6986.25,6988.75,6986.25,6988.25
1771248600,6988.25,6991,6988,6990.25
1771248900,6990.25,6990.5,6988,6989.5
1771249200,6989.5,6990,6987.25,6989
1771249500,6989.25,6990.25,6986.5,6987.75
1771249800,6987.75,6988.25,6986.25,6986.5
1771250100,6986.5,6987.75,6986.25,6986.5
1771250400,6986.25,6986.5,6983.25,6983.75
1771250700,6983.75,6985.25,6982,6983
1771251000,6983,6983,6974.75,6975.75
1771251300,6975.5,6976.75,6972.5,6974.75
1771251600,6974.5,6976,6971.75,6973.25
1771251900,6973.5,6975,6969.5,6972
1771252200,6971.75,6974.25,6968.75,6971
1771252500,6971,6972.75,6966.25,6966.5
1771252800,6966.75,6967.75,6960.25,6964.5
1771253100,6964.5,6965.25,6959,6964.75
1771253400,6964.75,6969.5,6964.75,6968.75
1771253700,6968.75,6974.5,6968.5,6971.75
1771254000,6971.75,6976.75,6971.5,6975.25
1771254300,6975.25,6976.5,6973.5,6975
1771254600,6975,6975,6970,6970.5
1771254900,6970.25,6972.75,6968,6969.25
1771255200,6969.25,6970.25,6963.75,6966
1771255500,6965.75,6966,6962.5,6962.5
1771255800,6962.25,6964.25,6957,6959.25
1771256100,6959,6960.5,6956,6957.5
1771256400,6957.5,6959.75,6956.25,6956.5
1771256700,6956.75,6962.75,6955.5,6962.75
1771257000,6962.75,6966,6962.75,6964
1771257300,6964,6964.25,6956.25,6956.5
1771257600,6956.75,6957.75,6953.75,6956.25
1771257900,6956.5,6964,6956,6963.5
1771258200,6963.5,6969.75,6963.5,6969.75
1771258500,6969.75,6970.75,6959.5,6959.5
1771258800,6959.75,6961.75,6957.75,6958.25
1771259100,6958.25,6966.5,6956.75,6965.5
1771259400,6965.5,6969.75,6963.5,6964.25
1771259700,6964.25,6964.5,6955.75,6956.75
1771260000,6956.75,6963,6956.5,6962.75
1771260300,6962.75,6966.5,6961.25,6965.75
1771260600,6965.75,6967.5,6963,6964.25
1771260900,6964.25,6965.75,6963.25,6965.25
1771261200,6965.25,6967.5,6963.5,6967
1771261500,6967,6968.25,6963.5,6965.5
1771261800,6965.5,6967.25,6964.25,6965.75
1771262100,6966,6966.25,6961.75,6963.5
1771262400,6963.5,6965.5,6963.25,6964.5
1771262700,6964.5,6967.5,6963.25,6967.5
1771263000,6967.25,6971.5,6967.25,6969.75
1771263300,6969.75,6971,6967.75,6969.75
1771263600,6970,6970.25,6967.75,6970.25
1771263900,6970.25,6971,6967.25,6970.5
1771264200,6970.75,6972.25,6967.5,6968.25
1771264500,6968.5,6969,6963.5,6967
1771282800,6968.75,6972,6965,6967.5
1771283100,6967.5,6974.25,6967.25,6973
1771283400,6973.25,6977.5,6973.25,6975.25
1771283700,6975.25,6976.75,6973,6974
1771284000,6974.5,6975.5,6973,6974
1771284300,6974.5,6976,6973.5,6975.5
1771284600,6975.75,6979,6975.75,6978.5
1771284900,6978.75,6980.25,6978.25,6978.5
1771285200,6978.75,6979.25,6978.25,6978.75
1771285500,6978.75,6981,6977.5,6981
1771285800,6981,6982.5,6979,6979.5
1771286100,6979.25,6979.25,6975.75,6977
1771286400,6977.25,6978.25,6975.5,6977.25
1771286700,6977,6977,6970.75,6975
1771287000,6975,6977,6974.5,6975.25
1771287300,6975.5,6978.75,6972.25,6973.75
1771287600,6973.75,6980.75,6972.5,6978.5
1771287900,6978.5,6979,6975.5,6976.75
1771288200,6976.5,6977.5,6975.5,6976.5
1771288500,6976.25,6976.5,6974.5,6976
1771288800,6975.5,6975.75,6969.75,6972.5
1771289100,6972.5,6972.5,6970.25,6971
1771289400,6971.5,6972.25,6967.75,6969
1771289700,6969.25,6969.75,6966.75,6968.25
1771290000,6968.25,6972.25,6968.25,6969.75
1771290300,6970,6972.75,6970,6972
1771290600,6972.5,6975,6972.25,6974.75
1771290900,6974.5,6975,6972.25,6973.25
1771291200,6973.25,6974.25,6971.25,6971.25
1771291500,6971.5,6971.5,6964.75,6965.5
1771291800,6965.5,6967.25,6963.5,6965.5
1771292100,6965.25,6968.25,6965,6965.5
1771292400,6965.25,6966,6961.75,6963.75
1771292700,6963.75,6965,6960.25,6960.5
1771293000,6960.5,6961,6944.25,6946.75
1771293300,6946.75,6948,6938.75,6942.25
1771293600,6942,6944.75,6935.25,6937.5
1771293900,6937.75,6941.25,6935,6941.25
1771294200,6941.25,6944.25,6939.5,6943
1771294500,6943,6943.5,6939.75,6942
1771294800,6942,6945,6940.5,6944.75
1771295100,6945,6946.25,6943.25,6944.75
1771295400,6945.5,6946.25,6942.5,6942.75
1771295700,6943.25,6945,6942.25,6943
1771296000,6943.25,6947,6942.75,6945
1771296300,6944.75,6945.5,6940,6941.5
1771296600,6941.75,6945,6941,6944.25
1771296900,6944.5,6947,6942.5,6943
1771297200,6943.25,6943.5,6935.5,6935.5
1771297500,6935.75,6937.75,6930.25,6935.75
1771297800,6935.75,6937,6931.25,6935
1771298100,6935.25,6937.75,6934.25,6936.75
1771298400,6937,6940.5,6936.25,6937.5
1771298700,6937.25,6937.75,6935.75,6936.25
1771299000,6936.25,6936.25,6930.25,6930.5
1771299300,6930.25,6934,6927.75,6929
1771299600,6929,6933.5,6926.5,6932.75
1771299900,6932.75,6933.75,6929.25,6929.75
1771300200,6929.75,6933.5,6928.5,6932.75
1771300500,6932.75,6934.25,6931.75,6933.5
1771300800,6933.5,6935.75,6932.75,6933.75
1771301100,6933.75,6935.75,6932.75,6934.75
1771301400,6935,6937,6934.75,6935.5
1771301700,6935.5,6935.5,6933.25,6935
1771302000,6935.5,6937,6934.5,6935.25
1771302300,6935.5,6936.75,6934.5,6935.75
1771302600,6935.75,6935.75,6930.5,6931.5
1771302900,6931.5,6933.75,6931.5,6933
1771303200,6933.25,6934,6932,6933.25
1771303500,6933.5,6936,6933.25,6934.25
1771303800,6934.25,6935.75,6933.75,6934.5
1771304100,6934.5,6936,6934.25,6935.5
1771304400,6935.5,6935.75,6933,6933.75
1771304700,6933.5,6933.5,6932.25,6933.5
1771305000,6933.25,6934.75,6931.5,6931.5
1771305300,6931.75,6932.25,6928.25,6928.5
1771305600,6928.5,6933.25,6925,6930.25
1771305900,6930,6932,6929.25,6931.25
1771306200,6931.25,6931.75,6926.25,6926.75
1771306500,6926.5,6927,6922.75,6926
1771306800,6926,6930.25,6924.75,6929.5
1771307100,6929.5,6932.5,6929,6931.75
1771307400,6932,6932.25,6925,6925.5
1771307700,6925.25,6928.75,6924.25,6926.25
1771308000,6926.25,6930.25,6926,6929.5
1771308300,6929.5,6935,6929,6934.5
1771308600,6934.5,6937,6933.25,6934.25
1771308900,6934.5,6936,6933.5,6934.75
1771309200,6934.75,6934.75,6932.75,6933.5
1771309500,6933.5,6934.25,6932.75,6933.5
1771309800,6933.5,6934,6931.5,6932.5
1771310100,6932.75,6934.75,6932.75,6934.5
1771310400,6934.5,6938.5,6934.5,6936.5
1771310700,6936.5,6938.5,6935.5,6936.5
1771311000,6936.25,6937.5,6935.75,6937.5
1771311300,6937.5,6938,6936.5,6937
1771311600,6937,6937.5,6932.5,6933.75
1771311900,6934,6934,6930.5,6931
1771312200,6931,6933,6930.75,6931
1771312500,6930.75,6932.25,6929.75,6931.25
1771312800,6931.25,6932.25,6930.5,6931.75
1771313100,6932,6932.5,6926.75,6928.75
1771313400,6929.25,6930.75,6927,6928.25
1771313700,6928.25,6936.75,6928.25,6936.5
1771314000,6936.5,6937.5,6935,6936
1771314300,6935.75,6940,6935.25,6937.75
1771314600,6938,6942.75,6938,6942.25
1771314900,6942,6944.25,6941.5,6943.5
1771315200,6943.5,6956.25,6942,6952.75
1771315500,6952.75,6955.5,6951,6955
1771315800,6955,6960.75,6953.5,6955.75
1771316100,6955.5,6956,6949.25,6951
1771316400,6950.75,6954.75,6949,6951.75
1771316700,6951.75,6952.5,6949.25,6952.25
1771317000,6952,6953.5,6947.25,6947.5
1771317300,6947.75,6949.75,6945.5,6945.75
1771317600,6945.5,6946.5,6942.75,6944
1771317900,6944.5,6948,6943,6946.25
1771318200,6946.5,6946.75,6942,6944.75
1771318500,6944.75,6946.75,6942.25,6945.25
1771318800,6945.25,6950.75,6945,6950
1771319100,6950.25,6950.25,6945.5,6946.5
1771319400,6946.5,6946.75,6943.25,6943.75
1771319700,6943.5,6947.5,6943,6947.25
1771320000,6948,6949,6944.75,6949
1771320300,6949,6950,6947.5,6949.25
1771320600,6949.5,6952.5,6948,6949.75
1771320900,6949.75,6954.75,6949.5,6953.25
1771321200,6953,6953.5,6951.75,6953.25
1771321500,6953.25,6954.5,6951.25,6953.25
1771321800,6953,6954.25,6951.5,6954.25
1771322100,6954.5,6955.75,6953,6954
1771322400,6953.75,6956.5,6953.75,6953.75
1771322700,6954,6954.5,6951,6952.25
1771323000,6952,6952,6948.25,6949
1771323300,6949.25,6950,6946.75,6949.75
1771323600,6950,6950.5,6948.75,6949.5
1771323900,6949.25,6950,6948.5,6949
1771324200,6948.75,6949,6944.5,6946
1771324500,6946,6946.5,6943.75,6944
1771324800,6943.75,6944,6938.5,6939.25
1771325100,6939.25,6943,6938.5,6940.5
1771325400,6940,6940.25,6936.5,6939.5
1771325700,6939.75,6940.5,6937.5,6938.5
1771326000,6938.5,6941.5,6938.25,6939.75
1771326300,6939.75,6939.75,6935.25,6937
1771326600,6937,6939.75,6935.5,6938.5
1771326900,6938.25,6938.75,6936.5,6936.75
1771327200,6936.25,6939,6934.5,6936
1771327500,6936.25,6943.25,6933.75,6943
1771327800,6943,6945.25,6942,6942
1771328100,6941.75,6944.25,6940,6943.75
1771328400,6943.75,6945.5,6941.25,6942.25
1771328700,6942,6944.25,6941.25,6944.25
1771329000,6944,6946.25,6943.25,6945.25
1771329300,6945.25,6948,6944.25,6945
1771329600,6945,6946.5,6942.5,6944.75
1771329900,6944.5,6951.5,6944,6951
1771330200,6951,6951.5,6947.5,6949
1771330500,6949.25,6950,6946,6946.25
1771330800,6946,6946,6940.25,6942.25
1771331100,6942.25,6945.75,6939.75,6940.25
1771331400,6940.5,6940.75,6935.5,6939.5
1771331700,6939.25,6940.25,6936.5,6937
1771332000,6936.75,6938.5,6935.5,6938.25
1771332300,6938.5,6939.25,6932,6933.25
1771332600,6933.25,6936,6930.75,6935.5
1771332900,6935.5,6937.25,6931.5,6932.25
1771333200,6932.25,6933.5,6927.75,6928.25
1771333500,6928,6929,6924,6925.75
1771333800,6925.5,6926.5,6918.5,6924.5
1771334100,6924.5,6928,6922.25,6926.5
1771334400,6926.25,6937.75,6926,6937.75
1771334700,6937.5,6940.5,6936,6937.25
1771335000,6937.25,6938,6932.5,6933.5
1771335300,6933.5,6936,6932.75,6934.25
1771335600,6934.25,6937,6933.75,6936
1771335900,6936,6937.5,6932.5,6932.75
1771336200,6932.75,6957.25,6932.5,6949.5
1771336500,6949.5,6950,6938,6938.75
1771336800,6938.5,6948.25,6938.5,6946.5
1771337100,6946.5,6949,6944.25,6946.75
1771337400,6947,6948.75,6943.5,6944.5
1771337700,6944.5,6948,6942.75,6947
1771338000,6947,6949,6943,6943.25
1771338300,6943.5,6947.75,6942,6947.75
1771338600,6947.75,6966.5,6946.75,6964
1771338900,6964,6974.25,6961,6971.5
1771339200,6971.75,6974.75,6951,6954
1771339500,6953.75,6959.75,6943.25,6949.25
1771339800,6949.25,6953,6922.5,6924.5
1771340100,6924.5,6925.25,6910.5,6912.5
1771340400,6912.5,6928.75,6909,6927.25
1771340700,6927.25,6931.75,6919.5,6919.75
1771341000,6920,6926.25,6912.75,6915.25
1771341300,6915,6944,6914,6942.5
1771341600,6942.75,6943.25,6923,6925
1771341900,6924.75,6928.5,6914.25,6919.5
1771342200,6919.25,6922.75,6904,6907
1771342500,6907.25,6916,6904,6904.5
1771342800,6904.5,6913.75,6903.75,6912.75
1771343100,6913,6928.25,6911.25,6923
1771343400,6923,6929.25,6916.25,6925.75
1771343700,6925.5,6932.75,6922.5,6932.5
1771344000,6932.25,6947.25,6930.75,6941.5
1771344300,6941.75,6958.75,6940.5,6957.25
1771344600,6957.25,6973,6957,6970.25
1771344900,6970.25,6976.5,6966.5,6974.5
1771345200,6974.25,6979.5,6969,6977.25
1771345500,6977.25,6978.25,6962,6963.25
1771345800,6963,6966,6955,6964.25
1771346100,6964.5,6975.5,6962,6971.25
1771346400,6971.25,6972.75,6964.25,6965
1771346700,6965,6969,6962.25,6963.5
1771347000,6963.75,6971.5,6963.75,6971
1771347300,6971.25,6977.5,6966.25,6971.5
1771347600,6971.25,6972.5,6962.25,6967
1771347900,6966.75,6971,6963.5,6964
1771348200,6963.75,6966,6955.5,6959.5
1771348500,6959.25,6963,6956.75,6960
1771348800,6960.25,6961.75,6950.75,6958
1771349100,6958,6969,6956.5,6969
1771349400,6969,6970.25,6956.5,6964.5
1771349700,6964.25,6967.75,6960.25,6963
1771350000,6963,6963,6946.75,6947
1771350300,6946.75,6953.25,6942,6949.25
1771350600,6949.25,6953.25,6938,6941.25
1771350900,6941,6958.5,6939.25,6957
1771351200,6957,6958.5,6950,6954.5
1771351500,6954.5,6955.5,6947.5,6950
1771351800,6950.25,6955,6945,6949.75
1771352100,6949.75,6953,6945.5,6949.5
1771352400,6949.25,6972.25,6948,6967.25
1771352700,6967.25,6972.5,6961.25,6970.75
1771353000,6971,6977,6967.25,6973.75
1771353300,6973.75,6981,6969.75,6980.75
1771353600,6980.5,6988.5,6979.75,6982.75
1771353900,6982.75,6986.25,6981.5,6985.5
1771354200,6985.5,6991,6983.25,6990.25
1771354500,6990.5,6994.25,6985.75,6988
1771354800,6988,6991.75,6985.25,6990.5
1771355100,6990.5,6992.25,6985.25,6987
1771355400,6986.75,6989.5,6983,6989
1771355700,6989,6989.5,6985,6986.75
1771356000,6986.5,6993.25,6985.25,6992.25
1771356300,6992.25,6992.5,6985.5,6987
1771356600,6987,6993.5,6985,6993.5
1771356900,6993.25,6996,6989.75,6992.75
1771357200,6992.75,6996.5,6991.25,6994.25
1771357500,6994.5,6994.5,6990,6991
1771357800,6991.25,6991.5,6983,6986.5
1771358100,6986.5,6987.5,6981.25,6982.75
1771358400,6982.75,6988.25,6981.5,6984.75
1771358700,6984.75,6985.75,6980,6980.75
1771359000,6981,6982.25,6978.5,6982
1771359300,6982,6984.25,6977.5,6978
1771359600,6978,6980.75,6974,6975.5
1771359900,6975.25,6978.5,6974,6976
1771360200,6975.75,6976.5,6968,6970.5
1771360500,6970.25,6972.5,6967,6968.5
1771360800,6968.5,6980,6968,6976.75
1771361100,6976.75,6977.75,6972.5,6974.5
1771361400,6974.5,6979.25,6968,6971.25
1771361700,6971.25,6976.75,6966.25,6975.25
1771362000,6975,6978,6970.5,6973
1771362300,6973,6974.75,6971.5,6972.75
1771362600,6972.5,6975,6971.5,6974.5
1771362900,6974.5,6982.5,6974.25,6979.25
1771363200,6979.5,6981,6977.5,6978.25
1771363500,6978,6979.75,6977,6977.75
1771363800,6977.75,6977.75,6972.75,6973.75
1771364100,6973.5,6975.25,6972,6974.5
1771364400,6974.25,6976,6973,6974.75
1771364700,6975,6976.25,6973.75,6975.5
1771365000,6975.5,6975.75,6973.25,6973.25
1771365300,6973.5,6976.5,6973,6975
1771369200,6975.5,6977.5,6969.5,6972
1771369500,6971.5,6974,6967.25,6968.5
1771369800,6968.25,6969.75,6966.5,6968.5
1771370100,6968.75,6972.75,6966.25,6971.75
1771370400,6971.5,6973,6970.5,6971.25
1771370700,6971.5,6972.25,6969.25,6970
1771371000,6970.25,6971.75,6966.25,6966.75
1771371300,6966.75,6967.5,6964.75,6965.75
1771371600,6965.75,6968,6965.75,6966.5
1771371900,6966.25,6966.25,6961.5,6963
1771372200,6963,6965.5,6962.75,6964.25
1771372500,6964,6966.25,6962.25,6963
1771372800,6963,6967.25,6962.5,6966
1771373100,6966.25,6968,6964.75,6967.5
1771373400,6967.75,6971.25,6967,6970.5
1771373700,6970.25,6972.25,6968,6969.25
1771374000,6969.5,6970.5,6966.25,6966.5
1771374300,6966.5,6967.75,6963.75,6967.75
1771374600,6968,6969.75,6966.5,6969
1771374900,6969.25,6970.25,6968.5,6970
1771375200,6970,6970.75,6967,6967
1771375500,6967.25,6967.5,6964,6965.5
1771375800,6965.25,6965.25,6963,6964
1771376100,6964,6965.5,6963,6965.25
1771376400,6965,6966,6963.25,6963.5
1771376700,6963.75,6965.75,6962.25,6963.25
1771377000,6963.25,6964.75,6962.25,6964.25
1771377300,6964,6966.5,6964,6966.25
1771377600,6966.5,6968.75,6965.5,6965.5
1771377900,6965.75,6966.25,6963,6964.25
1771378200,6964.25,6965.75,6962.75,6964.25
1771378500,6964.25,6966,6963,6965.75
1771378800,6966,6967.25,6965.5,6966.75
1771379100,6967,6967.25,6965,6966
1771379400,6966,6967,6964.75,6965.5
1771379700,6965.25,6970,6965,6969.75
1771380000,6969.75,6971.75,6969.5,6970.75
1771380300,6970.5,6972.75,6969.75,6972.5
1771380600,6972.5,6973.75,6970.75,6972.5
1771380900,6972.5,6972.75,6970.25,6970.25
1771381200,6970,6970.25,6968.5,6968.5
1771381500,6968.5,6970.25,6967.75,6969.75
1771381800,6969.75,6972.75,6969.75,6971.75
1771382100,6971.75,6973.75,6971.75,6973
1771382400,6973.25,6974,6972.75,6973.25
1771382700,6973.5,6974.5,6973.25,6973.5
1771383000,6973.5,6973.5,6972,6972.75
1771383300,6972.5,6972.75,6971.25,6971.75
1771383600,6971.75,6973.75,6971.5,6973.75
1771383900,6974,6974.5,6971.5,6971.75
1771384200,6971.5,6971.5,6969.25,6969.75
1771384500,6969.75,6970,6967.5,6969
1771384800,6969,6969.5,6967.75,6969.25
1771385100,6969.25,6970.5,6968.5,6970
1771385400,6970,6973.25,6970,6973.25
1771385700,6973.5,6974.75,6972.75,6973.25
1771386000,6973.25,6974.25,6973.25,6974
1771386300,6973.75,6976.25,6973.5,6976
1771386600,6976,6978.25,6976,6978
1771386900,6977.75,6980.25,6977.25,6979
1771387200,6979,6979.75,6977.5,6978.75
1771387500,6978.5,6982.25,6978.25,6982
1771387800,6981.75,6982.25,6979.75,6980.25
1771388100,6980.5,6981,6979,6981
1771388400,6981,6982.25,6980.5,6981.25
1771388700,6981.25,6983.25,6981.25,6982.5
1771389000,6982.5,6985.75,6982,6985.25
1771389300,6985.25,6986.5,6984.5,6986.25
1771389600,6986.25,6987.75,6985.5,6987.5
1771389900,6987.5,6987.75,6985.25,6987
1771390200,6987,6987.5,6986,6986
1771390500,6986,6987.5,6986,6987.25
1771390800,6987.25,6987.75,6986.25,6987.25
1771391100,6987,6987,6985,6986.75
1771391400,6987,6987.5,6986,6987.5
1771391700,6987.5,6988.5,6986.5,6988
1771392000,6987.75,6988.25,6987.25,6988
1771392300,6988,6988,6986.75,6987
1771392600,6987,6988,6986.5,6987.25
1771392900,6987.5,6989.75,6987.25,6989.5
1771393200,6989.5,6990,6986.75,6987
1771393500,6987,6987.75,6986.5,6987
1771393800,6987,6987.25,6986,6986
1771394100,6986,6986.75,6985.25,6986.25
1771394400,6986.25,6986.75,6985.25,6986
1771394700,6986,6986.75,6985.25,6985.25
1771395000,6985.25,6986,6983.25,6984.75
1771395300,6984.5,6987,6984,6985.25
1771395600,6985,6987.25,6985,6985.75
1771395900,6985.75,6988,6985,6986.75
1771396200,6986.75,6987.75,6984,6985.5
1771396500,6985.5,6989.5,6985.25,6988
1771396800,6988,6989,6987.25,6989
1771397100,6989,6989.5,6987.75,6989
1771397400,6988.75,6991.25,6988.75,6990
1771397700,6990.25,6990.5,6986.75,6986.75
1771398000,6986.5,6988.25,6986,6987
1771398300,6987.25,6987.75,6984.25,6985.5
1771398600,6985.25,6986,6983.25,6984.75
1771398900,6984.75,6985.5,6984,6985
1771399200,6985,6985.5,6983,6983
1771399500,6983,6987.25,6983,6987.25
1771399800,6987,6988.25,6986.25,6988.25
1771400100,6988.25,6990,6987.75,6989.5
1771400400,6989.25,6991,6988.25,6990.75
1771400700,6990.75,6991.5,6989.25,6989.25
1771401000,6989,6991,6988.75,6989.75
1771401300,6990,6990.5,6989.5,6990
1771401600,6990,6996.75,6990,6996.5
1771401900,6996.75,6998,6994.75,6998
1771402200,6998,6999.5,6994.5,6996.5
1771402500,6996.75,7006.25,6996.5,7003.25
1771402800,7003.25,7005.25,7000.75,7004.5
1771403100,7004.25,7005.25,7000.25,7002
1771403400,7002.25,7004.5,7001.75,7004
1771403700,7004,7007.5,7003.5,7005.5
1771404000,7005.75,7008.5,7004.75,7005
1771404300,7005.25,7007.5,7003.25,7004
1771404600,7004,7004.5,7002.75,7004
1771404900,7004,7007.75,7004,7007
1771405200,7007,7010,7007,7008.5
1771405500,7008.25,7009.75,7007,7009.5
1771405800,7009.5,7011.5,7008.5,7010
1771406100,7010,7011.5,7007.5,7008.25
1771406400,7008.25,7010,7006.5,7009.75
1771406700,7009.75,7012.25,7008.75,7011
1771407000,7011,7014.5,7010.5,7013.75
1771407300,7013.5,7015.75,7013,7015.25
1771407600,7015.25,7016.75,7014.75,7015.75
1771407900,7015.75,7016,7012.25,7012.5
1771408200,7012.5,7014,7011.5,7012.25
1771408500,7012.25,7012.5,7008.5,7008.75
1771408800,7008.75,7013,7008,7013
1771409100,7013,7013.25,7010.25,7011
1771409400,7011.25,7014.25,7010.75,7012.75
1771409700,7013,7014.75,7011.75,7012.25
1771410000,7012.25,7013.75,7012,7012.75
1771410300,7013,7015.5,7012.5,7014.75
1771410600,7014.75,7015,7012.5,7013.75
1771410900,7013.5,7015.5,7012.25,7013.25
1771411200,7013.25,7013.25,7010,7012
1771411500,7012,7013,7010.75,7012
1771411800,7012,7012,7009.25,7011.25
1771412100,7011.25,7011.5,7008.5,7011
1771412400,7011,7012,7009,7009.5
1771412700,7009.75,7010.25,7007.25,7007.5
1771413000,7007.5,7007.75,7005.25,7006.5
1771413300,7006.5,7007.5,7005.75,7006.5
1771413600,7006.75,7010.5,7006.75,7009.25
1771413900,7009.25,7009.75,7005.75,7006.25
1771414200,7006.25,7007.5,7002.75,7003
1771414500,7003,7003.75,7001.75,7003
1771414800,7002.75,7003.5,7001.25,7002.75
1771415100,7002.75,7004,7002.5,7003.75
1771415400,7003.5,7004.25,7001.25,7002.5
1771415700,7002.5,7002.75,7001.25,7002.25
1771416000,7002.25,7008.75,7001.75,7007.75
1771416300,7007.75,7011.75,7004.75,7007
1771416600,7006.75,7011.75,7006.5,7011.25
1771416900,7011.25,7012.25,7008.75,7009.25
1771417200,7009.25,7009.5,7004.75,7005.5
1771417500,7005.5,7005.75,6999.25,6999.5
1771417800,6999.75,6999.75,6987.5,6988.25
1771418100,6988.25,6994,6988,6993.75
1771418400,6993.75,6997.5,6992,6996.75
1771418700,6996.5,6998,6993.25,6996
1771419000,6996,6998.25,6995.5,6996
1771419300,6995.75,6999.25,6994.75,6998.5
1771419600,6998.5,7000.25,6996,6996
1771419900,6996,7000,6995.25,6998.75
1771420200,6999,7001.5,6999,6999.5
1771420500,6999.5,7001,6996.75,6997.25
1771420800,6997.5,6999.25,6995.75,6998
1771421100,6998,7002,6997.75,7001.5
1771421400,7001.75,7006.75,6999,7000
1771421700,7000,7002.25,6997.5,6997.5
1771422000,6997.75,6998,6990.5,6992.75
1771422300,6993,6993.75,6987,6987
1771422600,6987,6989.25,6985,6985.25
1771422900,6985.5,6987.5,6983.75,6986.5
1771423200,6986.5,6988.5,6982.75,6988.25
1771423500,6988.25,6990,6987.75,6989.25
1771423800,6989,6989.75,6986.25,6988
1771424100,6988,6992,6986.5,6989.25
1771424400,6989,6990.25,6988.75,6989
1771424700,6989.25,6990,6985.5,6986.5
1771425000,6986.5,6990,6974.25,6981.25
1771425300,6981.25,6992.75,6978.5,6988.5
1771425600,6988.75,7001.5,6985.25,6996.25
1771425900,6996.5,6999.25,6981.75,6983.75
1771426200,6983.75,7000.5,6982.25,6999
1771426500,6999,7010.5,6998,7008.25
1771426800,7008.25,7023,7007.5,7023
1771427100,7022.75,7028.25,7018.5,7020.75
1771427400,7020.5,7025.75,7016.75,7025
1771427700,7025,7031.75,7023.25,7026
1771428000,7026,7028.5,7023,7023.25
1771428300,7023.25,7027.75,7021.75,7025.5
1771428600,7025.5,7026.25,7020,7020.5
1771428900,7020.5,7028.25,7019.75,7027.75
1771429200,7027.75,7032.25,7026.5,7029.75
1771429500,7030,7033.5,7027.25,7030.25
1771429800,7030.5,7032.25,7026.75,7031.5
1771430100,7031.5,7034.25,7030.5,7032.25
1771430400,7032,7032.75,7029.25,7032.25
1771430700,7032.5,7036.5,7029.75,7030.25
1771431000,7030.5,7033,7029.5,7031
1771431300,7031.25,7033.75,7028.25,7028.75
1771431600,7028.75,7030.75,7027,7030.25
1771431900,7030,7031.25,7027.25,7029.25
1771432200,7029,7034.5,7028.25,7031.75
1771432500,7031.5,7032.5,7029.75,7032
1771432800,7032,7033.25,7029.5,7030
1771433100,7030,7031.75,7027.25,7027.25
1771433400,7027.5,7029.25,7022.5,7024
1771433700,7024.25,7026.25,7021.5,7021.75
1771434000,7022,7028.5,7020.25,7028.25
1771434300,7028.25,7035.75,7027.75,7031.75
1771434600,7031.75,7033,7026.75,7029
1771434900,7029,7033.25,7027.75,7032.75
1771435200,7032.75,7033.5,7031.25,7031.25
1771435500,7031.25,7031.25,7028.25,7029
1771435800,7029,7031,7025.75,7026.25
1771436100,7026.5,7029.75,7026,7028.75
1771436400,7028.75,7028.75,7025.5,7027
1771436700,7027.25,7030.5,7026,7028.5
1771437000,7028.5,7033.75,7028.25,7033.5
1771437300,7033.5,7035,7030.25,7032
1771437600,7031.75,7038.5,7031.5,7034.25
1771437900,7034.25,7035,7031,7032.25
1771438200,7032.25,7033.25,7030.75,7031.75
1771438500,7031.75,7034.75,7031.25,7031.5
1771438800,7031.75,7032.25,7027.5,7027.75
1771439100,7027.75,7029,7021.25,7024.5
1771439400,7024.75,7026.25,7021,7024
1771439700,7024,7026.75,7022.75,7023
1771440000,7022.75,7023.5,7012.75,7017
1771440300,7017,7022.5,7015.75,7018.25
1771440600,7018.25,7018.5,7007,7015.5
1771440900,7015.25,7017.75,7013,7016.25
1771441200,7016,7020.25,7011.75,7019.75
1771441500,7019.75,7020.25,7012.75,7013.25
1771441800,7013.25,7017.25,7010.25,7010.5
1771442100,7010.75,7011.5,7007,7008.5
1771442400,7008.25,7015.25,7008,7013
1771442700,7013.25,7015.25,7008.75,7010.5
1771443000,7010.75,7012.75,7003.25,7005
1771443300,7005,7005.5,6994.75,6998.5
1771443600,6998.25,7003.25,6996.25,6997.75
1771443900,6998,7004.5,6996.75,6999.25
1771444200,6999.25,7000,6993.75,6994.75
1771444500,6994.75,6995.75,6986.5,6992
1771444800,6992.25,6999.75,6991.25,6996
1771445100,6996,6996.75,6990.5,6991.5
1771445400,6991.75,6993.25,6987.25,6990.25
1771445700,6990,6992.75,6985.25,6989.25
1771446000,6989.5,6990,6985.5,6989.5
1771446300,6989.5,6990.5,6986.5,6988
1771446600,6988,6998,6987.25,6997
1771446900,6997,7002.25,6995.75,7001.5
1771447200,7001.5,7005,6999.25,7002.5
1771447500,7003,7011.5,7001,7010.25
1771447800,7010.25,7018.5,7009,7016.5
1771448100,7016.75,7017.5,7005,7008.25
1771448400,7008.25,7009.75,7005.25,7006.75
1771448700,7006.5,7007,7003.75,7004.25
1771449000,7004.25,7006.5,7003.75,7006
1771449300,7006,7006.25,7003.25,7003.5
1771449600,7003.5,7004.25,7002.5,7003.75
1771449900,7003.5,7004.5,7002.25,7004.5
1771450200,7004.25,7004.75,7003.75,7004.5
1771450500,7004.75,7006,7004.5,7005.75
1771450800,7005.75,7006,7005,7005
1771451100,7005.25,7006.25,7004.5,7004.5
1771451400,7004.25,7004.5,7002.25,7002.5
1771451700,7002.5,7005.75,7002.5,7004.75
1771455600,7004.5,7011.25,7003.25,7010
1771455900,7010.25,7012.75,7010,7012.75
1771456200,7012.5,7015,7012.5,7014.5
1771456500,7014.25,7014.5,7009.75,7010
1771456800,7010,7010.75,7009.5,7009.75
1771457100,7009.75,7011.75,7009,7011.5
1771457400,7011.5,7012.75,7010.5,7010.5
1771457700,7010.5,7011.25,7009.25,7010.25
1771458000,7010,7010.25,7009.25,7009.75
1771458300,7009.5,7012,7008.5,7009.25
1771458600,7009.25,7010,7007.75,7009.25
1771458900,7009.5,7009.75,7006.75,7007.5
1771459200,7007.5,7009,7005.25,7007.25
1771459500,7007,7007.75,7005.75,7006
1771459800,7006,7007,7003.25,7005.5
1771460100,7005.5,7006.75,7004.25,7004.75
1771460400,7004.5,7005.75,7001,7002
1771460700,7002,7003,6999.5,7001.25
1771461000,7001.5,7006.25,7000.25,7005.25
1771461300,7005.5,7005.75,7003.75,7004.25
1771461600,7004,7005.25,7002.5,7002.5
1771461900,7002.25,7004.75,7001.75,7003
1771462200,7003.25,7004.5,7002.25,7003.75
1771462500,7003.5,7005,7003.25,7004.5
1771462800,7004.25,7011.25,7003.25,7010.25
1771463100,7010.25,7012,7010.25,7011.75
1771463400,7011.75,7014.5,7011.5,7013.75
1771463700,7013.5,7014.25,7012,7012
1771464000,7012,7012.25,7008.75,7008.75
1771464300,7008.75,7010,7007.5,7008.25
1771464600,7008.25,7010,7008,7010
1771464900,7010,7010,7003,7004
1771465200,7004,7007,7004,7006
1771465500,7005.75,7006.25,7004.25,7005.5
1771465800,7005.25,7007,7003.25,7007
1771466100,7007.25,7009.75,7006.75,7009.75
1771466400,7009.5,7010.25,7006.25,7007.25
1771466700,7007.25,7009,7006,7008.75
1771467000,7008.75,7011.25,7008.5,7009.5
1771467300,7009.75,7010.75,7008.75,7010.25
1771467600,7010.25,7011.25,7010,7010.25
1771467900,7010.25,7012.25,7009.25,7012
1771468200,7012,7012.75,7011,7011.5
1771468500,7011.5,7011.5,7009.25,7010.25
1771468800,7010.5,7011.75,7010,7011
1771469100,7011,7012.5,7011,7011.5
1771469400,7011.5,7011.5,7009,7009.25
1771469700,7009,7010.5,7009,7010.5
1771470000,7010.5,7012,7009.5,7011.75
1771470300,7011.75,7012.75,7010.75,7011
1771470600,7011,7012.25,7011,7011.25
1771470900,7011.25,7012.5,7010.25,7011
1771471200,7011.25,7012.25,7010.5,7011.75
1771471500,7012,7013.25,7011.75,7013
1771471800,7013,7014,7011.5,7012.25
1771472100,7012,7012,7009.75,7009.75
1771472400,7009.5,7010,7008.25,7009.75
1771472700,7009.75,7009.75,7007.75,7008.25
1771473000,7008,7008.75,7007.25,7008.5
1771473300,7008.5,7011.75,7008.5,7010.75
1771473600,7010.75,7012.5,7010.5,7011.5
1771473900,7011.75,7012,7010.5,7011
1771474200,7011.25,7012,7010.75,7011.75
1771474500,7011.5,7012.5,7011,7012.25
1771474800,7012.25,7013.25,7010,7010
1771475100,7010,7010.5,7009,7009.25
1771475400,7009.25,7010.25,7009,7009.75
1771475700,7009.75,7011.25,7009.25,7010.75
1771476000,7010.5,7010.75,7008.75,7009.5
1771476300,7009.5,7010,7007.25,7008
1771476600,7008,7008.25,7005.75,7007.25
1771476900,7007.5,7007.75,7006,7006.25
1771477200,7006.25,7007.5,7005.75,7006.5
1771477500,7006.5,7006.75,7002.75,7004.25
1771477800,7004,7006.5,7003.75,7006
1771478100,7006.25,7009,7006,7008.25
1771478400,7008,7008.5,7006.25,7007.5
1771478700,7007.75,7010.75,7006.5,7010
1771479000,7010,7012.25,7010,7012
1771479300,7012,7012.75,7011,7011.75
1771479600,7011.75,7012.5,7011.5,7011.75
1771479900,7011.75,7016.5,7011.75,7014
1771480200,7014,7015.5,7014,7014.75
1771480500,7014.75,7015.25,7014,7014.75
1771480800,7014.75,7015.5,7014.5,7015.25
1771481100,7015.25,7016.5,7012.75,7013.75
1771481400,7014,7015.25,7013.25,7014
1771481700,7014.25,7015,7013,7014.25
1771482000,7014.25,7014.75,7013.75,7013.75
1771482300,7014,7015.25,7014,7015
1771482600,7015,7019,7015,7016.75
1771482900,7017,7017.75,7015.25,7015.75
1771483200,7016,7017.5,7016,7016.25
1771483500,7016.25,7016.5,7015.25,7016.5
1771483800,7016.5,7018,7015.75,7017.5
1771484100,7017.5,7019.25,7016.75,7019
1771484400,7019,7021.5,7017.5,7018.25
1771484700,7018,7018.5,7016.5,7018.5
1771485000,7018.25,7020.75,7018.25,7020.5
1771485300,7020.5,7021,7019,7020
1771485600,7019.75,7022.25,7019.5,7022.25
1771485900,7022,7023.25,7022,7022.25
1771486200,7022.5,7023.25,7021.5,7023
1771486500,7023,7024.25,7022.5,7023
1771486800,7023,7023,7020,7021.25
1771487100,7021.25,7022.5,7021,7021.5
1771487400,7021.5,7022.5,7019.75,7020.5
1771487700,7020.25,7020.75,7017.75,7018.25
1771488000,7018.25,7019,7016.25,7017.75
1771488300,7017.75,7021.25,7016.75,7021.25
1771488600,7021.25,7022.75,7017.75,7020.5
1771488900,7020.5,7023.5,7020.5,7023
1771489200,7023,7025.25,7022.5,7023
1771489500,7022.75,7024.5,7021.5,7022.75
1771489800,7022.75,7024.75,7019,7019.75
1771490100,7019.5,7020.5,7017.25,7018.5
1771490400,7018.25,7018.75,7015,7016
1771490700,7015.75,7016,7010.25,7011.5
1771491000,7011.25,7011.5,7002.75,7007.75
1771491300,7007.75,7008,7002.25,7004.5
1771491600,7004.5,7008.25,7002,7002.25
1771491900,7002.5,7006,7001.25,7006
1771492200,7006.25,7007.25,7004.25,7006.25
1771492500,7006,7006,7001,7002.5
1771492800,7002.5,7007.25,7002.5,7006.5
1771493100,7006.25,7006.25,6999.25,7000.5
1771493400,7000.5,7003.75,6999,7002.25
1771493700,7002.25,7002.5,6994.5,6995.75
1771494000,6995.75,6996.75,6993.25,6994
1771494300,6994,6994.25,6985,6985.75
1771494600,6986.25,6993.5,6986.25,6993.25
1771494900,6993.25,6995.25,6992.25,6994
1771495200,6994,6995,6986.25,6987.5
1771495500,6987.5,6990.5,6985.5,6987
1771495800,6987,6987,6980,6980.75
1771496100,6980.5,6987.5,6980.25,6987
1771496400,6987,6987,6980.75,6983.5
1771496700,6983.5,6986,6981.5,6981.75
1771497000,6981.75,6985.25,6979.25,6985.25
1771497300,6985.25,6986,6979,6983.25
1771497600,6983.25,6988.25,6983.25,6987
1771497900,6987,6989.25,6985.25,6986
1771498200,6986,6986.5,6982.5,6984.5
1771498500,6984.5,6985.75,6983,6985.75
1771498800,6985.75,6986.25,6981.75,6984.5
1771499100,6984.5,6988,6983.75,6988
1771499400,6987.75,6990.75,6987.75,6989.25
1771499700,6989.25,6989.75,6986.25,6987.5
1771500000,6987.5,6989.75,6987.25,6989.75
1771500300,6990,6991.5,6989.25,6989.75
1771500600,6989.75,6992.5,6989.75,6991.25
1771500900,6991,6991,6987.5,6988.5
1771501200,6988.5,6991,6988.5,6989.25
1771501500,6989,6991,6988.25,6989.75
1771501800,6989.75,6990.25,6984,6989.5
1771502100,6989.5,6992.25,6987.5,6991.5
1771502400,6991.25,6992.5,6980.75,6985.25
1771502700,6985.5,6989.5,6985.25,6989.5
1771503000,6989.5,6991.5,6988.75,6990.75
1771503300,6990.75,6992.25,6989.25,6990.75
1771503600,6991,6994,6990.25,6993.75
1771503900,6993.5,6999,6993.5,6995.5
1771504200,6995.5,6995.75,6992.75,6994.25
1771504500,6994.25,6995.75,6991.5,6995.5
1771504800,6995.5,6998.5,6995,6997.25
1771505100,6997.25,6998.25,6995,6997.25
1771505400,6997.25,6997.5,6993,6993.5
1771505700,6993.5,6993.75,6992,6992.5
1771506000,6992.5,6994.25,6989.5,6990.75
1771506300,6990.5,6991.25,6987.5,6988.25
1771506600,6988.5,6989.5,6987,6988
1771506900,6988.25,6989.25,6985,6986.75
1771507200,6986.75,6987.75,6981.5,6981.5
1771507500,6981.5,6984,6980.5,6983.5
1771507800,6983.5,6986,6974.75,6984.75
1771508100,6984.75,6993,6984.25,6988.25
1771508400,6988.25,6989.75,6984,6984
1771508700,6984,6986.5,6981.5,6985.75
1771509000,6985.5,6989.75,6985,6988.25
1771509300,6988.25,6989,6983.75,6984.75
1771509600,6984.5,6987,6981,6981.75
1771509900,6981.75,6983,6979.25,6979.75
1771510200,6979.75,6982.75,6978.25,6982.25
1771510500,6982.25,6986.75,6980.75,6986.25
1771510800,6986,6987.25,6984.75,6986.5
1771511100,6986.25,6987.75,6980.75,6983.5
1771511400,6983.5,6990.25,6980.25,6984.5
1771511700,6984.5,6985.25,6969.75,6981.5
1771512000,6981.5,6992.75,6974.75,6991
1771512300,6991.25,6992.25,6977.5,6986
1771512600,6985.75,6998,6985.25,6993.75
1771512900,6993.75,7003.5,6992.5,6995.25
1771513200,6995.5,7007.25,6988.75,7000.5
1771513500,7000.5,7001.5,6988,6989.5
1771513800,6989.5,6994,6985,6987
1771514100,6986.75,6998.25,6986.5,6993.25
1771514400,6993.5,6998.75,6987,6998.25
1771514700,6998.25,6998.25,6983.5,6984.25
1771515000,6984.25,7003,6982.5,7002.5
1771515300,7002.5,7004,6997.5,7000.25
1771515600,7000,7004.25,6998.25,7000.5
1771515900,7000.75,7003.75,6997,7000.25
1771516200,7000.5,7000.5,6987.75,6989
1771516500,6988.75,7000.5,6988.75,6998.75
1771516800,6998.75,7001.5,6991,6991.75
1771517100,6991.75,6993.5,6984.25,6992.5
1771517400,6992.5,6995.25,6988,6994.5
1771517700,6994.5,7003.25,6993.5,7001.5
1771518000,7001.25,7003.75,6998.5,7000.75
1771518300,7000.75,7002,6986.25,6986.75
1771518600,6986.75,6998.25,6986.5,6997.5
1771518900,6997.25,6997.75,6989.25,6991.5
1771519200,6991.5,6992.5,6980.75,6981.75
1771519500,6981.5,6985.75,6975.25,6977.5
1771519800,6977.5,6986.5,6972.25,6985.75
1771520100,6985.75,6986.25,6979.25,6980.5
1771520400,6980.5,6982.5,6973.25,6975
1771520700,6975,6980.5,6972,6975.25
1771521000,6975.25,6981.75,6974.5,6980.75
1771521300,6980.5,6987.75,6977.5,6986.25
1771521600,6986.25,6993.25,6984.25,6990.25
1771521900,6990,6990.75,6982.25,6984.75
1771522200,6984.5,6986.5,6982.5,6983.75
1771522500,6983.75,6986.5,6979.75,6983
1771522800,6983,6987.75,6982.25,6983
1771523100,6982.75,6983.5,6968.75,6972
1771523400,6972,6977.75,6967.5,6971.75
1771523700,6971.75,6976.25,6966.25,6969.25
1771524000,6969.25,6970.75,6965.5,6965.5
1771524300,6965.5,6972,6965.5,6971.25
1771524600,6971,6979.25,6968.75,6977.75
1771524900,6977.5,6978,6965,6965.5
1771525200,6965.5,6969.5,6960.5,6968.5
1771525500,6968.5,6972.5,6964.75,6968.75
1771525800,6968.75,6972.75,6965,6966.5
1771526100,6966.75,6970.75,6965,6969.75
1771526400,6969.75,6973,6967,6971.75
1771526700,6971.75,6979.5,6971.75,6978.5
1771527000,6978.5,6980.5,6974.5,6977.75
1771527300,6977.75,6983.75,6976,6982.5
1771527600,6982.5,6983.5,6978.75,6980.75
1771527900,6980.75,6985.5,6979.75,6984.75
1771528200,6985,6985.25,6979.5,6982
1771528500,6982,6985,6981,6984.5
1771528800,6984.75,6985.75,6981.5,6984.5
1771529100,6984.5,6985.25,6975.25,6977.75
1771529400,6977.75,6980.75,6976.5,6978.5
1771529700,6978.75,6979.25,6965,6965.25
1771530000,6965.25,6970.75,6963.75,6969.5
1771530300,6969.5,6971.75,6966,6969.5
1771530600,6969.5,6974,6967.5,6969.5
1771530900,6969.75,6973,6969.25,6970.5
1771531200,6970.25,6980.25,6970.25,6978.25
1771531500,6978,6978.25,6974.5,6975.5
1771531800,6975.75,6978.25,6973.5,6977
1771532100,6977,6977.75,6971.75,6977.75
1771532400,6977.75,6979,6973.5,6974.75
1771532700,6974.5,6975.5,6973,6974.25
1771533000,6974,6981.25,6973.25,6978.5
1771533300,6978.5,6980,6975.75,6977.5
1771533600,6977.25,6979.5,6974.25,6978.75
1771533900,6978.75,6985.25,6977.75,6983.75
1771534200,6983.75,6986,6980.5,6984.75
1771534500,6984.75,6991.5,6982.5,6991
1771534800,6990.75,6993.25,6988.5,6992.25
1771535100,6992.25,6993.5,6991.25,6991.75
1771535400,6992,6992.25,6990.25,6991
1771535700,6990.75,6992.25,6990.5,6991.25
1771536000,6991,6996.25,6986.75,6990.75
1771536300,6991,6993.25,6990.5,6991.5
1771536600,6991.5,6991.5,6988,6988.5
1771536900,6988.75,6989.25,6988.25,6988.5
1771537200,6988.5,6989,6985.25,6985.25
1771537500,6985.5,6986,6984.5,6985.5
1771537800,6985.5,6986.25,6984.75,6985.25
1771538100,6985.5,6986.25,6984,6985
1771542000,6987,6988.75,6984,6987.5
1771542300,6987.5,6990,6987.5,6988.5
1771542600,6988.5,6988.75,6984.75,6987.25
1771542900,6987.5,6990.25,6987.5,6989.25
1771543200,6989.25,6989.75,6989,6989.75
1771543500,6989.5,6991.75,6989.5,6990.25
1771543800,6990.25,6993.75,6990.25,6993.25
1771544100,6993.25,6995.25,6992.5,6993
1771544400,6993.25,6993.5,6992.5,6992.75
1771544700,6992.5,6994.5,6992.25,6993.75
1771545000,6993.5,6994,6990.5,6991.5
1771545300,6991.75,6993.25,6991.5,6992.75
1771545600,6993,6994.25,6988.75,6993
1771545900,6993.25,6994.5,6992,6992.75
1771546200,6992.5,6996.25,6992.5,6995.5
1771546500,6995.5,6996.25,6991.75,6992.25
1771546800,6992,6992.25,6989,6990.75
1771547100,6991,6996.5,6990.75,6995.25
1771547400,6995.5,6999.75,6995.5,6999
1771547700,6999,6999,6996.25,6998
1771548000,6997.75,6998.75,6997.25,6998.5
1771548300,6998.5,7000.25,6998.5,6999
1771548600,6999.25,6999.75,6998.75,6999.5
1771548900,6999.75,7000.25,6998.5,6999.25
1771549200,6999.5,7001,6998.75,7000
1771549500,7000,7002.25,6999.75,7001
1771549800,7000.75,7005.5,7000.5,7005.25
1771550100,7005,7005.25,7001.25,7002.5
1771550400,7002.5,7004.25,7002.25,7003.5
1771550700,7003.5,7003.75,7001.75,7003.5
1771551000,7003.5,7003.75,7002,7002.75
1771551300,7003,7003.25,7001.75,7002.25
1771551600,7002,7002.25,6999.5,7000.5
1771551900,7000.25,7000.75,6999,6999.25
1771552200,6999.25,7002,6998.75,7001.25
1771552500,7001,7003,7000.75,7001.25
1771552800,7001.25,7005.75,7001,7005.5
1771553100,7005.75,7006.25,7003.5,7003.75
1771553400,7003.75,7003.75,6999,6999.5
1771553700,6999.5,7000,6997.75,6999.25
1771554000,6999,6999.75,6997.5,6999.25
1771554300,6999.25,6999.25,6997.25,6998
1771554600,6998,7000.5,6997.75,6999.75
1771554900,6999.75,7001.75,6999.25,7000.75
1771555200,7001,7001.25,6998.5,6998.5
1771555500,6998.75,6999.25,6996.5,6998.75
1771555800,6998.75,7000.25,6998.25,6999.75
1771556100,6999.75,7001.25,6999.75,7000.75
1771556400,7000.5,7002.5,7000.25,7001.75
1771556700,7001.75,7001.75,7000,7001.25
1771557000,7001.25,7002.25,7001.25,7001.75
1771557300,7002,7002.25,7001.25,7002.25
1771557600,7002,7002.75,7001.75,7002.5
1771557900,7002.75,7002.75,7001.25,7001.75
1771558200,7001.5,7002.25,7001,7001.75
1771558500,7001.75,7002,7000.5,7000.75
1771558800,7000.75,7000.75,6999,6999.5
1771559100,6999.5,7001.25,6999.25,7001.25
1771559400,7001,7001.5,7000.25,7000.25
1771559700,7000.5,7000.5,6999,6999.25
1771560000,6999.25,7000.25,6998.25,6999.75
1771560300,6999.75,7003.25,6999.75,7002.5
1771560600,7002.5,7003.5,7001.75,7003.25
1771560900,7003.5,7004,7001,7001.25
1771561200,7001,7001.5,7000.5,7001.5
1771561500,7001.25,7002.25,7001.25,7002
1771561800,7002.25,7002.25,7001.5,7001.75
1771562100,7001.75,7001.75,7000.5,7000.75
1771562400,7000.5,7001.75,7000.5,7001.75
1771562700,7002,7002.5,7001.25,7001.5
1771563000,7001.5,7002,7001,7001.5
1771563300,7001.5,7002,7001,7002
1771563600,7001.75,7005,7001.75,7004.25
1771563900,7004.5,7005,7003.25,7004.5
1771564200,7004.5,7004.75,7003.25,7003.25
1771564500,7003.5,7003.75,7003.25,7003.75
1771564800,7003.75,7007.25,7003.75,7006.5
1771565100,7006.75,7007.5,7006.75,7007.5
1771565400,7007.5,7010.25,7007.25,7010
1771565700,7010.25,7011,7008,7008
1771566000,7008,7008.75,7006.75,7008.5
1771566300,7008.5,7009.25,7007.75,7009
1771566600,7009,7010,7009,7009.5
1771566900,7009.5,7010.75,7009,7010.25
1771567200,7010.25,7011,7009.25,7010.25
1771567500,7010.25,7011.25,7009.75,7011
1771567800,7011.25,7012.25,7010.5,7012.25
1771568100,7012,7012.75,7011.5,7012.25
1771568400,7012.25,7012.25,7010.75,7011.25
1771568700,7011.25,7011.75,7010.75,7011
1771569000,7010.75,7010.75,7008,7008.25
1771569300,7008.25,7010.25,7007.5,7009
1771569600,7009,7009.25,7008.5,7009.25
1771569900,7009,7009.5,7008.5,7008.5
1771570200,7008.25,7009.75,7007.75,7009.5
1771570500,7009.5,7010,7009,7009.75
1771570800,7009.5,7010.75,7008.75,7009.5
1771571100,7009.5,7011.75,7009.25,7010.75
1771571400,7011,7011.25,7009.5,7010.75
1771571700,7010.75,7011,7009.75,7009.75
1771572000,7009.75,7010.75,7008.5,7010.75
1771572300,7010.5,7011,7008.5,7008.75
1771572600,7008.5,7010.25,7007.5,7010
1771572900,7010,7010,7007.5,7007.75
1771573200,7007.75,7009,7005.75,7008.75
1771573500,7008.75,7009,7005.5,7005.75
1771573800,7005.5,7006.75,7003.5,7003.5
1771574100,7003.5,7006,7003,7005.75
1771574400,7005.75,7008.5,7005,7006.75
1771574700,7006.75,7008.25,7002.25,7002.25
1771575000,7002.5,7004.75,7002.5,7003.5
1771575300,7003.75,7005.25,7003,7005
1771575600,7005,7005.25,7000,7002.75
1771575900,7002.75,7007,7002.75,7006.5
1771576200,7006.75,7007.25,7001,7001
1771576500,7001,7004.5,7000,7004.25
1771576800,7004.25,7005.5,7003.25,7005.25
1771577100,7005.25,7007.5,7004.5,7007.5
1771577400,7007.5,7009.5,7007.25,7009.25
1771577700,7009,7009.5,7008,7008.5
1771578000,7008.25,7010.5,7008,7009.75
1771578300,7009.75,7013,7009,7011.25
1771578600,7011.25,7012.5,7009.5,7012.5
1771578900,7012.5,7017.5,7012.25,7016
1771579200,7016,7016.5,7014.75,7016
1771579500,7016,7016.25,7013.5,7014.75
1771579800,7014.5,7015,7011.75,7013.5
1771580100,7013.5,7013.75,7009.75,7009.75
1771580400,7010,7010.75,7009,7010.25
1771580700,7010.5,7011,7006.5,7006.75
1771581000,7007,7008,7005.5,7006.75
1771581300,7006.5,7006.75,7004.25,7005.25
1771581600,7005.5,7006,7002.75,7004.25
1771581900,7004.25,7007,7003.5,7006.25
1771582200,7006.25,7007,7005,7006
1771582500,7006.25,7007,7005.25,7006.25
1771582800,7006.25,7006.25,7001.75,7002.75
1771583100,7003,7004,7002,7002.75
1771583400,7003,7003.75,7001.25,7001.25
1771583700,7001.25,7004.5,7001,7003.5
1771584000,7003.5,7003.5,7000.25,7001.75
1771584300,7002,7004,7001,7003
1771584600,7003.25,7003.25,7000,7000.75
1771584900,7000.75,7001.5,6995.5,6995.5
1771585200,6995.75,6995.75,6982.75,6984.5
1771585500,6984.5,6989.25,6984,6989
1771585800,6989,6990.5,6988.25,6988.25
1771586100,6988.25,6991,6987.25,6987.25
1771586400,6987,6989,6985.75,6988.5
1771586700,6988.5,6992.5,6988.5,6991
1771587000,6991,6992.5,6990,6991.75
1771587300,6992,6993.25,6988.75,6988.75
1771587600,6989,6989.5,6985.5,6988.5
1771587900,6988.75,6988.75,6983.75,6984
1771588200,6983.75,6985.5,6982.25,6984
1771588500,6983.5,6983.75,6978.75,6981.75
1771588800,6981.5,6982.75,6976.5,6981.5
1771589100,6981.75,6982.5,6980,6981.75
1771589400,6981.5,6984.5,6980.75,6983.75
1771589700,6983.75,6986,6977.5,6978.25
1771590000,6978.25,6980.25,6975.25,6979.5
1771590300,6979.25,6980.5,6977.75,6977.75
1771590600,6977.75,6979.25,6974.5,6976.5
1771590900,6976.75,6980.5,6975.5,6976.75
1771591200,6976.5,6977.75,6974.5,6976.25
1771591500,6976,6977.5,6973.25,6976.5
1771591800,6976.5,6987,6975.75,6978.75
1771592100,6978.75,6982.75,6978.25,6982.5
1771592400,6982.5,6983.75,6980.5,6982.75
1771592700,6982.5,6983.25,6980.75,6982.75
1771593000,6982.75,6983.25,6981.25,6982.75
1771593300,6982.75,6988.5,6982.75,6988
1771593600,6988,6988.5,6983.75,6984
1771593900,6984,6990.25,6983.25,6988.75
1771594200,6989,6989.75,6969,6973.25
1771594500,6973.25,6977,6970.5,6972.75
1771594800,6972.75,6972.75,6965.5,6969
1771595100,6969,6971.75,6964,6965.5
1771595400,6965.75,6971.25,6965.5,6969.75
1771595700,6969.75,6975,6969,6974.25
1771596000,6974.25,6977.25,6972.5,6974.5
1771596300,6974.5,6975.75,6971.5,6971.5
1771596600,6971.5,6972,6966.5,6968.5
1771596900,6968.25,6969,6962.5,6962.75
1771597200,6963,6965.75,6960.5,6962.75
1771597500,6963,6967.5,6962.5,6965.5
1771597800,6965.5,6977.5,6960,6976
1771598100,6976,6988.75,6972.5,6981.75
1771598400,6982,6996.75,6978.5,6991.25
1771598700,6991,6994.75,6983,6984.25
1771599000,6984.25,6987.5,6977.5,6984.25
1771599300,6984.5,6993.5,6981,6991.5
1771599600,6992.75,7037.75,6990.5,7013
1771599900,7012.75,7015.5,6988.5,7014.5
1771600200,7014.75,7023.5,6996.75,6997.5
1771600500,6997.75,7016.25,6985,7009.25
1771600800,7009.25,7023.5,7007.75,7017.25
1771601100,7017.5,7024.25,7006.25,7011.5
1771601400,7011.75,7017,6998.25,7004
1771601700,7004,7018.25,6999.75,7015.75
1771602000,7016,7025.5,7003.25,7024
1771602300,7024.25,7031,7016.75,7025.25
1771602600,7025.25,7034.5,7019.5,7032.25
1771602900,7032,7035.25,7028.5,7031.75
1771603200,7031.75,7036,7026.75,7032.5
1771603500,7032.75,7032.75,7026.5,7027
1771603800,7027.25,7031.75,7023,7024
1771604100,7024.25,7026.25,7013.25,7020.25
1771604400,7020.25,7020.25,7010.25,7013.25
1771604700,7013,7013.75,7004,7004.5
1771605000,7004.25,7018.25,7002,7016.25
1771605300,7016.25,7024.75,7010.75,7024.5
1771605600,7024.5,7032.75,7021.75,7028.25
1771605900,7028,7034.75,7027.5,7033.5
1771606200,7033.5,7035.25,7028.25,7032.75
1771606500,7032.75,7034.5,7027.25,7029.5
1771606800,7029.25,7032.5,7022,7022.25
1771607100,7022.5,7023,7013.75,7014.5
1771607400,7014.5,7014.75,7004,7004.25
1771607700,7004.25,7004.25,6991.5,6993.75
1771608000,6993.5,6996.25,6984.75,6985.5
1771608300,6985.25,6995.5,6983.75,6995.25
1771608600,6995.25,7004.25,6993.75,7000.75
1771608900,7000.75,7004.25,6992.75,7002.25
1771609200,7002.5,7005.25,6996,7003.25
1771609500,7003.25,7012.75,7000.75,7011.5
1771609800,7011.75,7020.25,7007,7017.25
1771610100,7017.25,7020.75,7004.25,7018
1771610400,7017.75,7021.5,7013.5,7013.75
1771610700,7013.75,7021.5,7012.5,7016
1771611000,7016.25,7016.5,7010,7014.5
1771611300,7014.5,7014.5,7007,7010.5
1771611600,7010.75,7015.25,7000.5,7012.75
1771611900,7013,7014.25,7003.5,7008.25
1771612200,7008.75,7031.75,7001,7022
1771612500,7022,7028.75,7007,7021.25
1771612800,7021.25,7033.75,7020.75,7030.75
1771613100,7030.75,7044.25,7030.25,7034.75
1771613400,7034.75,7039,7026.5,7037.75
1771613700,7037.75,7039.5,7033.25,7036.75
1771614000,7037,7041.75,7035.75,7038.5
1771614300,7038.5,7038.75,7031.75,7035
1771614600,7035,7035.5,7028,7029
1771614900,7029,7030,7026,7028
1771615200,7027.75,7034,7026.75,7031
1771615500,7031,7031.75,7026.25,7029.75
1771615800,7029.5,7035,7029.5,7031.5
1771616100,7031.5,7032.5,7027.5,7028.25
1771616400,7028.25,7030.5,7023.25,7024
1771616700,7024.25,7026,7021.5,7024.25
1771617000,7024.25,7030.25,7023.25,7024.75
1771617300,7025,7027.75,7022.5,7024
1771617600,7024.25,7032,7023.75,7030
1771617900,7029.75,7037,7029.75,7034.25
1771618200,7034.25,7035.75,7031.5,7035
1771618500,7035,7035.5,7028.5,7029.75
1771618800,7029.75,7030.5,7026.5,7028.5
1771619100,7028.25,7029.25,7024.75,7027.25
1771619400,7027.25,7031,7026.75,7028.25
1771619700,7028,7031,7026,7030.5
1771620000,7030.5,7034.5,7029.25,7034.5
1771620300,7034.25,7035,7030.5,7030.75
1771620600,7030.75,7033.5,7027,7032
1771620900,7031.75,7039,7029.75,7037.5
1771621200,7037.5,7041.25,7035.25,7040
1771621500,7039.75,7041.75,7038.5,7039.75
1771621800,7039.75,7041,7038.25,7040.75
1771622100,7040.75,7040.75,7037.25,7037.75
1771622400,7038,7038.5,7036.25,7037.5
1771622700,7037.25,7037.5,7036.5,7036.75
1771623000,7036.75,7038.25,7036.25,7037.25
1771623300,7037.5,7038.25,7037.25,7038.25
1771623600,7038,7038.75,7037.25,7037.5
1771623900,7037.5,7038,7037,7037.25
1771624200,7037.25,7037.75,7036.25,7037.25
1771624500,7037.25,7038.75,7035.75,7037.5
1771801200,7030.75,7035.75,7027.25,7031.5
1771801500,7031.75,7033.75,7028.75,7029.25
1771801800,7028.75,7033,7028.75,7032.5
1771802100,7032.25,7033.5,7028.75,7029.25
1771802400,7029,7029.5,7023.25,7023.75
1771802700,7023.75,7023.75,7016.75,7019.5
1771803000,7019.5,7021.75,7016.5,7019.75
1771803300,7019.5,7021.75,7015.75,7016.75
1771803600,7016.5,7017.25,7013,7014
1771803900,7014,7019.5,7013,7018.5
1771804200,7018.75,7019.75,7016,7017
1771804500,7017,7020.25,7016.25,7019
1771804800,7018.75,7018.75,7013.25,7013.5
1771805100,7013.5,7014.5,7011,7011.5
1771805400,7011.75,7013,7010.25,7011.25
1771805700,7011.5,7014,7009,7009.5
1771806000,7009.25,7009.25,7004,7004.75
1771806300,7004.75,7005,6999,7003.5
1771806600,7003.25,7004,6997.75,7000.5
1771806900,7000.25,7002,6998,6999.25
1771807200,6999.25,7002.75,6998.5,6999.25
1771807500,6999,7002.25,6997.5,6999
1771807800,6998.75,7000.75,6997.75,6999
1771808100,6999,7000.25,6991,6992
1771808400,6992,6994.5,6989.25,6993.5
1771808700,6993.25,6995,6991.25,6994
1771809000,6994.25,6994.5,6990.75,6992.5
1771809300,6992.25,6995.5,6991,6995.25
1771809600,6995,6998,6993.75,6994.75
1771809900,6994.5,6996.25,6992.25,6994
1771810200,6993.75,6995.25,6990.75,6992.75
1771810500,6992.75,6994.5,6991.25,6992.75
1771810800,6992.75,6995,6991.5,6994.5
1771811100,6994.5,6996.5,6989.75,6993.25
1771811400,6993,6994.25,6987.5,6989.25
1771811700,6989.5,6992.25,6988,6988.25
1771812000,6988,6991.25,6987.25,6989
1771812300,6989.25,6990.75,6987.75,6988.25
1771812600,6988,6988,6983,6983.75
1771812900,6983.75,6985.75,6983,6984.5
1771813200,6984.75,6987.25,6984.75,6985.75
1771813500,6986,6989,6986,6987.25
1771813800,6987.25,6989.25,6986.5,6988.25
1771814100,6988.25,6988.5,6986.25,6987.25
1771814400,6987.25,6988.5,6986.75,6988
1771814700,6987.75,6988.5,6986.5,6987.25
1771815000,6987.25,6987.75,6986.25,6986.75
1771815300,6986.5,6987.75,6986,6987.25
1771815600,6987.25,6990,6987,6988.5
1771815900,6988.25,6990.75,6988,6989
1771816200,6988.75,6989,6986.75,6988
1771816500,6987.75,6987.75,6984.5,6985
1771816800,6985,6986.75,6983,6983
1771817100,6983.25,6985.5,6982,6985.5
1771817400,6985.5,6986.25,6982.25,6983.5
1771817700,6983.5,6984.5,6981.75,6982.75
1771818000,6982.75,6986,6982.75,6986
1771818300,6985.75,6986,6984.25,6985
1771818600,6984.75,6985.5,6983.75,6985
1771818900,6985,6986,6984.5,6985.5
1771819200,6985.75,6986,6983.75,6984
1771819500,6984.25,6987.25,6983.75,6986.75
1771819800,6986.5,6988,6985.75,6985.75
1771820100,6985.75,6986.75,6984,6985.75
1771820400,6986,6986,6983.75,6984.25
1771820700,6984,6984.75,6982.75,6984.5
1771821000,6984.5,6986.25,6983.5,6983.75
1771821300,6983.75,6984,6983,6983
1771821600,6983,6984,6980.25,6983.25
1771821900,6983.25,6983.5,6982,6983.25
1771822200,6983.25,6984.5,6982.75,6983.25
1771822500,6983.5,6984.25,6982.75,6984.25
1771822800,6984.25,6984.5,6982.75,6983.5
1771823100,6983.25,6983.75,6981.75,6982
1771823400,6982.25,6983,6981.25,6982.25
1771823700,6982.25,6982.5,6980.5,6980.75
1771824000,6980.75,6982.75,6980.25,6981.5
1771824300,6981.5,6983.75,6981.25,6983.25
1771824600,6983.5,6985.25,6983,6984.5
1771824900,6984.5,6986.75,6984,6986.25
1771825200,6986.25,6987.25,6985.75,6985.75
1771825500,6986,6986.5,6985,6985.5
1771825800,6985.5,6987.25,6984.75,6987
1771826100,6987,6987.75,6986.5,6986.75
1771826400,6987,6987.25,6985.75,6987.25
1771826700,6987,6987.25,6986.25,6986.25
1771827000,6986.25,6989.25,6986,6989.25
1771827300,6989,6989.25,6987.25,6988.5
1771827600,6988.5,6988.75,6987.25,6987.5
1771827900,6987.25,6988.5,6987.25,6987.25
1771828200,6987.25,6989.5,6986.5,6989.25
1771828500,6989.25,6991.25,6989,6990
1771828800,6990.25,6990.75,6989.25,6990
1771829100,6990,6991,6989,6990.25
1771829400,6990.5,6992.5,6990,6992.25
1771829700,6992,6992.25,6990.5,6992
1771830000,6992,6997.5,6991.25,6996
1771830300,6996,6997.5,6995.25,6996.75
1771830600,6996.75,7000.5,6996.5,6999.75
1771830900,6999.75,7000,6997.75,6998.5
1771831200,6998.25,6999,6996.75,6998
1771831500,6997.75,6998.25,6996.5,6997.75
1771831800,6997.75,6998.5,6995.75,6997.75
1771832100,6997.75,6999.25,6997.25,6998.75
1771832400,6999,6999.75,6998.25,6998.75
1771832700,6998.75,7000.25,6998.5,6999.75
1771833000,6999.75,7000,6998.5,6998.5
1771833300,6998.5,6999.5,6997.75,6998.25
1771833600,6998.5,7001.25,6997,6997.25
1771833900,6997.25,6998.25,6995.5,6996.5
1771834200,6996.5,7001,6995.75,6999.75
1771834500,7000,7000,6998,6998.5
1771834800,6998.25,7000.25,6997,6998.25
1771835100,6998.25,6999.5,6996.5,6999.25
1771835400,6999.25,7000.75,6998.5,6998.75
1771835700,6999.25,6999.25,6997.5,6999.25
1771836000,6999,6999,6994.5,6995.5
1771836300,6995.5,7001.5,6995.5,7001.5
1771836600,7001.5,7004.25,7001,7003.75
1771836900,7003.75,7004.5,7003,7003.75
1771837200,7004,7010.5,7004,7010
1771837500,7010.25,7011.5,7009.75,7011.5
1771837800,7011.5,7017.25,7011.5,7016.5
1771838100,7016.75,7017,7014,7015.25
1771838400,7015.25,7016,7013.5,7015
1771838700,7015.25,7017.75,7015,7017.25
1771839000,7017.25,7018.25,7015,7016.5
1771839300,7016.5,7021.25,7016,7020.25
1771839600,7020.5,7022.25,7020.5,7021.25
1771839900,7021.25,7022.75,7020.25,7021
1771840200,7020.75,7022.25,7019.75,7020.25
1771840500,7020.5,7021.75,7019.75,7020.25
1771840800,7020.75,7022.25,7019.75,7020
1771841100,7020.25,7022.25,7020.25,7021.75
1771841400,7022,7026,7021.75,7022.75
1771841700,7022.75,7022.75,7021,7022.25
1771842000,7022,7022,7020,7021.5
1771842300,7021.25,7021.25,7012.5,7018.75
1771842600,7018.25,7020,7017.25,7019.25
1771842900,7019.5,7020.25,7018.25,7020.25
1771843200,7020.25,7022.25,7020.25,7020.75
1771843500,7020.75,7020.75,7018.5,7019
1771843800,7019,7019.75,7018.25,7018.75
1771844100,7018.75,7019.25,7017.25,7019.25
1771844400,7019.5,7020.5,7017.75,7018.75
1771844700,7019,7019.5,7018,7018.75
1771845000,7018.75,7022.25,7018.5,7022
1771845300,7022,7024,7021.75,7022.5
1771845600,7022.5,7022.5,7018.75,7018.75
1771845900,7018.5,7019,7017.75,7018.5
1771846200,7018.75,7019,7016.75,7017.5
1771846500,7017.25,7017.5,7015,7015.75
1771846800,7015.75,7016,7014.5,7014.75
1771847100,7015,7015.5,7010,7010.5
1771847400,7010,7010.25,7008.25,7008.75
1771847700,7008.75,7010.5,7005.5,7010.25
1771848000,7010,7013.5,7008,7011
1771848300,7011,7013,7010.25,7011
1771848600,7011,7011,7007.5,7007.75
1771848900,7008,7008,7003.25,7004.75
1771849200,7004.75,7006,7003.75,7004.75
1771849500,7004.75,7004.75,7003,7004.25
1771849800,7004.5,7005,6999.75,7001.5
1771850100,7001.25,7005.25,7000,7004
1771850400,7003.75,7006.25,7001.75,7006
1771850700,7006,7007.25,7002.25,7002.5
1771851000,7002.75,7004.25,7002,7003.5
1771851300,7003.25,7003.5,6999,7002.25
1771851600,7002.25,7004.25,6998.75,7003.5
1771851900,7003.25,7008.5,7002.5,7007.25
1771852200,7007.25,7008.25,7004.5,7004.5
1771852500,7004.5,7007.25,7004,7004.75
1771852800,7004.75,7009.25,7004.5,7007.25
1771853100,7007.5,7009.5,7006.75,7008.25
1771853400,7008.25,7010.75,7006,7006.25
1771853700,7006.25,7011,7005.25,7010.5
1771854000,7010.75,7014,7010.75,7013.75
1771854300,7013.75,7014.75,7012.25,7013.5
1771854600,7013.5,7016.25,7012,7015
1771854900,7014.75,7014.75,7010.5,7012.5
1771855200,7012.5,7014.75,7012.25,7013.75
1771855500,7013.75,7015.75,7013.25,7013.5
1771855800,7013.5,7018.5,7012.25,7018.5
1771856100,7018.5,7018.5,7015.25,7015.25
1771856400,7015.5,7016.5,7014.25,7016
1771856700,7016,7021.5,7015.75,7021
1771857000,7020.75,7040.5,7019.5,7036.75
1771857300,7036.5,7043,7031.5,7038.25
1771857600,7038.75,7038.75,7017,7018.25
1771857900,7018,7021.5,7010,7011.5
1771858200,7011.25,7024,7011,7013.5
1771858500,7013.25,7015,7005.25,7007.25
1771858800,7007.25,7014.75,6994.25,6995.25
1771859100,6995,6999.5,6988.75,6991.25
1771859400,6991.5,6999,6987.25,6989.75
1771859700,6989.75,6992.75,6987.5,6992
1771860000,6991.75,6997.75,6986.25,6990.5
1771860300,6990.25,6990.75,6985,6987.25
1771860600,6987.25,6992.25,6981.75,6982.25
1771860900,6982.25,6987.25,6978.25,6983.25
1771861200,6983,6984.75,6976.25,6978.75
1771861500,6978.75,6981.5,6975.5,6977.75
1771861800,6977.75,6981,6968.5,6970.25
1771862100,6970,6971.25,6963.75,6964.75
1771862400,6964.5,6967.25,6950.25,6955.25
1771862700,6955,6956,6949,6951.25
1771863000,6951.5,6956.25,6947.75,6948.75
1771863300,6949,6958.25,6945.5,6957.5
1771863600,6957.5,6963.5,6956.5,6960
1771863900,6959.75,6971.5,6959.5,6971
1771864200,6971,6973,6967.25,6968.5
1771864500,6968.5,6972,6966,6967
1771864800,6966.75,6969.75,6964.25,6966
1771865100,6966,6968,6960,6963.5
1771865400,6963.25,6968.25,6961.75,6964
1771865700,6964,6965.25,6960,6961.75
1771866000,6961.75,6966.75,6960,6962.75
1771866300,6962.75,6967,6961.5,6962.75
1771866600,6962.75,6964.75,6958,6959.75
1771866900,6960,6965,6959.25,6960.25
1771867200,6960.25,6964.5,6959.75,6960.5
1771867500,6960.5,6962.75,6958.75,6959
1771867800,6959.25,6959.5,6954.5,6955.75
1771868100,6955.5,6955.75,6948,6948
1771868400,6948,6959,6947.75,6953.5
1771868700,6953.5,6957.5,6951.75,6953
1771869000,6953,6964,6952.75,6961.5
1771869300,6961.5,6965.5,6959.75,6962.75
1771869600,6962.5,6967.25,6961.5,6966.5
1771869900,6966.25,6971.25,6965.75,6971
1771870200,6971,6974.25,6968.75,6973.25
1771870500,6973.25,6976.25,6972.25,6973.75
1771870800,6974,6980.25,6973,6980
1771871100,6979.75,6982,6978,6980.5
1771871400,6980.5,6980.5,6976.5,6979.25
1771871700,6979.5,6981.5,6976,6976.25
1771872000,6976.5,6978,6970.5,6972.75
1771872300,6972.75,6976.25,6970.25,6974.25
1771872600,6974.5,6975,6967,6967.5
1771872900,6967.5,6968.25,6960.5,6962.25
1771873200,6962.25,6965,6959.5,6960.5
1771873500,6960.25,6963.75,6959.5,6961.5
1771873800,6961.5,6964,6959,6961
1771874100,6960.75,6963.25,6958.25,6959.75
1771874400,6959.75,6961.25,6957.75,6959.5
1771874700,6959.5,6961.25,6953.75,6955
1771875000,6954.75,6959,6954.25,6955.5
1771875300,6955.25,6955.25,6951.75,6953.75
1771875600,6953.5,6953.75,6947.5,6950.75
1771875900,6950.75,6957.5,6949.75,6955.75
1771876200,6955.75,6957,6953,6953.75
1771876500,6953.75,6957.5,6951.5,6952.75
1771876800,6952.75,6956.5,6952,6954.25
1771877100,6954.25,6955.5,6950,6951
1771877400,6951,6952.5,6948.5,6949.25
1771877700,6949.25,6954,6949.25,6951.75
1771878000,6951.75,6953.25,6949.75,6953
1771878300,6953,6957.75,6952.75,6955.75
1771878600,6955.75,6964.75,6955.25,6963
1771878900,6963.25,6963.25,6957,6958.5
1771879200,6958.5,6960.25,6953.75,6958.75
1771879500,6959,6962.25,6956,6961.75
1771879800,6961.75,6965,6951.5,6952.75
1771880100,6952.75,6967.25,6951,6966.75
1771880400,6967,6969.25,6963.75,6967.5
1771880700,6967.5,6969.75,6967,6969.75
1771881000,6969.5,6971.5,6969,6970.75
1771881300,6970.75,6970.75,6968,6969
1771881600,6969,6971,6969,6969.75
1771881900,6970,6970,6969.25,6969.75
1771882200,6969.75,6971.75,6968.75,6970
1771882500,6970.25,6970.25,6969.25,6969.25
1771882800,6969.25,6970,6969.25,6970
1771883100,6970,6970,6969,6969.5
1771883400,6969.5,6970.5,6968.5,6970.5
1771883700,6970.5,6971.5,6969.75,6971
1771887600,6971,6974,6968.5,6970
1771887900,6969.5,6975.5,6967.5,6974.25
1771888200,6974.25,6975.5,6971.5,6972
1771888500,6972,6972.75,6969,6969.75
1771888800,6970,6971.25,6968.5,6970.75
1771889100,6970.5,6973.5,6970,6973
1771889400,6973.25,6976.75,6972.75,6976
1771889700,6975.75,6976.5,6974.25,6975.25
1771890000,6975.5,6976,6972.25,6974.25
1771890300,6974,6974.75,6971.5,6972
1771890600,6971.75,6973.5,6970.25,6972.5
1771890900,6972.5,6972.75,6969.5,6970
1771891200,6970,6973.75,6968.75,6971.75
1771891500,6971.5,6972.5,6967.25,6968.25
1771891800,6968.5,6971.5,6968.5,6971.25
1771892100,6971.25,6974,6971,6973.75
1771892400,6973.75,6974.75,6967.75,6968.75
1771892700,6969,6969,6965.75,6967.75
1771893000,6967.75,6969.25,6966.75,6967.5
1771893300,6967.5,6971.25,6967.25,6970.75
1771893600,6970.75,6973.25,6970.75,6972.5
1771893900,6972.5,6975.5,6971.5,6975.5
1771894200,6975.25,6976,6973.75,6973.75
1771894500,6973.75,6974.75,6971.5,6974
1771894800,6974,6974.5,6969.5,6971.75
1771895100,6971.75,6972.75,6970,6972.25
1771895400,6972,6972.75,6971.25,6972
1771895700,6972,6973.25,6969.75,6972.25
1771896000,6972.25,6976.25,6972,6973.75
1771896300,6973.5,6975.5,6972.5,6974.25
1771896600,6974.25,6974.25,6970,6974.25
1771896900,6974.25,6975,6973,6973.75
1771897200,6973.75,6976.5,6971.5,6975.25
1771897500,6975,6975.5,6972.5,6974.75
1771897800,6975,6975,6973,6973.5
1771898100,6973.5,6975.25,6972.5,6974.75
1771898400,6974.75,6976,6973.75,6974
1771898700,6974.25,6975.5,6973.25,6975.5
1771899000,6975.25,6978.25,6975,6977.25
1771899300,6977.25,6978.75,6976.5,6978.5
1771899600,6978.5,6982.25,6978.25,6982.25
1771899900,6982.25,6983.5,6981.75,6982.75
1771900200,6982.5,6984.5,6981.75,6983.75
1771900500,6983.75,6985,6983,6983.75
1771900800,6983.75,6984.25,6981.75,6982.25
1771901100,6982,6983,6981,6982.75
1771901400,6982.5,6982.75,6981.5,6982.25
1771901700,6982.25,6983.75,6982.25,6983
1771902000,6983,6984.25,6982.75,6983.75
1771902300,6983.75,6984,6982.75,6983.25
1771902600,6983.5,6983.75,6982.25,6983.5
1771902900,6983.25,6984.25,6982.75,6984
1771903200,6983.75,6985.25,6983.75,6984.5
1771903500,6984.75,6985.25,6983.75,6984.25
1771903800,6984.5,6984.5,6983.25,6983.5
1771904100,6983.75,6984.25,6982.75,6984
1771904400,6984.25,6985.25,6983.75,6983.75
1771904700,6983.5,6984,6982.75,6983.25
1771905000,6983.5,6983.75,6982.5,6983.25
1771905300,6983.5,6983.5,6982.75,6983.25
1771905600,6983,6983.5,6982.5,6983.25
1771905900,6983.5,6984.5,6982.75,6984.25
1771906200,6984,6984.5,6983.25,6983.5
1771906500,6983.5,6984,6981.5,6983.75
1771906800,6983.75,6984.75,6983.5,6984.5
1771907100,6984.5,6985.25,6984,6984.5
1771907400,6984.75,6985.75,6983.25,6983.5
1771907700,6983.5,6983.75,6982,6983.25
1771908000,6983,6984.5,6983,6983.5
1771908300,6983.5,6985,6983.25,6984.75
1771908600,6984.75,6985.75,6984.25,6985
1771908900,6985.25,6985.75,6984.5,6984.75
1771909200,6984.75,6987,6983.5,6987
1771909500,6987,6987.75,6986.5,6987.25
1771909800,6987.5,6987.75,6987,6987
1771910100,6986.75,6987,6982.25,6982.25
1771910400,6982,6983.25,6981.5,6982.5
1771910700,6982.5,6983.75,6981.5,6982.75
1771911000,6982.75,6982.75,6979.5,6980.25
1771911300,6980.25,6981,6978.75,6980.5
1771911600,6980.5,6981.25,6979.25,6981
1771911900,6981,6981,6976.75,6977
1771912200,6976.75,6978.75,6975.5,6978.25
1771912500,6978,6978.25,6977,6978
1771912800,6978,6978.5,6977.25,6977.75
1771913100,6977.75,6980.25,6977.75,6980.25
1771913400,6980,6980.5,6977,6977.5
1771913700,6977.5,6979.75,6976.75,6979.25
1771914000,6979.25,6979.25,6975,6975.5
1771914300,6975.75,6977.25,6974.5,6976.75
1771914600,6976.75,6977.75,6974.75,6977
1771914900,6977,6978.25,6975.25,6978.25
1771915200,6978.25,6979.5,6977.25,6978.75
1771915500,6978.75,6979.75,6978,6979.75
1771915800,6979.75,6979.75,6978.25,6978.25
1771916100,6978,6980.25,6977.5,6979.5
1771916400,6979.25,6982.5,6978.75,6980.75
1771916700,6980.75,6985.25,6980.75,6984
1771917000,6984.25,6984.5,6983,6984.25
1771917300,6984.25,6984.5,6982.25,6983
1771917600,6983,6983.25,6981.5,6982.5
1771917900,6982.25,6984.75,6982,6984.25
1771918200,6984.25,6985.75,6983.5,6983.5
1771918500,6983.5,6983.5,6981.75,6982
1771918800,6982,6982.5,6979.25,6980
1771919100,6980.25,6980.75,6979,6979.75
1771919400,6979.75,6981.5,6979.5,6980.5
1771919700,6980.25,6980.75,6978.25,6979
1771920000,6979,6979.25,6968.5,6972.5
1771920300,6972.25,6973.75,6968.25,6971.25
1771920600,6971.5,6973,6967.25,6969.5
1771920900,6969.5,6972.5,6966.25,6969
1771921200,6968.75,6975.5,6967.25,6974.75
1771921500,6974.75,6975.5,6971,6973
1771921800,6973.5,6976,6970.25,6971
1771922100,6971,6971,6967.5,6970.75
1771922400,6971,6971,6966.5,6968.5
1771922700,6968.5,6969,6963.25,6963.5
1771923000,6963.25,6965.25,6963,6964.5
1771923300,6964.75,6969.75,6964.75,6968.5
1771923600,6968.5,6973.75,6968.25,6971.5
1771923900,6971.5,6975,6970.25,6974.75
1771924200,6974.5,6980,6973.75,6979
1771924500,6979,6980.25,6976.75,6977
1771924800,6977,6977.75,6975.5,6976
1771925100,6975.75,6977.75,6975.25,6976.25
1771925400,6976,6976.5,6972,6972
1771925700,6972.25,6976.25,6970.5,6976.25
1771926000,6976.25,6977.5,6975.75,6977.25
1771926300,6977.25,6980.25,6976.5,6979.75
1771926600,6980,6981,6979.25,6979.75
1771926900,6979.75,6981,6979.75,6980.75
1771927200,6980.75,6984,6980.25,6984
1771927500,6984,6984,6980.25,6981
1771927800,6981,6981.5,6979.5,6979.5
1771928100,6979.5,6980.5,6978,6980.25
1771928400,6980.25,6980.5,6978.75,6979
1771928700,6978.75,6979.5,6978,6979
1771929000,6979,6979.5,6976.75,6977.75
1771929300,6977.5,6980,6977,6977
1771929600,6977,6979.75,6976,6979.75
1771929900,6979.5,6979.5,6975.5,6976.25
1771930200,6976.25,6978.75,6975.25,6978.5
1771930500,6978.75,6979.25,6978,6978.75
1771930800,6979,6982,6978.25,6980.75
1771931100,6980.75,6982,6978.75,6978.75
1771931400,6978.75,6979.75,6977,6977
1771931700,6977.25,6978.5,6976.5,6976.5
1771932000,6976.75,6977,6974.25,6974.75
1771932300,6974.75,6976.5,6974.5,6975.5
1771932600,6975.75,6977,6975.25,6975.25
1771932900,6975.25,6975.75,6973,6973.25
1771933200,6973,6975,6972.5,6974.5
1771933500,6974.5,6976.75,6973.5,6973.75
1771933800,6973.75,6975.5,6973.5,6974
1771934100,6974.25,6977.75,6973.75,6977.25
1771934400,6977.25,6981.25,6976,6979.75
1771934700,6980,6984.25,6978.75,6979.5
1771935000,6979.5,6981.25,6976.75,6979
1771935300,6979,6979.5,6973.75,6974.5
1771935600,6974.5,6975.25,6971,6972.75
1771935900,6973,6975,6971.5,6971.75
1771936200,6971.75,6972,6967.5,6968
1771936500,6968.25,6968.25,6964,6964.25
1771936800,6964.25,6964.25,6959.75,6962.75
1771937100,6962.75,6963.25,6958.5,6959.25
1771937400,6959.5,6965,6959,6964.5
1771937700,6964.25,6964.5,6961.5,6962.75
1771938000,6963,6966.75,6962.5,6965.75
1771938300,6965.5,6966,6962,6965
1771938600,6965,6966,6962.25,6963.5
1771938900,6963.25,6967.75,6962.75,6966.25
1771939200,6966.25,6967,6964,6966.75
1771939500,6966.75,6970.5,6966.75,6970.25
1771939800,6970.25,6973.25,6968.75,6970
1771940100,6970,6970.5,6967.25,6967.5
1771940400,6967.5,6974.5,6966.5,6973.5
1771940700,6973.5,6977.25,6973.25,6975.25
1771941000,6975.25,6977.25,6974.25,6976.75
1771941300,6976.75,6979,6975.75,6976
1771941600,6976,6976,6971.75,6972.25
1771941900,6972.25,6972.5,6969.5,6970
1771942200,6969.75,6971.25,6966.75,6969.5
1771942500,6969.5,6969.75,6965.25,6965.75
1771942800,6966,6966.25,6962.5,6963
1771943100,6963,6964.5,6957.75,6960
1771943400,6960.25,6963.5,6947,6949
1771943700,6949,6967.75,6941.25,6964.25
1771944000,6964.25,6985.75,6963.5,6985
1771944300,6985,6996.5,6982,6990.5
1771944600,6990.5,6991.5,6980.75,6983
1771944900,6982.75,6983,6969.5,6973.75
1771945200,6973.75,6974.75,6961.5,6968.5
1771945500,6968.25,6982.25,6967.75,6980.5
1771945800,6980.75,6984,6971.25,6973.75
1771946100,6973.75,6985.5,6972.25,6983.5
1771946400,6983.5,6994,6982.25,6993.5
1771946700,6993.75,7006,6991.25,7005.25
1771947000,7005,7007.25,7001.25,7003.5
1771947300,7003.5,7003.75,6998.25,7001
1771947600,7001,7007.75,6999.75,7005
1771947900,7005,7005.25,7000,7002.5
1771948200,7002.5,7002.5,6996.5,6998.25
1771948500,6998.25,7000.25,6993.5,6995.75
1771948800,6995.5,7003.5,6995,7002.75
1771949100,7002.75,7005.5,7000.25,7003.5
1771949400,7003.5,7011,7001.25,7008.25
1771949700,7008,7009.75,7002,7004
1771950000,7004,7004.25,6999.75,7001.75
1771950300,7002,7004.25,7001,7003
1771950600,7003.25,7003.25,6993.5,6994.75
1771950900,6994.5,7000.5,6994,6999.5
1771951200,6999.25,7003.5,6996.5,6997.75
1771951500,6997.5,7002.5,6997,7000.5
1771951800,7000.5,7007.25,6998.75,7006.25
1771952100,7006,7009,7004.75,7006.75
1771952400,7006.5,7010.5,7006,7007.75
1771952700,7008,7012.5,7007.75,7012.5
1771953000,7012.5,7017.5,7012.25,7014.75
1771953300,7014.5,7018.25,7013.75,7015.5
1771953600,7015.5,7018,7015.25,7017
1771953900,7016.75,7020.25,7016.5,7017.75
1771954200,7017.5,7018.75,7015.75,7016.75
1771954500,7016.75,7017.25,7015,7016.5
1771954800,7016.5,7017.25,7013.25,7013.5
1771955100,7013.75,7018.25,7011.5,7017.25
1771955400,7017.25,7018.75,7015.25,7016
1771955700,7016,7017.25,7014.5,7016
1771956000,7016,7023.25,7015.25,7022
1771956300,7022,7022,7017.5,7017.75
1771956600,7018,7019,7016,7017
1771956900,7016.75,7017.25,7014.5,7015.25
1771957200,7015,7016,7012.75,7013.25
1771957500,7013,7014.25,7011.25,7012.5
1771957800,7012.5,7015.5,7010.75,7014.25
1771958100,7014,7019.75,7012.75,7019
1771958400,7019,7020.5,7017.25,7019.25
1771958700,7019.5,7021,7016.75,7018.5
1771959000,7018.75,7020.5,7018.5,7019.5
1771959300,7019.5,7020.25,7016.5,7016.5
1771959600,7016.5,7018.25,7015.75,7016
1771959900,7016.25,7017,7013.5,7014.5
1771960200,7014.75,7015.5,7012.25,7014
1771960500,7013.75,7014,7008.5,7010.75
1771960800,7010.75,7011.75,7008.5,7009.75
1771961100,7009.75,7012.75,7008.75,7010.75
1771961400,7011,7013.25,7010,7010.5
1771961700,7010.5,7012.5,7009.75,7012
1771962000,7012,7015.5,7011.5,7013.75
1771962300,7014,7015.5,7012,7013.75
1771962600,7013.75,7018.75,7013.75,7014
1771962900,7014,7015.25,7012.75,7013.5
1771963200,7013.25,7015.5,7011.5,7012.5
1771963500,7012.5,7013.5,7009.5,7010.75
1771963800,7010.5,7011,7007.75,7008.75
1771964100,7009,7011,7006.75,7010.75
1771964400,7010.75,7013.25,7009.5,7010.25
1771964700,7010.25,7012,7007,7007.25
1771965000,7007.25,7013.25,7007,7012
1771965300,7011.75,7013,7009.5,7010
1771965600,7010,7014.75,7009.5,7014.25
1771965900,7014.25,7018.5,7013.75,7017.25
1771966200,7017,7025.5,7016,7020.75
1771966500,7020.5,7020.75,7014.5,7016
1771966800,7015.75,7017.75,7013.25,7014.25
1771967100,7014.25,7014.25,7011.75,7012.75
1771967400,7012.75,7015,7012.5,7014.5
1771967700,7014.5,7014.75,7012.75,7013.25
1771968000,7013.25,7014.75,7013.25,7014
1771968300,7014,7014,7013,7013.5
1771968600,7013.5,7014.5,7013,7013
1771968900,7013,7014.5,7013,7013.5
1771969200,7013.5,7013.75,7012.75,7012.75
1771969500,7013,7014,7012.25,7013.5
1771969800,7013.25,7013.5,7012.25,7012.25
1771970100,7012.25,7013,7012,7012.75
1771974000,7013,7014.75,7010,7010
1771974300,7010.25,7010.75,7008.5,7010.5
1771974600,7010.5,7014.5,7010.25,7014
1771974900,7014,7015,7012.5,7013
1771975200,7012.75,7013.5,7011.75,7013.25
1771975500,7013.25,7014.5,7013,7014
1771975800,7014,7016.25,7012.75,7016
1771976100,7015.75,7016.25,7014.25,7016.25
1771976400,7016.25,7016.75,7015.25,7015.75
1771976700,7015.75,7016,7014.75,7015.5
1771977000,7015.25,7016,7014.75,7015.5
1771977300,7015.5,7018.75,7015.25,7017
1771977600,7017,7017,7014,7015
1771977900,7014.75,7016.5,7014,7015.75
1771978200,7015.75,7016.25,7013.75,7014.25
1771978500,7014.25,7015.75,7013.75,7015.25
1771978800,7015.25,7016.75,7015.25,7016
1771979100,7016,7016,7013,7013.75
1771979400,7014,7014.75,7012,7014
1771979700,7014,7017.25,7013.25,7016.5
1771980000,7016.75,7020,7016.5,7019.75
1771980300,7019.75,7021.5,7017.5,7020.75
1771980600,7020.5,7022.5,7020.5,7021
1771980900,7021,7021.25,7020,7021.25
1771981200,7021.25,7024.25,7019.75,7022
1771981500,7022.25,7023,7021,7021.5
1771981800,7021.25,7024.75,7021.25,7024.25
1771982100,7024.25,7027.5,7022.75,7025.5
1771982400,7025.5,7026,7021.5,7022.25
1771982700,7022.5,7024,7022,7023.25
1771983000,7023.25,7024.25,7021.75,7023.75
1771983300,7024,7025.75,7024,7025.5
1771983600,7025.25,7026.75,7025,7025.5
1771983900,7025.75,7028.75,7025.75,7028
1771984200,7028.25,7029,7027.5,7028.25
1771984500,7028.25,7028.5,7027,7027.25
1771984800,7027.25,7029,7025,7025.75
1771985100,7025.75,7027,7025.25,7025.75
1771985400,7026,7027.5,7025.75,7027.25
1771985700,7027.25,7027.25,7025,7027
1771986000,7027,7029.25,7026.25,7027.25
1771986300,7027,7028.25,7026.75,7028
1771986600,7028,7030.25,7028,7029
1771986900,7028.75,7030.25,7028.25,7028.5
1771987200,7028.25,7029,7027.25,7027.5
1771987500,7027.75,7029,7027.25,7028.5
1771987800,7028.5,7029,7026.5,7028.25
1771988100,7028.5,7029.5,7027.75,7029.5
1771988400,7029.5,7029.5,7027.25,7027.5
1771988700,7027.5,7027.75,7023.75,7024.5
1771989000,7024.5,7025.5,7023.25,7024
1771989300,7024,7024.25,7020.5,7022
1771989600,7021.75,7022,7018.75,7020
1771989900,7019.75,7022,7019.25,7021
1771990200,7021,7022.75,7005,7015.25
1771990500,7015.5,7018,7013.5,7016.25
1771990800,7016.25,7020.75,7016.25,7019.25
1771991100,7019.25,7022,7018.5,7021
1771991400,7021,7023.75,7020.75,7023.75
1771991700,7023.75,7025.25,7022.5,7022.75
1771992000,7022.75,7023,7018.5,7020.25
1771992300,7020.25,7020.5,7018.75,7019.5
1771992600,7019.5,7019.5,7016,7017.5
1771992900,7017.5,7018.5,7016.25,7017
1771993200,7017.25,7018.5,7017,7017.5
1771993500,7017.75,7020.5,7017.25,7020.25
1771993800,7020.5,7022.25,7020.5,7021.25
1771994100,7021.25,7022.25,7020.5,7021.25
1771994400,7021.5,7021.5,7020.5,7020.75
1771994700,7021,7021.75,7020.25,7021.25
1771995000,7021.25,7021.5,7020.25,7020.25
1771995300,7020.25,7020.5,7018.25,7019
1771995600,7019.25,7020.25,7018.5,7020
1771995900,7020,7022.5,7019.75,7022.5
1771996200,7022.5,7023,7019.25,7019.75
1771996500,7019.75,7020,7018.5,7019
1771996800,7019,7019,7016.25,7016.75
1771997100,7016.75,7018.25,7016.5,7017.25
1771997400,7017.5,7018.5,7016,7016.25
1771997700,7016.25,7018,7015.5,7017.75
1771998000,7018,7018,7016.25,7017.25
1771998300,7017.5,7020.5,7017.25,7019.75
1771998600,7020,7020.25,7017.75,7017.75
1771998900,7017.75,7018,7016,7017
1771999200,7016.75,7017.25,7015.25,7016.25
1771999500,7016.25,7018,7016.25,7017.25
1771999800,7017.5,7018.75,7017,7018.75
1772000100,7018.75,7019.25,7017.5,7019
1772000400,7019,7021.5,7018.5,7020
1772000700,7020.25,7022.25,7018.5,7018.75
1772001000,7018.5,7020.75,7017.75,7020.25
1772001300,7020.25,7022,7020,7021
1772001600,7021.25,7021.25,7019.25,7019.75
1772001900,7019.5,7019.75,7017.5,7019
1772002200,7019,7019.25,7018.25,7018.5
1772002500,7018.5,7018.75,7018,7018.25
1772002800,7018.5,7020.5,7017.25,7019.25
1772003100,7019,7019.75,7017.75,7019.75
1772003400,7020.25,7021,7018.25,7018.25
1772003700,7018.25,7019.5,7016.75,7017.25
1772004000,7017.5,7019,7017,7018
1772004300,7017.75,7018.5,7016.75,7018.25
1772004600,7018.25,7018.25,7015.5,7015.75
1772004900,7015.75,7016,7013.75,7015.75
1772005200,7016,7017,7015.25,7015.75
1772005500,7015.75,7017.25,7015.75,7016.5
1772005800,7017,7018.5,7016.75,7017.75
1772006100,7018,7018,7016.25,7016.25
1772006400,7016.5,7023.75,7016.5,7023.75
1772006700,7023.75,7025.25,7020,7021.25
1772007000,7021.25,7022,7019.25,7021
1772007300,7021,7023.75,7019.5,7023.75
1772007600,7023.75,7026.25,7023.75,7025.25
1772007900,7025.25,7027.25,7024.5,7024.75
1772008200,7024.75,7025.5,7022.25,7022.75
1772008500,7022.5,7026,7022.5,7024.25
1772008800,7024.5,7026,7024.25,7025.25
1772009100,7025.5,7027,7023.75,7026.75
1772009400,7027,7027,7023.5,7024.25
1772009700,7024.25,7025.75,7023.75,7025
1772010000,7024.75,7025.75,7023.25,7024
1772010300,7023.75,7026,7021.75,7025.75
1772010600,7025.75,7027.25,7025.5,7026.75
1772010900,7026.75,7027.25,7024.75,7025.75
1772011200,7025.75,7027,7025,7025
1772011500,7025.25,7026.25,7023.5,7024.75
1772011800,7024.75,7025.75,7024.25,7025.5
1772012100,7025.5,7026.75,7024.25,7026.75
1772012400,7026.5,7028.25,7026,7028
1772012700,7028,7028.5,7025.25,7026.25
1772013000,7026,7027.25,7025.5,7027.25
1772013300,7027,7028.25,7027,7027.5
1772013600,7027.75,7028.25,7025.25,7025.5
1772013900,7025.5,7025.75,7023.75,7025
1772014200,7025,7025.5,7024.25,7025.25
1772014500,7025.25,7026,7024.25,7024.5
1772014800,7024.5,7027.5,7023.75,7026
1772015100,7026,7027.75,7025.5,7026.75
1772015400,7026.5,7027.5,7026,7026.5
1772015700,7026.75,7030.25,7026.75,7029.25
1772016000,7029.25,7030.25,7028.75,7029
1772016300,7029,7029,7027.75,7028.25
1772016600,7028,7028.25,7025.25,7025.5
1772016900,7025.5,7026,7023.75,7025
1772017200,7025,7025.75,7024.25,7024.75
1772017500,7024.75,7026,7024,7025.25
1772017800,7025.25,7026.25,7025.25,7026.25
1772018100,7026,7027,7025.25,7025.5
1772018400,7025.75,7028,7025,7027.25
1772018700,7027,7027.75,7027,7027
1772019000,7027.25,7030.75,7027.25,7030.25
1772019300,7030.25,7032,7030,7032
1772019600,7032.25,7033,7031.25,7033
1772019900,7033,7035,7032.5,7034
1772020200,7033.75,7036.25,7033.75,7035.5
1772020500,7035.75,7037,7035.5,7036.75
1772020800,7036.5,7037.25,7034.25,7035
1772021100,7035,7036,7034,7035.75
1772021400,7035.5,7036.5,7032.75,7034.5
1772021700,7034.5,7038.75,7034,7037.5
1772022000,7037.75,7041.5,7037.75,7039.75
1772022300,7040,7040.75,7037.25,7037.75
1772022600,7037.75,7039.75,7035.5,7038.75
1772022900,7038.75,7040.25,7038,7038.75
1772023200,7038.75,7038.75,7036.75,7037.75
1772023500,7037.75,7040,7036.75,7038.75
1772023800,7039,7041.25,7038.5,7040.25
1772024100,7040.5,7041,7037.75,7039
1772024400,7039,7040.5,7038,7039.25
1772024700,7039,7041.25,7038.75,7040
1772025000,7040,7041.25,7039.5,7041
1772025300,7041.25,7041.25,7039.25,7039.5
1772025600,7039.75,7039.75,7036.5,7038.5
1772025900,7038.5,7039.75,7038.25,7038.75
1772026200,7039,7039,7034.75,7036
1772026500,7036,7037.5,7035.25,7036.5
1772026800,7036.5,7037.75,7035.75,7036.25
1772027100,7036.25,7038,7035.5,7037.5
1772027400,7037.5,7038.75,7036.75,7038.5
1772027700,7038.5,7042.25,7038.5,7039.75
1772028000,7040,7043.25,7040,7041
1772028300,7041.25,7045.5,7040.5,7045
1772028600,7045.25,7049.25,7044.5,7044.5
1772028900,7044.5,7045,7039.5,7041.5
1772029200,7041.5,7043,7040.75,7042.25
1772029500,7042.25,7045.25,7041,7043.25
1772029800,7043.25,7054,7042.5,7050
1772030100,7050,7055.75,7048.75,7052.75
1772030400,7053,7054.75,7047.75,7050.75
1772030700,7050.5,7060.5,7050.5,7058.5
1772031000,7058.5,7061.75,7054.25,7055.5
1772031300,7055.5,7056.5,7049.75,7054.75
1772031600,7054.75,7057.5,7050.75,7051
1772031900,7051.25,7052.25,7045.25,7047.5
1772032200,7047.5,7050,7044.75,7046.5
1772032500,7046.5,7049.5,7043.75,7047.75
1772032800,7047.5,7050.75,7044,7048.75
1772033100,7048.5,7053.75,7047.25,7053
1772033400,7052.75,7055,7045,7045.5
1772033700,7045.5,7046.75,7043.25,7045
1772034000,7045,7049,7044.5,7047
1772034300,7047,7050,7045.5,7046.5
1772034600,7046.5,7049.25,7045,7046.25
1772034900,7046.25,7050.25,7043,7049.75
1772035200,7049.75,7053.5,7049.25,7051
1772035500,7051,7054.5,7049.5,7054.5
1772035800,7054.5,7055.75,7052.25,7053
1772036100,7053,7053,7048.5,7049.75
1772036400,7050,7053.25,7048.5,7052.5
1772036700,7052.5,7057.5,7052.25,7056.25
1772037000,7056.5,7060.25,7056,7056.75
1772037300,7056.5,7058.75,7055.5,7058
1772037600,7058.25,7061.5,7057.75,7060.75
1772037900,7060.75,7065.75,7060.5,7064
1772038200,7064,7065.25,7062.25,7062.5
1772038500,7062.75,7063.25,7061.25,7062
1772038800,7062.25,7064.75,7061.25,7063.5
1772039100,7063.75,7064.75,7059.75,7062.5
1772039400,7062.75,7065,7062.25,7064.5
1772039700,7064.75,7065.25,7063.75,7064.5
1772040000,7064.75,7065,7063.5,7064.5
1772040300,7064.25,7064.5,7061,7061.25
1772040600,7061.25,7063.25,7059.5,7062
1772040900,7062.25,7064.75,7061.75,7063.75
1772041200,7064,7066.25,7063.75,7064.75
1772041500,7065,7066.75,7064,7064.5
1772041800,7064.5,7067.5,7064.25,7066.75
1772042100,7066.75,7067.25,7066,7067.25
1772042400,7067.25,7068.75,7066.25,7066.5
1772042700,7066.75,7067.25,7065.75,7066.5
1772043000,7066.75,7068,7066,7066.5
1772043300,7066.5,7066.5,7064.75,7065.5
1772043600,7065.5,7065.75,7064.25,7064.5
1772043900,7064.5,7065.25,7063.5,7064.75
1772044200,7064.75,7066.5,7064.5,7064.75
1772044500,7064.5,7064.75,7063.75,7064.75
1772044800,7064.5,7068,7064.5,7067.25
1772045100,7067,7067.5,7066.25,7067.25
1772045400,7067.25,7068.75,7067,7067.75
1772045700,7067.75,7067.75,7066,7066.5
1772046000,7066.75,7070.25,7066.5,7069.25
1772046300,7069,7071.5,7068.25,7071
1772046600,7070.75,7071.75,7070,7070.25
1772046900,7070,7072.25,7069.25,7071.75
1772047200,7071.75,7072.5,7070.25,7071
1772047500,7071,7071.25,7070,7070.25
1772047800,7070.25,7074,7070.25,7073.5
1772048100,7073.5,7074.75,7073.25,7073.75
1772048400,7074,7074.75,7072.25,7072.25
1772048700,7072.5,7074.5,7072,7073.5
1772049000,7073.75,7074,7072.75,7073
1772049300,7073.25,7074,7072,7072.25
1772049600,7072.25,7075,7072.25,7072.75
1772049900,7072.75,7073.75,7072.5,7072.75
1772050200,7073,7073,7071.25,7072.25
1772050500,7072.5,7073.25,7071.75,7072.5
1772050800,7072.75,7072.75,7069.5,7071
1772051100,7071.25,7072.25,7070.5,7070.5
1772051400,7070.5,7071.25,7068.75,7069.75
1772051700,7069.75,7073.25,7069.25,7073
1772052000,7073,7074.25,7071.75,7072
1772052300,7072,7075.5,7071.75,7074
1772052600,7074,7078.5,7071.5,7076
1772052900,7076.25,7076.25,7071,7072.25
1772053200,7072.25,7074.75,7071,7073.5
1772053500,7073.75,7076.25,7073.5,7075.25
1772053800,7075.25,7076,7073.5,7074.5
1772054100,7074.75,7075.25,7072,7072.5
1772054400,7072.25,7075.25,7072.25,7073
1772054700,7073.25,7076,7071.25,7074.5
1772055000,7074.75,7096.5,7073,7089.5
1772055300,7089.25,7093.5,7085.5,7091
1772055600,7091,7091.25,7084.25,7086.25
1772055900,7086.25,7086.75,7081.75,7085
1772056200,7084.75,7089.25,7083.5,7088.25
1772056500,7088.5,7090.5,7087.75,7088.25
1772060400,7077.75,7082,7073,7074.75
1772060700,7075,7080.5,7072.5,7079.75
1772061000,7079.75,7079.75,7074.5,7075.25
1772061300,7075.25,7077.5,7073,7073.5
1772061600,7073.75,7074,7072.5,7072.75
1772061900,7072.75,7074.25,7071,7074.25
1772062200,7074,7074.5,7067.5,7068.25
1772062500,7068.25,7069,7063.75,7064.5
1772062800,7064.5,7064.5,7054.5,7061.5
1772063100,7061.25,7066,7060,7063
1772063400,7063.25,7064.25,7059.5,7061
1772063700,7060.75,7063.25,7060.5,7061.25
1772064000,7061.25,7065.5,7058.75,7061.75
1772064300,7061.75,7063.5,7060.25,7062.25
1772064600,7062.25,7066,7062,7065.25
1772064900,7065.25,7066,7063.5,7064
1772065200,7064.25,7065.75,7063.5,7064
1772065500,7064,7067,7062.25,7066.25
1772065800,7066.5,7067.5,7064.75,7066.25
1772066100,7066,7066.75,7063,7063.5
1772066400,7063.75,7064,7060.75,7062.25
1772066700,7062.5,7063.5,7061.75,7063
1772067000,7063,7064.75,7062.5,7064.25
1772067300,7064.25,7064.75,7061.5,7062.75
1772067600,7062.75,7063.5,7060.75,7062
1772067900,7062.25,7062.25,7058,7058
1772068200,7058,7062,7057.5,7061.5
1772068500,7061.75,7062,7060,7062
1772068800,7062.25,7063,7058.75,7059.75
1772069100,7059.75,7061,7055.75,7055.75
1772069400,7055.75,7058.75,7054,7058.25
1772069700,7058,7061,7058,7060.5
1772070000,7060.75,7064,7060.75,7063.25
1772070300,7063.25,7064.25,7062.25,7063.5
1772070600,7063.25,7063.5,7062.25,7063.5
1772070900,7063.25,7065.25,7062.5,7064.25
1772071200,7064.25,7065.5,7061.75,7062.5
1772071500,7062.75,7062.75,7059,7061.75
1772071800,7062,7062.5,7059,7059.75
1772072100,7060,7062.5,7060,7062
1772072400,7062.25,7063.25,7060.75,7061.5
1772072700,7061.5,7062,7060.75,7061
1772073000,7061.25,7061.75,7060,7060
1772073300,7060,7061.25,7059.5,7060.5
1772073600,7060.5,7060.75,7059.25,7060.25
1772073900,7060.5,7061.25,7060.5,7060.5
1772074200,7060.75,7062.5,7060.75,7061.5
1772074500,7061.5,7062.5,7061.25,7062.25
1772074800,7062.25,7063.25,7061.5,7061.75
1772075100,7061.75,7061.75,7060.25,7060.5
1772075400,7060.75,7061.75,7060.5,7061.5
1772075700,7061.25,7062.75,7061.25,7061.25
1772076000,7061.5,7062.75,7061.25,7062.25
1772076300,7062.25,7063,7062.25,7062.5
1772076600,7062.5,7063.5,7062,7063.25
1772076900,7063.25,7064.25,7063,7063.5
1772077200,7063.5,7066,7063.5,7064
1772077500,7063.75,7065,7063.75,7064.25
1772077800,7064,7064,7062.75,7062.75
1772078100,7062.75,7063.25,7061.25,7061.75
1772078400,7061.75,7063,7060.75,7061.5
1772078700,7061.5,7063.25,7061,7063
1772079000,7062.75,7063,7061,7061
1772079300,7061.25,7061.75,7060.25,7061.5
1772079600,7061.75,7062,7061,7061.25
1772079900,7061.25,7061.5,7060.5,7061
1772080200,7061,7061.25,7060,7060.25
1772080500,7060.25,7062.5,7060.25,7062
1772080800,7062.25,7062.25,7061.25,7061.5
1772081100,7061.25,7061.5,7060.5,7061.5
1772081400,7061.75,7062.5,7061.5,7062
1772081700,7062,7062,7061,7061
1772082000,7061,7061.25,7058,7059.25
1772082300,7059.25,7059.75,7057.5,7058.75
1772082600,7058.75,7059.25,7057,7057
1772082900,7057,7059.5,7056.5,7059.25
1772083200,7059.5,7060,7058.75,7059
1772083500,7059.25,7059.5,7058,7058.25
1772083800,7058.25,7058.5,7057.5,7058
1772084100,7058,7058.5,7057.25,7057.75
1772084400,7057.75,7059,7057.75,7058.75
1772084700,7058.75,7060.75,7058.75,7059.75
1772085000,7059.75,7059.75,7058,7058.25
1772085300,7058.5,7060.25,7058.5,7059.75
1772085600,7060,7062.5,7059.75,7059.75
1772085900,7059.75,7063,7059.75,7062.75
1772086200,7062.75,7064,7062.25,7064
1772086500,7064.25,7064.25,7061,7062.25
1772086800,7062.25,7063.25,7061.25,7062.25
1772087100,7062.25,7062.25,7060.5,7061
1772087400,7060.75,7063.75,7059.75,7063
1772087700,7062.75,7064.25,7062.5,7064
1772088000,7064,7064.25,7063,7063.75
1772088300,7064,7066.75,7063.5,7064.75
1772088600,7064.5,7065.5,7062.25,7062.75
1772088900,7062.75,7063.5,7062.25,7062.5
1772089200,7062.5,7065.75,7062.25,7065
1772089500,7064.75,7066.25,7064.25,7066.25
1772089800,7066.25,7066.75,7064,7066
1772090100,7065.75,7066.25,7064.75,7065.5
1772090400,7065.5,7067,7063,7063.25
1772090700,7063,7064.25,7062.25,7064
1772091000,7064,7065.75,7063.75,7064.5
1772091300,7064.75,7065,7063.5,7064.25
1772091600,7064,7067.5,7064,7067.25
1772091900,7067.25,7068.5,7065.5,7066.75
1772092200,7066.5,7066.75,7065.25,7066.5
1772092500,7066.5,7066.75,7063.75,7064
1772092800,7064,7066.5,7063.25,7065.25
1772093100,7065,7066.5,7064,7064.75
1772093400,7064.5,7068.25,7064,7067.25
1772093700,7067.25,7071.75,7067.25,7071.5
1772094000,7071,7073,7067.5,7068.5
1772094300,7068.5,7069.5,7067,7069
1772094600,7069.25,7070,7064.75,7066
1772094900,7066.25,7068,7064.5,7066
1772095200,7066,7066.25,7064.5,7065
1772095500,7065,7065.75,7063.5,7064.25
1772095800,7064.5,7065.75,7064.25,7064.75
1772096100,7065,7067.25,7064.75,7065.5
1772096400,7065.5,7067.75,7065,7065.25
1772096700,7065.25,7066.75,7064.5,7065.75
1772097000,7065.75,7069,7065.5,7069
1772097300,7069,7070.5,7068.25,7068.5
1772097600,7068.5,7070.25,7068.25,7068.25
1772097900,7068.25,7071,7068,7070.5
1772098200,7070.5,7073,7069.5,7071.5
1772098500,7071.5,7074.25,7071.5,7074.25
1772098800,7074.25,7075,7073.75,7074.25
1772099100,7074.25,7076.25,7074.25,7075.75
1772099400,7075.5,7075.5,7071.25,7071.75
1772099700,7071.75,7072,7070.75,7071.5
1772100000,7071.5,7071.75,7070,7070.75
1772100300,7071,7072,7069.5,7071.25
1772100600,7071.25,7073.5,7071.25,7071.75
1772100900,7071.75,7072.25,7069.5,7070
1772101200,7070.25,7070.5,7068.25,7068.5
1772101500,7068.75,7069.5,7067.5,7068
1772101800,7067.75,7070,7067.5,7068.25
1772102100,7068.25,7068.5,7065.75,7067.5
1772102400,7067.5,7069,7067.5,7068.75
1772102700,7068.5,7069.25,7067.75,7067.75
1772103000,7067.75,7068,7065.75,7066
1772103300,7065.75,7066.5,7064.25,7066.25
1772103600,7066.5,7067.5,7065,7067
1772103900,7067,7068.25,7066.25,7067
1772104200,7067.5,7068.5,7066,7067.5
1772104500,7067,7067,7066.25,7066.75
1772104800,7066.75,7068.5,7066.25,7068.25
1772105100,7068.5,7070.25,7068.5,7069.5
1772105400,7069.5,7070.75,7069,7070
1772105700,7070.25,7070.75,7068.75,7069.5
1772106000,7069.5,7069.5,7067.25,7067.5
1772106300,7067.5,7069.75,7066.25,7069.75
1772106600,7069.75,7070.5,7068.25,7069.25
1772106900,7069.75,7071.5,7069,7070
1772107200,7069.75,7073,7069.5,7072.75
1772107500,7072.75,7074.25,7071,7073.75
1772107800,7073.5,7073.75,7071,7071.5
1772108100,7071.25,7074.75,7071,7072
1772108400,7072,7075.5,7072,7075.5
1772108700,7075.25,7076.5,7074,7076.5
1772109000,7076.5,7076.75,7074.75,7076
1772109300,7076,7076.25,7073,7074.75
1772109600,7074.75,7078,7074.75,7077.5
1772109900,7077.25,7077.5,7075.25,7076.5
1772110200,7076.25,7076.75,7075,7075.5
1772110500,7075.5,7076.75,7074.25,7074.75
1772110800,7074.75,7076.25,7073.5,7073.75
1772111100,7073.75,7076.75,7073.5,7076.25
1772111400,7076.25,7077.5,7075,7077
1772111700,7077,7079.5,7076.25,7077.75
1772112000,7077.5,7078.75,7076.75,7077.25
1772112300,7077.5,7079.5,7076.75,7079.25
1772112600,7079.25,7081,7078.25,7081
1772112900,7081,7081,7078.5,7080
1772113200,7079.75,7080.5,7077.75,7078
1772113500,7078,7083.5,7078,7081.75
1772113800,7081.75,7081.75,7079.75,7080.75
1772114100,7081,7081.5,7078.25,7079.25
1772114400,7079.25,7081,7079,7079.5
1772114700,7079.25,7080,7076.5,7076.5
1772115000,7076.5,7078.25,7075.5,7077.75
1772115300,7077.75,7079.25,7076.5,7079
1772115600,7078.75,7079.25,7076.25,7077.5
1772115900,7077.75,7077.75,7072,7074
1772116200,7073.75,7074,7060.75,7063.25
1772116500,7063.5,7066.5,7057.25,7062.75
1772116800,7062.75,7063,7049.75,7055
1772117100,7055,7055.5,7047.5,7051.25
1772117400,7051,7056.5,7046.5,7050.25
1772117700,7050.5,7054.75,7044.5,7047.25
1772118000,7047.25,7051,7036,7043.75
1772118300,7043.75,7046.75,7039,7040.25
1772118600,7040,7046,7025.75,7026
1772118900,7026,7026,7003.5,7005
1772119200,7005,7009.75,6989,6993.25
1772119500,6993.25,7003.5,6987.25,6996.75
1772119800,6996.75,6997.75,6983.5,6986
1772120100,6985.75,7006.25,6985.75,7005.75
1772120400,7005.75,7011,7003,7009.25
1772120700,7009.25,7018.25,7006.75,7016
1772121000,7016,7020,7009.75,7017.25
1772121300,7017,7022.25,7012.75,7017.75
1772121600,7017.5,7022.5,7015.75,7020.75
1772121900,7020.5,7023.25,7014.75,7021.25
1772122200,7021.5,7026.25,7018.25,7026.25
1772122500,7026.25,7030.25,7022.75,7023.25
1772122800,7023.25,7028,7021.75,7024.75
1772123100,7025,7031.5,7024.75,7028
1772123400,7027.75,7029.75,7024.25,7025.5
1772123700,7025.75,7026.5,7014,7015.5
1772124000,7015.25,7017,7008.5,7008.75
1772124300,7008.75,7014,7003,7013.5
1772124600,7013.25,7015.5,7004,7004.25
1772124900,7004.5,7006,7000.5,7002.5
1772125200,7002.5,7006.25,7000.75,7005.75
1772125500,7005.5,7009,7004.5,7005.75
1772125800,7005.75,7010.75,7002.5,7002.75
1772126100,7002.75,7005.5,7000.5,7003.25
1772126400,7003.25,7004.75,7000.75,7003.75
1772126700,7003.75,7005.75,7001.5,7003
1772127000,7002.75,7011.25,7001.75,7008.25
1772127300,7008.25,7008.25,6997.25,6999.5
1772127600,6999.25,7001.25,6996.25,6996.5
1772127900,6996.5,6998.25,6991.5,6992.25
1772128200,6992.25,6998.75,6990.25,6998.25
1772128500,6998,6998,6992.75,6994.5
1772128800,6994.75,6995.5,6989.5,6991.25
1772129100,6991.25,6994.25,6987,6990.75
1772129400,6991,6995.75,6990.25,6993.25
1772129700,6993.25,6998.25,6989.25,6997.5
1772130000,6997.75,6998.75,6993,6997.75
1772130300,6997.75,6999.75,6996.25,6996.75
1772130600,6996.75,7010.5,6994.25,7009.75
1772130900,7009.75,7017.25,7005.75,7014.75
1772131200,7015,7018.25,7012.75,7015.5
1772131500,7015.75,7022.5,7011.75,7015.5
1772131800,7015.5,7015.75,7011.25,7013.5
1772132100,7013.5,7017,7011.75,7014.5
1772132400,7014.5,7020.25,7012,7019
1772132700,7019.25,7025.5,7018.5,7024.75
1772133000,7024.75,7028.5,7023.5,7025.75
1772133300,7025.75,7032.75,7025.5,7030.5
1772133600,7030.25,7034,7029.25,7032.75
1772133900,7032.75,7032.75,7025,7027
1772134200,7027,7033.75,7025.25,7033
1772134500,7033,7033.75,7030.25,7031.75
1772134800,7031.75,7033.25,7030.25,7032.25
1772135100,7032.25,7037.5,7032,7036.75
1772135400,7036.75,7036.75,7033.5,7035.5
1772135700,7035.75,7037.25,7030.75,7031
1772136000,7031,7036.75,7029,7036.5
1772136300,7036.25,7039,7031.75,7032.25
1772136600,7032.25,7033.25,7029.75,7030
1772136900,7029.75,7033.25,7027.5,7032
1772137200,7032,7032.25,7027.5,7029.25
1772137500,7029.25,7031.25,7026.75,7027.5
1772137800,7027.5,7035,7026.75,7035
1772138100,7035,7036,7032,7034.75
1772138400,7034.5,7035,7030.75,7034
1772138700,7034,7034.5,7030,7032.25
1772139000,7032,7034,7027.25,7030.75
1772139300,7030.75,7034.75,7029,7034.25
1772139600,7034,7035.25,7032.25,7033.75
1772139900,7034,7035,7028.75,7029.5
1772140200,7029.5,7032,7029.25,7031
1772140500,7031,7032,7029.25,7029.25
1772140800,7029.5,7031,7028.75,7029.5
1772141100,7029.25,7030.25,7028.75,7029.5
1772141400,7029.75,7030.75,7028,7028.5
1772141700,7028.25,7028.75,7025.75,7027
1772142000,7027,7027.25,7023,7023.75
1772142300,7023.75,7023.75,7020.75,7021
1772142600,7021,7022.75,7019.5,7019.5
1772142900,7019.75,7020.5,7015.5,7016.5
1772146800,7011.75,7013.5,7000.25,7002
1772147100,7002.25,7002.75,6995.25,7002.5
1772147400,7002.5,7009.75,7001.5,7009.5
1772147700,7009.5,7013,7006.5,7012.25
1772148000,7012,7013.5,7011,7011
1772148300,7011.25,7012.25,7009,7011.25
1772148600,7011.5,7011.75,7007.5,7008.75
1772148900,7008.75,7008.75,7003.5,7007
1772149200,7006.75,7007.25,7003,7004
1772149500,7003.75,7005.75,7001,7001.25
1772149800,7001.5,7005,7000.75,7005
1772150100,7005,7006.25,7003.25,7005.25
1772150400,7005.25,7006.25,7002.5,7003.5
1772150700,7003.75,7008,7003.25,7007.5
1772151000,7007.5,7009.5,7007.25,7008.75
1772151300,7008.5,7011.25,7007.5,7010.75
1772151600,7010.5,7012,7008,7008.75
1772151900,7009,7009,7005.5,7006.25
1772152200,7006,7007,7002.25,7003.75
1772152500,7003.5,7005.25,6999.5,7000.5
1772152800,7000.5,7001.5,6996.75,6997.25
1772153100,6997.25,7003.5,6995.75,7003.5
1772153400,7003.5,7006.5,7002.75,7003.75
1772153700,7003.75,7004.25,7002.5,7003.5
1772154000,7003.75,7005.75,7003.25,7005.5
1772154300,7005.5,7006.5,7002.25,7002.5
1772154600,7002.5,7007,7001.75,7006.5
1772154900,7006.75,7010,7006.25,7006.75
1772155200,7006.75,7007.75,7004.25,7005.25
1772155500,7005.5,7007.75,7003.75,7004
1772155800,7004,7005,7000.5,7005
1772156100,7005.5,7007.25,7003.75,7004.5
1772156400,7004.75,7004.75,7002.25,7002.5
1772156700,7002.75,7004,7001.25,7002.25
1772157000,7002.25,7005.5,7001.75,7004.5
1772157300,7004.25,7007,7003.5,7005.5
1772157600,7005.75,7007.75,7005.5,7007
1772157900,7007,7010,7006.75,7008.25
1772158200,7008.25,7008.5,7005.75,7007.5
1772158500,7007.25,7010.75,7007.25,7010.25
1772158800,7010.5,7010.5,7008.25,7009.25
1772159100,7009.5,7011.25,7009.25,7010.25
1772159400,7010.25,7010.5,7008.75,7009
1772159700,7009,7009,7005.75,7007.25
1772160000,7007.5,7007.75,7006,7007.25
1772160300,7007.25,7009.5,7006.5,7009.5
1772160600,7009.25,7010.75,7008.25,7010
1772160900,7010.25,7012.5,7009.25,7012.25
1772161200,7012.25,7013,7011.5,7012.75
1772161500,7012.5,7013,7012,7012.5
1772161800,7012.25,7012.5,7011.5,7012
1772162100,7012,7012.75,7010.75,7011.5
1772162400,7011.5,7011.5,7009.25,7010.25
1772162700,7010.25,7010.25,7008.25,7009.5
1772163000,7009.5,7010.5,7009,7009.5
1772163300,7009.75,7009.75,7006.75,7008.5
1772163600,7008.5,7009.25,7008,7009
1772163900,7009,7011,7007.75,7009.75
1772164200,7009.75,7011,7009,7010
1772164500,7010.25,7012.75,7010.25,7011
1772164800,7011.25,7013.5,7011,7012.75
1772165100,7013,7013.5,7012,7012.5
1772165400,7012.5,7013,7011.5,7011.75
1772165700,7011.75,7012,7009,7009.75
1772166000,7009.5,7011.75,7009,7011.5
1772166300,7011.5,7012,7011,7011.75
1772166600,7011.75,7012,7010.75,7011.25
1772166900,7011.25,7013.5,7010.5,7012.75
1772167200,7012.5,7014.25,7012.25,7013.5
1772167500,7013.5,7013.5,7012.5,7013.25
1772167800,7013.25,7013.75,7012,7012
1772168100,7012.25,7012.25,7011.25,7012
1772168400,7011.75,7014.75,7011.75,7014.5
1772168700,7014.5,7016,7014.25,7014.25
1772169000,7014.25,7016.75,7013.25,7016.5
1772169300,7016.5,7017.75,7016.25,7017.75
1772169600,7017.75,7018.75,7017,7017.25
1772169900,7017.25,7019,7017.25,7018.5
1772170200,7018.75,7019.75,7018.25,7019
1772170500,7019,7019,7016.5,7017.5
1772170800,7017.75,7018,7016.5,7017.75
1772171100,7018,7019,7017.25,7017.75
1772171400,7017.5,7017.75,7015.25,7016.25
1772171700,7016.5,7016.75,7013.75,7014
1772172000,7014.25,7015.25,7013.75,7014.75
1772172300,7014.5,7016,7013.75,7014.75
1772172600,7014.75,7014.75,7009,7009.75
1772172900,7009.75,7010.5,7007,7007.75
1772173200,7007.5,7008,7005.25,7006.25
1772173500,7006.25,7008.75,7005.25,7008.75
1772173800,7008.5,7012.75,7008.25,7012
1772174100,7012.25,7015.25,7012.25,7013.5
1772174400,7013.5,7014.5,7013.25,7013.75
1772174700,7014,7015,7013.75,7014.75
1772175000,7014.75,7014.75,7013,7013.25
1772175300,7013.25,7013.75,7012.5,7013.25
1772175600,7013.25,7017,7013.25,7015.25
1772175900,7015.25,7016.75,7014.5,7016
1772176200,7016,7016.75,7015,7015.5
1772176500,7015.25,7017.75,7015.25,7017.75
1772176800,7017.5,7019.25,7017,7019
1772177100,7018.75,7020.75,7018.75,7020.5
1772177400,7020.5,7020.5,7018.75,7019.75
1772177700,7019.75,7020.75,7019.25,7019.75
1772178000,7019.5,7019.75,7018,7019.5
1772178300,7019.5,7020.75,7019.5,7020
1772178600,7020.25,7021,7019.25,7019.75
1772178900,7019.75,7020.5,7018.25,7019.75
1772179200,7019.75,7024,7018.5,7020.75
1772179500,7021,7023.25,7018,7019.5
1772179800,7019.75,7020.25,7014.25,7014.5
1772180100,7014.5,7019.75,7012.5,7019
1772180400,7019,7020.25,7017.75,7018
1772180700,7017.75,7020.75,7016.5,7018.75
1772181000,7018.75,7022.25,7016.25,7016.5
1772181300,7016.25,7018,7015.75,7018
1772181600,7018,7018.25,7016.75,7017.25
1772181900,7017.25,7018.25,7016.5,7017.75
1772182200,7018,7019.5,7017.5,7017.75
1772182500,7017.75,7020.5,7017.75,7020.25
1772182800,7020.25,7021.25,7018.5,7020.75
1772183100,7020.75,7024.5,7020.75,7021.25
1772183400,7021.25,7027.5,7021.25,7024.5
1772183700,7024.5,7027.75,7024.25,7027
1772184000,7026.75,7028.25,7021.25,7022.5
1772184300,7022.25,7024.25,7020.75,7023.75
1772184600,7023.5,7024,7020.75,7021
1772184900,7021.25,7022.5,7015.75,7018.25
1772185200,7018.25,7019,7014.25,7014.25
1772185500,7014.25,7015.75,7013,7014.75
1772185800,7014.75,7017,7014.25,7014.75
1772186100,7015,7016.25,7014.25,7014.25
1772186400,7014.25,7015,7005.25,7006
1772186700,7006,7009.25,7005.5,7008
1772187000,7007.75,7008.25,6999.75,7003.75
1772187300,7004,7009.5,7004,7008.75
1772187600,7008.75,7011,7008.25,7010.75
1772187900,7010.75,7011.5,7008.25,7010.25
1772188200,7010.25,7015.25,7009.25,7013.25
1772188500,7013.5,7013.5,7009.5,7009.75
1772188800,7009.75,7014,7009,7013.5
1772189100,7013.75,7013.75,7008,7008.75
1772189400,7008.75,7010,7005.75,7007
1772189700,7006.75,7007.75,7003.75,7007.25
1772190000,7007.5,7009.25,7006,7007
1772190300,7006.75,7007.5,7003.75,7004.25
1772190600,7004,7005.25,7001.75,7004.25
1772190900,7004.25,7004.75,7002.5,7004.25
1772191200,7004.5,7006,7003.25,7005.25
1772191500,7005.5,7007.5,7003,7004.25
1772191800,7004.25,7006.5,7002.25,7004.75
1772192100,7005,7005.25,6997.75,6998.25
1772192400,6998.25,6999.25,6991.25,6994
1772192700,6994,6997.75,6993.75,6995.5
1772193000,6995.75,6998.25,6994.5,6995.5
1772193300,6995.25,6999,6993.25,6997.75
1772193600,6997.75,6999.5,6991.75,6994.5
1772193900,6994.5,6999,6991.75,6995.25
1772194200,6995.5,7003.25,6994.75,7002.75
1772194500,7002.75,7004,7001.75,7002.75
1772194800,7002.75,7006.5,7002.75,7006
1772195100,7006,7006.25,7002.75,7003
1772195400,7003,7005.5,7002.25,7003.25
1772195700,7003.25,7003.5,6995.75,6998
1772196000,6997.75,6998.25,6992,6992.75
1772196300,6992.5,6994.5,6989,6989.25
1772196600,6989.5,6994.25,6989,6991.75
1772196900,6991.75,6992,6986.5,6990.5
1772197200,6990.5,6994.5,6989.25,6994.25
1772197500,6994.25,6995.25,6989.5,6990.25
1772197800,6990.25,6994.5,6986.75,6988.25
1772198100,6988.25,6989,6982.75,6985.75
1772198400,6985.25,6990.75,6983.75,6984
1772198700,6984,6984.25,6978,6980.25
1772199000,6981,6981.25,6963.75,6969.75
1772199300,6970,6972.25,6964.75,6968.75
1772199600,6968.75,6972.5,6964.25,6971
1772199900,6971,6978.5,6971,6977.5
1772200200,6977.25,6979.75,6973.75,6975
1772200500,6975.25,6980,6973,6978.25
1772200800,6978.5,6979.25,6973.25,6974.25
1772201100,6974.25,6975.75,6971.75,6974.5
1772201400,6974.25,6977.5,6972.75,6975.25
1772201700,6975,6975,6969.5,6970.25
1772202000,6970.25,6972.75,6968.75,6969.25
1772202300,6969.25,6972.25,6965,6968.75
1772202600,6968.5,6979.5,6966,6976
1772202900,6976.25,6980.25,6966.5,6978.5
1772203200,6978.25,6979,6954.25,6964
1772203500,6964,6976.5,6959.75,6973.5
1772203800,6973.5,6974.75,6965,6968.5
1772204100,6968.75,6971.75,6963.75,6966.25
1772204400,6966.25,6982,6964.25,6976.75
1772204700,6976.75,6991.75,6976,6985
1772205000,6985,6992.75,6983,6983.75
1772205300,6983.5,6986.75,6973.75,6979
1772205600,6979,6987.75,6977.75,6984.75
1772205900,6984.75,6986,6978.5,6983
1772206200,6983,6984.5,6975,6982
1772206500,6982.25,6992.75,6982,6988.5
1772206800,6988.5,6995.5,6985.25,6994.5
1772207100,6994.75,6998.5,6988,6989
1772207400,6989,6989.5,6980.75,6983.25
1772207700,6983,6991.5,6980.25,6990
1772208000,6990.25,6997.25,6988.5,6994.75
1772208300,6994.75,6995.75,6984.25,6985.75
1772208600,6986,6994.5,6985.75,6993
1772208900,6993,6998.75,6990.25,6994.25
1772209200,6994,6996.75,6989.5,6996.25
1772209500,6996,6998,6991,6992
1772209800,6991.75,7000.75,6991.25,7000
1772210100,7000.25,7001,6992.5,6993.25
1772210400,6993,6993,6984.5,6985.25
1772210700,6985,6988.75,6983.5,6984.25
1772211000,6984,6994.75,6984,6993.75
1772211300,6993.75,6997.25,6985.75,6986.5
1772211600,6986.5,6996,6986.5,6994
1772211900,6994,7001,6993,6999.25
1772212200,6999.5,6999.75,6986,6986.75
1772212500,6986.75,6987.25,6979.5,6980.5
1772212800,6980.5,6981.25,6970.75,6978.25
1772213100,6978.25,6983,6977,6979.5
1772213400,6979.25,6988,6975.25,6986.75
1772213700,6986.5,6989.5,6980.5,6981
1772214000,6981,6982.25,6974.25,6977.25
1772214300,6977.25,6977.75,6972.5,6976.25
1772214600,6976.25,6980.75,6973.75,6978.25
1772214900,6978.25,6982.75,6978.25,6982
1772215200,6981.75,6985,6978.5,6979.75
1772215500,6979.5,6982.75,6977.5,6977.75
1772215800,6977.75,6980.75,6976,6976.75
1772216100,6976.75,6978,6973,6973.75
1772216400,6973.75,6975.5,6969.75,6973
1772216700,6973,6977,6968.5,6976
1772217000,6976,6977.5,6972.75,6974.25
1772217300,6974.25,6976.25,6971,6974.75
1772217600,6974.75,6980.5,6974.75,6976.25
1772217900,6976.5,6978.5,6973.25,6975
1772218200,6975,6978.75,6972.75,6976.25
1772218500,6976.5,6978.75,6973.25,6977.75
1772218800,6977.5,6985.25,6977,6984.5
1772219100,6984.75,6988,6975,6977
1772219400,6977,6980.25,6974,6977
1772219700,6976.75,6979.25,6975.5,6977
1772220000,6977.25,6978.5,6974,6974.75
1772220300,6974.75,6978.25,6972.5,6973.75
1772220600,6974,6974.25,6969.5,6972.25
1772220900,6972.25,6978.5,6972,6976.5
1772221200,6976.25,6977.25,6967.75,6971.5
1772221500,6971.5,6974.25,6969.5,6970.25
1772221800,6970.25,6972.75,6969,6970.25
1772222100,6970.25,6974.25,6970,6971.25
1772222400,6971.25,6977.25,6971.25,6974.5
1772222700,6974.5,6979.25,6973.75,6977.25
1772223000,6977.5,6990.25,6977.25,6990
1772223300,6990.25,6995,6989,6994
1772223600,6994,6999,6989.75,6996.5
1772223900,6996.5,6997.75,6993.5,6994.25
1772224200,6994,6996.5,6991.25,6992
1772224500,6992,6992.25,6983,6984.75
1772224800,6984.5,6993,6984,6988.75
1772225100,6988.5,6994,6987.5,6992.75
1772225400,6992.75,6999.75,6988.75,6994
1772225700,6994,7006.75,6991,7001
1772226000,7001,7001.75,6993.5,6999.25
1772226300,6999.5,7000.5,6994.75,6996.5
1772226600,6996.5,6999.25,6995.75,6998
1772226900,6998,6998,6995,6995.25
1772227200,6995,6995.5,6990.5,6990.75
1772227500,6991,6993.25,6989.5,6991.5
1772227800,6991.75,6994,6991.5,6992
1772228100,6991.75,6993.25,6990.25,6991
1772228400,6990.75,6992.25,6990.75,6991
1772228700,6991,6991,6985.75,6987.75
1772229000,6987.5,6988.75,6986.25,6987.75
1772229300,6987.75,6990.25,6986.25,6988
1772406000,6932.75,6943,6924,6932.5
1772406300,6932.75,6946.25,6932.25,6943
1772406600,6943,6951.25,6940,6941.75
1772406900,6942,6943.75,6935,6938.75
1772407200,6939,6943.75,6936.75,6938.75
1772407500,6938.5,6941,6932.75,6936.25
1772407800,6936,6938,6931.5,6932
1772408100,6932.25,6935,6927.75,6934.75
1772408400,6935,6938.25,6932.75,6937
1772408700,6937,6939.75,6933,6935
1772409000,6934.75,6935.75,6928.75,6928.75
1772409300,6929,6930.75,6927.25,6929.5